INFO 07-27 15:42:15 [__init__.py:52] Available plugins for group vllm.platform_plugins:
INFO 07-27 15:42:15 [__init__.py:54] - ascend -> vllm_ascend:register
INFO 07-27 15:42:15 [__init__.py:57] All plugins in this group will be loaded. Set `VLLM_PLUGINS` to control which plugins to load.
INFO 07-27 15:42:15 [__init__.py:237] Platform plugin ascend is activated
INFO 07-27 15:42:15 [platform.py:61] Breakable cudagraph is force disabled on Ascend because DeepSeek V4 PIECEWISE cudagraph is not supported yet.
killed pid=232922 pattern=python
killed pid=232968 pattern=python
removed fusion_result.json
removed fx-graph
removed /root/ascend/log
removed /root/atb/log
model=/mnt/weights/DeepSeek-V3.1-Terminus-w8a8-QuaRot-lfs dp=8 tp=2 node_size=1 node_rank=0
os.environ['VLLM_USE_BREAKABLE_CUDAGRAPH']='0'
os.environ['VLLM_USE_BREAKABLE_CUDAGRAPH']='0'
os.environ['VLLM_USE_BREAKABLE_CUDAGRAPH']='0'
os.environ['VLLM_USE_BREAKABLE_CUDAGRAPH']='0'
2026-07-27 15:42:19,898 - 233023 - ServiceProfiler - INFO - VLLM_USE_V1 not set, auto-detected via vLLM 0.1.dev18654+g54503ecec.empty: default 0
os.environ['VLLM_USE_BREAKABLE_CUDAGRAPH']='0'
2026-07-27 15:42:19,912 - 233025 - ServiceProfiler - INFO - VLLM_USE_V1 not set, auto-detected via vLLM 0.1.dev18654+g54503ecec.empty: default 0
os.environ['VLLM_USE_BREAKABLE_CUDAGRAPH']='0'
2026-07-27 15:42:19,924 - 233027 - ServiceProfiler - INFO - VLLM_USE_V1 not set, auto-detected via vLLM 0.1.dev18654+g54503ecec.empty: default 0
os.environ['VLLM_USE_BREAKABLE_CUDAGRAPH']='0'
2026-07-27 15:42:19,939 - 233029 - ServiceProfiler - INFO - VLLM_USE_V1 not set, auto-detected via vLLM 0.1.dev18654+g54503ecec.empty: default 0
os.environ['VLLM_USE_BREAKABLE_CUDAGRAPH']='0'
2026-07-27 15:42:19,955 - 233031 - ServiceProfiler - INFO - VLLM_USE_V1 not set, auto-detected via vLLM 0.1.dev18654+g54503ecec.empty: default 0
2026-07-27 15:42:19,968 - 233033 - ServiceProfiler - INFO - VLLM_USE_V1 not set, auto-detected via vLLM 0.1.dev18654+g54503ecec.empty: default 0
2026-07-27 15:42:19,986 - 233035 - ServiceProfiler - INFO - VLLM_USE_V1 not set, auto-detected via vLLM 0.1.dev18654+g54503ecec.empty: default 0
2026-07-27 15:42:20,003 - 233037 - ServiceProfiler - INFO - VLLM_USE_V1 not set, auto-detected via vLLM 0.1.dev18654+g54503ecec.empty: default 0
INFO 07-27 15:42:20 [__init__.py:112] Registered model loader `<class 'vllm_ascend.model_loader.netloader.netloader.ModelNetLoaderElastic'>` with load format `netloader`
INFO 07-27 15:42:20 [__init__.py:112] Registered model loader `<class 'vllm_ascend.model_loader.netloader.netloader.ModelNetLoaderElastic'>` with load format `netloader`
INFO 07-27 15:42:20 [__init__.py:112] Registered model loader `<class 'vllm_ascend.model_loader.netloader.netloader.ModelNetLoaderElastic'>` with load format `netloader`
INFO 07-27 15:42:20 [__init__.py:112] Registered model loader `<class 'vllm_ascend.model_loader.rfork.rfork_loader.RForkModelLoader'>` with load format `rfork`
INFO 07-27 15:42:20 [__init__.py:112] Registered model loader `<class 'vllm_ascend.model_loader.rfork.rfork_loader.RForkModelLoader'>` with load format `rfork`
INFO 07-27 15:42:20 [__init__.py:112] Registered model loader `<class 'vllm_ascend.model_loader.rfork.rfork_loader.RForkModelLoader'>` with load format `rfork`
INFO 07-27 15:42:20 [api_utils.py:273] non-default args: {'trust_remote_code': True, 'seed': 1024, 'max_model_len': 4096, 'tensor_parallel_size': 2, 'enable_expert_parallel': True, 'enable_prefix_caching': False, 'gpu_memory_utilization': 0.9, 'max_num_batched_tokens': 256, 'max_num_seqs': 16, 'quantization': 'ascend', 'speculative_config': {'method': 'mtp', 'num_speculative_tokens': 2}, 'compilation_config': {'mode': None, 'debug_dump_path': PosixPath('fx-graph'), 'cache_dir': '', 'compile_cache_save_format': 'binary', 'backend': 'vllm_ascend.compilation.compiler_interface.AscendCompiler', 'custom_ops': [], 'ir_enable_torch_wrap': None, 'splitting_ops': None, 'compile_mm_encoder': False, 'cudagraph_mm_encoder': False, 'encoder_cudagraph_token_budgets': [], 'encoder_cudagraph_max_vision_items_per_batch': 0, 'encoder_cudagraph_max_frames_per_batch': None, 'compile_sizes': None, 'compile_ranges_endpoints': None, 'inductor_compile_config': {'enable_auto_functionalized_v2': False, 'size_asserts': False, 'alignment_asserts': False, 'scalar_asserts': False, 'combo_kernels': True, 'benchmark_combo_kernel': True}, 'inductor_passes': {}, 'cudagraph_mode': <CUDAGraphMode.FULL_DECODE_ONLY: (2, 0)>, 'cudagraph_num_of_warmups': 0, 'cudagraph_capture_sizes': [3, 48], 'cudagraph_copy_inputs': False, 'cudagraph_specialize_lora': True, 'use_inductor_graph_partition': None, 'pass_config': {}, 'max_cudagraph_capture_size': None, 'dynamic_shapes_config': {'type': <DynamicShapesType.BACKED: 'backed'>, 'evaluate_guards': False, 'assume_32_bit_indexing': False}, 'local_cache_dir': None, 'fast_moe_cold_start': None, 'static_all_moe_layers': []}, 'additional_config': {'finegrained_tp_config': {'lmhead_tensor_parallel_size': 2}, 'multistream_overlap_shared_expert': True}, 'model': '/mnt/weights/DeepSeek-V3.1-Terminus-w8a8-QuaRot-lfs'}
INFO 07-27 15:42:20 [api_utils.py:273] non-default args: {'trust_remote_code': True, 'seed': 1024, 'max_model_len': 4096, 'tensor_parallel_size': 2, 'enable_expert_parallel': True, 'enable_prefix_caching': False, 'gpu_memory_utilization': 0.9, 'max_num_batched_tokens': 256, 'max_num_seqs': 16, 'quantization': 'ascend', 'speculative_config': {'method': 'mtp', 'num_speculative_tokens': 2}, 'compilation_config': {'mode': None, 'debug_dump_path': PosixPath('fx-graph'), 'cache_dir': '', 'compile_cache_save_format': 'binary', 'backend': 'vllm_ascend.compilation.compiler_interface.AscendCompiler', 'custom_ops': [], 'ir_enable_torch_wrap': None, 'splitting_ops': None, 'compile_mm_encoder': False, 'cudagraph_mm_encoder': False, 'encoder_cudagraph_token_budgets': [], 'encoder_cudagraph_max_vision_items_per_batch': 0, 'encoder_cudagraph_max_frames_per_batch': None, 'compile_sizes': None, 'compile_ranges_endpoints': None, 'inductor_compile_config': {'enable_auto_functionalized_v2': False, 'size_asserts': False, 'alignment_asserts': False, 'scalar_asserts': False, 'combo_kernels': True, 'benchmark_combo_kernel': True}, 'inductor_passes': {}, 'cudagraph_mode': <CUDAGraphMode.FULL_DECODE_ONLY: (2, 0)>, 'cudagraph_num_of_warmups': 0, 'cudagraph_capture_sizes': [3, 48], 'cudagraph_copy_inputs': False, 'cudagraph_specialize_lora': True, 'use_inductor_graph_partition': None, 'pass_config': {}, 'max_cudagraph_capture_size': None, 'dynamic_shapes_config': {'type': <DynamicShapesType.BACKED: 'backed'>, 'evaluate_guards': False, 'assume_32_bit_indexing': False}, 'local_cache_dir': None, 'fast_moe_cold_start': None, 'static_all_moe_layers': []}, 'additional_config': {'finegrained_tp_config': {'lmhead_tensor_parallel_size': 2}, 'multistream_overlap_shared_expert': True}, 'model': '/mnt/weights/DeepSeek-V3.1-Terminus-w8a8-QuaRot-lfs'}
INFO 07-27 15:42:20 [__init__.py:112] Registered model loader `<class 'vllm_ascend.model_loader.netloader.netloader.ModelNetLoaderElastic'>` with load format `netloader`
INFO 07-27 15:42:20 [api_utils.py:273] non-default args: {'trust_remote_code': True, 'seed': 1024, 'max_model_len': 4096, 'tensor_parallel_size': 2, 'enable_expert_parallel': True, 'enable_prefix_caching': False, 'gpu_memory_utilization': 0.9, 'max_num_batched_tokens': 256, 'max_num_seqs': 16, 'quantization': 'ascend', 'speculative_config': {'method': 'mtp', 'num_speculative_tokens': 2}, 'compilation_config': {'mode': None, 'debug_dump_path': PosixPath('fx-graph'), 'cache_dir': '', 'compile_cache_save_format': 'binary', 'backend': 'vllm_ascend.compilation.compiler_interface.AscendCompiler', 'custom_ops': [], 'ir_enable_torch_wrap': None, 'splitting_ops': None, 'compile_mm_encoder': False, 'cudagraph_mm_encoder': False, 'encoder_cudagraph_token_budgets': [], 'encoder_cudagraph_max_vision_items_per_batch': 0, 'encoder_cudagraph_max_frames_per_batch': None, 'compile_sizes': None, 'compile_ranges_endpoints': None, 'inductor_compile_config': {'enable_auto_functionalized_v2': False, 'size_asserts': False, 'alignment_asserts': False, 'scalar_asserts': False, 'combo_kernels': True, 'benchmark_combo_kernel': True}, 'inductor_passes': {}, 'cudagraph_mode': <CUDAGraphMode.FULL_DECODE_ONLY: (2, 0)>, 'cudagraph_num_of_warmups': 0, 'cudagraph_capture_sizes': [3, 48], 'cudagraph_copy_inputs': False, 'cudagraph_specialize_lora': True, 'use_inductor_graph_partition': None, 'pass_config': {}, 'max_cudagraph_capture_size': None, 'dynamic_shapes_config': {'type': <DynamicShapesType.BACKED: 'backed'>, 'evaluate_guards': False, 'assume_32_bit_indexing': False}, 'local_cache_dir': None, 'fast_moe_cold_start': None, 'static_all_moe_layers': []}, 'additional_config': {'finegrained_tp_config': {'lmhead_tensor_parallel_size': 2}, 'multistream_overlap_shared_expert': True}, 'model': '/mnt/weights/DeepSeek-V3.1-Terminus-w8a8-QuaRot-lfs'}
INFO 07-27 15:42:20 [__init__.py:112] Registered model loader `<class 'vllm_ascend.model_loader.rfork.rfork_loader.RForkModelLoader'>` with load format `rfork`
INFO 07-27 15:42:20 [__init__.py:112] Registered model loader `<class 'vllm_ascend.model_loader.netloader.netloader.ModelNetLoaderElastic'>` with load format `netloader`
INFO 07-27 15:42:20 [__init__.py:112] Registered model loader `<class 'vllm_ascend.model_loader.netloader.netloader.ModelNetLoaderElastic'>` with load format `netloader`
INFO 07-27 15:42:20 [api_utils.py:273] non-default args: {'trust_remote_code': True, 'seed': 1024, 'max_model_len': 4096, 'tensor_parallel_size': 2, 'enable_expert_parallel': True, 'enable_prefix_caching': False, 'gpu_memory_utilization': 0.9, 'max_num_batched_tokens': 256, 'max_num_seqs': 16, 'quantization': 'ascend', 'speculative_config': {'method': 'mtp', 'num_speculative_tokens': 2}, 'compilation_config': {'mode': None, 'debug_dump_path': PosixPath('fx-graph'), 'cache_dir': '', 'compile_cache_save_format': 'binary', 'backend': 'vllm_ascend.compilation.compiler_interface.AscendCompiler', 'custom_ops': [], 'ir_enable_torch_wrap': None, 'splitting_ops': None, 'compile_mm_encoder': False, 'cudagraph_mm_encoder': False, 'encoder_cudagraph_token_budgets': [], 'encoder_cudagraph_max_vision_items_per_batch': 0, 'encoder_cudagraph_max_frames_per_batch': None, 'compile_sizes': None, 'compile_ranges_endpoints': None, 'inductor_compile_config': {'enable_auto_functionalized_v2': False, 'size_asserts': False, 'alignment_asserts': False, 'scalar_asserts': False, 'combo_kernels': True, 'benchmark_combo_kernel': True}, 'inductor_passes': {}, 'cudagraph_mode': <CUDAGraphMode.FULL_DECODE_ONLY: (2, 0)>, 'cudagraph_num_of_warmups': 0, 'cudagraph_capture_sizes': [3, 48], 'cudagraph_copy_inputs': False, 'cudagraph_specialize_lora': True, 'use_inductor_graph_partition': None, 'pass_config': {}, 'max_cudagraph_capture_size': None, 'dynamic_shapes_config': {'type': <DynamicShapesType.BACKED: 'backed'>, 'evaluate_guards': False, 'assume_32_bit_indexing': False}, 'local_cache_dir': None, 'fast_moe_cold_start': None, 'static_all_moe_layers': []}, 'additional_config': {'finegrained_tp_config': {'lmhead_tensor_parallel_size': 2}, 'multistream_overlap_shared_expert': True}, 'model': '/mnt/weights/DeepSeek-V3.1-Terminus-w8a8-QuaRot-lfs'}
INFO 07-27 15:42:20 [__init__.py:112] Registered model loader `<class 'vllm_ascend.model_loader.rfork.rfork_loader.RForkModelLoader'>` with load format `rfork`
INFO 07-27 15:42:20 [__init__.py:112] Registered model loader `<class 'vllm_ascend.model_loader.rfork.rfork_loader.RForkModelLoader'>` with load format `rfork`
INFO 07-27 15:42:20 [api_utils.py:273] non-default args: {'trust_remote_code': True, 'seed': 1024, 'max_model_len': 4096, 'tensor_parallel_size': 2, 'enable_expert_parallel': True, 'enable_prefix_caching': False, 'gpu_memory_utilization': 0.9, 'max_num_batched_tokens': 256, 'max_num_seqs': 16, 'quantization': 'ascend', 'speculative_config': {'method': 'mtp', 'num_speculative_tokens': 2}, 'compilation_config': {'mode': None, 'debug_dump_path': PosixPath('fx-graph'), 'cache_dir': '', 'compile_cache_save_format': 'binary', 'backend': 'vllm_ascend.compilation.compiler_interface.AscendCompiler', 'custom_ops': [], 'ir_enable_torch_wrap': None, 'splitting_ops': None, 'compile_mm_encoder': False, 'cudagraph_mm_encoder': False, 'encoder_cudagraph_token_budgets': [], 'encoder_cudagraph_max_vision_items_per_batch': 0, 'encoder_cudagraph_max_frames_per_batch': None, 'compile_sizes': None, 'compile_ranges_endpoints': None, 'inductor_compile_config': {'enable_auto_functionalized_v2': False, 'size_asserts': False, 'alignment_asserts': False, 'scalar_asserts': False, 'combo_kernels': True, 'benchmark_combo_kernel': True}, 'inductor_passes': {}, 'cudagraph_mode': <CUDAGraphMode.FULL_DECODE_ONLY: (2, 0)>, 'cudagraph_num_of_warmups': 0, 'cudagraph_capture_sizes': [3, 48], 'cudagraph_copy_inputs': False, 'cudagraph_specialize_lora': True, 'use_inductor_graph_partition': None, 'pass_config': {}, 'max_cudagraph_capture_size': None, 'dynamic_shapes_config': {'type': <DynamicShapesType.BACKED: 'backed'>, 'evaluate_guards': False, 'assume_32_bit_indexing': False}, 'local_cache_dir': None, 'fast_moe_cold_start': None, 'static_all_moe_layers': []}, 'additional_config': {'finegrained_tp_config': {'lmhead_tensor_parallel_size': 2}, 'multistream_overlap_shared_expert': True}, 'model': '/mnt/weights/DeepSeek-V3.1-Terminus-w8a8-QuaRot-lfs'}
INFO 07-27 15:42:20 [__init__.py:112] Registered model loader `<class 'vllm_ascend.model_loader.netloader.netloader.ModelNetLoaderElastic'>` with load format `netloader`
INFO 07-27 15:42:20 [api_utils.py:273] non-default args: {'trust_remote_code': True, 'seed': 1024, 'max_model_len': 4096, 'tensor_parallel_size': 2, 'enable_expert_parallel': True, 'enable_prefix_caching': False, 'gpu_memory_utilization': 0.9, 'max_num_batched_tokens': 256, 'max_num_seqs': 16, 'quantization': 'ascend', 'speculative_config': {'method': 'mtp', 'num_speculative_tokens': 2}, 'compilation_config': {'mode': None, 'debug_dump_path': PosixPath('fx-graph'), 'cache_dir': '', 'compile_cache_save_format': 'binary', 'backend': 'vllm_ascend.compilation.compiler_interface.AscendCompiler', 'custom_ops': [], 'ir_enable_torch_wrap': None, 'splitting_ops': None, 'compile_mm_encoder': False, 'cudagraph_mm_encoder': False, 'encoder_cudagraph_token_budgets': [], 'encoder_cudagraph_max_vision_items_per_batch': 0, 'encoder_cudagraph_max_frames_per_batch': None, 'compile_sizes': None, 'compile_ranges_endpoints': None, 'inductor_compile_config': {'enable_auto_functionalized_v2': False, 'size_asserts': False, 'alignment_asserts': False, 'scalar_asserts': False, 'combo_kernels': True, 'benchmark_combo_kernel': True}, 'inductor_passes': {}, 'cudagraph_mode': <CUDAGraphMode.FULL_DECODE_ONLY: (2, 0)>, 'cudagraph_num_of_warmups': 0, 'cudagraph_capture_sizes': [3, 48], 'cudagraph_copy_inputs': False, 'cudagraph_specialize_lora': True, 'use_inductor_graph_partition': None, 'pass_config': {}, 'max_cudagraph_capture_size': None, 'dynamic_shapes_config': {'type': <DynamicShapesType.BACKED: 'backed'>, 'evaluate_guards': False, 'assume_32_bit_indexing': False}, 'local_cache_dir': None, 'fast_moe_cold_start': None, 'static_all_moe_layers': []}, 'additional_config': {'finegrained_tp_config': {'lmhead_tensor_parallel_size': 2}, 'multistream_overlap_shared_expert': True}, 'model': '/mnt/weights/DeepSeek-V3.1-Terminus-w8a8-QuaRot-lfs'}
WARNING 07-27 15:42:20 [envs.py:2082] Unknown vLLM environment variable detected: VLLM_ASCEND_ENABLE_MLAPO
WARNING 07-27 15:42:20 [envs.py:2082] Unknown vLLM environment variable detected: VLLM_ASCEND_ENABLE_MLAPO
WARNING 07-27 15:42:20 [envs.py:2082] Unknown vLLM environment variable detected: VLLM_ASCEND_ENABLE_MLAPO
INFO 07-27 15:42:20 [__init__.py:112] Registered model loader `<class 'vllm_ascend.model_loader.rfork.rfork_loader.RForkModelLoader'>` with load format `rfork`
INFO 07-27 15:42:20 [model.py:619] Resolved architecture: DeepseekV3ForCausalLM
INFO 07-27 15:42:20 [model.py:619] Resolved architecture: DeepseekV3ForCausalLM
INFO 07-27 15:42:20 [model.py:1776] Using max model len 4096
INFO 07-27 15:42:20 [model.py:1776] Using max model len 4096
INFO 07-27 15:42:20 [model.py:619] Resolved architecture: DeepseekV3ForCausalLM
INFO 07-27 15:42:20 [model.py:1776] Using max model len 4096
INFO 07-27 15:42:20 [api_utils.py:273] non-default args: {'trust_remote_code': True, 'seed': 1024, 'max_model_len': 4096, 'tensor_parallel_size': 2, 'enable_expert_parallel': True, 'enable_prefix_caching': False, 'gpu_memory_utilization': 0.9, 'max_num_batched_tokens': 256, 'max_num_seqs': 16, 'quantization': 'ascend', 'speculative_config': {'method': 'mtp', 'num_speculative_tokens': 2}, 'compilation_config': {'mode': None, 'debug_dump_path': PosixPath('fx-graph'), 'cache_dir': '', 'compile_cache_save_format': 'binary', 'backend': 'vllm_ascend.compilation.compiler_interface.AscendCompiler', 'custom_ops': [], 'ir_enable_torch_wrap': None, 'splitting_ops': None, 'compile_mm_encoder': False, 'cudagraph_mm_encoder': False, 'encoder_cudagraph_token_budgets': [], 'encoder_cudagraph_max_vision_items_per_batch': 0, 'encoder_cudagraph_max_frames_per_batch': None, 'compile_sizes': None, 'compile_ranges_endpoints': None, 'inductor_compile_config': {'enable_auto_functionalized_v2': False, 'size_asserts': False, 'alignment_asserts': False, 'scalar_asserts': False, 'combo_kernels': True, 'benchmark_combo_kernel': True}, 'inductor_passes': {}, 'cudagraph_mode': <CUDAGraphMode.FULL_DECODE_ONLY: (2, 0)>, 'cudagraph_num_of_warmups': 0, 'cudagraph_capture_sizes': [3, 48], 'cudagraph_copy_inputs': False, 'cudagraph_specialize_lora': True, 'use_inductor_graph_partition': None, 'pass_config': {}, 'max_cudagraph_capture_size': None, 'dynamic_shapes_config': {'type': <DynamicShapesType.BACKED: 'backed'>, 'evaluate_guards': False, 'assume_32_bit_indexing': False}, 'local_cache_dir': None, 'fast_moe_cold_start': None, 'static_all_moe_layers': []}, 'additional_config': {'finegrained_tp_config': {'lmhead_tensor_parallel_size': 2}, 'multistream_overlap_shared_expert': True}, 'model': '/mnt/weights/DeepSeek-V3.1-Terminus-w8a8-QuaRot-lfs'}
INFO 07-27 15:42:20 [__init__.py:112] Registered model loader `<class 'vllm_ascend.model_loader.netloader.netloader.ModelNetLoaderElastic'>` with load format `netloader`
INFO 07-27 15:42:20 [model.py:619] Resolved architecture: DeepSeekMTPModel
INFO 07-27 15:42:20 [model.py:619] Resolved architecture: DeepSeekMTPModel
INFO 07-27 15:42:20 [model.py:1776] Using max model len 163840
INFO 07-27 15:42:20 [model.py:1776] Using max model len 163840
WARNING 07-27 15:42:20 [speculative.py:868] Enabling num_speculative_tokens > 1 will run multiple times of forward on same MTP layer,which may result in lower acceptance rate
WARNING 07-27 15:42:20 [speculative.py:868] Enabling num_speculative_tokens > 1 will run multiple times of forward on same MTP layer,which may result in lower acceptance rate
INFO 07-27 15:42:20 [speculative.py:1067] Overriding draft model max model len from 163840 to 4096
INFO 07-27 15:42:20 [speculative.py:1067] Overriding draft model max model len from 163840 to 4096
INFO 07-27 15:42:20 [scheduler.py:252] Chunked prefill is enabled with max_num_batched_tokens=256.
INFO 07-27 15:42:20 [scheduler.py:252] Chunked prefill is enabled with max_num_batched_tokens=256.
WARNING 07-27 15:42:20 [envs.py:2082] Unknown vLLM environment variable detected: VLLM_ASCEND_ENABLE_MLAPO
INFO 07-27 15:42:20 [model.py:619] Resolved architecture: DeepSeekMTPModel
INFO 07-27 15:42:20 [model.py:1776] Using max model len 163840
WARNING 07-27 15:42:20 [speculative.py:868] Enabling num_speculative_tokens > 1 will run multiple times of forward on same MTP layer,which may result in lower acceptance rate
INFO 07-27 15:42:20 [speculative.py:1067] Overriding draft model max model len from 163840 to 4096
INFO 07-27 15:42:20 [scheduler.py:252] Chunked prefill is enabled with max_num_batched_tokens=256.
INFO 07-27 15:42:20 [__init__.py:112] Registered model loader `<class 'vllm_ascend.model_loader.rfork.rfork_loader.RForkModelLoader'>` with load format `rfork`
WARNING 07-27 15:42:20 [envs.py:2082] Unknown vLLM environment variable detected: VLLM_ASCEND_ENABLE_MLAPO
INFO 07-27 15:42:20 [model.py:619] Resolved architecture: DeepseekV3ForCausalLM
INFO 07-27 15:42:20 [model.py:1776] Using max model len 4096
WARNING 07-27 15:42:20 [envs.py:2082] Unknown vLLM environment variable detected: VLLM_ASCEND_ENABLE_MLAPO
INFO 07-27 15:42:20 [api_utils.py:273] non-default args: {'trust_remote_code': True, 'seed': 1024, 'max_model_len': 4096, 'tensor_parallel_size': 2, 'enable_expert_parallel': True, 'enable_prefix_caching': False, 'gpu_memory_utilization': 0.9, 'max_num_batched_tokens': 256, 'max_num_seqs': 16, 'quantization': 'ascend', 'speculative_config': {'method': 'mtp', 'num_speculative_tokens': 2}, 'compilation_config': {'mode': None, 'debug_dump_path': PosixPath('fx-graph'), 'cache_dir': '', 'compile_cache_save_format': 'binary', 'backend': 'vllm_ascend.compilation.compiler_interface.AscendCompiler', 'custom_ops': [], 'ir_enable_torch_wrap': None, 'splitting_ops': None, 'compile_mm_encoder': False, 'cudagraph_mm_encoder': False, 'encoder_cudagraph_token_budgets': [], 'encoder_cudagraph_max_vision_items_per_batch': 0, 'encoder_cudagraph_max_frames_per_batch': None, 'compile_sizes': None, 'compile_ranges_endpoints': None, 'inductor_compile_config': {'enable_auto_functionalized_v2': False, 'size_asserts': False, 'alignment_asserts': False, 'scalar_asserts': False, 'combo_kernels': True, 'benchmark_combo_kernel': True}, 'inductor_passes': {}, 'cudagraph_mode': <CUDAGraphMode.FULL_DECODE_ONLY: (2, 0)>, 'cudagraph_num_of_warmups': 0, 'cudagraph_capture_sizes': [3, 48], 'cudagraph_copy_inputs': False, 'cudagraph_specialize_lora': True, 'use_inductor_graph_partition': None, 'pass_config': {}, 'max_cudagraph_capture_size': None, 'dynamic_shapes_config': {'type': <DynamicShapesType.BACKED: 'backed'>, 'evaluate_guards': False, 'assume_32_bit_indexing': False}, 'local_cache_dir': None, 'fast_moe_cold_start': None, 'static_all_moe_layers': []}, 'additional_config': {'finegrained_tp_config': {'lmhead_tensor_parallel_size': 2}, 'multistream_overlap_shared_expert': True}, 'model': '/mnt/weights/DeepSeek-V3.1-Terminus-w8a8-QuaRot-lfs'}
INFO 07-27 15:42:20 [model.py:619] Resolved architecture: DeepSeekMTPModel
INFO 07-27 15:42:20 [model.py:1776] Using max model len 163840
WARNING 07-27 15:42:20 [speculative.py:868] Enabling num_speculative_tokens > 1 will run multiple times of forward on same MTP layer,which may result in lower acceptance rate
INFO 07-27 15:42:20 [speculative.py:1067] Overriding draft model max model len from 163840 to 4096
INFO 07-27 15:42:20 [scheduler.py:252] Chunked prefill is enabled with max_num_batched_tokens=256.
INFO 07-27 15:42:20 [model.py:619] Resolved architecture: DeepseekV3ForCausalLM
INFO 07-27 15:42:20 [model.py:1776] Using max model len 4096
INFO 07-27 15:42:20 [model.py:619] Resolved architecture: DeepseekV3ForCausalLM
INFO 07-27 15:42:20 [model.py:1776] Using max model len 4096
INFO 07-27 15:42:20 [model.py:619] Resolved architecture: DeepSeekMTPModel
INFO 07-27 15:42:20 [model.py:1776] Using max model len 163840
WARNING 07-27 15:42:20 [speculative.py:868] Enabling num_speculative_tokens > 1 will run multiple times of forward on same MTP layer,which may result in lower acceptance rate
INFO 07-27 15:42:20 [speculative.py:1067] Overriding draft model max model len from 163840 to 4096
INFO 07-27 15:42:20 [scheduler.py:252] Chunked prefill is enabled with max_num_batched_tokens=256.
INFO 07-27 15:42:20 [model.py:619] Resolved architecture: DeepSeekMTPModel
INFO 07-27 15:42:20 [model.py:1776] Using max model len 163840
WARNING 07-27 15:42:20 [speculative.py:868] Enabling num_speculative_tokens > 1 will run multiple times of forward on same MTP layer,which may result in lower acceptance rate
INFO 07-27 15:42:20 [speculative.py:1067] Overriding draft model max model len from 163840 to 4096
WARNING 07-27 15:42:20 [envs.py:2082] Unknown vLLM environment variable detected: VLLM_ASCEND_ENABLE_MLAPO
INFO 07-27 15:42:20 [scheduler.py:252] Chunked prefill is enabled with max_num_batched_tokens=256.
INFO 07-27 15:42:20 [model.py:619] Resolved architecture: DeepseekV3ForCausalLM
INFO 07-27 15:42:20 [model.py:1776] Using max model len 4096
INFO 07-27 15:42:20 [model.py:619] Resolved architecture: DeepSeekMTPModel
INFO 07-27 15:42:20 [model.py:1776] Using max model len 163840
WARNING 07-27 15:42:20 [speculative.py:868] Enabling num_speculative_tokens > 1 will run multiple times of forward on same MTP layer,which may result in lower acceptance rate
INFO 07-27 15:42:20 [speculative.py:1067] Overriding draft model max model len from 163840 to 4096
INFO 07-27 15:42:20 [scheduler.py:252] Chunked prefill is enabled with max_num_batched_tokens=256.
WARNING 07-27 15:42:20 [envs.py:2082] Unknown vLLM environment variable detected: VLLM_ASCEND_ENABLE_MLAPO
INFO 07-27 15:42:20 [model.py:619] Resolved architecture: DeepseekV3ForCausalLM
INFO 07-27 15:42:20 [model.py:1776] Using max model len 4096
INFO 07-27 15:42:20 [model.py:619] Resolved architecture: DeepSeekMTPModel
INFO 07-27 15:42:20 [model.py:1776] Using max model len 163840
WARNING 07-27 15:42:20 [speculative.py:868] Enabling num_speculative_tokens > 1 will run multiple times of forward on same MTP layer,which may result in lower acceptance rate
INFO 07-27 15:42:20 [speculative.py:1067] Overriding draft model max model len from 163840 to 4096
INFO 07-27 15:42:20 [scheduler.py:252] Chunked prefill is enabled with max_num_batched_tokens=256.
INFO 07-27 15:42:21 [vllm.py:1090] Asynchronous scheduling is enabled.
INFO 07-27 15:42:21 [vllm.py:1090] Asynchronous scheduling is enabled.
INFO 07-27 15:42:21 [vllm.py:1090] Asynchronous scheduling is enabled.
INFO 07-27 15:42:21 [vllm.py:1100] Disabling NCCL for DP synchronization when using async scheduling.
INFO 07-27 15:42:21 [vllm.py:1100] Disabling NCCL for DP synchronization when using async scheduling.
INFO 07-27 15:42:21 [vllm.py:1100] Disabling NCCL for DP synchronization when using async scheduling.
INFO 07-27 15:42:21 [kernel.py:292] Final IR op priority after setting platform defaults: IrOpPriorityConfig(rms_norm=['native'], fused_add_rms_norm=['native'])
INFO 07-27 15:42:21 [kernel.py:292] Final IR op priority after setting platform defaults: IrOpPriorityConfig(rms_norm=['native'], fused_add_rms_norm=['native'])
INFO 07-27 15:42:21 [kernel.py:292] Final IR op priority after setting platform defaults: IrOpPriorityConfig(rms_norm=['native'], fused_add_rms_norm=['native'])
WARNING 07-27 15:42:21 [vllm.py:1697] max_num_scheduled_tokens is set to 256 based on the speculative decoding settings. This may lead to suboptimal performance. Consider increasing max_num_batched_tokens to accommodate the additional draft token slots, or decrease num_speculative_tokens or max_num_seqs.
WARNING 07-27 15:42:21 [vllm.py:1697] max_num_scheduled_tokens is set to 256 based on the speculative decoding settings. This may lead to suboptimal performance. Consider increasing max_num_batched_tokens to accommodate the additional draft token slots, or decrease num_speculative_tokens or max_num_seqs.
WARNING 07-27 15:42:21 [vllm.py:1697] max_num_scheduled_tokens is set to 256 based on the speculative decoding settings. This may lead to suboptimal performance. Consider increasing max_num_batched_tokens to accommodate the additional draft token slots, or decrease num_speculative_tokens or max_num_seqs.
WARNING 07-27 15:42:21 [platform.py:1043] GPU-specific parameter is not supported on Ascend. parameter=disable_cascade_attn, value=True, action: resetting to False.
WARNING 07-27 15:42:21 [platform.py:1043] GPU-specific parameter is not supported on Ascend. parameter=disable_cascade_attn, value=True, action: resetting to False.
WARNING 07-27 15:42:21 [platform.py:1043] GPU-specific parameter is not supported on Ascend. parameter=disable_cascade_attn, value=True, action: resetting to False.
WARNING 07-27 15:42:21 [platform.py:1101] Speculative quantization is set but Ascend automatically uses the main model's quantization method. parameter=quantization, action: resetting to None. 
WARNING 07-27 15:42:21 [platform.py:1101] Speculative quantization is set but Ascend automatically uses the main model's quantization method. parameter=quantization, action: resetting to None. 
WARNING 07-27 15:42:21 [platform.py:1101] Speculative quantization is set but Ascend automatically uses the main model's quantization method. parameter=quantization, action: resetting to None. 
INFO 07-27 15:42:21 [ascend_config.py:490] finegrained_tp_config enabled: lmhead_tensor_parallel_size=2
INFO 07-27 15:42:21 [ascend_config.py:490] finegrained_tp_config enabled: lmhead_tensor_parallel_size=2
INFO 07-27 15:42:21 [ascend_config.py:490] finegrained_tp_config enabled: lmhead_tensor_parallel_size=2
INFO 07-27 15:42:21 [ascend_config.py:824] Dynamic EPLB is False
INFO 07-27 15:42:21 [ascend_config.py:824] Dynamic EPLB is False
INFO 07-27 15:42:21 [ascend_config.py:825] The number of redundant experts is 0
INFO 07-27 15:42:21 [ascend_config.py:824] Dynamic EPLB is False
INFO 07-27 15:42:21 [ascend_config.py:825] The number of redundant experts is 0
INFO 07-27 15:42:21 [ascend_config.py:825] The number of redundant experts is 0
INFO 07-27 15:42:21 [ascend_config.py:289] AscendConfig.enable_mlapo falls back to environment variable VLLM_ASCEND_ENABLE_MLAPO with value True. Please use additional_config.enable_mlapo instead, because VLLM_ASCEND_ENABLE_MLAPO will be removed in the next release.
INFO 07-27 15:42:21 [ascend_config.py:289] AscendConfig.enable_mlapo falls back to environment variable VLLM_ASCEND_ENABLE_MLAPO with value True. Please use additional_config.enable_mlapo instead, because VLLM_ASCEND_ENABLE_MLAPO will be removed in the next release.
INFO 07-27 15:42:21 [ascend_config.py:289] AscendConfig.enable_mlapo falls back to environment variable VLLM_ASCEND_ENABLE_MLAPO with value True. Please use additional_config.enable_mlapo instead, because VLLM_ASCEND_ENABLE_MLAPO will be removed in the next release.
INFO 07-27 15:42:21 [vllm.py:1090] Asynchronous scheduling is enabled.
INFO 07-27 15:42:21 [vllm.py:1100] Disabling NCCL for DP synchronization when using async scheduling.
INFO 07-27 15:42:21 [kernel.py:292] Final IR op priority after setting platform defaults: IrOpPriorityConfig(rms_norm=['native'], fused_add_rms_norm=['native'])
WARNING 07-27 15:42:21 [vllm.py:1697] max_num_scheduled_tokens is set to 256 based on the speculative decoding settings. This may lead to suboptimal performance. Consider increasing max_num_batched_tokens to accommodate the additional draft token slots, or decrease num_speculative_tokens or max_num_seqs.
WARNING 07-27 15:42:21 [platform.py:1043] GPU-specific parameter is not supported on Ascend. parameter=disable_cascade_attn, value=True, action: resetting to False.
WARNING 07-27 15:42:21 [platform.py:1101] Speculative quantization is set but Ascend automatically uses the main model's quantization method. parameter=quantization, action: resetting to None. 
INFO 07-27 15:42:21 [ascend_config.py:490] finegrained_tp_config enabled: lmhead_tensor_parallel_size=2
INFO 07-27 15:42:21 [ascend_config.py:824] Dynamic EPLB is False
INFO 07-27 15:42:21 [ascend_config.py:825] The number of redundant experts is 0
INFO 07-27 15:42:21 [ascend_config.py:289] AscendConfig.enable_mlapo falls back to environment variable VLLM_ASCEND_ENABLE_MLAPO with value True. Please use additional_config.enable_mlapo instead, because VLLM_ASCEND_ENABLE_MLAPO will be removed in the next release.
INFO 07-27 15:42:21 [vllm.py:1090] Asynchronous scheduling is enabled.
INFO 07-27 15:42:21 [vllm.py:1100] Disabling NCCL for DP synchronization when using async scheduling.
INFO 07-27 15:42:21 [kernel.py:292] Final IR op priority after setting platform defaults: IrOpPriorityConfig(rms_norm=['native'], fused_add_rms_norm=['native'])
WARNING 07-27 15:42:21 [vllm.py:1697] max_num_scheduled_tokens is set to 256 based on the speculative decoding settings. This may lead to suboptimal performance. Consider increasing max_num_batched_tokens to accommodate the additional draft token slots, or decrease num_speculative_tokens or max_num_seqs.
WARNING 07-27 15:42:21 [platform.py:1043] GPU-specific parameter is not supported on Ascend. parameter=disable_cascade_attn, value=True, action: resetting to False.
WARNING 07-27 15:42:21 [platform.py:1101] Speculative quantization is set but Ascend automatically uses the main model's quantization method. parameter=quantization, action: resetting to None. 
INFO 07-27 15:42:21 [ascend_config.py:490] finegrained_tp_config enabled: lmhead_tensor_parallel_size=2
INFO 07-27 15:42:21 [ascend_config.py:824] Dynamic EPLB is False
INFO 07-27 15:42:21 [ascend_config.py:825] The number of redundant experts is 0
INFO 07-27 15:42:21 [ascend_config.py:289] AscendConfig.enable_mlapo falls back to environment variable VLLM_ASCEND_ENABLE_MLAPO with value True. Please use additional_config.enable_mlapo instead, because VLLM_ASCEND_ENABLE_MLAPO will be removed in the next release.
INFO 07-27 15:42:21 [vllm.py:1090] Asynchronous scheduling is enabled.
INFO 07-27 15:42:21 [vllm.py:1100] Disabling NCCL for DP synchronization when using async scheduling.
INFO 07-27 15:42:21 [kernel.py:292] Final IR op priority after setting platform defaults: IrOpPriorityConfig(rms_norm=['native'], fused_add_rms_norm=['native'])
WARNING 07-27 15:42:21 [vllm.py:1697] max_num_scheduled_tokens is set to 256 based on the speculative decoding settings. This may lead to suboptimal performance. Consider increasing max_num_batched_tokens to accommodate the additional draft token slots, or decrease num_speculative_tokens or max_num_seqs.
WARNING 07-27 15:42:21 [platform.py:1043] GPU-specific parameter is not supported on Ascend. parameter=disable_cascade_attn, value=True, action: resetting to False.
WARNING 07-27 15:42:21 [platform.py:1101] Speculative quantization is set but Ascend automatically uses the main model's quantization method. parameter=quantization, action: resetting to None. 
INFO 07-27 15:42:21 [ascend_config.py:490] finegrained_tp_config enabled: lmhead_tensor_parallel_size=2
INFO 07-27 15:42:21 [ascend_config.py:824] Dynamic EPLB is False
INFO 07-27 15:42:21 [ascend_config.py:825] The number of redundant experts is 0
INFO 07-27 15:42:21 [ascend_config.py:289] AscendConfig.enable_mlapo falls back to environment variable VLLM_ASCEND_ENABLE_MLAPO with value True. Please use additional_config.enable_mlapo instead, because VLLM_ASCEND_ENABLE_MLAPO will be removed in the next release.
INFO 07-27 15:42:21 [vllm.py:1090] Asynchronous scheduling is enabled.
INFO 07-27 15:42:21 [vllm.py:1100] Disabling NCCL for DP synchronization when using async scheduling.
INFO 07-27 15:42:21 [kernel.py:292] Final IR op priority after setting platform defaults: IrOpPriorityConfig(rms_norm=['native'], fused_add_rms_norm=['native'])
WARNING 07-27 15:42:21 [vllm.py:1697] max_num_scheduled_tokens is set to 256 based on the speculative decoding settings. This may lead to suboptimal performance. Consider increasing max_num_batched_tokens to accommodate the additional draft token slots, or decrease num_speculative_tokens or max_num_seqs.
WARNING 07-27 15:42:21 [platform.py:1043] GPU-specific parameter is not supported on Ascend. parameter=disable_cascade_attn, value=True, action: resetting to False.
WARNING 07-27 15:42:21 [platform.py:1101] Speculative quantization is set but Ascend automatically uses the main model's quantization method. parameter=quantization, action: resetting to None. 
INFO 07-27 15:42:21 [ascend_config.py:490] finegrained_tp_config enabled: lmhead_tensor_parallel_size=2
INFO 07-27 15:42:21 [ascend_config.py:824] Dynamic EPLB is False
INFO 07-27 15:42:21 [ascend_config.py:825] The number of redundant experts is 0
INFO 07-27 15:42:21 [ascend_config.py:289] AscendConfig.enable_mlapo falls back to environment variable VLLM_ASCEND_ENABLE_MLAPO with value True. Please use additional_config.enable_mlapo instead, because VLLM_ASCEND_ENABLE_MLAPO will be removed in the next release.
INFO 07-27 15:42:21 [vllm.py:1090] Asynchronous scheduling is enabled.
INFO 07-27 15:42:21 [vllm.py:1100] Disabling NCCL for DP synchronization when using async scheduling.
INFO 07-27 15:42:21 [kernel.py:292] Final IR op priority after setting platform defaults: IrOpPriorityConfig(rms_norm=['native'], fused_add_rms_norm=['native'])
WARNING 07-27 15:42:21 [vllm.py:1697] max_num_scheduled_tokens is set to 256 based on the speculative decoding settings. This may lead to suboptimal performance. Consider increasing max_num_batched_tokens to accommodate the additional draft token slots, or decrease num_speculative_tokens or max_num_seqs.
WARNING 07-27 15:42:21 [platform.py:1043] GPU-specific parameter is not supported on Ascend. parameter=disable_cascade_attn, value=True, action: resetting to False.
WARNING 07-27 15:42:21 [platform.py:1101] Speculative quantization is set but Ascend automatically uses the main model's quantization method. parameter=quantization, action: resetting to None. 
INFO 07-27 15:42:21 [ascend_config.py:490] finegrained_tp_config enabled: lmhead_tensor_parallel_size=2
INFO 07-27 15:42:21 [ascend_config.py:824] Dynamic EPLB is False
INFO 07-27 15:42:21 [ascend_config.py:825] The number of redundant experts is 0
INFO 07-27 15:42:21 [ascend_config.py:289] AscendConfig.enable_mlapo falls back to environment variable VLLM_ASCEND_ENABLE_MLAPO with value True. Please use additional_config.enable_mlapo instead, because VLLM_ASCEND_ENABLE_MLAPO will be removed in the next release.
INFO 07-27 15:42:21 [utils.py:1264] Block size is set to 128 if prefix cache or chunked prefill is enabled.
INFO 07-27 15:42:21 [utils.py:1264] Block size is set to 128 if prefix cache or chunked prefill is enabled.
INFO 07-27 15:42:21 [platform.py:770] Set PYTORCH_NPU_ALLOC_CONF=expandable_segments:True
INFO 07-27 15:42:21 [platform.py:770] Set PYTORCH_NPU_ALLOC_CONF=expandable_segments:True
INFO 07-27 15:42:21 [utils.py:1264] Block size is set to 128 if prefix cache or chunked prefill is enabled.
INFO 07-27 15:42:21 [compilation.py:312] Enabled custom fusions: norm_quant, act_quant
INFO 07-27 15:42:21 [compilation.py:312] Enabled custom fusions: norm_quant, act_quant
INFO 07-27 15:42:21 [platform.py:770] Set PYTORCH_NPU_ALLOC_CONF=expandable_segments:True
INFO 07-27 15:42:21 [compilation.py:312] Enabled custom fusions: norm_quant, act_quant
INFO 07-27 15:42:21 [utils.py:1264] Block size is set to 128 if prefix cache or chunked prefill is enabled.
INFO 07-27 15:42:21 [platform.py:770] Set PYTORCH_NPU_ALLOC_CONF=expandable_segments:True
INFO 07-27 15:42:21 [compilation.py:312] Enabled custom fusions: norm_quant, act_quant
INFO 07-27 15:42:21 [utils.py:1264] Block size is set to 128 if prefix cache or chunked prefill is enabled.
INFO 07-27 15:42:21 [platform.py:770] Set PYTORCH_NPU_ALLOC_CONF=expandable_segments:True
INFO 07-27 15:42:21 [compilation.py:312] Enabled custom fusions: norm_quant, act_quant
INFO 07-27 15:42:21 [utils.py:1264] Block size is set to 128 if prefix cache or chunked prefill is enabled.
INFO 07-27 15:42:21 [platform.py:770] Set PYTORCH_NPU_ALLOC_CONF=expandable_segments:True
INFO 07-27 15:42:21 [compilation.py:312] Enabled custom fusions: norm_quant, act_quant
INFO 07-27 15:42:21 [utils.py:1264] Block size is set to 128 if prefix cache or chunked prefill is enabled.
INFO 07-27 15:42:21 [platform.py:770] Set PYTORCH_NPU_ALLOC_CONF=expandable_segments:True
INFO 07-27 15:42:21 [compilation.py:312] Enabled custom fusions: norm_quant, act_quant
INFO 07-27 15:42:21 [utils.py:1264] Block size is set to 128 if prefix cache or chunked prefill is enabled.
INFO 07-27 15:42:21 [platform.py:770] Set PYTORCH_NPU_ALLOC_CONF=expandable_segments:True
INFO 07-27 15:42:21 [compilation.py:312] Enabled custom fusions: norm_quant, act_quant
INFO 07-27 15:42:30 [__init__.py:52] Available plugins for group vllm.platform_plugins:
INFO 07-27 15:42:30 [__init__.py:54] - ascend -> vllm_ascend:register
INFO 07-27 15:42:30 [__init__.py:57] All plugins in this group will be loaded. Set `VLLM_PLUGINS` to control which plugins to load.
INFO 07-27 15:42:30 [__init__.py:237] Platform plugin ascend is activated
INFO 07-27 15:42:30 [platform.py:61] Breakable cudagraph is force disabled on Ascend because DeepSeek V4 PIECEWISE cudagraph is not supported yet.
INFO 07-27 15:42:31 [__init__.py:52] Available plugins for group vllm.platform_plugins:
INFO 07-27 15:42:31 [__init__.py:54] - ascend -> vllm_ascend:register
INFO 07-27 15:42:31 [__init__.py:57] All plugins in this group will be loaded. Set `VLLM_PLUGINS` to control which plugins to load.
INFO 07-27 15:42:31 [__init__.py:237] Platform plugin ascend is activated
INFO 07-27 15:42:31 [platform.py:61] Breakable cudagraph is force disabled on Ascend because DeepSeek V4 PIECEWISE cudagraph is not supported yet.
INFO 07-27 15:42:31 [__init__.py:52] Available plugins for group vllm.platform_plugins:
INFO 07-27 15:42:31 [__init__.py:54] - ascend -> vllm_ascend:register
INFO 07-27 15:42:31 [__init__.py:57] All plugins in this group will be loaded. Set `VLLM_PLUGINS` to control which plugins to load.
INFO 07-27 15:42:31 [__init__.py:237] Platform plugin ascend is activated
INFO 07-27 15:42:31 [platform.py:61] Breakable cudagraph is force disabled on Ascend because DeepSeek V4 PIECEWISE cudagraph is not supported yet.
INFO 07-27 15:42:31 [__init__.py:52] Available plugins for group vllm.platform_plugins:
INFO 07-27 15:42:31 [__init__.py:54] - ascend -> vllm_ascend:register
INFO 07-27 15:42:31 [__init__.py:57] All plugins in this group will be loaded. Set `VLLM_PLUGINS` to control which plugins to load.
INFO 07-27 15:42:31 [__init__.py:237] Platform plugin ascend is activated
INFO 07-27 15:42:31 [platform.py:61] Breakable cudagraph is force disabled on Ascend because DeepSeek V4 PIECEWISE cudagraph is not supported yet.
INFO 07-27 15:42:31 [__init__.py:52] Available plugins for group vllm.platform_plugins:
INFO 07-27 15:42:31 [__init__.py:54] - ascend -> vllm_ascend:register
INFO 07-27 15:42:31 [__init__.py:57] All plugins in this group will be loaded. Set `VLLM_PLUGINS` to control which plugins to load.
INFO 07-27 15:42:31 [__init__.py:237] Platform plugin ascend is activated
INFO 07-27 15:42:31 [platform.py:61] Breakable cudagraph is force disabled on Ascend because DeepSeek V4 PIECEWISE cudagraph is not supported yet.
INFO 07-27 15:42:31 [__init__.py:52] Available plugins for group vllm.platform_plugins:
INFO 07-27 15:42:31 [__init__.py:54] - ascend -> vllm_ascend:register
INFO 07-27 15:42:31 [__init__.py:57] All plugins in this group will be loaded. Set `VLLM_PLUGINS` to control which plugins to load.
INFO 07-27 15:42:32 [__init__.py:237] Platform plugin ascend is activated
INFO 07-27 15:42:32 [platform.py:61] Breakable cudagraph is force disabled on Ascend because DeepSeek V4 PIECEWISE cudagraph is not supported yet.
INFO 07-27 15:42:32 [__init__.py:52] Available plugins for group vllm.platform_plugins:
INFO 07-27 15:42:32 [__init__.py:54] - ascend -> vllm_ascend:register
INFO 07-27 15:42:32 [__init__.py:57] All plugins in this group will be loaded. Set `VLLM_PLUGINS` to control which plugins to load.
INFO 07-27 15:42:32 [__init__.py:237] Platform plugin ascend is activated
INFO 07-27 15:42:32 [platform.py:61] Breakable cudagraph is force disabled on Ascend because DeepSeek V4 PIECEWISE cudagraph is not supported yet.
INFO 07-27 15:42:32 [__init__.py:52] Available plugins for group vllm.platform_plugins:
INFO 07-27 15:42:32 [__init__.py:54] - ascend -> vllm_ascend:register
INFO 07-27 15:42:32 [__init__.py:57] All plugins in this group will be loaded. Set `VLLM_PLUGINS` to control which plugins to load.
INFO 07-27 15:42:32 [__init__.py:237] Platform plugin ascend is activated
INFO 07-27 15:42:32 [platform.py:61] Breakable cudagraph is force disabled on Ascend because DeepSeek V4 PIECEWISE cudagraph is not supported yet.
(EngineCore_DP5 pid=233094) 2026-07-27 15:42:38,695 - 233094 - ServiceProfiler - INFO - VLLM_USE_V1 not set, auto-detected via vLLM 0.1.dev18654+g54503ecec.empty: default 0
(EngineCore_DP6 pid=233091) 2026-07-27 15:42:38,695 - 233091 - ServiceProfiler - INFO - VLLM_USE_V1 not set, auto-detected via vLLM 0.1.dev18654+g54503ecec.empty: default 0
(EngineCore_DP1 pid=233102) 2026-07-27 15:42:38,696 - 233102 - ServiceProfiler - INFO - VLLM_USE_V1 not set, auto-detected via vLLM 0.1.dev18654+g54503ecec.empty: default 0
(EngineCore_DP3 pid=233093) 2026-07-27 15:42:38,697 - 233093 - ServiceProfiler - INFO - VLLM_USE_V1 not set, auto-detected via vLLM 0.1.dev18654+g54503ecec.empty: default 0
(EngineCore_DP2 pid=233074) 2026-07-27 15:42:38,698 - 233074 - ServiceProfiler - INFO - VLLM_USE_V1 not set, auto-detected via vLLM 0.1.dev18654+g54503ecec.empty: default 0
(EngineCore_DP0 pid=233078) 2026-07-27 15:42:38,698 - 233078 - ServiceProfiler - INFO - VLLM_USE_V1 not set, auto-detected via vLLM 0.1.dev18654+g54503ecec.empty: default 0
(EngineCore_DP4 pid=233095) 2026-07-27 15:42:38,698 - 233095 - ServiceProfiler - INFO - VLLM_USE_V1 not set, auto-detected via vLLM 0.1.dev18654+g54503ecec.empty: default 0
(EngineCore_DP7 pid=233092) 2026-07-27 15:42:38,698 - 233092 - ServiceProfiler - INFO - VLLM_USE_V1 not set, auto-detected via vLLM 0.1.dev18654+g54503ecec.empty: default 0
(EngineCore_DP5 pid=233094) INFO 07-27 15:42:38 [__init__.py:112] Registered model loader `<class 'vllm_ascend.model_loader.netloader.netloader.ModelNetLoaderElastic'>` with load format `netloader`
(EngineCore_DP6 pid=233091) INFO 07-27 15:42:38 [__init__.py:112] Registered model loader `<class 'vllm_ascend.model_loader.netloader.netloader.ModelNetLoaderElastic'>` with load format `netloader`
(EngineCore_DP1 pid=233102) INFO 07-27 15:42:38 [__init__.py:112] Registered model loader `<class 'vllm_ascend.model_loader.netloader.netloader.ModelNetLoaderElastic'>` with load format `netloader`
(EngineCore_DP3 pid=233093) INFO 07-27 15:42:38 [__init__.py:112] Registered model loader `<class 'vllm_ascend.model_loader.netloader.netloader.ModelNetLoaderElastic'>` with load format `netloader`
(EngineCore_DP2 pid=233074) INFO 07-27 15:42:38 [__init__.py:112] Registered model loader `<class 'vllm_ascend.model_loader.netloader.netloader.ModelNetLoaderElastic'>` with load format `netloader`
(EngineCore_DP0 pid=233078) INFO 07-27 15:42:38 [__init__.py:112] Registered model loader `<class 'vllm_ascend.model_loader.netloader.netloader.ModelNetLoaderElastic'>` with load format `netloader`
(EngineCore_DP4 pid=233095) INFO 07-27 15:42:38 [__init__.py:112] Registered model loader `<class 'vllm_ascend.model_loader.netloader.netloader.ModelNetLoaderElastic'>` with load format `netloader`
(EngineCore_DP7 pid=233092) INFO 07-27 15:42:38 [__init__.py:112] Registered model loader `<class 'vllm_ascend.model_loader.netloader.netloader.ModelNetLoaderElastic'>` with load format `netloader`
(EngineCore_DP5 pid=233094) INFO 07-27 15:42:38 [__init__.py:112] Registered model loader `<class 'vllm_ascend.model_loader.rfork.rfork_loader.RForkModelLoader'>` with load format `rfork`
(EngineCore_DP6 pid=233091) INFO 07-27 15:42:38 [__init__.py:112] Registered model loader `<class 'vllm_ascend.model_loader.rfork.rfork_loader.RForkModelLoader'>` with load format `rfork`
(EngineCore_DP5 pid=233094) INFO 07-27 15:42:38 [multiproc_executor.py:140] DP group leader: node_rank=0, node_rank_within_dp=0, master_addr=127.0.0.1, mq_connect_ip=90.90.97.44 (local), world_size=2, local_world_size=2
(EngineCore_DP6 pid=233091) INFO 07-27 15:42:38 [multiproc_executor.py:140] DP group leader: node_rank=0, node_rank_within_dp=0, master_addr=127.0.0.1, mq_connect_ip=90.90.97.44 (local), world_size=2, local_world_size=2
(EngineCore_DP1 pid=233102) INFO 07-27 15:42:38 [__init__.py:112] Registered model loader `<class 'vllm_ascend.model_loader.rfork.rfork_loader.RForkModelLoader'>` with load format `rfork`
(EngineCore_DP1 pid=233102) INFO 07-27 15:42:38 [multiproc_executor.py:140] DP group leader: node_rank=0, node_rank_within_dp=0, master_addr=127.0.0.1, mq_connect_ip=90.90.97.44 (local), world_size=2, local_world_size=2
(EngineCore_DP3 pid=233093) INFO 07-27 15:42:38 [__init__.py:112] Registered model loader `<class 'vllm_ascend.model_loader.rfork.rfork_loader.RForkModelLoader'>` with load format `rfork`
(EngineCore_DP2 pid=233074) INFO 07-27 15:42:38 [__init__.py:112] Registered model loader `<class 'vllm_ascend.model_loader.rfork.rfork_loader.RForkModelLoader'>` with load format `rfork`
(EngineCore_DP0 pid=233078) INFO 07-27 15:42:38 [__init__.py:112] Registered model loader `<class 'vllm_ascend.model_loader.rfork.rfork_loader.RForkModelLoader'>` with load format `rfork`
(EngineCore_DP3 pid=233093) INFO 07-27 15:42:38 [multiproc_executor.py:140] DP group leader: node_rank=0, node_rank_within_dp=0, master_addr=127.0.0.1, mq_connect_ip=90.90.97.44 (local), world_size=2, local_world_size=2
(EngineCore_DP2 pid=233074) INFO 07-27 15:42:38 [multiproc_executor.py:140] DP group leader: node_rank=0, node_rank_within_dp=0, master_addr=127.0.0.1, mq_connect_ip=90.90.97.44 (local), world_size=2, local_world_size=2
(EngineCore_DP4 pid=233095) INFO 07-27 15:42:38 [__init__.py:112] Registered model loader `<class 'vllm_ascend.model_loader.rfork.rfork_loader.RForkModelLoader'>` with load format `rfork`
(EngineCore_DP7 pid=233092) INFO 07-27 15:42:38 [__init__.py:112] Registered model loader `<class 'vllm_ascend.model_loader.rfork.rfork_loader.RForkModelLoader'>` with load format `rfork`
(EngineCore_DP0 pid=233078) INFO 07-27 15:42:38 [core.py:114] Initializing a V1 LLM engine (v0.1.dev18654+g54503ecec) with config: model='/mnt/weights/DeepSeek-V3.1-Terminus-w8a8-QuaRot-lfs', speculative_config=SpeculativeConfig(method='mtp', model='/mnt/weights/DeepSeek-V3.1-Terminus-w8a8-QuaRot-lfs', num_spec_tokens=2), tokenizer='/mnt/weights/DeepSeek-V3.1-Terminus-w8a8-QuaRot-lfs', skip_tokenizer_init=False, tokenizer_mode=auto, revision=None, tokenizer_revision=None, trust_remote_code=True, dtype=torch.bfloat16, max_seq_len=4096, download_dir=None, load_format=auto, tensor_parallel_size=2, pipeline_parallel_size=1, data_parallel_size=8, decode_context_parallel_size=1, dcp_comm_backend=ag_rs, disable_custom_all_reduce=True, quantization=ascend, quantization_config=None, enforce_eager=False, enable_return_routed_experts=False, kv_cache_dtype=auto, device_config=npu, structured_outputs_config=StructuredOutputsConfig(backend='auto', disable_any_whitespace=False, disable_additional_properties=False, reasoning_parser='', reasoning_parser_plugin='', enable_in_reasoning=False), observability_config=ObservabilityConfig(show_hidden_metrics_for_version=None, otlp_traces_endpoint=None, collect_detailed_traces=None, kv_cache_metrics=False, kv_cache_metrics_sample=0.01, cudagraph_metrics=False, enable_layerwise_nvtx_tracing=False, enable_mfu_metrics=False, enable_mm_processor_stats=False, enable_logging_iteration_details=False, jit_monitor_mode='warn', jit_monitor_verbose=False), seed=1024, served_model_name=/mnt/weights/DeepSeek-V3.1-Terminus-w8a8-QuaRot-lfs, enable_prefix_caching=False, enable_chunked_prefill=True, pooler_config=None, compilation_config={'mode': <CompilationMode.VLLM_COMPILE: 3>, 'debug_dump_path': PosixPath('/home/l00838859/cann/vllm-runner/fx-graph'), 'cache_dir': '', 'compile_cache_save_format': 'binary', 'backend': 'vllm_ascend.compilation.compiler_interface.AscendCompiler', 'custom_ops': ['all'], 'ir_enable_torch_wrap': False, 'splitting_ops': [], 'compile_mm_encoder': False, 'cudagraph_mm_encoder': False, 'encoder_cudagraph_token_budgets': [], 'encoder_cudagraph_max_vision_items_per_batch': 0, 'encoder_cudagraph_max_frames_per_batch': None, 'compile_sizes': [], 'compile_ranges_endpoints': [256], 'inductor_compile_config': {'enable_auto_functionalized_v2': False, 'size_asserts': False, 'alignment_asserts': False, 'scalar_asserts': False, 'combo_kernels': True, 'benchmark_combo_kernel': True}, 'inductor_passes': {}, 'cudagraph_mode': <CUDAGraphMode.FULL_DECODE_ONLY: (2, 0)>, 'cudagraph_num_of_warmups': 1, 'cudagraph_capture_sizes': [3, 48], 'cudagraph_copy_inputs': False, 'cudagraph_specialize_lora': True, 'use_inductor_graph_partition': False, 'pass_config': {'fuse_norm_quant': True, 'fuse_act_quant': True, 'fuse_attn_quant': False, 'enable_sp': False, 'fuse_gemm_comms': False, 'fuse_allreduce_rms': False, 'fuse_rope_kvcache_cat_mla': False, 'fuse_act_padding': False}, 'max_cudagraph_capture_size': 48, 'dynamic_shapes_config': {'type': <DynamicShapesType.BACKED: 'backed'>, 'evaluate_guards': False, 'assume_32_bit_indexing': False}, 'local_cache_dir': None, 'fast_moe_cold_start': False, 'static_all_moe_layers': []}, kernel_config=KernelConfig(ir_op_priority=IrOpPriorityConfig(rms_norm=['native'], fused_add_rms_norm=['native']), enable_flashinfer_autotune=True, enable_cutedsl_warmup=True, moe_backend='auto', linear_backend='auto')
(EngineCore_DP0 pid=233078) INFO 07-27 15:42:38 [multiproc_executor.py:140] DP group leader: node_rank=0, node_rank_within_dp=0, master_addr=127.0.0.1, mq_connect_ip=90.90.97.44 (local), world_size=2, local_world_size=2
(EngineCore_DP7 pid=233092) INFO 07-27 15:42:38 [multiproc_executor.py:140] DP group leader: node_rank=0, node_rank_within_dp=0, master_addr=127.0.0.1, mq_connect_ip=90.90.97.44 (local), world_size=2, local_world_size=2
(EngineCore_DP4 pid=233095) INFO 07-27 15:42:38 [multiproc_executor.py:140] DP group leader: node_rank=0, node_rank_within_dp=0, master_addr=127.0.0.1, mq_connect_ip=90.90.97.44 (local), world_size=2, local_world_size=2
INFO 07-27 15:42:45 [__init__.py:52] Available plugins for group vllm.platform_plugins:
INFO 07-27 15:42:45 [__init__.py:54] - ascend -> vllm_ascend:register
INFO 07-27 15:42:45 [__init__.py:57] All plugins in this group will be loaded. Set `VLLM_PLUGINS` to control which plugins to load.
INFO 07-27 15:42:45 [__init__.py:237] Platform plugin ascend is activated
INFO 07-27 15:42:45 [platform.py:61] Breakable cudagraph is force disabled on Ascend because DeepSeek V4 PIECEWISE cudagraph is not supported yet.
INFO 07-27 15:42:45 [__init__.py:52] Available plugins for group vllm.platform_plugins:
INFO 07-27 15:42:45 [__init__.py:54] - ascend -> vllm_ascend:register
INFO 07-27 15:42:45 [__init__.py:57] All plugins in this group will be loaded. Set `VLLM_PLUGINS` to control which plugins to load.
INFO 07-27 15:42:45 [__init__.py:237] Platform plugin ascend is activated
INFO 07-27 15:42:45 [platform.py:61] Breakable cudagraph is force disabled on Ascend because DeepSeek V4 PIECEWISE cudagraph is not supported yet.
INFO 07-27 15:42:45 [__init__.py:52] Available plugins for group vllm.platform_plugins:
INFO 07-27 15:42:45 [__init__.py:54] - ascend -> vllm_ascend:register
INFO 07-27 15:42:45 [__init__.py:57] All plugins in this group will be loaded. Set `VLLM_PLUGINS` to control which plugins to load.
INFO 07-27 15:42:45 [__init__.py:237] Platform plugin ascend is activated
INFO 07-27 15:42:45 [platform.py:61] Breakable cudagraph is force disabled on Ascend because DeepSeek V4 PIECEWISE cudagraph is not supported yet.
INFO 07-27 15:42:45 [__init__.py:52] Available plugins for group vllm.platform_plugins:
INFO 07-27 15:42:45 [__init__.py:54] - ascend -> vllm_ascend:register
INFO 07-27 15:42:45 [__init__.py:57] All plugins in this group will be loaded. Set `VLLM_PLUGINS` to control which plugins to load.
INFO 07-27 15:42:45 [__init__.py:237] Platform plugin ascend is activated
INFO 07-27 15:42:45 [platform.py:61] Breakable cudagraph is force disabled on Ascend because DeepSeek V4 PIECEWISE cudagraph is not supported yet.
INFO 07-27 15:42:46 [__init__.py:52] Available plugins for group vllm.platform_plugins:
INFO 07-27 15:42:46 [__init__.py:54] - ascend -> vllm_ascend:register
INFO 07-27 15:42:46 [__init__.py:57] All plugins in this group will be loaded. Set `VLLM_PLUGINS` to control which plugins to load.
INFO 07-27 15:42:46 [__init__.py:237] Platform plugin ascend is activated
INFO 07-27 15:42:46 [platform.py:61] Breakable cudagraph is force disabled on Ascend because DeepSeek V4 PIECEWISE cudagraph is not supported yet.
INFO 07-27 15:42:46 [__init__.py:52] Available plugins for group vllm.platform_plugins:
INFO 07-27 15:42:46 [__init__.py:54] - ascend -> vllm_ascend:register
INFO 07-27 15:42:46 [__init__.py:57] All plugins in this group will be loaded. Set `VLLM_PLUGINS` to control which plugins to load.
INFO 07-27 15:42:46 [__init__.py:237] Platform plugin ascend is activated
INFO 07-27 15:42:46 [platform.py:61] Breakable cudagraph is force disabled on Ascend because DeepSeek V4 PIECEWISE cudagraph is not supported yet.
INFO 07-27 15:42:46 [__init__.py:52] Available plugins for group vllm.platform_plugins:
INFO 07-27 15:42:46 [__init__.py:54] - ascend -> vllm_ascend:register
INFO 07-27 15:42:46 [__init__.py:57] All plugins in this group will be loaded. Set `VLLM_PLUGINS` to control which plugins to load.
INFO 07-27 15:42:46 [__init__.py:237] Platform plugin ascend is activated
INFO 07-27 15:42:46 [platform.py:61] Breakable cudagraph is force disabled on Ascend because DeepSeek V4 PIECEWISE cudagraph is not supported yet.
INFO 07-27 15:42:46 [__init__.py:52] Available plugins for group vllm.platform_plugins:
INFO 07-27 15:42:46 [__init__.py:54] - ascend -> vllm_ascend:register
INFO 07-27 15:42:46 [__init__.py:57] All plugins in this group will be loaded. Set `VLLM_PLUGINS` to control which plugins to load.
INFO 07-27 15:42:46 [__init__.py:237] Platform plugin ascend is activated
INFO 07-27 15:42:46 [platform.py:61] Breakable cudagraph is force disabled on Ascend because DeepSeek V4 PIECEWISE cudagraph is not supported yet.
2026-07-27 15:42:50,454 - 233529 - ServiceProfiler - INFO - VLLM_USE_V1 not set, auto-detected via vLLM 0.1.dev18654+g54503ecec.empty: default 0
INFO 07-27 15:42:50 [__init__.py:112] Registered model loader `<class 'vllm_ascend.model_loader.netloader.netloader.ModelNetLoaderElastic'>` with load format `netloader`
INFO 07-27 15:42:50 [__init__.py:112] Registered model loader `<class 'vllm_ascend.model_loader.rfork.rfork_loader.RForkModelLoader'>` with load format `rfork`
2026-07-27 15:42:50,752 - 233528 - ServiceProfiler - INFO - VLLM_USE_V1 not set, auto-detected via vLLM 0.1.dev18654+g54503ecec.empty: default 0
INFO 07-27 15:42:50 [__init__.py:112] Registered model loader `<class 'vllm_ascend.model_loader.netloader.netloader.ModelNetLoaderElastic'>` with load format `netloader`
INFO 07-27 15:42:50 [__init__.py:112] Registered model loader `<class 'vllm_ascend.model_loader.rfork.rfork_loader.RForkModelLoader'>` with load format `rfork`
2026-07-27 15:42:50,906 - 233535 - ServiceProfiler - INFO - VLLM_USE_V1 not set, auto-detected via vLLM 0.1.dev18654+g54503ecec.empty: default 0
INFO 07-27 15:42:50 [__init__.py:112] Registered model loader `<class 'vllm_ascend.model_loader.netloader.netloader.ModelNetLoaderElastic'>` with load format `netloader`
INFO 07-27 15:42:50 [__init__.py:112] Registered model loader `<class 'vllm_ascend.model_loader.rfork.rfork_loader.RForkModelLoader'>` with load format `rfork`
2026-07-27 15:42:51,112 - 233530 - ServiceProfiler - INFO - VLLM_USE_V1 not set, auto-detected via vLLM 0.1.dev18654+g54503ecec.empty: default 0
INFO 07-27 15:42:51 [__init__.py:112] Registered model loader `<class 'vllm_ascend.model_loader.netloader.netloader.ModelNetLoaderElastic'>` with load format `netloader`
INFO 07-27 15:42:51 [__init__.py:112] Registered model loader `<class 'vllm_ascend.model_loader.rfork.rfork_loader.RForkModelLoader'>` with load format `rfork`
2026-07-27 15:42:51,492 - 233531 - ServiceProfiler - INFO - VLLM_USE_V1 not set, auto-detected via vLLM 0.1.dev18654+g54503ecec.empty: default 0
INFO 07-27 15:42:51 [__init__.py:112] Registered model loader `<class 'vllm_ascend.model_loader.netloader.netloader.ModelNetLoaderElastic'>` with load format `netloader`
INFO 07-27 15:42:51 [__init__.py:112] Registered model loader `<class 'vllm_ascend.model_loader.rfork.rfork_loader.RForkModelLoader'>` with load format `rfork`
2026-07-27 15:42:51,724 - 233533 - ServiceProfiler - INFO - VLLM_USE_V1 not set, auto-detected via vLLM 0.1.dev18654+g54503ecec.empty: default 0
INFO 07-27 15:42:51 [__init__.py:112] Registered model loader `<class 'vllm_ascend.model_loader.netloader.netloader.ModelNetLoaderElastic'>` with load format `netloader`
INFO 07-27 15:42:51 [__init__.py:112] Registered model loader `<class 'vllm_ascend.model_loader.rfork.rfork_loader.RForkModelLoader'>` with load format `rfork`
2026-07-27 15:42:51,841 - 233532 - ServiceProfiler - INFO - VLLM_USE_V1 not set, auto-detected via vLLM 0.1.dev18654+g54503ecec.empty: default 0
INFO 07-27 15:42:51 [__init__.py:112] Registered model loader `<class 'vllm_ascend.model_loader.netloader.netloader.ModelNetLoaderElastic'>` with load format `netloader`
INFO 07-27 15:42:51 [__init__.py:112] Registered model loader `<class 'vllm_ascend.model_loader.rfork.rfork_loader.RForkModelLoader'>` with load format `rfork`
INFO 07-27 15:42:51 [ascend_config.py:490] finegrained_tp_config enabled: lmhead_tensor_parallel_size=2
INFO 07-27 15:42:51 [ascend_config.py:824] Dynamic EPLB is False
INFO 07-27 15:42:51 [ascend_config.py:825] The number of redundant experts is 0
INFO 07-27 15:42:51 [ascend_config.py:289] AscendConfig.enable_mlapo falls back to environment variable VLLM_ASCEND_ENABLE_MLAPO with value True. Please use additional_config.enable_mlapo instead, because VLLM_ASCEND_ENABLE_MLAPO will be removed in the next release.
2026-07-27 15:42:52,072 - 233534 - ServiceProfiler - INFO - VLLM_USE_V1 not set, auto-detected via vLLM 0.1.dev18654+g54503ecec.empty: default 0
INFO 07-27 15:42:52 [__init__.py:112] Registered model loader `<class 'vllm_ascend.model_loader.netloader.netloader.ModelNetLoaderElastic'>` with load format `netloader`
INFO 07-27 15:42:52 [__init__.py:112] Registered model loader `<class 'vllm_ascend.model_loader.rfork.rfork_loader.RForkModelLoader'>` with load format `rfork`
INFO 07-27 15:42:52 [ascend_config.py:490] finegrained_tp_config enabled: lmhead_tensor_parallel_size=2
INFO 07-27 15:42:52 [ascend_config.py:824] Dynamic EPLB is False
INFO 07-27 15:42:52 [ascend_config.py:825] The number of redundant experts is 0
INFO 07-27 15:42:52 [ascend_config.py:289] AscendConfig.enable_mlapo falls back to environment variable VLLM_ASCEND_ENABLE_MLAPO with value True. Please use additional_config.enable_mlapo instead, because VLLM_ASCEND_ENABLE_MLAPO will be removed in the next release.
INFO 07-27 15:42:52 [ascend_config.py:490] finegrained_tp_config enabled: lmhead_tensor_parallel_size=2
INFO 07-27 15:42:52 [ascend_config.py:824] Dynamic EPLB is False
INFO 07-27 15:42:52 [ascend_config.py:825] The number of redundant experts is 0
INFO 07-27 15:42:52 [ascend_config.py:289] AscendConfig.enable_mlapo falls back to environment variable VLLM_ASCEND_ENABLE_MLAPO with value True. Please use additional_config.enable_mlapo instead, because VLLM_ASCEND_ENABLE_MLAPO will be removed in the next release.
INFO 07-27 15:42:52 [ascend_config.py:490] finegrained_tp_config enabled: lmhead_tensor_parallel_size=2
INFO 07-27 15:42:52 [ascend_config.py:824] Dynamic EPLB is False
INFO 07-27 15:42:52 [ascend_config.py:825] The number of redundant experts is 0
INFO 07-27 15:42:52 [ascend_config.py:289] AscendConfig.enable_mlapo falls back to environment variable VLLM_ASCEND_ENABLE_MLAPO with value True. Please use additional_config.enable_mlapo instead, because VLLM_ASCEND_ENABLE_MLAPO will be removed in the next release.
INFO 07-27 15:42:53 [ascend_config.py:490] finegrained_tp_config enabled: lmhead_tensor_parallel_size=2
INFO 07-27 15:42:53 [ascend_config.py:824] Dynamic EPLB is False
INFO 07-27 15:42:53 [ascend_config.py:825] The number of redundant experts is 0
INFO 07-27 15:42:53 [ascend_config.py:289] AscendConfig.enable_mlapo falls back to environment variable VLLM_ASCEND_ENABLE_MLAPO with value True. Please use additional_config.enable_mlapo instead, because VLLM_ASCEND_ENABLE_MLAPO will be removed in the next release.
INFO 07-27 15:42:53 [ascend_config.py:490] finegrained_tp_config enabled: lmhead_tensor_parallel_size=2
INFO 07-27 15:42:53 [ascend_config.py:824] Dynamic EPLB is False
INFO 07-27 15:42:53 [ascend_config.py:825] The number of redundant experts is 0
INFO 07-27 15:42:53 [ascend_config.py:289] AscendConfig.enable_mlapo falls back to environment variable VLLM_ASCEND_ENABLE_MLAPO with value True. Please use additional_config.enable_mlapo instead, because VLLM_ASCEND_ENABLE_MLAPO will be removed in the next release.
INFO 07-27 15:42:53 [ascend_config.py:490] finegrained_tp_config enabled: lmhead_tensor_parallel_size=2
INFO 07-27 15:42:53 [ascend_config.py:824] Dynamic EPLB is False
INFO 07-27 15:42:53 [ascend_config.py:825] The number of redundant experts is 0
INFO 07-27 15:42:53 [ascend_config.py:289] AscendConfig.enable_mlapo falls back to environment variable VLLM_ASCEND_ENABLE_MLAPO with value True. Please use additional_config.enable_mlapo instead, because VLLM_ASCEND_ENABLE_MLAPO will be removed in the next release.
(Worker pid=233529) INFO 07-27 15:42:53 [parallel_state.py:1607] world_size=16 rank=12 local_rank=0 distributed_init_method=tcp://127.0.0.1:48418 backend=hccl
INFO 07-27 15:42:53 [ascend_config.py:490] finegrained_tp_config enabled: lmhead_tensor_parallel_size=2
INFO 07-27 15:42:53 [ascend_config.py:824] Dynamic EPLB is False
INFO 07-27 15:42:53 [ascend_config.py:825] The number of redundant experts is 0
INFO 07-27 15:42:53 [ascend_config.py:289] AscendConfig.enable_mlapo falls back to environment variable VLLM_ASCEND_ENABLE_MLAPO with value True. Please use additional_config.enable_mlapo instead, because VLLM_ASCEND_ENABLE_MLAPO will be removed in the next release.
(Worker pid=233528) INFO 07-27 15:42:54 [parallel_state.py:1607] world_size=16 rank=10 local_rank=0 distributed_init_method=tcp://127.0.0.1:48418 backend=hccl
(Worker pid=233535) INFO 07-27 15:42:54 [parallel_state.py:1607] world_size=16 rank=0 local_rank=0 distributed_init_method=tcp://127.0.0.1:48418 backend=hccl
(Worker pid=233530) INFO 07-27 15:42:54 [parallel_state.py:1607] world_size=16 rank=4 local_rank=0 distributed_init_method=tcp://127.0.0.1:48418 backend=hccl
(Worker pid=233533) INFO 07-27 15:42:54 [parallel_state.py:1607] world_size=16 rank=2 local_rank=0 distributed_init_method=tcp://127.0.0.1:48418 backend=hccl
(Worker pid=233531) INFO 07-27 15:42:54 [parallel_state.py:1607] world_size=16 rank=8 local_rank=0 distributed_init_method=tcp://127.0.0.1:48418 backend=hccl
(Worker pid=233532) INFO 07-27 15:42:55 [parallel_state.py:1607] world_size=16 rank=6 local_rank=0 distributed_init_method=tcp://127.0.0.1:48418 backend=hccl
(Worker pid=233534) INFO 07-27 15:42:55 [parallel_state.py:1607] world_size=16 rank=14 local_rank=0 distributed_init_method=tcp://127.0.0.1:48418 backend=hccl
INFO 07-27 15:42:55 [__init__.py:52] Available plugins for group vllm.platform_plugins:
INFO 07-27 15:42:55 [__init__.py:54] - ascend -> vllm_ascend:register
INFO 07-27 15:42:55 [__init__.py:57] All plugins in this group will be loaded. Set `VLLM_PLUGINS` to control which plugins to load.
INFO 07-27 15:42:55 [__init__.py:237] Platform plugin ascend is activated
INFO 07-27 15:42:55 [platform.py:61] Breakable cudagraph is force disabled on Ascend because DeepSeek V4 PIECEWISE cudagraph is not supported yet.
INFO 07-27 15:42:56 [__init__.py:52] Available plugins for group vllm.platform_plugins:
INFO 07-27 15:42:56 [__init__.py:54] - ascend -> vllm_ascend:register
INFO 07-27 15:42:56 [__init__.py:57] All plugins in this group will be loaded. Set `VLLM_PLUGINS` to control which plugins to load.
INFO 07-27 15:42:56 [__init__.py:237] Platform plugin ascend is activated
INFO 07-27 15:42:56 [platform.py:61] Breakable cudagraph is force disabled on Ascend because DeepSeek V4 PIECEWISE cudagraph is not supported yet.
INFO 07-27 15:42:56 [__init__.py:52] Available plugins for group vllm.platform_plugins:
INFO 07-27 15:42:56 [__init__.py:54] - ascend -> vllm_ascend:register
INFO 07-27 15:42:56 [__init__.py:57] All plugins in this group will be loaded. Set `VLLM_PLUGINS` to control which plugins to load.
INFO 07-27 15:42:56 [__init__.py:237] Platform plugin ascend is activated
INFO 07-27 15:42:56 [platform.py:61] Breakable cudagraph is force disabled on Ascend because DeepSeek V4 PIECEWISE cudagraph is not supported yet.
INFO 07-27 15:42:57 [__init__.py:52] Available plugins for group vllm.platform_plugins:
INFO 07-27 15:42:57 [__init__.py:54] - ascend -> vllm_ascend:register
INFO 07-27 15:42:57 [__init__.py:57] All plugins in this group will be loaded. Set `VLLM_PLUGINS` to control which plugins to load.
INFO 07-27 15:42:57 [__init__.py:237] Platform plugin ascend is activated
INFO 07-27 15:42:57 [platform.py:61] Breakable cudagraph is force disabled on Ascend because DeepSeek V4 PIECEWISE cudagraph is not supported yet.
INFO 07-27 15:42:57 [__init__.py:52] Available plugins for group vllm.platform_plugins:
INFO 07-27 15:42:57 [__init__.py:54] - ascend -> vllm_ascend:register
INFO 07-27 15:42:57 [__init__.py:57] All plugins in this group will be loaded. Set `VLLM_PLUGINS` to control which plugins to load.
INFO 07-27 15:42:57 [__init__.py:237] Platform plugin ascend is activated
INFO 07-27 15:42:57 [platform.py:61] Breakable cudagraph is force disabled on Ascend because DeepSeek V4 PIECEWISE cudagraph is not supported yet.
INFO 07-27 15:42:57 [__init__.py:52] Available plugins for group vllm.platform_plugins:
INFO 07-27 15:42:57 [__init__.py:54] - ascend -> vllm_ascend:register
INFO 07-27 15:42:57 [__init__.py:57] All plugins in this group will be loaded. Set `VLLM_PLUGINS` to control which plugins to load.
INFO 07-27 15:42:57 [__init__.py:237] Platform plugin ascend is activated
INFO 07-27 15:42:57 [platform.py:61] Breakable cudagraph is force disabled on Ascend because DeepSeek V4 PIECEWISE cudagraph is not supported yet.
INFO 07-27 15:42:58 [__init__.py:52] Available plugins for group vllm.platform_plugins:
INFO 07-27 15:42:58 [__init__.py:54] - ascend -> vllm_ascend:register
INFO 07-27 15:42:58 [__init__.py:57] All plugins in this group will be loaded. Set `VLLM_PLUGINS` to control which plugins to load.
INFO 07-27 15:42:58 [__init__.py:52] Available plugins for group vllm.platform_plugins:
INFO 07-27 15:42:58 [__init__.py:54] - ascend -> vllm_ascend:register
INFO 07-27 15:42:58 [__init__.py:57] All plugins in this group will be loaded. Set `VLLM_PLUGINS` to control which plugins to load.
INFO 07-27 15:42:58 [__init__.py:237] Platform plugin ascend is activated
INFO 07-27 15:42:58 [platform.py:61] Breakable cudagraph is force disabled on Ascend because DeepSeek V4 PIECEWISE cudagraph is not supported yet.
INFO 07-27 15:42:58 [__init__.py:237] Platform plugin ascend is activated
INFO 07-27 15:42:58 [platform.py:61] Breakable cudagraph is force disabled on Ascend because DeepSeek V4 PIECEWISE cudagraph is not supported yet.
2026-07-27 15:43:01,048 - 233895 - ServiceProfiler - INFO - VLLM_USE_V1 not set, auto-detected via vLLM 0.1.dev18654+g54503ecec.empty: default 0
INFO 07-27 15:43:01 [__init__.py:112] Registered model loader `<class 'vllm_ascend.model_loader.netloader.netloader.ModelNetLoaderElastic'>` with load format `netloader`
INFO 07-27 15:43:01 [__init__.py:112] Registered model loader `<class 'vllm_ascend.model_loader.rfork.rfork_loader.RForkModelLoader'>` with load format `rfork`
2026-07-27 15:43:02,103 - 233907 - ServiceProfiler - INFO - VLLM_USE_V1 not set, auto-detected via vLLM 0.1.dev18654+g54503ecec.empty: default 0
INFO 07-27 15:43:02 [__init__.py:112] Registered model loader `<class 'vllm_ascend.model_loader.netloader.netloader.ModelNetLoaderElastic'>` with load format `netloader`
INFO 07-27 15:43:02 [__init__.py:112] Registered model loader `<class 'vllm_ascend.model_loader.rfork.rfork_loader.RForkModelLoader'>` with load format `rfork`
2026-07-27 15:43:02,292 - 233897 - ServiceProfiler - INFO - VLLM_USE_V1 not set, auto-detected via vLLM 0.1.dev18654+g54503ecec.empty: default 0
INFO 07-27 15:43:02 [__init__.py:112] Registered model loader `<class 'vllm_ascend.model_loader.netloader.netloader.ModelNetLoaderElastic'>` with load format `netloader`
INFO 07-27 15:43:02 [__init__.py:112] Registered model loader `<class 'vllm_ascend.model_loader.rfork.rfork_loader.RForkModelLoader'>` with load format `rfork`
INFO 07-27 15:43:02 [ascend_config.py:490] finegrained_tp_config enabled: lmhead_tensor_parallel_size=2
INFO 07-27 15:43:02 [ascend_config.py:824] Dynamic EPLB is False
INFO 07-27 15:43:02 [ascend_config.py:825] The number of redundant experts is 0
INFO 07-27 15:43:02 [ascend_config.py:289] AscendConfig.enable_mlapo falls back to environment variable VLLM_ASCEND_ENABLE_MLAPO with value True. Please use additional_config.enable_mlapo instead, because VLLM_ASCEND_ENABLE_MLAPO will be removed in the next release.
2026-07-27 15:43:02,545 - 233918 - ServiceProfiler - INFO - VLLM_USE_V1 not set, auto-detected via vLLM 0.1.dev18654+g54503ecec.empty: default 0
INFO 07-27 15:43:02 [__init__.py:112] Registered model loader `<class 'vllm_ascend.model_loader.netloader.netloader.ModelNetLoaderElastic'>` with load format `netloader`
INFO 07-27 15:43:02 [__init__.py:112] Registered model loader `<class 'vllm_ascend.model_loader.rfork.rfork_loader.RForkModelLoader'>` with load format `rfork`
2026-07-27 15:43:03,012 - 233943 - ServiceProfiler - INFO - VLLM_USE_V1 not set, auto-detected via vLLM 0.1.dev18654+g54503ecec.empty: default 0
INFO 07-27 15:43:03 [__init__.py:112] Registered model loader `<class 'vllm_ascend.model_loader.netloader.netloader.ModelNetLoaderElastic'>` with load format `netloader`
INFO 07-27 15:43:03 [__init__.py:112] Registered model loader `<class 'vllm_ascend.model_loader.rfork.rfork_loader.RForkModelLoader'>` with load format `rfork`
2026-07-27 15:43:03,165 - 233940 - ServiceProfiler - INFO - VLLM_USE_V1 not set, auto-detected via vLLM 0.1.dev18654+g54503ecec.empty: default 0
INFO 07-27 15:43:03 [__init__.py:112] Registered model loader `<class 'vllm_ascend.model_loader.netloader.netloader.ModelNetLoaderElastic'>` with load format `netloader`
INFO 07-27 15:43:03 [__init__.py:112] Registered model loader `<class 'vllm_ascend.model_loader.rfork.rfork_loader.RForkModelLoader'>` with load format `rfork`
INFO 07-27 15:43:03 [ascend_config.py:490] finegrained_tp_config enabled: lmhead_tensor_parallel_size=2
INFO 07-27 15:43:03 [ascend_config.py:824] Dynamic EPLB is False
INFO 07-27 15:43:03 [ascend_config.py:825] The number of redundant experts is 0
INFO 07-27 15:43:03 [ascend_config.py:289] AscendConfig.enable_mlapo falls back to environment variable VLLM_ASCEND_ENABLE_MLAPO with value True. Please use additional_config.enable_mlapo instead, because VLLM_ASCEND_ENABLE_MLAPO will be removed in the next release.
2026-07-27 15:43:03,675 - 233954 - ServiceProfiler - INFO - VLLM_USE_V1 not set, auto-detected via vLLM 0.1.dev18654+g54503ecec.empty: default 0
2026-07-27 15:43:03,679 - 233966 - ServiceProfiler - INFO - VLLM_USE_V1 not set, auto-detected via vLLM 0.1.dev18654+g54503ecec.empty: default 0
INFO 07-27 15:43:03 [__init__.py:112] Registered model loader `<class 'vllm_ascend.model_loader.netloader.netloader.ModelNetLoaderElastic'>` with load format `netloader`
INFO 07-27 15:43:03 [__init__.py:112] Registered model loader `<class 'vllm_ascend.model_loader.netloader.netloader.ModelNetLoaderElastic'>` with load format `netloader`
INFO 07-27 15:43:03 [__init__.py:112] Registered model loader `<class 'vllm_ascend.model_loader.rfork.rfork_loader.RForkModelLoader'>` with load format `rfork`
INFO 07-27 15:43:03 [__init__.py:112] Registered model loader `<class 'vllm_ascend.model_loader.rfork.rfork_loader.RForkModelLoader'>` with load format `rfork`
INFO 07-27 15:43:03 [ascend_config.py:490] finegrained_tp_config enabled: lmhead_tensor_parallel_size=2
INFO 07-27 15:43:03 [ascend_config.py:824] Dynamic EPLB is False
INFO 07-27 15:43:03 [ascend_config.py:825] The number of redundant experts is 0
INFO 07-27 15:43:03 [ascend_config.py:289] AscendConfig.enable_mlapo falls back to environment variable VLLM_ASCEND_ENABLE_MLAPO with value True. Please use additional_config.enable_mlapo instead, because VLLM_ASCEND_ENABLE_MLAPO will be removed in the next release.
(Worker pid=233895) INFO 07-27 15:43:03 [parallel_state.py:1607] world_size=16 rank=13 local_rank=1 distributed_init_method=tcp://127.0.0.1:48418 backend=hccl
INFO 07-27 15:43:04 [ascend_config.py:490] finegrained_tp_config enabled: lmhead_tensor_parallel_size=2
INFO 07-27 15:43:04 [ascend_config.py:824] Dynamic EPLB is False
INFO 07-27 15:43:04 [ascend_config.py:825] The number of redundant experts is 0
INFO 07-27 15:43:04 [ascend_config.py:289] AscendConfig.enable_mlapo falls back to environment variable VLLM_ASCEND_ENABLE_MLAPO with value True. Please use additional_config.enable_mlapo instead, because VLLM_ASCEND_ENABLE_MLAPO will be removed in the next release.
INFO 07-27 15:43:04 [ascend_config.py:490] finegrained_tp_config enabled: lmhead_tensor_parallel_size=2
INFO 07-27 15:43:04 [ascend_config.py:824] Dynamic EPLB is False
INFO 07-27 15:43:04 [ascend_config.py:825] The number of redundant experts is 0
INFO 07-27 15:43:04 [ascend_config.py:289] AscendConfig.enable_mlapo falls back to environment variable VLLM_ASCEND_ENABLE_MLAPO with value True. Please use additional_config.enable_mlapo instead, because VLLM_ASCEND_ENABLE_MLAPO will be removed in the next release.
INFO 07-27 15:43:04 [ascend_config.py:490] finegrained_tp_config enabled: lmhead_tensor_parallel_size=2
INFO 07-27 15:43:04 [ascend_config.py:824] Dynamic EPLB is False
INFO 07-27 15:43:04 [ascend_config.py:825] The number of redundant experts is 0
INFO 07-27 15:43:04 [ascend_config.py:289] AscendConfig.enable_mlapo falls back to environment variable VLLM_ASCEND_ENABLE_MLAPO with value True. Please use additional_config.enable_mlapo instead, because VLLM_ASCEND_ENABLE_MLAPO will be removed in the next release.
INFO 07-27 15:43:05 [ascend_config.py:490] finegrained_tp_config enabled: lmhead_tensor_parallel_size=2
INFO 07-27 15:43:05 [ascend_config.py:824] Dynamic EPLB is False
INFO 07-27 15:43:05 [ascend_config.py:825] The number of redundant experts is 0
INFO 07-27 15:43:05 [ascend_config.py:289] AscendConfig.enable_mlapo falls back to environment variable VLLM_ASCEND_ENABLE_MLAPO with value True. Please use additional_config.enable_mlapo instead, because VLLM_ASCEND_ENABLE_MLAPO will be removed in the next release.
(Worker pid=233907) INFO 07-27 15:43:05 [parallel_state.py:1607] world_size=16 rank=1 local_rank=1 distributed_init_method=tcp://127.0.0.1:48418 backend=hccl
INFO 07-27 15:43:05 [ascend_config.py:490] finegrained_tp_config enabled: lmhead_tensor_parallel_size=2
INFO 07-27 15:43:05 [ascend_config.py:824] Dynamic EPLB is False
INFO 07-27 15:43:05 [ascend_config.py:825] The number of redundant experts is 0
INFO 07-27 15:43:05 [ascend_config.py:289] AscendConfig.enable_mlapo falls back to environment variable VLLM_ASCEND_ENABLE_MLAPO with value True. Please use additional_config.enable_mlapo instead, because VLLM_ASCEND_ENABLE_MLAPO will be removed in the next release.
(Worker pid=233897) INFO 07-27 15:43:05 [parallel_state.py:1607] world_size=16 rank=11 local_rank=1 distributed_init_method=tcp://127.0.0.1:48418 backend=hccl
(Worker pid=233918) INFO 07-27 15:43:05 [parallel_state.py:1607] world_size=16 rank=5 local_rank=1 distributed_init_method=tcp://127.0.0.1:48418 backend=hccl
(Worker pid=233943) INFO 07-27 15:43:06 [parallel_state.py:1607] world_size=16 rank=3 local_rank=1 distributed_init_method=tcp://127.0.0.1:48418 backend=hccl
(Worker pid=233940) INFO 07-27 15:43:06 [parallel_state.py:1607] world_size=16 rank=9 local_rank=1 distributed_init_method=tcp://127.0.0.1:48418 backend=hccl
(Worker pid=233966) INFO 07-27 15:43:06 [parallel_state.py:1607] world_size=16 rank=15 local_rank=1 distributed_init_method=tcp://127.0.0.1:48418 backend=hccl
(Worker pid=233954) INFO 07-27 15:43:07 [parallel_state.py:1607] world_size=16 rank=7 local_rank=1 distributed_init_method=tcp://127.0.0.1:48418 backend=hccl
[Gloo] Rank 0 is connected to 15 peer ranks. Expected number of connected peer ranks is : 15
[Gloo] Rank 1 is connected to 15 peer ranks. Expected number of connected peer ranks is : 15
[Gloo] Rank 2 is connected to 15 peer ranks. Expected number of connected peer ranks is : 15
[Gloo] Rank 3 is connected to 15 peer ranks. Expected number of connected peer ranks is : 15
[Gloo] Rank 5 is connected to 15 peer ranks. Expected number of connected peer ranks is : 15
[Gloo] Rank 10 is connected to 15 peer ranks. Expected number of connected peer ranks is : 15
[Gloo] Rank 9 is connected to 15 peer ranks. Expected number of connected peer ranks is : 15
[Gloo] Rank 6 is connected to 15 peer ranks. Expected number of connected peer ranks is : 15
[Gloo] Rank 8 is connected to 15 peer ranks. Expected number of connected peer ranks is : 15
[Gloo] Rank 4 is connected to 15 peer ranks. Expected number of connected peer ranks is : 15
[Gloo] Rank 11 is connected to 15 peer ranks. Expected number of connected peer ranks is : 15
[Gloo] Rank 7 is connected to 15 peer ranks. Expected number of connected peer ranks is : 15
[Gloo] Rank 12 is connected to 15 peer ranks. Expected number of connected peer ranks is : 15
[Gloo] Rank 13 is connected to 15 peer ranks. Expected number of connected peer ranks is : 15
[Gloo] Rank 14 is connected to 15 peer ranks. Expected number of connected peer ranks is : 15
[Gloo] Rank 15 is connected to 15 peer ranks. Expected number of connected peer ranks is : 15
[Gloo] Rank 1 is connected to 1 peer ranks. Expected number of connected peer ranks is : 1
[Gloo] Rank 0 is connected to 1 peer ranks. Expected number of connected peer ranks is : 1
[Gloo] Rank 0 is connected to 0 peer ranks. Expected number of connected peer ranks is : 0
[Gloo] Rank 0 is connected to 0 peer ranks. Expected number of connected peer ranks is : 0
[Gloo] Rank 0 is connected to 0 peer ranks. Expected number of connected peer ranks is : 0
[Gloo] Rank 0 is connected to 0 peer ranks. Expected number of connected peer ranks is : 0
[Gloo] Rank 0 is connected to 0 peer ranks. Expected number of connected peer ranks is : 0
[Gloo] Rank 0 is connected to 0 peer ranks. Expected number of connected peer ranks is : 0
[Gloo] Rank 1 is connected to 1 peer ranks. Expected number of connected peer ranks is : 1
[Gloo] Rank 0 is connected to 1 peer ranks. Expected number of connected peer ranks is : 1
[Gloo] Rank 1 is connected to 1 peer ranks. Expected number of connected peer ranks is : 1
[Gloo] Rank 0 is connected to 1 peer ranks. Expected number of connected peer ranks is : 1
[Gloo] Rank 0 is connected to 1 peer ranks. Expected number of connected peer ranks is : 1
[Gloo] Rank 1 is connected to 1 peer ranks. Expected number of connected peer ranks is : 1
[Gloo] Rank 0 is connected to 1 peer ranks. Expected number of connected peer ranks is : 1
[Gloo] Rank 1 is connected to 1 peer ranks. Expected number of connected peer ranks is : 1
[Gloo] Rank 0 is connected to 1 peer ranks. Expected number of connected peer ranks is : 1
[Gloo] Rank 1 is connected to 1 peer ranks. Expected number of connected peer ranks is : 1
[Gloo] Rank 1 is connected to 1 peer ranks. Expected number of connected peer ranks is : 1
[Gloo] Rank 0 is connected to 1 peer ranks. Expected number of connected peer ranks is : 1
[Gloo] Rank 0 is connected to 1 peer ranks. Expected number of connected peer ranks is : 1
[Gloo] Rank 1 is connected to 1 peer ranks. Expected number of connected peer ranks is : 1
[Gloo] Rank 0 is connected to 0 peer ranks. Expected number of connected peer ranks is : 0
[Gloo] Rank 0 is connected to 0 peer ranks. Expected number of connected peer ranks is : 0
[Gloo] Rank 0 is connected to 0 peer ranks. Expected number of connected peer ranks is : 0
[Gloo] Rank 0 is connected to 0 peer ranks. Expected number of connected peer ranks is : 0
[Gloo] Rank 0 is connected to 0 peer ranks. Expected number of connected peer ranks is : 0
[Gloo] Rank 0 is connected to 0 peer ranks. Expected number of connected peer ranks is : 0
[Gloo] Rank 0 is connected to 0 peer ranks. Expected number of connected peer ranks is : 0
[Gloo] Rank 0 is connected to 0 peer ranks. Expected number of connected peer ranks is : 0
[Gloo] Rank 0 is connected to 0 peer ranks. Expected number of connected peer ranks is : 0
[Gloo] Rank 0 is connected to 0 peer ranks. Expected number of connected peer ranks is : 0
[Gloo] Rank 0 is connected to 0 peer ranks. Expected number of connected peer ranks is : 0
[Gloo] Rank 0 is connected to 0 peer ranks. Expected number of connected peer ranks is : 0
[Gloo] Rank 0 is connected to 0 peer ranks. Expected number of connected peer ranks is : 0
[Gloo] Rank 0 is connected to 0 peer ranks. Expected number of connected peer ranks is : 0
[Gloo] Rank 0 is connected to 0 peer ranks. Expected number of connected peer ranks is : 0
[Gloo] Rank 0 is connected to 0 peer ranks. Expected number of connected peer ranks is : 0
[Gloo] Rank 0 is connected to 0 peer ranks. Expected number of connected peer ranks is : 0
[Gloo] Rank 0 is connected to 0 peer ranks. Expected number of connected peer ranks is : 0
[Gloo] Rank 0 is connected to 0 peer ranks. Expected number of connected peer ranks is : 0
[Gloo] Rank 0 is connected to 0 peer ranks. Expected number of connected peer ranks is : 0
[Gloo] Rank 0 is connected to 0 peer ranks. Expected number of connected peer ranks is : 0
[Gloo] Rank 0 is connected to 0 peer ranks. Expected number of connected peer ranks is : 0
[Gloo] Rank 0 is connected to 0 peer ranks. Expected number of connected peer ranks is : 0
[Gloo] Rank 0 is connected to 0 peer ranks. Expected number of connected peer ranks is : 0
[Gloo] Rank 0 is connected to 0 peer ranks. Expected number of connected peer ranks is : 0
[Gloo] Rank 0 is connected to 0 peer ranks. Expected number of connected peer ranks is : 0
[Gloo] Rank 0 is connected to 0 peer ranks. Expected number of connected peer ranks is : 0
[Gloo] Rank 0 is connected to 0 peer ranks. Expected number of connected peer ranks is : 0
[Gloo] Rank 0 is connected to 0 peer ranks. Expected number of connected peer ranks is : 0
[Gloo] Rank 0 is connected to 0 peer ranks. Expected number of connected peer ranks is : 0
[Gloo] Rank 0 is connected to 0 peer ranks. Expected number of connected peer ranks is : 0
[Gloo] Rank 0 is connected to 0 peer ranks. Expected number of connected peer ranks is : 0
[Gloo] Rank 0 is connected to 0 peer ranks. Expected number of connected peer ranks is : 0
[Gloo] Rank 0 is connected to 0 peer ranks. Expected number of connected peer ranks is : 0
[Gloo] Rank 0 is connected to 0 peer ranks. Expected number of connected peer ranks is : 0
[Gloo] Rank 0 is connected to 0 peer ranks. Expected number of connected peer ranks is : 0
[Gloo] Rank 0 is connected to 0 peer ranks. Expected number of connected peer ranks is : 0
[Gloo] Rank 0 is connected to 0 peer ranks. Expected number of connected peer ranks is : 0
[Gloo] Rank 0 is connected to 0 peer ranks. Expected number of connected peer ranks is : 0
[Gloo] Rank 0 is connected to 0 peer ranks. Expected number of connected peer ranks is : 0
[Gloo] Rank 0 is connected to 0 peer ranks. Expected number of connected peer ranks is : 0
[Gloo] Rank 0 is connected to 0 peer ranks. Expected number of connected peer ranks is : 0
[Gloo] Rank 0 is connected to 7 peer ranks. Expected number of connected peer ranks is : 7
[Gloo] Rank 0 is connected to 7 peer ranks. Expected number of connected peer ranks is : 7
[Gloo] Rank 1 is connected to 7 peer ranks. Expected number of connected peer ranks is : 7
[Gloo] Rank 2 is connected to 7 peer ranks. Expected number of connected peer ranks is : 7
[Gloo] Rank 4 is connected to 7 peer ranks. Expected number of connected peer ranks is : 7
[Gloo] Rank 1 is connected to 7 peer ranks. Expected number of connected peer ranks is : 7
[Gloo] Rank 3 is connected to 7 peer ranks. Expected number of connected peer ranks is : 7
[Gloo] Rank 2 is connected to 7 peer ranks. Expected number of connected peer ranks is : 7
[Gloo] Rank 5 is connected to 7 peer ranks. Expected number of connected peer ranks is : 7
[Gloo] Rank 3 is connected to 7 peer ranks. Expected number of connected peer ranks is : 7
[Gloo] Rank 4 is connected to 7 peer ranks. Expected number of connected peer ranks is : 7
[Gloo] Rank 5 is connected to 7 peer ranks. Expected number of connected peer ranks is : 7
[Gloo] Rank 7 is connected to 7 peer ranks. Expected number of connected peer ranks is : 7
[Gloo] Rank 6 is connected to 7 peer ranks. Expected number of connected peer ranks is : 7
[Gloo] Rank 7 is connected to 7 peer ranks. Expected number of connected peer ranks is : 7
[Gloo] Rank 6 is connected to 7 peer ranks. Expected number of connected peer ranks is : 7
[Gloo] Rank 3 is connected to 15 peer ranks. Expected number of connected peer ranks is : 15
[Gloo] Rank 1 is connected to 15 peer ranks. Expected number of connected peer ranks is : 15
[Gloo] Rank 0 is connected to 15 peer ranks. Expected number of connected peer ranks is : 15
[Gloo] Rank 11 is connected to 15 peer ranks. Expected number of connected peer ranks is : 15
[Gloo] Rank 6 is connected to 15 peer ranks. Expected number of connected peer ranks is : 15
[Gloo] Rank 2 is connected to 15 peer ranks. Expected number of connected peer ranks is : 15
[Gloo] Rank 4 is connected to 15 peer ranks. Expected number of connected peer ranks is : 15
[Gloo] Rank 5 is connected to 15 peer ranks. Expected number of connected peer ranks is : 15
[Gloo] Rank 8 is connected to 15 peer ranks. Expected number of connected peer ranks is : 15
(Worker pid=233535) INFO 07-27 15:43:07 [parallel_state.py:1942] rank 0 in world size 16 is assigned as DP rank 0, PP rank 0, PCP rank 0, TP rank 0, EP rank 0, EPLB rank N/A
[Gloo] Rank 7 is connected to 15 peer ranks. Expected number of connected peer ranks is : 15
[Gloo] Rank 12 is connected to 15 peer ranks. Expected number of connected peer ranks is : 15
[Gloo] Rank 9 is connected to 15 peer ranks. Expected number of connected peer ranks is : 15
[Gloo] Rank 10 is connected to 15 peer ranks. Expected number of connected peer ranks is : 15
[Gloo] Rank 13 is connected to 15 peer ranks. Expected number of connected peer ranks is : 15
[Gloo] Rank 14 is connected to 15 peer ranks. Expected number of connected peer ranks is : 15
[Gloo] Rank 15 is connected to 15 peer ranks. Expected number of connected peer ranks is : 15
(Worker pid=233530) INFO 07-27 15:43:07 [parallel_state.py:1942] rank 4 in world size 16 is assigned as DP rank 2, PP rank 0, PCP rank 0, TP rank 0, EP rank 4, EPLB rank N/A
(Worker pid=233531) INFO 07-27 15:43:07 [parallel_state.py:1942] rank 8 in world size 16 is assigned as DP rank 4, PP rank 0, PCP rank 0, TP rank 0, EP rank 8, EPLB rank N/A
(Worker pid=233532) INFO 07-27 15:43:07 [parallel_state.py:1942] rank 6 in world size 16 is assigned as DP rank 3, PP rank 0, PCP rank 0, TP rank 0, EP rank 6, EPLB rank N/A
(Worker pid=233533) INFO 07-27 15:43:07 [parallel_state.py:1942] rank 2 in world size 16 is assigned as DP rank 1, PP rank 0, PCP rank 0, TP rank 0, EP rank 2, EPLB rank N/A
(Worker pid=233529) INFO 07-27 15:43:07 [parallel_state.py:1942] rank 12 in world size 16 is assigned as DP rank 6, PP rank 0, PCP rank 0, TP rank 0, EP rank 12, EPLB rank N/A
(Worker pid=233528) INFO 07-27 15:43:07 [parallel_state.py:1942] rank 10 in world size 16 is assigned as DP rank 5, PP rank 0, PCP rank 0, TP rank 0, EP rank 10, EPLB rank N/A
(Worker pid=233534) INFO 07-27 15:43:07 [parallel_state.py:1942] rank 14 in world size 16 is assigned as DP rank 7, PP rank 0, PCP rank 0, TP rank 0, EP rank 14, EPLB rank N/A
[Gloo] Rank 0 is connected to 15 peer ranks. Expected number of connected peer ranks is : 15
[Gloo] Rank 1 is connected to 15 peer ranks. Expected number of connected peer ranks is : 15
[Gloo] Rank 4 is connected to 15 peer ranks. Expected number of connected peer ranks is : 15
[Gloo] Rank 5 is connected to 15 peer ranks. Expected number of connected peer ranks is : 15
[Gloo] Rank 2 is connected to 15 peer ranks. Expected number of connected peer ranks is : 15
[Gloo] Rank 7 is connected to 15 peer ranks. Expected number of connected peer ranks is : 15
[Gloo] Rank 3 is connected to 15 peer ranks. Expected number of connected peer ranks is : 15
[Gloo] Rank 8 is connected to 15 peer ranks. Expected number of connected peer ranks is : 15
[Gloo] Rank 9 is connected to 15 peer ranks. Expected number of connected peer ranks is : 15
[Gloo] Rank 12 is connected to 15 peer ranks. Expected number of connected peer ranks is : 15
[Gloo] Rank 10 is connected to 15 peer ranks. Expected number of connected peer ranks is : 15
[Gloo] Rank 11 is connected to 15 peer ranks. Expected number of connected peer ranks is : 15
[Gloo] Rank 6 is connected to 15 peer ranks. Expected number of connected peer ranks is : 15
[Gloo] Rank 15 is connected to 15 peer ranks. Expected number of connected peer ranks is : 15
[Gloo] Rank 13 is connected to 15 peer ranks. Expected number of connected peer ranks is : 15
[Gloo] Rank 14 is connected to 15 peer ranks. Expected number of connected peer ranks is : 15
[Gloo] Rank 0 is connected to 1 peer ranks. Expected number of connected peer ranks is : 1
[Gloo] Rank 0 is connected to 1 peer ranks. Expected number of connected peer ranks is : 1
[Gloo] Rank 0 is connected to 1 peer ranks. Expected number of connected peer ranks is : 1
[Gloo] Rank 1 is connected to 1 peer ranks. Expected number of connected peer ranks is : 1
[Gloo] Rank 1 is connected to 1 peer ranks. Expected number of connected peer ranks is : 1
[Gloo] Rank 0 is connected to 1 peer ranks. Expected number of connected peer ranks is : 1
[Gloo] Rank 1 is connected to 1 peer ranks. Expected number of connected peer ranks is : 1
[Gloo] Rank 1 is connected to 1 peer ranks. Expected number of connected peer ranks is : 1
[Gloo] Rank 1 is connected to 1 peer ranks. Expected number of connected peer ranks is : 1
[Gloo] Rank 1 is connected to 1 peer ranks. Expected number of connected peer ranks is : 1
[Gloo] Rank 0 is connected to 1 peer ranks. Expected number of connected peer ranks is : 1
[Gloo] Rank 0 is connected to 1 peer ranks. Expected number of connected peer ranks is : 1
[Gloo] Rank 1 is connected to 1 peer ranks. Expected number of connected peer ranks is : 1
[Gloo] Rank 1 is connected to 1 peer ranks. Expected number of connected peer ranks is : 1
[Gloo] Rank 0 is connected to 1 peer ranks. Expected number of connected peer ranks is : 1
[Gloo] Rank 0 is connected to 1 peer ranks. Expected number of connected peer ranks is : 1
(Worker pid=233895) WARNING 07-27 15:43:07 [__init__.py:204] min_p and logit_bias parameters won't work with speculative decoding.
(Worker pid=233534) WARNING 07-27 15:43:07 [__init__.py:204] min_p and logit_bias parameters won't work with speculative decoding.
(Worker pid=233535) WARNING 07-27 15:43:07 [__init__.py:204] min_p and logit_bias parameters won't work with speculative decoding.
(Worker pid=233528) WARNING 07-27 15:43:07 [__init__.py:204] min_p and logit_bias parameters won't work with speculative decoding.
(Worker pid=233954) WARNING 07-27 15:43:07 [__init__.py:204] min_p and logit_bias parameters won't work with speculative decoding.
(Worker pid=233918) WARNING 07-27 15:43:07 [__init__.py:204] min_p and logit_bias parameters won't work with speculative decoding.
(Worker pid=233897) WARNING 07-27 15:43:07 [__init__.py:204] min_p and logit_bias parameters won't work with speculative decoding.
(Worker pid=233530) WARNING 07-27 15:43:07 [__init__.py:204] min_p and logit_bias parameters won't work with speculative decoding.
(Worker pid=233533) WARNING 07-27 15:43:07 [__init__.py:204] min_p and logit_bias parameters won't work with speculative decoding.
(Worker pid=233531) WARNING 07-27 15:43:07 [__init__.py:204] min_p and logit_bias parameters won't work with speculative decoding.
(Worker pid=233943) WARNING 07-27 15:43:07 [__init__.py:204] min_p and logit_bias parameters won't work with speculative decoding.
(Worker pid=233529) WARNING 07-27 15:43:07 [__init__.py:204] min_p and logit_bias parameters won't work with speculative decoding.
(Worker pid=233532) WARNING 07-27 15:43:07 [__init__.py:204] min_p and logit_bias parameters won't work with speculative decoding.
(Worker pid=233940) WARNING 07-27 15:43:07 [__init__.py:204] min_p and logit_bias parameters won't work with speculative decoding.
(Worker pid=233966) WARNING 07-27 15:43:07 [__init__.py:204] min_p and logit_bias parameters won't work with speculative decoding.
(Worker pid=233907) WARNING 07-27 15:43:07 [__init__.py:204] min_p and logit_bias parameters won't work with speculative decoding.
(Worker pid=233895) WARNING 07-27 15:43:07 [__init__.py:204] min_p and logit_bias parameters won't work with speculative decoding.
(Worker_DP6_TP1_EP13 pid=233895) INFO 07-27 15:43:07 [model_runner_v1.py:3764] Starting to load model /mnt/weights/DeepSeek-V3.1-Terminus-w8a8-QuaRot-lfs...
(Worker pid=233534) WARNING 07-27 15:43:07 [__init__.py:204] min_p and logit_bias parameters won't work with speculative decoding.
(Worker_DP7_TP0_EP14 pid=233534) INFO 07-27 15:43:07 [model_runner_v1.py:3764] Starting to load model /mnt/weights/DeepSeek-V3.1-Terminus-w8a8-QuaRot-lfs...
(Worker pid=233535) WARNING 07-27 15:43:07 [__init__.py:204] min_p and logit_bias parameters won't work with speculative decoding.
(Worker pid=233918) WARNING 07-27 15:43:07 [__init__.py:204] min_p and logit_bias parameters won't work with speculative decoding.
(Worker pid=233528) WARNING 07-27 15:43:07 [__init__.py:204] min_p and logit_bias parameters won't work with speculative decoding.
(Worker_DP0_TP0_EP0 pid=233535) INFO 07-27 15:43:07 [model_runner_v1.py:3764] Starting to load model /mnt/weights/DeepSeek-V3.1-Terminus-w8a8-QuaRot-lfs...
(Worker_DP2_TP1_EP5 pid=233918) INFO 07-27 15:43:07 [model_runner_v1.py:3764] Starting to load model /mnt/weights/DeepSeek-V3.1-Terminus-w8a8-QuaRot-lfs...
(Worker_DP5_TP0_EP10 pid=233528) INFO 07-27 15:43:07 [model_runner_v1.py:3764] Starting to load model /mnt/weights/DeepSeek-V3.1-Terminus-w8a8-QuaRot-lfs...
(Worker pid=233529) WARNING 07-27 15:43:07 [__init__.py:204] min_p and logit_bias parameters won't work with speculative decoding.
(Worker pid=233531) WARNING 07-27 15:43:07 [__init__.py:204] min_p and logit_bias parameters won't work with speculative decoding.
(Worker pid=233530) WARNING 07-27 15:43:07 [__init__.py:204] min_p and logit_bias parameters won't work with speculative decoding.
(Worker_DP6_TP0_EP12 pid=233529) INFO 07-27 15:43:07 [model_runner_v1.py:3764] Starting to load model /mnt/weights/DeepSeek-V3.1-Terminus-w8a8-QuaRot-lfs...
(Worker pid=233533) WARNING 07-27 15:43:07 [__init__.py:204] min_p and logit_bias parameters won't work with speculative decoding.
(Worker pid=233943) WARNING 07-27 15:43:07 [__init__.py:204] min_p and logit_bias parameters won't work with speculative decoding.
(Worker pid=233966) WARNING 07-27 15:43:07 [__init__.py:204] min_p and logit_bias parameters won't work with speculative decoding.
(Worker_DP4_TP0_EP8 pid=233531) INFO 07-27 15:43:07 [model_runner_v1.py:3764] Starting to load model /mnt/weights/DeepSeek-V3.1-Terminus-w8a8-QuaRot-lfs...
(Worker pid=233532) WARNING 07-27 15:43:07 [__init__.py:204] min_p and logit_bias parameters won't work with speculative decoding.
(Worker_DP1_TP0_EP2 pid=233533) INFO 07-27 15:43:07 [model_runner_v1.py:3764] Starting to load model /mnt/weights/DeepSeek-V3.1-Terminus-w8a8-QuaRot-lfs...
(Worker pid=233954) WARNING 07-27 15:43:07 [__init__.py:204] min_p and logit_bias parameters won't work with speculative decoding.
(Worker_DP1_TP1_EP3 pid=233943) INFO 07-27 15:43:07 [model_runner_v1.py:3764] Starting to load model /mnt/weights/DeepSeek-V3.1-Terminus-w8a8-QuaRot-lfs...
(Worker pid=233897) WARNING 07-27 15:43:07 [__init__.py:204] min_p and logit_bias parameters won't work with speculative decoding.
(Worker_DP7_TP1_EP15 pid=233966) INFO 07-27 15:43:07 [model_runner_v1.py:3764] Starting to load model /mnt/weights/DeepSeek-V3.1-Terminus-w8a8-QuaRot-lfs...
(Worker pid=233940) WARNING 07-27 15:43:07 [__init__.py:204] min_p and logit_bias parameters won't work with speculative decoding.
(Worker_DP2_TP0_EP4 pid=233530) INFO 07-27 15:43:07 [model_runner_v1.py:3764] Starting to load model /mnt/weights/DeepSeek-V3.1-Terminus-w8a8-QuaRot-lfs...
(Worker_DP3_TP0_EP6 pid=233532) INFO 07-27 15:43:07 [model_runner_v1.py:3764] Starting to load model /mnt/weights/DeepSeek-V3.1-Terminus-w8a8-QuaRot-lfs...
(Worker_DP3_TP1_EP7 pid=233954) INFO 07-27 15:43:07 [model_runner_v1.py:3764] Starting to load model /mnt/weights/DeepSeek-V3.1-Terminus-w8a8-QuaRot-lfs...
(Worker_DP5_TP1_EP11 pid=233897) INFO 07-27 15:43:07 [model_runner_v1.py:3764] Starting to load model /mnt/weights/DeepSeek-V3.1-Terminus-w8a8-QuaRot-lfs...
(Worker_DP4_TP1_EP9 pid=233940) INFO 07-27 15:43:07 [model_runner_v1.py:3764] Starting to load model /mnt/weights/DeepSeek-V3.1-Terminus-w8a8-QuaRot-lfs...
(Worker pid=233907) WARNING 07-27 15:43:07 [__init__.py:204] min_p and logit_bias parameters won't work with speculative decoding.
(Worker_DP0_TP1_EP1 pid=233907) INFO 07-27 15:43:07 [model_runner_v1.py:3764] Starting to load model /mnt/weights/DeepSeek-V3.1-Terminus-w8a8-QuaRot-lfs...
(Worker_DP4_TP0_EP8 pid=233531) INFO 07-27 15:43:08 [modelslim_config.py:478] Using the vLLM Ascend modelslim Quantization now!
(Worker_DP5_TP0_EP10 pid=233528) INFO 07-27 15:43:08 [modelslim_config.py:478] Using the vLLM Ascend modelslim Quantization now!
(Worker_DP7_TP0_EP14 pid=233534) INFO 07-27 15:43:08 [modelslim_config.py:478] Using the vLLM Ascend modelslim Quantization now!
(Worker_DP3_TP0_EP6 pid=233532) INFO 07-27 15:43:08 [modelslim_config.py:478] Using the vLLM Ascend modelslim Quantization now!
(Worker_DP0_TP0_EP0 pid=233535) INFO 07-27 15:43:08 [modelslim_config.py:478] Using the vLLM Ascend modelslim Quantization now!
(Worker_DP2_TP0_EP4 pid=233530) INFO 07-27 15:43:08 [modelslim_config.py:478] Using the vLLM Ascend modelslim Quantization now!
(Worker_DP6_TP0_EP12 pid=233529) INFO 07-27 15:43:08 [modelslim_config.py:478] Using the vLLM Ascend modelslim Quantization now!
(Worker_DP1_TP0_EP2 pid=233533) INFO 07-27 15:43:08 [modelslim_config.py:478] Using the vLLM Ascend modelslim Quantization now!
(Worker_DP4_TP0_EP8 pid=233531) INFO 07-27 15:43:08 [expert_map_manager.py:245] [EP Rank 8/16] Expert parallelism is enabled. Expert placement strategy: linear. Local/global number of experts: 16/256. Experts local to global index map: 0->128, 1->129, 2->130, 3->131, 4->132, 5->133, 6->134, 7->135, 8->136, 9->137, 10->138, 11->139, 12->140, 13->141, 14->142, 15->143.
(Worker_DP7_TP0_EP14 pid=233534) INFO 07-27 15:43:08 [expert_map_manager.py:245] [EP Rank 14/16] Expert parallelism is enabled. Expert placement strategy: linear. Local/global number of experts: 16/256. Experts local to global index map: 0->224, 1->225, 2->226, 3->227, 4->228, 5->229, 6->230, 7->231, 8->232, 9->233, 10->234, 11->235, 12->236, 13->237, 14->238, 15->239.
(Worker_DP3_TP0_EP6 pid=233532) INFO 07-27 15:43:08 [expert_map_manager.py:245] [EP Rank 6/16] Expert parallelism is enabled. Expert placement strategy: linear. Local/global number of experts: 16/256. Experts local to global index map: 0->96, 1->97, 2->98, 3->99, 4->100, 5->101, 6->102, 7->103, 8->104, 9->105, 10->106, 11->107, 12->108, 13->109, 14->110, 15->111.
(Worker_DP5_TP0_EP10 pid=233528) INFO 07-27 15:43:08 [expert_map_manager.py:245] [EP Rank 10/16] Expert parallelism is enabled. Expert placement strategy: linear. Local/global number of experts: 16/256. Experts local to global index map: 0->160, 1->161, 2->162, 3->163, 4->164, 5->165, 6->166, 7->167, 8->168, 9->169, 10->170, 11->171, 12->172, 13->173, 14->174, 15->175.
(Worker_DP2_TP0_EP4 pid=233530) INFO 07-27 15:43:08 [expert_map_manager.py:245] [EP Rank 4/16] Expert parallelism is enabled. Expert placement strategy: linear. Local/global number of experts: 16/256. Experts local to global index map: 0->64, 1->65, 2->66, 3->67, 4->68, 5->69, 6->70, 7->71, 8->72, 9->73, 10->74, 11->75, 12->76, 13->77, 14->78, 15->79.
(Worker_DP0_TP0_EP0 pid=233535) INFO 07-27 15:43:08 [expert_map_manager.py:245] [EP Rank 0/16] Expert parallelism is enabled. Expert placement strategy: linear. Local/global number of experts: 16/256. Experts local to global index map: 0->0, 1->1, 2->2, 3->3, 4->4, 5->5, 6->6, 7->7, 8->8, 9->9, 10->10, 11->11, 12->12, 13->13, 14->14, 15->15.
(Worker_DP6_TP0_EP12 pid=233529) INFO 07-27 15:43:08 [expert_map_manager.py:245] [EP Rank 12/16] Expert parallelism is enabled. Expert placement strategy: linear. Local/global number of experts: 16/256. Experts local to global index map: 0->192, 1->193, 2->194, 3->195, 4->196, 5->197, 6->198, 7->199, 8->200, 9->201, 10->202, 11->203, 12->204, 13->205, 14->206, 15->207.
(Worker_DP1_TP0_EP2 pid=233533) INFO 07-27 15:43:09 [expert_map_manager.py:245] [EP Rank 2/16] Expert parallelism is enabled. Expert placement strategy: linear. Local/global number of experts: 16/256. Experts local to global index map: 0->32, 1->33, 2->34, 3->35, 4->36, 5->37, 6->38, 7->39, 8->40, 9->41, 10->42, 11->43, 12->44, 13->45, 14->46, 15->47.
(Worker_DP5_TP0_EP10 pid=233528) INFO 07-27 15:43:18 [compilation.py:1067] Using OOT custom backend for compilation.
(Worker_DP1_TP0_EP2 pid=233533) INFO 07-27 15:43:18 [compilation.py:1067] Using OOT custom backend for compilation.
(Worker_DP7_TP0_EP14 pid=233534) INFO 07-27 15:43:18 [compilation.py:1067] Using OOT custom backend for compilation.
(Worker_DP2_TP1_EP5 pid=233918) INFO 07-27 15:43:18 [compilation.py:1067] Using OOT custom backend for compilation.
(Worker_DP6_TP1_EP13 pid=233895) INFO 07-27 15:43:18 [compilation.py:1067] Using OOT custom backend for compilation.
(Worker_DP3_TP1_EP7 pid=233954) INFO 07-27 15:43:18 [compilation.py:1067] Using OOT custom backend for compilation.
(Worker_DP0_TP1_EP1 pid=233907) INFO 07-27 15:43:18 [compilation.py:1067] Using OOT custom backend for compilation.
(Worker_DP1_TP0_EP2 pid=233533) INFO 07-27 15:43:18 [weight_utils.py:857] Filesystem type for checkpoints: EXT4. Checkpoint size: 646.43 GiB. Available RAM: 1877.42 GiB.
(Worker_DP1_TP0_EP2 pid=233533) INFO 07-27 15:43:18 [weight_utils.py:880] Auto-prefetch is disabled because the filesystem (EXT4) is not a recognized network FS (NFS/Lustre). If you want to force prefetching, start vLLM with --safetensors-load-strategy=prefetch.
(Worker_DP5_TP0_EP10 pid=233528) INFO 07-27 15:43:18 [weight_utils.py:857] Filesystem type for checkpoints: EXT4. Checkpoint size: 646.43 GiB. Available RAM: 1877.42 GiB.
(Worker_DP5_TP0_EP10 pid=233528) INFO 07-27 15:43:18 [weight_utils.py:880] Auto-prefetch is disabled because the filesystem (EXT4) is not a recognized network FS (NFS/Lustre). If you want to force prefetching, start vLLM with --safetensors-load-strategy=prefetch.
(Worker_DP7_TP0_EP14 pid=233534) INFO 07-27 15:43:18 [weight_utils.py:857] Filesystem type for checkpoints: EXT4. Checkpoint size: 646.43 GiB. Available RAM: 1877.40 GiB.
(Worker_DP7_TP0_EP14 pid=233534) INFO 07-27 15:43:18 [weight_utils.py:880] Auto-prefetch is disabled because the filesystem (EXT4) is not a recognized network FS (NFS/Lustre). If you want to force prefetching, start vLLM with --safetensors-load-strategy=prefetch.
(Worker_DP4_TP0_EP8 pid=233531) INFO 07-27 15:43:18 [compilation.py:1067] Using OOT custom backend for compilation.
(Worker_DP4_TP1_EP9 pid=233940) INFO 07-27 15:43:18 [compilation.py:1067] Using OOT custom backend for compilation.
(Worker_DP7_TP1_EP15 pid=233966) INFO 07-27 15:43:18 [compilation.py:1067] Using OOT custom backend for compilation.
(Worker_DP2_TP0_EP4 pid=233530) INFO 07-27 15:43:18 [compilation.py:1067] Using OOT custom backend for compilation.
(Worker_DP0_TP0_EP0 pid=233535) INFO 07-27 15:43:18 [compilation.py:1067] Using OOT custom backend for compilation.
(Worker_DP6_TP0_EP12 pid=233529) INFO 07-27 15:43:18 [compilation.py:1067] Using OOT custom backend for compilation.
(Worker_DP1_TP1_EP3 pid=233943) INFO 07-27 15:43:18 [compilation.py:1067] Using OOT custom backend for compilation.
(Worker_DP4_TP0_EP8 pid=233531) INFO 07-27 15:43:18 [weight_utils.py:857] Filesystem type for checkpoints: EXT4. Checkpoint size: 646.43 GiB. Available RAM: 1877.12 GiB.
(Worker_DP4_TP0_EP8 pid=233531) INFO 07-27 15:43:18 [weight_utils.py:880] Auto-prefetch is disabled because the filesystem (EXT4) is not a recognized network FS (NFS/Lustre). If you want to force prefetching, start vLLM with --safetensors-load-strategy=prefetch.
(Worker_DP5_TP1_EP11 pid=233897) INFO 07-27 15:43:18 [compilation.py:1067] Using OOT custom backend for compilation.
(Worker_DP3_TP0_EP6 pid=233532) INFO 07-27 15:43:18 [compilation.py:1067] Using OOT custom backend for compilation.
(Worker_DP0_TP0_EP0 pid=233535) INFO 07-27 15:43:18 [weight_utils.py:857] Filesystem type for checkpoints: EXT4. Checkpoint size: 646.43 GiB. Available RAM: 1876.91 GiB.
(Worker_DP0_TP0_EP0 pid=233535) INFO 07-27 15:43:18 [weight_utils.py:880] Auto-prefetch is disabled because the filesystem (EXT4) is not a recognized network FS (NFS/Lustre). If you want to force prefetching, start vLLM with --safetensors-load-strategy=prefetch.
(Worker_DP0_TP0_EP0 pid=233535) 
Loading safetensors checkpoint shards:   0% Completed | 0/162 [00:00<?, ?it/s]
(Worker_DP2_TP0_EP4 pid=233530) INFO 07-27 15:43:18 [weight_utils.py:857] Filesystem type for checkpoints: EXT4. Checkpoint size: 646.43 GiB. Available RAM: 1876.91 GiB.
(Worker_DP2_TP0_EP4 pid=233530) INFO 07-27 15:43:18 [weight_utils.py:880] Auto-prefetch is disabled because the filesystem (EXT4) is not a recognized network FS (NFS/Lustre). If you want to force prefetching, start vLLM with --safetensors-load-strategy=prefetch.
(Worker_DP6_TP0_EP12 pid=233529) INFO 07-27 15:43:18 [weight_utils.py:857] Filesystem type for checkpoints: EXT4. Checkpoint size: 646.43 GiB. Available RAM: 1876.84 GiB.
(Worker_DP6_TP0_EP12 pid=233529) INFO 07-27 15:43:18 [weight_utils.py:880] Auto-prefetch is disabled because the filesystem (EXT4) is not a recognized network FS (NFS/Lustre). If you want to force prefetching, start vLLM with --safetensors-load-strategy=prefetch.
(Worker_DP3_TP0_EP6 pid=233532) INFO 07-27 15:43:19 [weight_utils.py:857] Filesystem type for checkpoints: EXT4. Checkpoint size: 646.43 GiB. Available RAM: 1876.67 GiB.
(Worker_DP3_TP0_EP6 pid=233532) INFO 07-27 15:43:19 [weight_utils.py:880] Auto-prefetch is disabled because the filesystem (EXT4) is not a recognized network FS (NFS/Lustre). If you want to force prefetching, start vLLM with --safetensors-load-strategy=prefetch.
(Worker_DP0_TP0_EP0 pid=233535) 
Loading safetensors checkpoint shards:   1% Completed | 1/162 [00:00<01:07,  2.40it/s]
(Worker_DP0_TP0_EP0 pid=233535) 
Loading safetensors checkpoint shards:   1% Completed | 2/162 [00:00<01:04,  2.48it/s]
(Worker_DP0_TP0_EP0 pid=233535) 
Loading safetensors checkpoint shards:   2% Completed | 3/162 [00:00<00:48,  3.29it/s]
(Worker_DP0_TP0_EP0 pid=233535) 
Loading safetensors checkpoint shards:   2% Completed | 4/162 [00:01<00:49,  3.16it/s]
(Worker_DP0_TP0_EP0 pid=233535) 
Loading safetensors checkpoint shards:   3% Completed | 5/162 [00:01<00:44,  3.50it/s]
(Worker_DP0_TP0_EP0 pid=233535) 
Loading safetensors checkpoint shards:   4% Completed | 6/162 [00:01<00:38,  4.07it/s]
(Worker_DP0_TP0_EP0 pid=233535) 
Loading safetensors checkpoint shards:   4% Completed | 7/162 [00:02<00:41,  3.75it/s]
(Worker_DP0_TP0_EP0 pid=233535) 
Loading safetensors checkpoint shards:   5% Completed | 8/162 [00:02<00:39,  3.93it/s]
(Worker_DP0_TP0_EP0 pid=233535) 
Loading safetensors checkpoint shards:   6% Completed | 9/162 [00:02<00:36,  4.14it/s]
(Worker_DP0_TP0_EP0 pid=233535) 
Loading safetensors checkpoint shards:   6% Completed | 10/162 [00:02<00:38,  3.93it/s]
(Worker_DP0_TP0_EP0 pid=233535) 
Loading safetensors checkpoint shards:   7% Completed | 11/162 [00:02<00:35,  4.21it/s]
(Worker_DP0_TP0_EP0 pid=233535) 
Loading safetensors checkpoint shards:   7% Completed | 12/162 [00:03<00:38,  3.91it/s]
(Worker_DP0_TP0_EP0 pid=233535) 
Loading safetensors checkpoint shards:   8% Completed | 13/162 [00:03<00:36,  4.10it/s]
(Worker_DP0_TP0_EP0 pid=233535) 
Loading safetensors checkpoint shards:   9% Completed | 14/162 [00:03<00:32,  4.57it/s]
(Worker_DP0_TP0_EP0 pid=233535) 
Loading safetensors checkpoint shards:   9% Completed | 15/162 [00:03<00:37,  3.94it/s]
(Worker_DP0_TP0_EP0 pid=233535) 
Loading safetensors checkpoint shards:  10% Completed | 16/162 [00:04<00:36,  4.02it/s]
(Worker_DP0_TP0_EP0 pid=233535) 
Loading safetensors checkpoint shards:  10% Completed | 17/162 [00:04<00:33,  4.27it/s]
(Worker_DP0_TP0_EP0 pid=233535) 
Loading safetensors checkpoint shards:  11% Completed | 18/162 [00:04<00:39,  3.67it/s]
(Worker_DP0_TP0_EP0 pid=233535) 
Loading safetensors checkpoint shards:  12% Completed | 19/162 [00:05<00:37,  3.84it/s]
(Worker_DP0_TP0_EP0 pid=233535) 
Loading safetensors checkpoint shards:  12% Completed | 20/162 [00:05<00:41,  3.39it/s]
(Worker_DP0_TP0_EP0 pid=233535) 
Loading safetensors checkpoint shards:  13% Completed | 21/162 [00:05<00:39,  3.57it/s]
(Worker_DP0_TP0_EP0 pid=233535) 
Loading safetensors checkpoint shards:  14% Completed | 22/162 [00:05<00:35,  3.99it/s]
(Worker_DP0_TP0_EP0 pid=233535) 
Loading safetensors checkpoint shards:  14% Completed | 23/162 [00:06<00:38,  3.57it/s]
(Worker_DP0_TP0_EP0 pid=233535) 
Loading safetensors checkpoint shards:  15% Completed | 24/162 [00:06<00:37,  3.71it/s]
(Worker_DP0_TP0_EP0 pid=233535) 
Loading safetensors checkpoint shards:  15% Completed | 25/162 [00:06<00:33,  4.08it/s]
(Worker_DP0_TP0_EP0 pid=233535) 
Loading safetensors checkpoint shards:  16% Completed | 26/162 [00:06<00:35,  3.87it/s]
(Worker_DP0_TP0_EP0 pid=233535) 
Loading safetensors checkpoint shards:  17% Completed | 27/162 [00:07<00:33,  4.02it/s]
(Worker_DP0_TP0_EP0 pid=233535) 
Loading safetensors checkpoint shards:  17% Completed | 28/162 [00:07<00:35,  3.80it/s]
(Worker_DP0_TP0_EP0 pid=233535) 
Loading safetensors checkpoint shards:  18% Completed | 29/162 [00:07<00:33,  3.97it/s]
(Worker_DP0_TP0_EP0 pid=233535) 
Loading safetensors checkpoint shards:  19% Completed | 30/162 [00:07<00:30,  4.33it/s]
(Worker_DP0_TP0_EP0 pid=233535) 
Loading safetensors checkpoint shards:  19% Completed | 31/162 [00:08<00:33,  3.90it/s]
(Worker_DP0_TP0_EP0 pid=233535) 
Loading safetensors checkpoint shards:  20% Completed | 32/162 [00:08<00:32,  4.02it/s]
(Worker_DP0_TP0_EP0 pid=233535) 
Loading safetensors checkpoint shards:  20% Completed | 33/162 [00:08<00:29,  4.36it/s]
(Worker_DP0_TP0_EP0 pid=233535) 
Loading safetensors checkpoint shards:  21% Completed | 34/162 [00:08<00:33,  3.79it/s]
(Worker_DP0_TP0_EP0 pid=233535) 
Loading safetensors checkpoint shards:  22% Completed | 35/162 [00:09<00:32,  3.90it/s]
(Worker_DP0_TP0_EP0 pid=233535) 
Loading safetensors checkpoint shards:  22% Completed | 36/162 [00:09<00:33,  3.75it/s]
(Worker_DP0_TP0_EP0 pid=233535) 
Loading safetensors checkpoint shards:  23% Completed | 37/162 [00:09<00:32,  3.87it/s]
(Worker_DP0_TP0_EP0 pid=233535) 
Loading safetensors checkpoint shards:  23% Completed | 38/162 [00:09<00:29,  4.25it/s]
(Worker_DP0_TP0_EP0 pid=233535) 
Loading safetensors checkpoint shards:  24% Completed | 39/162 [00:10<00:31,  3.91it/s]
(Worker_DP0_TP0_EP0 pid=233535) 
Loading safetensors checkpoint shards:  25% Completed | 40/162 [00:10<00:29,  4.11it/s]
(Worker_DP0_TP0_EP0 pid=233535) 
Loading safetensors checkpoint shards:  25% Completed | 41/162 [00:10<00:26,  4.55it/s]
(Worker_DP0_TP0_EP0 pid=233535) 
Loading safetensors checkpoint shards:  26% Completed | 42/162 [00:10<00:28,  4.19it/s]
(Worker_DP0_TP0_EP0 pid=233535) 
Loading safetensors checkpoint shards:  27% Completed | 43/162 [00:11<00:27,  4.31it/s]
(Worker_DP0_TP0_EP0 pid=233535) 
Loading safetensors checkpoint shards:  27% Completed | 44/162 [00:11<00:27,  4.35it/s]
(Worker_DP0_TP0_EP0 pid=233535) 
Loading safetensors checkpoint shards:  28% Completed | 45/162 [00:11<00:27,  4.24it/s]
(Worker_DP0_TP0_EP0 pid=233535) 
Loading safetensors checkpoint shards:  28% Completed | 46/162 [00:11<00:26,  4.43it/s]
(Worker_DP0_TP0_EP0 pid=233535) 
Loading safetensors checkpoint shards:  29% Completed | 47/162 [00:12<00:29,  3.92it/s]
(Worker_DP0_TP0_EP0 pid=233535) 
Loading safetensors checkpoint shards:  30% Completed | 48/162 [00:12<00:28,  4.07it/s]
(Worker_DP0_TP0_EP0 pid=233535) 
Loading safetensors checkpoint shards:  30% Completed | 49/162 [00:12<00:25,  4.44it/s]
(Worker_DP0_TP0_EP0 pid=233535) 
Loading safetensors checkpoint shards:  31% Completed | 50/162 [00:12<00:28,  3.90it/s]
(Worker_DP0_TP0_EP0 pid=233535) 
Loading safetensors checkpoint shards:  31% Completed | 51/162 [00:12<00:27,  4.02it/s]
(Worker_DP0_TP0_EP0 pid=233535) 
Loading safetensors checkpoint shards:  32% Completed | 52/162 [00:13<00:26,  4.23it/s]
(Worker_DP0_TP0_EP0 pid=233535) 
Loading safetensors checkpoint shards:  33% Completed | 53/162 [00:13<00:27,  3.92it/s]
(Worker_DP0_TP0_EP0 pid=233535) 
Loading safetensors checkpoint shards:  33% Completed | 54/162 [00:13<00:26,  4.13it/s]
(Worker_DP0_TP0_EP0 pid=233535) 
Loading safetensors checkpoint shards:  34% Completed | 55/162 [00:14<00:29,  3.67it/s]
(Worker_DP0_TP0_EP0 pid=233535) 
Loading safetensors checkpoint shards:  35% Completed | 56/162 [00:14<00:27,  3.84it/s]
(Worker_DP0_TP0_EP0 pid=233535) 
Loading safetensors checkpoint shards:  35% Completed | 57/162 [00:14<00:24,  4.21it/s]
(Worker_DP0_TP0_EP0 pid=233535) 
Loading safetensors checkpoint shards:  36% Completed | 58/162 [00:14<00:27,  3.83it/s]
(Worker_DP0_TP0_EP0 pid=233535) 
Loading safetensors checkpoint shards:  36% Completed | 59/162 [00:15<00:25,  3.97it/s]
(Worker_DP0_TP0_EP0 pid=233535) 
Loading safetensors checkpoint shards:  37% Completed | 60/162 [00:15<00:23,  4.26it/s]
(Worker_DP0_TP0_EP0 pid=233535) 
Loading safetensors checkpoint shards:  38% Completed | 61/162 [00:15<00:26,  3.77it/s]
(Worker_DP0_TP0_EP0 pid=233535) 
Loading safetensors checkpoint shards:  38% Completed | 62/162 [00:15<00:25,  3.97it/s]
(Worker_DP0_TP0_EP0 pid=233535) 
Loading safetensors checkpoint shards:  39% Completed | 63/162 [00:16<00:25,  3.90it/s]
(Worker_DP0_TP0_EP0 pid=233535) 
Loading safetensors checkpoint shards:  40% Completed | 64/162 [00:16<00:23,  4.13it/s]
(Worker_DP0_TP0_EP0 pid=233535) 
Loading safetensors checkpoint shards:  40% Completed | 65/162 [00:16<00:21,  4.58it/s]
(Worker_DP0_TP0_EP0 pid=233535) 
Loading safetensors checkpoint shards:  41% Completed | 66/162 [00:16<00:22,  4.21it/s]
(Worker_DP0_TP0_EP0 pid=233535) 
Loading safetensors checkpoint shards:  41% Completed | 67/162 [00:16<00:21,  4.34it/s]
(Worker_DP0_TP0_EP0 pid=233535) 
Loading safetensors checkpoint shards:  42% Completed | 68/162 [00:17<00:19,  4.70it/s]
(Worker_DP0_TP0_EP0 pid=233535) 
Loading safetensors checkpoint shards:  43% Completed | 69/162 [00:17<00:21,  4.32it/s]
(Worker_DP0_TP0_EP0 pid=233535) 
Loading safetensors checkpoint shards:  43% Completed | 70/162 [00:17<00:20,  4.46it/s]
(Worker_DP0_TP0_EP0 pid=233535) 
Loading safetensors checkpoint shards:  44% Completed | 71/162 [00:17<00:22,  4.00it/s]
(Worker_DP0_TP0_EP0 pid=233535) 
Loading safetensors checkpoint shards:  44% Completed | 72/162 [00:18<00:22,  4.08it/s]
(Worker_DP0_TP0_EP0 pid=233535) 
Loading safetensors checkpoint shards:  45% Completed | 73/162 [00:18<00:20,  4.41it/s]
(Worker_DP0_TP0_EP0 pid=233535) 
Loading safetensors checkpoint shards:  46% Completed | 74/162 [00:18<00:21,  4.03it/s]
(Worker_DP0_TP0_EP0 pid=233535) 
Loading safetensors checkpoint shards:  46% Completed | 75/162 [00:18<00:20,  4.19it/s]
(Worker_DP0_TP0_EP0 pid=233535) 
Loading safetensors checkpoint shards:  47% Completed | 76/162 [00:18<00:18,  4.56it/s]
(Worker_DP0_TP0_EP0 pid=233535) 
Loading safetensors checkpoint shards:  48% Completed | 77/162 [00:19<00:20,  4.20it/s]
(Worker_DP0_TP0_EP0 pid=233535) 
Loading safetensors checkpoint shards:  48% Completed | 78/162 [00:19<00:19,  4.42it/s]
(Worker_DP0_TP0_EP0 pid=233535) 
Loading safetensors checkpoint shards:  49% Completed | 79/162 [00:19<00:19,  4.27it/s]
(Worker_DP0_TP0_EP0 pid=233535) 
Loading safetensors checkpoint shards:  49% Completed | 80/162 [00:19<00:19,  4.31it/s]
(Worker_DP0_TP0_EP0 pid=233535) 
Loading safetensors checkpoint shards:  50% Completed | 81/162 [00:20<00:17,  4.66it/s]
(Worker_DP0_TP0_EP0 pid=233535) 
Loading safetensors checkpoint shards:  51% Completed | 82/162 [00:20<00:18,  4.24it/s]
(Worker_DP0_TP0_EP0 pid=233535) 
Loading safetensors checkpoint shards:  51% Completed | 83/162 [00:20<00:18,  4.32it/s]
(Worker_DP0_TP0_EP0 pid=233535) 
Loading safetensors checkpoint shards:  52% Completed | 84/162 [00:20<00:16,  4.72it/s]
(Worker_DP0_TP0_EP0 pid=233535) 
Loading safetensors checkpoint shards:  52% Completed | 85/162 [00:21<00:18,  4.26it/s]
(Worker_DP0_TP0_EP0 pid=233535) 
Loading safetensors checkpoint shards:  53% Completed | 86/162 [00:21<00:17,  4.30it/s]
(Worker_DP0_TP0_EP0 pid=233535) 
Loading safetensors checkpoint shards:  54% Completed | 87/162 [00:21<00:17,  4.24it/s]
(Worker_DP0_TP0_EP0 pid=233535) 
Loading safetensors checkpoint shards:  54% Completed | 88/162 [00:21<00:18,  4.09it/s]
(Worker_DP0_TP0_EP0 pid=233535) 
Loading safetensors checkpoint shards:  55% Completed | 89/162 [00:21<00:16,  4.30it/s]
(Worker_DP0_TP0_EP0 pid=233535) 
Loading safetensors checkpoint shards:  56% Completed | 90/162 [00:22<00:18,  3.93it/s]
(Worker_DP0_TP0_EP0 pid=233535) 
Loading safetensors checkpoint shards:  56% Completed | 91/162 [00:22<00:17,  4.05it/s]
(Worker_DP0_TP0_EP0 pid=233535) 
Loading safetensors checkpoint shards:  57% Completed | 92/162 [00:22<00:16,  4.37it/s]
(Worker_DP0_TP0_EP0 pid=233535) 
Loading safetensors checkpoint shards:  57% Completed | 93/162 [00:23<00:17,  3.89it/s]
(Worker_DP0_TP0_EP0 pid=233535) 
Loading safetensors checkpoint shards:  58% Completed | 94/162 [00:23<00:16,  4.05it/s]
(Worker_DP0_TP0_EP0 pid=233535) 
Loading safetensors checkpoint shards:  59% Completed | 95/162 [00:23<00:15,  4.25it/s]
(Worker_DP0_TP0_EP0 pid=233535) 
Loading safetensors checkpoint shards:  59% Completed | 96/162 [00:23<00:18,  3.63it/s]
(Worker_DP0_TP0_EP0 pid=233535) 
Loading safetensors checkpoint shards:  60% Completed | 97/162 [00:24<00:16,  3.89it/s]
(Worker_DP0_TP0_EP0 pid=233535) 
Loading safetensors checkpoint shards:  60% Completed | 98/162 [00:24<00:18,  3.55it/s]
(Worker_DP0_TP0_EP0 pid=233535) 
Loading safetensors checkpoint shards:  61% Completed | 99/162 [00:24<00:16,  3.74it/s]
(Worker_DP0_TP0_EP0 pid=233535) 
Loading safetensors checkpoint shards:  62% Completed | 100/162 [00:24<00:15,  4.11it/s]
(Worker_DP0_TP0_EP0 pid=233535) 
Loading safetensors checkpoint shards:  62% Completed | 101/162 [00:25<00:16,  3.78it/s]
(Worker_DP0_TP0_EP0 pid=233535) 
Loading safetensors checkpoint shards:  63% Completed | 102/162 [00:25<00:14,  4.02it/s]
(Worker_DP0_TP0_EP0 pid=233535) 
Loading safetensors checkpoint shards:  64% Completed | 103/162 [00:25<00:13,  4.40it/s]
(Worker_DP0_TP0_EP0 pid=233535) 
Loading safetensors checkpoint shards:  64% Completed | 104/162 [00:25<00:14,  4.07it/s]
(Worker_DP0_TP0_EP0 pid=233535) 
Loading safetensors checkpoint shards:  65% Completed | 105/162 [00:26<00:13,  4.24it/s]
(Worker_DP0_TP0_EP0 pid=233535) 
Loading safetensors checkpoint shards:  65% Completed | 106/162 [00:26<00:14,  3.84it/s]
(Worker_DP0_TP0_EP0 pid=233535) 
Loading safetensors checkpoint shards:  66% Completed | 107/162 [00:26<00:13,  3.98it/s]
(Worker_DP0_TP0_EP0 pid=233535) 
Loading safetensors checkpoint shards:  67% Completed | 108/162 [00:26<00:12,  4.31it/s]
(Worker_DP0_TP0_EP0 pid=233535) 
Loading safetensors checkpoint shards:  67% Completed | 109/162 [00:27<00:13,  3.86it/s]
(Worker_DP0_TP0_EP0 pid=233535) 
Loading safetensors checkpoint shards:  68% Completed | 110/162 [00:27<00:13,  3.99it/s]
(Worker_DP0_TP0_EP0 pid=233535) 
Loading safetensors checkpoint shards:  69% Completed | 111/162 [00:27<00:11,  4.31it/s]
(Worker_DP0_TP0_EP0 pid=233535) 
Loading safetensors checkpoint shards:  69% Completed | 112/162 [00:27<00:12,  3.85it/s]
(Worker_DP0_TP0_EP0 pid=233535) 
Loading safetensors checkpoint shards:  70% Completed | 113/162 [00:28<00:13,  3.70it/s]
(Worker_DP0_TP0_EP0 pid=233535) 
Loading safetensors checkpoint shards:  70% Completed | 114/162 [00:28<00:13,  3.52it/s]
(Worker_DP0_TP0_EP0 pid=233535) 
Loading safetensors checkpoint shards:  71% Completed | 115/162 [00:28<00:12,  3.72it/s]
(Worker_DP0_TP0_EP0 pid=233535) 
Loading safetensors checkpoint shards:  72% Completed | 116/162 [00:28<00:10,  4.19it/s]
(Worker_DP0_TP0_EP0 pid=233535) 
Loading safetensors checkpoint shards:  72% Completed | 117/162 [00:29<00:11,  3.85it/s]
(Worker_DP0_TP0_EP0 pid=233535) 
Loading safetensors checkpoint shards:  73% Completed | 118/162 [00:29<00:10,  4.06it/s]
(Worker_DP0_TP0_EP0 pid=233535) 
Loading safetensors checkpoint shards:  73% Completed | 119/162 [00:29<00:09,  4.47it/s]
(Worker_DP0_TP0_EP0 pid=233535) 
Loading safetensors checkpoint shards:  74% Completed | 120/162 [00:29<00:10,  3.82it/s]
(Worker_DP0_TP0_EP0 pid=233535) 
Loading safetensors checkpoint shards:  75% Completed | 121/162 [00:30<00:10,  3.89it/s]
(Worker_DP0_TP0_EP0 pid=233535) 
Loading safetensors checkpoint shards:  75% Completed | 122/162 [00:30<00:10,  3.81it/s]
(Worker_DP0_TP0_EP0 pid=233535) 
Loading safetensors checkpoint shards:  76% Completed | 123/162 [00:30<00:10,  3.89it/s]
(Worker_DP0_TP0_EP0 pid=233535) 
Loading safetensors checkpoint shards:  77% Completed | 124/162 [00:30<00:09,  4.21it/s]
(Worker_DP0_TP0_EP0 pid=233535) 
Loading safetensors checkpoint shards:  77% Completed | 125/162 [00:31<00:09,  3.89it/s]
(Worker_DP0_TP0_EP0 pid=233535) 
Loading safetensors checkpoint shards:  78% Completed | 126/162 [00:31<00:08,  4.08it/s]
(Worker_DP0_TP0_EP0 pid=233535) 
Loading safetensors checkpoint shards:  78% Completed | 127/162 [00:31<00:07,  4.39it/s]
(Worker_DP0_TP0_EP0 pid=233535) 
Loading safetensors checkpoint shards:  79% Completed | 128/162 [00:31<00:09,  3.73it/s]
(Worker_DP0_TP0_EP0 pid=233535) 
Loading safetensors checkpoint shards:  80% Completed | 129/162 [00:32<00:08,  3.87it/s]
(Worker_DP0_TP0_EP0 pid=233535) 
Loading safetensors checkpoint shards:  80% Completed | 130/162 [00:32<00:07,  4.01it/s]
(Worker_DP0_TP0_EP0 pid=233535) 
Loading safetensors checkpoint shards:  81% Completed | 131/162 [00:32<00:08,  3.74it/s]
(Worker_DP0_TP0_EP0 pid=233535) 
Loading safetensors checkpoint shards:  81% Completed | 132/162 [00:32<00:07,  4.03it/s]
(Worker_DP0_TP0_EP0 pid=233535) 
Loading safetensors checkpoint shards:  82% Completed | 133/162 [00:33<00:07,  3.81it/s]
(Worker_DP0_TP0_EP0 pid=233535) 
Loading safetensors checkpoint shards:  83% Completed | 134/162 [00:33<00:07,  3.99it/s]
(Worker_DP0_TP0_EP0 pid=233535) 
Loading safetensors checkpoint shards:  83% Completed | 135/162 [00:33<00:06,  4.37it/s]
(Worker_DP0_TP0_EP0 pid=233535) 
Loading safetensors checkpoint shards:  84% Completed | 136/162 [00:33<00:07,  3.71it/s]
(Worker_DP0_TP0_EP0 pid=233535) 
Loading safetensors checkpoint shards:  85% Completed | 137/162 [00:34<00:06,  3.90it/s]
(Worker_DP0_TP0_EP0 pid=233535) 
Loading safetensors checkpoint shards:  85% Completed | 138/162 [00:34<00:05,  4.18it/s]
(Worker_DP0_TP0_EP0 pid=233535) 
Loading safetensors checkpoint shards:  86% Completed | 139/162 [00:34<00:06,  3.81it/s]
(Worker_DP0_TP0_EP0 pid=233535) 
Loading safetensors checkpoint shards:  86% Completed | 140/162 [00:34<00:05,  4.03it/s]
(Worker_DP0_TP0_EP0 pid=233535) 
Loading safetensors checkpoint shards:  87% Completed | 141/162 [00:35<00:05,  3.55it/s]
(Worker_DP0_TP0_EP0 pid=233535) 
Loading safetensors checkpoint shards:  88% Completed | 142/162 [00:35<00:05,  3.67it/s]
(Worker_DP0_TP0_EP0 pid=233535) 
Loading safetensors checkpoint shards:  88% Completed | 143/162 [00:35<00:04,  4.03it/s]
(Worker_DP0_TP0_EP0 pid=233535) 
Loading safetensors checkpoint shards:  89% Completed | 144/162 [00:36<00:04,  3.69it/s]
(Worker_DP0_TP0_EP0 pid=233535) 
Loading safetensors checkpoint shards:  90% Completed | 145/162 [00:36<00:04,  3.96it/s]
(Worker_DP0_TP0_EP0 pid=233535) 
Loading safetensors checkpoint shards:  90% Completed | 146/162 [00:36<00:03,  4.39it/s]
(Worker_DP0_TP0_EP0 pid=233535) 
Loading safetensors checkpoint shards:  91% Completed | 147/162 [00:36<00:03,  3.82it/s]
(Worker_DP1_TP0_EP2 pid=233533) INFO 07-27 15:43:55 [default_loader.py:430] Loading weights took 37.38 seconds
(Worker_DP0_TP0_EP0 pid=233535) 
Loading safetensors checkpoint shards:  91% Completed | 148/162 [00:36<00:03,  3.94it/s]
(Worker_DP0_TP0_EP0 pid=233535) 
Loading safetensors checkpoint shards:  92% Completed | 149/162 [00:37<00:03,  3.69it/s]
(Worker_DP0_TP0_EP0 pid=233535) 
Loading safetensors checkpoint shards:  93% Completed | 150/162 [00:37<00:03,  3.78it/s]
(Worker_DP0_TP0_EP0 pid=233535) 
Loading safetensors checkpoint shards:  93% Completed | 151/162 [00:37<00:02,  4.16it/s]
(Worker_DP0_TP0_EP0 pid=233535) 
Loading safetensors checkpoint shards:  94% Completed | 152/162 [00:38<00:02,  3.77it/s]
(Worker_DP3_TP0_EP6 pid=233532) INFO 07-27 15:43:57 [default_loader.py:430] Loading weights took 37.91 seconds
(Worker_DP0_TP0_EP0 pid=233535) 
Loading safetensors checkpoint shards:  94% Completed | 153/162 [00:38<00:02,  3.97it/s]
(Worker_DP4_TP0_EP8 pid=233531) INFO 07-27 15:43:57 [default_loader.py:430] Loading weights took 38.54 seconds
(Worker_DP0_TP0_EP0 pid=233535) 
Loading safetensors checkpoint shards:  95% Completed | 154/162 [00:38<00:01,  4.39it/s]
(Worker_DP0_TP0_EP0 pid=233535) 
Loading safetensors checkpoint shards:  96% Completed | 155/162 [00:38<00:01,  3.99it/s]
(Worker_DP7_TP0_EP14 pid=233534) INFO 07-27 15:43:57 [default_loader.py:430] Loading weights took 39.25 seconds
(Worker_DP0_TP0_EP0 pid=233535) 
Loading safetensors checkpoint shards:  96% Completed | 156/162 [00:38<00:01,  4.09it/s]
(Worker_DP5_TP0_EP10 pid=233528) INFO 07-27 15:43:58 [default_loader.py:430] Loading weights took 39.66 seconds
(Worker_DP0_TP0_EP0 pid=233535) 
Loading safetensors checkpoint shards:  97% Completed | 157/162 [00:39<00:01,  4.66it/s]
(Worker_DP0_TP0_EP0 pid=233535) 
Loading safetensors checkpoint shards:  98% Completed | 158/162 [00:39<00:00,  4.61it/s]
(Worker_DP0_TP0_EP0 pid=233535) 
Loading safetensors checkpoint shards:  99% Completed | 160/162 [00:39<00:00,  6.84it/s]
(Worker_DP0_TP0_EP0 pid=233535) 
Loading safetensors checkpoint shards: 100% Completed | 162/162 [00:39<00:00,  4.10it/s]
(Worker_DP0_TP0_EP0 pid=233535) 
(Worker_DP0_TP0_EP0 pid=233535) INFO 07-27 15:43:58 [default_loader.py:430] Loading weights took 39.48 seconds
(Worker_DP6_TP0_EP12 pid=233529) INFO 07-27 15:43:58 [default_loader.py:430] Loading weights took 39.53 seconds
(Worker_DP2_TP0_EP4 pid=233530) INFO 07-27 15:44:00 [default_loader.py:430] Loading weights took 41.55 seconds
INFO 07-27 15:44:03 [__init__.py:52] Available plugins for group vllm.platform_plugins:
INFO 07-27 15:44:03 [__init__.py:54] - ascend -> vllm_ascend:register
INFO 07-27 15:44:03 [__init__.py:57] All plugins in this group will be loaded. Set `VLLM_PLUGINS` to control which plugins to load.
INFO 07-27 15:44:03 [__init__.py:237] Platform plugin ascend is activated
INFO 07-27 15:44:03 [platform.py:61] Breakable cudagraph is force disabled on Ascend because DeepSeek V4 PIECEWISE cudagraph is not supported yet.
INFO 07-27 15:44:03 [__init__.py:52] Available plugins for group vllm.platform_plugins:
INFO 07-27 15:44:03 [__init__.py:54] - ascend -> vllm_ascend:register
INFO 07-27 15:44:03 [__init__.py:57] All plugins in this group will be loaded. Set `VLLM_PLUGINS` to control which plugins to load.
INFO 07-27 15:44:03 [__init__.py:237] Platform plugin ascend is activated
INFO 07-27 15:44:03 [platform.py:61] Breakable cudagraph is force disabled on Ascend because DeepSeek V4 PIECEWISE cudagraph is not supported yet.
INFO 07-27 15:44:05 [__init__.py:52] Available plugins for group vllm.platform_plugins:
INFO 07-27 15:44:05 [__init__.py:54] - ascend -> vllm_ascend:register
INFO 07-27 15:44:05 [__init__.py:57] All plugins in this group will be loaded. Set `VLLM_PLUGINS` to control which plugins to load.
INFO 07-27 15:44:05 [__init__.py:237] Platform plugin ascend is activated
INFO 07-27 15:44:05 [platform.py:61] Breakable cudagraph is force disabled on Ascend because DeepSeek V4 PIECEWISE cudagraph is not supported yet.
INFO 07-27 15:44:05 [__init__.py:52] Available plugins for group vllm.platform_plugins:
INFO 07-27 15:44:05 [__init__.py:54] - ascend -> vllm_ascend:register
INFO 07-27 15:44:05 [__init__.py:57] All plugins in this group will be loaded. Set `VLLM_PLUGINS` to control which plugins to load.
INFO 07-27 15:44:05 [__init__.py:237] Platform plugin ascend is activated
INFO 07-27 15:44:05 [platform.py:61] Breakable cudagraph is force disabled on Ascend because DeepSeek V4 PIECEWISE cudagraph is not supported yet.
INFO 07-27 15:44:05 [__init__.py:52] Available plugins for group vllm.platform_plugins:
INFO 07-27 15:44:05 [__init__.py:54] - ascend -> vllm_ascend:register
INFO 07-27 15:44:05 [__init__.py:57] All plugins in this group will be loaded. Set `VLLM_PLUGINS` to control which plugins to load.
INFO 07-27 15:44:05 [__init__.py:237] Platform plugin ascend is activated
INFO 07-27 15:44:05 [platform.py:61] Breakable cudagraph is force disabled on Ascend because DeepSeek V4 PIECEWISE cudagraph is not supported yet.
INFO 07-27 15:44:06 [__init__.py:52] Available plugins for group vllm.platform_plugins:
INFO 07-27 15:44:06 [__init__.py:54] - ascend -> vllm_ascend:register
INFO 07-27 15:44:06 [__init__.py:57] All plugins in this group will be loaded. Set `VLLM_PLUGINS` to control which plugins to load.
INFO 07-27 15:44:06 [__init__.py:237] Platform plugin ascend is activated
INFO 07-27 15:44:06 [platform.py:61] Breakable cudagraph is force disabled on Ascend because DeepSeek V4 PIECEWISE cudagraph is not supported yet.
INFO 07-27 15:44:06 [__init__.py:52] Available plugins for group vllm.platform_plugins:
INFO 07-27 15:44:06 [__init__.py:54] - ascend -> vllm_ascend:register
INFO 07-27 15:44:06 [__init__.py:57] All plugins in this group will be loaded. Set `VLLM_PLUGINS` to control which plugins to load.
INFO 07-27 15:44:06 [__init__.py:237] Platform plugin ascend is activated
INFO 07-27 15:44:06 [platform.py:61] Breakable cudagraph is force disabled on Ascend because DeepSeek V4 PIECEWISE cudagraph is not supported yet.
INFO 07-27 15:44:06 [__init__.py:52] Available plugins for group vllm.platform_plugins:
INFO 07-27 15:44:06 [__init__.py:54] - ascend -> vllm_ascend:register
INFO 07-27 15:44:06 [__init__.py:57] All plugins in this group will be loaded. Set `VLLM_PLUGINS` to control which plugins to load.
INFO 07-27 15:44:06 [__init__.py:237] Platform plugin ascend is activated
INFO 07-27 15:44:06 [platform.py:61] Breakable cudagraph is force disabled on Ascend because DeepSeek V4 PIECEWISE cudagraph is not supported yet.
INFO 07-27 15:44:07 [__init__.py:52] Available plugins for group vllm.platform_plugins:
INFO 07-27 15:44:07 [__init__.py:54] - ascend -> vllm_ascend:register
INFO 07-27 15:44:07 [__init__.py:57] All plugins in this group will be loaded. Set `VLLM_PLUGINS` to control which plugins to load.
INFO 07-27 15:44:07 [__init__.py:237] Platform plugin ascend is activated
INFO 07-27 15:44:07 [platform.py:61] Breakable cudagraph is force disabled on Ascend because DeepSeek V4 PIECEWISE cudagraph is not supported yet.
INFO 07-27 15:44:08 [__init__.py:52] Available plugins for group vllm.platform_plugins:
INFO 07-27 15:44:08 [__init__.py:54] - ascend -> vllm_ascend:register
INFO 07-27 15:44:08 [__init__.py:57] All plugins in this group will be loaded. Set `VLLM_PLUGINS` to control which plugins to load.
INFO 07-27 15:44:08 [__init__.py:237] Platform plugin ascend is activated
INFO 07-27 15:44:08 [platform.py:61] Breakable cudagraph is force disabled on Ascend because DeepSeek V4 PIECEWISE cudagraph is not supported yet.
INFO 07-27 15:44:08 [__init__.py:52] Available plugins for group vllm.platform_plugins:
INFO 07-27 15:44:08 [__init__.py:54] - ascend -> vllm_ascend:register
INFO 07-27 15:44:08 [__init__.py:57] All plugins in this group will be loaded. Set `VLLM_PLUGINS` to control which plugins to load.
INFO 07-27 15:44:08 [__init__.py:237] Platform plugin ascend is activated
INFO 07-27 15:44:08 [platform.py:61] Breakable cudagraph is force disabled on Ascend because DeepSeek V4 PIECEWISE cudagraph is not supported yet.
INFO 07-27 15:44:08 [__init__.py:52] Available plugins for group vllm.platform_plugins:
INFO 07-27 15:44:08 [__init__.py:54] - ascend -> vllm_ascend:register
INFO 07-27 15:44:08 [__init__.py:57] All plugins in this group will be loaded. Set `VLLM_PLUGINS` to control which plugins to load.
INFO 07-27 15:44:08 [__init__.py:237] Platform plugin ascend is activated
INFO 07-27 15:44:08 [platform.py:61] Breakable cudagraph is force disabled on Ascend because DeepSeek V4 PIECEWISE cudagraph is not supported yet.
INFO 07-27 15:44:08 [__init__.py:52] Available plugins for group vllm.platform_plugins:
INFO 07-27 15:44:08 [__init__.py:54] - ascend -> vllm_ascend:register
INFO 07-27 15:44:08 [__init__.py:57] All plugins in this group will be loaded. Set `VLLM_PLUGINS` to control which plugins to load.
INFO 07-27 15:44:08 [__init__.py:237] Platform plugin ascend is activated
INFO 07-27 15:44:08 [platform.py:61] Breakable cudagraph is force disabled on Ascend because DeepSeek V4 PIECEWISE cudagraph is not supported yet.
INFO 07-27 15:44:10 [__init__.py:52] Available plugins for group vllm.platform_plugins:
INFO 07-27 15:44:10 [__init__.py:54] - ascend -> vllm_ascend:register
INFO 07-27 15:44:10 [__init__.py:57] All plugins in this group will be loaded. Set `VLLM_PLUGINS` to control which plugins to load.
INFO 07-27 15:44:10 [__init__.py:237] Platform plugin ascend is activated
INFO 07-27 15:44:10 [platform.py:61] Breakable cudagraph is force disabled on Ascend because DeepSeek V4 PIECEWISE cudagraph is not supported yet.
INFO 07-27 15:44:12 [__init__.py:52] Available plugins for group vllm.platform_plugins:
INFO 07-27 15:44:12 [__init__.py:54] - ascend -> vllm_ascend:register
INFO 07-27 15:44:12 [__init__.py:57] All plugins in this group will be loaded. Set `VLLM_PLUGINS` to control which plugins to load.
INFO 07-27 15:44:12 [__init__.py:237] Platform plugin ascend is activated
INFO 07-27 15:44:12 [platform.py:61] Breakable cudagraph is force disabled on Ascend because DeepSeek V4 PIECEWISE cudagraph is not supported yet.
INFO 07-27 15:44:13 [__init__.py:52] Available plugins for group vllm.platform_plugins:
INFO 07-27 15:44:13 [__init__.py:54] - ascend -> vllm_ascend:register
INFO 07-27 15:44:13 [__init__.py:57] All plugins in this group will be loaded. Set `VLLM_PLUGINS` to control which plugins to load.
INFO 07-27 15:44:13 [__init__.py:237] Platform plugin ascend is activated
INFO 07-27 15:44:13 [platform.py:61] Breakable cudagraph is force disabled on Ascend because DeepSeek V4 PIECEWISE cudagraph is not supported yet.
(Worker_DP1_TP0_EP2 pid=233533) INFO 07-27 15:44:13 [fused_moe.py:510] [fused_moe/layer] Shared expert split computation validation passed. Integrated and split-path results are consistent.
(Worker_DP3_TP1_EP7 pid=233954) INFO 07-27 15:44:16 [model_runner_v1.py:3789] Loading drafter model...
(Worker_DP3_TP1_EP7 pid=233954) INFO 07-27 15:44:16 [kernel.py:292] Final IR op priority after setting platform defaults: IrOpPriorityConfig(rms_norm=['native'], fused_add_rms_norm=['native'])
(Worker_DP3_TP1_EP7 pid=233954) WARNING 07-27 15:44:16 [platform.py:1043] GPU-specific parameter is not supported on Ascend. parameter=disable_cascade_attn, value=True, action: resetting to False.
(Worker_DP3_TP1_EP7 pid=233954) INFO 07-27 15:44:16 [ascend_config.py:490] finegrained_tp_config enabled: lmhead_tensor_parallel_size=2
(Worker_DP3_TP1_EP7 pid=233954) INFO 07-27 15:44:16 [ascend_config.py:824] Dynamic EPLB is False
(Worker_DP3_TP1_EP7 pid=233954) INFO 07-27 15:44:16 [ascend_config.py:825] The number of redundant experts is 0
(Worker_DP3_TP1_EP7 pid=233954) INFO 07-27 15:44:16 [platform.py:770] Set PYTORCH_NPU_ALLOC_CONF=expandable_segments:True
(Worker_DP1_TP0_EP2 pid=233533) INFO 07-27 15:44:16 [model_runner_v1.py:3789] Loading drafter model...
(Worker_DP3_TP1_EP7 pid=233954) INFO 07-27 15:44:16 [llm_base_proposer.py:298] [spec_decode/base] Loading draft model: method=mtp, load_format=None, model=/mnt/weights/DeepSeek-V3.1-Terminus-w8a8-QuaRot-lfs
(Worker_DP1_TP0_EP2 pid=233533) INFO 07-27 15:44:16 [vllm.py:1090] Asynchronous scheduling is enabled.
(Worker_DP1_TP0_EP2 pid=233533) WARNING 07-27 15:44:16 [vllm.py:1114] Disabling cascade attention (not yet compatible with async speculative decoding).
(Worker_DP1_TP0_EP2 pid=233533) INFO 07-27 15:44:16 [kernel.py:292] Final IR op priority after setting platform defaults: IrOpPriorityConfig(rms_norm=['native'], fused_add_rms_norm=['native'])
(Worker_DP1_TP0_EP2 pid=233533) WARNING 07-27 15:44:16 [vllm.py:1697] max_num_scheduled_tokens is set to 256 based on the speculative decoding settings. This may lead to suboptimal performance. Consider increasing max_num_batched_tokens to accommodate the additional draft token slots, or decrease num_speculative_tokens or max_num_seqs.
(Worker_DP1_TP0_EP2 pid=233533) WARNING 07-27 15:44:16 [platform.py:1043] GPU-specific parameter is not supported on Ascend. parameter=disable_cascade_attn, value=True, action: resetting to False.
(Worker_DP1_TP0_EP2 pid=233533) INFO 07-27 15:44:16 [ascend_config.py:490] finegrained_tp_config enabled: lmhead_tensor_parallel_size=2
(Worker_DP1_TP0_EP2 pid=233533) INFO 07-27 15:44:16 [ascend_config.py:824] Dynamic EPLB is False
(Worker_DP1_TP0_EP2 pid=233533) INFO 07-27 15:44:16 [ascend_config.py:825] The number of redundant experts is 0
(Worker_DP1_TP0_EP2 pid=233533) INFO 07-27 15:44:16 [platform.py:770] Set PYTORCH_NPU_ALLOC_CONF=expandable_segments:True
(Worker_DP1_TP0_EP2 pid=233533) INFO 07-27 15:44:16 [llm_base_proposer.py:298] [spec_decode/base] Loading draft model: method=mtp, load_format=None, model=/mnt/weights/DeepSeek-V3.1-Terminus-w8a8-QuaRot-lfs
(Worker_DP3_TP1_EP7 pid=233954) INFO 07-27 15:44:16 [compilation.py:1067] Using OOT custom backend for compilation.
(Worker_DP1_TP0_EP2 pid=233533) INFO 07-27 15:44:17 [compilation.py:1067] Using OOT custom backend for compilation.
(Worker_DP1_TP0_EP2 pid=233533) INFO 07-27 15:44:17 [weight_utils.py:857] Filesystem type for checkpoints: EXT4. Checkpoint size: 646.43 GiB. Available RAM: 1833.75 GiB.
(Worker_DP3_TP0_EP6 pid=233532) INFO 07-27 15:44:17 [fused_moe.py:510] [fused_moe/layer] Shared expert split computation validation passed. Integrated and split-path results are consistent.
(Worker_DP4_TP0_EP8 pid=233531) INFO 07-27 15:44:18 [fused_moe.py:510] [fused_moe/layer] Shared expert split computation validation passed. Integrated and split-path results are consistent.
(Worker_DP7_TP0_EP14 pid=233534) INFO 07-27 15:44:18 [fused_moe.py:510] [fused_moe/layer] Shared expert split computation validation passed. Integrated and split-path results are consistent.
(Worker_DP5_TP0_EP10 pid=233528) INFO 07-27 15:44:19 [fused_moe.py:510] [fused_moe/layer] Shared expert split computation validation passed. Integrated and split-path results are consistent.
(Worker_DP3_TP0_EP6 pid=233532) INFO 07-27 15:44:20 [model_runner_v1.py:3789] Loading drafter model...
(Worker_DP3_TP0_EP6 pid=233532) INFO 07-27 15:44:20 [vllm.py:1090] Asynchronous scheduling is enabled.
(Worker_DP3_TP0_EP6 pid=233532) WARNING 07-27 15:44:20 [vllm.py:1114] Disabling cascade attention (not yet compatible with async speculative decoding).
(Worker_DP3_TP0_EP6 pid=233532) INFO 07-27 15:44:20 [kernel.py:292] Final IR op priority after setting platform defaults: IrOpPriorityConfig(rms_norm=['native'], fused_add_rms_norm=['native'])
(Worker_DP3_TP0_EP6 pid=233532) WARNING 07-27 15:44:20 [vllm.py:1697] max_num_scheduled_tokens is set to 256 based on the speculative decoding settings. This may lead to suboptimal performance. Consider increasing max_num_batched_tokens to accommodate the additional draft token slots, or decrease num_speculative_tokens or max_num_seqs.
(Worker_DP3_TP0_EP6 pid=233532) WARNING 07-27 15:44:20 [platform.py:1043] GPU-specific parameter is not supported on Ascend. parameter=disable_cascade_attn, value=True, action: resetting to False.
(Worker_DP3_TP0_EP6 pid=233532) INFO 07-27 15:44:20 [ascend_config.py:490] finegrained_tp_config enabled: lmhead_tensor_parallel_size=2
(Worker_DP3_TP0_EP6 pid=233532) INFO 07-27 15:44:20 [ascend_config.py:824] Dynamic EPLB is False
(Worker_DP3_TP0_EP6 pid=233532) INFO 07-27 15:44:20 [ascend_config.py:825] The number of redundant experts is 0
(Worker_DP3_TP0_EP6 pid=233532) INFO 07-27 15:44:20 [platform.py:770] Set PYTORCH_NPU_ALLOC_CONF=expandable_segments:True
(Worker_DP3_TP0_EP6 pid=233532) INFO 07-27 15:44:20 [llm_base_proposer.py:298] [spec_decode/base] Loading draft model: method=mtp, load_format=None, model=/mnt/weights/DeepSeek-V3.1-Terminus-w8a8-QuaRot-lfs
(Worker_DP0_TP0_EP0 pid=233535) INFO 07-27 15:44:20 [fused_moe.py:510] [fused_moe/layer] Shared expert split computation validation passed. Integrated and split-path results are consistent.
(Worker_DP3_TP0_EP6 pid=233532) INFO 07-27 15:44:21 [compilation.py:1067] Using OOT custom backend for compilation.
(Worker_DP3_TP0_EP6 pid=233532) INFO 07-27 15:44:21 [weight_utils.py:857] Filesystem type for checkpoints: EXT4. Checkpoint size: 646.43 GiB. Available RAM: 1819.48 GiB.
(Worker_DP4_TP0_EP8 pid=233531) INFO 07-27 15:44:21 [model_runner_v1.py:3789] Loading drafter model...
(Worker_DP4_TP0_EP8 pid=233531) INFO 07-27 15:44:21 [vllm.py:1090] Asynchronous scheduling is enabled.
(Worker_DP4_TP0_EP8 pid=233531) WARNING 07-27 15:44:21 [vllm.py:1114] Disabling cascade attention (not yet compatible with async speculative decoding).
(Worker_DP4_TP0_EP8 pid=233531) INFO 07-27 15:44:21 [kernel.py:292] Final IR op priority after setting platform defaults: IrOpPriorityConfig(rms_norm=['native'], fused_add_rms_norm=['native'])
(Worker_DP4_TP0_EP8 pid=233531) WARNING 07-27 15:44:21 [vllm.py:1697] max_num_scheduled_tokens is set to 256 based on the speculative decoding settings. This may lead to suboptimal performance. Consider increasing max_num_batched_tokens to accommodate the additional draft token slots, or decrease num_speculative_tokens or max_num_seqs.
(Worker_DP4_TP0_EP8 pid=233531) WARNING 07-27 15:44:21 [platform.py:1043] GPU-specific parameter is not supported on Ascend. parameter=disable_cascade_attn, value=True, action: resetting to False.
(Worker_DP4_TP0_EP8 pid=233531) INFO 07-27 15:44:21 [ascend_config.py:490] finegrained_tp_config enabled: lmhead_tensor_parallel_size=2
(Worker_DP4_TP0_EP8 pid=233531) INFO 07-27 15:44:21 [ascend_config.py:824] Dynamic EPLB is False
(Worker_DP4_TP0_EP8 pid=233531) INFO 07-27 15:44:21 [ascend_config.py:825] The number of redundant experts is 0
(Worker_DP4_TP0_EP8 pid=233531) INFO 07-27 15:44:21 [platform.py:770] Set PYTORCH_NPU_ALLOC_CONF=expandable_segments:True
(Worker_DP4_TP0_EP8 pid=233531) INFO 07-27 15:44:21 [llm_base_proposer.py:298] [spec_decode/base] Loading draft model: method=mtp, load_format=None, model=/mnt/weights/DeepSeek-V3.1-Terminus-w8a8-QuaRot-lfs
(Worker_DP4_TP0_EP8 pid=233531) INFO 07-27 15:44:21 [compilation.py:1067] Using OOT custom backend for compilation.
(Worker_DP4_TP0_EP8 pid=233531) INFO 07-27 15:44:21 [weight_utils.py:857] Filesystem type for checkpoints: EXT4. Checkpoint size: 646.43 GiB. Available RAM: 1815.07 GiB.
(Worker_DP7_TP0_EP14 pid=233534) INFO 07-27 15:44:22 [model_runner_v1.py:3789] Loading drafter model...
(Worker_DP7_TP0_EP14 pid=233534) INFO 07-27 15:44:22 [vllm.py:1090] Asynchronous scheduling is enabled.
(Worker_DP7_TP0_EP14 pid=233534) WARNING 07-27 15:44:22 [vllm.py:1114] Disabling cascade attention (not yet compatible with async speculative decoding).
(Worker_DP7_TP0_EP14 pid=233534) INFO 07-27 15:44:22 [kernel.py:292] Final IR op priority after setting platform defaults: IrOpPriorityConfig(rms_norm=['native'], fused_add_rms_norm=['native'])
(Worker_DP7_TP0_EP14 pid=233534) WARNING 07-27 15:44:22 [vllm.py:1697] max_num_scheduled_tokens is set to 256 based on the speculative decoding settings. This may lead to suboptimal performance. Consider increasing max_num_batched_tokens to accommodate the additional draft token slots, or decrease num_speculative_tokens or max_num_seqs.
(Worker_DP7_TP0_EP14 pid=233534) WARNING 07-27 15:44:22 [platform.py:1043] GPU-specific parameter is not supported on Ascend. parameter=disable_cascade_attn, value=True, action: resetting to False.
(Worker_DP7_TP0_EP14 pid=233534) INFO 07-27 15:44:22 [ascend_config.py:490] finegrained_tp_config enabled: lmhead_tensor_parallel_size=2
(Worker_DP7_TP0_EP14 pid=233534) INFO 07-27 15:44:22 [ascend_config.py:824] Dynamic EPLB is False
(Worker_DP7_TP0_EP14 pid=233534) INFO 07-27 15:44:22 [ascend_config.py:825] The number of redundant experts is 0
(Worker_DP7_TP0_EP14 pid=233534) INFO 07-27 15:44:22 [platform.py:770] Set PYTORCH_NPU_ALLOC_CONF=expandable_segments:True
(Worker_DP7_TP0_EP14 pid=233534) INFO 07-27 15:44:22 [llm_base_proposer.py:298] [spec_decode/base] Loading draft model: method=mtp, load_format=None, model=/mnt/weights/DeepSeek-V3.1-Terminus-w8a8-QuaRot-lfs
(Worker_DP5_TP0_EP10 pid=233528) INFO 07-27 15:44:22 [model_runner_v1.py:3789] Loading drafter model...
(Worker_DP5_TP0_EP10 pid=233528) INFO 07-27 15:44:22 [vllm.py:1090] Asynchronous scheduling is enabled.
(Worker_DP5_TP0_EP10 pid=233528) WARNING 07-27 15:44:22 [vllm.py:1114] Disabling cascade attention (not yet compatible with async speculative decoding).
(Worker_DP5_TP0_EP10 pid=233528) INFO 07-27 15:44:22 [kernel.py:292] Final IR op priority after setting platform defaults: IrOpPriorityConfig(rms_norm=['native'], fused_add_rms_norm=['native'])
(Worker_DP5_TP0_EP10 pid=233528) WARNING 07-27 15:44:22 [vllm.py:1697] max_num_scheduled_tokens is set to 256 based on the speculative decoding settings. This may lead to suboptimal performance. Consider increasing max_num_batched_tokens to accommodate the additional draft token slots, or decrease num_speculative_tokens or max_num_seqs.
(Worker_DP5_TP0_EP10 pid=233528) WARNING 07-27 15:44:22 [platform.py:1043] GPU-specific parameter is not supported on Ascend. parameter=disable_cascade_attn, value=True, action: resetting to False.
(Worker_DP5_TP0_EP10 pid=233528) INFO 07-27 15:44:22 [ascend_config.py:490] finegrained_tp_config enabled: lmhead_tensor_parallel_size=2
(Worker_DP5_TP0_EP10 pid=233528) INFO 07-27 15:44:22 [ascend_config.py:824] Dynamic EPLB is False
(Worker_DP5_TP0_EP10 pid=233528) INFO 07-27 15:44:22 [ascend_config.py:825] The number of redundant experts is 0
(Worker_DP5_TP0_EP10 pid=233528) INFO 07-27 15:44:22 [platform.py:770] Set PYTORCH_NPU_ALLOC_CONF=expandable_segments:True
(Worker_DP3_TP1_EP7 pid=233954) INFO 07-27 15:44:22 [llm_base_proposer.py:461] [spec_decode/base] Detected MTP model. Sharing target model embedding weights with the draft model.
(Worker_DP5_TP0_EP10 pid=233528) INFO 07-27 15:44:22 [llm_base_proposer.py:298] [spec_decode/base] Loading draft model: method=mtp, load_format=None, model=/mnt/weights/DeepSeek-V3.1-Terminus-w8a8-QuaRot-lfs
(Worker_DP1_TP0_EP2 pid=233533) INFO 07-27 15:44:22 [default_loader.py:430] Loading weights took 5.62 seconds
(Worker_DP7_TP0_EP14 pid=233534) INFO 07-27 15:44:22 [compilation.py:1067] Using OOT custom backend for compilation.
(Worker_DP3_TP1_EP7 pid=233954) INFO 07-27 15:44:22 [llm_base_proposer.py:522] [spec_decode/base] Wrapping draft model with ACLGraphWrapper: runtime_mode=FULL, use_eagle=True, enable_enpu=False
(Worker_DP7_TP0_EP14 pid=233534) INFO 07-27 15:44:22 [weight_utils.py:857] Filesystem type for checkpoints: EXT4. Checkpoint size: 646.43 GiB. Available RAM: 1813.08 GiB.
(Worker_DP1_TP0_EP2 pid=233533) INFO 07-27 15:44:22 [llm_base_proposer.py:461] [spec_decode/base] Detected MTP model. Sharing target model embedding weights with the draft model.
(Worker_DP1_TP0_EP2 pid=233533) INFO 07-27 15:44:22 [llm_base_proposer.py:522] [spec_decode/base] Wrapping draft model with ACLGraphWrapper: runtime_mode=FULL, use_eagle=True, enable_enpu=False
(Worker_DP5_TP0_EP10 pid=233528) INFO 07-27 15:44:22 [compilation.py:1067] Using OOT custom backend for compilation.
(Worker_DP5_TP0_EP10 pid=233528) INFO 07-27 15:44:22 [weight_utils.py:857] Filesystem type for checkpoints: EXT4. Checkpoint size: 646.43 GiB. Available RAM: 1812.26 GiB.
(Worker_DP1_TP0_EP2 pid=233533) INFO 07-27 15:44:23 [model_runner_v1.py:3840] Loading model weights took 51.1023 GB
(Worker_DP1_TP0_EP2 pid=233533) INFO 07-27 15:44:23 [model_runner_v1.py:3866] Model runner load_model total time: 76.21 seconds
(Worker_DP3_TP1_EP7 pid=233954) INFO 07-27 15:44:24 [model_runner_v1.py:3840] Loading model weights took 51.1023 GB
(Worker_DP3_TP1_EP7 pid=233954) INFO 07-27 15:44:24 [model_runner_v1.py:3866] Model runner load_model total time: 76.31 seconds
(Worker_DP6_TP0_EP12 pid=233529) INFO 07-27 15:44:24 [fused_moe.py:510] [fused_moe/layer] Shared expert split computation validation passed. Integrated and split-path results are consistent.
(Worker_DP0_TP0_EP0 pid=233535) INFO 07-27 15:44:24 [model_runner_v1.py:3789] Loading drafter model...
(Worker_DP0_TP0_EP0 pid=233535) INFO 07-27 15:44:24 [vllm.py:1090] Asynchronous scheduling is enabled.
(Worker_DP0_TP0_EP0 pid=233535) WARNING 07-27 15:44:24 [vllm.py:1114] Disabling cascade attention (not yet compatible with async speculative decoding).
(Worker_DP0_TP0_EP0 pid=233535) INFO 07-27 15:44:24 [kernel.py:292] Final IR op priority after setting platform defaults: IrOpPriorityConfig(rms_norm=['native'], fused_add_rms_norm=['native'])
(Worker_DP0_TP0_EP0 pid=233535) WARNING 07-27 15:44:24 [vllm.py:1697] max_num_scheduled_tokens is set to 256 based on the speculative decoding settings. This may lead to suboptimal performance. Consider increasing max_num_batched_tokens to accommodate the additional draft token slots, or decrease num_speculative_tokens or max_num_seqs.
(Worker_DP0_TP0_EP0 pid=233535) WARNING 07-27 15:44:24 [platform.py:1043] GPU-specific parameter is not supported on Ascend. parameter=disable_cascade_attn, value=True, action: resetting to False.
(Worker_DP0_TP0_EP0 pid=233535) INFO 07-27 15:44:24 [ascend_config.py:490] finegrained_tp_config enabled: lmhead_tensor_parallel_size=2
(Worker_DP0_TP0_EP0 pid=233535) INFO 07-27 15:44:24 [ascend_config.py:824] Dynamic EPLB is False
(Worker_DP0_TP0_EP0 pid=233535) INFO 07-27 15:44:24 [ascend_config.py:825] The number of redundant experts is 0
(Worker_DP0_TP0_EP0 pid=233535) INFO 07-27 15:44:24 [platform.py:770] Set PYTORCH_NPU_ALLOC_CONF=expandable_segments:True
(Worker_DP0_TP0_EP0 pid=233535) INFO 07-27 15:44:24 [compilation.py:312] Enabled custom fusions: norm_quant, act_quant
(Worker_DP0_TP0_EP0 pid=233535) INFO 07-27 15:44:24 [llm_base_proposer.py:298] [spec_decode/base] Loading draft model: method=mtp, load_format=None, model=/mnt/weights/DeepSeek-V3.1-Terminus-w8a8-QuaRot-lfs
(Worker_DP0_TP0_EP0 pid=233535) INFO 07-27 15:44:24 [compilation.py:1067] Using OOT custom backend for compilation.
(Worker_DP0_TP0_EP0 pid=233535) INFO 07-27 15:44:24 [weight_utils.py:857] Filesystem type for checkpoints: EXT4. Checkpoint size: 646.43 GiB. Available RAM: 1808.66 GiB.
(Worker_DP0_TP0_EP0 pid=233535) 
Loading safetensors checkpoint shards:   0% Completed | 0/162 [00:00<?, ?it/s]
(Worker_DP0_TP0_EP0 pid=233535) 
Loading safetensors checkpoint shards:   3% Completed | 5/162 [00:00<00:03, 40.56it/s]
(Worker_DP0_TP0_EP0 pid=233535) 
Loading safetensors checkpoint shards:   6% Completed | 10/162 [00:00<00:04, 35.92it/s]
(Worker_DP0_TP0_EP0 pid=233535) 
Loading safetensors checkpoint shards:   9% Completed | 14/162 [00:00<00:04, 35.37it/s]
(Worker_DP0_TP0_EP0 pid=233535) 
Loading safetensors checkpoint shards:  11% Completed | 18/162 [00:00<00:04, 35.59it/s]
(Worker_DP0_TP0_EP0 pid=233535) 
Loading safetensors checkpoint shards:  14% Completed | 22/162 [00:00<00:03, 35.61it/s]
(Worker_DP0_TP0_EP0 pid=233535) 
Loading safetensors checkpoint shards:  16% Completed | 26/162 [00:00<00:03, 35.52it/s]
(Worker_DP0_TP0_EP0 pid=233535) 
Loading safetensors checkpoint shards:  19% Completed | 30/162 [00:00<00:03, 35.68it/s]
(Worker_DP0_TP0_EP0 pid=233535) 
Loading safetensors checkpoint shards:  21% Completed | 34/162 [00:00<00:03, 35.96it/s]
(Worker_DP0_TP0_EP0 pid=233535) 
Loading safetensors checkpoint shards:  23% Completed | 38/162 [00:01<00:03, 35.99it/s]
(Worker_DP0_TP0_EP0 pid=233535) 
Loading safetensors checkpoint shards:  26% Completed | 42/162 [00:01<00:03, 35.99it/s]
(Worker_DP0_TP0_EP0 pid=233535) 
Loading safetensors checkpoint shards:  28% Completed | 46/162 [00:01<00:03, 36.15it/s]
(Worker_DP0_TP0_EP0 pid=233535) 
Loading safetensors checkpoint shards:  31% Completed | 50/162 [00:01<00:03, 36.03it/s]
(Worker_DP0_TP0_EP0 pid=233535) 
Loading safetensors checkpoint shards:  33% Completed | 54/162 [00:01<00:03, 35.42it/s]
(Worker_DP0_TP0_EP0 pid=233535) 
Loading safetensors checkpoint shards:  36% Completed | 58/162 [00:01<00:02, 34.67it/s]
(Worker_DP0_TP0_EP0 pid=233535) 
Loading safetensors checkpoint shards:  38% Completed | 62/162 [00:01<00:02, 33.74it/s]
(Worker_DP0_TP0_EP0 pid=233535) 
Loading safetensors checkpoint shards:  41% Completed | 66/162 [00:01<00:02, 34.11it/s]
(Worker_DP3_TP0_EP6 pid=233532) INFO 07-27 15:44:26 [default_loader.py:430] Loading weights took 5.57 seconds
(Worker_DP3_TP0_EP6 pid=233532) INFO 07-27 15:44:26 [llm_base_proposer.py:461] [spec_decode/base] Detected MTP model. Sharing target model embedding weights with the draft model.
(Worker_DP0_TP0_EP0 pid=233535) 
Loading safetensors checkpoint shards:  43% Completed | 70/162 [00:01<00:02, 34.84it/s]
(Worker_DP3_TP0_EP6 pid=233532) INFO 07-27 15:44:26 [llm_base_proposer.py:522] [spec_decode/base] Wrapping draft model with ACLGraphWrapper: runtime_mode=FULL, use_eagle=True, enable_enpu=False
(Worker_DP0_TP0_EP0 pid=233535) 
Loading safetensors checkpoint shards:  46% Completed | 74/162 [00:02<00:02, 35.17it/s]
(Worker_DP0_TP0_EP0 pid=233535) 
Loading safetensors checkpoint shards:  48% Completed | 78/162 [00:02<00:02, 35.20it/s]
(Worker_DP0_TP0_EP0 pid=233535) 
Loading safetensors checkpoint shards:  51% Completed | 82/162 [00:02<00:02, 35.19it/s]
(Worker_DP0_TP0_EP0 pid=233535) 
Loading safetensors checkpoint shards:  53% Completed | 86/162 [00:02<00:02, 35.22it/s]
(Worker_DP0_TP0_EP0 pid=233535) 
Loading safetensors checkpoint shards:  56% Completed | 90/162 [00:02<00:02, 35.38it/s]
(Worker_DP0_TP0_EP0 pid=233535) 
Loading safetensors checkpoint shards:  58% Completed | 94/162 [00:02<00:01, 35.15it/s]
(Worker_DP0_TP0_EP0 pid=233535) 
Loading safetensors checkpoint shards:  60% Completed | 98/162 [00:02<00:01, 35.06it/s]
(Worker_DP0_TP0_EP0 pid=233535) 
Loading safetensors checkpoint shards:  63% Completed | 102/162 [00:02<00:01, 34.74it/s]
(Worker_DP6_TP0_EP12 pid=233529) INFO 07-27 15:44:27 [model_runner_v1.py:3789] Loading drafter model...
(Worker_DP6_TP0_EP12 pid=233529) INFO 07-27 15:44:27 [vllm.py:1090] Asynchronous scheduling is enabled.
(Worker_DP6_TP0_EP12 pid=233529) WARNING 07-27 15:44:27 [vllm.py:1114] Disabling cascade attention (not yet compatible with async speculative decoding).
(Worker_DP6_TP0_EP12 pid=233529) INFO 07-27 15:44:27 [kernel.py:292] Final IR op priority after setting platform defaults: IrOpPriorityConfig(rms_norm=['native'], fused_add_rms_norm=['native'])
(Worker_DP6_TP0_EP12 pid=233529) WARNING 07-27 15:44:27 [vllm.py:1697] max_num_scheduled_tokens is set to 256 based on the speculative decoding settings. This may lead to suboptimal performance. Consider increasing max_num_batched_tokens to accommodate the additional draft token slots, or decrease num_speculative_tokens or max_num_seqs.
(Worker_DP6_TP0_EP12 pid=233529) WARNING 07-27 15:44:27 [platform.py:1043] GPU-specific parameter is not supported on Ascend. parameter=disable_cascade_attn, value=True, action: resetting to False.
(Worker_DP6_TP0_EP12 pid=233529) INFO 07-27 15:44:27 [ascend_config.py:490] finegrained_tp_config enabled: lmhead_tensor_parallel_size=2
(Worker_DP6_TP0_EP12 pid=233529) INFO 07-27 15:44:27 [ascend_config.py:824] Dynamic EPLB is False
(Worker_DP6_TP0_EP12 pid=233529) INFO 07-27 15:44:27 [ascend_config.py:825] The number of redundant experts is 0
(Worker_DP0_TP0_EP0 pid=233535) 
Loading safetensors checkpoint shards:  65% Completed | 106/162 [00:03<00:01, 34.22it/s]
(Worker_DP6_TP0_EP12 pid=233529) INFO 07-27 15:44:27 [platform.py:770] Set PYTORCH_NPU_ALLOC_CONF=expandable_segments:True
(Worker_DP6_TP0_EP12 pid=233529) INFO 07-27 15:44:27 [llm_base_proposer.py:298] [spec_decode/base] Loading draft model: method=mtp, load_format=None, model=/mnt/weights/DeepSeek-V3.1-Terminus-w8a8-QuaRot-lfs
(Worker_DP4_TP0_EP8 pid=233531) INFO 07-27 15:44:27 [default_loader.py:430] Loading weights took 5.88 seconds
(Worker_DP4_TP0_EP8 pid=233531) INFO 07-27 15:44:27 [llm_base_proposer.py:461] [spec_decode/base] Detected MTP model. Sharing target model embedding weights with the draft model.
(Worker_DP0_TP0_EP0 pid=233535) 
Loading safetensors checkpoint shards:  68% Completed | 110/162 [00:03<00:01, 33.96it/s]
(Worker_DP4_TP0_EP8 pid=233531) INFO 07-27 15:44:27 [llm_base_proposer.py:522] [spec_decode/base] Wrapping draft model with ACLGraphWrapper: runtime_mode=FULL, use_eagle=True, enable_enpu=False
(Worker_DP7_TP1_EP15 pid=233966) INFO 07-27 15:44:28 [model_runner_v1.py:3789] Loading drafter model...
(Worker_DP7_TP1_EP15 pid=233966) INFO 07-27 15:44:28 [kernel.py:292] Final IR op priority after setting platform defaults: IrOpPriorityConfig(rms_norm=['native'], fused_add_rms_norm=['native'])
(Worker_DP7_TP1_EP15 pid=233966) WARNING 07-27 15:44:28 [platform.py:1043] GPU-specific parameter is not supported on Ascend. parameter=disable_cascade_attn, value=True, action: resetting to False.
(Worker_DP7_TP1_EP15 pid=233966) INFO 07-27 15:44:28 [ascend_config.py:490] finegrained_tp_config enabled: lmhead_tensor_parallel_size=2
(Worker_DP7_TP1_EP15 pid=233966) INFO 07-27 15:44:28 [ascend_config.py:824] Dynamic EPLB is False
(Worker_DP7_TP1_EP15 pid=233966) INFO 07-27 15:44:28 [ascend_config.py:825] The number of redundant experts is 0
(Worker_DP0_TP0_EP0 pid=233535) 
Loading safetensors checkpoint shards:  70% Completed | 114/162 [00:03<00:01, 33.10it/s]
(Worker_DP6_TP0_EP12 pid=233529) INFO 07-27 15:44:28 [compilation.py:1067] Using OOT custom backend for compilation.
(Worker_DP6_TP0_EP12 pid=233529) INFO 07-27 15:44:28 [weight_utils.py:857] Filesystem type for checkpoints: EXT4. Checkpoint size: 646.43 GiB. Available RAM: 1796.59 GiB.
(Worker_DP7_TP1_EP15 pid=233966) INFO 07-27 15:44:28 [platform.py:770] Set PYTORCH_NPU_ALLOC_CONF=expandable_segments:True
(Worker_DP7_TP1_EP15 pid=233966) INFO 07-27 15:44:28 [llm_base_proposer.py:298] [spec_decode/base] Loading draft model: method=mtp, load_format=None, model=/mnt/weights/DeepSeek-V3.1-Terminus-w8a8-QuaRot-lfs
(Worker_DP0_TP0_EP0 pid=233535) 
Loading safetensors checkpoint shards:  73% Completed | 118/162 [00:03<00:01, 32.57it/s]
(Worker_DP0_TP0_EP0 pid=233535) 
Loading safetensors checkpoint shards:  75% Completed | 122/162 [00:03<00:01, 32.79it/s]
(Worker_DP7_TP0_EP14 pid=233534) INFO 07-27 15:44:28 [default_loader.py:430] Loading weights took 5.65 seconds
(Worker_DP7_TP1_EP15 pid=233966) INFO 07-27 15:44:28 [compilation.py:1067] Using OOT custom backend for compilation.
(Worker_DP3_TP0_EP6 pid=233532) INFO 07-27 15:44:28 [model_runner_v1.py:3840] Loading model weights took 51.1023 GB
(Worker_DP3_TP0_EP6 pid=233532) INFO 07-27 15:44:28 [model_runner_v1.py:3866] Model runner load_model total time: 80.62 seconds
(Worker_DP0_TP1_EP1 pid=233907) INFO 07-27 15:44:28 [model_runner_v1.py:3789] Loading drafter model...
(Worker_DP0_TP1_EP1 pid=233907) INFO 07-27 15:44:28 [kernel.py:292] Final IR op priority after setting platform defaults: IrOpPriorityConfig(rms_norm=['native'], fused_add_rms_norm=['native'])
(Worker_DP0_TP1_EP1 pid=233907) WARNING 07-27 15:44:28 [platform.py:1043] GPU-specific parameter is not supported on Ascend. parameter=disable_cascade_attn, value=True, action: resetting to False.
(Worker_DP0_TP1_EP1 pid=233907) INFO 07-27 15:44:28 [ascend_config.py:490] finegrained_tp_config enabled: lmhead_tensor_parallel_size=2
(Worker_DP0_TP1_EP1 pid=233907) INFO 07-27 15:44:28 [ascend_config.py:824] Dynamic EPLB is False
(Worker_DP0_TP1_EP1 pid=233907) INFO 07-27 15:44:28 [ascend_config.py:825] The number of redundant experts is 0
(Worker_DP0_TP0_EP0 pid=233535) 
Loading safetensors checkpoint shards:  78% Completed | 126/162 [00:03<00:01, 33.14it/s]
(Worker_DP7_TP0_EP14 pid=233534) INFO 07-27 15:44:28 [llm_base_proposer.py:461] [spec_decode/base] Detected MTP model. Sharing target model embedding weights with the draft model.
(Worker_DP7_TP0_EP14 pid=233534) INFO 07-27 15:44:28 [llm_base_proposer.py:522] [spec_decode/base] Wrapping draft model with ACLGraphWrapper: runtime_mode=FULL, use_eagle=True, enable_enpu=False
(Worker_DP0_TP1_EP1 pid=233907) INFO 07-27 15:44:28 [platform.py:770] Set PYTORCH_NPU_ALLOC_CONF=expandable_segments:True
(Worker_DP0_TP1_EP1 pid=233907) INFO 07-27 15:44:28 [llm_base_proposer.py:298] [spec_decode/base] Loading draft model: method=mtp, load_format=None, model=/mnt/weights/DeepSeek-V3.1-Terminus-w8a8-QuaRot-lfs
(Worker_DP0_TP0_EP0 pid=233535) 
Loading safetensors checkpoint shards:  80% Completed | 130/162 [00:03<00:00, 33.55it/s]
(Worker_DP0_TP0_EP0 pid=233535) 
Loading safetensors checkpoint shards:  83% Completed | 134/162 [00:03<00:00, 33.61it/s]
(Worker_DP5_TP0_EP10 pid=233528) INFO 07-27 15:44:28 [default_loader.py:430] Loading weights took 5.73 seconds
(Worker_DP5_TP0_EP10 pid=233528) INFO 07-27 15:44:28 [llm_base_proposer.py:461] [spec_decode/base] Detected MTP model. Sharing target model embedding weights with the draft model.
(Worker_DP0_TP0_EP0 pid=233535) 
Loading safetensors checkpoint shards:  85% Completed | 138/162 [00:03<00:00, 33.22it/s]
(Worker_DP0_TP1_EP1 pid=233907) INFO 07-27 15:44:28 [compilation.py:1067] Using OOT custom backend for compilation.
(Worker_DP5_TP0_EP10 pid=233528) INFO 07-27 15:44:28 [llm_base_proposer.py:522] [spec_decode/base] Wrapping draft model with ACLGraphWrapper: runtime_mode=FULL, use_eagle=True, enable_enpu=False
(Worker_DP0_TP0_EP0 pid=233535) 
Loading safetensors checkpoint shards:  88% Completed | 142/162 [00:04<00:00, 33.51it/s]
(Worker_DP0_TP0_EP0 pid=233535) 
Loading safetensors checkpoint shards:  90% Completed | 146/162 [00:04<00:00, 33.89it/s]
(Worker_DP0_TP0_EP0 pid=233535) 
Loading safetensors checkpoint shards:  93% Completed | 150/162 [00:04<00:00, 34.12it/s]
(Worker_DP0_TP0_EP0 pid=233535) 
Loading safetensors checkpoint shards:  95% Completed | 154/162 [00:04<00:00, 34.48it/s]
(Worker_DP0_TP0_EP0 pid=233535) 
Loading safetensors checkpoint shards:  98% Completed | 158/162 [00:04<00:00, 22.59it/s]
(Worker_DP4_TP0_EP8 pid=233531) INFO 07-27 15:44:29 [model_runner_v1.py:3840] Loading model weights took 51.1023 GB
(Worker_DP4_TP0_EP8 pid=233531) INFO 07-27 15:44:29 [model_runner_v1.py:3866] Model runner load_model total time: 81.91 seconds
(Worker_DP2_TP1_EP5 pid=233918) INFO 07-27 15:44:29 [model_runner_v1.py:3789] Loading drafter model...
(Worker_DP2_TP1_EP5 pid=233918) INFO 07-27 15:44:29 [kernel.py:292] Final IR op priority after setting platform defaults: IrOpPriorityConfig(rms_norm=['native'], fused_add_rms_norm=['native'])
(Worker_DP2_TP1_EP5 pid=233918) WARNING 07-27 15:44:29 [platform.py:1043] GPU-specific parameter is not supported on Ascend. parameter=disable_cascade_attn, value=True, action: resetting to False.
(Worker_DP2_TP1_EP5 pid=233918) INFO 07-27 15:44:29 [ascend_config.py:490] finegrained_tp_config enabled: lmhead_tensor_parallel_size=2
(Worker_DP2_TP1_EP5 pid=233918) INFO 07-27 15:44:29 [ascend_config.py:824] Dynamic EPLB is False
(Worker_DP2_TP1_EP5 pid=233918) INFO 07-27 15:44:29 [ascend_config.py:825] The number of redundant experts is 0
(Worker_DP2_TP1_EP5 pid=233918) INFO 07-27 15:44:29 [platform.py:770] Set PYTORCH_NPU_ALLOC_CONF=expandable_segments:True
(Worker_DP2_TP1_EP5 pid=233918) INFO 07-27 15:44:29 [llm_base_proposer.py:298] [spec_decode/base] Loading draft model: method=mtp, load_format=None, model=/mnt/weights/DeepSeek-V3.1-Terminus-w8a8-QuaRot-lfs
(Worker_DP7_TP0_EP14 pid=233534) INFO 07-27 15:44:29 [model_runner_v1.py:3840] Loading model weights took 51.1023 GB
(Worker_DP7_TP0_EP14 pid=233534) INFO 07-27 15:44:29 [model_runner_v1.py:3866] Model runner load_model total time: 82.15 seconds
(Worker_DP0_TP0_EP0 pid=233535) 
Loading safetensors checkpoint shards:  99% Completed | 161/162 [00:05<00:00, 13.63it/s]
(Worker_DP2_TP1_EP5 pid=233918) INFO 07-27 15:44:30 [compilation.py:1067] Using OOT custom backend for compilation.
(Worker_DP5_TP0_EP10 pid=233528) INFO 07-27 15:44:30 [model_runner_v1.py:3840] Loading model weights took 51.1023 GB
(Worker_DP5_TP0_EP10 pid=233528) INFO 07-27 15:44:30 [model_runner_v1.py:3866] Model runner load_model total time: 82.30 seconds
(Worker_DP0_TP0_EP0 pid=233535) 
Loading safetensors checkpoint shards: 100% Completed | 162/162 [00:05<00:00, 29.54it/s]
(Worker_DP0_TP0_EP0 pid=233535) 
(Worker_DP0_TP0_EP0 pid=233535) INFO 07-27 15:44:30 [default_loader.py:430] Loading weights took 5.62 seconds
(Worker_DP0_TP0_EP0 pid=233535) INFO 07-27 15:44:30 [llm_base_proposer.py:461] [spec_decode/base] Detected MTP model. Sharing target model embedding weights with the draft model.
(Worker_DP0_TP0_EP0 pid=233535) INFO 07-27 15:44:30 [llm_base_proposer.py:522] [spec_decode/base] Wrapping draft model with ACLGraphWrapper: runtime_mode=FULL, use_eagle=True, enable_enpu=False
(Worker_DP2_TP0_EP4 pid=233530) INFO 07-27 15:44:31 [fused_moe.py:510] [fused_moe/layer] Shared expert split computation validation passed. Integrated and split-path results are consistent.
(Worker_DP0_TP0_EP0 pid=233535) INFO 07-27 15:44:31 [model_runner_v1.py:3840] Loading model weights took 51.1023 GB
(Worker_DP0_TP0_EP0 pid=233535) INFO 07-27 15:44:31 [model_runner_v1.py:3866] Model runner load_model total time: 84.00 seconds
(Worker_DP5_TP1_EP11 pid=233897) INFO 07-27 15:44:32 [model_runner_v1.py:3789] Loading drafter model...
(Worker_DP5_TP1_EP11 pid=233897) INFO 07-27 15:44:32 [kernel.py:292] Final IR op priority after setting platform defaults: IrOpPriorityConfig(rms_norm=['native'], fused_add_rms_norm=['native'])
(Worker_DP5_TP1_EP11 pid=233897) WARNING 07-27 15:44:32 [platform.py:1043] GPU-specific parameter is not supported on Ascend. parameter=disable_cascade_attn, value=True, action: resetting to False.
(Worker_DP5_TP1_EP11 pid=233897) INFO 07-27 15:44:32 [ascend_config.py:490] finegrained_tp_config enabled: lmhead_tensor_parallel_size=2
(Worker_DP5_TP1_EP11 pid=233897) INFO 07-27 15:44:32 [ascend_config.py:824] Dynamic EPLB is False
(Worker_DP5_TP1_EP11 pid=233897) INFO 07-27 15:44:32 [ascend_config.py:825] The number of redundant experts is 0
(Worker_DP5_TP1_EP11 pid=233897) INFO 07-27 15:44:32 [platform.py:770] Set PYTORCH_NPU_ALLOC_CONF=expandable_segments:True
(Worker_DP5_TP1_EP11 pid=233897) INFO 07-27 15:44:32 [llm_base_proposer.py:298] [spec_decode/base] Loading draft model: method=mtp, load_format=None, model=/mnt/weights/DeepSeek-V3.1-Terminus-w8a8-QuaRot-lfs
(Worker_DP5_TP1_EP11 pid=233897) INFO 07-27 15:44:32 [compilation.py:1067] Using OOT custom backend for compilation.
(Worker_DP4_TP1_EP9 pid=233940) INFO 07-27 15:44:32 [model_runner_v1.py:3789] Loading drafter model...
(Worker_DP4_TP1_EP9 pid=233940) INFO 07-27 15:44:32 [kernel.py:292] Final IR op priority after setting platform defaults: IrOpPriorityConfig(rms_norm=['native'], fused_add_rms_norm=['native'])
(Worker_DP4_TP1_EP9 pid=233940) WARNING 07-27 15:44:32 [platform.py:1043] GPU-specific parameter is not supported on Ascend. parameter=disable_cascade_attn, value=True, action: resetting to False.
(Worker_DP4_TP1_EP9 pid=233940) INFO 07-27 15:44:32 [ascend_config.py:490] finegrained_tp_config enabled: lmhead_tensor_parallel_size=2
(Worker_DP4_TP1_EP9 pid=233940) INFO 07-27 15:44:32 [ascend_config.py:824] Dynamic EPLB is False
(Worker_DP4_TP1_EP9 pid=233940) INFO 07-27 15:44:32 [ascend_config.py:825] The number of redundant experts is 0
(Worker_DP4_TP1_EP9 pid=233940) INFO 07-27 15:44:32 [platform.py:770] Set PYTORCH_NPU_ALLOC_CONF=expandable_segments:True
(Worker_DP4_TP1_EP9 pid=233940) INFO 07-27 15:44:32 [llm_base_proposer.py:298] [spec_decode/base] Loading draft model: method=mtp, load_format=None, model=/mnt/weights/DeepSeek-V3.1-Terminus-w8a8-QuaRot-lfs
(Worker_DP4_TP1_EP9 pid=233940) INFO 07-27 15:44:33 [compilation.py:1067] Using OOT custom backend for compilation.
(Worker_DP6_TP1_EP13 pid=233895) INFO 07-27 15:44:33 [model_runner_v1.py:3789] Loading drafter model...
(Worker_DP6_TP1_EP13 pid=233895) INFO 07-27 15:44:33 [kernel.py:292] Final IR op priority after setting platform defaults: IrOpPriorityConfig(rms_norm=['native'], fused_add_rms_norm=['native'])
(Worker_DP6_TP1_EP13 pid=233895) WARNING 07-27 15:44:33 [platform.py:1043] GPU-specific parameter is not supported on Ascend. parameter=disable_cascade_attn, value=True, action: resetting to False.
(Worker_DP6_TP1_EP13 pid=233895) INFO 07-27 15:44:33 [ascend_config.py:490] finegrained_tp_config enabled: lmhead_tensor_parallel_size=2
(Worker_DP6_TP1_EP13 pid=233895) INFO 07-27 15:44:33 [ascend_config.py:824] Dynamic EPLB is False
(Worker_DP6_TP1_EP13 pid=233895) INFO 07-27 15:44:33 [ascend_config.py:825] The number of redundant experts is 0
(Worker_DP6_TP1_EP13 pid=233895) INFO 07-27 15:44:33 [platform.py:770] Set PYTORCH_NPU_ALLOC_CONF=expandable_segments:True
(Worker_DP6_TP1_EP13 pid=233895) INFO 07-27 15:44:33 [llm_base_proposer.py:298] [spec_decode/base] Loading draft model: method=mtp, load_format=None, model=/mnt/weights/DeepSeek-V3.1-Terminus-w8a8-QuaRot-lfs
(Worker_DP6_TP0_EP12 pid=233529) INFO 07-27 15:44:33 [default_loader.py:430] Loading weights took 5.81 seconds
(Worker_DP6_TP1_EP13 pid=233895) INFO 07-27 15:44:33 [compilation.py:1067] Using OOT custom backend for compilation.
(Worker_DP6_TP0_EP12 pid=233529) INFO 07-27 15:44:34 [llm_base_proposer.py:461] [spec_decode/base] Detected MTP model. Sharing target model embedding weights with the draft model.
(Worker_DP6_TP0_EP12 pid=233529) INFO 07-27 15:44:34 [llm_base_proposer.py:522] [spec_decode/base] Wrapping draft model with ACLGraphWrapper: runtime_mode=FULL, use_eagle=True, enable_enpu=False
(Worker_DP7_TP1_EP15 pid=233966) INFO 07-27 15:44:34 [llm_base_proposer.py:461] [spec_decode/base] Detected MTP model. Sharing target model embedding weights with the draft model.
(Worker_DP7_TP1_EP15 pid=233966) INFO 07-27 15:44:34 [llm_base_proposer.py:522] [spec_decode/base] Wrapping draft model with ACLGraphWrapper: runtime_mode=FULL, use_eagle=True, enable_enpu=False
(Worker_DP0_TP1_EP1 pid=233907) INFO 07-27 15:44:34 [llm_base_proposer.py:461] [spec_decode/base] Detected MTP model. Sharing target model embedding weights with the draft model.
(Worker_DP0_TP1_EP1 pid=233907) INFO 07-27 15:44:34 [llm_base_proposer.py:522] [spec_decode/base] Wrapping draft model with ACLGraphWrapper: runtime_mode=FULL, use_eagle=True, enable_enpu=False
(Worker_DP2_TP0_EP4 pid=233530) INFO 07-27 15:44:34 [model_runner_v1.py:3789] Loading drafter model...
(Worker_DP2_TP0_EP4 pid=233530) INFO 07-27 15:44:34 [vllm.py:1090] Asynchronous scheduling is enabled.
(Worker_DP2_TP0_EP4 pid=233530) WARNING 07-27 15:44:34 [vllm.py:1114] Disabling cascade attention (not yet compatible with async speculative decoding).
(Worker_DP2_TP0_EP4 pid=233530) INFO 07-27 15:44:34 [kernel.py:292] Final IR op priority after setting platform defaults: IrOpPriorityConfig(rms_norm=['native'], fused_add_rms_norm=['native'])
(Worker_DP2_TP0_EP4 pid=233530) WARNING 07-27 15:44:34 [vllm.py:1697] max_num_scheduled_tokens is set to 256 based on the speculative decoding settings. This may lead to suboptimal performance. Consider increasing max_num_batched_tokens to accommodate the additional draft token slots, or decrease num_speculative_tokens or max_num_seqs.
(Worker_DP2_TP0_EP4 pid=233530) WARNING 07-27 15:44:34 [platform.py:1043] GPU-specific parameter is not supported on Ascend. parameter=disable_cascade_attn, value=True, action: resetting to False.
(Worker_DP2_TP0_EP4 pid=233530) INFO 07-27 15:44:34 [ascend_config.py:490] finegrained_tp_config enabled: lmhead_tensor_parallel_size=2
(Worker_DP2_TP0_EP4 pid=233530) INFO 07-27 15:44:34 [ascend_config.py:824] Dynamic EPLB is False
(Worker_DP2_TP0_EP4 pid=233530) INFO 07-27 15:44:34 [ascend_config.py:825] The number of redundant experts is 0
(Worker_DP2_TP0_EP4 pid=233530) INFO 07-27 15:44:34 [platform.py:770] Set PYTORCH_NPU_ALLOC_CONF=expandable_segments:True
(Worker_DP2_TP0_EP4 pid=233530) INFO 07-27 15:44:34 [llm_base_proposer.py:298] [spec_decode/base] Loading draft model: method=mtp, load_format=None, model=/mnt/weights/DeepSeek-V3.1-Terminus-w8a8-QuaRot-lfs
(Worker_DP2_TP0_EP4 pid=233530) INFO 07-27 15:44:35 [compilation.py:1067] Using OOT custom backend for compilation.
(Worker_DP6_TP0_EP12 pid=233529) INFO 07-27 15:44:35 [model_runner_v1.py:3840] Loading model weights took 51.1023 GB
(Worker_DP6_TP0_EP12 pid=233529) INFO 07-27 15:44:35 [model_runner_v1.py:3866] Model runner load_model total time: 87.37 seconds
(Worker_DP2_TP0_EP4 pid=233530) INFO 07-27 15:44:35 [weight_utils.py:857] Filesystem type for checkpoints: EXT4. Checkpoint size: 646.43 GiB. Available RAM: 1786.37 GiB.
(Worker_DP1_TP1_EP3 pid=233943) INFO 07-27 15:44:35 [model_runner_v1.py:3789] Loading drafter model...
(Worker_DP1_TP1_EP3 pid=233943) INFO 07-27 15:44:35 [kernel.py:292] Final IR op priority after setting platform defaults: IrOpPriorityConfig(rms_norm=['native'], fused_add_rms_norm=['native'])
(Worker_DP1_TP1_EP3 pid=233943) WARNING 07-27 15:44:35 [platform.py:1043] GPU-specific parameter is not supported on Ascend. parameter=disable_cascade_attn, value=True, action: resetting to False.
(Worker_DP1_TP1_EP3 pid=233943) INFO 07-27 15:44:35 [ascend_config.py:490] finegrained_tp_config enabled: lmhead_tensor_parallel_size=2
(Worker_DP1_TP1_EP3 pid=233943) INFO 07-27 15:44:35 [ascend_config.py:824] Dynamic EPLB is False
(Worker_DP1_TP1_EP3 pid=233943) INFO 07-27 15:44:35 [ascend_config.py:825] The number of redundant experts is 0
(Worker_DP1_TP1_EP3 pid=233943) INFO 07-27 15:44:35 [platform.py:770] Set PYTORCH_NPU_ALLOC_CONF=expandable_segments:True
(Worker_DP1_TP1_EP3 pid=233943) INFO 07-27 15:44:35 [llm_base_proposer.py:298] [spec_decode/base] Loading draft model: method=mtp, load_format=None, model=/mnt/weights/DeepSeek-V3.1-Terminus-w8a8-QuaRot-lfs
(Worker_DP2_TP1_EP5 pid=233918) INFO 07-27 15:44:35 [llm_base_proposer.py:461] [spec_decode/base] Detected MTP model. Sharing target model embedding weights with the draft model.
(Worker_DP7_TP1_EP15 pid=233966) INFO 07-27 15:44:35 [model_runner_v1.py:3840] Loading model weights took 51.1023 GB
(Worker_DP7_TP1_EP15 pid=233966) INFO 07-27 15:44:35 [model_runner_v1.py:3866] Model runner load_model total time: 87.94 seconds
(Worker_DP2_TP1_EP5 pid=233918) INFO 07-27 15:44:35 [llm_base_proposer.py:522] [spec_decode/base] Wrapping draft model with ACLGraphWrapper: runtime_mode=FULL, use_eagle=True, enable_enpu=False
(Worker_DP1_TP1_EP3 pid=233943) INFO 07-27 15:44:35 [compilation.py:1067] Using OOT custom backend for compilation.
(Worker_DP0_TP1_EP1 pid=233907) INFO 07-27 15:44:36 [model_runner_v1.py:3840] Loading model weights took 51.1023 GB
(Worker_DP0_TP1_EP1 pid=233907) INFO 07-27 15:44:36 [model_runner_v1.py:3866] Model runner load_model total time: 88.41 seconds
(Worker_DP2_TP1_EP5 pid=233918) INFO 07-27 15:44:36 [model_runner_v1.py:3840] Loading model weights took 51.1023 GB
(Worker_DP2_TP1_EP5 pid=233918) INFO 07-27 15:44:36 [model_runner_v1.py:3866] Model runner load_model total time: 88.96 seconds
(Worker_DP5_TP1_EP11 pid=233897) INFO 07-27 15:44:37 [llm_base_proposer.py:461] [spec_decode/base] Detected MTP model. Sharing target model embedding weights with the draft model.
(Worker_DP5_TP1_EP11 pid=233897) INFO 07-27 15:44:37 [llm_base_proposer.py:522] [spec_decode/base] Wrapping draft model with ACLGraphWrapper: runtime_mode=FULL, use_eagle=True, enable_enpu=False
(Worker_DP4_TP1_EP9 pid=233940) INFO 07-27 15:44:38 [llm_base_proposer.py:461] [spec_decode/base] Detected MTP model. Sharing target model embedding weights with the draft model.
(Worker_DP4_TP1_EP9 pid=233940) INFO 07-27 15:44:38 [llm_base_proposer.py:522] [spec_decode/base] Wrapping draft model with ACLGraphWrapper: runtime_mode=FULL, use_eagle=True, enable_enpu=False
(Worker_DP5_TP1_EP11 pid=233897) INFO 07-27 15:44:39 [model_runner_v1.py:3840] Loading model weights took 51.1023 GB
(Worker_DP5_TP1_EP11 pid=233897) INFO 07-27 15:44:39 [model_runner_v1.py:3866] Model runner load_model total time: 91.40 seconds
(Worker_DP6_TP1_EP13 pid=233895) INFO 07-27 15:44:39 [llm_base_proposer.py:461] [spec_decode/base] Detected MTP model. Sharing target model embedding weights with the draft model.
(Worker_DP6_TP1_EP13 pid=233895) INFO 07-27 15:44:39 [llm_base_proposer.py:522] [spec_decode/base] Wrapping draft model with ACLGraphWrapper: runtime_mode=FULL, use_eagle=True, enable_enpu=False
(Worker_DP4_TP1_EP9 pid=233940) INFO 07-27 15:44:40 [model_runner_v1.py:3840] Loading model weights took 51.1023 GB
(Worker_DP4_TP1_EP9 pid=233940) INFO 07-27 15:44:40 [model_runner_v1.py:3866] Model runner load_model total time: 92.82 seconds
(Worker_DP2_TP0_EP4 pid=233530) INFO 07-27 15:44:40 [default_loader.py:430] Loading weights took 5.58 seconds
(Worker_DP2_TP0_EP4 pid=233530) INFO 07-27 15:44:40 [llm_base_proposer.py:461] [spec_decode/base] Detected MTP model. Sharing target model embedding weights with the draft model.
(Worker_DP6_TP1_EP13 pid=233895) INFO 07-27 15:44:40 [model_runner_v1.py:3840] Loading model weights took 51.1023 GB
(Worker_DP6_TP1_EP13 pid=233895) INFO 07-27 15:44:40 [model_runner_v1.py:3866] Model runner load_model total time: 93.07 seconds
(Worker_DP2_TP0_EP4 pid=233530) INFO 07-27 15:44:40 [llm_base_proposer.py:522] [spec_decode/base] Wrapping draft model with ACLGraphWrapper: runtime_mode=FULL, use_eagle=True, enable_enpu=False
(Worker_DP1_TP1_EP3 pid=233943) INFO 07-27 15:44:41 [llm_base_proposer.py:461] [spec_decode/base] Detected MTP model. Sharing target model embedding weights with the draft model.
(Worker_DP1_TP1_EP3 pid=233943) INFO 07-27 15:44:41 [llm_base_proposer.py:522] [spec_decode/base] Wrapping draft model with ACLGraphWrapper: runtime_mode=FULL, use_eagle=True, enable_enpu=False
(Worker_DP2_TP0_EP4 pid=233530) INFO 07-27 15:44:42 [model_runner_v1.py:3840] Loading model weights took 51.1023 GB
(Worker_DP2_TP0_EP4 pid=233530) INFO 07-27 15:44:42 [model_runner_v1.py:3866] Model runner load_model total time: 94.59 seconds
(Worker_DP1_TP1_EP3 pid=233943) INFO 07-27 15:44:42 [model_runner_v1.py:3840] Loading model weights took 51.1023 GB
(Worker_DP1_TP1_EP3 pid=233943) INFO 07-27 15:44:42 [model_runner_v1.py:3866] Model runner load_model total time: 95.01 seconds
(Worker_DP1_TP1_EP3 pid=233943) :0: UserWarning: /usr/local/lib/python3.11/site-packages/depyf/explain/enable_debugging.py:163: You are trying to debug `torch.compile`. Please make sure the code runs multiple times to cover all the possible branches.
(Worker_DP3_TP1_EP7 pid=233954) :0: UserWarning: /usr/local/lib/python3.11/site-packages/depyf/explain/enable_debugging.py:163: You are trying to debug `torch.compile`. Please make sure the code runs multiple times to cover all the possible branches.
(Worker_DP6_TP1_EP13 pid=233895) :0: UserWarning: /usr/local/lib/python3.11/site-packages/depyf/explain/enable_debugging.py:163: You are trying to debug `torch.compile`. Please make sure the code runs multiple times to cover all the possible branches.
(Worker_DP4_TP1_EP9 pid=233940) :0: UserWarning: /usr/local/lib/python3.11/site-packages/depyf/explain/enable_debugging.py:163: You are trying to debug `torch.compile`. Please make sure the code runs multiple times to cover all the possible branches.
(Worker_DP2_TP1_EP5 pid=233918) :0: UserWarning: /usr/local/lib/python3.11/site-packages/depyf/explain/enable_debugging.py:163: You are trying to debug `torch.compile`. Please make sure the code runs multiple times to cover all the possible branches.
(Worker_DP5_TP1_EP11 pid=233897) :0: UserWarning: /usr/local/lib/python3.11/site-packages/depyf/explain/enable_debugging.py:163: You are trying to debug `torch.compile`. Please make sure the code runs multiple times to cover all the possible branches.
(Worker_DP7_TP1_EP15 pid=233966) :0: UserWarning: /usr/local/lib/python3.11/site-packages/depyf/explain/enable_debugging.py:163: You are trying to debug `torch.compile`. Please make sure the code runs multiple times to cover all the possible branches.
(Worker_DP0_TP1_EP1 pid=233907) :0: UserWarning: /usr/local/lib/python3.11/site-packages/depyf/explain/enable_debugging.py:163: You are trying to debug `torch.compile`. Please make sure the code runs multiple times to cover all the possible branches.
(Worker_DP0_TP0_EP0 pid=233535) :0: UserWarning: /usr/local/lib/python3.11/site-packages/depyf/explain/enable_debugging.py:163: You are trying to debug `torch.compile`. Please make sure the code runs multiple times to cover all the possible branches.
(Worker_DP6_TP0_EP12 pid=233529) :0: UserWarning: /usr/local/lib/python3.11/site-packages/depyf/explain/enable_debugging.py:163: You are trying to debug `torch.compile`. Please make sure the code runs multiple times to cover all the possible branches.
(Worker_DP5_TP0_EP10 pid=233528) :0: UserWarning: /usr/local/lib/python3.11/site-packages/depyf/explain/enable_debugging.py:163: You are trying to debug `torch.compile`. Please make sure the code runs multiple times to cover all the possible branches.
(Worker_DP1_TP0_EP2 pid=233533) :0: UserWarning: /usr/local/lib/python3.11/site-packages/depyf/explain/enable_debugging.py:163: You are trying to debug `torch.compile`. Please make sure the code runs multiple times to cover all the possible branches.
(Worker_DP7_TP0_EP14 pid=233534) :0: UserWarning: /usr/local/lib/python3.11/site-packages/depyf/explain/enable_debugging.py:163: You are trying to debug `torch.compile`. Please make sure the code runs multiple times to cover all the possible branches.
(Worker_DP3_TP0_EP6 pid=233532) :0: UserWarning: /usr/local/lib/python3.11/site-packages/depyf/explain/enable_debugging.py:163: You are trying to debug `torch.compile`. Please make sure the code runs multiple times to cover all the possible branches.
(Worker_DP4_TP0_EP8 pid=233531) :0: UserWarning: /usr/local/lib/python3.11/site-packages/depyf/explain/enable_debugging.py:163: You are trying to debug `torch.compile`. Please make sure the code runs multiple times to cover all the possible branches.
(Worker_DP2_TP0_EP4 pid=233530) :0: UserWarning: /usr/local/lib/python3.11/site-packages/depyf/explain/enable_debugging.py:163: You are trying to debug `torch.compile`. Please make sure the code runs multiple times to cover all the possible branches.
(Worker_DP1_TP1_EP3 pid=233943) INFO 07-27 15:44:45 [compiler_interface.py:248] AscendCompiler hash factors: {'torch_npu_version': '2.10.0.post2', 'enable_npugraph_ex': True, 'enable_static_kernel': False}
(Worker_DP5_TP1_EP11 pid=233897) INFO 07-27 15:44:45 [compiler_interface.py:248] AscendCompiler hash factors: {'torch_npu_version': '2.10.0.post2', 'enable_npugraph_ex': True, 'enable_static_kernel': False}
(Worker_DP3_TP1_EP7 pid=233954) INFO 07-27 15:44:45 [compiler_interface.py:248] AscendCompiler hash factors: {'torch_npu_version': '2.10.0.post2', 'enable_npugraph_ex': True, 'enable_static_kernel': False}
(Worker_DP4_TP1_EP9 pid=233940) INFO 07-27 15:44:45 [compiler_interface.py:248] AscendCompiler hash factors: {'torch_npu_version': '2.10.0.post2', 'enable_npugraph_ex': True, 'enable_static_kernel': False}
(Worker_DP2_TP1_EP5 pid=233918) INFO 07-27 15:44:45 [compiler_interface.py:248] AscendCompiler hash factors: {'torch_npu_version': '2.10.0.post2', 'enable_npugraph_ex': True, 'enable_static_kernel': False}
(Worker_DP6_TP1_EP13 pid=233895) INFO 07-27 15:44:45 [compiler_interface.py:248] AscendCompiler hash factors: {'torch_npu_version': '2.10.0.post2', 'enable_npugraph_ex': True, 'enable_static_kernel': False}
(Worker_DP0_TP1_EP1 pid=233907) INFO 07-27 15:44:45 [compiler_interface.py:248] AscendCompiler hash factors: {'torch_npu_version': '2.10.0.post2', 'enable_npugraph_ex': True, 'enable_static_kernel': False}
(Worker_DP0_TP0_EP0 pid=233535) INFO 07-27 15:44:45 [compiler_interface.py:248] AscendCompiler hash factors: {'torch_npu_version': '2.10.0.post2', 'enable_npugraph_ex': True, 'enable_static_kernel': False}
(Worker_DP0_TP0_EP0 pid=233535) INFO 07-27 15:44:45 [backends.py:1089] Using cache directory: /root/.cache/vllm/torch_compile_cache/8239f7ade9/rank_0_0/backbone for vLLM's torch.compile
(Worker_DP0_TP0_EP0 pid=233535) INFO 07-27 15:44:45 [backends.py:1148] Dynamo bytecode transform time: 0.82 s
(Worker_DP7_TP1_EP15 pid=233966) INFO 07-27 15:44:45 [compiler_interface.py:248] AscendCompiler hash factors: {'torch_npu_version': '2.10.0.post2', 'enable_npugraph_ex': True, 'enable_static_kernel': False}
(Worker_DP6_TP0_EP12 pid=233529) INFO 07-27 15:44:45 [compiler_interface.py:248] AscendCompiler hash factors: {'torch_npu_version': '2.10.0.post2', 'enable_npugraph_ex': True, 'enable_static_kernel': False}
(Worker_DP6_TP0_EP12 pid=233529) INFO 07-27 15:44:45 [backends.py:1089] Using cache directory: /root/.cache/vllm/torch_compile_cache/951029537e/rank_0_6/backbone for vLLM's torch.compile
(Worker_DP6_TP0_EP12 pid=233529) INFO 07-27 15:44:45 [backends.py:1148] Dynamo bytecode transform time: 0.83 s
(Worker_DP1_TP0_EP2 pid=233533) INFO 07-27 15:44:45 [compiler_interface.py:248] AscendCompiler hash factors: {'torch_npu_version': '2.10.0.post2', 'enable_npugraph_ex': True, 'enable_static_kernel': False}
(Worker_DP5_TP0_EP10 pid=233528) INFO 07-27 15:44:45 [compiler_interface.py:248] AscendCompiler hash factors: {'torch_npu_version': '2.10.0.post2', 'enable_npugraph_ex': True, 'enable_static_kernel': False}
(Worker_DP1_TP0_EP2 pid=233533) INFO 07-27 15:44:45 [backends.py:1089] Using cache directory: /root/.cache/vllm/torch_compile_cache/9f36470e39/rank_0_1/backbone for vLLM's torch.compile
(Worker_DP5_TP0_EP10 pid=233528) INFO 07-27 15:44:45 [backends.py:1089] Using cache directory: /root/.cache/vllm/torch_compile_cache/310971ebec/rank_0_5/backbone for vLLM's torch.compile
(Worker_DP1_TP0_EP2 pid=233533) INFO 07-27 15:44:45 [backends.py:1148] Dynamo bytecode transform time: 0.85 s
(Worker_DP5_TP0_EP10 pid=233528) INFO 07-27 15:44:45 [backends.py:1148] Dynamo bytecode transform time: 0.85 s
(Worker_DP7_TP0_EP14 pid=233534) INFO 07-27 15:44:45 [compiler_interface.py:248] AscendCompiler hash factors: {'torch_npu_version': '2.10.0.post2', 'enable_npugraph_ex': True, 'enable_static_kernel': False}
(Worker_DP7_TP0_EP14 pid=233534) INFO 07-27 15:44:45 [backends.py:1089] Using cache directory: /root/.cache/vllm/torch_compile_cache/08ecbe2311/rank_0_7/backbone for vLLM's torch.compile
(Worker_DP7_TP0_EP14 pid=233534) INFO 07-27 15:44:45 [backends.py:1148] Dynamo bytecode transform time: 0.86 s
(Worker_DP4_TP0_EP8 pid=233531) INFO 07-27 15:44:45 [compiler_interface.py:248] AscendCompiler hash factors: {'torch_npu_version': '2.10.0.post2', 'enable_npugraph_ex': True, 'enable_static_kernel': False}
(Worker_DP4_TP0_EP8 pid=233531) INFO 07-27 15:44:45 [backends.py:1089] Using cache directory: /root/.cache/vllm/torch_compile_cache/b44d35fc9c/rank_0_4/backbone for vLLM's torch.compile
(Worker_DP4_TP0_EP8 pid=233531) INFO 07-27 15:44:45 [backends.py:1148] Dynamo bytecode transform time: 0.87 s
(Worker_DP2_TP0_EP4 pid=233530) INFO 07-27 15:44:45 [compiler_interface.py:248] AscendCompiler hash factors: {'torch_npu_version': '2.10.0.post2', 'enable_npugraph_ex': True, 'enable_static_kernel': False}
(Worker_DP3_TP0_EP6 pid=233532) INFO 07-27 15:44:45 [compiler_interface.py:248] AscendCompiler hash factors: {'torch_npu_version': '2.10.0.post2', 'enable_npugraph_ex': True, 'enable_static_kernel': False}
(Worker_DP2_TP0_EP4 pid=233530) INFO 07-27 15:44:45 [backends.py:1089] Using cache directory: /root/.cache/vllm/torch_compile_cache/bd73c0e17d/rank_0_2/backbone for vLLM's torch.compile
(Worker_DP2_TP0_EP4 pid=233530) INFO 07-27 15:44:45 [backends.py:1148] Dynamo bytecode transform time: 0.89 s
(Worker_DP3_TP0_EP6 pid=233532) INFO 07-27 15:44:45 [backends.py:1089] Using cache directory: /root/.cache/vllm/torch_compile_cache/58e464d419/rank_0_3/backbone for vLLM's torch.compile
(Worker_DP3_TP0_EP6 pid=233532) INFO 07-27 15:44:45 [backends.py:1148] Dynamo bytecode transform time: 0.89 s
(Worker_DP0_TP0_EP0 pid=233535) INFO 07-27 15:44:46 [compiler_interface.py:285] enable_npugraph_ex is enabled, which will bring graph compilation optimization.
(Worker_DP0_TP0_EP0 pid=233535) INFO 07-27 15:44:56 [compiler_interface.py:199] Saved compiled graph to cache: /root/.cache/vllm/torch_compile_cache/8239f7ade9/rank_0_0/backbone/artifact_compile_range_1_256_subgraph_0
(Worker_DP0_TP0_EP0 pid=233535) INFO 07-27 15:44:56 [backends.py:378] Cache the graph of compile range (1, 256) for later use
(Worker_DP0_TP0_EP0 pid=233535) INFO 07-27 15:44:56 [backends.py:393] Compiling a graph for compile range (1, 256) takes 9.71 s
(Worker_DP3_TP1_EP7 pid=233954) INFO 07-27 15:44:56 [compiler_interface.py:199] Saved compiled graph to cache: /root/.cache/vllm/torch_compile_cache/58e464d419/rank_1_3/backbone/artifact_compile_range_1_256_subgraph_0
(Worker_DP0_TP0_EP0 pid=233535) INFO 07-27 15:44:56 [decorators.py:311] Directly load AOT compilation from path /root/.cache/vllm/torch_compile_cache/torch_aot_compile/e9375ed5f54695124483634c76db22782ed6dbfb366203c92ef9d41b90f9097d/rank_0_0/model
(Worker_DP0_TP0_EP0 pid=233535) INFO 07-27 15:44:56 [monitor.py:53] torch.compile took 11.64 s in total
(Worker_DP3_TP1_EP7 pid=233954) INFO 07-27 15:44:56 [decorators.py:311] Directly load AOT compilation from path /root/.cache/vllm/torch_compile_cache/torch_aot_compile/0b241a9fb64892b3a0535581ed2d6af3218b020cefb18a6ad28c9715235c6083/rank_1_3/model
(Worker_DP5_TP1_EP11 pid=233897) INFO 07-27 15:44:56 [compiler_interface.py:199] Saved compiled graph to cache: /root/.cache/vllm/torch_compile_cache/310971ebec/rank_1_5/backbone/artifact_compile_range_1_256_subgraph_0
(Worker_DP5_TP1_EP11 pid=233897) INFO 07-27 15:44:56 [decorators.py:311] Directly load AOT compilation from path /root/.cache/vllm/torch_compile_cache/torch_aot_compile/3e42ab33d723c35b52edd03cf692655ebc412c5207cf42367d1d2b9a9b6f787a/rank_1_5/model
(Worker_DP1_TP1_EP3 pid=233943) INFO 07-27 15:44:56 [compiler_interface.py:199] Saved compiled graph to cache: /root/.cache/vllm/torch_compile_cache/9f36470e39/rank_1_1/backbone/artifact_compile_range_1_256_subgraph_0
(Worker_DP6_TP0_EP12 pid=233529) INFO 07-27 15:44:56 [compiler_interface.py:199] Saved compiled graph to cache: /root/.cache/vllm/torch_compile_cache/951029537e/rank_0_6/backbone/artifact_compile_range_1_256_subgraph_0
(Worker_DP6_TP0_EP12 pid=233529) INFO 07-27 15:44:56 [backends.py:378] Cache the graph of compile range (1, 256) for later use
(Worker_DP6_TP0_EP12 pid=233529) INFO 07-27 15:44:56 [backends.py:393] Compiling a graph for compile range (1, 256) takes 10.33 s
(Worker_DP1_TP1_EP3 pid=233943) INFO 07-27 15:44:56 [decorators.py:311] Directly load AOT compilation from path /root/.cache/vllm/torch_compile_cache/torch_aot_compile/5cca10874856c19c05dbd6af0abbab2912333ecbaf8402b1edb5fba7bc6fbc07/rank_1_1/model
(Worker_DP6_TP0_EP12 pid=233529) INFO 07-27 15:44:56 [decorators.py:311] Directly load AOT compilation from path /root/.cache/vllm/torch_compile_cache/torch_aot_compile/45c51e56ca354382af3b97e8ab2b4fdfbd63e169d808993e2c2ba204b5d0a21d/rank_0_6/model
(Worker_DP6_TP0_EP12 pid=233529) INFO 07-27 15:44:56 [monitor.py:53] torch.compile took 12.30 s in total
(Worker_DP4_TP1_EP9 pid=233940) INFO 07-27 15:44:57 [compiler_interface.py:199] Saved compiled graph to cache: /root/.cache/vllm/torch_compile_cache/b44d35fc9c/rank_1_4/backbone/artifact_compile_range_1_256_subgraph_0
(Worker_DP2_TP1_EP5 pid=233918) INFO 07-27 15:44:57 [compiler_interface.py:199] Saved compiled graph to cache: /root/.cache/vllm/torch_compile_cache/bd73c0e17d/rank_1_2/backbone/artifact_compile_range_1_256_subgraph_0
(Worker_DP4_TP1_EP9 pid=233940) INFO 07-27 15:44:57 [decorators.py:311] Directly load AOT compilation from path /root/.cache/vllm/torch_compile_cache/torch_aot_compile/805b302de83182654dbf703071fc1fa75aa539c51d2e2cd7688fc26a402f87d7/rank_1_4/model
(Worker_DP1_TP0_EP2 pid=233533) INFO 07-27 15:44:57 [compiler_interface.py:199] Saved compiled graph to cache: /root/.cache/vllm/torch_compile_cache/9f36470e39/rank_0_1/backbone/artifact_compile_range_1_256_subgraph_0
(Worker_DP5_TP0_EP10 pid=233528) INFO 07-27 15:44:57 [compiler_interface.py:199] Saved compiled graph to cache: /root/.cache/vllm/torch_compile_cache/310971ebec/rank_0_5/backbone/artifact_compile_range_1_256_subgraph_0
(Worker_DP1_TP0_EP2 pid=233533) INFO 07-27 15:44:57 [backends.py:378] Cache the graph of compile range (1, 256) for later use
(Worker_DP1_TP0_EP2 pid=233533) INFO 07-27 15:44:57 [backends.py:393] Compiling a graph for compile range (1, 256) takes 10.58 s
(Worker_DP5_TP0_EP10 pid=233528) INFO 07-27 15:44:57 [backends.py:378] Cache the graph of compile range (1, 256) for later use
(Worker_DP5_TP0_EP10 pid=233528) INFO 07-27 15:44:57 [backends.py:393] Compiling a graph for compile range (1, 256) takes 10.58 s
(Worker_DP2_TP1_EP5 pid=233918) INFO 07-27 15:44:57 [decorators.py:311] Directly load AOT compilation from path /root/.cache/vllm/torch_compile_cache/torch_aot_compile/e08ba68f79a09450007c3781610f45bfe43051adb82691bb7f3748cc81ec0506/rank_1_2/model
(Worker_DP1_TP0_EP2 pid=233533) INFO 07-27 15:44:57 [decorators.py:311] Directly load AOT compilation from path /root/.cache/vllm/torch_compile_cache/torch_aot_compile/5cca10874856c19c05dbd6af0abbab2912333ecbaf8402b1edb5fba7bc6fbc07/rank_0_1/model
(Worker_DP1_TP0_EP2 pid=233533) INFO 07-27 15:44:57 [monitor.py:53] torch.compile took 12.68 s in total
(Worker_DP5_TP0_EP10 pid=233528) INFO 07-27 15:44:57 [decorators.py:311] Directly load AOT compilation from path /root/.cache/vllm/torch_compile_cache/torch_aot_compile/3e42ab33d723c35b52edd03cf692655ebc412c5207cf42367d1d2b9a9b6f787a/rank_0_5/model
(Worker_DP5_TP0_EP10 pid=233528) INFO 07-27 15:44:57 [monitor.py:53] torch.compile took 12.68 s in total
(Worker_DP7_TP0_EP14 pid=233534) INFO 07-27 15:44:57 [compiler_interface.py:199] Saved compiled graph to cache: /root/.cache/vllm/torch_compile_cache/08ecbe2311/rank_0_7/backbone/artifact_compile_range_1_256_subgraph_0
(Worker_DP7_TP0_EP14 pid=233534) INFO 07-27 15:44:57 [backends.py:378] Cache the graph of compile range (1, 256) for later use
(Worker_DP7_TP0_EP14 pid=233534) INFO 07-27 15:44:57 [backends.py:393] Compiling a graph for compile range (1, 256) takes 10.76 s
(Worker_DP7_TP1_EP15 pid=233966) INFO 07-27 15:44:57 [compiler_interface.py:199] Saved compiled graph to cache: /root/.cache/vllm/torch_compile_cache/08ecbe2311/rank_1_7/backbone/artifact_compile_range_1_256_subgraph_0
(Worker_DP7_TP0_EP14 pid=233534) INFO 07-27 15:44:57 [decorators.py:311] Directly load AOT compilation from path /root/.cache/vllm/torch_compile_cache/torch_aot_compile/958583ba7746b3e1e7fcf4a74fe0abb6511e28877401d8a27b1def91fd17516d/rank_0_7/model
(Worker_DP7_TP0_EP14 pid=233534) INFO 07-27 15:44:57 [monitor.py:53] torch.compile took 12.85 s in total
(Worker_DP7_TP1_EP15 pid=233966) INFO 07-27 15:44:57 [decorators.py:311] Directly load AOT compilation from path /root/.cache/vllm/torch_compile_cache/torch_aot_compile/958583ba7746b3e1e7fcf4a74fe0abb6511e28877401d8a27b1def91fd17516d/rank_1_7/model
(Worker_DP4_TP0_EP8 pid=233531) INFO 07-27 15:44:57 [compiler_interface.py:199] Saved compiled graph to cache: /root/.cache/vllm/torch_compile_cache/b44d35fc9c/rank_0_4/backbone/artifact_compile_range_1_256_subgraph_0
(Worker_DP4_TP0_EP8 pid=233531) INFO 07-27 15:44:57 [backends.py:378] Cache the graph of compile range (1, 256) for later use
(Worker_DP4_TP0_EP8 pid=233531) INFO 07-27 15:44:57 [backends.py:393] Compiling a graph for compile range (1, 256) takes 10.92 s
(Worker_DP4_TP0_EP8 pid=233531) INFO 07-27 15:44:57 [decorators.py:311] Directly load AOT compilation from path /root/.cache/vllm/torch_compile_cache/torch_aot_compile/805b302de83182654dbf703071fc1fa75aa539c51d2e2cd7688fc26a402f87d7/rank_0_4/model
(Worker_DP4_TP0_EP8 pid=233531) INFO 07-27 15:44:57 [monitor.py:53] torch.compile took 13.07 s in total
(Worker_DP0_TP1_EP1 pid=233907) INFO 07-27 15:44:57 [compiler_interface.py:199] Saved compiled graph to cache: /root/.cache/vllm/torch_compile_cache/8239f7ade9/rank_1_0/backbone/artifact_compile_range_1_256_subgraph_0
(Worker_DP3_TP0_EP6 pid=233532) INFO 07-27 15:44:57 [compiler_interface.py:199] Saved compiled graph to cache: /root/.cache/vllm/torch_compile_cache/58e464d419/rank_0_3/backbone/artifact_compile_range_1_256_subgraph_0
(Worker_DP3_TP0_EP6 pid=233532) INFO 07-27 15:44:57 [backends.py:378] Cache the graph of compile range (1, 256) for later use
(Worker_DP3_TP0_EP6 pid=233532) INFO 07-27 15:44:57 [backends.py:393] Compiling a graph for compile range (1, 256) takes 11.13 s
(Worker_DP0_TP1_EP1 pid=233907) INFO 07-27 15:44:57 [decorators.py:311] Directly load AOT compilation from path /root/.cache/vllm/torch_compile_cache/torch_aot_compile/e9375ed5f54695124483634c76db22782ed6dbfb366203c92ef9d41b90f9097d/rank_1_0/model
(Worker_DP3_TP0_EP6 pid=233532) INFO 07-27 15:44:57 [decorators.py:311] Directly load AOT compilation from path /root/.cache/vllm/torch_compile_cache/torch_aot_compile/0b241a9fb64892b3a0535581ed2d6af3218b020cefb18a6ad28c9715235c6083/rank_0_3/model
(Worker_DP3_TP0_EP6 pid=233532) INFO 07-27 15:44:57 [monitor.py:53] torch.compile took 13.24 s in total
(Worker_DP2_TP0_EP4 pid=233530) INFO 07-27 15:44:57 [compiler_interface.py:199] Saved compiled graph to cache: /root/.cache/vllm/torch_compile_cache/bd73c0e17d/rank_0_2/backbone/artifact_compile_range_1_256_subgraph_0
(Worker_DP2_TP0_EP4 pid=233530) INFO 07-27 15:44:57 [backends.py:378] Cache the graph of compile range (1, 256) for later use
(Worker_DP2_TP0_EP4 pid=233530) INFO 07-27 15:44:57 [backends.py:393] Compiling a graph for compile range (1, 256) takes 11.12 s
(Worker_DP6_TP1_EP13 pid=233895) INFO 07-27 15:44:57 [compiler_interface.py:199] Saved compiled graph to cache: /root/.cache/vllm/torch_compile_cache/951029537e/rank_1_6/backbone/artifact_compile_range_1_256_subgraph_0
(Worker_DP2_TP0_EP4 pid=233530) INFO 07-27 15:44:57 [decorators.py:311] Directly load AOT compilation from path /root/.cache/vllm/torch_compile_cache/torch_aot_compile/e08ba68f79a09450007c3781610f45bfe43051adb82691bb7f3748cc81ec0506/rank_0_2/model
(Worker_DP2_TP0_EP4 pid=233530) INFO 07-27 15:44:57 [monitor.py:53] torch.compile took 13.36 s in total
(Worker_DP6_TP1_EP13 pid=233895) INFO 07-27 15:44:57 [decorators.py:311] Directly load AOT compilation from path /root/.cache/vllm/torch_compile_cache/torch_aot_compile/45c51e56ca354382af3b97e8ab2b4fdfbd63e169d808993e2c2ba204b5d0a21d/rank_1_6/model
(Worker_DP1_TP0_EP2 pid=233533) INFO 07-27 15:44:58 [monitor.py:81] Initial profiling/warmup run took 0.86 s
(Worker_DP5_TP0_EP10 pid=233528) INFO 07-27 15:44:58 [monitor.py:81] Initial profiling/warmup run took 0.87 s
(Worker_DP7_TP0_EP14 pid=233534) INFO 07-27 15:44:58 [monitor.py:81] Initial profiling/warmup run took 0.87 s
(Worker_DP4_TP0_EP8 pid=233531) INFO 07-27 15:44:58 [monitor.py:81] Initial profiling/warmup run took 0.92 s
(Worker_DP0_TP0_EP0 pid=233535) INFO 07-27 15:44:58 [monitor.py:81] Initial profiling/warmup run took 2.44 s
(Worker_DP3_TP0_EP6 pid=233532) INFO 07-27 15:44:58 [monitor.py:81] Initial profiling/warmup run took 0.91 s
(Worker_DP6_TP0_EP12 pid=233529) INFO 07-27 15:44:58 [monitor.py:81] Initial profiling/warmup run took 1.96 s
(Worker_DP2_TP0_EP4 pid=233530) INFO 07-27 15:44:58 [monitor.py:81] Initial profiling/warmup run took 0.93 s
(Worker_DP2_TP0_EP4 pid=233530) :0: UserWarning: /usr/local/lib/python3.11/site-packages/depyf/explain/enable_debugging.py:163: You are trying to debug `torch.compile`. Please make sure the code runs multiple times to cover all the possible branches.
(Worker_DP6_TP0_EP12 pid=233529) :0: UserWarning: /usr/local/lib/python3.11/site-packages/depyf/explain/enable_debugging.py:163: You are trying to debug `torch.compile`. Please make sure the code runs multiple times to cover all the possible branches.
(Worker_DP7_TP0_EP14 pid=233534) :0: UserWarning: /usr/local/lib/python3.11/site-packages/depyf/explain/enable_debugging.py:163: You are trying to debug `torch.compile`. Please make sure the code runs multiple times to cover all the possible branches.
(Worker_DP3_TP0_EP6 pid=233532) :0: UserWarning: /usr/local/lib/python3.11/site-packages/depyf/explain/enable_debugging.py:163: You are trying to debug `torch.compile`. Please make sure the code runs multiple times to cover all the possible branches.
(Worker_DP4_TP0_EP8 pid=233531) :0: UserWarning: /usr/local/lib/python3.11/site-packages/depyf/explain/enable_debugging.py:163: You are trying to debug `torch.compile`. Please make sure the code runs multiple times to cover all the possible branches.
(Worker_DP1_TP0_EP2 pid=233533) :0: UserWarning: /usr/local/lib/python3.11/site-packages/depyf/explain/enable_debugging.py:163: You are trying to debug `torch.compile`. Please make sure the code runs multiple times to cover all the possible branches.
(Worker_DP0_TP0_EP0 pid=233535) :0: UserWarning: /usr/local/lib/python3.11/site-packages/depyf/explain/enable_debugging.py:163: You are trying to debug `torch.compile`. Please make sure the code runs multiple times to cover all the possible branches.
(Worker_DP5_TP0_EP10 pid=233528) :0: UserWarning: /usr/local/lib/python3.11/site-packages/depyf/explain/enable_debugging.py:163: You are trying to debug `torch.compile`. Please make sure the code runs multiple times to cover all the possible branches.
(Worker_DP2_TP0_EP4 pid=233530) INFO 07-27 15:44:58 [compiler_interface.py:248] AscendCompiler hash factors: {'torch_npu_version': '2.10.0.post2', 'enable_npugraph_ex': True, 'enable_static_kernel': False}
(Worker_DP6_TP0_EP12 pid=233529) INFO 07-27 15:44:58 [compiler_interface.py:248] AscendCompiler hash factors: {'torch_npu_version': '2.10.0.post2', 'enable_npugraph_ex': True, 'enable_static_kernel': False}
(Worker_DP2_TP0_EP4 pid=233530) INFO 07-27 15:44:58 [backends.py:1089] Using cache directory: /root/.cache/vllm/torch_compile_cache/bd73c0e17d/rank_0_2/eagle_head for vLLM's torch.compile
(Worker_DP4_TP0_EP8 pid=233531) INFO 07-27 15:44:58 [compiler_interface.py:248] AscendCompiler hash factors: {'torch_npu_version': '2.10.0.post2', 'enable_npugraph_ex': True, 'enable_static_kernel': False}
(Worker_DP2_TP0_EP4 pid=233530) INFO 07-27 15:44:58 [backends.py:1148] Dynamo bytecode transform time: 0.07 s
(Worker_DP7_TP0_EP14 pid=233534) INFO 07-27 15:44:58 [compiler_interface.py:248] AscendCompiler hash factors: {'torch_npu_version': '2.10.0.post2', 'enable_npugraph_ex': True, 'enable_static_kernel': False}
(Worker_DP6_TP0_EP12 pid=233529) INFO 07-27 15:44:58 [backends.py:1089] Using cache directory: /root/.cache/vllm/torch_compile_cache/951029537e/rank_0_6/eagle_head for vLLM's torch.compile
(Worker_DP4_TP0_EP8 pid=233531) INFO 07-27 15:44:58 [backends.py:1089] Using cache directory: /root/.cache/vllm/torch_compile_cache/b44d35fc9c/rank_0_4/eagle_head for vLLM's torch.compile
(Worker_DP6_TP0_EP12 pid=233529) INFO 07-27 15:44:58 [backends.py:1148] Dynamo bytecode transform time: 0.07 s
(Worker_DP3_TP0_EP6 pid=233532) INFO 07-27 15:44:58 [compiler_interface.py:248] AscendCompiler hash factors: {'torch_npu_version': '2.10.0.post2', 'enable_npugraph_ex': True, 'enable_static_kernel': False}
(Worker_DP4_TP0_EP8 pid=233531) INFO 07-27 15:44:58 [backends.py:1148] Dynamo bytecode transform time: 0.07 s
(Worker_DP1_TP0_EP2 pid=233533) INFO 07-27 15:44:58 [compiler_interface.py:248] AscendCompiler hash factors: {'torch_npu_version': '2.10.0.post2', 'enable_npugraph_ex': True, 'enable_static_kernel': False}
(Worker_DP7_TP0_EP14 pid=233534) INFO 07-27 15:44:58 [backends.py:1089] Using cache directory: /root/.cache/vllm/torch_compile_cache/08ecbe2311/rank_0_7/eagle_head for vLLM's torch.compile
(Worker_DP7_TP0_EP14 pid=233534) INFO 07-27 15:44:58 [backends.py:1148] Dynamo bytecode transform time: 0.08 s
(Worker_DP3_TP0_EP6 pid=233532) INFO 07-27 15:44:58 [backends.py:1089] Using cache directory: /root/.cache/vllm/torch_compile_cache/58e464d419/rank_0_3/eagle_head for vLLM's torch.compile
(Worker_DP3_TP0_EP6 pid=233532) INFO 07-27 15:44:58 [backends.py:1148] Dynamo bytecode transform time: 0.08 s
(Worker_DP1_TP0_EP2 pid=233533) INFO 07-27 15:44:58 [backends.py:1089] Using cache directory: /root/.cache/vllm/torch_compile_cache/9f36470e39/rank_0_1/eagle_head for vLLM's torch.compile
(Worker_DP1_TP0_EP2 pid=233533) INFO 07-27 15:44:58 [backends.py:1148] Dynamo bytecode transform time: 0.08 s
(Worker_DP3_TP1_EP7 pid=233954) :0: UserWarning: /usr/local/lib/python3.11/site-packages/depyf/explain/enable_debugging.py:163: You are trying to debug `torch.compile`. Please make sure the code runs multiple times to cover all the possible branches.
(Worker_DP2_TP1_EP5 pid=233918) :0: UserWarning: /usr/local/lib/python3.11/site-packages/depyf/explain/enable_debugging.py:163: You are trying to debug `torch.compile`. Please make sure the code runs multiple times to cover all the possible branches.
(Worker_DP1_TP1_EP3 pid=233943) :0: UserWarning: /usr/local/lib/python3.11/site-packages/depyf/explain/enable_debugging.py:163: You are trying to debug `torch.compile`. Please make sure the code runs multiple times to cover all the possible branches.
(Worker_DP7_TP1_EP15 pid=233966) :0: UserWarning: /usr/local/lib/python3.11/site-packages/depyf/explain/enable_debugging.py:163: You are trying to debug `torch.compile`. Please make sure the code runs multiple times to cover all the possible branches.
(Worker_DP6_TP1_EP13 pid=233895) :0: UserWarning: /usr/local/lib/python3.11/site-packages/depyf/explain/enable_debugging.py:163: You are trying to debug `torch.compile`. Please make sure the code runs multiple times to cover all the possible branches.
(Worker_DP4_TP1_EP9 pid=233940) :0: UserWarning: /usr/local/lib/python3.11/site-packages/depyf/explain/enable_debugging.py:163: You are trying to debug `torch.compile`. Please make sure the code runs multiple times to cover all the possible branches.
(Worker_DP0_TP1_EP1 pid=233907) :0: UserWarning: /usr/local/lib/python3.11/site-packages/depyf/explain/enable_debugging.py:163: You are trying to debug `torch.compile`. Please make sure the code runs multiple times to cover all the possible branches.
(Worker_DP0_TP0_EP0 pid=233535) INFO 07-27 15:44:58 [compiler_interface.py:248] AscendCompiler hash factors: {'torch_npu_version': '2.10.0.post2', 'enable_npugraph_ex': True, 'enable_static_kernel': False}
(Worker_DP5_TP1_EP11 pid=233897) :0: UserWarning: /usr/local/lib/python3.11/site-packages/depyf/explain/enable_debugging.py:163: You are trying to debug `torch.compile`. Please make sure the code runs multiple times to cover all the possible branches.
(Worker_DP0_TP0_EP0 pid=233535) INFO 07-27 15:44:58 [backends.py:1089] Using cache directory: /root/.cache/vllm/torch_compile_cache/8239f7ade9/rank_0_0/eagle_head for vLLM's torch.compile
(Worker_DP0_TP0_EP0 pid=233535) INFO 07-27 15:44:58 [backends.py:1148] Dynamo bytecode transform time: 0.08 s
(Worker_DP1_TP1_EP3 pid=233943) INFO 07-27 15:44:59 [compiler_interface.py:248] AscendCompiler hash factors: {'torch_npu_version': '2.10.0.post2', 'enable_npugraph_ex': True, 'enable_static_kernel': False}
(Worker_DP3_TP1_EP7 pid=233954) INFO 07-27 15:44:59 [compiler_interface.py:248] AscendCompiler hash factors: {'torch_npu_version': '2.10.0.post2', 'enable_npugraph_ex': True, 'enable_static_kernel': False}
(Worker_DP6_TP1_EP13 pid=233895) INFO 07-27 15:44:59 [compiler_interface.py:248] AscendCompiler hash factors: {'torch_npu_version': '2.10.0.post2', 'enable_npugraph_ex': True, 'enable_static_kernel': False}
(Worker_DP4_TP1_EP9 pid=233940) INFO 07-27 15:44:59 [compiler_interface.py:248] AscendCompiler hash factors: {'torch_npu_version': '2.10.0.post2', 'enable_npugraph_ex': True, 'enable_static_kernel': False}
(Worker_DP7_TP1_EP15 pid=233966) INFO 07-27 15:44:59 [compiler_interface.py:248] AscendCompiler hash factors: {'torch_npu_version': '2.10.0.post2', 'enable_npugraph_ex': True, 'enable_static_kernel': False}
(Worker_DP2_TP1_EP5 pid=233918) INFO 07-27 15:44:59 [compiler_interface.py:248] AscendCompiler hash factors: {'torch_npu_version': '2.10.0.post2', 'enable_npugraph_ex': True, 'enable_static_kernel': False}
(Worker_DP5_TP0_EP10 pid=233528) INFO 07-27 15:44:59 [compiler_interface.py:248] AscendCompiler hash factors: {'torch_npu_version': '2.10.0.post2', 'enable_npugraph_ex': True, 'enable_static_kernel': False}
(Worker_DP0_TP1_EP1 pid=233907) INFO 07-27 15:44:59 [compiler_interface.py:248] AscendCompiler hash factors: {'torch_npu_version': '2.10.0.post2', 'enable_npugraph_ex': True, 'enable_static_kernel': False}
(Worker_DP5_TP0_EP10 pid=233528) INFO 07-27 15:44:59 [backends.py:1089] Using cache directory: /root/.cache/vllm/torch_compile_cache/310971ebec/rank_0_5/eagle_head for vLLM's torch.compile
(Worker_DP5_TP0_EP10 pid=233528) INFO 07-27 15:44:59 [backends.py:1148] Dynamo bytecode transform time: 0.15 s
(Worker_DP5_TP1_EP11 pid=233897) INFO 07-27 15:44:59 [compiler_interface.py:248] AscendCompiler hash factors: {'torch_npu_version': '2.10.0.post2', 'enable_npugraph_ex': True, 'enable_static_kernel': False}
(Worker_DP5_TP0_EP10 pid=233528) INFO 07-27 15:45:00 [compiler_interface.py:199] Saved compiled graph to cache: /root/.cache/vllm/torch_compile_cache/310971ebec/rank_0_5/eagle_head/artifact_compile_range_1_256_subgraph_0
(Worker_DP5_TP0_EP10 pid=233528) INFO 07-27 15:45:00 [backends.py:393] Compiling a graph for compile range (1, 256) takes 1.13 s
(Worker_DP5_TP0_EP10 pid=233528) INFO 07-27 15:45:00 [decorators.py:311] Directly load AOT compilation from path /root/.cache/vllm/torch_compile_cache/torch_aot_compile/fe3d742f8973e0f38803b240a0bd29cb63b5d451bb0d00174bba0301a250b68c/rank_0_5/model
(Worker_DP5_TP0_EP10 pid=233528) INFO 07-27 15:45:00 [monitor.py:53] torch.compile took 1.35 s in total
(Worker_DP2_TP0_EP4 pid=233530) INFO 07-27 15:45:00 [compiler_interface.py:199] Saved compiled graph to cache: /root/.cache/vllm/torch_compile_cache/bd73c0e17d/rank_0_2/eagle_head/artifact_compile_range_1_256_subgraph_0
(Worker_DP4_TP1_EP9 pid=233940) INFO 07-27 15:45:00 [compiler_interface.py:199] Saved compiled graph to cache: /root/.cache/vllm/torch_compile_cache/b44d35fc9c/rank_1_4/eagle_head/artifact_compile_range_1_256_subgraph_0
(Worker_DP2_TP0_EP4 pid=233530) INFO 07-27 15:45:00 [backends.py:393] Compiling a graph for compile range (1, 256) takes 1.24 s
(Worker_DP2_TP0_EP4 pid=233530) INFO 07-27 15:45:00 [decorators.py:311] Directly load AOT compilation from path /root/.cache/vllm/torch_compile_cache/torch_aot_compile/d202a97807b9d28e5a015b7b96d53b6721fd9972bab939e14768ba1d6273c8c5/rank_0_2/model
(Worker_DP2_TP0_EP4 pid=233530) INFO 07-27 15:45:00 [monitor.py:53] torch.compile took 1.37 s in total
(Worker_DP4_TP1_EP9 pid=233940) INFO 07-27 15:45:00 [decorators.py:311] Directly load AOT compilation from path /root/.cache/vllm/torch_compile_cache/torch_aot_compile/47dae8d80555c713471caf5d4c99471ab7b27f518a27b39f5ef25388cca8aec3/rank_1_4/model
(Worker_DP1_TP1_EP3 pid=233943) INFO 07-27 15:45:00 [compiler_interface.py:199] Saved compiled graph to cache: /root/.cache/vllm/torch_compile_cache/9f36470e39/rank_1_1/eagle_head/artifact_compile_range_1_256_subgraph_0
(Worker_DP3_TP1_EP7 pid=233954) INFO 07-27 15:45:00 [compiler_interface.py:199] Saved compiled graph to cache: /root/.cache/vllm/torch_compile_cache/58e464d419/rank_1_3/eagle_head/artifact_compile_range_1_256_subgraph_0
(Worker_DP1_TP1_EP3 pid=233943) INFO 07-27 15:45:00 [decorators.py:311] Directly load AOT compilation from path /root/.cache/vllm/torch_compile_cache/torch_aot_compile/6d800bbdc23db30b8be44fd16a0d7cac2230c03f4c3012bc715378f159eb1a26/rank_1_1/model
(Worker_DP6_TP0_EP12 pid=233529) INFO 07-27 15:45:00 [compiler_interface.py:199] Saved compiled graph to cache: /root/.cache/vllm/torch_compile_cache/951029537e/rank_0_6/eagle_head/artifact_compile_range_1_256_subgraph_0
(Worker_DP3_TP1_EP7 pid=233954) INFO 07-27 15:45:00 [decorators.py:311] Directly load AOT compilation from path /root/.cache/vllm/torch_compile_cache/torch_aot_compile/576b0c93cc7a2d7c33a7a13d28859c55255bf09e1903de50557acc4055a70044/rank_1_3/model
(Worker_DP6_TP0_EP12 pid=233529) INFO 07-27 15:45:00 [backends.py:393] Compiling a graph for compile range (1, 256) takes 1.27 s
(Worker_DP6_TP0_EP12 pid=233529) INFO 07-27 15:45:00 [decorators.py:311] Directly load AOT compilation from path /root/.cache/vllm/torch_compile_cache/torch_aot_compile/7a3061973c39b05088e1c1a9c92d14bd7bbc34ab2bd94761831ce9f58b3d8fd8/rank_0_6/model
(Worker_DP6_TP0_EP12 pid=233529) INFO 07-27 15:45:00 [monitor.py:53] torch.compile took 1.40 s in total
(Worker_DP4_TP0_EP8 pid=233531) INFO 07-27 15:45:00 [compiler_interface.py:199] Saved compiled graph to cache: /root/.cache/vllm/torch_compile_cache/b44d35fc9c/rank_0_4/eagle_head/artifact_compile_range_1_256_subgraph_0
(Worker_DP7_TP0_EP14 pid=233534) INFO 07-27 15:45:00 [compiler_interface.py:199] Saved compiled graph to cache: /root/.cache/vllm/torch_compile_cache/08ecbe2311/rank_0_7/eagle_head/artifact_compile_range_1_256_subgraph_0
(Worker_DP4_TP0_EP8 pid=233531) INFO 07-27 15:45:00 [backends.py:393] Compiling a graph for compile range (1, 256) takes 1.28 s
(Worker_DP0_TP0_EP0 pid=233535) INFO 07-27 15:45:00 [compiler_interface.py:199] Saved compiled graph to cache: /root/.cache/vllm/torch_compile_cache/8239f7ade9/rank_0_0/eagle_head/artifact_compile_range_1_256_subgraph_0
(Worker_DP3_TP0_EP6 pid=233532) INFO 07-27 15:45:00 [compiler_interface.py:199] Saved compiled graph to cache: /root/.cache/vllm/torch_compile_cache/58e464d419/rank_0_3/eagle_head/artifact_compile_range_1_256_subgraph_0
(Worker_DP7_TP0_EP14 pid=233534) INFO 07-27 15:45:00 [backends.py:393] Compiling a graph for compile range (1, 256) takes 1.29 s
(Worker_DP0_TP0_EP0 pid=233535) INFO 07-27 15:45:00 [backends.py:393] Compiling a graph for compile range (1, 256) takes 1.28 s
(Worker_DP4_TP0_EP8 pid=233531) INFO 07-27 15:45:00 [decorators.py:311] Directly load AOT compilation from path /root/.cache/vllm/torch_compile_cache/torch_aot_compile/47dae8d80555c713471caf5d4c99471ab7b27f518a27b39f5ef25388cca8aec3/rank_0_4/model
(Worker_DP4_TP0_EP8 pid=233531) INFO 07-27 15:45:00 [monitor.py:53] torch.compile took 1.41 s in total
(Worker_DP3_TP0_EP6 pid=233532) INFO 07-27 15:45:00 [backends.py:393] Compiling a graph for compile range (1, 256) takes 1.28 s
(Worker_DP7_TP0_EP14 pid=233534) INFO 07-27 15:45:00 [decorators.py:311] Directly load AOT compilation from path /root/.cache/vllm/torch_compile_cache/torch_aot_compile/50f6e2ece0166a2f956bb44394e9ac60f7f1b3d5feb9d6b9fa6def8e784fda8b/rank_0_7/model
(Worker_DP7_TP0_EP14 pid=233534) INFO 07-27 15:45:00 [monitor.py:53] torch.compile took 1.41 s in total
(Worker_DP7_TP1_EP15 pid=233966) INFO 07-27 15:45:00 [compiler_interface.py:199] Saved compiled graph to cache: /root/.cache/vllm/torch_compile_cache/08ecbe2311/rank_1_7/eagle_head/artifact_compile_range_1_256_subgraph_0
(Worker_DP0_TP0_EP0 pid=233535) INFO 07-27 15:45:00 [decorators.py:311] Directly load AOT compilation from path /root/.cache/vllm/torch_compile_cache/torch_aot_compile/81184e566df09e062d2e9610e7c8fc9671c9c0fa98d2b596e20f93acbb078712/rank_0_0/model
(Worker_DP0_TP0_EP0 pid=233535) INFO 07-27 15:45:00 [monitor.py:53] torch.compile took 1.42 s in total
(Worker_DP3_TP0_EP6 pid=233532) INFO 07-27 15:45:00 [decorators.py:311] Directly load AOT compilation from path /root/.cache/vllm/torch_compile_cache/torch_aot_compile/576b0c93cc7a2d7c33a7a13d28859c55255bf09e1903de50557acc4055a70044/rank_0_3/model
(Worker_DP3_TP0_EP6 pid=233532) INFO 07-27 15:45:00 [monitor.py:53] torch.compile took 1.42 s in total
(Worker_DP5_TP0_EP10 pid=233528) INFO 07-27 15:45:00 [monitor.py:81] Initial profiling/warmup run took 0.08 s
(Worker_DP7_TP1_EP15 pid=233966) INFO 07-27 15:45:00 [decorators.py:311] Directly load AOT compilation from path /root/.cache/vllm/torch_compile_cache/torch_aot_compile/50f6e2ece0166a2f956bb44394e9ac60f7f1b3d5feb9d6b9fa6def8e784fda8b/rank_1_7/model
(Worker_DP1_TP0_EP2 pid=233533) INFO 07-27 15:45:00 [compiler_interface.py:199] Saved compiled graph to cache: /root/.cache/vllm/torch_compile_cache/9f36470e39/rank_0_1/eagle_head/artifact_compile_range_1_256_subgraph_0
(Worker_DP1_TP0_EP2 pid=233533) INFO 07-27 15:45:00 [backends.py:393] Compiling a graph for compile range (1, 256) takes 1.31 s
(Worker_DP6_TP1_EP13 pid=233895) INFO 07-27 15:45:00 [compiler_interface.py:199] Saved compiled graph to cache: /root/.cache/vllm/torch_compile_cache/951029537e/rank_1_6/eagle_head/artifact_compile_range_1_256_subgraph_0
(Worker_DP1_TP0_EP2 pid=233533) INFO 07-27 15:45:00 [decorators.py:311] Directly load AOT compilation from path /root/.cache/vllm/torch_compile_cache/torch_aot_compile/6d800bbdc23db30b8be44fd16a0d7cac2230c03f4c3012bc715378f159eb1a26/rank_0_1/model
(Worker_DP1_TP0_EP2 pid=233533) INFO 07-27 15:45:00 [monitor.py:53] torch.compile took 1.44 s in total
(Worker_DP5_TP1_EP11 pid=233897) INFO 07-27 15:45:00 [compiler_interface.py:199] Saved compiled graph to cache: /root/.cache/vllm/torch_compile_cache/310971ebec/rank_1_5/eagle_head/artifact_compile_range_1_256_subgraph_0
(Worker_DP2_TP1_EP5 pid=233918) INFO 07-27 15:45:00 [compiler_interface.py:199] Saved compiled graph to cache: /root/.cache/vllm/torch_compile_cache/bd73c0e17d/rank_1_2/eagle_head/artifact_compile_range_1_256_subgraph_0
(Worker_DP2_TP0_EP4 pid=233530) INFO 07-27 15:45:00 [monitor.py:81] Initial profiling/warmup run took 0.08 s
(Worker_DP6_TP1_EP13 pid=233895) INFO 07-27 15:45:00 [decorators.py:311] Directly load AOT compilation from path /root/.cache/vllm/torch_compile_cache/torch_aot_compile/7a3061973c39b05088e1c1a9c92d14bd7bbc34ab2bd94761831ce9f58b3d8fd8/rank_1_6/model
(Worker_DP2_TP1_EP5 pid=233918) INFO 07-27 15:45:00 [decorators.py:311] Directly load AOT compilation from path /root/.cache/vllm/torch_compile_cache/torch_aot_compile/d202a97807b9d28e5a015b7b96d53b6721fd9972bab939e14768ba1d6273c8c5/rank_1_2/model
(Worker_DP5_TP1_EP11 pid=233897) INFO 07-27 15:45:00 [decorators.py:311] Directly load AOT compilation from path /root/.cache/vllm/torch_compile_cache/torch_aot_compile/fe3d742f8973e0f38803b240a0bd29cb63b5d451bb0d00174bba0301a250b68c/rank_1_5/model
(Worker_DP0_TP1_EP1 pid=233907) INFO 07-27 15:45:00 [compiler_interface.py:199] Saved compiled graph to cache: /root/.cache/vllm/torch_compile_cache/8239f7ade9/rank_1_0/eagle_head/artifact_compile_range_1_256_subgraph_0
(Worker_DP0_TP1_EP1 pid=233907) INFO 07-27 15:45:00 [decorators.py:311] Directly load AOT compilation from path /root/.cache/vllm/torch_compile_cache/torch_aot_compile/81184e566df09e062d2e9610e7c8fc9671c9c0fa98d2b596e20f93acbb078712/rank_1_0/model
(Worker_DP6_TP0_EP12 pid=233529) INFO 07-27 15:45:00 [monitor.py:81] Initial profiling/warmup run took 0.09 s
(Worker_DP4_TP0_EP8 pid=233531) INFO 07-27 15:45:00 [monitor.py:81] Initial profiling/warmup run took 0.11 s
(Worker_DP3_TP0_EP6 pid=233532) INFO 07-27 15:45:00 [monitor.py:81] Initial profiling/warmup run took 0.12 s
(Worker_DP0_TP0_EP0 pid=233535) INFO 07-27 15:45:00 [monitor.py:81] Initial profiling/warmup run took 0.13 s
(Worker_DP7_TP0_EP14 pid=233534) INFO 07-27 15:45:00 [monitor.py:81] Initial profiling/warmup run took 0.15 s
(Worker_DP1_TP0_EP2 pid=233533) INFO 07-27 15:45:00 [monitor.py:81] Initial profiling/warmup run took 0.13 s
(Worker_DP5_TP0_EP10 pid=233528) INFO 07-27 15:45:03 [gpu_model_runner.py:6571] Profiling CUDA graph memory: FULL=2 (largest=48)
(Worker_DP6_TP1_EP13 pid=233895) INFO 07-27 15:45:03 [gpu_model_runner.py:6571] Profiling CUDA graph memory: FULL=2 (largest=48)
(Worker_DP2_TP0_EP4 pid=233530) INFO 07-27 15:45:03 [gpu_model_runner.py:6571] Profiling CUDA graph memory: FULL=2 (largest=48)
(Worker_DP7_TP0_EP14 pid=233534) INFO 07-27 15:45:03 [gpu_model_runner.py:6571] Profiling CUDA graph memory: FULL=2 (largest=48)
(Worker_DP1_TP0_EP2 pid=233533) INFO 07-27 15:45:03 [gpu_model_runner.py:6571] Profiling CUDA graph memory: FULL=2 (largest=48)
(Worker_DP0_TP1_EP1 pid=233907) INFO 07-27 15:45:03 [gpu_model_runner.py:6571] Profiling CUDA graph memory: FULL=2 (largest=48)
(Worker_DP4_TP0_EP8 pid=233531) INFO 07-27 15:45:04 [gpu_model_runner.py:6571] Profiling CUDA graph memory: FULL=2 (largest=48)
(Worker_DP1_TP1_EP3 pid=233943) INFO 07-27 15:45:04 [gpu_model_runner.py:6571] Profiling CUDA graph memory: FULL=2 (largest=48)
(Worker_DP7_TP1_EP15 pid=233966) INFO 07-27 15:45:04 [gpu_model_runner.py:6571] Profiling CUDA graph memory: FULL=2 (largest=48)
(Worker_DP5_TP1_EP11 pid=233897) INFO 07-27 15:45:04 [gpu_model_runner.py:6571] Profiling CUDA graph memory: FULL=2 (largest=48)
(Worker_DP6_TP0_EP12 pid=233529) INFO 07-27 15:45:04 [gpu_model_runner.py:6571] Profiling CUDA graph memory: FULL=2 (largest=48)
(Worker_DP2_TP1_EP5 pid=233918) INFO 07-27 15:45:04 [gpu_model_runner.py:6571] Profiling CUDA graph memory: FULL=2 (largest=48)
(Worker_DP3_TP1_EP7 pid=233954) INFO 07-27 15:45:04 [gpu_model_runner.py:6571] Profiling CUDA graph memory: FULL=2 (largest=48)
(Worker_DP3_TP0_EP6 pid=233532) INFO 07-27 15:45:04 [gpu_model_runner.py:6571] Profiling CUDA graph memory: FULL=2 (largest=48)
(Worker_DP4_TP1_EP9 pid=233940) INFO 07-27 15:45:04 [gpu_model_runner.py:6571] Profiling CUDA graph memory: FULL=2 (largest=48)
(Worker_DP0_TP0_EP0 pid=233535) INFO 07-27 15:45:04 [gpu_model_runner.py:6571] Profiling CUDA graph memory: FULL=2 (largest=48)
[rank3]:[W727 15:45:05.885097260 NPUGraph.cpp:223] Warning: Waiting for pending NCCL work to finish before starting graph capture. (function operator())
[rank4]:[W727 15:45:05.886197560 NPUGraph.cpp:223] Warning: Waiting for pending NCCL work to finish before starting graph capture. (function operator())
[rank5]:[W727 15:45:05.887435850 NPUGraph.cpp:223] Warning: Waiting for pending NCCL work to finish before starting graph capture. (function operator())
[rank13]:[W727 15:45:05.887815120 NPUGraph.cpp:223] Warning: Waiting for pending NCCL work to finish before starting graph capture. (function operator())
[rank0]:[W727 15:45:05.888474330 NPUGraph.cpp:223] Warning: Waiting for pending NCCL work to finish before starting graph capture. (function operator())
[rank12]:[W727 15:45:05.888652450 NPUGraph.cpp:223] Warning: Waiting for pending NCCL work to finish before starting graph capture. (function operator())
[rank2]:[W727 15:45:05.888652430 NPUGraph.cpp:223] Warning: Waiting for pending NCCL work to finish before starting graph capture. (function operator())
[rank14]:[W727 15:45:05.889229260 NPUGraph.cpp:223] Warning: Waiting for pending NCCL work to finish before starting graph capture. (function operator())
[rank11]:[W727 15:45:05.889263530 NPUGraph.cpp:223] Warning: Waiting for pending NCCL work to finish before starting graph capture. (function operator())
[rank15]:[W727 15:45:05.889771940 NPUGraph.cpp:223] Warning: Waiting for pending NCCL work to finish before starting graph capture. (function operator())
[rank10]:[W727 15:45:05.890044080 NPUGraph.cpp:223] Warning: Waiting for pending NCCL work to finish before starting graph capture. (function operator())
[rank1]:[W727 15:45:05.890214660 NPUGraph.cpp:223] Warning: Waiting for pending NCCL work to finish before starting graph capture. (function operator())
[rank8]:[W727 15:45:05.894718010 NPUGraph.cpp:223] Warning: Waiting for pending NCCL work to finish before starting graph capture. (function operator())
[rank6]:[W727 15:45:05.897708960 NPUGraph.cpp:223] Warning: Waiting for pending NCCL work to finish before starting graph capture. (function operator())
[rank7]:[W727 15:45:05.897810160 NPUGraph.cpp:223] Warning: Waiting for pending NCCL work to finish before starting graph capture. (function operator())
[rank9]:[W727 15:45:05.900950690 NPUGraph.cpp:223] Warning: Waiting for pending NCCL work to finish before starting graph capture. (function operator())
(Worker_DP3_TP1_EP7 pid=233954) INFO 07-27 15:45:11 [gpu_model_runner.py:6676] Estimated CUDA graph memory: 0.58 GiB total
(Worker_DP6_TP1_EP13 pid=233895) INFO 07-27 15:45:11 [gpu_model_runner.py:6676] Estimated CUDA graph memory: 0.58 GiB total
(Worker_DP2_TP1_EP5 pid=233918) INFO 07-27 15:45:11 [gpu_model_runner.py:6676] Estimated CUDA graph memory: 0.58 GiB total
(Worker_DP5_TP0_EP10 pid=233528) INFO 07-27 15:45:11 [gpu_model_runner.py:6676] Estimated CUDA graph memory: 0.58 GiB total
(Worker_DP4_TP1_EP9 pid=233940) INFO 07-27 15:45:11 [gpu_model_runner.py:6676] Estimated CUDA graph memory: 0.59 GiB total
(Worker_DP7_TP1_EP15 pid=233966) INFO 07-27 15:45:11 [gpu_model_runner.py:6676] Estimated CUDA graph memory: 0.59 GiB total
(Worker_DP2_TP0_EP4 pid=233530) INFO 07-27 15:45:11 [gpu_model_runner.py:6676] Estimated CUDA graph memory: 0.58 GiB total
(Worker_DP1_TP0_EP2 pid=233533) INFO 07-27 15:45:11 [gpu_model_runner.py:6676] Estimated CUDA graph memory: 0.58 GiB total
(Worker_DP5_TP1_EP11 pid=233897) INFO 07-27 15:45:11 [gpu_model_runner.py:6676] Estimated CUDA graph memory: 0.58 GiB total
(Worker_DP7_TP0_EP14 pid=233534) INFO 07-27 15:45:11 [gpu_model_runner.py:6676] Estimated CUDA graph memory: 0.58 GiB total
(Worker_DP4_TP0_EP8 pid=233531) INFO 07-27 15:45:11 [gpu_model_runner.py:6676] Estimated CUDA graph memory: 0.58 GiB total
(Worker_DP3_TP0_EP6 pid=233532) INFO 07-27 15:45:11 [gpu_model_runner.py:6676] Estimated CUDA graph memory: 0.58 GiB total
(Worker_DP6_TP0_EP12 pid=233529) INFO 07-27 15:45:11 [gpu_model_runner.py:6676] Estimated CUDA graph memory: 0.58 GiB total
(Worker_DP0_TP0_EP0 pid=233535) INFO 07-27 15:45:11 [gpu_model_runner.py:6676] Estimated CUDA graph memory: 0.58 GiB total
(Worker_DP1_TP1_EP3 pid=233943) INFO 07-27 15:45:11 [gpu_model_runner.py:6676] Estimated CUDA graph memory: 0.58 GiB total
(Worker_DP0_TP1_EP1 pid=233907) INFO 07-27 15:45:11 [gpu_model_runner.py:6676] Estimated CUDA graph memory: 0.58 GiB total
(Worker_DP3_TP1_EP7 pid=233954) INFO 07-27 15:45:12 [worker.py:623] ACL graph memory profiling is enabled (default since v0.22.1). The current --gpu-memory-utilization=0.9000 is equivalent to --gpu-memory-utilization=0.8905 without ACL graph memory profiling. To maintain the same effective KV cache size as before, increase --gpu-memory-utilization to 0.9095. To disable, set VLLM_MEMORY_PROFILER_ESTIMATE_CUDAGRAPHS=0.
(Worker_DP6_TP1_EP13 pid=233895) INFO 07-27 15:45:12 [worker.py:623] ACL graph memory profiling is enabled (default since v0.22.1). The current --gpu-memory-utilization=0.9000 is equivalent to --gpu-memory-utilization=0.8905 without ACL graph memory profiling. To maintain the same effective KV cache size as before, increase --gpu-memory-utilization to 0.9095. To disable, set VLLM_MEMORY_PROFILER_ESTIMATE_CUDAGRAPHS=0.
(Worker_DP1_TP0_EP2 pid=233533) INFO 07-27 15:45:13 [worker.py:607] Available KV cache memory: 0.53 GiB
(Worker_DP1_TP0_EP2 pid=233533) INFO 07-27 15:45:13 [worker.py:623] ACL graph memory profiling is enabled (default since v0.22.1). The current --gpu-memory-utilization=0.9000 is equivalent to --gpu-memory-utilization=0.8905 without ACL graph memory profiling. To maintain the same effective KV cache size as before, increase --gpu-memory-utilization to 0.9095. To disable, set VLLM_MEMORY_PROFILER_ESTIMATE_CUDAGRAPHS=0.
(Worker_DP4_TP1_EP9 pid=233940) INFO 07-27 15:45:13 [worker.py:623] ACL graph memory profiling is enabled (default since v0.22.1). The current --gpu-memory-utilization=0.9000 is equivalent to --gpu-memory-utilization=0.8904 without ACL graph memory profiling. To maintain the same effective KV cache size as before, increase --gpu-memory-utilization to 0.9096. To disable, set VLLM_MEMORY_PROFILER_ESTIMATE_CUDAGRAPHS=0.
(Worker_DP5_TP0_EP10 pid=233528) INFO 07-27 15:45:13 [worker.py:607] Available KV cache memory: 0.53 GiB
(Worker_DP5_TP0_EP10 pid=233528) INFO 07-27 15:45:13 [worker.py:623] ACL graph memory profiling is enabled (default since v0.22.1). The current --gpu-memory-utilization=0.9000 is equivalent to --gpu-memory-utilization=0.8905 without ACL graph memory profiling. To maintain the same effective KV cache size as before, increase --gpu-memory-utilization to 0.9095. To disable, set VLLM_MEMORY_PROFILER_ESTIMATE_CUDAGRAPHS=0.
(Worker_DP7_TP1_EP15 pid=233966) INFO 07-27 15:45:13 [worker.py:623] ACL graph memory profiling is enabled (default since v0.22.1). The current --gpu-memory-utilization=0.9000 is equivalent to --gpu-memory-utilization=0.8904 without ACL graph memory profiling. To maintain the same effective KV cache size as before, increase --gpu-memory-utilization to 0.9096. To disable, set VLLM_MEMORY_PROFILER_ESTIMATE_CUDAGRAPHS=0.
(Worker_DP5_TP1_EP11 pid=233897) INFO 07-27 15:45:13 [worker.py:623] ACL graph memory profiling is enabled (default since v0.22.1). The current --gpu-memory-utilization=0.9000 is equivalent to --gpu-memory-utilization=0.8905 without ACL graph memory profiling. To maintain the same effective KV cache size as before, increase --gpu-memory-utilization to 0.9095. To disable, set VLLM_MEMORY_PROFILER_ESTIMATE_CUDAGRAPHS=0.
(Worker_DP2_TP1_EP5 pid=233918) INFO 07-27 15:45:13 [worker.py:623] ACL graph memory profiling is enabled (default since v0.22.1). The current --gpu-memory-utilization=0.9000 is equivalent to --gpu-memory-utilization=0.8905 without ACL graph memory profiling. To maintain the same effective KV cache size as before, increase --gpu-memory-utilization to 0.9095. To disable, set VLLM_MEMORY_PROFILER_ESTIMATE_CUDAGRAPHS=0.
(EngineCore_DP5 pid=233094) INFO 07-27 15:45:13 [kv_cache_utils.py:2168] GPU KV cache size: 7,936 tokens
(EngineCore_DP5 pid=233094) INFO 07-27 15:45:13 [kv_cache_utils.py:2169] Maximum concurrency for 4,096 tokens per request: 1.94x
(Worker_DP2_TP0_EP4 pid=233530) INFO 07-27 15:45:13 [worker.py:607] Available KV cache memory: 0.53 GiB
(Worker_DP2_TP0_EP4 pid=233530) INFO 07-27 15:45:13 [worker.py:623] ACL graph memory profiling is enabled (default since v0.22.1). The current --gpu-memory-utilization=0.9000 is equivalent to --gpu-memory-utilization=0.8905 without ACL graph memory profiling. To maintain the same effective KV cache size as before, increase --gpu-memory-utilization to 0.9095. To disable, set VLLM_MEMORY_PROFILER_ESTIMATE_CUDAGRAPHS=0.
(EngineCore_DP2 pid=233074) INFO 07-27 15:45:13 [kv_cache_utils.py:2168] GPU KV cache size: 7,936 tokens
(EngineCore_DP2 pid=233074) INFO 07-27 15:45:13 [kv_cache_utils.py:2169] Maximum concurrency for 4,096 tokens per request: 1.94x
(Worker_DP7_TP0_EP14 pid=233534) INFO 07-27 15:45:13 [worker.py:607] Available KV cache memory: 0.53 GiB
(Worker_DP7_TP0_EP14 pid=233534) INFO 07-27 15:45:13 [worker.py:623] ACL graph memory profiling is enabled (default since v0.22.1). The current --gpu-memory-utilization=0.9000 is equivalent to --gpu-memory-utilization=0.8905 without ACL graph memory profiling. To maintain the same effective KV cache size as before, increase --gpu-memory-utilization to 0.9095. To disable, set VLLM_MEMORY_PROFILER_ESTIMATE_CUDAGRAPHS=0.
(EngineCore_DP7 pid=233092) INFO 07-27 15:45:13 [kv_cache_utils.py:2168] GPU KV cache size: 7,936 tokens
(EngineCore_DP7 pid=233092) INFO 07-27 15:45:13 [kv_cache_utils.py:2169] Maximum concurrency for 4,096 tokens per request: 1.94x
(Worker_DP4_TP0_EP8 pid=233531) INFO 07-27 15:45:13 [worker.py:607] Available KV cache memory: 0.53 GiB
(Worker_DP4_TP0_EP8 pid=233531) INFO 07-27 15:45:13 [worker.py:623] ACL graph memory profiling is enabled (default since v0.22.1). The current --gpu-memory-utilization=0.9000 is equivalent to --gpu-memory-utilization=0.8905 without ACL graph memory profiling. To maintain the same effective KV cache size as before, increase --gpu-memory-utilization to 0.9095. To disable, set VLLM_MEMORY_PROFILER_ESTIMATE_CUDAGRAPHS=0.
(EngineCore_DP4 pid=233095) INFO 07-27 15:45:13 [kv_cache_utils.py:2168] GPU KV cache size: 7,936 tokens
(EngineCore_DP4 pid=233095) INFO 07-27 15:45:13 [kv_cache_utils.py:2169] Maximum concurrency for 4,096 tokens per request: 1.94x
(Worker_DP0_TP0_EP0 pid=233535) INFO 07-27 15:45:13 [worker.py:607] Available KV cache memory: 0.53 GiB
(Worker_DP0_TP0_EP0 pid=233535) INFO 07-27 15:45:13 [worker.py:623] ACL graph memory profiling is enabled (default since v0.22.1). The current --gpu-memory-utilization=0.9000 is equivalent to --gpu-memory-utilization=0.8905 without ACL graph memory profiling. To maintain the same effective KV cache size as before, increase --gpu-memory-utilization to 0.9095. To disable, set VLLM_MEMORY_PROFILER_ESTIMATE_CUDAGRAPHS=0.
(Worker_DP3_TP0_EP6 pid=233532) INFO 07-27 15:45:13 [worker.py:607] Available KV cache memory: 0.53 GiB
(Worker_DP3_TP0_EP6 pid=233532) INFO 07-27 15:45:13 [worker.py:623] ACL graph memory profiling is enabled (default since v0.22.1). The current --gpu-memory-utilization=0.9000 is equivalent to --gpu-memory-utilization=0.8905 without ACL graph memory profiling. To maintain the same effective KV cache size as before, increase --gpu-memory-utilization to 0.9095. To disable, set VLLM_MEMORY_PROFILER_ESTIMATE_CUDAGRAPHS=0.
(Worker_DP6_TP0_EP12 pid=233529) INFO 07-27 15:45:13 [worker.py:607] Available KV cache memory: 0.53 GiB
(Worker_DP6_TP0_EP12 pid=233529) INFO 07-27 15:45:13 [worker.py:623] ACL graph memory profiling is enabled (default since v0.22.1). The current --gpu-memory-utilization=0.9000 is equivalent to --gpu-memory-utilization=0.8905 without ACL graph memory profiling. To maintain the same effective KV cache size as before, increase --gpu-memory-utilization to 0.9095. To disable, set VLLM_MEMORY_PROFILER_ESTIMATE_CUDAGRAPHS=0.
(EngineCore_DP3 pid=233093) INFO 07-27 15:45:13 [kv_cache_utils.py:2168] GPU KV cache size: 7,936 tokens
(EngineCore_DP3 pid=233093) INFO 07-27 15:45:13 [kv_cache_utils.py:2169] Maximum concurrency for 4,096 tokens per request: 1.94x
(EngineCore_DP6 pid=233091) INFO 07-27 15:45:13 [kv_cache_utils.py:2168] GPU KV cache size: 7,936 tokens
(EngineCore_DP6 pid=233091) INFO 07-27 15:45:13 [kv_cache_utils.py:2169] Maximum concurrency for 4,096 tokens per request: 1.94x
(Worker_DP0_TP1_EP1 pid=233907) INFO 07-27 15:45:13 [worker.py:623] ACL graph memory profiling is enabled (default since v0.22.1). The current --gpu-memory-utilization=0.9000 is equivalent to --gpu-memory-utilization=0.8905 without ACL graph memory profiling. To maintain the same effective KV cache size as before, increase --gpu-memory-utilization to 0.9095. To disable, set VLLM_MEMORY_PROFILER_ESTIMATE_CUDAGRAPHS=0.
(EngineCore_DP0 pid=233078) INFO 07-27 15:45:13 [kv_cache_utils.py:2168] GPU KV cache size: 7,936 tokens
(EngineCore_DP0 pid=233078) INFO 07-27 15:45:13 [kv_cache_utils.py:2169] Maximum concurrency for 4,096 tokens per request: 1.94x
(Worker_DP1_TP1_EP3 pid=233943) INFO 07-27 15:45:14 [worker.py:623] ACL graph memory profiling is enabled (default since v0.22.1). The current --gpu-memory-utilization=0.9000 is equivalent to --gpu-memory-utilization=0.8905 without ACL graph memory profiling. To maintain the same effective KV cache size as before, increase --gpu-memory-utilization to 0.9095. To disable, set VLLM_MEMORY_PROFILER_ESTIMATE_CUDAGRAPHS=0.
(EngineCore_DP1 pid=233102) INFO 07-27 15:45:14 [kv_cache_utils.py:2168] GPU KV cache size: 7,936 tokens
(EngineCore_DP1 pid=233102) INFO 07-27 15:45:14 [kv_cache_utils.py:2169] Maximum concurrency for 4,096 tokens per request: 1.94x
(Worker_DP0_TP0_EP0 pid=233535) 
Capturing CUDA graphs (decode, FULL):   0%|          | 0/2 [00:00<?, ?it/s]
Capturing CUDA graphs (decode, FULL):  50%|█████     | 1/2 [00:02<00:02,  2.90s/it]
Capturing CUDA graphs (decode, FULL): 100%|██████████| 2/2 [00:04<00:00,  2.37s/it]
Capturing CUDA graphs (decode, FULL): 100%|██████████| 2/2 [00:04<00:00,  2.45s/it]
(Worker_DP2_TP1_EP5 pid=233918) INFO 07-27 15:45:20 [worker.py:776] ACL graph pool memory: 0.44 GiB (actual), 0.58 GiB (estimated), difference: 0.14 GiB (32.3%).
(Worker_DP2_TP1_EP5 pid=233918) INFO 07-27 15:45:20 [worker.py:823] Free memory on device (61.12/61.28 GiB) on startup. Desired GPU memory utilization is (0.9, 55.15 GiB). Actual usage: 51.1 GiB for weights, 0.11 GiB for peak activation, 2.82 GiB for non-torch memory, 0.44 GiB for NPU graph memory. Replace gpu_memory_utilization with `--kv-cache-memory=576097587` (0.54 GiB) to fit into requested memory, or `--kv-cache-memory=6991190528` (6.51 GiB) to fully utilize NPU free memory. Current KV cache memory: 0.54 GiB. After warmup: torch reserved memory 52.22 GiB, torch allocated memory 51.72 GiB.
(Worker_DP0_TP0_EP0 pid=233535) INFO 07-27 15:45:20 [gpu_model_runner.py:6744] Graph capturing finished in 6 secs, took 0.44 GiB
(Worker_DP0_TP0_EP0 pid=233535) INFO 07-27 15:45:20 [worker.py:776] ACL graph pool memory: 0.44 GiB (actual), 0.58 GiB (estimated), difference: 0.15 GiB (33.4%).
(Worker_DP0_TP0_EP0 pid=233535) INFO 07-27 15:45:20 [worker.py:823] Free memory on device (60.86/61.27 GiB) on startup. Desired GPU memory utilization is (0.9, 55.14 GiB). Actual usage: 51.1 GiB for weights, 0.11 GiB for peak activation, 2.82 GiB for non-torch memory, 0.44 GiB for NPU graph memory. Replace gpu_memory_utilization with `--kv-cache-memory=569240064` (0.53 GiB) to fit into requested memory, or `--kv-cache-memory=6707542528` (6.25 GiB) to fully utilize NPU free memory. Current KV cache memory: 0.53 GiB. After warmup: torch reserved memory 52.22 GiB, torch allocated memory 51.72 GiB.
(Worker_DP4_TP0_EP8 pid=233531) INFO 07-27 15:45:20 [gpu_model_runner.py:6744] Graph capturing finished in 7 secs, took 0.44 GiB
(Worker_DP4_TP0_EP8 pid=233531) INFO 07-27 15:45:20 [worker.py:776] ACL graph pool memory: 0.44 GiB (actual), 0.58 GiB (estimated), difference: 0.14 GiB (32.1%).
(Worker_DP4_TP0_EP8 pid=233531) INFO 07-27 15:45:20 [worker.py:823] Free memory on device (60.87/61.27 GiB) on startup. Desired GPU memory utilization is (0.9, 55.14 GiB). Actual usage: 51.1 GiB for weights, 0.11 GiB for peak activation, 2.82 GiB for non-torch memory, 0.44 GiB for NPU graph memory. Replace gpu_memory_utilization with `--kv-cache-memory=563804672` (0.53 GiB) to fit into requested memory, or `--kv-cache-memory=6710966784` (6.25 GiB) to fully utilize NPU free memory. Current KV cache memory: 0.53 GiB. After warmup: torch reserved memory 52.22 GiB, torch allocated memory 51.72 GiB.
(Worker_DP7_TP0_EP14 pid=233534) INFO 07-27 15:45:20 [gpu_model_runner.py:6744] Graph capturing finished in 7 secs, took 0.44 GiB
(Worker_DP7_TP0_EP14 pid=233534) INFO 07-27 15:45:20 [worker.py:776] ACL graph pool memory: 0.44 GiB (actual), 0.58 GiB (estimated), difference: 0.14 GiB (33.0%).
(Worker_DP7_TP0_EP14 pid=233534) INFO 07-27 15:45:20 [worker.py:823] Free memory on device (60.86/61.27 GiB) on startup. Desired GPU memory utilization is (0.9, 55.14 GiB). Actual usage: 51.1 GiB for weights, 0.11 GiB for peak activation, 2.82 GiB for non-torch memory, 0.44 GiB for NPU graph memory. Replace gpu_memory_utilization with `--kv-cache-memory=569485824` (0.53 GiB) to fit into requested memory, or `--kv-cache-memory=6712531456` (6.25 GiB) to fully utilize NPU free memory. Current KV cache memory: 0.53 GiB. After warmup: torch reserved memory 52.22 GiB, torch allocated memory 51.72 GiB.
(Worker_DP3_TP1_EP7 pid=233954) INFO 07-27 15:45:20 [worker.py:776] ACL graph pool memory: 0.44 GiB (actual), 0.58 GiB (estimated), difference: 0.15 GiB (33.5%).
(Worker_DP3_TP1_EP7 pid=233954) INFO 07-27 15:45:20 [worker.py:823] Free memory on device (61.12/61.28 GiB) on startup. Desired GPU memory utilization is (0.9, 55.15 GiB). Actual usage: 51.1 GiB for weights, 0.11 GiB for peak activation, 2.82 GiB for non-torch memory, 0.44 GiB for NPU graph memory. Replace gpu_memory_utilization with `--kv-cache-memory=581897523` (0.54 GiB) to fit into requested memory, or `--kv-cache-memory=6997142016` (6.52 GiB) to fully utilize NPU free memory. Current KV cache memory: 0.54 GiB. After warmup: torch reserved memory 52.22 GiB, torch allocated memory 51.72 GiB.
(Worker_DP5_TP1_EP11 pid=233897) INFO 07-27 15:45:20 [worker.py:776] ACL graph pool memory: 0.44 GiB (actual), 0.58 GiB (estimated), difference: 0.14 GiB (32.9%).
(Worker_DP5_TP1_EP11 pid=233897) INFO 07-27 15:45:20 [worker.py:823] Free memory on device (61.12/61.28 GiB) on startup. Desired GPU memory utilization is (0.9, 55.15 GiB). Actual usage: 51.1 GiB for weights, 0.11 GiB for peak activation, 2.81 GiB for non-torch memory, 0.44 GiB for NPU graph memory. Replace gpu_memory_utilization with `--kv-cache-memory=580959539` (0.54 GiB) to fit into requested memory, or `--kv-cache-memory=6987598336` (6.51 GiB) to fully utilize NPU free memory. Current KV cache memory: 0.54 GiB. After warmup: torch reserved memory 52.22 GiB, torch allocated memory 51.72 GiB.
(Worker_DP1_TP1_EP3 pid=233943) INFO 07-27 15:45:20 [worker.py:776] ACL graph pool memory: 0.44 GiB (actual), 0.58 GiB (estimated), difference: 0.14 GiB (32.9%).
(Worker_DP1_TP1_EP3 pid=233943) INFO 07-27 15:45:20 [worker.py:823] Free memory on device (61.11/61.28 GiB) on startup. Desired GPU memory utilization is (0.9, 55.15 GiB). Actual usage: 51.1 GiB for weights, 0.11 GiB for peak activation, 2.82 GiB for non-torch memory, 0.44 GiB for NPU graph memory. Replace gpu_memory_utilization with `--kv-cache-memory=579939635` (0.54 GiB) to fit into requested memory, or `--kv-cache-memory=6979623424` (6.5 GiB) to fully utilize NPU free memory. Current KV cache memory: 0.54 GiB. After warmup: torch reserved memory 52.22 GiB, torch allocated memory 51.72 GiB.
(Worker_DP3_TP0_EP6 pid=233532) INFO 07-27 15:45:20 [gpu_model_runner.py:6744] Graph capturing finished in 7 secs, took 0.44 GiB
(Worker_DP3_TP0_EP6 pid=233532) INFO 07-27 15:45:20 [worker.py:776] ACL graph pool memory: 0.44 GiB (actual), 0.58 GiB (estimated), difference: 0.14 GiB (32.1%).
(Worker_DP3_TP0_EP6 pid=233532) INFO 07-27 15:45:20 [worker.py:823] Free memory on device (60.87/61.27 GiB) on startup. Desired GPU memory utilization is (0.9, 55.14 GiB). Actual usage: 51.1 GiB for weights, 0.11 GiB for peak activation, 2.82 GiB for non-torch memory, 0.44 GiB for NPU graph memory. Replace gpu_memory_utilization with `--kv-cache-memory=565549568` (0.53 GiB) to fit into requested memory, or `--kv-cache-memory=6712842752` (6.25 GiB) to fully utilize NPU free memory. Current KV cache memory: 0.53 GiB. After warmup: torch reserved memory 52.22 GiB, torch allocated memory 51.72 GiB.
(Worker_DP2_TP0_EP4 pid=233530) INFO 07-27 15:45:20 [gpu_model_runner.py:6744] Graph capturing finished in 7 secs, took 0.44 GiB
(Worker_DP2_TP0_EP4 pid=233530) INFO 07-27 15:45:20 [worker.py:776] ACL graph pool memory: 0.44 GiB (actual), 0.58 GiB (estimated), difference: 0.14 GiB (32.5%).
(Worker_DP2_TP0_EP4 pid=233530) INFO 07-27 15:45:20 [worker.py:823] Free memory on device (60.87/61.27 GiB) on startup. Desired GPU memory utilization is (0.9, 55.14 GiB). Actual usage: 51.1 GiB for weights, 0.11 GiB for peak activation, 2.82 GiB for non-torch memory, 0.44 GiB for NPU graph memory. Replace gpu_memory_utilization with `--kv-cache-memory=565467648` (0.53 GiB) to fit into requested memory, or `--kv-cache-memory=6710069760` (6.25 GiB) to fully utilize NPU free memory. Current KV cache memory: 0.53 GiB. After warmup: torch reserved memory 52.22 GiB, torch allocated memory 51.72 GiB.
(Worker_DP0_TP1_EP1 pid=233907) INFO 07-27 15:45:20 [worker.py:776] ACL graph pool memory: 0.44 GiB (actual), 0.58 GiB (estimated), difference: 0.14 GiB (32.3%).
(Worker_DP0_TP1_EP1 pid=233907) INFO 07-27 15:45:20 [worker.py:823] Free memory on device (61.12/61.28 GiB) on startup. Desired GPU memory utilization is (0.9, 55.15 GiB). Actual usage: 51.1 GiB for weights, 0.11 GiB for peak activation, 2.82 GiB for non-torch memory, 0.44 GiB for NPU graph memory. Replace gpu_memory_utilization with `--kv-cache-memory=577768755` (0.54 GiB) to fit into requested memory, or `--kv-cache-memory=6991022592` (6.51 GiB) to fully utilize NPU free memory. Current KV cache memory: 0.54 GiB. After warmup: torch reserved memory 52.22 GiB, torch allocated memory 51.72 GiB.
(Worker_DP6_TP1_EP13 pid=233895) INFO 07-27 15:45:20 [worker.py:776] ACL graph pool memory: 0.44 GiB (actual), 0.58 GiB (estimated), difference: 0.14 GiB (32.8%).
(Worker_DP6_TP1_EP13 pid=233895) INFO 07-27 15:45:20 [worker.py:823] Free memory on device (61.12/61.28 GiB) on startup. Desired GPU memory utilization is (0.9, 55.15 GiB). Actual usage: 51.1 GiB for weights, 0.11 GiB for peak activation, 2.81 GiB for non-torch memory, 0.44 GiB for NPU graph memory. Replace gpu_memory_utilization with `--kv-cache-memory=580214067` (0.54 GiB) to fit into requested memory, or `--kv-cache-memory=6993693184` (6.51 GiB) to fully utilize NPU free memory. Current KV cache memory: 0.54 GiB. After warmup: torch reserved memory 52.22 GiB, torch allocated memory 51.72 GiB.
(Worker_DP5_TP0_EP10 pid=233528) INFO 07-27 15:45:20 [gpu_model_runner.py:6744] Graph capturing finished in 7 secs, took 0.44 GiB
(Worker_DP5_TP0_EP10 pid=233528) INFO 07-27 15:45:20 [worker.py:776] ACL graph pool memory: 0.44 GiB (actual), 0.58 GiB (estimated), difference: 0.14 GiB (32.3%).
(Worker_DP5_TP0_EP10 pid=233528) INFO 07-27 15:45:20 [worker.py:823] Free memory on device (60.88/61.27 GiB) on startup. Desired GPU memory utilization is (0.9, 55.14 GiB). Actual usage: 51.1 GiB for weights, 0.11 GiB for peak activation, 2.82 GiB for non-torch memory, 0.44 GiB for NPU graph memory. Replace gpu_memory_utilization with `--kv-cache-memory=567974400` (0.53 GiB) to fit into requested memory, or `--kv-cache-memory=6727879168` (6.27 GiB) to fully utilize NPU free memory. Current KV cache memory: 0.53 GiB. After warmup: torch reserved memory 52.22 GiB, torch allocated memory 51.72 GiB.
(Worker_DP6_TP0_EP12 pid=233529) INFO 07-27 15:45:20 [gpu_model_runner.py:6744] Graph capturing finished in 7 secs, took 0.44 GiB
(Worker_DP6_TP0_EP12 pid=233529) INFO 07-27 15:45:20 [worker.py:776] ACL graph pool memory: 0.44 GiB (actual), 0.58 GiB (estimated), difference: 0.14 GiB (32.7%).
(Worker_DP6_TP0_EP12 pid=233529) INFO 07-27 15:45:20 [worker.py:823] Free memory on device (60.86/61.27 GiB) on startup. Desired GPU memory utilization is (0.9, 55.14 GiB). Actual usage: 51.1 GiB for weights, 0.11 GiB for peak activation, 2.82 GiB for non-torch memory, 0.44 GiB for NPU graph memory. Replace gpu_memory_utilization with `--kv-cache-memory=567544320` (0.53 GiB) to fit into requested memory, or `--kv-cache-memory=6710209024` (6.25 GiB) to fully utilize NPU free memory. Current KV cache memory: 0.53 GiB. After warmup: torch reserved memory 52.22 GiB, torch allocated memory 51.72 GiB.
(Worker_DP7_TP1_EP15 pid=233966) INFO 07-27 15:45:20 [worker.py:776] ACL graph pool memory: 0.44 GiB (actual), 0.59 GiB (estimated), difference: 0.15 GiB (33.3%).
(Worker_DP7_TP1_EP15 pid=233966) INFO 07-27 15:45:20 [worker.py:823] Free memory on device (61.12/61.28 GiB) on startup. Desired GPU memory utilization is (0.9, 55.15 GiB). Actual usage: 51.1 GiB for weights, 0.11 GiB for peak activation, 2.82 GiB for non-torch memory, 0.44 GiB for NPU graph memory. Replace gpu_memory_utilization with `--kv-cache-memory=579927347` (0.54 GiB) to fit into requested memory, or `--kv-cache-memory=6992878080` (6.51 GiB) to fully utilize NPU free memory. Current KV cache memory: 0.54 GiB. After warmup: torch reserved memory 52.22 GiB, torch allocated memory 51.72 GiB.
(Worker_DP1_TP0_EP2 pid=233533) INFO 07-27 15:45:20 [gpu_model_runner.py:6744] Graph capturing finished in 7 secs, took 0.44 GiB
(Worker_DP1_TP0_EP2 pid=233533) INFO 07-27 15:45:20 [worker.py:776] ACL graph pool memory: 0.44 GiB (actual), 0.58 GiB (estimated), difference: 0.14 GiB (32.8%).
(Worker_DP1_TP0_EP2 pid=233533) INFO 07-27 15:45:20 [worker.py:823] Free memory on device (60.88/61.27 GiB) on startup. Desired GPU memory utilization is (0.9, 55.14 GiB). Actual usage: 51.1 GiB for weights, 0.11 GiB for peak activation, 2.82 GiB for non-torch memory, 0.44 GiB for NPU graph memory. Replace gpu_memory_utilization with `--kv-cache-memory=568089088` (0.53 GiB) to fit into requested memory, or `--kv-cache-memory=6725851648` (6.26 GiB) to fully utilize NPU free memory. Current KV cache memory: 0.53 GiB. After warmup: torch reserved memory 52.22 GiB, torch allocated memory 51.72 GiB.
(Worker_DP4_TP1_EP9 pid=233940) INFO 07-27 15:45:20 [worker.py:776] ACL graph pool memory: 0.44 GiB (actual), 0.59 GiB (estimated), difference: 0.14 GiB (32.7%).
(Worker_DP4_TP1_EP9 pid=233940) INFO 07-27 15:45:20 [worker.py:823] Free memory on device (61.13/61.28 GiB) on startup. Desired GPU memory utilization is (0.9, 55.15 GiB). Actual usage: 51.1 GiB for weights, 0.11 GiB for peak activation, 2.81 GiB for non-torch memory, 0.44 GiB for NPU graph memory. Replace gpu_memory_utilization with `--kv-cache-memory=579484979` (0.54 GiB) to fit into requested memory, or `--kv-cache-memory=6997662208` (6.52 GiB) to fully utilize NPU free memory. Current KV cache memory: 0.54 GiB. After warmup: torch reserved memory 52.22 GiB, torch allocated memory 51.72 GiB.
(Worker_DP2_TP1_EP5 pid=233918) INFO 07-27 15:45:23 [cpu_binding.py:542] [cpu_bind_mode] mode=global_slice rank=1 visible_npus=[0, 1, 2, 3, 4, 5, 6, 7, 8, 9, 10, 11, 12, 13, 14, 15]
(Worker_DP2_TP1_EP5 pid=233918) INFO 07-27 15:45:23 [cpu_binding.py:626] The CPU allocation plan is as follows:
(Worker_DP2_TP1_EP5 pid=233918) INFO 07-27 15:45:23 [cpu_binding.py:641] NPU1: main=[26 27 28 29 30 31 32 33 34 35 36 37 38 39 40 41 42 43 44 45]  acl=[46]  release=[[47]]
(Worker_DP0_TP0_EP0 pid=233535) INFO 07-27 15:45:23 [cpu_binding.py:542] [cpu_bind_mode] mode=global_slice rank=0 visible_npus=[0, 1, 2, 3, 4, 5, 6, 7, 8, 9, 10, 11, 12, 13, 14, 15]
(Worker_DP0_TP0_EP0 pid=233535) INFO 07-27 15:45:23 [cpu_binding.py:626] The CPU allocation plan is as follows:
(Worker_DP0_TP0_EP0 pid=233535) INFO 07-27 15:45:23 [cpu_binding.py:641] NPU0: main=[2 3 4 5 6 7 8 9 10 11 12 13 14 15 16 17 18 19 20 21]  acl=[22]  release=[[23]]
(Worker_DP2_TP1_EP5 pid=233918) INFO 07-27 15:45:23 [cpu_binding.py:652] The 'migratepages' command is not available, skipping memory binding.
(Worker_DP0_TP0_EP0 pid=233535) INFO 07-27 15:45:24 [cpu_binding.py:652] The 'migratepages' command is not available, skipping memory binding.
(Worker_DP4_TP0_EP8 pid=233531) INFO 07-27 15:45:24 [cpu_binding.py:542] [cpu_bind_mode] mode=global_slice rank=0 visible_npus=[0, 1, 2, 3, 4, 5, 6, 7, 8, 9, 10, 11, 12, 13, 14, 15]
(Worker_DP4_TP0_EP8 pid=233531) INFO 07-27 15:45:24 [cpu_binding.py:626] The CPU allocation plan is as follows:
(Worker_DP4_TP0_EP8 pid=233531) INFO 07-27 15:45:24 [cpu_binding.py:641] NPU0: main=[2 3 4 5 6 7 8 9 10 11 12 13 14 15 16 17 18 19 20 21]  acl=[22]  release=[[23]]
(Worker_DP7_TP0_EP14 pid=233534) INFO 07-27 15:45:24 [cpu_binding.py:542] [cpu_bind_mode] mode=global_slice rank=0 visible_npus=[0, 1, 2, 3, 4, 5, 6, 7, 8, 9, 10, 11, 12, 13, 14, 15]
(Worker_DP7_TP0_EP14 pid=233534) INFO 07-27 15:45:24 [cpu_binding.py:626] The CPU allocation plan is as follows:
(Worker_DP7_TP0_EP14 pid=233534) INFO 07-27 15:45:24 [cpu_binding.py:641] NPU0: main=[2 3 4 5 6 7 8 9 10 11 12 13 14 15 16 17 18 19 20 21]  acl=[22]  release=[[23]]
(Worker_DP3_TP1_EP7 pid=233954) INFO 07-27 15:45:24 [cpu_binding.py:542] [cpu_bind_mode] mode=global_slice rank=1 visible_npus=[0, 1, 2, 3, 4, 5, 6, 7, 8, 9, 10, 11, 12, 13, 14, 15]
(Worker_DP3_TP1_EP7 pid=233954) INFO 07-27 15:45:24 [cpu_binding.py:626] The CPU allocation plan is as follows:
(Worker_DP3_TP1_EP7 pid=233954) INFO 07-27 15:45:24 [cpu_binding.py:641] NPU1: main=[26 27 28 29 30 31 32 33 34 35 36 37 38 39 40 41 42 43 44 45]  acl=[46]  release=[[47]]
(Worker_DP2_TP1_EP5 pid=233918) INFO 07-27 15:45:24 [cpu_binding.py:778] NPU1(PCI 0000:9f:00.0): sq_send_trigger_irq IRQ_ID=1396 -> CPU24, cq_update_irq IRQ_ID=1397 -> CPU25
(Worker_DP4_TP0_EP8 pid=233531) INFO 07-27 15:45:24 [cpu_binding.py:652] The 'migratepages' command is not available, skipping memory binding.
(Worker_DP7_TP0_EP14 pid=233534) INFO 07-27 15:45:24 [cpu_binding.py:652] The 'migratepages' command is not available, skipping memory binding.
(Worker_DP5_TP1_EP11 pid=233897) INFO 07-27 15:45:24 [cpu_binding.py:542] [cpu_bind_mode] mode=global_slice rank=1 visible_npus=[0, 1, 2, 3, 4, 5, 6, 7, 8, 9, 10, 11, 12, 13, 14, 15]
(Worker_DP5_TP1_EP11 pid=233897) INFO 07-27 15:45:24 [cpu_binding.py:626] The CPU allocation plan is as follows:
(Worker_DP5_TP1_EP11 pid=233897) INFO 07-27 15:45:24 [cpu_binding.py:641] NPU1: main=[26 27 28 29 30 31 32 33 34 35 36 37 38 39 40 41 42 43 44 45]  acl=[46]  release=[[47]]
(Worker_DP3_TP1_EP7 pid=233954) INFO 07-27 15:45:24 [cpu_binding.py:652] The 'migratepages' command is not available, skipping memory binding.
(Worker_DP0_TP0_EP0 pid=233535) INFO 07-27 15:45:24 [cpu_binding.py:778] NPU0(PCI 0000:9d:00.0): sq_send_trigger_irq IRQ_ID=1136 -> CPU0, cq_update_irq IRQ_ID=1137 -> CPU1
(Worker_DP1_TP1_EP3 pid=233943) INFO 07-27 15:45:24 [cpu_binding.py:542] [cpu_bind_mode] mode=global_slice rank=1 visible_npus=[0, 1, 2, 3, 4, 5, 6, 7, 8, 9, 10, 11, 12, 13, 14, 15]
(Worker_DP1_TP1_EP3 pid=233943) INFO 07-27 15:45:24 [cpu_binding.py:626] The CPU allocation plan is as follows:
(Worker_DP1_TP1_EP3 pid=233943) INFO 07-27 15:45:24 [cpu_binding.py:641] NPU1: main=[26 27 28 29 30 31 32 33 34 35 36 37 38 39 40 41 42 43 44 45]  acl=[46]  release=[[47]]
(Worker_DP5_TP1_EP11 pid=233897) INFO 07-27 15:45:24 [cpu_binding.py:652] The 'migratepages' command is not available, skipping memory binding.
(Worker_DP3_TP0_EP6 pid=233532) INFO 07-27 15:45:25 [cpu_binding.py:542] [cpu_bind_mode] mode=global_slice rank=0 visible_npus=[0, 1, 2, 3, 4, 5, 6, 7, 8, 9, 10, 11, 12, 13, 14, 15]
(Worker_DP3_TP0_EP6 pid=233532) INFO 07-27 15:45:25 [cpu_binding.py:626] The CPU allocation plan is as follows:
(Worker_DP3_TP0_EP6 pid=233532) INFO 07-27 15:45:25 [cpu_binding.py:641] NPU0: main=[2 3 4 5 6 7 8 9 10 11 12 13 14 15 16 17 18 19 20 21]  acl=[22]  release=[[23]]
(Worker_DP1_TP1_EP3 pid=233943) INFO 07-27 15:45:25 [cpu_binding.py:652] The 'migratepages' command is not available, skipping memory binding.
(Worker_DP2_TP0_EP4 pid=233530) INFO 07-27 15:45:25 [cpu_binding.py:542] [cpu_bind_mode] mode=global_slice rank=0 visible_npus=[0, 1, 2, 3, 4, 5, 6, 7, 8, 9, 10, 11, 12, 13, 14, 15]
(Worker_DP2_TP0_EP4 pid=233530) INFO 07-27 15:45:25 [cpu_binding.py:626] The CPU allocation plan is as follows:
(Worker_DP2_TP0_EP4 pid=233530) INFO 07-27 15:45:25 [cpu_binding.py:641] NPU0: main=[2 3 4 5 6 7 8 9 10 11 12 13 14 15 16 17 18 19 20 21]  acl=[22]  release=[[23]]
(Worker_DP4_TP0_EP8 pid=233531) INFO 07-27 15:45:25 [cpu_binding.py:778] NPU0(PCI 0000:9d:00.0): sq_send_trigger_irq IRQ_ID=1136 -> CPU0, cq_update_irq IRQ_ID=1137 -> CPU1
(Worker_DP3_TP0_EP6 pid=233532) INFO 07-27 15:45:25 [cpu_binding.py:652] The 'migratepages' command is not available, skipping memory binding.
(Worker_DP0_TP1_EP1 pid=233907) INFO 07-27 15:45:25 [cpu_binding.py:542] [cpu_bind_mode] mode=global_slice rank=1 visible_npus=[0, 1, 2, 3, 4, 5, 6, 7, 8, 9, 10, 11, 12, 13, 14, 15]
(Worker_DP0_TP1_EP1 pid=233907) INFO 07-27 15:45:25 [cpu_binding.py:626] The CPU allocation plan is as follows:
(Worker_DP0_TP1_EP1 pid=233907) INFO 07-27 15:45:25 [cpu_binding.py:641] NPU1: main=[26 27 28 29 30 31 32 33 34 35 36 37 38 39 40 41 42 43 44 45]  acl=[46]  release=[[47]]
(Worker_DP7_TP0_EP14 pid=233534) INFO 07-27 15:45:25 [cpu_binding.py:778] NPU0(PCI 0000:9d:00.0): sq_send_trigger_irq IRQ_ID=1136 -> CPU0, cq_update_irq IRQ_ID=1137 -> CPU1
(Worker_DP3_TP1_EP7 pid=233954) INFO 07-27 15:45:25 [cpu_binding.py:778] NPU1(PCI 0000:9f:00.0): sq_send_trigger_irq IRQ_ID=1396 -> CPU24, cq_update_irq IRQ_ID=1397 -> CPU25
(Worker_DP6_TP1_EP13 pid=233895) INFO 07-27 15:45:25 [cpu_binding.py:542] [cpu_bind_mode] mode=global_slice rank=1 visible_npus=[0, 1, 2, 3, 4, 5, 6, 7, 8, 9, 10, 11, 12, 13, 14, 15]
(Worker_DP6_TP1_EP13 pid=233895) INFO 07-27 15:45:25 [cpu_binding.py:626] The CPU allocation plan is as follows:
(Worker_DP6_TP1_EP13 pid=233895) INFO 07-27 15:45:25 [cpu_binding.py:641] NPU1: main=[26 27 28 29 30 31 32 33 34 35 36 37 38 39 40 41 42 43 44 45]  acl=[46]  release=[[47]]
(Worker_DP2_TP0_EP4 pid=233530) INFO 07-27 15:45:25 [cpu_binding.py:652] The 'migratepages' command is not available, skipping memory binding.
(Worker_DP5_TP0_EP10 pid=233528) INFO 07-27 15:45:25 [cpu_binding.py:542] [cpu_bind_mode] mode=global_slice rank=0 visible_npus=[0, 1, 2, 3, 4, 5, 6, 7, 8, 9, 10, 11, 12, 13, 14, 15]
(Worker_DP5_TP0_EP10 pid=233528) INFO 07-27 15:45:25 [cpu_binding.py:626] The CPU allocation plan is as follows:
(Worker_DP5_TP0_EP10 pid=233528) INFO 07-27 15:45:25 [cpu_binding.py:641] NPU0: main=[2 3 4 5 6 7 8 9 10 11 12 13 14 15 16 17 18 19 20 21]  acl=[22]  release=[[23]]
(Worker_DP0_TP1_EP1 pid=233907) INFO 07-27 15:45:25 [cpu_binding.py:652] The 'migratepages' command is not available, skipping memory binding.
(Worker_DP5_TP1_EP11 pid=233897) INFO 07-27 15:45:25 [cpu_binding.py:778] NPU1(PCI 0000:9f:00.0): sq_send_trigger_irq IRQ_ID=1396 -> CPU24, cq_update_irq IRQ_ID=1397 -> CPU25
(Worker_DP6_TP1_EP13 pid=233895) INFO 07-27 15:45:25 [cpu_binding.py:652] The 'migratepages' command is not available, skipping memory binding.
(Worker_DP6_TP0_EP12 pid=233529) INFO 07-27 15:45:25 [cpu_binding.py:542] [cpu_bind_mode] mode=global_slice rank=0 visible_npus=[0, 1, 2, 3, 4, 5, 6, 7, 8, 9, 10, 11, 12, 13, 14, 15]
(Worker_DP6_TP0_EP12 pid=233529) INFO 07-27 15:45:25 [cpu_binding.py:626] The CPU allocation plan is as follows:
(Worker_DP6_TP0_EP12 pid=233529) INFO 07-27 15:45:25 [cpu_binding.py:641] NPU0: main=[2 3 4 5 6 7 8 9 10 11 12 13 14 15 16 17 18 19 20 21]  acl=[22]  release=[[23]]
(Worker_DP1_TP1_EP3 pid=233943) INFO 07-27 15:45:25 [cpu_binding.py:778] NPU1(PCI 0000:9f:00.0): sq_send_trigger_irq IRQ_ID=1396 -> CPU24, cq_update_irq IRQ_ID=1397 -> CPU25
(Worker_DP5_TP0_EP10 pid=233528) INFO 07-27 15:45:26 [cpu_binding.py:652] The 'migratepages' command is not available, skipping memory binding.
(Worker_DP7_TP1_EP15 pid=233966) INFO 07-27 15:45:26 [cpu_binding.py:542] [cpu_bind_mode] mode=global_slice rank=1 visible_npus=[0, 1, 2, 3, 4, 5, 6, 7, 8, 9, 10, 11, 12, 13, 14, 15]
(Worker_DP7_TP1_EP15 pid=233966) INFO 07-27 15:45:26 [cpu_binding.py:626] The CPU allocation plan is as follows:
(Worker_DP7_TP1_EP15 pid=233966) INFO 07-27 15:45:26 [cpu_binding.py:641] NPU1: main=[26 27 28 29 30 31 32 33 34 35 36 37 38 39 40 41 42 43 44 45]  acl=[46]  release=[[47]]
(Worker_DP3_TP0_EP6 pid=233532) INFO 07-27 15:45:26 [cpu_binding.py:778] NPU0(PCI 0000:9d:00.0): sq_send_trigger_irq IRQ_ID=1136 -> CPU0, cq_update_irq IRQ_ID=1137 -> CPU1
(EngineCore_DP3 pid=233093) INFO 07-27 15:45:26 [core.py:337] init engine (profile, create kv cache, warmup model) took 57.35 s (compilation: 14.66 s)
(Worker_DP6_TP0_EP12 pid=233529) INFO 07-27 15:45:26 [cpu_binding.py:652] The 'migratepages' command is not available, skipping memory binding.
(Worker_DP7_TP1_EP15 pid=233966) INFO 07-27 15:45:26 [cpu_binding.py:652] The 'migratepages' command is not available, skipping memory binding.
(Worker_DP2_TP0_EP4 pid=233530) INFO 07-27 15:45:26 [cpu_binding.py:778] NPU0(PCI 0000:9d:00.0): sq_send_trigger_irq IRQ_ID=1136 -> CPU0, cq_update_irq IRQ_ID=1137 -> CPU1
(EngineCore_DP2 pid=233074) INFO 07-27 15:45:26 [core.py:337] init engine (profile, create kv cache, warmup model) took 43.98 s (compilation: 14.73 s)
(Worker_DP1_TP0_EP2 pid=233533) INFO 07-27 15:45:26 [cpu_binding.py:542] [cpu_bind_mode] mode=global_slice rank=0 visible_npus=[0, 1, 2, 3, 4, 5, 6, 7, 8, 9, 10, 11, 12, 13, 14, 15]
(Worker_DP1_TP0_EP2 pid=233533) INFO 07-27 15:45:26 [cpu_binding.py:626] The CPU allocation plan is as follows:
(Worker_DP1_TP0_EP2 pid=233533) INFO 07-27 15:45:26 [cpu_binding.py:641] NPU0: main=[2 3 4 5 6 7 8 9 10 11 12 13 14 15 16 17 18 19 20 21]  acl=[22]  release=[[23]]
(Worker_DP4_TP1_EP9 pid=233940) INFO 07-27 15:45:26 [cpu_binding.py:542] [cpu_bind_mode] mode=global_slice rank=1 visible_npus=[0, 1, 2, 3, 4, 5, 6, 7, 8, 9, 10, 11, 12, 13, 14, 15]
(Worker_DP4_TP1_EP9 pid=233940) INFO 07-27 15:45:26 [cpu_binding.py:626] The CPU allocation plan is as follows:
(Worker_DP4_TP1_EP9 pid=233940) INFO 07-27 15:45:26 [cpu_binding.py:641] NPU1: main=[26 27 28 29 30 31 32 33 34 35 36 37 38 39 40 41 42 43 44 45]  acl=[46]  release=[[47]]
(Worker_DP0_TP1_EP1 pid=233907) INFO 07-27 15:45:26 [cpu_binding.py:778] NPU1(PCI 0000:9f:00.0): sq_send_trigger_irq IRQ_ID=1396 -> CPU24, cq_update_irq IRQ_ID=1397 -> CPU25
(EngineCore_DP0 pid=233078) INFO 07-27 15:45:26 [core.py:337] init engine (profile, create kv cache, warmup model) took 50.37 s (compilation: 14.65 s)
(Worker_DP6_TP1_EP13 pid=233895) INFO 07-27 15:45:26 [cpu_binding.py:778] NPU1(PCI 0000:9f:00.0): sq_send_trigger_irq IRQ_ID=1396 -> CPU24, cq_update_irq IRQ_ID=1397 -> CPU25
(Worker_DP1_TP0_EP2 pid=233533) INFO 07-27 15:45:26 [cpu_binding.py:652] The 'migratepages' command is not available, skipping memory binding.
(Worker_DP4_TP1_EP9 pid=233940) INFO 07-27 15:45:26 [cpu_binding.py:652] The 'migratepages' command is not available, skipping memory binding.
(Worker_DP5_TP0_EP10 pid=233528) INFO 07-27 15:45:26 [cpu_binding.py:778] NPU0(PCI 0000:9d:00.0): sq_send_trigger_irq IRQ_ID=1136 -> CPU0, cq_update_irq IRQ_ID=1137 -> CPU1
(EngineCore_DP5 pid=233094) INFO 07-27 15:45:26 [core.py:337] init engine (profile, create kv cache, warmup model) took 47.47 s (compilation: 14.03 s)
(Worker_DP6_TP0_EP12 pid=233529) INFO 07-27 15:45:26 [cpu_binding.py:778] NPU0(PCI 0000:9d:00.0): sq_send_trigger_irq IRQ_ID=1136 -> CPU0, cq_update_irq IRQ_ID=1137 -> CPU1
(EngineCore_DP6 pid=233091) INFO 07-27 15:45:26 [core.py:337] init engine (profile, create kv cache, warmup model) took 46.06 s (compilation: 14.80 s)
(Worker_DP7_TP1_EP15 pid=233966) INFO 07-27 15:45:27 [cpu_binding.py:778] NPU1(PCI 0000:9f:00.0): sq_send_trigger_irq IRQ_ID=1396 -> CPU24, cq_update_irq IRQ_ID=1397 -> CPU25
(EngineCore_DP7 pid=233092) INFO 07-27 15:45:27 [core.py:337] init engine (profile, create kv cache, warmup model) took 51.27 s (compilation: 14.27 s)
(Worker_DP4_TP1_EP9 pid=233940) INFO 07-27 15:45:27 [cpu_binding.py:778] NPU1(PCI 0000:9f:00.0): sq_send_trigger_irq IRQ_ID=1396 -> CPU24, cq_update_irq IRQ_ID=1397 -> CPU25
(Worker_DP1_TP0_EP2 pid=233533) INFO 07-27 15:45:27 [cpu_binding.py:778] NPU0(PCI 0000:9d:00.0): sq_send_trigger_irq IRQ_ID=1136 -> CPU0, cq_update_irq IRQ_ID=1137 -> CPU1
(EngineCore_DP4 pid=233095) INFO 07-27 15:45:27 [core.py:337] init engine (profile, create kv cache, warmup model) took 46.81 s (compilation: 14.49 s)
(EngineCore_DP1 pid=233102) INFO 07-27 15:45:27 [core.py:337] init engine (profile, create kv cache, warmup model) took 44.70 s (compilation: 14.12 s)
(EngineCore_DP3 pid=233093) INFO 07-27 15:45:27 [vllm.py:1090] Asynchronous scheduling is enabled.
(EngineCore_DP3 pid=233093) WARNING 07-27 15:45:27 [vllm.py:1114] Disabling cascade attention (not yet compatible with async speculative decoding).
(EngineCore_DP3 pid=233093) INFO 07-27 15:45:27 [kernel.py:292] Final IR op priority after setting platform defaults: IrOpPriorityConfig(rms_norm=['native'], fused_add_rms_norm=['native'])
(EngineCore_DP3 pid=233093) WARNING 07-27 15:45:27 [vllm.py:1697] max_num_scheduled_tokens is set to 256 based on the speculative decoding settings. This may lead to suboptimal performance. Consider increasing max_num_batched_tokens to accommodate the additional draft token slots, or decrease num_speculative_tokens or max_num_seqs.
(EngineCore_DP3 pid=233093) WARNING 07-27 15:45:27 [platform.py:1043] GPU-specific parameter is not supported on Ascend. parameter=disable_cascade_attn, value=True, action: resetting to False.
(EngineCore_DP3 pid=233093) INFO 07-27 15:45:27 [ascend_config.py:490] finegrained_tp_config enabled: lmhead_tensor_parallel_size=2
(EngineCore_DP3 pid=233093) INFO 07-27 15:45:27 [ascend_config.py:824] Dynamic EPLB is False
(EngineCore_DP3 pid=233093) INFO 07-27 15:45:27 [ascend_config.py:825] The number of redundant experts is 0
(EngineCore_DP3 pid=233093) INFO 07-27 15:45:27 [ascend_config.py:289] AscendConfig.enable_mlapo falls back to environment variable VLLM_ASCEND_ENABLE_MLAPO with value True. Please use additional_config.enable_mlapo instead, because VLLM_ASCEND_ENABLE_MLAPO will be removed in the next release.
(EngineCore_DP3 pid=233093) INFO 07-27 15:45:27 [platform.py:770] Set PYTORCH_NPU_ALLOC_CONF=expandable_segments:True
(EngineCore_DP3 pid=233093) INFO 07-27 15:45:27 [compilation.py:312] Enabled custom fusions: norm_quant, act_quant
rank=3 prompts=1

Rendering prompts:   0%|          | 0/1 [00:00<?, ?it/s](EngineCore_DP2 pid=233074) INFO 07-27 15:45:27 [vllm.py:1090] Asynchronous scheduling is enabled.
(EngineCore_DP2 pid=233074) WARNING 07-27 15:45:27 [vllm.py:1114] Disabling cascade attention (not yet compatible with async speculative decoding).
(EngineCore_DP2 pid=233074) INFO 07-27 15:45:27 [kernel.py:292] Final IR op priority after setting platform defaults: IrOpPriorityConfig(rms_norm=['native'], fused_add_rms_norm=['native'])
(EngineCore_DP2 pid=233074) WARNING 07-27 15:45:27 [vllm.py:1697] max_num_scheduled_tokens is set to 256 based on the speculative decoding settings. This may lead to suboptimal performance. Consider increasing max_num_batched_tokens to accommodate the additional draft token slots, or decrease num_speculative_tokens or max_num_seqs.
(EngineCore_DP2 pid=233074) WARNING 07-27 15:45:27 [platform.py:1043] GPU-specific parameter is not supported on Ascend. parameter=disable_cascade_attn, value=True, action: resetting to False.
(EngineCore_DP2 pid=233074) INFO 07-27 15:45:27 [ascend_config.py:490] finegrained_tp_config enabled: lmhead_tensor_parallel_size=2
(EngineCore_DP2 pid=233074) INFO 07-27 15:45:27 [ascend_config.py:824] Dynamic EPLB is False
(EngineCore_DP2 pid=233074) INFO 07-27 15:45:27 [ascend_config.py:825] The number of redundant experts is 0
(EngineCore_DP2 pid=233074) INFO 07-27 15:45:27 [ascend_config.py:289] AscendConfig.enable_mlapo falls back to environment variable VLLM_ASCEND_ENABLE_MLAPO with value True. Please use additional_config.enable_mlapo instead, because VLLM_ASCEND_ENABLE_MLAPO will be removed in the next release.

Rendering prompts: 100%|██████████| 1/1 [00:00<00:00, 23.17it/s]

Processed prompts:   0%|          | 0/1 [00:00<?, ?it/s, est. speed input: 0.00 toks/s, output: 0.00 toks/s](EngineCore_DP0 pid=233078) INFO 07-27 15:45:27 [vllm.py:1090] Asynchronous scheduling is enabled.
(EngineCore_DP0 pid=233078) WARNING 07-27 15:45:27 [vllm.py:1114] Disabling cascade attention (not yet compatible with async speculative decoding).
(EngineCore_DP0 pid=233078) INFO 07-27 15:45:27 [kernel.py:292] Final IR op priority after setting platform defaults: IrOpPriorityConfig(rms_norm=['native'], fused_add_rms_norm=['native'])
(EngineCore_DP0 pid=233078) WARNING 07-27 15:45:27 [vllm.py:1697] max_num_scheduled_tokens is set to 256 based on the speculative decoding settings. This may lead to suboptimal performance. Consider increasing max_num_batched_tokens to accommodate the additional draft token slots, or decrease num_speculative_tokens or max_num_seqs.
(EngineCore_DP0 pid=233078) WARNING 07-27 15:45:27 [platform.py:1043] GPU-specific parameter is not supported on Ascend. parameter=disable_cascade_attn, value=True, action: resetting to False.
(EngineCore_DP0 pid=233078) INFO 07-27 15:45:27 [ascend_config.py:490] finegrained_tp_config enabled: lmhead_tensor_parallel_size=2
(EngineCore_DP0 pid=233078) INFO 07-27 15:45:27 [ascend_config.py:824] Dynamic EPLB is False
(EngineCore_DP0 pid=233078) INFO 07-27 15:45:27 [ascend_config.py:825] The number of redundant experts is 0
(EngineCore_DP0 pid=233078) INFO 07-27 15:45:27 [ascend_config.py:289] AscendConfig.enable_mlapo falls back to environment variable VLLM_ASCEND_ENABLE_MLAPO with value True. Please use additional_config.enable_mlapo instead, because VLLM_ASCEND_ENABLE_MLAPO will be removed in the next release.
(EngineCore_DP2 pid=233074) INFO 07-27 15:45:27 [platform.py:770] Set PYTORCH_NPU_ALLOC_CONF=expandable_segments:True
(EngineCore_DP2 pid=233074) INFO 07-27 15:45:27 [compilation.py:312] Enabled custom fusions: norm_quant, act_quant
rank=2 prompts=1

Rendering prompts:   0%|          | 0/1 [00:00<?, ?it/s]
Rendering prompts: 100%|██████████| 1/1 [00:00<00:00, 25.82it/s]

Processed prompts:   0%|          | 0/1 [00:00<?, ?it/s, est. speed input: 0.00 toks/s, output: 0.00 toks/s](EngineCore_DP0 pid=233078) INFO 07-27 15:45:27 [platform.py:770] Set PYTORCH_NPU_ALLOC_CONF=expandable_segments:True
(EngineCore_DP0 pid=233078) INFO 07-27 15:45:27 [compilation.py:312] Enabled custom fusions: norm_quant, act_quant
rank=0 prompts=1

Rendering prompts:   0%|          | 0/1 [00:00<?, ?it/s]
Rendering prompts: 100%|██████████| 1/1 [00:00<00:00, 25.96it/s]

Processed prompts:   0%|          | 0/1 [00:00<?, ?it/s, est. speed input: 0.00 toks/s, output: 0.00 toks/s](EngineCore_DP7 pid=233092) INFO 07-27 15:45:28 [vllm.py:1090] Asynchronous scheduling is enabled.
(EngineCore_DP7 pid=233092) WARNING 07-27 15:45:28 [vllm.py:1114] Disabling cascade attention (not yet compatible with async speculative decoding).
(EngineCore_DP7 pid=233092) INFO 07-27 15:45:28 [kernel.py:292] Final IR op priority after setting platform defaults: IrOpPriorityConfig(rms_norm=['native'], fused_add_rms_norm=['native'])
(EngineCore_DP7 pid=233092) WARNING 07-27 15:45:28 [vllm.py:1697] max_num_scheduled_tokens is set to 256 based on the speculative decoding settings. This may lead to suboptimal performance. Consider increasing max_num_batched_tokens to accommodate the additional draft token slots, or decrease num_speculative_tokens or max_num_seqs.
(EngineCore_DP7 pid=233092) WARNING 07-27 15:45:28 [platform.py:1043] GPU-specific parameter is not supported on Ascend. parameter=disable_cascade_attn, value=True, action: resetting to False.
(EngineCore_DP7 pid=233092) INFO 07-27 15:45:28 [ascend_config.py:490] finegrained_tp_config enabled: lmhead_tensor_parallel_size=2
(EngineCore_DP7 pid=233092) INFO 07-27 15:45:28 [ascend_config.py:824] Dynamic EPLB is False
(EngineCore_DP7 pid=233092) INFO 07-27 15:45:28 [ascend_config.py:825] The number of redundant experts is 0
(EngineCore_DP7 pid=233092) INFO 07-27 15:45:28 [ascend_config.py:289] AscendConfig.enable_mlapo falls back to environment variable VLLM_ASCEND_ENABLE_MLAPO with value True. Please use additional_config.enable_mlapo instead, because VLLM_ASCEND_ENABLE_MLAPO will be removed in the next release.
(EngineCore_DP7 pid=233092) INFO 07-27 15:45:28 [platform.py:770] Set PYTORCH_NPU_ALLOC_CONF=expandable_segments:True
(EngineCore_DP7 pid=233092) INFO 07-27 15:45:28 [compilation.py:312] Enabled custom fusions: norm_quant, act_quant
rank=7 prompts=1

Rendering prompts:   0%|          | 0/1 [00:00<?, ?it/s]
Rendering prompts: 100%|██████████| 1/1 [00:00<00:00, 26.04it/s]

Processed prompts:   0%|          | 0/1 [00:00<?, ?it/s, est. speed input: 0.00 toks/s, output: 0.00 toks/s](EngineCore_DP5 pid=233094) INFO 07-27 15:45:28 [vllm.py:1090] Asynchronous scheduling is enabled.
(EngineCore_DP5 pid=233094) WARNING 07-27 15:45:28 [vllm.py:1114] Disabling cascade attention (not yet compatible with async speculative decoding).
(EngineCore_DP5 pid=233094) INFO 07-27 15:45:28 [kernel.py:292] Final IR op priority after setting platform defaults: IrOpPriorityConfig(rms_norm=['native'], fused_add_rms_norm=['native'])
(EngineCore_DP5 pid=233094) WARNING 07-27 15:45:28 [vllm.py:1697] max_num_scheduled_tokens is set to 256 based on the speculative decoding settings. This may lead to suboptimal performance. Consider increasing max_num_batched_tokens to accommodate the additional draft token slots, or decrease num_speculative_tokens or max_num_seqs.
(EngineCore_DP5 pid=233094) WARNING 07-27 15:45:28 [platform.py:1043] GPU-specific parameter is not supported on Ascend. parameter=disable_cascade_attn, value=True, action: resetting to False.
(EngineCore_DP5 pid=233094) INFO 07-27 15:45:28 [ascend_config.py:490] finegrained_tp_config enabled: lmhead_tensor_parallel_size=2
(EngineCore_DP5 pid=233094) INFO 07-27 15:45:28 [ascend_config.py:824] Dynamic EPLB is False
(EngineCore_DP5 pid=233094) INFO 07-27 15:45:28 [ascend_config.py:825] The number of redundant experts is 0
(EngineCore_DP5 pid=233094) INFO 07-27 15:45:28 [ascend_config.py:289] AscendConfig.enable_mlapo falls back to environment variable VLLM_ASCEND_ENABLE_MLAPO with value True. Please use additional_config.enable_mlapo instead, because VLLM_ASCEND_ENABLE_MLAPO will be removed in the next release.
(EngineCore_DP5 pid=233094) INFO 07-27 15:45:28 [platform.py:770] Set PYTORCH_NPU_ALLOC_CONF=expandable_segments:True
(EngineCore_DP5 pid=233094) INFO 07-27 15:45:28 [compilation.py:312] Enabled custom fusions: norm_quant, act_quant
rank=5 prompts=1

Rendering prompts:   0%|          | 0/1 [00:00<?, ?it/s](EngineCore_DP6 pid=233091) INFO 07-27 15:45:28 [vllm.py:1090] Asynchronous scheduling is enabled.
(EngineCore_DP6 pid=233091) WARNING 07-27 15:45:28 [vllm.py:1114] Disabling cascade attention (not yet compatible with async speculative decoding).
(EngineCore_DP6 pid=233091) INFO 07-27 15:45:28 [kernel.py:292] Final IR op priority after setting platform defaults: IrOpPriorityConfig(rms_norm=['native'], fused_add_rms_norm=['native'])
(EngineCore_DP6 pid=233091) WARNING 07-27 15:45:28 [vllm.py:1697] max_num_scheduled_tokens is set to 256 based on the speculative decoding settings. This may lead to suboptimal performance. Consider increasing max_num_batched_tokens to accommodate the additional draft token slots, or decrease num_speculative_tokens or max_num_seqs.
(EngineCore_DP6 pid=233091) WARNING 07-27 15:45:28 [platform.py:1043] GPU-specific parameter is not supported on Ascend. parameter=disable_cascade_attn, value=True, action: resetting to False.
(EngineCore_DP6 pid=233091) INFO 07-27 15:45:28 [ascend_config.py:490] finegrained_tp_config enabled: lmhead_tensor_parallel_size=2
(EngineCore_DP6 pid=233091) INFO 07-27 15:45:28 [ascend_config.py:824] Dynamic EPLB is False
(EngineCore_DP6 pid=233091) INFO 07-27 15:45:28 [ascend_config.py:825] The number of redundant experts is 0
(EngineCore_DP6 pid=233091) INFO 07-27 15:45:28 [ascend_config.py:289] AscendConfig.enable_mlapo falls back to environment variable VLLM_ASCEND_ENABLE_MLAPO with value True. Please use additional_config.enable_mlapo instead, because VLLM_ASCEND_ENABLE_MLAPO will be removed in the next release.

Rendering prompts: 100%|██████████| 1/1 [00:00<00:00, 26.06it/s]

Processed prompts:   0%|          | 0/1 [00:00<?, ?it/s, est. speed input: 0.00 toks/s, output: 0.00 toks/s](EngineCore_DP6 pid=233091) INFO 07-27 15:45:28 [platform.py:770] Set PYTORCH_NPU_ALLOC_CONF=expandable_segments:True
(EngineCore_DP6 pid=233091) INFO 07-27 15:45:28 [compilation.py:312] Enabled custom fusions: norm_quant, act_quant
rank=6 prompts=1

Rendering prompts:   0%|          | 0/1 [00:00<?, ?it/s]
Rendering prompts: 100%|██████████| 1/1 [00:00<00:00, 27.51it/s]

Processed prompts:   0%|          | 0/1 [00:00<?, ?it/s, est. speed input: 0.00 toks/s, output: 0.00 toks/s](EngineCore_DP1 pid=233102) INFO 07-27 15:45:29 [vllm.py:1090] Asynchronous scheduling is enabled.
(EngineCore_DP1 pid=233102) WARNING 07-27 15:45:29 [vllm.py:1114] Disabling cascade attention (not yet compatible with async speculative decoding).
(EngineCore_DP1 pid=233102) INFO 07-27 15:45:29 [kernel.py:292] Final IR op priority after setting platform defaults: IrOpPriorityConfig(rms_norm=['native'], fused_add_rms_norm=['native'])
(EngineCore_DP1 pid=233102) WARNING 07-27 15:45:29 [vllm.py:1697] max_num_scheduled_tokens is set to 256 based on the speculative decoding settings. This may lead to suboptimal performance. Consider increasing max_num_batched_tokens to accommodate the additional draft token slots, or decrease num_speculative_tokens or max_num_seqs.
(EngineCore_DP1 pid=233102) WARNING 07-27 15:45:29 [platform.py:1043] GPU-specific parameter is not supported on Ascend. parameter=disable_cascade_attn, value=True, action: resetting to False.
(EngineCore_DP1 pid=233102) INFO 07-27 15:45:29 [ascend_config.py:490] finegrained_tp_config enabled: lmhead_tensor_parallel_size=2
(EngineCore_DP1 pid=233102) INFO 07-27 15:45:29 [ascend_config.py:824] Dynamic EPLB is False
(EngineCore_DP1 pid=233102) INFO 07-27 15:45:29 [ascend_config.py:825] The number of redundant experts is 0
(EngineCore_DP1 pid=233102) INFO 07-27 15:45:29 [ascend_config.py:289] AscendConfig.enable_mlapo falls back to environment variable VLLM_ASCEND_ENABLE_MLAPO with value True. Please use additional_config.enable_mlapo instead, because VLLM_ASCEND_ENABLE_MLAPO will be removed in the next release.
(EngineCore_DP4 pid=233095) INFO 07-27 15:45:29 [vllm.py:1090] Asynchronous scheduling is enabled.
(EngineCore_DP4 pid=233095) WARNING 07-27 15:45:29 [vllm.py:1114] Disabling cascade attention (not yet compatible with async speculative decoding).
(EngineCore_DP4 pid=233095) INFO 07-27 15:45:29 [kernel.py:292] Final IR op priority after setting platform defaults: IrOpPriorityConfig(rms_norm=['native'], fused_add_rms_norm=['native'])
(EngineCore_DP4 pid=233095) WARNING 07-27 15:45:29 [vllm.py:1697] max_num_scheduled_tokens is set to 256 based on the speculative decoding settings. This may lead to suboptimal performance. Consider increasing max_num_batched_tokens to accommodate the additional draft token slots, or decrease num_speculative_tokens or max_num_seqs.
(EngineCore_DP4 pid=233095) WARNING 07-27 15:45:29 [platform.py:1043] GPU-specific parameter is not supported on Ascend. parameter=disable_cascade_attn, value=True, action: resetting to False.
(EngineCore_DP4 pid=233095) INFO 07-27 15:45:29 [ascend_config.py:490] finegrained_tp_config enabled: lmhead_tensor_parallel_size=2
(EngineCore_DP4 pid=233095) INFO 07-27 15:45:29 [ascend_config.py:824] Dynamic EPLB is False
(EngineCore_DP4 pid=233095) INFO 07-27 15:45:29 [ascend_config.py:825] The number of redundant experts is 0
(EngineCore_DP4 pid=233095) INFO 07-27 15:45:29 [ascend_config.py:289] AscendConfig.enable_mlapo falls back to environment variable VLLM_ASCEND_ENABLE_MLAPO with value True. Please use additional_config.enable_mlapo instead, because VLLM_ASCEND_ENABLE_MLAPO will be removed in the next release.
(EngineCore_DP1 pid=233102) INFO 07-27 15:45:29 [platform.py:770] Set PYTORCH_NPU_ALLOC_CONF=expandable_segments:True
(EngineCore_DP1 pid=233102) INFO 07-27 15:45:29 [compilation.py:312] Enabled custom fusions: norm_quant, act_quant
rank=1 prompts=1

Rendering prompts:   0%|          | 0/1 [00:00<?, ?it/s]
Rendering prompts: 100%|██████████| 1/1 [00:00<00:00, 27.32it/s]

Processed prompts:   0%|          | 0/1 [00:00<?, ?it/s, est. speed input: 0.00 toks/s, output: 0.00 toks/s](EngineCore_DP4 pid=233095) INFO 07-27 15:45:29 [platform.py:770] Set PYTORCH_NPU_ALLOC_CONF=expandable_segments:True
(EngineCore_DP4 pid=233095) INFO 07-27 15:45:29 [compilation.py:312] Enabled custom fusions: norm_quant, act_quant
rank=4 prompts=1

Rendering prompts:   0%|          | 0/1 [00:00<?, ?it/s]
Rendering prompts: 100%|██████████| 1/1 [00:00<00:00, 27.42it/s]

Processed prompts:   0%|          | 0/1 [00:00<?, ?it/s, est. speed input: 0.00 toks/s, output: 0.00 toks/s](Worker_DP3_TP0_EP6 pid=233532) INFO 07-27 15:45:30 [acl_graph.py:268] Replaying aclgraph
(Worker_DP6_TP0_EP12 pid=233529) INFO 07-27 15:45:30 [acl_graph.py:268] Replaying aclgraph
(Worker_DP4_TP0_EP8 pid=233531) INFO 07-27 15:45:30 [acl_graph.py:268] Replaying aclgraph
(Worker_DP2_TP0_EP4 pid=233530) INFO 07-27 15:45:30 [acl_graph.py:268] Replaying aclgraph
(Worker_DP0_TP0_EP0 pid=233535) INFO 07-27 15:45:30 [acl_graph.py:268] Replaying aclgraph
(Worker_DP1_TP0_EP2 pid=233533) INFO 07-27 15:45:30 [acl_graph.py:268] Replaying aclgraph
(Worker_DP7_TP0_EP14 pid=233534) INFO 07-27 15:45:30 [acl_graph.py:268] Replaying aclgraph
(Worker_DP5_TP0_EP10 pid=233528) INFO 07-27 15:45:30 [acl_graph.py:268] Replaying aclgraph
(EngineCore_DP0 pid=233078) INFO 07-27 15:46:32 [shm_broadcast.py:705] No available shared memory broadcast block found in 60 seconds. This typically happens when some processes are hanging or doing some time-consuming work (e.g. compilation, weight/kv cache quantization).
(EngineCore_DP1 pid=233102) INFO 07-27 15:46:32 [shm_broadcast.py:705] No available shared memory broadcast block found in 60 seconds. This typically happens when some processes are hanging or doing some time-consuming work (e.g. compilation, weight/kv cache quantization).
(EngineCore_DP2 pid=233074) INFO 07-27 15:46:32 [shm_broadcast.py:705] No available shared memory broadcast block found in 60 seconds. This typically happens when some processes are hanging or doing some time-consuming work (e.g. compilation, weight/kv cache quantization).
(EngineCore_DP3 pid=233093) INFO 07-27 15:46:32 [shm_broadcast.py:705] No available shared memory broadcast block found in 60 seconds. This typically happens when some processes are hanging or doing some time-consuming work (e.g. compilation, weight/kv cache quantization).
(EngineCore_DP7 pid=233092) INFO 07-27 15:46:32 [shm_broadcast.py:705] No available shared memory broadcast block found in 60 seconds. This typically happens when some processes are hanging or doing some time-consuming work (e.g. compilation, weight/kv cache quantization).
(EngineCore_DP4 pid=233095) INFO 07-27 15:46:32 [shm_broadcast.py:705] No available shared memory broadcast block found in 60 seconds. This typically happens when some processes are hanging or doing some time-consuming work (e.g. compilation, weight/kv cache quantization).
(EngineCore_DP5 pid=233094) INFO 07-27 15:46:32 [shm_broadcast.py:705] No available shared memory broadcast block found in 60 seconds. This typically happens when some processes are hanging or doing some time-consuming work (e.g. compilation, weight/kv cache quantization).
(EngineCore_DP6 pid=233091) INFO 07-27 15:46:32 [shm_broadcast.py:705] No available shared memory broadcast block found in 60 seconds. This typically happens when some processes are hanging or doing some time-consuming work (e.g. compilation, weight/kv cache quantization).
(EngineCore_DP0 pid=233078) INFO 07-27 15:47:32 [shm_broadcast.py:705] No available shared memory broadcast block found in 60 seconds. This typically happens when some processes are hanging or doing some time-consuming work (e.g. compilation, weight/kv cache quantization).
(EngineCore_DP2 pid=233074) INFO 07-27 15:47:32 [shm_broadcast.py:705] No available shared memory broadcast block found in 60 seconds. This typically happens when some processes are hanging or doing some time-consuming work (e.g. compilation, weight/kv cache quantization).
(EngineCore_DP6 pid=233091) INFO 07-27 15:47:32 [shm_broadcast.py:705] No available shared memory broadcast block found in 60 seconds. This typically happens when some processes are hanging or doing some time-consuming work (e.g. compilation, weight/kv cache quantization).
(EngineCore_DP1 pid=233102) INFO 07-27 15:47:32 [shm_broadcast.py:705] No available shared memory broadcast block found in 60 seconds. This typically happens when some processes are hanging or doing some time-consuming work (e.g. compilation, weight/kv cache quantization).
(EngineCore_DP4 pid=233095) INFO 07-27 15:47:32 [shm_broadcast.py:705] No available shared memory broadcast block found in 60 seconds. This typically happens when some processes are hanging or doing some time-consuming work (e.g. compilation, weight/kv cache quantization).
(EngineCore_DP3 pid=233093) INFO 07-27 15:47:32 [shm_broadcast.py:705] No available shared memory broadcast block found in 60 seconds. This typically happens when some processes are hanging or doing some time-consuming work (e.g. compilation, weight/kv cache quantization).
(EngineCore_DP7 pid=233092) INFO 07-27 15:47:32 [shm_broadcast.py:705] No available shared memory broadcast block found in 60 seconds. This typically happens when some processes are hanging or doing some time-consuming work (e.g. compilation, weight/kv cache quantization).
(EngineCore_DP5 pid=233094) INFO 07-27 15:47:32 [shm_broadcast.py:705] No available shared memory broadcast block found in 60 seconds. This typically happens when some processes are hanging or doing some time-consuming work (e.g. compilation, weight/kv cache quantization).
(EngineCore_DP0 pid=233078) INFO 07-27 15:48:32 [shm_broadcast.py:705] No available shared memory broadcast block found in 60 seconds. This typically happens when some processes are hanging or doing some time-consuming work (e.g. compilation, weight/kv cache quantization).
(EngineCore_DP4 pid=233095) INFO 07-27 15:48:32 [shm_broadcast.py:705] No available shared memory broadcast block found in 60 seconds. This typically happens when some processes are hanging or doing some time-consuming work (e.g. compilation, weight/kv cache quantization).
(EngineCore_DP1 pid=233102) INFO 07-27 15:48:32 [shm_broadcast.py:705] No available shared memory broadcast block found in 60 seconds. This typically happens when some processes are hanging or doing some time-consuming work (e.g. compilation, weight/kv cache quantization).
(EngineCore_DP2 pid=233074) INFO 07-27 15:48:32 [shm_broadcast.py:705] No available shared memory broadcast block found in 60 seconds. This typically happens when some processes are hanging or doing some time-consuming work (e.g. compilation, weight/kv cache quantization).
(EngineCore_DP6 pid=233091) INFO 07-27 15:48:32 [shm_broadcast.py:705] No available shared memory broadcast block found in 60 seconds. This typically happens when some processes are hanging or doing some time-consuming work (e.g. compilation, weight/kv cache quantization).
(EngineCore_DP7 pid=233092) INFO 07-27 15:48:32 [shm_broadcast.py:705] No available shared memory broadcast block found in 60 seconds. This typically happens when some processes are hanging or doing some time-consuming work (e.g. compilation, weight/kv cache quantization).
(EngineCore_DP3 pid=233093) INFO 07-27 15:48:32 [shm_broadcast.py:705] No available shared memory broadcast block found in 60 seconds. This typically happens when some processes are hanging or doing some time-consuming work (e.g. compilation, weight/kv cache quantization).
(EngineCore_DP5 pid=233094) INFO 07-27 15:48:32 [shm_broadcast.py:705] No available shared memory broadcast block found in 60 seconds. This typically happens when some processes are hanging or doing some time-consuming work (e.g. compilation, weight/kv cache quantization).
(Worker_DP5_TP1_EP11 pid=233897) ERROR 07-27 15:49:06 [multiproc_executor.py:1007] WorkerProc hit an exception.
(Worker_DP5_TP1_EP11 pid=233897) ERROR 07-27 15:49:06 [multiproc_executor.py:1007] Traceback (most recent call last):
(Worker_DP5_TP1_EP11 pid=233897) ERROR 07-27 15:49:06 [multiproc_executor.py:1007]   File "/home/l00838859/cann/my-project/vllm/vllm/v1/executor/multiproc_executor.py", line 999, in worker_busy_loop
(Worker_DP5_TP1_EP11 pid=233897) ERROR 07-27 15:49:06 [multiproc_executor.py:1007]     output = func(*args, **kwargs)
(Worker_DP5_TP1_EP11 pid=233897) ERROR 07-27 15:49:06 [multiproc_executor.py:1007]              ^^^^^^^^^^^^^^^^^^^^^
(Worker_DP5_TP1_EP11 pid=233897) ERROR 07-27 15:49:06 [multiproc_executor.py:1007]   File "/home/l00838859/cann/my-project/vllm/vllm/v1/worker/worker_base.py", line 351, in execute_model
(Worker_DP5_TP1_EP11 pid=233897) ERROR 07-27 15:49:06 [multiproc_executor.py:1007]     return self.worker.execute_model(scheduler_output)
(Worker_DP5_TP1_EP11 pid=233897) ERROR 07-27 15:49:06 [multiproc_executor.py:1007]            ^^^^^^^^^^^^^^^^^^^^^^^^^^^^^^^^^^^^^^^^^^^
(Worker_DP5_TP1_EP11 pid=233897) ERROR 07-27 15:49:06 [multiproc_executor.py:1007]   File "/home/l00838859/cann/my-project/vllm-ascend/vllm_ascend/worker/worker.py", line 685, in execute_model
(Worker_DP5_TP1_EP11 pid=233897) ERROR 07-27 15:49:06 [multiproc_executor.py:1007]     output = self.model_runner.execute_model(scheduler_output, intermediate_tensors)
(Worker_DP5_TP1_EP11 pid=233897) ERROR 07-27 15:49:06 [multiproc_executor.py:1007]              ^^^^^^^^^^^^^^^^^^^^^^^^^^^^^^^^^^^^^^^^^^^^^^^^^^^^^^^^^^^^^^^^^^^^^^^
(Worker_DP5_TP1_EP11 pid=233897) ERROR 07-27 15:49:06 [multiproc_executor.py:1007]   File "/usr/local/lib/python3.11/site-packages/torch/utils/_contextlib.py", line 124, in decorate_context
(Worker_DP5_TP1_EP11 pid=233897) ERROR 07-27 15:49:06 [multiproc_executor.py:1007]     return func(*args, **kwargs)
(Worker_DP5_TP1_EP11 pid=233897) ERROR 07-27 15:49:06 [multiproc_executor.py:1007]            ^^^^^^^^^^^^^^^^^^^^^
(Worker_DP5_TP1_EP11 pid=233897) ERROR 07-27 15:49:06 [multiproc_executor.py:1007]   File "/home/l00838859/cann/my-project/vllm-ascend/vllm_ascend/worker/model_runner_v1.py", line 2346, in execute_model
(Worker_DP5_TP1_EP11 pid=233897) ERROR 07-27 15:49:06 [multiproc_executor.py:1007]     hidden_states = self._model_forward(
(Worker_DP5_TP1_EP11 pid=233897) ERROR 07-27 15:49:06 [multiproc_executor.py:1007]                     ^^^^^^^^^^^^^^^^^^^^
(Worker_DP5_TP1_EP11 pid=233897) ERROR 07-27 15:49:06 [multiproc_executor.py:1007]   File "/home/l00838859/cann/my-project/vllm-ascend/vllm_ascend/worker/model_runner_v1.py", line 2915, in _model_forward
(Worker_DP5_TP1_EP11 pid=233897) ERROR 07-27 15:49:06 [multiproc_executor.py:1007]     hidden_states = run_model()
(Worker_DP5_TP1_EP11 pid=233897) ERROR 07-27 15:49:06 [multiproc_executor.py:1007]                     ^^^^^^^^^^^
(Worker_DP5_TP1_EP11 pid=233897) ERROR 07-27 15:49:06 [multiproc_executor.py:1007]   File "/home/l00838859/cann/my-project/vllm-ascend/vllm_ascend/compilation/acl_graph.py", line 281, in __call__
(Worker_DP5_TP1_EP11 pid=233897) ERROR 07-27 15:49:06 [multiproc_executor.py:1007]     torch.npu.current_stream().synchronize()
(Worker_DP5_TP1_EP11 pid=233897) ERROR 07-27 15:49:06 [multiproc_executor.py:1007]   File "/usr/local/lib/python3.11/site-packages/torch_npu/npu/streams.py", line 85, in synchronize
(Worker_DP5_TP1_EP11 pid=233897) ERROR 07-27 15:49:06 [multiproc_executor.py:1007]     super(Stream, self).synchronize()
(Worker_DP5_TP1_EP11 pid=233897) ERROR 07-27 15:49:06 [multiproc_executor.py:1007] RuntimeError: synchronize:../torch_npu/csrc/core/npu/NPUStream.cpp:361 NPU function error: c10_npu::acl::AclrtSynchronizeStreamWithTimeout(stream()), error code is 507011
(Worker_DP5_TP1_EP11 pid=233897) ERROR 07-27 15:49:06 [multiproc_executor.py:1007] [ERROR] 2026-07-27-15:49:06 (PID:233897, Device:11, RankID:-1) ERR00100 PTA call acl api failed
(Worker_DP5_TP1_EP11 pid=233897) ERROR 07-27 15:49:06 [multiproc_executor.py:1007] [Error]: Model execution failed. 
(Worker_DP5_TP1_EP11 pid=233897) ERROR 07-27 15:49:06 [multiproc_executor.py:1007]         Rectify the fault based on the error information in the ascend log.
(Worker_DP5_TP1_EP11 pid=233897) ERROR 07-27 15:49:06 [multiproc_executor.py:1007] [PID: 233897] 2026-07-27-15:49:06.447.186 Execution_Error_SDMA(EI0012): SDMA memory copy task exception occurred. Remote rank: [0]. Base information: [streamID:[87], taskID[19], taskType[Task AIV], tag[AllReduce_group_name_13], AlgType(level 0-1-2):[ring-ring-ring].]. Task information: [cmdType:[2], tag:[383], size:[43008], numBlocks:[2], rankSize:[2], aivRdmaStep:[-1], flagMem:[0x130f5f200000], isOpbase:[1]
(Worker_DP5_TP1_EP11 pid=233897) ERROR 07-27 15:49:06 [multiproc_executor.py:1007] there are 8 abnormal device(s), only the first 3 devices are listed:
(Worker_DP5_TP1_EP11 pid=233897) ERROR 07-27 15:49:06 [multiproc_executor.py:1007] 	[TaskExecStage][HeartbeatAbnormal]Cluster Exception Location[IP/ID]:[10.10.1.44/10], Arrival Time:[Mon Jul 27 15:47:16 2026], ExceptionType:[Stuck Occurred], Possible Reason:1.Host process is stuck, 2.Device task is stuck
(Worker_DP5_TP1_EP11 pid=233897) ERROR 07-27 15:49:06 [multiproc_executor.py:1007] 	[TaskExecStage][HeartbeatAbnormal]Cluster Exception Location[IP/ID]:[10.10.1.44/15], Arrival Time:[Mon Jul 27 15:47:16 2026], ExceptionType:[Stuck Occurred], Possible Reason:1.Host process is stuck, 2.Device task is stuck
(Worker_DP5_TP1_EP11 pid=233897) ERROR 07-27 15:49:06 [multiproc_executor.py:1007] 	[TaskExecStage][HeartbeatAbnormal]Cluster Exception Location[IP/ID]:[10.10.1.44/14], Arrival Time:[Mon Jul 27 15:47:16 2026], ExceptionType:[Stuck Occurred], Possible Reason:1.Host process is stuck, 2.Device task is stuck
(Worker_DP5_TP1_EP11 pid=233897) ERROR 07-27 15:49:06 [multiproc_executor.py:1007] ]. Communicator information: [].
(Worker_DP5_TP1_EP11 pid=233897) ERROR 07-27 15:49:06 [multiproc_executor.py:1007]         Possible Cause: 1. Network connection exception occurred during the SDMA task execution. 2. The peer process exits abnormally. 3. The input or output memory address is not allocated, the actual allocated size is smaller than the input data size, or the memory is freed before the operator execution is complete.
(Worker_DP5_TP1_EP11 pid=233897) ERROR 07-27 15:49:06 [multiproc_executor.py:1007]         Solution: 1. Check whether the network link is abnormal during the execution. 2. Check whether a process in the cluster exits before an error is reported. If yes, locate the cause of the process exit. 3. Check whether the size of the input/output memory passed to the communication operator meets the expectation, and whether the input/output memory or communicator is freed or destroyed before the operator execution is complete.
(Worker_DP5_TP1_EP11 pid=233897) ERROR 07-27 15:49:06 [multiproc_executor.py:1007]         TraceBack (most recent call last):
(Worker_DP5_TP1_EP11 pid=233897) ERROR 07-27 15:49:06 [multiproc_executor.py:1007]         The error from device(chipId:5, dieId:1), serial number is 19, there is an exception of aivec error, core id is 18, error code = 0, dump info: pc start: 0x12c0de0c3400, current: 0x12c0de129fec, vec error info: 0xad00000cfe, mte error info: 0xf603064c6e, ifu error info: 0x217ffbe014040, ccu error info: 0x84afc1046880003f, cube error info: 0, biu error info: 0, aic error mask: 0x6500020bd00028c, para base: 0x12c14247a000.[FUNC:PrintCoreInfo][FILE:device_error_core_proc.cc][LINE:645]
(Worker_DP5_TP1_EP11 pid=233897) ERROR 07-27 15:49:06 [multiproc_executor.py:1007]         The extend info: errcode:(0, 0, 0) errorStr: timeout or trap error. fixp_error0 info: 0x3064c6e, fixp_error1 info: 0xf6, fsmId:1, tslot:6, thread:0, ctxid:0, blk:0, sublk:0, subErrType:4.[FUNC:PrintCoreInfo][FILE:device_error_core_proc.cc][LINE:658]
(Worker_DP5_TP1_EP11 pid=233897) ERROR 07-27 15:49:06 [multiproc_executor.py:1007]         SDMA memory copy task exception occurred. Remote rank: [0]. Base information: [streamID:[87], taskID[19], taskType[Task AIV], tag[AllReduce_group_name_13], AlgType(level 0-1-2):[ring-ring-ring].]. Task information: [cmdType:[2], tag:[383], size:[43008], numBlocks:[2], rankSize:[2], aivRdmaStep:[-1], flagMem:[0x130f5f200000], isOpbase:[1]
(Worker_DP5_TP1_EP11 pid=233897) ERROR 07-27 15:49:06 [multiproc_executor.py:1007] there are 8 abnormal device(s), only the first 3 devices are listed:
(Worker_DP5_TP1_EP11 pid=233897) ERROR 07-27 15:49:06 [multiproc_executor.py:1007] 	[TaskExecStage][HeartbeatAbnormal]Cluster Exception Location[IP/ID]:[10.10.1.44/10], Arrival Time:[Mon Jul 27 15:47:16 2026], ExceptionType:[Stuck Occurred], Possible Reason:1.Host process is stuck, 2.Device task is stuck
(Worker_DP5_TP1_EP11 pid=233897) ERROR 07-27 15:49:06 [multiproc_executor.py:1007] 	[TaskExecStage][HeartbeatAbnormal]Cluster Exception Location[IP/ID]:[10.10.1.44/15], Arrival Time:[Mon Jul 27 15:47:16 2026], ExceptionType:[Stuck Occurred], Possible Reason:1.Host process is stuck, 2.Device task is stuck
(Worker_DP5_TP1_EP11 pid=233897) ERROR 07-27 15:49:06 [multiproc_executor.py:1007] 	[TaskExecStage][HeartbeatAbnormal]Cluster Exception Location[IP/ID]:[10.10.1.44/14], Arrival Time:[Mon Jul 27 15:47:16 2026], ExceptionType:[Stuck Occurred], Possible Reason:1.Host process is stuck, 2.Device task is stuck
(Worker_DP5_TP1_EP11 pid=233897) ERROR 07-27 15:49:06 [multiproc_executor.py:1007] ]. Communicator information: [].
(Worker_DP5_TP1_EP11 pid=233897) ERROR 07-27 15:49:06 [multiproc_executor.py:1007]         rtStreamSynchronizeWithTimeout execution failed, reason=the model stream execute failed[FUNC:FuncErrorReason][FILE:error_message_manage.cc][LINE:65]
(Worker_DP5_TP1_EP11 pid=233897) ERROR 07-27 15:49:06 [multiproc_executor.py:1007]         synchronize stream with timeout failed, runtime result = 507011[FUNC:ReportCallError][FILE:log_inner.cpp][LINE:148]
(Worker_DP5_TP1_EP11 pid=233897) ERROR 07-27 15:49:06 [multiproc_executor.py:1007] 
(Worker_DP5_TP1_EP11 pid=233897) ERROR 07-27 15:49:06 [multiproc_executor.py:1007] Traceback (most recent call last):
(Worker_DP5_TP1_EP11 pid=233897) ERROR 07-27 15:49:06 [multiproc_executor.py:1007]   File "/home/l00838859/cann/my-project/vllm/vllm/v1/executor/multiproc_executor.py", line 999, in worker_busy_loop
(Worker_DP5_TP1_EP11 pid=233897) ERROR 07-27 15:49:06 [multiproc_executor.py:1007]     output = func(*args, **kwargs)
(Worker_DP5_TP1_EP11 pid=233897) ERROR 07-27 15:49:06 [multiproc_executor.py:1007]              ^^^^^^^^^^^^^^^^^^^^^
(Worker_DP5_TP1_EP11 pid=233897) ERROR 07-27 15:49:06 [multiproc_executor.py:1007]   File "/home/l00838859/cann/my-project/vllm/vllm/v1/worker/worker_base.py", line 351, in execute_model
(Worker_DP5_TP1_EP11 pid=233897) ERROR 07-27 15:49:06 [multiproc_executor.py:1007]     return self.worker.execute_model(scheduler_output)
(Worker_DP5_TP1_EP11 pid=233897) ERROR 07-27 15:49:06 [multiproc_executor.py:1007]            ^^^^^^^^^^^^^^^^^^^^^^^^^^^^^^^^^^^^^^^^^^^
(Worker_DP5_TP1_EP11 pid=233897) ERROR 07-27 15:49:06 [multiproc_executor.py:1007]   File "/home/l00838859/cann/my-project/vllm-ascend/vllm_ascend/worker/worker.py", line 685, in execute_model
(Worker_DP5_TP1_EP11 pid=233897) ERROR 07-27 15:49:06 [multiproc_executor.py:1007]     output = self.model_runner.execute_model(scheduler_output, intermediate_tensors)
(Worker_DP5_TP1_EP11 pid=233897) ERROR 07-27 15:49:06 [multiproc_executor.py:1007]              ^^^^^^^^^^^^^^^^^^^^^^^^^^^^^^^^^^^^^^^^^^^^^^^^^^^^^^^^^^^^^^^^^^^^^^^
(Worker_DP5_TP1_EP11 pid=233897) ERROR 07-27 15:49:06 [multiproc_executor.py:1007]   File "/usr/local/lib/python3.11/site-packages/torch/utils/_contextlib.py", line 124, in decorate_context
(Worker_DP5_TP1_EP11 pid=233897) ERROR 07-27 15:49:06 [multiproc_executor.py:1007]     return func(*args, **kwargs)
(Worker_DP5_TP1_EP11 pid=233897) ERROR 07-27 15:49:06 [multiproc_executor.py:1007]            ^^^^^^^^^^^^^^^^^^^^^
(Worker_DP5_TP1_EP11 pid=233897) ERROR 07-27 15:49:06 [multiproc_executor.py:1007]   File "/home/l00838859/cann/my-project/vllm-ascend/vllm_ascend/worker/model_runner_v1.py", line 2346, in execute_model
(Worker_DP5_TP1_EP11 pid=233897) ERROR 07-27 15:49:06 [multiproc_executor.py:1007]     hidden_states = self._model_forward(
(Worker_DP5_TP1_EP11 pid=233897) ERROR 07-27 15:49:06 [multiproc_executor.py:1007]                     ^^^^^^^^^^^^^^^^^^^^
(Worker_DP5_TP1_EP11 pid=233897) ERROR 07-27 15:49:06 [multiproc_executor.py:1007]   File "/home/l00838859/cann/my-project/vllm-ascend/vllm_ascend/worker/model_runner_v1.py", line 2915, in _model_forward
(Worker_DP5_TP1_EP11 pid=233897) ERROR 07-27 15:49:06 [multiproc_executor.py:1007]     hidden_states = run_model()
(Worker_DP5_TP1_EP11 pid=233897) ERROR 07-27 15:49:06 [multiproc_executor.py:1007]                     ^^^^^^^^^^^
(Worker_DP5_TP1_EP11 pid=233897) ERROR 07-27 15:49:06 [multiproc_executor.py:1007]   File "/home/l00838859/cann/my-project/vllm-ascend/vllm_ascend/compilation/acl_graph.py", line 281, in __call__
(Worker_DP5_TP1_EP11 pid=233897) ERROR 07-27 15:49:06 [multiproc_executor.py:1007]     torch.npu.current_stream().synchronize()
(Worker_DP5_TP1_EP11 pid=233897) ERROR 07-27 15:49:06 [multiproc_executor.py:1007]   File "/usr/local/lib/python3.11/site-packages/torch_npu/npu/streams.py", line 85, in synchronize
(Worker_DP5_TP1_EP11 pid=233897) ERROR 07-27 15:49:06 [multiproc_executor.py:1007]     super(Stream, self).synchronize()
(Worker_DP5_TP1_EP11 pid=233897) ERROR 07-27 15:49:06 [multiproc_executor.py:1007] RuntimeError: synchronize:../torch_npu/csrc/core/npu/NPUStream.cpp:361 NPU function error: c10_npu::acl::AclrtSynchronizeStreamWithTimeout(stream()), error code is 507011
(Worker_DP5_TP1_EP11 pid=233897) ERROR 07-27 15:49:06 [multiproc_executor.py:1007] [ERROR] 2026-07-27-15:49:06 (PID:233897, Device:11, RankID:-1) ERR00100 PTA call acl api failed
(Worker_DP5_TP1_EP11 pid=233897) ERROR 07-27 15:49:06 [multiproc_executor.py:1007] [Error]: Model execution failed. 
(Worker_DP5_TP1_EP11 pid=233897) ERROR 07-27 15:49:06 [multiproc_executor.py:1007]         Rectify the fault based on the error information in the ascend log.
(Worker_DP5_TP1_EP11 pid=233897) ERROR 07-27 15:49:06 [multiproc_executor.py:1007] [PID: 233897] 2026-07-27-15:49:06.447.186 Execution_Error_SDMA(EI0012): SDMA memory copy task exception occurred. Remote rank: [0]. Base information: [streamID:[87], taskID[19], taskType[Task AIV], tag[AllReduce_group_name_13], AlgType(level 0-1-2):[ring-ring-ring].]. Task information: [cmdType:[2], tag:[383], size:[43008], numBlocks:[2], rankSize:[2], aivRdmaStep:[-1], flagMem:[0x130f5f200000], isOpbase:[1]
(Worker_DP5_TP1_EP11 pid=233897) ERROR 07-27 15:49:06 [multiproc_executor.py:1007] there are 8 abnormal device(s), only the first 3 devices are listed:
(Worker_DP5_TP1_EP11 pid=233897) ERROR 07-27 15:49:06 [multiproc_executor.py:1007] 	[TaskExecStage][HeartbeatAbnormal]Cluster Exception Location[IP/ID]:[10.10.1.44/10], Arrival Time:[Mon Jul 27 15:47:16 2026], ExceptionType:[Stuck Occurred], Possible Reason:1.Host process is stuck, 2.Device task is stuck
(Worker_DP5_TP1_EP11 pid=233897) ERROR 07-27 15:49:06 [multiproc_executor.py:1007] 	[TaskExecStage][HeartbeatAbnormal]Cluster Exception Location[IP/ID]:[10.10.1.44/15], Arrival Time:[Mon Jul 27 15:47:16 2026], ExceptionType:[Stuck Occurred], Possible Reason:1.Host process is stuck, 2.Device task is stuck
(Worker_DP5_TP1_EP11 pid=233897) ERROR 07-27 15:49:06 [multiproc_executor.py:1007] 	[TaskExecStage][HeartbeatAbnormal]Cluster Exception Location[IP/ID]:[10.10.1.44/14], Arrival Time:[Mon Jul 27 15:47:16 2026], ExceptionType:[Stuck Occurred], Possible Reason:1.Host process is stuck, 2.Device task is stuck
(Worker_DP5_TP1_EP11 pid=233897) ERROR 07-27 15:49:06 [multiproc_executor.py:1007] ]. Communicator information: [].
(Worker_DP5_TP1_EP11 pid=233897) ERROR 07-27 15:49:06 [multiproc_executor.py:1007]         Possible Cause: 1. Network connection exception occurred during the SDMA task execution. 2. The peer process exits abnormally. 3. The input or output memory address is not allocated, the actual allocated size is smaller than the input data size, or the memory is freed before the operator execution is complete.
(Worker_DP5_TP1_EP11 pid=233897) ERROR 07-27 15:49:06 [multiproc_executor.py:1007]         Solution: 1. Check whether the network link is abnormal during the execution. 2. Check whether a process in the cluster exits before an error is reported. If yes, locate the cause of the process exit. 3. Check whether the size of the input/output memory passed to the communication operator meets the expectation, and whether the input/output memory or communicator is freed or destroyed before the operator execution is complete.
(Worker_DP5_TP1_EP11 pid=233897) ERROR 07-27 15:49:06 [multiproc_executor.py:1007]         TraceBack (most recent call last):
(Worker_DP5_TP1_EP11 pid=233897) ERROR 07-27 15:49:06 [multiproc_executor.py:1007]         The error from device(chipId:5, dieId:1), serial number is 19, there is an exception of aivec error, core id is 18, error code = 0, dump info: pc start: 0x12c0de0c3400, current: 0x12c0de129fec, vec error info: 0xad00000cfe, mte error info: 0xf603064c6e, ifu error info: 0x217ffbe014040, ccu error info: 0x84afc1046880003f, cube error info: 0, biu error info: 0, aic error mask: 0x6500020bd00028c, para base: 0x12c14247a000.[FUNC:PrintCoreInfo][FILE:device_error_core_proc.cc][LINE:645]
(Worker_DP5_TP1_EP11 pid=233897) ERROR 07-27 15:49:06 [multiproc_executor.py:1007]         The extend info: errcode:(0, 0, 0) errorStr: timeout or trap error. fixp_error0 info: 0x3064c6e, fixp_error1 info: 0xf6, fsmId:1, tslot:6, thread:0, ctxid:0, blk:0, sublk:0, subErrType:4.[FUNC:PrintCoreInfo][FILE:device_error_core_proc.cc][LINE:658]
(Worker_DP5_TP1_EP11 pid=233897) ERROR 07-27 15:49:06 [multiproc_executor.py:1007]         SDMA memory copy task exception occurred. Remote rank: [0]. Base information: [streamID:[87], taskID[19], taskType[Task AIV], tag[AllReduce_group_name_13], AlgType(level 0-1-2):[ring-ring-ring].]. Task information: [cmdType:[2], tag:[383], size:[43008], numBlocks:[2], rankSize:[2], aivRdmaStep:[-1], flagMem:[0x130f5f200000], isOpbase:[1]
(Worker_DP5_TP1_EP11 pid=233897) ERROR 07-27 15:49:06 [multiproc_executor.py:1007] there are 8 abnormal device(s), only the first 3 devices are listed:
(Worker_DP5_TP1_EP11 pid=233897) ERROR 07-27 15:49:06 [multiproc_executor.py:1007] 	[TaskExecStage][HeartbeatAbnormal]Cluster Exception Location[IP/ID]:[10.10.1.44/10], Arrival Time:[Mon Jul 27 15:47:16 2026], ExceptionType:[Stuck Occurred], Possible Reason:1.Host process is stuck, 2.Device task is stuck
(Worker_DP5_TP1_EP11 pid=233897) ERROR 07-27 15:49:06 [multiproc_executor.py:1007] 	[TaskExecStage][HeartbeatAbnormal]Cluster Exception Location[IP/ID]:[10.10.1.44/15], Arrival Time:[Mon Jul 27 15:47:16 2026], ExceptionType:[Stuck Occurred], Possible Reason:1.Host process is stuck, 2.Device task is stuck
(Worker_DP5_TP1_EP11 pid=233897) ERROR 07-27 15:49:06 [multiproc_executor.py:1007] 	[TaskExecStage][HeartbeatAbnormal]Cluster Exception Location[IP/ID]:[10.10.1.44/14], Arrival Time:[Mon Jul 27 15:47:16 2026], ExceptionType:[Stuck Occurred], Possible Reason:1.Host process is stuck, 2.Device task is stuck
(Worker_DP5_TP1_EP11 pid=233897) ERROR 07-27 15:49:06 [multiproc_executor.py:1007] ]. Communicator information: [].
(Worker_DP5_TP1_EP11 pid=233897) ERROR 07-27 15:49:06 [multiproc_executor.py:1007]         rtStreamSynchronizeWithTimeout execution failed, reason=the model stream execute failed[FUNC:FuncErrorReason][FILE:error_message_manage.cc][LINE:65]
(Worker_DP5_TP1_EP11 pid=233897) ERROR 07-27 15:49:06 [multiproc_executor.py:1007]         synchronize stream with timeout failed, runtime result = 507011[FUNC:ReportCallError][FILE:log_inner.cpp][LINE:148]
(Worker_DP5_TP1_EP11 pid=233897) ERROR 07-27 15:49:06 [multiproc_executor.py:1007] 
(Worker_DP5_TP1_EP11 pid=233897) ERROR 07-27 15:49:06 [multiproc_executor.py:1007] 
(Worker_DP1_TP1_EP3 pid=233943) ERROR 07-27 15:49:06 [multiproc_executor.py:1007] WorkerProc hit an exception.
(Worker_DP1_TP1_EP3 pid=233943) ERROR 07-27 15:49:06 [multiproc_executor.py:1007] Traceback (most recent call last):
(Worker_DP1_TP1_EP3 pid=233943) ERROR 07-27 15:49:06 [multiproc_executor.py:1007]   File "/home/l00838859/cann/my-project/vllm/vllm/v1/executor/multiproc_executor.py", line 999, in worker_busy_loop
(Worker_DP1_TP1_EP3 pid=233943) ERROR 07-27 15:49:06 [multiproc_executor.py:1007]     output = func(*args, **kwargs)
(Worker_DP1_TP1_EP3 pid=233943) ERROR 07-27 15:49:06 [multiproc_executor.py:1007]              ^^^^^^^^^^^^^^^^^^^^^
(Worker_DP1_TP1_EP3 pid=233943) ERROR 07-27 15:49:06 [multiproc_executor.py:1007]   File "/home/l00838859/cann/my-project/vllm/vllm/v1/worker/worker_base.py", line 351, in execute_model
(Worker_DP1_TP1_EP3 pid=233943) ERROR 07-27 15:49:06 [multiproc_executor.py:1007]     return self.worker.execute_model(scheduler_output)
(Worker_DP1_TP1_EP3 pid=233943) ERROR 07-27 15:49:06 [multiproc_executor.py:1007]            ^^^^^^^^^^^^^^^^^^^^^^^^^^^^^^^^^^^^^^^^^^^
(Worker_DP1_TP1_EP3 pid=233943) ERROR 07-27 15:49:06 [multiproc_executor.py:1007]   File "/home/l00838859/cann/my-project/vllm-ascend/vllm_ascend/worker/worker.py", line 685, in execute_model
(Worker_DP1_TP1_EP3 pid=233943) ERROR 07-27 15:49:06 [multiproc_executor.py:1007]     output = self.model_runner.execute_model(scheduler_output, intermediate_tensors)
(Worker_DP1_TP1_EP3 pid=233943) ERROR 07-27 15:49:06 [multiproc_executor.py:1007]              ^^^^^^^^^^^^^^^^^^^^^^^^^^^^^^^^^^^^^^^^^^^^^^^^^^^^^^^^^^^^^^^^^^^^^^^
(Worker_DP1_TP1_EP3 pid=233943) ERROR 07-27 15:49:06 [multiproc_executor.py:1007]   File "/usr/local/lib/python3.11/site-packages/torch/utils/_contextlib.py", line 124, in decorate_context
(Worker_DP1_TP1_EP3 pid=233943) ERROR 07-27 15:49:06 [multiproc_executor.py:1007]     return func(*args, **kwargs)
(Worker_DP1_TP1_EP3 pid=233943) ERROR 07-27 15:49:06 [multiproc_executor.py:1007]            ^^^^^^^^^^^^^^^^^^^^^
(Worker_DP1_TP1_EP3 pid=233943) ERROR 07-27 15:49:06 [multiproc_executor.py:1007]   File "/home/l00838859/cann/my-project/vllm-ascend/vllm_ascend/worker/model_runner_v1.py", line 2346, in execute_model
(Worker_DP1_TP1_EP3 pid=233943) ERROR 07-27 15:49:06 [multiproc_executor.py:1007]     hidden_states = self._model_forward(
(Worker_DP1_TP1_EP3 pid=233943) ERROR 07-27 15:49:06 [multiproc_executor.py:1007]                     ^^^^^^^^^^^^^^^^^^^^
(Worker_DP1_TP1_EP3 pid=233943) ERROR 07-27 15:49:06 [multiproc_executor.py:1007]   File "/home/l00838859/cann/my-project/vllm-ascend/vllm_ascend/worker/model_runner_v1.py", line 2915, in _model_forward
(Worker_DP1_TP1_EP3 pid=233943) ERROR 07-27 15:49:06 [multiproc_executor.py:1007]     hidden_states = run_model()
(Worker_DP1_TP1_EP3 pid=233943) ERROR 07-27 15:49:06 [multiproc_executor.py:1007]                     ^^^^^^^^^^^
(Worker_DP1_TP1_EP3 pid=233943) ERROR 07-27 15:49:06 [multiproc_executor.py:1007]   File "/home/l00838859/cann/my-project/vllm-ascend/vllm_ascend/compilation/acl_graph.py", line 281, in __call__
(Worker_DP1_TP1_EP3 pid=233943) ERROR 07-27 15:49:06 [multiproc_executor.py:1007]     torch.npu.current_stream().synchronize()
(Worker_DP1_TP1_EP3 pid=233943) ERROR 07-27 15:49:06 [multiproc_executor.py:1007]   File "/usr/local/lib/python3.11/site-packages/torch_npu/npu/streams.py", line 85, in synchronize
(Worker_DP1_TP1_EP3 pid=233943) ERROR 07-27 15:49:06 [multiproc_executor.py:1007]     super(Stream, self).synchronize()
(Worker_DP1_TP1_EP3 pid=233943) ERROR 07-27 15:49:06 [multiproc_executor.py:1007] RuntimeError: synchronize:../torch_npu/csrc/core/npu/NPUStream.cpp:361 NPU function error: c10_npu::acl::AclrtSynchronizeStreamWithTimeout(stream()), error code is 507011
(Worker_DP1_TP1_EP3 pid=233943) ERROR 07-27 15:49:06 [multiproc_executor.py:1007] [ERROR] 2026-07-27-15:49:06 (PID:233943, Device:3, RankID:-1) ERR00100 PTA call acl api failed
(Worker_DP1_TP1_EP3 pid=233943) ERROR 07-27 15:49:06 [multiproc_executor.py:1007] [Error]: Model execution failed. 
(Worker_DP1_TP1_EP3 pid=233943) ERROR 07-27 15:49:06 [multiproc_executor.py:1007]         Rectify the fault based on the error information in the ascend log.
(Worker_DP1_TP1_EP3 pid=233943) ERROR 07-27 15:49:06 [multiproc_executor.py:1007] [PID: 233943] 2026-07-27-15:49:06.446.870 Execution_Error_SDMA(EI0012): SDMA memory copy task exception occurred. Remote rank: [0]. Base information: [streamID:[83], taskID[19], taskType[Task AIV], tag[AllReduce_group_name_5], AlgType(level 0-1-2):[ring-ring-ring].]. Task information: [cmdType:[2], tag:[383], size:[43008], numBlocks:[2], rankSize:[2], aivRdmaStep:[-1], flagMem:[0x130f5f200000], isOpbase:[1]
(Worker_DP1_TP1_EP3 pid=233943) ERROR 07-27 15:49:06 [multiproc_executor.py:1007] there are 10 abnormal device(s), only the first 3 devices are listed:
(Worker_DP1_TP1_EP3 pid=233943) ERROR 07-27 15:49:06 [multiproc_executor.py:1007] 	[TaskExecStage][HeartbeatAbnormal]Cluster Exception Location[IP/ID]:[10.10.1.44/2], Arrival Time:[Mon Jul 27 15:47:16 2026], ExceptionType:[Stuck Occurred], Possible Reason:1.Host process is stuck, 2.Device task is stuck
(Worker_DP1_TP1_EP3 pid=233943) ERROR 07-27 15:49:06 [multiproc_executor.py:1007] 	[TaskExecStage][HeartbeatAbnormal]Cluster Exception Location[IP/ID]:[10.10.1.44/15], Arrival Time:[Mon Jul 27 15:47:17 2026], ExceptionType:[Stuck Occurred], Possible Reason:1.Host process is stuck, 2.Device task is stuck
(Worker_DP1_TP1_EP3 pid=233943) ERROR 07-27 15:49:06 [multiproc_executor.py:1007] 	[TaskExecStage][HeartbeatAbnormal]Cluster Exception Location[IP/ID]:[10.10.1.44/7], Arrival Time:[Mon Jul 27 15:47:17 2026], ExceptionType:[Stuck Occurred], Possible Reason:1.Host process is stuck, 2.Device task is stuck
(Worker_DP1_TP1_EP3 pid=233943) ERROR 07-27 15:49:06 [multiproc_executor.py:1007] ]. Communicator information: [].
(Worker_DP1_TP1_EP3 pid=233943) ERROR 07-27 15:49:06 [multiproc_executor.py:1007]         Possible Cause: 1. Network connection exception occurred during the SDMA task execution. 2. The peer process exits abnormally. 3. The input or output memory address is not allocated, the actual allocated size is smaller than the input data size, or the memory is freed before the operator execution is complete.
(Worker_DP1_TP1_EP3 pid=233943) ERROR 07-27 15:49:06 [multiproc_executor.py:1007]         Solution: 1. Check whether the network link is abnormal during the execution. 2. Check whether a process in the cluster exits before an error is reported. If yes, locate the cause of the process exit. 3. Check whether the size of the input/output memory passed to the communication operator meets the expectation, and whether the input/output memory or communicator is freed or destroyed before the operator execution is complete.
(Worker_DP1_TP1_EP3 pid=233943) ERROR 07-27 15:49:06 [multiproc_executor.py:1007]         TraceBack (most recent call last):
(Worker_DP1_TP1_EP3 pid=233943) ERROR 07-27 15:49:06 [multiproc_executor.py:1007]         The error from device(chipId:1, dieId:1), serial number is 30, there is an exception of aivec error, core id is 25, error code = 0, dump info: pc start: 0x12c0de0c3400, current: 0x12c0de12a008, vec error info: 0xad00000cfe, mte error info: 0xf603065c70, ifu error info: 0x217ffbe014040, ccu error info: 0xcbc1b8566880003f, cube error info: 0, biu error info: 0, aic error mask: 0x6500020bd00028c, para base: 0x12c140177000.[FUNC:PrintCoreInfo][FILE:device_error_core_proc.cc][LINE:645]
(Worker_DP1_TP1_EP3 pid=233943) ERROR 07-27 15:49:06 [multiproc_executor.py:1007]         The extend info: errcode:(0, 0, 0) errorStr: timeout or trap error. fixp_error0 info: 0x3065c70, fixp_error1 info: 0xf6, fsmId:0, tslot:5, thread:0, ctxid:0, blk:0, sublk:0, subErrType:4.[FUNC:PrintCoreInfo][FILE:device_error_core_proc.cc][LINE:658]
(Worker_DP1_TP1_EP3 pid=233943) ERROR 07-27 15:49:06 [multiproc_executor.py:1007]         SDMA memory copy task exception occurred. Remote rank: [0]. Base information: [streamID:[83], taskID[19], taskType[Task AIV], tag[AllReduce_group_name_5], AlgType(level 0-1-2):[ring-ring-ring].]. Task information: [cmdType:[2], tag:[383], size:[43008], numBlocks:[2], rankSize:[2], aivRdmaStep:[-1], flagMem:[0x130f5f200000], isOpbase:[1]
(Worker_DP1_TP1_EP3 pid=233943) ERROR 07-27 15:49:06 [multiproc_executor.py:1007] there are 10 abnormal device(s), only the first 3 devices are listed:
(Worker_DP1_TP1_EP3 pid=233943) ERROR 07-27 15:49:06 [multiproc_executor.py:1007] 	[TaskExecStage][HeartbeatAbnormal]Cluster Exception Location[IP/ID]:[10.10.1.44/2], Arrival Time:[Mon Jul 27 15:47:16 2026], ExceptionType:[Stuck Occurred], Possible Reason:1.Host process is stuck, 2.Device task is stuck
(Worker_DP1_TP1_EP3 pid=233943) ERROR 07-27 15:49:06 [multiproc_executor.py:1007] 	[TaskExecStage][HeartbeatAbnormal]Cluster Exception Location[IP/ID]:[10.10.1.44/15], Arrival Time:[Mon Jul 27 15:47:17 2026], ExceptionType:[Stuck Occurred], Possible Reason:1.Host process is stuck, 2.Device task is stuck
(Worker_DP1_TP1_EP3 pid=233943) ERROR 07-27 15:49:06 [multiproc_executor.py:1007] 	[TaskExecStage][HeartbeatAbnormal]Cluster Exception Location[IP/ID]:[10.10.1.44/7], Arrival Time:[Mon Jul 27 15:47:17 2026], ExceptionType:[Stuck Occurred], Possible Reason:1.Host process is stuck, 2.Device task is stuck
(Worker_DP1_TP1_EP3 pid=233943) ERROR 07-27 15:49:06 [multiproc_executor.py:1007] ]. Communicator information: [].
(Worker_DP1_TP1_EP3 pid=233943) ERROR 07-27 15:49:06 [multiproc_executor.py:1007]         rtStreamSynchronizeWithTimeout execution failed, reason=the model stream execute failed[FUNC:FuncErrorReason][FILE:error_message_manage.cc][LINE:65]
(Worker_DP1_TP1_EP3 pid=233943) ERROR 07-27 15:49:06 [multiproc_executor.py:1007]         synchronize stream with timeout failed, runtime result = 507011[FUNC:ReportCallError][FILE:log_inner.cpp][LINE:148]
(Worker_DP1_TP1_EP3 pid=233943) ERROR 07-27 15:49:06 [multiproc_executor.py:1007] 
(Worker_DP1_TP1_EP3 pid=233943) ERROR 07-27 15:49:06 [multiproc_executor.py:1007] Traceback (most recent call last):
(Worker_DP1_TP1_EP3 pid=233943) ERROR 07-27 15:49:06 [multiproc_executor.py:1007]   File "/home/l00838859/cann/my-project/vllm/vllm/v1/executor/multiproc_executor.py", line 999, in worker_busy_loop
(Worker_DP1_TP1_EP3 pid=233943) ERROR 07-27 15:49:06 [multiproc_executor.py:1007]     output = func(*args, **kwargs)
(Worker_DP1_TP1_EP3 pid=233943) ERROR 07-27 15:49:06 [multiproc_executor.py:1007]              ^^^^^^^^^^^^^^^^^^^^^
(Worker_DP1_TP1_EP3 pid=233943) ERROR 07-27 15:49:06 [multiproc_executor.py:1007]   File "/home/l00838859/cann/my-project/vllm/vllm/v1/worker/worker_base.py", line 351, in execute_model
(Worker_DP1_TP1_EP3 pid=233943) ERROR 07-27 15:49:06 [multiproc_executor.py:1007]     return self.worker.execute_model(scheduler_output)
(Worker_DP1_TP1_EP3 pid=233943) ERROR 07-27 15:49:06 [multiproc_executor.py:1007]            ^^^^^^^^^^^^^^^^^^^^^^^^^^^^^^^^^^^^^^^^^^^
(Worker_DP1_TP1_EP3 pid=233943) ERROR 07-27 15:49:06 [multiproc_executor.py:1007]   File "/home/l00838859/cann/my-project/vllm-ascend/vllm_ascend/worker/worker.py", line 685, in execute_model
(Worker_DP1_TP1_EP3 pid=233943) ERROR 07-27 15:49:06 [multiproc_executor.py:1007]     output = self.model_runner.execute_model(scheduler_output, intermediate_tensors)
(Worker_DP1_TP1_EP3 pid=233943) ERROR 07-27 15:49:06 [multiproc_executor.py:1007]              ^^^^^^^^^^^^^^^^^^^^^^^^^^^^^^^^^^^^^^^^^^^^^^^^^^^^^^^^^^^^^^^^^^^^^^^
(Worker_DP1_TP1_EP3 pid=233943) ERROR 07-27 15:49:06 [multiproc_executor.py:1007]   File "/usr/local/lib/python3.11/site-packages/torch/utils/_contextlib.py", line 124, in decorate_context
(Worker_DP1_TP1_EP3 pid=233943) ERROR 07-27 15:49:06 [multiproc_executor.py:1007]     return func(*args, **kwargs)
(Worker_DP1_TP1_EP3 pid=233943) ERROR 07-27 15:49:06 [multiproc_executor.py:1007]            ^^^^^^^^^^^^^^^^^^^^^
(Worker_DP1_TP1_EP3 pid=233943) ERROR 07-27 15:49:06 [multiproc_executor.py:1007]   File "/home/l00838859/cann/my-project/vllm-ascend/vllm_ascend/worker/model_runner_v1.py", line 2346, in execute_model
(Worker_DP1_TP1_EP3 pid=233943) ERROR 07-27 15:49:06 [multiproc_executor.py:1007]     hidden_states = self._model_forward(
(Worker_DP1_TP1_EP3 pid=233943) ERROR 07-27 15:49:06 [multiproc_executor.py:1007]                     ^^^^^^^^^^^^^^^^^^^^
(Worker_DP1_TP1_EP3 pid=233943) ERROR 07-27 15:49:06 [multiproc_executor.py:1007]   File "/home/l00838859/cann/my-project/vllm-ascend/vllm_ascend/worker/model_runner_v1.py", line 2915, in _model_forward
(Worker_DP1_TP1_EP3 pid=233943) ERROR 07-27 15:49:06 [multiproc_executor.py:1007]     hidden_states = run_model()
(Worker_DP1_TP1_EP3 pid=233943) ERROR 07-27 15:49:06 [multiproc_executor.py:1007]                     ^^^^^^^^^^^
(Worker_DP1_TP1_EP3 pid=233943) ERROR 07-27 15:49:06 [multiproc_executor.py:1007]   File "/home/l00838859/cann/my-project/vllm-ascend/vllm_ascend/compilation/acl_graph.py", line 281, in __call__
(Worker_DP1_TP1_EP3 pid=233943) ERROR 07-27 15:49:06 [multiproc_executor.py:1007]     torch.npu.current_stream().synchronize()
(Worker_DP1_TP1_EP3 pid=233943) ERROR 07-27 15:49:06 [multiproc_executor.py:1007]   File "/usr/local/lib/python3.11/site-packages/torch_npu/npu/streams.py", line 85, in synchronize
(Worker_DP1_TP1_EP3 pid=233943) ERROR 07-27 15:49:06 [multiproc_executor.py:1007]     super(Stream, self).synchronize()
(Worker_DP1_TP1_EP3 pid=233943) ERROR 07-27 15:49:06 [multiproc_executor.py:1007] RuntimeError: synchronize:../torch_npu/csrc/core/npu/NPUStream.cpp:361 NPU function error: c10_npu::acl::AclrtSynchronizeStreamWithTimeout(stream()), error code is 507011
(Worker_DP1_TP1_EP3 pid=233943) ERROR 07-27 15:49:06 [multiproc_executor.py:1007] [ERROR] 2026-07-27-15:49:06 (PID:233943, Device:3, RankID:-1) ERR00100 PTA call acl api failed
(Worker_DP1_TP1_EP3 pid=233943) ERROR 07-27 15:49:06 [multiproc_executor.py:1007] [Error]: Model execution failed. 
(Worker_DP1_TP1_EP3 pid=233943) ERROR 07-27 15:49:06 [multiproc_executor.py:1007]         Rectify the fault based on the error information in the ascend log.
(Worker_DP1_TP1_EP3 pid=233943) ERROR 07-27 15:49:06 [multiproc_executor.py:1007] [PID: 233943] 2026-07-27-15:49:06.446.870 Execution_Error_SDMA(EI0012): SDMA memory copy task exception occurred. Remote rank: [0]. Base information: [streamID:[83], taskID[19], taskType[Task AIV], tag[AllReduce_group_name_5], AlgType(level 0-1-2):[ring-ring-ring].]. Task information: [cmdType:[2], tag:[383], size:[43008], numBlocks:[2], rankSize:[2], aivRdmaStep:[-1], flagMem:[0x130f5f200000], isOpbase:[1]
(Worker_DP1_TP1_EP3 pid=233943) ERROR 07-27 15:49:06 [multiproc_executor.py:1007] there are 10 abnormal device(s), only the first 3 devices are listed:
(Worker_DP1_TP1_EP3 pid=233943) ERROR 07-27 15:49:06 [multiproc_executor.py:1007] 	[TaskExecStage][HeartbeatAbnormal]Cluster Exception Location[IP/ID]:[10.10.1.44/2], Arrival Time:[Mon Jul 27 15:47:16 2026], ExceptionType:[Stuck Occurred], Possible Reason:1.Host process is stuck, 2.Device task is stuck
(Worker_DP1_TP1_EP3 pid=233943) ERROR 07-27 15:49:06 [multiproc_executor.py:1007] 	[TaskExecStage][HeartbeatAbnormal]Cluster Exception Location[IP/ID]:[10.10.1.44/15], Arrival Time:[Mon Jul 27 15:47:17 2026], ExceptionType:[Stuck Occurred], Possible Reason:1.Host process is stuck, 2.Device task is stuck
(Worker_DP1_TP1_EP3 pid=233943) ERROR 07-27 15:49:06 [multiproc_executor.py:1007] 	[TaskExecStage][HeartbeatAbnormal]Cluster Exception Location[IP/ID]:[10.10.1.44/7], Arrival Time:[Mon Jul 27 15:47:17 2026], ExceptionType:[Stuck Occurred], Possible Reason:1.Host process is stuck, 2.Device task is stuck
(Worker_DP1_TP1_EP3 pid=233943) ERROR 07-27 15:49:06 [multiproc_executor.py:1007] ]. Communicator information: [].
(Worker_DP1_TP1_EP3 pid=233943) ERROR 07-27 15:49:06 [multiproc_executor.py:1007]         Possible Cause: 1. Network connection exception occurred during the SDMA task execution. 2. The peer process exits abnormally. 3. The input or output memory address is not allocated, the actual allocated size is smaller than the input data size, or the memory is freed before the operator execution is complete.
(Worker_DP1_TP1_EP3 pid=233943) ERROR 07-27 15:49:06 [multiproc_executor.py:1007]         Solution: 1. Check whether the network link is abnormal during the execution. 2. Check whether a process in the cluster exits before an error is reported. If yes, locate the cause of the process exit. 3. Check whether the size of the input/output memory passed to the communication operator meets the expectation, and whether the input/output memory or communicator is freed or destroyed before the operator execution is complete.
(Worker_DP1_TP1_EP3 pid=233943) ERROR 07-27 15:49:06 [multiproc_executor.py:1007]         TraceBack (most recent call last):
(Worker_DP1_TP1_EP3 pid=233943) ERROR 07-27 15:49:06 [multiproc_executor.py:1007]         The error from device(chipId:1, dieId:1), serial number is 30, there is an exception of aivec error, core id is 25, error code = 0, dump info: pc start: 0x12c0de0c3400, current: 0x12c0de12a008, vec error info: 0xad00000cfe, mte error info: 0xf603065c70, ifu error info: 0x217ffbe014040, ccu error info: 0xcbc1b8566880003f, cube error info: 0, biu error info: 0, aic error mask: 0x6500020bd00028c, para base: 0x12c140177000.[FUNC:PrintCoreInfo][FILE:device_error_core_proc.cc][LINE:645]
(Worker_DP1_TP1_EP3 pid=233943) ERROR 07-27 15:49:06 [multiproc_executor.py:1007]         The extend info: errcode:(0, 0, 0) errorStr: timeout or trap error. fixp_error0 info: 0x3065c70, fixp_error1 info: 0xf6, fsmId:0, tslot:5, thread:0, ctxid:0, blk:0, sublk:0, subErrType:4.[FUNC:PrintCoreInfo][FILE:device_error_core_proc.cc][LINE:658]
(Worker_DP1_TP1_EP3 pid=233943) ERROR 07-27 15:49:06 [multiproc_executor.py:1007]         SDMA memory copy task exception occurred. Remote rank: [0]. Base information: [streamID:[83], taskID[19], taskType[Task AIV], tag[AllReduce_group_name_5], AlgType(level 0-1-2):[ring-ring-ring].]. Task information: [cmdType:[2], tag:[383], size:[43008], numBlocks:[2], rankSize:[2], aivRdmaStep:[-1], flagMem:[0x130f5f200000], isOpbase:[1]
(Worker_DP1_TP1_EP3 pid=233943) ERROR 07-27 15:49:06 [multiproc_executor.py:1007] there are 10 abnormal device(s), only the first 3 devices are listed:
(Worker_DP1_TP1_EP3 pid=233943) ERROR 07-27 15:49:06 [multiproc_executor.py:1007] 	[TaskExecStage][HeartbeatAbnormal]Cluster Exception Location[IP/ID]:[10.10.1.44/2], Arrival Time:[Mon Jul 27 15:47:16 2026], ExceptionType:[Stuck Occurred], Possible Reason:1.Host process is stuck, 2.Device task is stuck
(Worker_DP1_TP1_EP3 pid=233943) ERROR 07-27 15:49:06 [multiproc_executor.py:1007] 	[TaskExecStage][HeartbeatAbnormal]Cluster Exception Location[IP/ID]:[10.10.1.44/15], Arrival Time:[Mon Jul 27 15:47:17 2026], ExceptionType:[Stuck Occurred], Possible Reason:1.Host process is stuck, 2.Device task is stuck
(Worker_DP1_TP1_EP3 pid=233943) ERROR 07-27 15:49:06 [multiproc_executor.py:1007] 	[TaskExecStage][HeartbeatAbnormal]Cluster Exception Location[IP/ID]:[10.10.1.44/7], Arrival Time:[Mon Jul 27 15:47:17 2026], ExceptionType:[Stuck Occurred], Possible Reason:1.Host process is stuck, 2.Device task is stuck
(Worker_DP1_TP1_EP3 pid=233943) ERROR 07-27 15:49:06 [multiproc_executor.py:1007] ]. Communicator information: [].
(Worker_DP1_TP1_EP3 pid=233943) ERROR 07-27 15:49:06 [multiproc_executor.py:1007]         rtStreamSynchronizeWithTimeout execution failed, reason=the model stream execute failed[FUNC:FuncErrorReason][FILE:error_message_manage.cc][LINE:65]
(Worker_DP1_TP1_EP3 pid=233943) ERROR 07-27 15:49:06 [multiproc_executor.py:1007]         synchronize stream with timeout failed, runtime result = 507011[FUNC:ReportCallError][FILE:log_inner.cpp][LINE:148]
(Worker_DP1_TP1_EP3 pid=233943) ERROR 07-27 15:49:06 [multiproc_executor.py:1007] 
(Worker_DP1_TP1_EP3 pid=233943) ERROR 07-27 15:49:06 [multiproc_executor.py:1007] 
(Worker_DP4_TP1_EP9 pid=233940) ERROR 07-27 15:49:06 [multiproc_executor.py:1007] WorkerProc hit an exception.
(Worker_DP4_TP1_EP9 pid=233940) ERROR 07-27 15:49:06 [multiproc_executor.py:1007] Traceback (most recent call last):
(Worker_DP4_TP1_EP9 pid=233940) ERROR 07-27 15:49:06 [multiproc_executor.py:1007]   File "/home/l00838859/cann/my-project/vllm/vllm/v1/executor/multiproc_executor.py", line 999, in worker_busy_loop
(Worker_DP4_TP1_EP9 pid=233940) ERROR 07-27 15:49:06 [multiproc_executor.py:1007]     output = func(*args, **kwargs)
(Worker_DP4_TP1_EP9 pid=233940) ERROR 07-27 15:49:06 [multiproc_executor.py:1007]              ^^^^^^^^^^^^^^^^^^^^^
(Worker_DP4_TP1_EP9 pid=233940) ERROR 07-27 15:49:06 [multiproc_executor.py:1007]   File "/home/l00838859/cann/my-project/vllm/vllm/v1/worker/worker_base.py", line 351, in execute_model
(Worker_DP4_TP1_EP9 pid=233940) ERROR 07-27 15:49:06 [multiproc_executor.py:1007]     return self.worker.execute_model(scheduler_output)
(Worker_DP4_TP1_EP9 pid=233940) ERROR 07-27 15:49:06 [multiproc_executor.py:1007]            ^^^^^^^^^^^^^^^^^^^^^^^^^^^^^^^^^^^^^^^^^^^
(Worker_DP4_TP1_EP9 pid=233940) ERROR 07-27 15:49:06 [multiproc_executor.py:1007]   File "/home/l00838859/cann/my-project/vllm-ascend/vllm_ascend/worker/worker.py", line 685, in execute_model
(Worker_DP4_TP1_EP9 pid=233940) ERROR 07-27 15:49:06 [multiproc_executor.py:1007]     output = self.model_runner.execute_model(scheduler_output, intermediate_tensors)
(Worker_DP4_TP1_EP9 pid=233940) ERROR 07-27 15:49:06 [multiproc_executor.py:1007]              ^^^^^^^^^^^^^^^^^^^^^^^^^^^^^^^^^^^^^^^^^^^^^^^^^^^^^^^^^^^^^^^^^^^^^^^
(Worker_DP4_TP1_EP9 pid=233940) ERROR 07-27 15:49:06 [multiproc_executor.py:1007]   File "/usr/local/lib/python3.11/site-packages/torch/utils/_contextlib.py", line 124, in decorate_context
(Worker_DP4_TP1_EP9 pid=233940) ERROR 07-27 15:49:06 [multiproc_executor.py:1007]     return func(*args, **kwargs)
(Worker_DP4_TP1_EP9 pid=233940) ERROR 07-27 15:49:06 [multiproc_executor.py:1007]            ^^^^^^^^^^^^^^^^^^^^^
(Worker_DP4_TP1_EP9 pid=233940) ERROR 07-27 15:49:06 [multiproc_executor.py:1007]   File "/home/l00838859/cann/my-project/vllm-ascend/vllm_ascend/worker/model_runner_v1.py", line 2346, in execute_model
(Worker_DP4_TP1_EP9 pid=233940) ERROR 07-27 15:49:06 [multiproc_executor.py:1007]     hidden_states = self._model_forward(
(Worker_DP4_TP1_EP9 pid=233940) ERROR 07-27 15:49:06 [multiproc_executor.py:1007]                     ^^^^^^^^^^^^^^^^^^^^
(Worker_DP4_TP1_EP9 pid=233940) ERROR 07-27 15:49:06 [multiproc_executor.py:1007]   File "/home/l00838859/cann/my-project/vllm-ascend/vllm_ascend/worker/model_runner_v1.py", line 2915, in _model_forward
(Worker_DP4_TP1_EP9 pid=233940) ERROR 07-27 15:49:06 [multiproc_executor.py:1007]     hidden_states = run_model()
(Worker_DP4_TP1_EP9 pid=233940) ERROR 07-27 15:49:06 [multiproc_executor.py:1007]                     ^^^^^^^^^^^
(Worker_DP4_TP1_EP9 pid=233940) ERROR 07-27 15:49:06 [multiproc_executor.py:1007]   File "/home/l00838859/cann/my-project/vllm-ascend/vllm_ascend/compilation/acl_graph.py", line 281, in __call__
(Worker_DP4_TP1_EP9 pid=233940) ERROR 07-27 15:49:06 [multiproc_executor.py:1007]     torch.npu.current_stream().synchronize()
(Worker_DP4_TP1_EP9 pid=233940) ERROR 07-27 15:49:06 [multiproc_executor.py:1007]   File "/usr/local/lib/python3.11/site-packages/torch_npu/npu/streams.py", line 85, in synchronize
(Worker_DP4_TP1_EP9 pid=233940) ERROR 07-27 15:49:06 [multiproc_executor.py:1007]     super(Stream, self).synchronize()
(Worker_DP4_TP1_EP9 pid=233940) ERROR 07-27 15:49:06 [multiproc_executor.py:1007] RuntimeError: synchronize:../torch_npu/csrc/core/npu/NPUStream.cpp:361 NPU function error: c10_npu::acl::AclrtSynchronizeStreamWithTimeout(stream()), error code is 507011
(Worker_DP4_TP1_EP9 pid=233940) ERROR 07-27 15:49:06 [multiproc_executor.py:1007] [ERROR] 2026-07-27-15:49:06 (PID:233940, Device:9, RankID:-1) ERR00100 PTA call acl api failed
(Worker_DP4_TP1_EP9 pid=233940) ERROR 07-27 15:49:06 [multiproc_executor.py:1007] [Error]: Model execution failed. 
(Worker_DP4_TP1_EP9 pid=233940) ERROR 07-27 15:49:06 [multiproc_executor.py:1007]         Rectify the fault based on the error information in the ascend log.
(Worker_DP4_TP1_EP9 pid=233940) ERROR 07-27 15:49:06 [multiproc_executor.py:1007] [PID: 233940] 2026-07-27-15:45:00.354.191 Communication_Error_Bind_IP_Port(EI0019): Failed to enable listening for the host network adapter socket. Reason: The IP address 10.10.1.44 and port 65536 have already been bound.
(Worker_DP4_TP1_EP9 pid=233940) ERROR 07-27 15:49:06 [multiproc_executor.py:1007]         Solution: 1. Check whether this port has been occupied by another process. If yes, you can make adjustment using the environment variable HCCL_IF_BASE_PORT and use sysctl -w net.ipv4.ip_local_reserved_ports=****-**** to adjust the scope of reserved ports. 2. Check whether the service process is started multiple times on a device during this service.
(Worker_DP4_TP1_EP9 pid=233940) ERROR 07-27 15:49:06 [multiproc_executor.py:1007]         TraceBack (most recent call last):
(Worker_DP4_TP1_EP9 pid=233940) ERROR 07-27 15:49:06 [multiproc_executor.py:1007]         The error from device(chipId:4, dieId:1), serial number is 19, there is an exception of aivec error, core id is 4, error code = 0, dump info: pc start: 0x12c0de0c3400, current: 0x12c0de12a00c, vec error info: 0xad000030c3, mte error info: 0xf603064c6e, ifu error info: 0x20001bdc5c600, ccu error info: 0xe5f703cc6880003f, cube error info: 0, biu error info: 0, aic error mask: 0x6500020bd00028c, para base: 0x12c141ffa000.[FUNC:PrintCoreInfo][FILE:device_error_core_proc.cc][LINE:645]
(Worker_DP4_TP1_EP9 pid=233940) ERROR 07-27 15:49:06 [multiproc_executor.py:1007]         The extend info: errcode:(0, 0, 0) errorStr: timeout or trap error. fixp_error0 info: 0x3064c6e, fixp_error1 info: 0xf6, fsmId:0, tslot:7, thread:0, ctxid:0, blk:0, sublk:0, subErrType:4.[FUNC:PrintCoreInfo][FILE:device_error_core_proc.cc][LINE:658]
(Worker_DP4_TP1_EP9 pid=233940) ERROR 07-27 15:49:06 [multiproc_executor.py:1007]         SDMA memory copy task exception occurred. Remote rank: [0]. Base information: [streamID:[87], taskID[19], taskType[Task AIV], tag[AllReduce_group_name_11], AlgType(level 0-1-2):[ring-ring-ring].]. Task information: [cmdType:[2], tag:[383], size:[43008], numBlocks:[2], rankSize:[2], aivRdmaStep:[-1], flagMem:[0x130f5f200000], isOpbase:[1]
(Worker_DP4_TP1_EP9 pid=233940) ERROR 07-27 15:49:06 [multiproc_executor.py:1007] there are 8 abnormal device(s), only the first 3 devices are listed:
(Worker_DP4_TP1_EP9 pid=233940) ERROR 07-27 15:49:06 [multiproc_executor.py:1007] 	[TaskExecStage][HeartbeatAbnormal]Cluster Exception Location[IP/ID]:[10.10.1.44/10], Arrival Time:[Mon Jul 27 15:47:16 2026], ExceptionType:[Stuck Occurred], Possible Reason:1.Host process is stuck, 2.Device task is stuck
(Worker_DP4_TP1_EP9 pid=233940) ERROR 07-27 15:49:06 [multiproc_executor.py:1007] 	[TaskExecStage][HeartbeatAbnormal]Cluster Exception Location[IP/ID]:[10.10.1.44/15], Arrival Time:[Mon Jul 27 15:47:16 2026], ExceptionType:[Stuck Occurred], Possible Reason:1.Host process is stuck, 2.Device task is stuck
(Worker_DP4_TP1_EP9 pid=233940) ERROR 07-27 15:49:06 [multiproc_executor.py:1007] 	[TaskExecStage][HeartbeatAbnormal]Cluster Exception Location[IP/ID]:[10.10.1.44/8], Arrival Time:[Mon Jul 27 15:47:17 2026], ExceptionType:[Stuck Occurred], Possible Reason:1.Host process is stuck, 2.Device task is stuck
(Worker_DP4_TP1_EP9 pid=233940) ERROR 07-27 15:49:06 [multiproc_executor.py:1007] ]. Communicator information: [].
(Worker_DP4_TP1_EP9 pid=233940) ERROR 07-27 15:49:06 [multiproc_executor.py:1007]         rtStreamSynchronizeWithTimeout execution failed, reason=the model stream execute failed[FUNC:FuncErrorReason][FILE:error_message_manage.cc][LINE:65]
(Worker_DP4_TP1_EP9 pid=233940) ERROR 07-27 15:49:06 [multiproc_executor.py:1007]         synchronize stream with timeout failed, runtime result = 507011[FUNC:ReportCallError][FILE:log_inner.cpp][LINE:148]
(Worker_DP4_TP1_EP9 pid=233940) ERROR 07-27 15:49:06 [multiproc_executor.py:1007] 
(Worker_DP4_TP1_EP9 pid=233940) ERROR 07-27 15:49:06 [multiproc_executor.py:1007] Traceback (most recent call last):
(Worker_DP4_TP1_EP9 pid=233940) ERROR 07-27 15:49:06 [multiproc_executor.py:1007]   File "/home/l00838859/cann/my-project/vllm/vllm/v1/executor/multiproc_executor.py", line 999, in worker_busy_loop
(Worker_DP4_TP1_EP9 pid=233940) ERROR 07-27 15:49:06 [multiproc_executor.py:1007]     output = func(*args, **kwargs)
(Worker_DP4_TP1_EP9 pid=233940) ERROR 07-27 15:49:06 [multiproc_executor.py:1007]              ^^^^^^^^^^^^^^^^^^^^^
(Worker_DP4_TP1_EP9 pid=233940) ERROR 07-27 15:49:06 [multiproc_executor.py:1007]   File "/home/l00838859/cann/my-project/vllm/vllm/v1/worker/worker_base.py", line 351, in execute_model
(Worker_DP4_TP1_EP9 pid=233940) ERROR 07-27 15:49:06 [multiproc_executor.py:1007]     return self.worker.execute_model(scheduler_output)
(Worker_DP4_TP1_EP9 pid=233940) ERROR 07-27 15:49:06 [multiproc_executor.py:1007]            ^^^^^^^^^^^^^^^^^^^^^^^^^^^^^^^^^^^^^^^^^^^
(Worker_DP4_TP1_EP9 pid=233940) ERROR 07-27 15:49:06 [multiproc_executor.py:1007]   File "/home/l00838859/cann/my-project/vllm-ascend/vllm_ascend/worker/worker.py", line 685, in execute_model
(Worker_DP4_TP1_EP9 pid=233940) ERROR 07-27 15:49:06 [multiproc_executor.py:1007]     output = self.model_runner.execute_model(scheduler_output, intermediate_tensors)
(Worker_DP4_TP1_EP9 pid=233940) ERROR 07-27 15:49:06 [multiproc_executor.py:1007]              ^^^^^^^^^^^^^^^^^^^^^^^^^^^^^^^^^^^^^^^^^^^^^^^^^^^^^^^^^^^^^^^^^^^^^^^
(Worker_DP4_TP1_EP9 pid=233940) ERROR 07-27 15:49:06 [multiproc_executor.py:1007]   File "/usr/local/lib/python3.11/site-packages/torch/utils/_contextlib.py", line 124, in decorate_context
(Worker_DP4_TP1_EP9 pid=233940) ERROR 07-27 15:49:06 [multiproc_executor.py:1007]     return func(*args, **kwargs)
(Worker_DP4_TP1_EP9 pid=233940) ERROR 07-27 15:49:06 [multiproc_executor.py:1007]            ^^^^^^^^^^^^^^^^^^^^^
(Worker_DP4_TP1_EP9 pid=233940) ERROR 07-27 15:49:06 [multiproc_executor.py:1007]   File "/home/l00838859/cann/my-project/vllm-ascend/vllm_ascend/worker/model_runner_v1.py", line 2346, in execute_model
(Worker_DP4_TP1_EP9 pid=233940) ERROR 07-27 15:49:06 [multiproc_executor.py:1007]     hidden_states = self._model_forward(
(Worker_DP4_TP1_EP9 pid=233940) ERROR 07-27 15:49:06 [multiproc_executor.py:1007]                     ^^^^^^^^^^^^^^^^^^^^
(Worker_DP4_TP1_EP9 pid=233940) ERROR 07-27 15:49:06 [multiproc_executor.py:1007]   File "/home/l00838859/cann/my-project/vllm-ascend/vllm_ascend/worker/model_runner_v1.py", line 2915, in _model_forward
(Worker_DP4_TP1_EP9 pid=233940) ERROR 07-27 15:49:06 [multiproc_executor.py:1007]     hidden_states = run_model()
(Worker_DP4_TP1_EP9 pid=233940) ERROR 07-27 15:49:06 [multiproc_executor.py:1007]                     ^^^^^^^^^^^
(Worker_DP4_TP1_EP9 pid=233940) ERROR 07-27 15:49:06 [multiproc_executor.py:1007]   File "/home/l00838859/cann/my-project/vllm-ascend/vllm_ascend/compilation/acl_graph.py", line 281, in __call__
(Worker_DP4_TP1_EP9 pid=233940) ERROR 07-27 15:49:06 [multiproc_executor.py:1007]     torch.npu.current_stream().synchronize()
(Worker_DP4_TP1_EP9 pid=233940) ERROR 07-27 15:49:06 [multiproc_executor.py:1007]   File "/usr/local/lib/python3.11/site-packages/torch_npu/npu/streams.py", line 85, in synchronize
(Worker_DP4_TP1_EP9 pid=233940) ERROR 07-27 15:49:06 [multiproc_executor.py:1007]     super(Stream, self).synchronize()
(Worker_DP4_TP1_EP9 pid=233940) ERROR 07-27 15:49:06 [multiproc_executor.py:1007] RuntimeError: synchronize:../torch_npu/csrc/core/npu/NPUStream.cpp:361 NPU function error: c10_npu::acl::AclrtSynchronizeStreamWithTimeout(stream()), error code is 507011
(Worker_DP4_TP1_EP9 pid=233940) ERROR 07-27 15:49:06 [multiproc_executor.py:1007] [ERROR] 2026-07-27-15:49:06 (PID:233940, Device:9, RankID:-1) ERR00100 PTA call acl api failed
(Worker_DP4_TP1_EP9 pid=233940) ERROR 07-27 15:49:06 [multiproc_executor.py:1007] [Error]: Model execution failed. 
(Worker_DP4_TP1_EP9 pid=233940) ERROR 07-27 15:49:06 [multiproc_executor.py:1007]         Rectify the fault based on the error information in the ascend log.
(Worker_DP4_TP1_EP9 pid=233940) ERROR 07-27 15:49:06 [multiproc_executor.py:1007] [PID: 233940] 2026-07-27-15:45:00.354.191 Communication_Error_Bind_IP_Port(EI0019): Failed to enable listening for the host network adapter socket. Reason: The IP address 10.10.1.44 and port 65536 have already been bound.
(Worker_DP4_TP1_EP9 pid=233940) ERROR 07-27 15:49:06 [multiproc_executor.py:1007]         Solution: 1. Check whether this port has been occupied by another process. If yes, you can make adjustment using the environment variable HCCL_IF_BASE_PORT and use sysctl -w net.ipv4.ip_local_reserved_ports=****-**** to adjust the scope of reserved ports. 2. Check whether the service process is started multiple times on a device during this service.
(Worker_DP4_TP1_EP9 pid=233940) ERROR 07-27 15:49:06 [multiproc_executor.py:1007]         TraceBack (most recent call last):
(Worker_DP4_TP1_EP9 pid=233940) ERROR 07-27 15:49:06 [multiproc_executor.py:1007]         The error from device(chipId:4, dieId:1), serial number is 19, there is an exception of aivec error, core id is 4, error code = 0, dump info: pc start: 0x12c0de0c3400, current: 0x12c0de12a00c, vec error info: 0xad000030c3, mte error info: 0xf603064c6e, ifu error info: 0x20001bdc5c600, ccu error info: 0xe5f703cc6880003f, cube error info: 0, biu error info: 0, aic error mask: 0x6500020bd00028c, para base: 0x12c141ffa000.[FUNC:PrintCoreInfo][FILE:device_error_core_proc.cc][LINE:645]
(Worker_DP4_TP1_EP9 pid=233940) ERROR 07-27 15:49:06 [multiproc_executor.py:1007]         The extend info: errcode:(0, 0, 0) errorStr: timeout or trap error. fixp_error0 info: 0x3064c6e, fixp_error1 info: 0xf6, fsmId:0, tslot:7, thread:0, ctxid:0, blk:0, sublk:0, subErrType:4.[FUNC:PrintCoreInfo][FILE:device_error_core_proc.cc][LINE:658]
(Worker_DP4_TP1_EP9 pid=233940) ERROR 07-27 15:49:06 [multiproc_executor.py:1007]         SDMA memory copy task exception occurred. Remote rank: [0]. Base information: [streamID:[87], taskID[19], taskType[Task AIV], tag[AllReduce_group_name_11], AlgType(level 0-1-2):[ring-ring-ring].]. Task information: [cmdType:[2], tag:[383], size:[43008], numBlocks:[2], rankSize:[2], aivRdmaStep:[-1], flagMem:[0x130f5f200000], isOpbase:[1]
(Worker_DP4_TP1_EP9 pid=233940) ERROR 07-27 15:49:06 [multiproc_executor.py:1007] there are 8 abnormal device(s), only the first 3 devices are listed:
(Worker_DP4_TP1_EP9 pid=233940) ERROR 07-27 15:49:06 [multiproc_executor.py:1007] 	[TaskExecStage][HeartbeatAbnormal]Cluster Exception Location[IP/ID]:[10.10.1.44/10], Arrival Time:[Mon Jul 27 15:47:16 2026], ExceptionType:[Stuck Occurred], Possible Reason:1.Host process is stuck, 2.Device task is stuck
(Worker_DP4_TP1_EP9 pid=233940) ERROR 07-27 15:49:06 [multiproc_executor.py:1007] 	[TaskExecStage][HeartbeatAbnormal]Cluster Exception Location[IP/ID]:[10.10.1.44/15], Arrival Time:[Mon Jul 27 15:47:16 2026], ExceptionType:[Stuck Occurred], Possible Reason:1.Host process is stuck, 2.Device task is stuck
(Worker_DP4_TP1_EP9 pid=233940) ERROR 07-27 15:49:06 [multiproc_executor.py:1007] 	[TaskExecStage][HeartbeatAbnormal]Cluster Exception Location[IP/ID]:[10.10.1.44/8], Arrival Time:[Mon Jul 27 15:47:17 2026], ExceptionType:[Stuck Occurred], Possible Reason:1.Host process is stuck, 2.Device task is stuck
(Worker_DP4_TP1_EP9 pid=233940) ERROR 07-27 15:49:06 [multiproc_executor.py:1007] ]. Communicator information: [].
(Worker_DP4_TP1_EP9 pid=233940) ERROR 07-27 15:49:06 [multiproc_executor.py:1007]         rtStreamSynchronizeWithTimeout execution failed, reason=the model stream execute failed[FUNC:FuncErrorReason][FILE:error_message_manage.cc][LINE:65]
(Worker_DP4_TP1_EP9 pid=233940) ERROR 07-27 15:49:06 [multiproc_executor.py:1007]         synchronize stream with timeout failed, runtime result = 507011[FUNC:ReportCallError][FILE:log_inner.cpp][LINE:148]
(Worker_DP4_TP1_EP9 pid=233940) ERROR 07-27 15:49:06 [multiproc_executor.py:1007] 
(Worker_DP4_TP1_EP9 pid=233940) ERROR 07-27 15:49:06 [multiproc_executor.py:1007] 
(Worker_DP0_TP1_EP1 pid=233907) ERROR 07-27 15:49:06 [multiproc_executor.py:1007] WorkerProc hit an exception.
(Worker_DP0_TP1_EP1 pid=233907) ERROR 07-27 15:49:06 [multiproc_executor.py:1007] Traceback (most recent call last):
(Worker_DP0_TP1_EP1 pid=233907) ERROR 07-27 15:49:06 [multiproc_executor.py:1007]   File "/home/l00838859/cann/my-project/vllm/vllm/v1/executor/multiproc_executor.py", line 999, in worker_busy_loop
(Worker_DP0_TP1_EP1 pid=233907) ERROR 07-27 15:49:06 [multiproc_executor.py:1007]     output = func(*args, **kwargs)
(Worker_DP0_TP1_EP1 pid=233907) ERROR 07-27 15:49:06 [multiproc_executor.py:1007]              ^^^^^^^^^^^^^^^^^^^^^
(Worker_DP0_TP1_EP1 pid=233907) ERROR 07-27 15:49:06 [multiproc_executor.py:1007]   File "/home/l00838859/cann/my-project/vllm/vllm/v1/worker/worker_base.py", line 351, in execute_model
(Worker_DP0_TP1_EP1 pid=233907) ERROR 07-27 15:49:06 [multiproc_executor.py:1007]     return self.worker.execute_model(scheduler_output)
(Worker_DP0_TP1_EP1 pid=233907) ERROR 07-27 15:49:06 [multiproc_executor.py:1007]            ^^^^^^^^^^^^^^^^^^^^^^^^^^^^^^^^^^^^^^^^^^^
(Worker_DP0_TP1_EP1 pid=233907) ERROR 07-27 15:49:06 [multiproc_executor.py:1007]   File "/home/l00838859/cann/my-project/vllm-ascend/vllm_ascend/worker/worker.py", line 685, in execute_model
(Worker_DP0_TP1_EP1 pid=233907) ERROR 07-27 15:49:06 [multiproc_executor.py:1007]     output = self.model_runner.execute_model(scheduler_output, intermediate_tensors)
(Worker_DP0_TP1_EP1 pid=233907) ERROR 07-27 15:49:06 [multiproc_executor.py:1007]              ^^^^^^^^^^^^^^^^^^^^^^^^^^^^^^^^^^^^^^^^^^^^^^^^^^^^^^^^^^^^^^^^^^^^^^^
(Worker_DP0_TP1_EP1 pid=233907) ERROR 07-27 15:49:06 [multiproc_executor.py:1007]   File "/usr/local/lib/python3.11/site-packages/torch/utils/_contextlib.py", line 124, in decorate_context
(Worker_DP0_TP1_EP1 pid=233907) ERROR 07-27 15:49:06 [multiproc_executor.py:1007]     return func(*args, **kwargs)
(Worker_DP0_TP1_EP1 pid=233907) ERROR 07-27 15:49:06 [multiproc_executor.py:1007]            ^^^^^^^^^^^^^^^^^^^^^
(Worker_DP0_TP1_EP1 pid=233907) ERROR 07-27 15:49:06 [multiproc_executor.py:1007]   File "/home/l00838859/cann/my-project/vllm-ascend/vllm_ascend/worker/model_runner_v1.py", line 2346, in execute_model
(Worker_DP0_TP1_EP1 pid=233907) ERROR 07-27 15:49:06 [multiproc_executor.py:1007]     hidden_states = self._model_forward(
(Worker_DP0_TP1_EP1 pid=233907) ERROR 07-27 15:49:06 [multiproc_executor.py:1007]                     ^^^^^^^^^^^^^^^^^^^^
(Worker_DP0_TP1_EP1 pid=233907) ERROR 07-27 15:49:06 [multiproc_executor.py:1007]   File "/home/l00838859/cann/my-project/vllm-ascend/vllm_ascend/worker/model_runner_v1.py", line 2915, in _model_forward
(Worker_DP0_TP1_EP1 pid=233907) ERROR 07-27 15:49:06 [multiproc_executor.py:1007]     hidden_states = run_model()
(Worker_DP0_TP1_EP1 pid=233907) ERROR 07-27 15:49:06 [multiproc_executor.py:1007]                     ^^^^^^^^^^^
(Worker_DP0_TP1_EP1 pid=233907) ERROR 07-27 15:49:06 [multiproc_executor.py:1007]   File "/home/l00838859/cann/my-project/vllm-ascend/vllm_ascend/compilation/acl_graph.py", line 281, in __call__
(Worker_DP0_TP1_EP1 pid=233907) ERROR 07-27 15:49:06 [multiproc_executor.py:1007]     torch.npu.current_stream().synchronize()
(Worker_DP0_TP1_EP1 pid=233907) ERROR 07-27 15:49:06 [multiproc_executor.py:1007]   File "/usr/local/lib/python3.11/site-packages/torch_npu/npu/streams.py", line 85, in synchronize
(Worker_DP0_TP1_EP1 pid=233907) ERROR 07-27 15:49:06 [multiproc_executor.py:1007]     super(Stream, self).synchronize()
(Worker_DP0_TP1_EP1 pid=233907) ERROR 07-27 15:49:06 [multiproc_executor.py:1007] RuntimeError: synchronize:../torch_npu/csrc/core/npu/NPUStream.cpp:361 NPU function error: c10_npu::acl::AclrtSynchronizeStreamWithTimeout(stream()), error code is 507011
(Worker_DP0_TP1_EP1 pid=233907) ERROR 07-27 15:49:06 [multiproc_executor.py:1007] [ERROR] 2026-07-27-15:49:06 (PID:233907, Device:1, RankID:-1) ERR00100 PTA call acl api failed
(Worker_DP0_TP1_EP1 pid=233907) ERROR 07-27 15:49:06 [multiproc_executor.py:1007] [Error]: Model execution failed. 
(Worker_DP0_TP1_EP1 pid=233907) ERROR 07-27 15:49:06 [multiproc_executor.py:1007]         Rectify the fault based on the error information in the ascend log.
(Worker_DP0_TP1_EP1 pid=233907) ERROR 07-27 15:49:06 [multiproc_executor.py:1007] [PID: 233907] 2026-07-27-15:45:00.514.423 Communication_Error_Bind_IP_Port(EI0019): Failed to enable listening for the host network adapter socket. Reason: The IP address 10.10.1.44 and port 65536 have already been bound.
(Worker_DP0_TP1_EP1 pid=233907) ERROR 07-27 15:49:06 [multiproc_executor.py:1007]         Solution: 1. Check whether this port has been occupied by another process. If yes, you can make adjustment using the environment variable HCCL_IF_BASE_PORT and use sysctl -w net.ipv4.ip_local_reserved_ports=****-**** to adjust the scope of reserved ports. 2. Check whether the service process is started multiple times on a device during this service.
(Worker_DP0_TP1_EP1 pid=233907) ERROR 07-27 15:49:06 [multiproc_executor.py:1007]         TraceBack (most recent call last):
(Worker_DP0_TP1_EP1 pid=233907) ERROR 07-27 15:49:06 [multiproc_executor.py:1007]         The error from device(chipId:0, dieId:1), serial number is 17, there is an exception of aivec error, core id is 15, error code = 0, dump info: pc start: 0x12c0de0c3400, current: 0x12c0de12a00c, vec error info: 0xad00000cfe, mte error info: 0x4e060000c7, ifu error info: 0x20001bdc5c500, ccu error info: 0xe2c119e06880003f, cube error info: 0, biu error info: 0, aic error mask: 0x6500020bd00028c, para base: 0x12c140137000.[FUNC:PrintCoreInfo][FILE:device_error_core_proc.cc][LINE:645]
(Worker_DP0_TP1_EP1 pid=233907) ERROR 07-27 15:49:06 [multiproc_executor.py:1007]         The extend info: errcode:(0, 0, 0) errorStr: timeout or trap error. fixp_error0 info: 0x60000c7, fixp_error1 info: 0x4e, fsmId:1, tslot:5, thread:0, ctxid:0, blk:0, sublk:0, subErrType:4.[FUNC:PrintCoreInfo][FILE:device_error_core_proc.cc][LINE:658]
(Worker_DP0_TP1_EP1 pid=233907) ERROR 07-27 15:49:06 [multiproc_executor.py:1007]         SDMA memory copy task exception occurred. Remote rank: [0]. Base information: [streamID:[1986], taskID[19], taskType[Task AIV], tag[AllReduce_group_name_3], AlgType(level 0-1-2):[ring-ring-ring].]. Task information: [cmdType:[2], tag:[383], size:[43008], numBlocks:[2], rankSize:[2], aivRdmaStep:[-1], flagMem:[0x130f5f200000], isOpbase:[1]
(Worker_DP0_TP1_EP1 pid=233907) ERROR 07-27 15:49:06 [multiproc_executor.py:1007] there are 10 abnormal device(s), only the first 3 devices are listed:
(Worker_DP0_TP1_EP1 pid=233907) ERROR 07-27 15:49:06 [multiproc_executor.py:1007] 	[TaskExecStage][HeartbeatAbnormal]Cluster Exception Location[IP/ID]:[10.10.1.44/2], Arrival Time:[Mon Jul 27 15:47:16 2026], ExceptionType:[Stuck Occurred], Possible Reason:1.Host process is stuck, 2.Device task is stuck
(Worker_DP0_TP1_EP1 pid=233907) ERROR 07-27 15:49:06 [multiproc_executor.py:1007] 	[TaskExecStage][HeartbeatAbnormal]Cluster Exception Location[IP/ID]:[10.10.1.44/10], Arrival Time:[Mon Jul 27 15:47:17 2026], ExceptionType:[Stuck Occurred], Possible Reason:1.Host process is stuck, 2.Device task is stuck
(Worker_DP0_TP1_EP1 pid=233907) ERROR 07-27 15:49:06 [multiproc_executor.py:1007] 	[TaskExecStage][HeartbeatAbnormal]Cluster Exception Location[IP/ID]:[10.10.1.44/15], Arrival Time:[Mon Jul 27 15:47:17 2026], ExceptionType:[Stuck Occurred], Possible Reason:1.Host process is stuck, 2.Device task is stuck
(Worker_DP0_TP1_EP1 pid=233907) ERROR 07-27 15:49:06 [multiproc_executor.py:1007] ]. Communicator information: [].
(Worker_DP0_TP1_EP1 pid=233907) ERROR 07-27 15:49:06 [multiproc_executor.py:1007]         rtStreamSynchronizeWithTimeout execution failed, reason=the model stream execute failed[FUNC:FuncErrorReason][FILE:error_message_manage.cc][LINE:65]
(Worker_DP0_TP1_EP1 pid=233907) ERROR 07-27 15:49:06 [multiproc_executor.py:1007]         synchronize stream with timeout failed, runtime result = 507011[FUNC:ReportCallError][FILE:log_inner.cpp][LINE:148]
(Worker_DP0_TP1_EP1 pid=233907) ERROR 07-27 15:49:06 [multiproc_executor.py:1007] 
(Worker_DP0_TP1_EP1 pid=233907) ERROR 07-27 15:49:06 [multiproc_executor.py:1007] Traceback (most recent call last):
(Worker_DP0_TP1_EP1 pid=233907) ERROR 07-27 15:49:06 [multiproc_executor.py:1007]   File "/home/l00838859/cann/my-project/vllm/vllm/v1/executor/multiproc_executor.py", line 999, in worker_busy_loop
(Worker_DP0_TP1_EP1 pid=233907) ERROR 07-27 15:49:06 [multiproc_executor.py:1007]     output = func(*args, **kwargs)
(Worker_DP0_TP1_EP1 pid=233907) ERROR 07-27 15:49:06 [multiproc_executor.py:1007]              ^^^^^^^^^^^^^^^^^^^^^
(Worker_DP0_TP1_EP1 pid=233907) ERROR 07-27 15:49:06 [multiproc_executor.py:1007]   File "/home/l00838859/cann/my-project/vllm/vllm/v1/worker/worker_base.py", line 351, in execute_model
(Worker_DP0_TP1_EP1 pid=233907) ERROR 07-27 15:49:06 [multiproc_executor.py:1007]     return self.worker.execute_model(scheduler_output)
(Worker_DP0_TP1_EP1 pid=233907) ERROR 07-27 15:49:06 [multiproc_executor.py:1007]            ^^^^^^^^^^^^^^^^^^^^^^^^^^^^^^^^^^^^^^^^^^^
(Worker_DP0_TP1_EP1 pid=233907) ERROR 07-27 15:49:06 [multiproc_executor.py:1007]   File "/home/l00838859/cann/my-project/vllm-ascend/vllm_ascend/worker/worker.py", line 685, in execute_model
(Worker_DP0_TP1_EP1 pid=233907) ERROR 07-27 15:49:06 [multiproc_executor.py:1007]     output = self.model_runner.execute_model(scheduler_output, intermediate_tensors)
(Worker_DP0_TP1_EP1 pid=233907) ERROR 07-27 15:49:06 [multiproc_executor.py:1007]              ^^^^^^^^^^^^^^^^^^^^^^^^^^^^^^^^^^^^^^^^^^^^^^^^^^^^^^^^^^^^^^^^^^^^^^^
(Worker_DP0_TP1_EP1 pid=233907) ERROR 07-27 15:49:06 [multiproc_executor.py:1007]   File "/usr/local/lib/python3.11/site-packages/torch/utils/_contextlib.py", line 124, in decorate_context
(Worker_DP0_TP1_EP1 pid=233907) ERROR 07-27 15:49:06 [multiproc_executor.py:1007]     return func(*args, **kwargs)
(Worker_DP0_TP1_EP1 pid=233907) ERROR 07-27 15:49:06 [multiproc_executor.py:1007]            ^^^^^^^^^^^^^^^^^^^^^
(Worker_DP0_TP1_EP1 pid=233907) ERROR 07-27 15:49:06 [multiproc_executor.py:1007]   File "/home/l00838859/cann/my-project/vllm-ascend/vllm_ascend/worker/model_runner_v1.py", line 2346, in execute_model
(Worker_DP0_TP1_EP1 pid=233907) ERROR 07-27 15:49:06 [multiproc_executor.py:1007]     hidden_states = self._model_forward(
(Worker_DP0_TP1_EP1 pid=233907) ERROR 07-27 15:49:06 [multiproc_executor.py:1007]                     ^^^^^^^^^^^^^^^^^^^^
(Worker_DP0_TP1_EP1 pid=233907) ERROR 07-27 15:49:06 [multiproc_executor.py:1007]   File "/home/l00838859/cann/my-project/vllm-ascend/vllm_ascend/worker/model_runner_v1.py", line 2915, in _model_forward
(Worker_DP0_TP1_EP1 pid=233907) ERROR 07-27 15:49:06 [multiproc_executor.py:1007]     hidden_states = run_model()
(Worker_DP0_TP1_EP1 pid=233907) ERROR 07-27 15:49:06 [multiproc_executor.py:1007]                     ^^^^^^^^^^^
(Worker_DP0_TP1_EP1 pid=233907) ERROR 07-27 15:49:06 [multiproc_executor.py:1007]   File "/home/l00838859/cann/my-project/vllm-ascend/vllm_ascend/compilation/acl_graph.py", line 281, in __call__
(Worker_DP0_TP1_EP1 pid=233907) ERROR 07-27 15:49:06 [multiproc_executor.py:1007]     torch.npu.current_stream().synchronize()
(Worker_DP0_TP1_EP1 pid=233907) ERROR 07-27 15:49:06 [multiproc_executor.py:1007]   File "/usr/local/lib/python3.11/site-packages/torch_npu/npu/streams.py", line 85, in synchronize
(Worker_DP0_TP1_EP1 pid=233907) ERROR 07-27 15:49:06 [multiproc_executor.py:1007]     super(Stream, self).synchronize()
(Worker_DP0_TP1_EP1 pid=233907) ERROR 07-27 15:49:06 [multiproc_executor.py:1007] RuntimeError: synchronize:../torch_npu/csrc/core/npu/NPUStream.cpp:361 NPU function error: c10_npu::acl::AclrtSynchronizeStreamWithTimeout(stream()), error code is 507011
(Worker_DP0_TP1_EP1 pid=233907) ERROR 07-27 15:49:06 [multiproc_executor.py:1007] [ERROR] 2026-07-27-15:49:06 (PID:233907, Device:1, RankID:-1) ERR00100 PTA call acl api failed
(Worker_DP0_TP1_EP1 pid=233907) ERROR 07-27 15:49:06 [multiproc_executor.py:1007] [Error]: Model execution failed. 
(Worker_DP0_TP1_EP1 pid=233907) ERROR 07-27 15:49:06 [multiproc_executor.py:1007]         Rectify the fault based on the error information in the ascend log.
(Worker_DP0_TP1_EP1 pid=233907) ERROR 07-27 15:49:06 [multiproc_executor.py:1007] [PID: 233907] 2026-07-27-15:45:00.514.423 Communication_Error_Bind_IP_Port(EI0019): Failed to enable listening for the host network adapter socket. Reason: The IP address 10.10.1.44 and port 65536 have already been bound.
(Worker_DP0_TP1_EP1 pid=233907) ERROR 07-27 15:49:06 [multiproc_executor.py:1007]         Solution: 1. Check whether this port has been occupied by another process. If yes, you can make adjustment using the environment variable HCCL_IF_BASE_PORT and use sysctl -w net.ipv4.ip_local_reserved_ports=****-**** to adjust the scope of reserved ports. 2. Check whether the service process is started multiple times on a device during this service.
(Worker_DP0_TP1_EP1 pid=233907) ERROR 07-27 15:49:06 [multiproc_executor.py:1007]         TraceBack (most recent call last):
(Worker_DP0_TP1_EP1 pid=233907) ERROR 07-27 15:49:06 [multiproc_executor.py:1007]         The error from device(chipId:0, dieId:1), serial number is 17, there is an exception of aivec error, core id is 15, error code = 0, dump info: pc start: 0x12c0de0c3400, current: 0x12c0de12a00c, vec error info: 0xad00000cfe, mte error info: 0x4e060000c7, ifu error info: 0x20001bdc5c500, ccu error info: 0xe2c119e06880003f, cube error info: 0, biu error info: 0, aic error mask: 0x6500020bd00028c, para base: 0x12c140137000.[FUNC:PrintCoreInfo][FILE:device_error_core_proc.cc][LINE:645]
(Worker_DP0_TP1_EP1 pid=233907) ERROR 07-27 15:49:06 [multiproc_executor.py:1007]         The extend info: errcode:(0, 0, 0) errorStr: timeout or trap error. fixp_error0 info: 0x60000c7, fixp_error1 info: 0x4e, fsmId:1, tslot:5, thread:0, ctxid:0, blk:0, sublk:0, subErrType:4.[FUNC:PrintCoreInfo][FILE:device_error_core_proc.cc][LINE:658]
(Worker_DP0_TP1_EP1 pid=233907) ERROR 07-27 15:49:06 [multiproc_executor.py:1007]         SDMA memory copy task exception occurred. Remote rank: [0]. Base information: [streamID:[1986], taskID[19], taskType[Task AIV], tag[AllReduce_group_name_3], AlgType(level 0-1-2):[ring-ring-ring].]. Task information: [cmdType:[2], tag:[383], size:[43008], numBlocks:[2], rankSize:[2], aivRdmaStep:[-1], flagMem:[0x130f5f200000], isOpbase:[1]
(Worker_DP0_TP1_EP1 pid=233907) ERROR 07-27 15:49:06 [multiproc_executor.py:1007] there are 10 abnormal device(s), only the first 3 devices are listed:
(Worker_DP0_TP1_EP1 pid=233907) ERROR 07-27 15:49:06 [multiproc_executor.py:1007] 	[TaskExecStage][HeartbeatAbnormal]Cluster Exception Location[IP/ID]:[10.10.1.44/2], Arrival Time:[Mon Jul 27 15:47:16 2026], ExceptionType:[Stuck Occurred], Possible Reason:1.Host process is stuck, 2.Device task is stuck
(Worker_DP0_TP1_EP1 pid=233907) ERROR 07-27 15:49:06 [multiproc_executor.py:1007] 	[TaskExecStage][HeartbeatAbnormal]Cluster Exception Location[IP/ID]:[10.10.1.44/10], Arrival Time:[Mon Jul 27 15:47:17 2026], ExceptionType:[Stuck Occurred], Possible Reason:1.Host process is stuck, 2.Device task is stuck
(Worker_DP0_TP1_EP1 pid=233907) ERROR 07-27 15:49:06 [multiproc_executor.py:1007] 	[TaskExecStage][HeartbeatAbnormal]Cluster Exception Location[IP/ID]:[10.10.1.44/15], Arrival Time:[Mon Jul 27 15:47:17 2026], ExceptionType:[Stuck Occurred], Possible Reason:1.Host process is stuck, 2.Device task is stuck
(Worker_DP0_TP1_EP1 pid=233907) ERROR 07-27 15:49:06 [multiproc_executor.py:1007] ]. Communicator information: [].
(Worker_DP0_TP1_EP1 pid=233907) ERROR 07-27 15:49:06 [multiproc_executor.py:1007]         rtStreamSynchronizeWithTimeout execution failed, reason=the model stream execute failed[FUNC:FuncErrorReason][FILE:error_message_manage.cc][LINE:65]
(Worker_DP0_TP1_EP1 pid=233907) ERROR 07-27 15:49:06 [multiproc_executor.py:1007]         synchronize stream with timeout failed, runtime result = 507011[FUNC:ReportCallError][FILE:log_inner.cpp][LINE:148]
(Worker_DP0_TP1_EP1 pid=233907) ERROR 07-27 15:49:06 [multiproc_executor.py:1007] 
(Worker_DP0_TP1_EP1 pid=233907) ERROR 07-27 15:49:06 [multiproc_executor.py:1007] 
(Worker_DP2_TP1_EP5 pid=233918) ERROR 07-27 15:49:06 [multiproc_executor.py:1007] WorkerProc hit an exception.
(Worker_DP2_TP1_EP5 pid=233918) ERROR 07-27 15:49:06 [multiproc_executor.py:1007] Traceback (most recent call last):
(Worker_DP2_TP1_EP5 pid=233918) ERROR 07-27 15:49:06 [multiproc_executor.py:1007]   File "/home/l00838859/cann/my-project/vllm/vllm/v1/executor/multiproc_executor.py", line 999, in worker_busy_loop
(Worker_DP2_TP1_EP5 pid=233918) ERROR 07-27 15:49:06 [multiproc_executor.py:1007]     output = func(*args, **kwargs)
(Worker_DP2_TP1_EP5 pid=233918) ERROR 07-27 15:49:06 [multiproc_executor.py:1007]              ^^^^^^^^^^^^^^^^^^^^^
(Worker_DP2_TP1_EP5 pid=233918) ERROR 07-27 15:49:06 [multiproc_executor.py:1007]   File "/home/l00838859/cann/my-project/vllm/vllm/v1/worker/worker_base.py", line 351, in execute_model
(Worker_DP2_TP1_EP5 pid=233918) ERROR 07-27 15:49:06 [multiproc_executor.py:1007]     return self.worker.execute_model(scheduler_output)
(Worker_DP2_TP1_EP5 pid=233918) ERROR 07-27 15:49:06 [multiproc_executor.py:1007]            ^^^^^^^^^^^^^^^^^^^^^^^^^^^^^^^^^^^^^^^^^^^
(Worker_DP2_TP1_EP5 pid=233918) ERROR 07-27 15:49:06 [multiproc_executor.py:1007]   File "/home/l00838859/cann/my-project/vllm-ascend/vllm_ascend/worker/worker.py", line 685, in execute_model
(Worker_DP2_TP1_EP5 pid=233918) ERROR 07-27 15:49:06 [multiproc_executor.py:1007]     output = self.model_runner.execute_model(scheduler_output, intermediate_tensors)
(Worker_DP2_TP1_EP5 pid=233918) ERROR 07-27 15:49:06 [multiproc_executor.py:1007]              ^^^^^^^^^^^^^^^^^^^^^^^^^^^^^^^^^^^^^^^^^^^^^^^^^^^^^^^^^^^^^^^^^^^^^^^
(Worker_DP2_TP1_EP5 pid=233918) ERROR 07-27 15:49:06 [multiproc_executor.py:1007]   File "/usr/local/lib/python3.11/site-packages/torch/utils/_contextlib.py", line 124, in decorate_context
(Worker_DP2_TP1_EP5 pid=233918) ERROR 07-27 15:49:06 [multiproc_executor.py:1007]     return func(*args, **kwargs)
(Worker_DP2_TP1_EP5 pid=233918) ERROR 07-27 15:49:06 [multiproc_executor.py:1007]            ^^^^^^^^^^^^^^^^^^^^^
(Worker_DP2_TP1_EP5 pid=233918) ERROR 07-27 15:49:06 [multiproc_executor.py:1007]   File "/home/l00838859/cann/my-project/vllm-ascend/vllm_ascend/worker/model_runner_v1.py", line 2346, in execute_model
(Worker_DP2_TP1_EP5 pid=233918) ERROR 07-27 15:49:06 [multiproc_executor.py:1007]     hidden_states = self._model_forward(
(Worker_DP2_TP1_EP5 pid=233918) ERROR 07-27 15:49:06 [multiproc_executor.py:1007]                     ^^^^^^^^^^^^^^^^^^^^
(Worker_DP2_TP1_EP5 pid=233918) ERROR 07-27 15:49:06 [multiproc_executor.py:1007]   File "/home/l00838859/cann/my-project/vllm-ascend/vllm_ascend/worker/model_runner_v1.py", line 2915, in _model_forward
(Worker_DP2_TP1_EP5 pid=233918) ERROR 07-27 15:49:06 [multiproc_executor.py:1007]     hidden_states = run_model()
(Worker_DP2_TP1_EP5 pid=233918) ERROR 07-27 15:49:06 [multiproc_executor.py:1007]                     ^^^^^^^^^^^
(Worker_DP2_TP1_EP5 pid=233918) ERROR 07-27 15:49:06 [multiproc_executor.py:1007]   File "/home/l00838859/cann/my-project/vllm-ascend/vllm_ascend/compilation/acl_graph.py", line 281, in __call__
(Worker_DP2_TP1_EP5 pid=233918) ERROR 07-27 15:49:06 [multiproc_executor.py:1007]     torch.npu.current_stream().synchronize()
(Worker_DP2_TP1_EP5 pid=233918) ERROR 07-27 15:49:06 [multiproc_executor.py:1007]   File "/usr/local/lib/python3.11/site-packages/torch_npu/npu/streams.py", line 85, in synchronize
(Worker_DP2_TP1_EP5 pid=233918) ERROR 07-27 15:49:06 [multiproc_executor.py:1007]     super(Stream, self).synchronize()
(Worker_DP2_TP1_EP5 pid=233918) ERROR 07-27 15:49:06 [multiproc_executor.py:1007] RuntimeError: synchronize:../torch_npu/csrc/core/npu/NPUStream.cpp:361 NPU function error: c10_npu::acl::AclrtSynchronizeStreamWithTimeout(stream()), error code is 507011
(Worker_DP2_TP1_EP5 pid=233918) ERROR 07-27 15:49:06 [multiproc_executor.py:1007] [ERROR] 2026-07-27-15:49:06 (PID:233918, Device:5, RankID:-1) ERR00100 PTA call acl api failed
(Worker_DP2_TP1_EP5 pid=233918) ERROR 07-27 15:49:06 [multiproc_executor.py:1007] [Error]: Model execution failed. 
(Worker_DP2_TP1_EP5 pid=233918) ERROR 07-27 15:49:06 [multiproc_executor.py:1007]         Rectify the fault based on the error information in the ascend log.
(Worker_DP2_TP1_EP5 pid=233918) ERROR 07-27 15:49:06 [multiproc_executor.py:1007] [PID: 233918] 2026-07-27-15:49:06.449.908 Execution_Error_SDMA(EI0012): SDMA memory copy task exception occurred. Remote rank: [0]. Base information: [streamID:[81], taskID[1], taskType[Task AIV], tag[], AlgType(level 0-1-2):[ring-ring-ring].]. Task information: [cmdType:[6], tag:[5], size:[688128], numBlocks:[8], rankSize:[2], aivRdmaStep:[-1], flagMem:[0x130f61a00000], isOpbase:[0]
(Worker_DP2_TP1_EP5 pid=233918) ERROR 07-27 15:49:06 [multiproc_executor.py:1007] there are 6 abnormal device(s), only the first 3 devices are listed:
(Worker_DP2_TP1_EP5 pid=233918) ERROR 07-27 15:49:06 [multiproc_executor.py:1007] 	[TaskExecStage][HeartbeatAbnormal]Cluster Exception Location[IP/ID]:[10.10.1.44/15], Arrival Time:[Mon Jul 27 15:47:17 2026], ExceptionType:[Stuck Occurred], Possible Reason:1.Host process is stuck, 2.Device task is stuck
(Worker_DP2_TP1_EP5 pid=233918) ERROR 07-27 15:49:06 [multiproc_executor.py:1007] 	[TaskExecStage][HeartbeatAbnormal]Cluster Exception Location[IP/ID]:[10.10.1.44/7], Arrival Time:[Mon Jul 27 15:47:17 2026], ExceptionType:[Stuck Occurred], Possible Reason:1.Host process is stuck, 2.Device task is stuck
(Worker_DP2_TP1_EP5 pid=233918) ERROR 07-27 15:49:06 [multiproc_executor.py:1007] 	[TaskExecStage][HeartbeatAbnormal]Cluster Exception Location[IP/ID]:[10.10.1.44/5], Arrival Time:[Mon Jul 27 15:47:17 2026], ExceptionType:[Stuck Occurred], Possible Reason:1.Host process is stuck, 2.Device task is stuck
(Worker_DP2_TP1_EP5 pid=233918) ERROR 07-27 15:49:06 [multiproc_executor.py:1007] ]. Communicator information: [].
(Worker_DP2_TP1_EP5 pid=233918) ERROR 07-27 15:49:06 [multiproc_executor.py:1007]         Possible Cause: 1. Network connection exception occurred during the SDMA task execution. 2. The peer process exits abnormally. 3. The input or output memory address is not allocated, the actual allocated size is smaller than the input data size, or the memory is freed before the operator execution is complete.
(Worker_DP2_TP1_EP5 pid=233918) ERROR 07-27 15:49:06 [multiproc_executor.py:1007]         Solution: 1. Check whether the network link is abnormal during the execution. 2. Check whether a process in the cluster exits before an error is reported. If yes, locate the cause of the process exit. 3. Check whether the size of the input/output memory passed to the communication operator meets the expectation, and whether the input/output memory or communicator is freed or destroyed before the operator execution is complete.
(Worker_DP2_TP1_EP5 pid=233918) ERROR 07-27 15:49:06 [multiproc_executor.py:1007]         TraceBack (most recent call last):
(Worker_DP2_TP1_EP5 pid=233918) ERROR 07-27 15:49:06 [multiproc_executor.py:1007]         The error from device(chipId:2, dieId:1), serial number is 12, there is an exception of aivec error, core id is 26, error code = 0, dump info: pc start: 0x12c0de87ba0c, current: 0x12c0de89f0c4, vec error info: 0xad00000cfe, mte error info: 0xf603064c70, ifu error info: 0x217fffe01c000, ccu error info: 0xde9f6a66880003f, cube error info: 0, biu error info: 0, aic error mask: 0x6500020bd00028c, para base: 0x12c1415f4000.[FUNC:PrintCoreInfo][FILE:device_error_core_proc.cc][LINE:645]
(Worker_DP2_TP1_EP5 pid=233918) ERROR 07-27 15:49:06 [multiproc_executor.py:1007]         The extend info: errcode:(0, 0, 0) errorStr: timeout or trap error. fixp_error0 info: 0x3064c70, fixp_error1 info: 0xf6, fsmId:0, tslot:5, thread:0, ctxid:0, blk:4, sublk:0, subErrType:4.[FUNC:PrintCoreInfo][FILE:device_error_core_proc.cc][LINE:658]
(Worker_DP2_TP1_EP5 pid=233918) ERROR 07-27 15:49:06 [multiproc_executor.py:1007]         The error from device(chipId:2, dieId:1), serial number is 12, there is an exception of aivec error, core id is 29, error code = 0, dump info: pc start: 0x12c0de87ba0c, current: 0x12c0de89f0c4, vec error info: 0xad00000cfe, mte error info: 0xf603064c70, ifu error info: 0x217fffe01c000, ccu error info: 0xde9f6a66880003f, cube error info: 0, biu error info: 0, aic error mask: 0x6500020bd00028c, para base: 0x12c1415f4000.[FUNC:PrintCoreInfo][FILE:device_error_core_proc.cc][LINE:645]
(Worker_DP2_TP1_EP5 pid=233918) ERROR 07-27 15:49:06 [multiproc_executor.py:1007]         The extend info: errcode:(0, 0, 0) errorStr: timeout or trap error. fixp_error0 info: 0x3064c70, fixp_error1 info: 0xf6, fsmId:0, tslot:5, thread:0, ctxid:0, blk:7, sublk:0, subErrType:4.[FUNC:PrintCoreInfo][FILE:device_error_core_proc.cc][LINE:658]
(Worker_DP2_TP1_EP5 pid=233918) ERROR 07-27 15:49:06 [multiproc_executor.py:1007]         The error from device(chipId:2, dieId:1), serial number is 12, there is an exception of aivec error, core id is 27, error code = 0, dump info: pc start: 0x12c0de87ba0c, current: 0x12c0de89f0c4, vec error info: 0xad00000cfe, mte error info: 0xf603064c70, ifu error info: 0x217fffe01c000, ccu error info: 0xf0d3cae26880003f, cube error info: 0, biu error info: 0, aic error mask: 0x6500020bd00028c, para base: 0x12c1415f4000.[FUNC:PrintCoreInfo][FILE:device_error_core_proc.cc][LINE:645]
(Worker_DP2_TP1_EP5 pid=233918) ERROR 07-27 15:49:06 [multiproc_executor.py:1007]         The extend info: errcode:(0, 0, 0) errorStr: timeout or trap error. fixp_error0 info: 0x3064c70, fixp_error1 info: 0xf6, fsmId:1, tslot:5, thread:0, ctxid:0, blk:5, sublk:0, subErrType:4.[FUNC:PrintCoreInfo][FILE:device_error_core_proc.cc][LINE:658]
(Worker_DP2_TP1_EP5 pid=233918) ERROR 07-27 15:49:06 [multiproc_executor.py:1007]         The error from device(chipId:2, dieId:1), serial number is 12, there is an exception of aivec error, core id is 28, error code = 0, dump info: pc start: 0x12c0de87ba0c, current: 0x12c0de89f0c4, vec error info: 0xad00000cfe, mte error info: 0xf603064c70, ifu error info: 0x217fffe01c000, ccu error info: 0xde9f6a66880003f, cube error info: 0, biu error info: 0, aic error mask: 0x6500020bd00028c, para base: 0x12c1415f4000.[FUNC:PrintCoreInfo][FILE:device_error_core_proc.cc][LINE:645]
(Worker_DP2_TP1_EP5 pid=233918) ERROR 07-27 15:49:06 [multiproc_executor.py:1007]         The extend info: errcode:(0, 0, 0) errorStr: timeout or trap error. fixp_error0 info: 0x3064c70, fixp_error1 info: 0xf6, fsmId:1, tslot:5, thread:0, ctxid:0, blk:6, sublk:0, subErrType:4.[FUNC:PrintCoreInfo][FILE:device_error_core_proc.cc][LINE:658]
(Worker_DP2_TP1_EP5 pid=233918) ERROR 07-27 15:49:06 [multiproc_executor.py:1007]         SDMA memory copy task exception occurred. Remote rank: [0]. Base information: [streamID:[81], taskID[1], taskType[Task AIV], tag[], AlgType(level 0-1-2):[ring-ring-ring].]. Task information: [cmdType:[6], tag:[5], size:[688128], numBlocks:[8], rankSize:[2], aivRdmaStep:[-1], flagMem:[0x130f61a00000], isOpbase:[0]
(Worker_DP2_TP1_EP5 pid=233918) ERROR 07-27 15:49:06 [multiproc_executor.py:1007] there are 6 abnormal device(s), only the first 3 devices are listed:
(Worker_DP2_TP1_EP5 pid=233918) ERROR 07-27 15:49:06 [multiproc_executor.py:1007] 	[TaskExecStage][HeartbeatAbnormal]Cluster Exception Location[IP/ID]:[10.10.1.44/15], Arrival Time:[Mon Jul 27 15:47:17 2026], ExceptionType:[Stuck Occurred], Possible Reason:1.Host process is stuck, 2.Device task is stuck
(Worker_DP2_TP1_EP5 pid=233918) ERROR 07-27 15:49:06 [multiproc_executor.py:1007] 	[TaskExecStage][HeartbeatAbnormal]Cluster Exception Location[IP/ID]:[10.10.1.44/7], Arrival Time:[Mon Jul 27 15:47:17 2026], ExceptionType:[Stuck Occurred], Possible Reason:1.Host process is stuck, 2.Device task is stuck
(Worker_DP2_TP1_EP5 pid=233918) ERROR 07-27 15:49:06 [multiproc_executor.py:1007] 	[TaskExecStage][HeartbeatAbnormal]Cluster Exception Location[IP/ID]:[10.10.1.44/5], Arrival Time:[Mon Jul 27 15:47:17 2026], ExceptionType:[Stuck Occurred], Possible Reason:1.Host process is stuck, 2.Device task is stuck
(Worker_DP2_TP1_EP5 pid=233918) ERROR 07-27 15:49:06 [multiproc_executor.py:1007] ]. Communicator information: [].
(Worker_DP2_TP1_EP5 pid=233918) ERROR 07-27 15:49:06 [multiproc_executor.py:1007]         rtStreamSynchronizeWithTimeout execution failed, reason=the model stream execute failed[FUNC:FuncErrorReason][FILE:error_message_manage.cc][LINE:65]
(Worker_DP2_TP1_EP5 pid=233918) ERROR 07-27 15:49:06 [multiproc_executor.py:1007]         synchronize stream with timeout failed, runtime result = 507011[FUNC:ReportCallError][FILE:log_inner.cpp][LINE:148]
(Worker_DP2_TP1_EP5 pid=233918) ERROR 07-27 15:49:06 [multiproc_executor.py:1007] 
(Worker_DP2_TP1_EP5 pid=233918) ERROR 07-27 15:49:06 [multiproc_executor.py:1007] Traceback (most recent call last):
(Worker_DP2_TP1_EP5 pid=233918) ERROR 07-27 15:49:06 [multiproc_executor.py:1007]   File "/home/l00838859/cann/my-project/vllm/vllm/v1/executor/multiproc_executor.py", line 999, in worker_busy_loop
(Worker_DP2_TP1_EP5 pid=233918) ERROR 07-27 15:49:06 [multiproc_executor.py:1007]     output = func(*args, **kwargs)
(Worker_DP2_TP1_EP5 pid=233918) ERROR 07-27 15:49:06 [multiproc_executor.py:1007]              ^^^^^^^^^^^^^^^^^^^^^
(Worker_DP2_TP1_EP5 pid=233918) ERROR 07-27 15:49:06 [multiproc_executor.py:1007]   File "/home/l00838859/cann/my-project/vllm/vllm/v1/worker/worker_base.py", line 351, in execute_model
(Worker_DP2_TP1_EP5 pid=233918) ERROR 07-27 15:49:06 [multiproc_executor.py:1007]     return self.worker.execute_model(scheduler_output)
(Worker_DP2_TP1_EP5 pid=233918) ERROR 07-27 15:49:06 [multiproc_executor.py:1007]            ^^^^^^^^^^^^^^^^^^^^^^^^^^^^^^^^^^^^^^^^^^^
(Worker_DP2_TP1_EP5 pid=233918) ERROR 07-27 15:49:06 [multiproc_executor.py:1007]   File "/home/l00838859/cann/my-project/vllm-ascend/vllm_ascend/worker/worker.py", line 685, in execute_model
(Worker_DP2_TP1_EP5 pid=233918) ERROR 07-27 15:49:06 [multiproc_executor.py:1007]     output = self.model_runner.execute_model(scheduler_output, intermediate_tensors)
(Worker_DP2_TP1_EP5 pid=233918) ERROR 07-27 15:49:06 [multiproc_executor.py:1007]              ^^^^^^^^^^^^^^^^^^^^^^^^^^^^^^^^^^^^^^^^^^^^^^^^^^^^^^^^^^^^^^^^^^^^^^^
(Worker_DP2_TP1_EP5 pid=233918) ERROR 07-27 15:49:06 [multiproc_executor.py:1007]   File "/usr/local/lib/python3.11/site-packages/torch/utils/_contextlib.py", line 124, in decorate_context
(Worker_DP2_TP1_EP5 pid=233918) ERROR 07-27 15:49:06 [multiproc_executor.py:1007]     return func(*args, **kwargs)
(Worker_DP2_TP1_EP5 pid=233918) ERROR 07-27 15:49:06 [multiproc_executor.py:1007]            ^^^^^^^^^^^^^^^^^^^^^
(Worker_DP2_TP1_EP5 pid=233918) ERROR 07-27 15:49:06 [multiproc_executor.py:1007]   File "/home/l00838859/cann/my-project/vllm-ascend/vllm_ascend/worker/model_runner_v1.py", line 2346, in execute_model
(Worker_DP2_TP1_EP5 pid=233918) ERROR 07-27 15:49:06 [multiproc_executor.py:1007]     hidden_states = self._model_forward(
(Worker_DP2_TP1_EP5 pid=233918) ERROR 07-27 15:49:06 [multiproc_executor.py:1007]                     ^^^^^^^^^^^^^^^^^^^^
(Worker_DP2_TP1_EP5 pid=233918) ERROR 07-27 15:49:06 [multiproc_executor.py:1007]   File "/home/l00838859/cann/my-project/vllm-ascend/vllm_ascend/worker/model_runner_v1.py", line 2915, in _model_forward
(Worker_DP2_TP1_EP5 pid=233918) ERROR 07-27 15:49:06 [multiproc_executor.py:1007]     hidden_states = run_model()
(Worker_DP2_TP1_EP5 pid=233918) ERROR 07-27 15:49:06 [multiproc_executor.py:1007]                     ^^^^^^^^^^^
(Worker_DP2_TP1_EP5 pid=233918) ERROR 07-27 15:49:06 [multiproc_executor.py:1007]   File "/home/l00838859/cann/my-project/vllm-ascend/vllm_ascend/compilation/acl_graph.py", line 281, in __call__
(Worker_DP2_TP1_EP5 pid=233918) ERROR 07-27 15:49:06 [multiproc_executor.py:1007]     torch.npu.current_stream().synchronize()
(Worker_DP2_TP1_EP5 pid=233918) ERROR 07-27 15:49:06 [multiproc_executor.py:1007]   File "/usr/local/lib/python3.11/site-packages/torch_npu/npu/streams.py", line 85, in synchronize
(Worker_DP2_TP1_EP5 pid=233918) ERROR 07-27 15:49:06 [multiproc_executor.py:1007]     super(Stream, self).synchronize()
(Worker_DP2_TP1_EP5 pid=233918) ERROR 07-27 15:49:06 [multiproc_executor.py:1007] RuntimeError: synchronize:../torch_npu/csrc/core/npu/NPUStream.cpp:361 NPU function error: c10_npu::acl::AclrtSynchronizeStreamWithTimeout(stream()), error code is 507011
(Worker_DP2_TP1_EP5 pid=233918) ERROR 07-27 15:49:06 [multiproc_executor.py:1007] [ERROR] 2026-07-27-15:49:06 (PID:233918, Device:5, RankID:-1) ERR00100 PTA call acl api failed
(Worker_DP2_TP1_EP5 pid=233918) ERROR 07-27 15:49:06 [multiproc_executor.py:1007] [Error]: Model execution failed. 
(Worker_DP2_TP1_EP5 pid=233918) ERROR 07-27 15:49:06 [multiproc_executor.py:1007]         Rectify the fault based on the error information in the ascend log.
(Worker_DP2_TP1_EP5 pid=233918) ERROR 07-27 15:49:06 [multiproc_executor.py:1007] [PID: 233918] 2026-07-27-15:49:06.449.908 Execution_Error_SDMA(EI0012): SDMA memory copy task exception occurred. Remote rank: [0]. Base information: [streamID:[81], taskID[1], taskType[Task AIV], tag[], AlgType(level 0-1-2):[ring-ring-ring].]. Task information: [cmdType:[6], tag:[5], size:[688128], numBlocks:[8], rankSize:[2], aivRdmaStep:[-1], flagMem:[0x130f61a00000], isOpbase:[0]
(Worker_DP2_TP1_EP5 pid=233918) ERROR 07-27 15:49:06 [multiproc_executor.py:1007] there are 6 abnormal device(s), only the first 3 devices are listed:
(Worker_DP2_TP1_EP5 pid=233918) ERROR 07-27 15:49:06 [multiproc_executor.py:1007] 	[TaskExecStage][HeartbeatAbnormal]Cluster Exception Location[IP/ID]:[10.10.1.44/15], Arrival Time:[Mon Jul 27 15:47:17 2026], ExceptionType:[Stuck Occurred], Possible Reason:1.Host process is stuck, 2.Device task is stuck
(Worker_DP2_TP1_EP5 pid=233918) ERROR 07-27 15:49:06 [multiproc_executor.py:1007] 	[TaskExecStage][HeartbeatAbnormal]Cluster Exception Location[IP/ID]:[10.10.1.44/7], Arrival Time:[Mon Jul 27 15:47:17 2026], ExceptionType:[Stuck Occurred], Possible Reason:1.Host process is stuck, 2.Device task is stuck
(Worker_DP2_TP1_EP5 pid=233918) ERROR 07-27 15:49:06 [multiproc_executor.py:1007] 	[TaskExecStage][HeartbeatAbnormal]Cluster Exception Location[IP/ID]:[10.10.1.44/5], Arrival Time:[Mon Jul 27 15:47:17 2026], ExceptionType:[Stuck Occurred], Possible Reason:1.Host process is stuck, 2.Device task is stuck
(Worker_DP2_TP1_EP5 pid=233918) ERROR 07-27 15:49:06 [multiproc_executor.py:1007] ]. Communicator information: [].
(Worker_DP2_TP1_EP5 pid=233918) ERROR 07-27 15:49:06 [multiproc_executor.py:1007]         Possible Cause: 1. Network connection exception occurred during the SDMA task execution. 2. The peer process exits abnormally. 3. The input or output memory address is not allocated, the actual allocated size is smaller than the input data size, or the memory is freed before the operator execution is complete.
(Worker_DP2_TP1_EP5 pid=233918) ERROR 07-27 15:49:06 [multiproc_executor.py:1007]         Solution: 1. Check whether the network link is abnormal during the execution. 2. Check whether a process in the cluster exits before an error is reported. If yes, locate the cause of the process exit. 3. Check whether the size of the input/output memory passed to the communication operator meets the expectation, and whether the input/output memory or communicator is freed or destroyed before the operator execution is complete.
(Worker_DP2_TP1_EP5 pid=233918) ERROR 07-27 15:49:06 [multiproc_executor.py:1007]         TraceBack (most recent call last):
(Worker_DP2_TP1_EP5 pid=233918) ERROR 07-27 15:49:06 [multiproc_executor.py:1007]         The error from device(chipId:2, dieId:1), serial number is 12, there is an exception of aivec error, core id is 26, error code = 0, dump info: pc start: 0x12c0de87ba0c, current: 0x12c0de89f0c4, vec error info: 0xad00000cfe, mte error info: 0xf603064c70, ifu error info: 0x217fffe01c000, ccu error info: 0xde9f6a66880003f, cube error info: 0, biu error info: 0, aic error mask: 0x6500020bd00028c, para base: 0x12c1415f4000.[FUNC:PrintCoreInfo][FILE:device_error_core_proc.cc][LINE:645]
(Worker_DP2_TP1_EP5 pid=233918) ERROR 07-27 15:49:06 [multiproc_executor.py:1007]         The extend info: errcode:(0, 0, 0) errorStr: timeout or trap error. fixp_error0 info: 0x3064c70, fixp_error1 info: 0xf6, fsmId:0, tslot:5, thread:0, ctxid:0, blk:4, sublk:0, subErrType:4.[FUNC:PrintCoreInfo][FILE:device_error_core_proc.cc][LINE:658]
(Worker_DP2_TP1_EP5 pid=233918) ERROR 07-27 15:49:06 [multiproc_executor.py:1007]         The error from device(chipId:2, dieId:1), serial number is 12, there is an exception of aivec error, core id is 29, error code = 0, dump info: pc start: 0x12c0de87ba0c, current: 0x12c0de89f0c4, vec error info: 0xad00000cfe, mte error info: 0xf603064c70, ifu error info: 0x217fffe01c000, ccu error info: 0xde9f6a66880003f, cube error info: 0, biu error info: 0, aic error mask: 0x6500020bd00028c, para base: 0x12c1415f4000.[FUNC:PrintCoreInfo][FILE:device_error_core_proc.cc][LINE:645]
(Worker_DP2_TP1_EP5 pid=233918) ERROR 07-27 15:49:06 [multiproc_executor.py:1007]         The extend info: errcode:(0, 0, 0) errorStr: timeout or trap error. fixp_error0 info: 0x3064c70, fixp_error1 info: 0xf6, fsmId:0, tslot:5, thread:0, ctxid:0, blk:7, sublk:0, subErrType:4.[FUNC:PrintCoreInfo][FILE:device_error_core_proc.cc][LINE:658]
(Worker_DP2_TP1_EP5 pid=233918) ERROR 07-27 15:49:06 [multiproc_executor.py:1007]         The error from device(chipId:2, dieId:1), serial number is 12, there is an exception of aivec error, core id is 27, error code = 0, dump info: pc start: 0x12c0de87ba0c, current: 0x12c0de89f0c4, vec error info: 0xad00000cfe, mte error info: 0xf603064c70, ifu error info: 0x217fffe01c000, ccu error info: 0xf0d3cae26880003f, cube error info: 0, biu error info: 0, aic error mask: 0x6500020bd00028c, para base: 0x12c1415f4000.[FUNC:PrintCoreInfo][FILE:device_error_core_proc.cc][LINE:645]
(Worker_DP2_TP1_EP5 pid=233918) ERROR 07-27 15:49:06 [multiproc_executor.py:1007]         The extend info: errcode:(0, 0, 0) errorStr: timeout or trap error. fixp_error0 info: 0x3064c70, fixp_error1 info: 0xf6, fsmId:1, tslot:5, thread:0, ctxid:0, blk:5, sublk:0, subErrType:4.[FUNC:PrintCoreInfo][FILE:device_error_core_proc.cc][LINE:658]
(Worker_DP2_TP1_EP5 pid=233918) ERROR 07-27 15:49:06 [multiproc_executor.py:1007]         The error from device(chipId:2, dieId:1), serial number is 12, there is an exception of aivec error, core id is 28, error code = 0, dump info: pc start: 0x12c0de87ba0c, current: 0x12c0de89f0c4, vec error info: 0xad00000cfe, mte error info: 0xf603064c70, ifu error info: 0x217fffe01c000, ccu error info: 0xde9f6a66880003f, cube error info: 0, biu error info: 0, aic error mask: 0x6500020bd00028c, para base: 0x12c1415f4000.[FUNC:PrintCoreInfo][FILE:device_error_core_proc.cc][LINE:645]
(Worker_DP2_TP1_EP5 pid=233918) ERROR 07-27 15:49:06 [multiproc_executor.py:1007]         The extend info: errcode:(0, 0, 0) errorStr: timeout or trap error. fixp_error0 info: 0x3064c70, fixp_error1 info: 0xf6, fsmId:1, tslot:5, thread:0, ctxid:0, blk:6, sublk:0, subErrType:4.[FUNC:PrintCoreInfo][FILE:device_error_core_proc.cc][LINE:658]
(Worker_DP2_TP1_EP5 pid=233918) ERROR 07-27 15:49:06 [multiproc_executor.py:1007]         SDMA memory copy task exception occurred. Remote rank: [0]. Base information: [streamID:[81], taskID[1], taskType[Task AIV], tag[], AlgType(level 0-1-2):[ring-ring-ring].]. Task information: [cmdType:[6], tag:[5], size:[688128], numBlocks:[8], rankSize:[2], aivRdmaStep:[-1], flagMem:[0x130f61a00000], isOpbase:[0]
(Worker_DP2_TP1_EP5 pid=233918) ERROR 07-27 15:49:06 [multiproc_executor.py:1007] there are 6 abnormal device(s), only the first 3 devices are listed:
(Worker_DP2_TP1_EP5 pid=233918) ERROR 07-27 15:49:06 [multiproc_executor.py:1007] 	[TaskExecStage][HeartbeatAbnormal]Cluster Exception Location[IP/ID]:[10.10.1.44/15], Arrival Time:[Mon Jul 27 15:47:17 2026], ExceptionType:[Stuck Occurred], Possible Reason:1.Host process is stuck, 2.Device task is stuck
(Worker_DP2_TP1_EP5 pid=233918) ERROR 07-27 15:49:06 [multiproc_executor.py:1007] 	[TaskExecStage][HeartbeatAbnormal]Cluster Exception Location[IP/ID]:[10.10.1.44/7], Arrival Time:[Mon Jul 27 15:47:17 2026], ExceptionType:[Stuck Occurred], Possible Reason:1.Host process is stuck, 2.Device task is stuck
(Worker_DP2_TP1_EP5 pid=233918) ERROR 07-27 15:49:06 [multiproc_executor.py:1007] 	[TaskExecStage][HeartbeatAbnormal]Cluster Exception Location[IP/ID]:[10.10.1.44/5], Arrival Time:[Mon Jul 27 15:47:17 2026], ExceptionType:[Stuck Occurred], Possible Reason:1.Host process is stuck, 2.Device task is stuck
(Worker_DP2_TP1_EP5 pid=233918) ERROR 07-27 15:49:06 [multiproc_executor.py:1007] ]. Communicator information: [].
(Worker_DP2_TP1_EP5 pid=233918) ERROR 07-27 15:49:06 [multiproc_executor.py:1007]         rtStreamSynchronizeWithTimeout execution failed, reason=the model stream execute failed[FUNC:FuncErrorReason][FILE:error_message_manage.cc][LINE:65]
(Worker_DP2_TP1_EP5 pid=233918) ERROR 07-27 15:49:06 [multiproc_executor.py:1007]         synchronize stream with timeout failed, runtime result = 507011[FUNC:ReportCallError][FILE:log_inner.cpp][LINE:148]
(Worker_DP2_TP1_EP5 pid=233918) ERROR 07-27 15:49:06 [multiproc_executor.py:1007] 
(Worker_DP2_TP1_EP5 pid=233918) ERROR 07-27 15:49:06 [multiproc_executor.py:1007] 
(Worker_DP4_TP0_EP8 pid=233531) ERROR 07-27 15:49:06 [multiproc_executor.py:948] Error getting async model runner output
(Worker_DP4_TP0_EP8 pid=233531) ERROR 07-27 15:49:06 [multiproc_executor.py:948] Traceback (most recent call last):
(Worker_DP4_TP0_EP8 pid=233531) ERROR 07-27 15:49:06 [multiproc_executor.py:948]   File "/home/l00838859/cann/my-project/vllm/vllm/v1/executor/multiproc_executor.py", line 946, in enqueue_output
(Worker_DP4_TP0_EP8 pid=233531) ERROR 07-27 15:49:06 [multiproc_executor.py:948]     output = output.get_output()
(Worker_DP4_TP0_EP8 pid=233531) ERROR 07-27 15:49:06 [multiproc_executor.py:948]              ^^^^^^^^^^^^^^^^^^^
(Worker_DP4_TP0_EP8 pid=233531) ERROR 07-27 15:49:06 [multiproc_executor.py:948]   File "/home/l00838859/cann/my-project/vllm/vllm/v1/worker/gpu_model_runner.py", line 305, in get_output
(Worker_DP4_TP0_EP8 pid=233531) ERROR 07-27 15:49:06 [multiproc_executor.py:948]     self.async_copy_ready_event.synchronize()
(Worker_DP4_TP0_EP8 pid=233531) ERROR 07-27 15:49:06 [multiproc_executor.py:948]   File "/usr/local/lib/python3.11/site-packages/torch_npu/npu/streams.py", line 192, in synchronize
(Worker_DP4_TP0_EP8 pid=233531) ERROR 07-27 15:49:06 [multiproc_executor.py:948]     super(Event, self).synchronize()
(Worker_DP4_TP0_EP8 pid=233531) ERROR 07-27 15:49:06 [multiproc_executor.py:948] RuntimeError: synchronize:../torch_npu/csrc/core/npu/NPUEvent.cpp:212 NPU function error: aclrtSynchronizeEvent(event_), error code is 507011
(Worker_DP4_TP0_EP8 pid=233531) ERROR 07-27 15:49:06 [multiproc_executor.py:948] [ERROR] 2026-07-27-15:49:06 (PID:233531, Device:8, RankID:-1) ERR00100 PTA call acl api failed
(Worker_DP4_TP0_EP8 pid=233531) ERROR 07-27 15:49:06 [multiproc_executor.py:948] [Error]: Model execution failed. 
(Worker_DP4_TP0_EP8 pid=233531) ERROR 07-27 15:49:06 [multiproc_executor.py:948]         Rectify the fault based on the error information in the ascend log.
(Worker_DP4_TP0_EP8 pid=233531) ERROR 07-27 15:49:06 [multiproc_executor.py:948] [PID: 233531] 2026-07-27-15:49:06.451.336 Execution_Error_SDMA(EI0012): SDMA memory copy task exception occurred. Remote rank: [0]. Base information: [streamID:[81], taskID[1], taskType[Task AIV], tag[], AlgType(level 0-1-2):[ring-ring-ring].]. Task information: [cmdType:[6], tag:[5], size:[688128], numBlocks:[8], rankSize:[2], aivRdmaStep:[-1], flagMem:[0x130f61a00000], isOpbase:[0]
(Worker_DP4_TP0_EP8 pid=233531) ERROR 07-27 15:49:06 [multiproc_executor.py:948] there are 5 abnormal device(s), only the first 3 devices are listed:
(Worker_DP4_TP0_EP8 pid=233531) ERROR 07-27 15:49:06 [multiproc_executor.py:948] 	[TaskExecStage][HeartbeatAbnormal]Cluster Exception Location[IP/ID]:[10.10.1.44/10], Arrival Time:[Mon Jul 27 15:47:16 2026], ExceptionType:[Stuck Occurred], Possible Reason:1.Host process is stuck, 2.Device task is stuck
(Worker_DP4_TP0_EP8 pid=233531) ERROR 07-27 15:49:06 [multiproc_executor.py:948] 	[TaskExecStage][HeartbeatAbnormal]Cluster Exception Location[IP/ID]:[10.10.1.44/8], Arrival Time:[Mon Jul 27 15:47:17 2026], ExceptionType:[Stuck Occurred], Possible Reason:1.Host process is stuck, 2.Device task is stuck
(Worker_DP4_TP0_EP8 pid=233531) ERROR 07-27 15:49:06 [multiproc_executor.py:948] 	[TaskExecStage][HeartbeatAbnormal]Cluster Exception Location[IP/ID]:[10.10.1.44/2], Arrival Time:[Mon Jul 27 15:47:17 2026], ExceptionType:[Stuck Occurred], Possible Reason:1.Host process is stuck, 2.Device task is stuck
(Worker_DP4_TP0_EP8 pid=233531) ERROR 07-27 15:49:06 [multiproc_executor.py:948] ]. Communicator information: [].
(Worker_DP4_TP0_EP8 pid=233531) ERROR 07-27 15:49:06 [multiproc_executor.py:948]         Possible Cause: 1. Network connection exception occurred during the SDMA task execution. 2. The peer process exits abnormally. 3. The input or output memory address is not allocated, the actual allocated size is smaller than the input data size, or the memory is freed before the operator execution is complete.
(Worker_DP4_TP0_EP8 pid=233531) ERROR 07-27 15:49:06 [multiproc_executor.py:948]         Solution: 1. Check whether the network link is abnormal during the execution. 2. Check whether a process in the cluster exits before an error is reported. If yes, locate the cause of the process exit. 3. Check whether the size of the input/output memory passed to the communication operator meets the expectation, and whether the input/output memory or communicator is freed or destroyed before the operator execution is complete.
(Worker_DP4_TP0_EP8 pid=233531) ERROR 07-27 15:49:06 [multiproc_executor.py:948]         TraceBack (most recent call last):
(Worker_DP4_TP0_EP8 pid=233531) ERROR 07-27 15:49:06 [multiproc_executor.py:948]         The error from device(chipId:4, dieId:0), serial number is 20, there is an exception of aivec error, core id is 29, error code = 0, dump info: pc start: 0x12c0de87ba0c, current: 0x12c0de89f0c4, vec error info: 0xad00000cfe, mte error info: 0xf603079c6e, ifu error info: 0x217ffbe014040, ccu error info: 0x2b4c90e26880003f, cube error info: 0, biu error info: 0, aic error mask: 0x6500020bd00028c, para base: 0x12c140216000.[FUNC:PrintCoreInfo][FILE:device_error_core_proc.cc][LINE:645]
(Worker_DP4_TP0_EP8 pid=233531) ERROR 07-27 15:49:06 [multiproc_executor.py:948]         The extend info: errcode:(0, 0, 0) errorStr: timeout or trap error. fixp_error0 info: 0x3079c6e, fixp_error1 info: 0xf6, fsmId:0, tslot:6, thread:0, ctxid:0, blk:4, sublk:0, subErrType:4.[FUNC:PrintCoreInfo][FILE:device_error_core_proc.cc][LINE:658]
(Worker_DP4_TP0_EP8 pid=233531) ERROR 07-27 15:49:06 [multiproc_executor.py:948]         The error from device(chipId:4, dieId:0), serial number is 20, there is an exception of aivec error, core id is 30, error code = 0, dump info: pc start: 0x12c0de87ba0c, current: 0x12c0de89f0c4, vec error info: 0xad00000cfe, mte error info: 0xb2030266b9, ifu error info: 0x217ffbe014040, ccu error info: 0x44ec5ee46880003f, cube error info: 0, biu error info: 0, aic error mask: 0x6500020bd00028c, para base: 0x12c140216000.[FUNC:PrintCoreInfo][FILE:device_error_core_proc.cc][LINE:645]
(Worker_DP4_TP0_EP8 pid=233531) ERROR 07-27 15:49:06 [multiproc_executor.py:948]         The extend info: errcode:(0, 0, 0) errorStr: timeout or trap error. fixp_error0 info: 0x30266b9, fixp_error1 info: 0xb2, fsmId:0, tslot:6, thread:0, ctxid:0, blk:5, sublk:0, subErrType:4.[FUNC:PrintCoreInfo][FILE:device_error_core_proc.cc][LINE:658]
(Worker_DP4_TP0_EP8 pid=233531) ERROR 07-27 15:49:06 [multiproc_executor.py:948]         The error from device(chipId:4, dieId:0), serial number is 20, there is an exception of aivec error, core id is 31, error code = 0, dump info: pc start: 0x12c0de87ba0c, current: 0x12c0de89f0c4, vec error info: 0xad00000cfe, mte error info: 0xf6060000a2, ifu error info: 0x20001bdc5ce00, ccu error info: 0x79f89e306880003f, cube error info: 0, biu error info: 0, aic error mask: 0x6500020bd00028c, para base: 0x12c140216000.[FUNC:PrintCoreInfo][FILE:device_error_core_proc.cc][LINE:645]
(Worker_DP4_TP0_EP8 pid=233531) ERROR 07-27 15:49:06 [multiproc_executor.py:948]         The extend info: errcode:(0, 0, 0) errorStr: timeout or trap error. fixp_error0 info: 0x60000a2, fixp_error1 info: 0xf6, fsmId:0, tslot:6, thread:0, ctxid:0, blk:6, sublk:0, subErrType:4.[FUNC:PrintCoreInfo][FILE:device_error_core_proc.cc][LINE:658]
(Worker_DP4_TP0_EP8 pid=233531) ERROR 07-27 15:49:06 [multiproc_executor.py:948]         The error from device(chipId:4, dieId:0), serial number is 20, there is an exception of aivec error, core id is 32, error code = 0, dump info: pc start: 0x12c0de87ba0c, current: 0x12c0de89f0c4, vec error info: 0xad00000cfe, mte error info: 0xf6060000a2, ifu error info: 0x20001bdc5c200, ccu error info: 0x8cbc60246880003f, cube error info: 0, biu error info: 0, aic error mask: 0x6500020bd00028c, para base: 0x12c140216000.[FUNC:PrintCoreInfo][FILE:device_error_core_proc.cc][LINE:645]
(Worker_DP4_TP0_EP8 pid=233531) ERROR 07-27 15:49:06 [multiproc_executor.py:948]         The extend info: errcode:(0, 0, 0) errorStr: timeout or trap error. fixp_error0 info: 0x60000a2, fixp_error1 info: 0xf6, fsmId:0, tslot:6, thread:0, ctxid:0, blk:7, sublk:0, subErrType:4.[FUNC:PrintCoreInfo][FILE:device_error_core_proc.cc][LINE:658]
(Worker_DP4_TP0_EP8 pid=233531) ERROR 07-27 15:49:06 [multiproc_executor.py:948]         SDMA memory copy task exception occurred. Remote rank: [0]. Base information: [streamID:[81], taskID[1], taskType[Task AIV], tag[], AlgType(level 0-1-2):[ring-ring-ring].]. Task information: [cmdType:[6], tag:[5], size:[688128], numBlocks:[8], rankSize:[2], aivRdmaStep:[-1], flagMem:[0x130f61a00000], isOpbase:[0]
(Worker_DP4_TP0_EP8 pid=233531) ERROR 07-27 15:49:06 [multiproc_executor.py:948] there are 5 abnormal device(s), only the first 3 devices are listed:
(Worker_DP4_TP0_EP8 pid=233531) ERROR 07-27 15:49:06 [multiproc_executor.py:948] 	[TaskExecStage][HeartbeatAbnormal]Cluster Exception Location[IP/ID]:[10.10.1.44/10], Arrival Time:[Mon Jul 27 15:47:16 2026], ExceptionType:[Stuck Occurred], Possible Reason:1.Host process is stuck, 2.Device task is stuck
(Worker_DP4_TP0_EP8 pid=233531) ERROR 07-27 15:49:06 [multiproc_executor.py:948] 	[TaskExecStage][HeartbeatAbnormal]Cluster Exception Location[IP/ID]:[10.10.1.44/8], Arrival Time:[Mon Jul 27 15:47:17 2026], ExceptionType:[Stuck Occurred], Possible Reason:1.Host process is stuck, 2.Device task is stuck
(Worker_DP4_TP0_EP8 pid=233531) ERROR 07-27 15:49:06 [multiproc_executor.py:948] 	[TaskExecStage][HeartbeatAbnormal]Cluster Exception Location[IP/ID]:[10.10.1.44/2], Arrival Time:[Mon Jul 27 15:47:17 2026], ExceptionType:[Stuck Occurred], Possible Reason:1.Host process is stuck, 2.Device task is stuck
(Worker_DP4_TP0_EP8 pid=233531) ERROR 07-27 15:49:06 [multiproc_executor.py:948] ]. Communicator information: [].
(Worker_DP4_TP0_EP8 pid=233531) ERROR 07-27 15:49:06 [multiproc_executor.py:948]         rtEventSynchronize execution failed, reason=the model stream execute failed[FUNC:FuncErrorReason][FILE:error_message_manage.cc][LINE:65]
(Worker_DP4_TP0_EP8 pid=233531) ERROR 07-27 15:49:06 [multiproc_executor.py:948]         wait event to be complete failed, runtime result = 507011[FUNC:ReportCallError][FILE:log_inner.cpp][LINE:148]
(Worker_DP4_TP0_EP8 pid=233531) ERROR 07-27 15:49:06 [multiproc_executor.py:948] 
(Worker_DP2_TP0_EP4 pid=233530) ERROR 07-27 15:49:06 [multiproc_executor.py:948] Error getting async model runner output
(Worker_DP2_TP0_EP4 pid=233530) ERROR 07-27 15:49:06 [multiproc_executor.py:948] Traceback (most recent call last):
(Worker_DP2_TP0_EP4 pid=233530) ERROR 07-27 15:49:06 [multiproc_executor.py:948]   File "/home/l00838859/cann/my-project/vllm/vllm/v1/executor/multiproc_executor.py", line 946, in enqueue_output
(Worker_DP2_TP0_EP4 pid=233530) ERROR 07-27 15:49:06 [multiproc_executor.py:948]     output = output.get_output()
(Worker_DP2_TP0_EP4 pid=233530) ERROR 07-27 15:49:06 [multiproc_executor.py:948]              ^^^^^^^^^^^^^^^^^^^
(Worker_DP2_TP0_EP4 pid=233530) ERROR 07-27 15:49:06 [multiproc_executor.py:948]   File "/home/l00838859/cann/my-project/vllm/vllm/v1/worker/gpu_model_runner.py", line 305, in get_output
(Worker_DP2_TP0_EP4 pid=233530) ERROR 07-27 15:49:06 [multiproc_executor.py:948]     self.async_copy_ready_event.synchronize()
(Worker_DP2_TP0_EP4 pid=233530) ERROR 07-27 15:49:06 [multiproc_executor.py:948]   File "/usr/local/lib/python3.11/site-packages/torch_npu/npu/streams.py", line 192, in synchronize
(Worker_DP2_TP0_EP4 pid=233530) ERROR 07-27 15:49:06 [multiproc_executor.py:948]     super(Event, self).synchronize()
(Worker_DP2_TP0_EP4 pid=233530) ERROR 07-27 15:49:06 [multiproc_executor.py:948] RuntimeError: synchronize:../torch_npu/csrc/core/npu/NPUEvent.cpp:212 NPU function error: aclrtSynchronizeEvent(event_), error code is 507011
(Worker_DP2_TP0_EP4 pid=233530) ERROR 07-27 15:49:06 [multiproc_executor.py:948] [ERROR] 2026-07-27-15:49:06 (PID:233530, Device:4, RankID:-1) ERR00100 PTA call acl api failed
(Worker_DP2_TP0_EP4 pid=233530) ERROR 07-27 15:49:06 [multiproc_executor.py:948] [Error]: Model execution failed. 
(Worker_DP2_TP0_EP4 pid=233530) ERROR 07-27 15:49:06 [multiproc_executor.py:948]         Rectify the fault based on the error information in the ascend log.
(Worker_DP2_TP0_EP4 pid=233530) ERROR 07-27 15:49:06 [multiproc_executor.py:948] [PID: 233530] 2026-07-27-15:49:06.451.839 Execution_Error_SDMA(EI0012): SDMA memory copy task exception occurred. Remote rank: [0]. Base information: [streamID:[2041], taskID[1], taskType[Task AIV], tag[], AlgType(level 0-1-2):[ring-ring-ring].]. Task information: [cmdType:[6], tag:[5], size:[688128], numBlocks:[8], rankSize:[2], aivRdmaStep:[-1], flagMem:[0x130f61a00000], isOpbase:[0]
(Worker_DP2_TP0_EP4 pid=233530) ERROR 07-27 15:49:06 [multiproc_executor.py:948] there are 9 abnormal device(s), only the first 3 devices are listed:
(Worker_DP2_TP0_EP4 pid=233530) ERROR 07-27 15:49:06 [multiproc_executor.py:948] 	[TaskExecStage][HeartbeatAbnormal]Cluster Exception Location[IP/ID]:[10.10.1.44/15], Arrival Time:[Mon Jul 27 15:47:17 2026], ExceptionType:[Stuck Occurred], Possible Reason:1.Host process is stuck, 2.Device task is stuck
(Worker_DP2_TP0_EP4 pid=233530) ERROR 07-27 15:49:06 [multiproc_executor.py:948] 	[TaskExecStage][HeartbeatAbnormal]Cluster Exception Location[IP/ID]:[10.10.1.44/7], Arrival Time:[Mon Jul 27 15:47:17 2026], ExceptionType:[Stuck Occurred], Possible Reason:1.Host process is stuck, 2.Device task is stuck
(Worker_DP2_TP0_EP4 pid=233530) ERROR 07-27 15:49:06 [multiproc_executor.py:948] 	[TaskExecStage][HeartbeatAbnormal]Cluster Exception Location[IP/ID]:[10.10.1.44/6], Arrival Time:[Mon Jul 27 15:47:17 2026], ExceptionType:[Stuck Occurred], Possible Reason:1.Host process is stuck, 2.Device task is stuck
(Worker_DP2_TP0_EP4 pid=233530) ERROR 07-27 15:49:06 [multiproc_executor.py:948] ]. Communicator information: [].
(Worker_DP2_TP0_EP4 pid=233530) ERROR 07-27 15:49:06 [multiproc_executor.py:948]         Possible Cause: 1. Network connection exception occurred during the SDMA task execution. 2. The peer process exits abnormally. 3. The input or output memory address is not allocated, the actual allocated size is smaller than the input data size, or the memory is freed before the operator execution is complete.
(Worker_DP2_TP0_EP4 pid=233530) ERROR 07-27 15:49:06 [multiproc_executor.py:948]         Solution: 1. Check whether the network link is abnormal during the execution. 2. Check whether a process in the cluster exits before an error is reported. If yes, locate the cause of the process exit. 3. Check whether the size of the input/output memory passed to the communication operator meets the expectation, and whether the input/output memory or communicator is freed or destroyed before the operator execution is complete.
(Worker_DP2_TP0_EP4 pid=233530) ERROR 07-27 15:49:06 [multiproc_executor.py:948]         TraceBack (most recent call last):
(Worker_DP2_TP0_EP4 pid=233530) ERROR 07-27 15:49:06 [multiproc_executor.py:948]         The error from device(chipId:2, dieId:0), serial number is 13, there is an exception of aivec error, core id is 40, error code = 0, dump info: pc start: 0x12c0de87ba0c, current: 0x12c0de89f0c4, vec error info: 0xad00000099, mte error info: 0xf603064c70, ifu error info: 0x217fffe01c000, ccu error info: 0x139161396880003f, cube error info: 0, biu error info: 0, aic error mask: 0x6500020bd00028c, para base: 0x12c1401d6000.[FUNC:PrintCoreInfo][FILE:device_error_core_proc.cc][LINE:645]
(Worker_DP2_TP0_EP4 pid=233530) ERROR 07-27 15:49:06 [multiproc_executor.py:948]         The extend info: errcode:(0, 0, 0) errorStr: timeout or trap error. fixp_error0 info: 0x3064c70, fixp_error1 info: 0xf6, fsmId:0, tslot:1, thread:0, ctxid:0, blk:4, sublk:0, subErrType:4.[FUNC:PrintCoreInfo][FILE:device_error_core_proc.cc][LINE:658]
(Worker_DP2_TP0_EP4 pid=233530) ERROR 07-27 15:49:06 [multiproc_executor.py:948]         The error from device(chipId:2, dieId:0), serial number is 13, there is an exception of aivec error, core id is 42, error code = 0, dump info: pc start: 0x12c0de87ba0c, current: 0x12c0de89f0c4, vec error info: 0xad00000cfe, mte error info: 0xf603064c70, ifu error info: 0x217fffe01c000, ccu error info: 0x699170e36880003f, cube error info: 0, biu error info: 0, aic error mask: 0x6500020bd00028c, para base: 0x12c1401d6000.[FUNC:PrintCoreInfo][FILE:device_error_core_proc.cc][LINE:645]
(Worker_DP2_TP0_EP4 pid=233530) ERROR 07-27 15:49:06 [multiproc_executor.py:948]         The extend info: errcode:(0, 0, 0) errorStr: timeout or trap error. fixp_error0 info: 0x3064c70, fixp_error1 info: 0xf6, fsmId:0, tslot:1, thread:0, ctxid:0, blk:6, sublk:0, subErrType:4.[FUNC:PrintCoreInfo][FILE:device_error_core_proc.cc][LINE:658]
(Worker_DP2_TP0_EP4 pid=233530) ERROR 07-27 15:49:06 [multiproc_executor.py:948]         The error from device(chipId:2, dieId:0), serial number is 13, there is an exception of aivec error, core id is 41, error code = 0, dump info: pc start: 0x12c0de87ba0c, current: 0x12c0de89f0c4, vec error info: 0xad00000099, mte error info: 0xf60307bc70, ifu error info: 0x217fffe01c000, ccu error info: 0x290f30ac6880003f, cube error info: 0, biu error info: 0, aic error mask: 0x6500020bd00028c, para base: 0x12c1401d6000.[FUNC:PrintCoreInfo][FILE:device_error_core_proc.cc][LINE:645]
(Worker_DP2_TP0_EP4 pid=233530) ERROR 07-27 15:49:06 [multiproc_executor.py:948]         The extend info: errcode:(0, 0, 0) errorStr: timeout or trap error. fixp_error0 info: 0x307bc70, fixp_error1 info: 0xf6, fsmId:1, tslot:1, thread:0, ctxid:0, blk:5, sublk:0, subErrType:4.[FUNC:PrintCoreInfo][FILE:device_error_core_proc.cc][LINE:658]
(Worker_DP2_TP0_EP4 pid=233530) ERROR 07-27 15:49:06 [multiproc_executor.py:948]         The error from device(chipId:2, dieId:0), serial number is 13, there is an exception of aivec error, core id is 43, error code = 0, dump info: pc start: 0x12c0de87ba0c, current: 0x12c0de89f0c4, vec error info: 0xad00000cfe, mte error info: 0xf603069c70, ifu error info: 0x217fffe01c000, ccu error info: 0x1b038cb96880003f, cube error info: 0, biu error info: 0, aic error mask: 0x6500020bd00028c, para base: 0x12c1401d6000.[FUNC:PrintCoreInfo][FILE:device_error_core_proc.cc][LINE:645]
(Worker_DP2_TP0_EP4 pid=233530) ERROR 07-27 15:49:06 [multiproc_executor.py:948]         The extend info: errcode:(0, 0, 0) errorStr: timeout or trap error. fixp_error0 info: 0x3069c70, fixp_error1 info: 0xf6, fsmId:1, tslot:1, thread:0, ctxid:0, blk:7, sublk:0, subErrType:4.[FUNC:PrintCoreInfo][FILE:device_error_core_proc.cc][LINE:658]
(Worker_DP2_TP0_EP4 pid=233530) ERROR 07-27 15:49:06 [multiproc_executor.py:948]         SDMA memory copy task exception occurred. Remote rank: [0]. Base information: [streamID:[2041], taskID[1], taskType[Task AIV], tag[], AlgType(level 0-1-2):[ring-ring-ring].]. Task information: [cmdType:[6], tag:[5], size:[688128], numBlocks:[8], rankSize:[2], aivRdmaStep:[-1], flagMem:[0x130f61a00000], isOpbase:[0]
(Worker_DP2_TP0_EP4 pid=233530) ERROR 07-27 15:49:06 [multiproc_executor.py:948] there are 9 abnormal device(s), only the first 3 devices are listed:
(Worker_DP2_TP0_EP4 pid=233530) ERROR 07-27 15:49:06 [multiproc_executor.py:948] 	[TaskExecStage][HeartbeatAbnormal]Cluster Exception Location[IP/ID]:[10.10.1.44/15], Arrival Time:[Mon Jul 27 15:47:17 2026], ExceptionType:[Stuck Occurred], Possible Reason:1.Host process is stuck, 2.Device task is stuck
(Worker_DP2_TP0_EP4 pid=233530) ERROR 07-27 15:49:06 [multiproc_executor.py:948] 	[TaskExecStage][HeartbeatAbnormal]Cluster Exception Location[IP/ID]:[10.10.1.44/7], Arrival Time:[Mon Jul 27 15:47:17 2026], ExceptionType:[Stuck Occurred], Possible Reason:1.Host process is stuck, 2.Device task is stuck
(Worker_DP2_TP0_EP4 pid=233530) ERROR 07-27 15:49:06 [multiproc_executor.py:948] 	[TaskExecStage][HeartbeatAbnormal]Cluster Exception Location[IP/ID]:[10.10.1.44/6], Arrival Time:[Mon Jul 27 15:47:17 2026], ExceptionType:[Stuck Occurred], Possible Reason:1.Host process is stuck, 2.Device task is stuck
(Worker_DP2_TP0_EP4 pid=233530) ERROR 07-27 15:49:06 [multiproc_executor.py:948] ]. Communicator information: [].
(Worker_DP2_TP0_EP4 pid=233530) ERROR 07-27 15:49:06 [multiproc_executor.py:948]         rtEventSynchronize execution failed, reason=the model stream execute failed[FUNC:FuncErrorReason][FILE:error_message_manage.cc][LINE:65]
(Worker_DP2_TP0_EP4 pid=233530) ERROR 07-27 15:49:06 [multiproc_executor.py:948]         wait event to be complete failed, runtime result = 507011[FUNC:ReportCallError][FILE:log_inner.cpp][LINE:148]
(Worker_DP2_TP0_EP4 pid=233530) ERROR 07-27 15:49:06 [multiproc_executor.py:948] 
(Worker_DP0_TP0_EP0 pid=233535) ERROR 07-27 15:49:06 [multiproc_executor.py:948] Error getting async model runner output
(Worker_DP0_TP0_EP0 pid=233535) ERROR 07-27 15:49:06 [multiproc_executor.py:948] Traceback (most recent call last):
(Worker_DP0_TP0_EP0 pid=233535) ERROR 07-27 15:49:06 [multiproc_executor.py:948]   File "/home/l00838859/cann/my-project/vllm/vllm/v1/executor/multiproc_executor.py", line 946, in enqueue_output
(Worker_DP0_TP0_EP0 pid=233535) ERROR 07-27 15:49:06 [multiproc_executor.py:948]     output = output.get_output()
(Worker_DP0_TP0_EP0 pid=233535) ERROR 07-27 15:49:06 [multiproc_executor.py:948]              ^^^^^^^^^^^^^^^^^^^
(Worker_DP0_TP0_EP0 pid=233535) ERROR 07-27 15:49:06 [multiproc_executor.py:948]   File "/home/l00838859/cann/my-project/vllm/vllm/v1/worker/gpu_model_runner.py", line 305, in get_output
(Worker_DP0_TP0_EP0 pid=233535) ERROR 07-27 15:49:06 [multiproc_executor.py:948]     self.async_copy_ready_event.synchronize()
(Worker_DP0_TP0_EP0 pid=233535) ERROR 07-27 15:49:06 [multiproc_executor.py:948]   File "/usr/local/lib/python3.11/site-packages/torch_npu/npu/streams.py", line 192, in synchronize
(Worker_DP0_TP0_EP0 pid=233535) ERROR 07-27 15:49:06 [multiproc_executor.py:948]     super(Event, self).synchronize()
(Worker_DP0_TP0_EP0 pid=233535) ERROR 07-27 15:49:06 [multiproc_executor.py:948] RuntimeError: synchronize:../torch_npu/csrc/core/npu/NPUEvent.cpp:212 NPU function error: aclrtSynchronizeEvent(event_), error code is 507011
(Worker_DP0_TP0_EP0 pid=233535) ERROR 07-27 15:49:06 [multiproc_executor.py:948] [ERROR] 2026-07-27-15:49:06 (PID:233535, Device:0, RankID:-1) ERR00100 PTA call acl api failed
(Worker_DP0_TP0_EP0 pid=233535) ERROR 07-27 15:49:06 [multiproc_executor.py:948] [Error]: Model execution failed. 
(Worker_DP0_TP0_EP0 pid=233535) ERROR 07-27 15:49:06 [multiproc_executor.py:948]         Rectify the fault based on the error information in the ascend log.
(Worker_DP0_TP0_EP0 pid=233535) ERROR 07-27 15:49:06 [multiproc_executor.py:948] [PID: 233535] 2026-07-27-15:49:06.453.058 Execution_Error_SDMA(EI0012): SDMA memory copy task exception occurred. Remote rank: [0]. Base information: [streamID:[81], taskID[1], taskType[Task AIV], tag[], AlgType(level 0-1-2):[ring-ring-ring].]. Task information: [cmdType:[6], tag:[5], size:[688128], numBlocks:[8], rankSize:[2], aivRdmaStep:[-1], flagMem:[0x130f61a00000], isOpbase:[0]
(Worker_DP0_TP0_EP0 pid=233535) ERROR 07-27 15:49:06 [multiproc_executor.py:948] there are 5 abnormal device(s), only the first 3 devices are listed:
(Worker_DP0_TP0_EP0 pid=233535) ERROR 07-27 15:49:06 [multiproc_executor.py:948] 	[TaskExecStage][HeartbeatAbnormal]Cluster Exception Location[IP/ID]:[10.10.1.44/2], Arrival Time:[Mon Jul 27 15:47:16 2026], ExceptionType:[Stuck Occurred], Possible Reason:1.Host process is stuck, 2.Device task is stuck
(Worker_DP0_TP0_EP0 pid=233535) ERROR 07-27 15:49:06 [multiproc_executor.py:948] 	[TaskExecStage][HeartbeatAbnormal]Cluster Exception Location[IP/ID]:[10.10.1.44/10], Arrival Time:[Mon Jul 27 15:47:17 2026], ExceptionType:[Stuck Occurred], Possible Reason:1.Host process is stuck, 2.Device task is stuck
(Worker_DP0_TP0_EP0 pid=233535) ERROR 07-27 15:49:06 [multiproc_executor.py:948] 	[TaskExecStage][HeartbeatAbnormal]Cluster Exception Location[IP/ID]:[10.10.1.44/8], Arrival Time:[Mon Jul 27 15:47:17 2026], ExceptionType:[Stuck Occurred], Possible Reason:1.Host process is stuck, 2.Device task is stuck
(Worker_DP0_TP0_EP0 pid=233535) ERROR 07-27 15:49:06 [multiproc_executor.py:948] ]. Communicator information: [].
(Worker_DP0_TP0_EP0 pid=233535) ERROR 07-27 15:49:06 [multiproc_executor.py:948]         Possible Cause: 1. Network connection exception occurred during the SDMA task execution. 2. The peer process exits abnormally. 3. The input or output memory address is not allocated, the actual allocated size is smaller than the input data size, or the memory is freed before the operator execution is complete.
(Worker_DP0_TP0_EP0 pid=233535) ERROR 07-27 15:49:06 [multiproc_executor.py:948]         Solution: 1. Check whether the network link is abnormal during the execution. 2. Check whether a process in the cluster exits before an error is reported. If yes, locate the cause of the process exit. 3. Check whether the size of the input/output memory passed to the communication operator meets the expectation, and whether the input/output memory or communicator is freed or destroyed before the operator execution is complete.
(Worker_DP0_TP0_EP0 pid=233535) ERROR 07-27 15:49:06 [multiproc_executor.py:948]         TraceBack (most recent call last):
(Worker_DP0_TP0_EP0 pid=233535) ERROR 07-27 15:49:06 [multiproc_executor.py:948]         The error from device(chipId:0, dieId:0), serial number is 21, there is an exception of aivec error, core id is 43, error code = 0, dump info: pc start: 0x12c0de87ba0c, current: 0x12c0de89f0c4, vec error info: 0xad00000bfe, mte error info: 0xf603069c70, ifu error info: 0x217ffbe014040, ccu error info: 0x3cc903dc6880003f, cube error info: 0, biu error info: 0, aic error mask: 0x6500020bd00028c, para base: 0x12c1401d6000.[FUNC:PrintCoreInfo][FILE:device_error_core_proc.cc][LINE:645]
(Worker_DP0_TP0_EP0 pid=233535) ERROR 07-27 15:49:06 [multiproc_executor.py:948]         The extend info: errcode:(0, 0, 0) errorStr: timeout or trap error. fixp_error0 info: 0x3069c70, fixp_error1 info: 0xf6, fsmId:0, tslot:6, thread:0, ctxid:0, blk:4, sublk:0, subErrType:4.[FUNC:PrintCoreInfo][FILE:device_error_core_proc.cc][LINE:658]
(Worker_DP0_TP0_EP0 pid=233535) ERROR 07-27 15:49:06 [multiproc_executor.py:948]         The error from device(chipId:0, dieId:0), serial number is 21, there is an exception of aivec error, core id is 44, error code = 0, dump info: pc start: 0x12c0de87ba0c, current: 0x12c0de89f0c4, vec error info: 0xad00000cfe, mte error info: 0xf603064c70, ifu error info: 0x20003c01c2800, ccu error info: 0x11490956880003f, cube error info: 0, biu error info: 0, aic error mask: 0x6500020bd00028c, para base: 0x12c1401d6000.[FUNC:PrintCoreInfo][FILE:device_error_core_proc.cc][LINE:645]
(Worker_DP0_TP0_EP0 pid=233535) ERROR 07-27 15:49:06 [multiproc_executor.py:948]         The extend info: errcode:(0, 0, 0) errorStr: timeout or trap error. fixp_error0 info: 0x3064c70, fixp_error1 info: 0xf6, fsmId:0, tslot:6, thread:0, ctxid:0, blk:5, sublk:0, subErrType:4.[FUNC:PrintCoreInfo][FILE:device_error_core_proc.cc][LINE:658]
(Worker_DP0_TP0_EP0 pid=233535) ERROR 07-27 15:49:06 [multiproc_executor.py:948]         The error from device(chipId:0, dieId:0), serial number is 21, there is an exception of aivec error, core id is 45, error code = 0, dump info: pc start: 0x12c0de87ba0c, current: 0x12c0de89f0c4, vec error info: 0xad00000cfe, mte error info: 0x4e060000c7, ifu error info: 0x217ffbe014040, ccu error info: 0x9b3919206880003f, cube error info: 0, biu error info: 0, aic error mask: 0x6500020bd00028c, para base: 0x12c1401d6000.[FUNC:PrintCoreInfo][FILE:device_error_core_proc.cc][LINE:645]
(Worker_DP0_TP0_EP0 pid=233535) ERROR 07-27 15:49:06 [multiproc_executor.py:948]         The extend info: errcode:(0, 0, 0) errorStr: timeout or trap error. fixp_error0 info: 0x60000c7, fixp_error1 info: 0x4e, fsmId:0, tslot:6, thread:0, ctxid:0, blk:6, sublk:0, subErrType:4.[FUNC:PrintCoreInfo][FILE:device_error_core_proc.cc][LINE:658]
(Worker_DP0_TP0_EP0 pid=233535) ERROR 07-27 15:49:06 [multiproc_executor.py:948]         The error from device(chipId:0, dieId:0), serial number is 21, there is an exception of aivec error, core id is 46, error code = 0, dump info: pc start: 0x12c0de87ba0c, current: 0x12c0de89f0c4, vec error info: 0xad00000cfe, mte error info: 0x4e060000c7, ifu error info: 0x20003c01c2800, ccu error info: 0x64aed8256880003f, cube error info: 0, biu error info: 0, aic error mask: 0x6500020bd00028c, para base: 0x12c1401d6000.[FUNC:PrintCoreInfo][FILE:device_error_core_proc.cc][LINE:645]
(Worker_DP0_TP0_EP0 pid=233535) ERROR 07-27 15:49:06 [multiproc_executor.py:948]         The extend info: errcode:(0, 0, 0) errorStr: timeout or trap error. fixp_error0 info: 0x60000c7, fixp_error1 info: 0x4e, fsmId:1, tslot:6, thread:0, ctxid:0, blk:7, sublk:0, subErrType:4.[FUNC:PrintCoreInfo][FILE:device_error_core_proc.cc][LINE:658]
(Worker_DP0_TP0_EP0 pid=233535) ERROR 07-27 15:49:06 [multiproc_executor.py:948]         SDMA memory copy task exception occurred. Remote rank: [0]. Base information: [streamID:[81], taskID[1], taskType[Task AIV], tag[], AlgType(level 0-1-2):[ring-ring-ring].]. Task information: [cmdType:[6], tag:[5], size:[688128], numBlocks:[8], rankSize:[2], aivRdmaStep:[-1], flagMem:[0x130f61a00000], isOpbase:[0]
(Worker_DP0_TP0_EP0 pid=233535) ERROR 07-27 15:49:06 [multiproc_executor.py:948] there are 5 abnormal device(s), only the first 3 devices are listed:
(Worker_DP0_TP0_EP0 pid=233535) ERROR 07-27 15:49:06 [multiproc_executor.py:948] 	[TaskExecStage][HeartbeatAbnormal]Cluster Exception Location[IP/ID]:[10.10.1.44/2], Arrival Time:[Mon Jul 27 15:47:16 2026], ExceptionType:[Stuck Occurred], Possible Reason:1.Host process is stuck, 2.Device task is stuck
(Worker_DP0_TP0_EP0 pid=233535) ERROR 07-27 15:49:06 [multiproc_executor.py:948] 	[TaskExecStage][HeartbeatAbnormal]Cluster Exception Location[IP/ID]:[10.10.1.44/10], Arrival Time:[Mon Jul 27 15:47:17 2026], ExceptionType:[Stuck Occurred], Possible Reason:1.Host process is stuck, 2.Device task is stuck
(Worker_DP0_TP0_EP0 pid=233535) ERROR 07-27 15:49:06 [multiproc_executor.py:948] 	[TaskExecStage][HeartbeatAbnormal]Cluster Exception Location[IP/ID]:[10.10.1.44/8], Arrival Time:[Mon Jul 27 15:47:17 2026], ExceptionType:[Stuck Occurred], Possible Reason:1.Host process is stuck, 2.Device task is stuck
(Worker_DP0_TP0_EP0 pid=233535) ERROR 07-27 15:49:06 [multiproc_executor.py:948] ]. Communicator information: [].
(Worker_DP0_TP0_EP0 pid=233535) ERROR 07-27 15:49:06 [multiproc_executor.py:948]         rtEventSynchronize execution failed, reason=the model stream execute failed[FUNC:FuncErrorReason][FILE:error_message_manage.cc][LINE:65]
(Worker_DP0_TP0_EP0 pid=233535) ERROR 07-27 15:49:06 [multiproc_executor.py:948]         wait event to be complete failed, runtime result = 507011[FUNC:ReportCallError][FILE:log_inner.cpp][LINE:148]
(Worker_DP0_TP0_EP0 pid=233535) ERROR 07-27 15:49:06 [multiproc_executor.py:948] 
(Worker_DP4_TP0_EP8 pid=233531) ERROR 07-27 15:49:06 [multiproc_executor.py:1007] WorkerProc hit an exception.
(Worker_DP4_TP0_EP8 pid=233531) ERROR 07-27 15:49:06 [multiproc_executor.py:1007] Traceback (most recent call last):
(Worker_DP4_TP0_EP8 pid=233531) ERROR 07-27 15:49:06 [multiproc_executor.py:1007]   File "/home/l00838859/cann/my-project/vllm/vllm/v1/executor/multiproc_executor.py", line 999, in worker_busy_loop
(Worker_DP4_TP0_EP8 pid=233531) ERROR 07-27 15:49:06 [multiproc_executor.py:1007]     output = func(*args, **kwargs)
(Worker_DP4_TP0_EP8 pid=233531) ERROR 07-27 15:49:06 [multiproc_executor.py:1007]              ^^^^^^^^^^^^^^^^^^^^^
(Worker_DP4_TP0_EP8 pid=233531) ERROR 07-27 15:49:06 [multiproc_executor.py:1007]   File "/home/l00838859/cann/my-project/vllm/vllm/v1/worker/worker_base.py", line 351, in execute_model
(Worker_DP4_TP0_EP8 pid=233531) ERROR 07-27 15:49:06 [multiproc_executor.py:1007]     return self.worker.execute_model(scheduler_output)
(Worker_DP4_TP0_EP8 pid=233531) ERROR 07-27 15:49:06 [multiproc_executor.py:1007]            ^^^^^^^^^^^^^^^^^^^^^^^^^^^^^^^^^^^^^^^^^^^
(Worker_DP4_TP0_EP8 pid=233531) ERROR 07-27 15:49:06 [multiproc_executor.py:1007]   File "/home/l00838859/cann/my-project/vllm-ascend/vllm_ascend/worker/worker.py", line 685, in execute_model
(Worker_DP4_TP0_EP8 pid=233531) ERROR 07-27 15:49:06 [multiproc_executor.py:1007]     output = self.model_runner.execute_model(scheduler_output, intermediate_tensors)
(Worker_DP4_TP0_EP8 pid=233531) ERROR 07-27 15:49:06 [multiproc_executor.py:1007]              ^^^^^^^^^^^^^^^^^^^^^^^^^^^^^^^^^^^^^^^^^^^^^^^^^^^^^^^^^^^^^^^^^^^^^^^
(Worker_DP4_TP0_EP8 pid=233531) ERROR 07-27 15:49:06 [multiproc_executor.py:1007]   File "/usr/local/lib/python3.11/site-packages/torch/utils/_contextlib.py", line 124, in decorate_context
(Worker_DP4_TP0_EP8 pid=233531) ERROR 07-27 15:49:06 [multiproc_executor.py:1007]     return func(*args, **kwargs)
(Worker_DP4_TP0_EP8 pid=233531) ERROR 07-27 15:49:06 [multiproc_executor.py:1007]            ^^^^^^^^^^^^^^^^^^^^^
(Worker_DP4_TP0_EP8 pid=233531) ERROR 07-27 15:49:06 [multiproc_executor.py:1007]   File "/home/l00838859/cann/my-project/vllm-ascend/vllm_ascend/worker/model_runner_v1.py", line 2346, in execute_model
(Worker_DP4_TP0_EP8 pid=233531) ERROR 07-27 15:49:06 [multiproc_executor.py:1007]     hidden_states = self._model_forward(
(Worker_DP4_TP0_EP8 pid=233531) ERROR 07-27 15:49:06 [multiproc_executor.py:1007]                     ^^^^^^^^^^^^^^^^^^^^
(Worker_DP4_TP0_EP8 pid=233531) ERROR 07-27 15:49:06 [multiproc_executor.py:1007]   File "/home/l00838859/cann/my-project/vllm-ascend/vllm_ascend/worker/model_runner_v1.py", line 2915, in _model_forward
(Worker_DP4_TP0_EP8 pid=233531) ERROR 07-27 15:49:06 [multiproc_executor.py:1007]     hidden_states = run_model()
(Worker_DP4_TP0_EP8 pid=233531) ERROR 07-27 15:49:06 [multiproc_executor.py:1007]                     ^^^^^^^^^^^
(Worker_DP4_TP0_EP8 pid=233531) ERROR 07-27 15:49:06 [multiproc_executor.py:1007]   File "/home/l00838859/cann/my-project/vllm-ascend/vllm_ascend/compilation/acl_graph.py", line 281, in __call__
(Worker_DP4_TP0_EP8 pid=233531) ERROR 07-27 15:49:06 [multiproc_executor.py:1007]     torch.npu.current_stream().synchronize()
(Worker_DP4_TP0_EP8 pid=233531) ERROR 07-27 15:49:06 [multiproc_executor.py:1007]   File "/usr/local/lib/python3.11/site-packages/torch_npu/npu/streams.py", line 85, in synchronize
(Worker_DP4_TP0_EP8 pid=233531) ERROR 07-27 15:49:06 [multiproc_executor.py:1007]     super(Stream, self).synchronize()
(Worker_DP4_TP0_EP8 pid=233531) ERROR 07-27 15:49:06 [multiproc_executor.py:1007] RuntimeError: synchronize:../torch_npu/csrc/core/npu/NPUStream.cpp:361 NPU function error: c10_npu::acl::AclrtSynchronizeStreamWithTimeout(stream()), error code is 507011
(Worker_DP4_TP0_EP8 pid=233531) ERROR 07-27 15:49:06 [multiproc_executor.py:1007] [ERROR] 2026-07-27-15:49:06 (PID:233531, Device:8, RankID:-1) ERR00100 PTA call acl api failed
(Worker_DP4_TP0_EP8 pid=233531) ERROR 07-27 15:49:06 [multiproc_executor.py:1007] [Error]: Model execution failed. 
(Worker_DP4_TP0_EP8 pid=233531) ERROR 07-27 15:49:06 [multiproc_executor.py:1007]         Rectify the fault based on the error information in the ascend log.
(Worker_DP4_TP0_EP8 pid=233531) ERROR 07-27 15:49:06 [multiproc_executor.py:1007] [PID: 233531] 2026-07-27-15:44:57.729.669 Communication_Error_Bind_IP_Port(EI0019): Failed to enable listening for the host network adapter socket. Reason: The IP address 10.10.1.44 and port 65536 have already been bound.
(Worker_DP4_TP0_EP8 pid=233531) ERROR 07-27 15:49:06 [multiproc_executor.py:1007]         Solution: 1. Check whether this port has been occupied by another process. If yes, you can make adjustment using the environment variable HCCL_IF_BASE_PORT and use sysctl -w net.ipv4.ip_local_reserved_ports=****-**** to adjust the scope of reserved ports. 2. Check whether the service process is started multiple times on a device during this service.
(Worker_DP4_TP0_EP8 pid=233531) ERROR 07-27 15:49:06 [multiproc_executor.py:1007]         TraceBack (most recent call last):
(Worker_DP4_TP0_EP8 pid=233531) ERROR 07-27 15:49:06 [multiproc_executor.py:1007]         rtStreamSynchronizeWithTimeout execution failed, reason=the model stream execute failed[FUNC:FuncErrorReason][FILE:error_message_manage.cc][LINE:65]
(Worker_DP4_TP0_EP8 pid=233531) ERROR 07-27 15:49:06 [multiproc_executor.py:1007]         synchronize stream with timeout failed, runtime result = 507011[FUNC:ReportCallError][FILE:log_inner.cpp][LINE:148]
(Worker_DP4_TP0_EP8 pid=233531) ERROR 07-27 15:49:06 [multiproc_executor.py:1007] 
(Worker_DP4_TP0_EP8 pid=233531) ERROR 07-27 15:49:06 [multiproc_executor.py:1007] Traceback (most recent call last):
(Worker_DP4_TP0_EP8 pid=233531) ERROR 07-27 15:49:06 [multiproc_executor.py:1007]   File "/home/l00838859/cann/my-project/vllm/vllm/v1/executor/multiproc_executor.py", line 999, in worker_busy_loop
(Worker_DP4_TP0_EP8 pid=233531) ERROR 07-27 15:49:06 [multiproc_executor.py:1007]     output = func(*args, **kwargs)
(Worker_DP4_TP0_EP8 pid=233531) ERROR 07-27 15:49:06 [multiproc_executor.py:1007]              ^^^^^^^^^^^^^^^^^^^^^
(Worker_DP4_TP0_EP8 pid=233531) ERROR 07-27 15:49:06 [multiproc_executor.py:1007]   File "/home/l00838859/cann/my-project/vllm/vllm/v1/worker/worker_base.py", line 351, in execute_model
(Worker_DP4_TP0_EP8 pid=233531) ERROR 07-27 15:49:06 [multiproc_executor.py:1007]     return self.worker.execute_model(scheduler_output)
(Worker_DP4_TP0_EP8 pid=233531) ERROR 07-27 15:49:06 [multiproc_executor.py:1007]            ^^^^^^^^^^^^^^^^^^^^^^^^^^^^^^^^^^^^^^^^^^^
(Worker_DP4_TP0_EP8 pid=233531) ERROR 07-27 15:49:06 [multiproc_executor.py:1007]   File "/home/l00838859/cann/my-project/vllm-ascend/vllm_ascend/worker/worker.py", line 685, in execute_model
(Worker_DP4_TP0_EP8 pid=233531) ERROR 07-27 15:49:06 [multiproc_executor.py:1007]     output = self.model_runner.execute_model(scheduler_output, intermediate_tensors)
(Worker_DP4_TP0_EP8 pid=233531) ERROR 07-27 15:49:06 [multiproc_executor.py:1007]              ^^^^^^^^^^^^^^^^^^^^^^^^^^^^^^^^^^^^^^^^^^^^^^^^^^^^^^^^^^^^^^^^^^^^^^^
(Worker_DP4_TP0_EP8 pid=233531) ERROR 07-27 15:49:06 [multiproc_executor.py:1007]   File "/usr/local/lib/python3.11/site-packages/torch/utils/_contextlib.py", line 124, in decorate_context
(Worker_DP4_TP0_EP8 pid=233531) ERROR 07-27 15:49:06 [multiproc_executor.py:1007]     return func(*args, **kwargs)
(Worker_DP4_TP0_EP8 pid=233531) ERROR 07-27 15:49:06 [multiproc_executor.py:1007]            ^^^^^^^^^^^^^^^^^^^^^
(Worker_DP4_TP0_EP8 pid=233531) ERROR 07-27 15:49:06 [multiproc_executor.py:1007]   File "/home/l00838859/cann/my-project/vllm-ascend/vllm_ascend/worker/model_runner_v1.py", line 2346, in execute_model
(Worker_DP4_TP0_EP8 pid=233531) ERROR 07-27 15:49:06 [multiproc_executor.py:1007]     hidden_states = self._model_forward(
(Worker_DP4_TP0_EP8 pid=233531) ERROR 07-27 15:49:06 [multiproc_executor.py:1007]                     ^^^^^^^^^^^^^^^^^^^^
(Worker_DP4_TP0_EP8 pid=233531) ERROR 07-27 15:49:06 [multiproc_executor.py:1007]   File "/home/l00838859/cann/my-project/vllm-ascend/vllm_ascend/worker/model_runner_v1.py", line 2915, in _model_forward
(Worker_DP4_TP0_EP8 pid=233531) ERROR 07-27 15:49:06 [multiproc_executor.py:1007]     hidden_states = run_model()
(Worker_DP4_TP0_EP8 pid=233531) ERROR 07-27 15:49:06 [multiproc_executor.py:1007]                     ^^^^^^^^^^^
(Worker_DP4_TP0_EP8 pid=233531) ERROR 07-27 15:49:06 [multiproc_executor.py:1007]   File "/home/l00838859/cann/my-project/vllm-ascend/vllm_ascend/compilation/acl_graph.py", line 281, in __call__
(Worker_DP4_TP0_EP8 pid=233531) ERROR 07-27 15:49:06 [multiproc_executor.py:1007]     torch.npu.current_stream().synchronize()
(Worker_DP4_TP0_EP8 pid=233531) ERROR 07-27 15:49:06 [multiproc_executor.py:1007]   File "/usr/local/lib/python3.11/site-packages/torch_npu/npu/streams.py", line 85, in synchronize
(Worker_DP4_TP0_EP8 pid=233531) ERROR 07-27 15:49:06 [multiproc_executor.py:1007]     super(Stream, self).synchronize()
(Worker_DP4_TP0_EP8 pid=233531) ERROR 07-27 15:49:06 [multiproc_executor.py:1007] RuntimeError: synchronize:../torch_npu/csrc/core/npu/NPUStream.cpp:361 NPU function error: c10_npu::acl::AclrtSynchronizeStreamWithTimeout(stream()), error code is 507011
(Worker_DP4_TP0_EP8 pid=233531) ERROR 07-27 15:49:06 [multiproc_executor.py:1007] [ERROR] 2026-07-27-15:49:06 (PID:233531, Device:8, RankID:-1) ERR00100 PTA call acl api failed
(Worker_DP4_TP0_EP8 pid=233531) ERROR 07-27 15:49:06 [multiproc_executor.py:1007] [Error]: Model execution failed. 
(Worker_DP4_TP0_EP8 pid=233531) ERROR 07-27 15:49:06 [multiproc_executor.py:1007]         Rectify the fault based on the error information in the ascend log.
(Worker_DP4_TP0_EP8 pid=233531) ERROR 07-27 15:49:06 [multiproc_executor.py:1007] [PID: 233531] 2026-07-27-15:44:57.729.669 Communication_Error_Bind_IP_Port(EI0019): Failed to enable listening for the host network adapter socket. Reason: The IP address 10.10.1.44 and port 65536 have already been bound.
(Worker_DP4_TP0_EP8 pid=233531) ERROR 07-27 15:49:06 [multiproc_executor.py:1007]         Solution: 1. Check whether this port has been occupied by another process. If yes, you can make adjustment using the environment variable HCCL_IF_BASE_PORT and use sysctl -w net.ipv4.ip_local_reserved_ports=****-**** to adjust the scope of reserved ports. 2. Check whether the service process is started multiple times on a device during this service.
(Worker_DP4_TP0_EP8 pid=233531) ERROR 07-27 15:49:06 [multiproc_executor.py:1007]         TraceBack (most recent call last):
(Worker_DP4_TP0_EP8 pid=233531) ERROR 07-27 15:49:06 [multiproc_executor.py:1007]         rtStreamSynchronizeWithTimeout execution failed, reason=the model stream execute failed[FUNC:FuncErrorReason][FILE:error_message_manage.cc][LINE:65]
(Worker_DP4_TP0_EP8 pid=233531) ERROR 07-27 15:49:06 [multiproc_executor.py:1007]         synchronize stream with timeout failed, runtime result = 507011[FUNC:ReportCallError][FILE:log_inner.cpp][LINE:148]
(Worker_DP4_TP0_EP8 pid=233531) ERROR 07-27 15:49:06 [multiproc_executor.py:1007] 
(Worker_DP4_TP0_EP8 pid=233531) ERROR 07-27 15:49:06 [multiproc_executor.py:1007] 
(Worker_DP2_TP0_EP4 pid=233530) ERROR 07-27 15:49:06 [multiproc_executor.py:1007] WorkerProc hit an exception.
(Worker_DP2_TP0_EP4 pid=233530) ERROR 07-27 15:49:06 [multiproc_executor.py:1007] Traceback (most recent call last):
(Worker_DP2_TP0_EP4 pid=233530) ERROR 07-27 15:49:06 [multiproc_executor.py:1007]   File "/home/l00838859/cann/my-project/vllm/vllm/v1/executor/multiproc_executor.py", line 999, in worker_busy_loop
(Worker_DP2_TP0_EP4 pid=233530) ERROR 07-27 15:49:06 [multiproc_executor.py:1007]     output = func(*args, **kwargs)
(Worker_DP2_TP0_EP4 pid=233530) ERROR 07-27 15:49:06 [multiproc_executor.py:1007]              ^^^^^^^^^^^^^^^^^^^^^
(Worker_DP2_TP0_EP4 pid=233530) ERROR 07-27 15:49:06 [multiproc_executor.py:1007]   File "/home/l00838859/cann/my-project/vllm/vllm/v1/worker/worker_base.py", line 351, in execute_model
(Worker_DP2_TP0_EP4 pid=233530) ERROR 07-27 15:49:06 [multiproc_executor.py:1007]     return self.worker.execute_model(scheduler_output)
(Worker_DP2_TP0_EP4 pid=233530) ERROR 07-27 15:49:06 [multiproc_executor.py:1007]            ^^^^^^^^^^^^^^^^^^^^^^^^^^^^^^^^^^^^^^^^^^^
(Worker_DP2_TP0_EP4 pid=233530) ERROR 07-27 15:49:06 [multiproc_executor.py:1007]   File "/home/l00838859/cann/my-project/vllm-ascend/vllm_ascend/worker/worker.py", line 685, in execute_model
(Worker_DP2_TP0_EP4 pid=233530) ERROR 07-27 15:49:06 [multiproc_executor.py:1007]     output = self.model_runner.execute_model(scheduler_output, intermediate_tensors)
(Worker_DP2_TP0_EP4 pid=233530) ERROR 07-27 15:49:06 [multiproc_executor.py:1007]              ^^^^^^^^^^^^^^^^^^^^^^^^^^^^^^^^^^^^^^^^^^^^^^^^^^^^^^^^^^^^^^^^^^^^^^^
(Worker_DP2_TP0_EP4 pid=233530) ERROR 07-27 15:49:06 [multiproc_executor.py:1007]   File "/usr/local/lib/python3.11/site-packages/torch/utils/_contextlib.py", line 124, in decorate_context
(Worker_DP2_TP0_EP4 pid=233530) ERROR 07-27 15:49:06 [multiproc_executor.py:1007]     return func(*args, **kwargs)
(Worker_DP2_TP0_EP4 pid=233530) ERROR 07-27 15:49:06 [multiproc_executor.py:1007]            ^^^^^^^^^^^^^^^^^^^^^
(Worker_DP2_TP0_EP4 pid=233530) ERROR 07-27 15:49:06 [multiproc_executor.py:1007]   File "/home/l00838859/cann/my-project/vllm-ascend/vllm_ascend/worker/model_runner_v1.py", line 2346, in execute_model
(Worker_DP2_TP0_EP4 pid=233530) ERROR 07-27 15:49:06 [multiproc_executor.py:1007]     hidden_states = self._model_forward(
(Worker_DP2_TP0_EP4 pid=233530) ERROR 07-27 15:49:06 [multiproc_executor.py:1007]                     ^^^^^^^^^^^^^^^^^^^^
(Worker_DP2_TP0_EP4 pid=233530) ERROR 07-27 15:49:06 [multiproc_executor.py:1007]   File "/home/l00838859/cann/my-project/vllm-ascend/vllm_ascend/worker/model_runner_v1.py", line 2915, in _model_forward
(Worker_DP2_TP0_EP4 pid=233530) ERROR 07-27 15:49:06 [multiproc_executor.py:1007]     hidden_states = run_model()
(Worker_DP2_TP0_EP4 pid=233530) ERROR 07-27 15:49:06 [multiproc_executor.py:1007]                     ^^^^^^^^^^^
(Worker_DP2_TP0_EP4 pid=233530) ERROR 07-27 15:49:06 [multiproc_executor.py:1007]   File "/home/l00838859/cann/my-project/vllm-ascend/vllm_ascend/compilation/acl_graph.py", line 281, in __call__
(Worker_DP2_TP0_EP4 pid=233530) ERROR 07-27 15:49:06 [multiproc_executor.py:1007]     torch.npu.current_stream().synchronize()
(Worker_DP2_TP0_EP4 pid=233530) ERROR 07-27 15:49:06 [multiproc_executor.py:1007]   File "/usr/local/lib/python3.11/site-packages/torch_npu/npu/streams.py", line 85, in synchronize
(Worker_DP2_TP0_EP4 pid=233530) ERROR 07-27 15:49:06 [multiproc_executor.py:1007]     super(Stream, self).synchronize()
(Worker_DP2_TP0_EP4 pid=233530) ERROR 07-27 15:49:06 [multiproc_executor.py:1007] RuntimeError: synchronize:../torch_npu/csrc/core/npu/NPUStream.cpp:361 NPU function error: c10_npu::acl::AclrtSynchronizeStreamWithTimeout(stream()), error code is 507011
(Worker_DP2_TP0_EP4 pid=233530) ERROR 07-27 15:49:06 [multiproc_executor.py:1007] [ERROR] 2026-07-27-15:49:06 (PID:233530, Device:4, RankID:-1) ERR00100 PTA call acl api failed
(Worker_DP2_TP0_EP4 pid=233530) ERROR 07-27 15:49:06 [multiproc_executor.py:1007] [Error]: Model execution failed. 
(Worker_DP2_TP0_EP4 pid=233530) ERROR 07-27 15:49:06 [multiproc_executor.py:1007]         Rectify the fault based on the error information in the ascend log.
(Worker_DP2_TP0_EP4 pid=233530) ERROR 07-27 15:49:06 [multiproc_executor.py:1007] EE9999: Inner Error!
(Worker_DP2_TP0_EP4 pid=233530) ERROR 07-27 15:49:06 [multiproc_executor.py:1007] EE9999[PID: 233530] 2026-07-27-15:49:06.452.739 (EE9999):  rtStreamSynchronizeWithTimeout execution failed, reason=the model stream execute failed[FUNC:FuncErrorReason][FILE:error_message_manage.cc][LINE:65]
(Worker_DP2_TP0_EP4 pid=233530) ERROR 07-27 15:49:06 [multiproc_executor.py:1007]         TraceBack (most recent call last):
(Worker_DP2_TP0_EP4 pid=233530) ERROR 07-27 15:49:06 [multiproc_executor.py:1007]        synchronize stream with timeout failed, runtime result = 507011[FUNC:ReportCallError][FILE:log_inner.cpp][LINE:148]
(Worker_DP2_TP0_EP4 pid=233530) ERROR 07-27 15:49:06 [multiproc_executor.py:1007] 
(Worker_DP2_TP0_EP4 pid=233530) ERROR 07-27 15:49:06 [multiproc_executor.py:1007] Traceback (most recent call last):
(Worker_DP2_TP0_EP4 pid=233530) ERROR 07-27 15:49:06 [multiproc_executor.py:1007]   File "/home/l00838859/cann/my-project/vllm/vllm/v1/executor/multiproc_executor.py", line 999, in worker_busy_loop
(Worker_DP2_TP0_EP4 pid=233530) ERROR 07-27 15:49:06 [multiproc_executor.py:1007]     output = func(*args, **kwargs)
(Worker_DP2_TP0_EP4 pid=233530) ERROR 07-27 15:49:06 [multiproc_executor.py:1007]              ^^^^^^^^^^^^^^^^^^^^^
(Worker_DP2_TP0_EP4 pid=233530) ERROR 07-27 15:49:06 [multiproc_executor.py:1007]   File "/home/l00838859/cann/my-project/vllm/vllm/v1/worker/worker_base.py", line 351, in execute_model
(Worker_DP2_TP0_EP4 pid=233530) ERROR 07-27 15:49:06 [multiproc_executor.py:1007]     return self.worker.execute_model(scheduler_output)
(Worker_DP2_TP0_EP4 pid=233530) ERROR 07-27 15:49:06 [multiproc_executor.py:1007]            ^^^^^^^^^^^^^^^^^^^^^^^^^^^^^^^^^^^^^^^^^^^
(Worker_DP2_TP0_EP4 pid=233530) ERROR 07-27 15:49:06 [multiproc_executor.py:1007]   File "/home/l00838859/cann/my-project/vllm-ascend/vllm_ascend/worker/worker.py", line 685, in execute_model
(Worker_DP2_TP0_EP4 pid=233530) ERROR 07-27 15:49:06 [multiproc_executor.py:1007]     output = self.model_runner.execute_model(scheduler_output, intermediate_tensors)
(Worker_DP2_TP0_EP4 pid=233530) ERROR 07-27 15:49:06 [multiproc_executor.py:1007]              ^^^^^^^^^^^^^^^^^^^^^^^^^^^^^^^^^^^^^^^^^^^^^^^^^^^^^^^^^^^^^^^^^^^^^^^
(Worker_DP2_TP0_EP4 pid=233530) ERROR 07-27 15:49:06 [multiproc_executor.py:1007]   File "/usr/local/lib/python3.11/site-packages/torch/utils/_contextlib.py", line 124, in decorate_context
(Worker_DP2_TP0_EP4 pid=233530) ERROR 07-27 15:49:06 [multiproc_executor.py:1007]     return func(*args, **kwargs)
(Worker_DP2_TP0_EP4 pid=233530) ERROR 07-27 15:49:06 [multiproc_executor.py:1007]            ^^^^^^^^^^^^^^^^^^^^^
(Worker_DP2_TP0_EP4 pid=233530) ERROR 07-27 15:49:06 [multiproc_executor.py:1007]   File "/home/l00838859/cann/my-project/vllm-ascend/vllm_ascend/worker/model_runner_v1.py", line 2346, in execute_model
(Worker_DP2_TP0_EP4 pid=233530) ERROR 07-27 15:49:06 [multiproc_executor.py:1007]     hidden_states = self._model_forward(
(Worker_DP2_TP0_EP4 pid=233530) ERROR 07-27 15:49:06 [multiproc_executor.py:1007]                     ^^^^^^^^^^^^^^^^^^^^
(Worker_DP2_TP0_EP4 pid=233530) ERROR 07-27 15:49:06 [multiproc_executor.py:1007]   File "/home/l00838859/cann/my-project/vllm-ascend/vllm_ascend/worker/model_runner_v1.py", line 2915, in _model_forward
(Worker_DP2_TP0_EP4 pid=233530) ERROR 07-27 15:49:06 [multiproc_executor.py:1007]     hidden_states = run_model()
(Worker_DP2_TP0_EP4 pid=233530) ERROR 07-27 15:49:06 [multiproc_executor.py:1007]                     ^^^^^^^^^^^
(Worker_DP2_TP0_EP4 pid=233530) ERROR 07-27 15:49:06 [multiproc_executor.py:1007]   File "/home/l00838859/cann/my-project/vllm-ascend/vllm_ascend/compilation/acl_graph.py", line 281, in __call__
(Worker_DP2_TP0_EP4 pid=233530) ERROR 07-27 15:49:06 [multiproc_executor.py:1007]     torch.npu.current_stream().synchronize()
(Worker_DP2_TP0_EP4 pid=233530) ERROR 07-27 15:49:06 [multiproc_executor.py:1007]   File "/usr/local/lib/python3.11/site-packages/torch_npu/npu/streams.py", line 85, in synchronize
(Worker_DP2_TP0_EP4 pid=233530) ERROR 07-27 15:49:06 [multiproc_executor.py:1007]     super(Stream, self).synchronize()
(Worker_DP2_TP0_EP4 pid=233530) ERROR 07-27 15:49:06 [multiproc_executor.py:1007] RuntimeError: synchronize:../torch_npu/csrc/core/npu/NPUStream.cpp:361 NPU function error: c10_npu::acl::AclrtSynchronizeStreamWithTimeout(stream()), error code is 507011
(Worker_DP2_TP0_EP4 pid=233530) ERROR 07-27 15:49:06 [multiproc_executor.py:1007] [ERROR] 2026-07-27-15:49:06 (PID:233530, Device:4, RankID:-1) ERR00100 PTA call acl api failed
(Worker_DP2_TP0_EP4 pid=233530) ERROR 07-27 15:49:06 [multiproc_executor.py:1007] [Error]: Model execution failed. 
(Worker_DP2_TP0_EP4 pid=233530) ERROR 07-27 15:49:06 [multiproc_executor.py:1007]         Rectify the fault based on the error information in the ascend log.
(Worker_DP2_TP0_EP4 pid=233530) ERROR 07-27 15:49:06 [multiproc_executor.py:1007] EE9999: Inner Error!
(Worker_DP2_TP0_EP4 pid=233530) ERROR 07-27 15:49:06 [multiproc_executor.py:1007] EE9999[PID: 233530] 2026-07-27-15:49:06.452.739 (EE9999):  rtStreamSynchronizeWithTimeout execution failed, reason=the model stream execute failed[FUNC:FuncErrorReason][FILE:error_message_manage.cc][LINE:65]
(Worker_DP2_TP0_EP4 pid=233530) ERROR 07-27 15:49:06 [multiproc_executor.py:1007]         TraceBack (most recent call last):
(Worker_DP2_TP0_EP4 pid=233530) ERROR 07-27 15:49:06 [multiproc_executor.py:1007]        synchronize stream with timeout failed, runtime result = 507011[FUNC:ReportCallError][FILE:log_inner.cpp][LINE:148]
(Worker_DP2_TP0_EP4 pid=233530) ERROR 07-27 15:49:06 [multiproc_executor.py:1007] 
(Worker_DP2_TP0_EP4 pid=233530) ERROR 07-27 15:49:06 [multiproc_executor.py:1007] 
(Worker_DP0_TP0_EP0 pid=233535) ERROR 07-27 15:49:06 [multiproc_executor.py:1007] WorkerProc hit an exception.
(Worker_DP0_TP0_EP0 pid=233535) ERROR 07-27 15:49:06 [multiproc_executor.py:1007] Traceback (most recent call last):
(Worker_DP0_TP0_EP0 pid=233535) ERROR 07-27 15:49:06 [multiproc_executor.py:1007]   File "/home/l00838859/cann/my-project/vllm/vllm/v1/executor/multiproc_executor.py", line 999, in worker_busy_loop
(Worker_DP0_TP0_EP0 pid=233535) ERROR 07-27 15:49:06 [multiproc_executor.py:1007]     output = func(*args, **kwargs)
(Worker_DP0_TP0_EP0 pid=233535) ERROR 07-27 15:49:06 [multiproc_executor.py:1007]              ^^^^^^^^^^^^^^^^^^^^^
(Worker_DP0_TP0_EP0 pid=233535) ERROR 07-27 15:49:06 [multiproc_executor.py:1007]   File "/home/l00838859/cann/my-project/vllm/vllm/v1/worker/worker_base.py", line 351, in execute_model
(Worker_DP0_TP0_EP0 pid=233535) ERROR 07-27 15:49:06 [multiproc_executor.py:1007]     return self.worker.execute_model(scheduler_output)
(Worker_DP0_TP0_EP0 pid=233535) ERROR 07-27 15:49:06 [multiproc_executor.py:1007]            ^^^^^^^^^^^^^^^^^^^^^^^^^^^^^^^^^^^^^^^^^^^
(Worker_DP0_TP0_EP0 pid=233535) ERROR 07-27 15:49:06 [multiproc_executor.py:1007]   File "/home/l00838859/cann/my-project/vllm-ascend/vllm_ascend/worker/worker.py", line 685, in execute_model
(Worker_DP0_TP0_EP0 pid=233535) ERROR 07-27 15:49:06 [multiproc_executor.py:1007]     output = self.model_runner.execute_model(scheduler_output, intermediate_tensors)
(Worker_DP0_TP0_EP0 pid=233535) ERROR 07-27 15:49:06 [multiproc_executor.py:1007]              ^^^^^^^^^^^^^^^^^^^^^^^^^^^^^^^^^^^^^^^^^^^^^^^^^^^^^^^^^^^^^^^^^^^^^^^
(Worker_DP0_TP0_EP0 pid=233535) ERROR 07-27 15:49:06 [multiproc_executor.py:1007]   File "/usr/local/lib/python3.11/site-packages/torch/utils/_contextlib.py", line 124, in decorate_context
(Worker_DP0_TP0_EP0 pid=233535) ERROR 07-27 15:49:06 [multiproc_executor.py:1007]     return func(*args, **kwargs)
(Worker_DP0_TP0_EP0 pid=233535) ERROR 07-27 15:49:06 [multiproc_executor.py:1007]            ^^^^^^^^^^^^^^^^^^^^^
(Worker_DP0_TP0_EP0 pid=233535) ERROR 07-27 15:49:06 [multiproc_executor.py:1007]   File "/home/l00838859/cann/my-project/vllm-ascend/vllm_ascend/worker/model_runner_v1.py", line 2346, in execute_model
(Worker_DP0_TP0_EP0 pid=233535) ERROR 07-27 15:49:06 [multiproc_executor.py:1007]     hidden_states = self._model_forward(
(Worker_DP0_TP0_EP0 pid=233535) ERROR 07-27 15:49:06 [multiproc_executor.py:1007]                     ^^^^^^^^^^^^^^^^^^^^
(Worker_DP0_TP0_EP0 pid=233535) ERROR 07-27 15:49:06 [multiproc_executor.py:1007]   File "/home/l00838859/cann/my-project/vllm-ascend/vllm_ascend/worker/model_runner_v1.py", line 2915, in _model_forward
(Worker_DP0_TP0_EP0 pid=233535) ERROR 07-27 15:49:06 [multiproc_executor.py:1007]     hidden_states = run_model()
(Worker_DP0_TP0_EP0 pid=233535) ERROR 07-27 15:49:06 [multiproc_executor.py:1007]                     ^^^^^^^^^^^
(Worker_DP0_TP0_EP0 pid=233535) ERROR 07-27 15:49:06 [multiproc_executor.py:1007]   File "/home/l00838859/cann/my-project/vllm-ascend/vllm_ascend/compilation/acl_graph.py", line 281, in __call__
(Worker_DP0_TP0_EP0 pid=233535) ERROR 07-27 15:49:06 [multiproc_executor.py:1007]     torch.npu.current_stream().synchronize()
(Worker_DP0_TP0_EP0 pid=233535) ERROR 07-27 15:49:06 [multiproc_executor.py:1007]   File "/usr/local/lib/python3.11/site-packages/torch_npu/npu/streams.py", line 85, in synchronize
(Worker_DP0_TP0_EP0 pid=233535) ERROR 07-27 15:49:06 [multiproc_executor.py:1007]     super(Stream, self).synchronize()
(Worker_DP0_TP0_EP0 pid=233535) ERROR 07-27 15:49:06 [multiproc_executor.py:1007] RuntimeError: synchronize:../torch_npu/csrc/core/npu/NPUStream.cpp:361 NPU function error: c10_npu::acl::AclrtSynchronizeStreamWithTimeout(stream()), error code is 507011
(Worker_DP0_TP0_EP0 pid=233535) ERROR 07-27 15:49:06 [multiproc_executor.py:1007] [ERROR] 2026-07-27-15:49:06 (PID:233535, Device:0, RankID:-1) ERR00100 PTA call acl api failed
(Worker_DP0_TP0_EP0 pid=233535) ERROR 07-27 15:49:06 [multiproc_executor.py:1007] [Error]: Model execution failed. 
(Worker_DP0_TP0_EP0 pid=233535) ERROR 07-27 15:49:06 [multiproc_executor.py:1007]         Rectify the fault based on the error information in the ascend log.
(Worker_DP0_TP0_EP0 pid=233535) ERROR 07-27 15:49:06 [multiproc_executor.py:1007] EE9999: Inner Error!
(Worker_DP0_TP0_EP0 pid=233535) ERROR 07-27 15:49:06 [multiproc_executor.py:1007] EE9999[PID: 233535] 2026-07-27-15:49:06.453.661 (EE9999):  rtStreamSynchronizeWithTimeout execution failed, reason=the model stream execute failed[FUNC:FuncErrorReason][FILE:error_message_manage.cc][LINE:65]
(Worker_DP0_TP0_EP0 pid=233535) ERROR 07-27 15:49:06 [multiproc_executor.py:1007]         TraceBack (most recent call last):
(Worker_DP0_TP0_EP0 pid=233535) ERROR 07-27 15:49:06 [multiproc_executor.py:1007]        synchronize stream with timeout failed, runtime result = 507011[FUNC:ReportCallError][FILE:log_inner.cpp][LINE:148]
(Worker_DP0_TP0_EP0 pid=233535) ERROR 07-27 15:49:06 [multiproc_executor.py:1007] 
(Worker_DP0_TP0_EP0 pid=233535) ERROR 07-27 15:49:06 [multiproc_executor.py:1007] Traceback (most recent call last):
(Worker_DP0_TP0_EP0 pid=233535) ERROR 07-27 15:49:06 [multiproc_executor.py:1007]   File "/home/l00838859/cann/my-project/vllm/vllm/v1/executor/multiproc_executor.py", line 999, in worker_busy_loop
(Worker_DP0_TP0_EP0 pid=233535) ERROR 07-27 15:49:06 [multiproc_executor.py:1007]     output = func(*args, **kwargs)
(Worker_DP0_TP0_EP0 pid=233535) ERROR 07-27 15:49:06 [multiproc_executor.py:1007]              ^^^^^^^^^^^^^^^^^^^^^
(Worker_DP0_TP0_EP0 pid=233535) ERROR 07-27 15:49:06 [multiproc_executor.py:1007]   File "/home/l00838859/cann/my-project/vllm/vllm/v1/worker/worker_base.py", line 351, in execute_model
(Worker_DP0_TP0_EP0 pid=233535) ERROR 07-27 15:49:06 [multiproc_executor.py:1007]     return self.worker.execute_model(scheduler_output)
(Worker_DP0_TP0_EP0 pid=233535) ERROR 07-27 15:49:06 [multiproc_executor.py:1007]            ^^^^^^^^^^^^^^^^^^^^^^^^^^^^^^^^^^^^^^^^^^^
(Worker_DP0_TP0_EP0 pid=233535) ERROR 07-27 15:49:06 [multiproc_executor.py:1007]   File "/home/l00838859/cann/my-project/vllm-ascend/vllm_ascend/worker/worker.py", line 685, in execute_model
(Worker_DP0_TP0_EP0 pid=233535) ERROR 07-27 15:49:06 [multiproc_executor.py:1007]     output = self.model_runner.execute_model(scheduler_output, intermediate_tensors)
(Worker_DP0_TP0_EP0 pid=233535) ERROR 07-27 15:49:06 [multiproc_executor.py:1007]              ^^^^^^^^^^^^^^^^^^^^^^^^^^^^^^^^^^^^^^^^^^^^^^^^^^^^^^^^^^^^^^^^^^^^^^^
(Worker_DP0_TP0_EP0 pid=233535) ERROR 07-27 15:49:06 [multiproc_executor.py:1007]   File "/usr/local/lib/python3.11/site-packages/torch/utils/_contextlib.py", line 124, in decorate_context
(Worker_DP0_TP0_EP0 pid=233535) ERROR 07-27 15:49:06 [multiproc_executor.py:1007]     return func(*args, **kwargs)
(Worker_DP0_TP0_EP0 pid=233535) ERROR 07-27 15:49:06 [multiproc_executor.py:1007]            ^^^^^^^^^^^^^^^^^^^^^
(Worker_DP0_TP0_EP0 pid=233535) ERROR 07-27 15:49:06 [multiproc_executor.py:1007]   File "/home/l00838859/cann/my-project/vllm-ascend/vllm_ascend/worker/model_runner_v1.py", line 2346, in execute_model
(Worker_DP0_TP0_EP0 pid=233535) ERROR 07-27 15:49:06 [multiproc_executor.py:1007]     hidden_states = self._model_forward(
(Worker_DP0_TP0_EP0 pid=233535) ERROR 07-27 15:49:06 [multiproc_executor.py:1007]                     ^^^^^^^^^^^^^^^^^^^^
(Worker_DP0_TP0_EP0 pid=233535) ERROR 07-27 15:49:06 [multiproc_executor.py:1007]   File "/home/l00838859/cann/my-project/vllm-ascend/vllm_ascend/worker/model_runner_v1.py", line 2915, in _model_forward
(Worker_DP0_TP0_EP0 pid=233535) ERROR 07-27 15:49:06 [multiproc_executor.py:1007]     hidden_states = run_model()
(Worker_DP0_TP0_EP0 pid=233535) ERROR 07-27 15:49:06 [multiproc_executor.py:1007]                     ^^^^^^^^^^^
(Worker_DP0_TP0_EP0 pid=233535) ERROR 07-27 15:49:06 [multiproc_executor.py:1007]   File "/home/l00838859/cann/my-project/vllm-ascend/vllm_ascend/compilation/acl_graph.py", line 281, in __call__
(Worker_DP0_TP0_EP0 pid=233535) ERROR 07-27 15:49:06 [multiproc_executor.py:1007]     torch.npu.current_stream().synchronize()
(Worker_DP0_TP0_EP0 pid=233535) ERROR 07-27 15:49:06 [multiproc_executor.py:1007]   File "/usr/local/lib/python3.11/site-packages/torch_npu/npu/streams.py", line 85, in synchronize
(Worker_DP0_TP0_EP0 pid=233535) ERROR 07-27 15:49:06 [multiproc_executor.py:1007]     super(Stream, self).synchronize()
(Worker_DP0_TP0_EP0 pid=233535) ERROR 07-27 15:49:06 [multiproc_executor.py:1007] RuntimeError: synchronize:../torch_npu/csrc/core/npu/NPUStream.cpp:361 NPU function error: c10_npu::acl::AclrtSynchronizeStreamWithTimeout(stream()), error code is 507011
(Worker_DP0_TP0_EP0 pid=233535) ERROR 07-27 15:49:06 [multiproc_executor.py:1007] [ERROR] 2026-07-27-15:49:06 (PID:233535, Device:0, RankID:-1) ERR00100 PTA call acl api failed
(Worker_DP0_TP0_EP0 pid=233535) ERROR 07-27 15:49:06 [multiproc_executor.py:1007] [Error]: Model execution failed. 
(Worker_DP0_TP0_EP0 pid=233535) ERROR 07-27 15:49:06 [multiproc_executor.py:1007]         Rectify the fault based on the error information in the ascend log.
(Worker_DP0_TP0_EP0 pid=233535) ERROR 07-27 15:49:06 [multiproc_executor.py:1007] EE9999: Inner Error!
(Worker_DP0_TP0_EP0 pid=233535) ERROR 07-27 15:49:06 [multiproc_executor.py:1007] EE9999[PID: 233535] 2026-07-27-15:49:06.453.661 (EE9999):  rtStreamSynchronizeWithTimeout execution failed, reason=the model stream execute failed[FUNC:FuncErrorReason][FILE:error_message_manage.cc][LINE:65]
(Worker_DP0_TP0_EP0 pid=233535) ERROR 07-27 15:49:06 [multiproc_executor.py:1007]         TraceBack (most recent call last):
(Worker_DP0_TP0_EP0 pid=233535) ERROR 07-27 15:49:06 [multiproc_executor.py:1007]        synchronize stream with timeout failed, runtime result = 507011[FUNC:ReportCallError][FILE:log_inner.cpp][LINE:148]
(Worker_DP0_TP0_EP0 pid=233535) ERROR 07-27 15:49:06 [multiproc_executor.py:1007] 
(Worker_DP0_TP0_EP0 pid=233535) ERROR 07-27 15:49:06 [multiproc_executor.py:1007] 
(EngineCore_DP4 pid=233095) ERROR 07-27 15:49:06 [dump_input.py:72] Dumping input data for V1 LLM engine (v0.1.dev18654+g54503ecec) with config: model='/mnt/weights/DeepSeek-V3.1-Terminus-w8a8-QuaRot-lfs', speculative_config=SpeculativeConfig(method='mtp', model='/mnt/weights/DeepSeek-V3.1-Terminus-w8a8-QuaRot-lfs', num_spec_tokens=2), tokenizer='/mnt/weights/DeepSeek-V3.1-Terminus-w8a8-QuaRot-lfs', skip_tokenizer_init=False, tokenizer_mode=auto, revision=None, tokenizer_revision=None, trust_remote_code=True, dtype=torch.bfloat16, max_seq_len=4096, download_dir=None, load_format=auto, tensor_parallel_size=2, pipeline_parallel_size=1, data_parallel_size=8, decode_context_parallel_size=1, dcp_comm_backend=ag_rs, disable_custom_all_reduce=True, quantization=ascend, quantization_config=None, enforce_eager=False, enable_return_routed_experts=False, kv_cache_dtype=auto, device_config=npu, structured_outputs_config=StructuredOutputsConfig(backend='auto', disable_any_whitespace=False, disable_additional_properties=False, reasoning_parser='', reasoning_parser_plugin='', enable_in_reasoning=False), observability_config=ObservabilityConfig(show_hidden_metrics_for_version=None, otlp_traces_endpoint=None, collect_detailed_traces=None, kv_cache_metrics=False, kv_cache_metrics_sample=0.01, cudagraph_metrics=False, enable_layerwise_nvtx_tracing=False, enable_mfu_metrics=False, enable_mm_processor_stats=False, enable_logging_iteration_details=False, jit_monitor_mode='warn', jit_monitor_verbose=False), seed=1024, served_model_name=/mnt/weights/DeepSeek-V3.1-Terminus-w8a8-QuaRot-lfs, enable_prefix_caching=False, enable_chunked_prefill=True, pooler_config=None, compilation_config={'mode': <CompilationMode.VLLM_COMPILE: 3>, 'debug_dump_path': PosixPath('/home/l00838859/cann/vllm-runner/fx-graph'), 'cache_dir': '', 'compile_cache_save_format': 'binary', 'backend': 'vllm_ascend.compilation.compiler_interface.AscendCompiler', 'custom_ops': ['all'], 'ir_enable_torch_wrap': False, 'splitting_ops': [], 'compile_mm_encoder': False, 'cudagraph_mm_encoder': False, 'encoder_cudagraph_token_budgets': [], 'encoder_cudagraph_max_vision_items_per_batch': 0, 'encoder_cudagraph_max_frames_per_batch': None, 'compile_sizes': [], 'compile_ranges_endpoints': [256], 'inductor_compile_config': {'enable_auto_functionalized_v2': False, 'size_asserts': False, 'alignment_asserts': False, 'scalar_asserts': False, 'combo_kernels': True, 'benchmark_combo_kernel': True}, 'inductor_passes': {}, 'cudagraph_mode': <CUDAGraphMode.FULL_DECODE_ONLY: (2, 0)>, 'cudagraph_num_of_warmups': 1, 'cudagraph_capture_sizes': [3, 48], 'cudagraph_copy_inputs': False, 'cudagraph_specialize_lora': True, 'use_inductor_graph_partition': False, 'pass_config': {'fuse_norm_quant': True, 'fuse_act_quant': True, 'fuse_attn_quant': False, 'enable_sp': False, 'fuse_gemm_comms': False, 'fuse_allreduce_rms': False, 'fuse_rope_kvcache_cat_mla': False, 'fuse_act_padding': False}, 'max_cudagraph_capture_size': 48, 'dynamic_shapes_config': {'type': <DynamicShapesType.BACKED: 'backed'>, 'evaluate_guards': False, 'assume_32_bit_indexing': False}, 'local_cache_dir': None, 'fast_moe_cold_start': False, 'static_all_moe_layers': []}, kernel_config=KernelConfig(ir_op_priority=IrOpPriorityConfig(rms_norm=['native'], fused_add_rms_norm=['native']), enable_flashinfer_autotune=True, enable_cutedsl_warmup=True, moe_backend='auto', linear_backend='auto'), 
(EngineCore_DP4 pid=233095) ERROR 07-27 15:49:06 [dump_input.py:79] Dumping scheduler output for model execution: SchedulerOutput(scheduled_new_reqs=[], scheduled_cached_reqs=CachedRequestData(req_ids=['0-9baa4eee'],resumed_req_ids=set(),new_token_ids_lens=[],all_token_ids_lens={},new_block_ids=[None],num_computed_tokens=[2],num_output_tokens=[1]), num_scheduled_tokens={0-9baa4eee: 3}, total_num_scheduled_tokens=3, scheduled_spec_decode_tokens={0-9baa4eee: [-1, -1]}, scheduled_encoder_inputs={}, num_common_prefix_blocks=[0], finished_req_ids=[], free_encoder_mm_hashes=[], preempted_req_ids=[], has_structured_output_requests=false, pending_structured_output_tokens=false, num_invalid_spec_tokens=null, kv_connector_metadata=null, ec_connector_metadata=null, new_block_ids_to_zero=null, num_spec_tokens_to_schedule=2)
(Worker_DP3_TP1_EP7 pid=233954) ERROR 07-27 15:49:06 [multiproc_executor.py:1007] WorkerProc hit an exception.
(Worker_DP3_TP1_EP7 pid=233954) ERROR 07-27 15:49:06 [multiproc_executor.py:1007] Traceback (most recent call last):
(Worker_DP3_TP1_EP7 pid=233954) ERROR 07-27 15:49:06 [multiproc_executor.py:1007]   File "/home/l00838859/cann/my-project/vllm/vllm/v1/executor/multiproc_executor.py", line 999, in worker_busy_loop
(Worker_DP3_TP1_EP7 pid=233954) ERROR 07-27 15:49:06 [multiproc_executor.py:1007]     output = func(*args, **kwargs)
(Worker_DP3_TP1_EP7 pid=233954) ERROR 07-27 15:49:06 [multiproc_executor.py:1007]              ^^^^^^^^^^^^^^^^^^^^^
(Worker_DP3_TP1_EP7 pid=233954) ERROR 07-27 15:49:06 [multiproc_executor.py:1007]   File "/home/l00838859/cann/my-project/vllm/vllm/v1/worker/worker_base.py", line 351, in execute_model
(Worker_DP3_TP1_EP7 pid=233954) ERROR 07-27 15:49:06 [multiproc_executor.py:1007]     return self.worker.execute_model(scheduler_output)
(Worker_DP3_TP1_EP7 pid=233954) ERROR 07-27 15:49:06 [multiproc_executor.py:1007]            ^^^^^^^^^^^^^^^^^^^^^^^^^^^^^^^^^^^^^^^^^^^
(Worker_DP3_TP1_EP7 pid=233954) ERROR 07-27 15:49:06 [multiproc_executor.py:1007]   File "/home/l00838859/cann/my-project/vllm-ascend/vllm_ascend/worker/worker.py", line 685, in execute_model
(Worker_DP3_TP1_EP7 pid=233954) ERROR 07-27 15:49:06 [multiproc_executor.py:1007]     output = self.model_runner.execute_model(scheduler_output, intermediate_tensors)
(Worker_DP3_TP1_EP7 pid=233954) ERROR 07-27 15:49:06 [multiproc_executor.py:1007]              ^^^^^^^^^^^^^^^^^^^^^^^^^^^^^^^^^^^^^^^^^^^^^^^^^^^^^^^^^^^^^^^^^^^^^^^
(Worker_DP3_TP1_EP7 pid=233954) ERROR 07-27 15:49:06 [multiproc_executor.py:1007]   File "/usr/local/lib/python3.11/site-packages/torch/utils/_contextlib.py", line 124, in decorate_context
(Worker_DP3_TP1_EP7 pid=233954) ERROR 07-27 15:49:06 [multiproc_executor.py:1007]     return func(*args, **kwargs)
(Worker_DP3_TP1_EP7 pid=233954) ERROR 07-27 15:49:06 [multiproc_executor.py:1007]            ^^^^^^^^^^^^^^^^^^^^^
(Worker_DP3_TP1_EP7 pid=233954) ERROR 07-27 15:49:06 [multiproc_executor.py:1007]   File "/home/l00838859/cann/my-project/vllm-ascend/vllm_ascend/worker/model_runner_v1.py", line 2346, in execute_model
(Worker_DP3_TP1_EP7 pid=233954) ERROR 07-27 15:49:06 [multiproc_executor.py:1007]     hidden_states = self._model_forward(
(Worker_DP3_TP1_EP7 pid=233954) ERROR 07-27 15:49:06 [multiproc_executor.py:1007]                     ^^^^^^^^^^^^^^^^^^^^
(Worker_DP3_TP1_EP7 pid=233954) ERROR 07-27 15:49:06 [multiproc_executor.py:1007]   File "/home/l00838859/cann/my-project/vllm-ascend/vllm_ascend/worker/model_runner_v1.py", line 2915, in _model_forward
(Worker_DP3_TP1_EP7 pid=233954) ERROR 07-27 15:49:06 [multiproc_executor.py:1007]     hidden_states = run_model()
(Worker_DP3_TP1_EP7 pid=233954) ERROR 07-27 15:49:06 [multiproc_executor.py:1007]                     ^^^^^^^^^^^
(Worker_DP3_TP1_EP7 pid=233954) ERROR 07-27 15:49:06 [multiproc_executor.py:1007]   File "/home/l00838859/cann/my-project/vllm-ascend/vllm_ascend/compilation/acl_graph.py", line 281, in __call__
(Worker_DP3_TP1_EP7 pid=233954) ERROR 07-27 15:49:06 [multiproc_executor.py:1007]     torch.npu.current_stream().synchronize()
(Worker_DP3_TP1_EP7 pid=233954) ERROR 07-27 15:49:06 [multiproc_executor.py:1007]   File "/usr/local/lib/python3.11/site-packages/torch_npu/npu/streams.py", line 85, in synchronize
(Worker_DP3_TP1_EP7 pid=233954) ERROR 07-27 15:49:06 [multiproc_executor.py:1007]     super(Stream, self).synchronize()
(Worker_DP3_TP1_EP7 pid=233954) ERROR 07-27 15:49:06 [multiproc_executor.py:1007] RuntimeError: synchronize:../torch_npu/csrc/core/npu/NPUStream.cpp:361 NPU function error: c10_npu::acl::AclrtSynchronizeStreamWithTimeout(stream()), error code is 507011
(Worker_DP3_TP1_EP7 pid=233954) ERROR 07-27 15:49:06 [multiproc_executor.py:1007] [ERROR] 2026-07-27-15:49:06 (PID:233954, Device:7, RankID:-1) ERR00100 PTA call acl api failed
(Worker_DP3_TP1_EP7 pid=233954) ERROR 07-27 15:49:06 [multiproc_executor.py:1007] [Error]: Model execution failed. 
(Worker_DP3_TP1_EP7 pid=233954) ERROR 07-27 15:49:06 [multiproc_executor.py:1007]         Rectify the fault based on the error information in the ascend log.
(Worker_DP3_TP1_EP7 pid=233954) ERROR 07-27 15:49:06 [multiproc_executor.py:1007] [PID: 233954] 2026-07-27-15:49:06.457.659 Execution_Error_SDMA(EI0012): SDMA memory copy task exception occurred. Remote rank: [0]. Base information: [streamID:[85], taskID[1], taskType[Task AIV], tag[], AlgType(level 0-1-2):[ring-ring-ring].]. Task information: [cmdType:[6], tag:[1], size:[688128], numBlocks:[8], rankSize:[2], aivRdmaStep:[-1], flagMem:[0x130f61a00000], isOpbase:[0]
(Worker_DP3_TP1_EP7 pid=233954) ERROR 07-27 15:49:06 [multiproc_executor.py:1007] there are 6 abnormal device(s), only the first 3 devices are listed:
(Worker_DP3_TP1_EP7 pid=233954) ERROR 07-27 15:49:06 [multiproc_executor.py:1007] 	[TaskExecStage][HeartbeatAbnormal]Cluster Exception Location[IP/ID]:[10.10.1.44/15], Arrival Time:[Mon Jul 27 15:47:16 2026], ExceptionType:[Stuck Occurred], Possible Reason:1.Host process is stuck, 2.Device task is stuck
(Worker_DP3_TP1_EP7 pid=233954) ERROR 07-27 15:49:06 [multiproc_executor.py:1007] 	[TaskExecStage][HeartbeatAbnormal]Cluster Exception Location[IP/ID]:[10.10.1.44/7], Arrival Time:[Mon Jul 27 15:47:17 2026], ExceptionType:[Stuck Occurred], Possible Reason:1.Host process is stuck, 2.Device task is stuck
(Worker_DP3_TP1_EP7 pid=233954) ERROR 07-27 15:49:06 [multiproc_executor.py:1007] 	[TaskExecStage][HeartbeatAbnormal]Cluster Exception Location[IP/ID]:[10.10.1.44/14], Arrival Time:[Mon Jul 27 15:47:18 2026], ExceptionType:[Stuck Occurred], Possible Reason:1.Host process is stuck, 2.Device task is stuck
(Worker_DP3_TP1_EP7 pid=233954) ERROR 07-27 15:49:06 [multiproc_executor.py:1007] ]. Communicator information: [].
(Worker_DP3_TP1_EP7 pid=233954) ERROR 07-27 15:49:06 [multiproc_executor.py:1007]         Possible Cause: 1. Network connection exception occurred during the SDMA task execution. 2. The peer process exits abnormally. 3. The input or output memory address is not allocated, the actual allocated size is smaller than the input data size, or the memory is freed before the operator execution is complete.
(Worker_DP3_TP1_EP7 pid=233954) ERROR 07-27 15:49:06 [multiproc_executor.py:1007]         Solution: 1. Check whether the network link is abnormal during the execution. 2. Check whether a process in the cluster exits before an error is reported. If yes, locate the cause of the process exit. 3. Check whether the size of the input/output memory passed to the communication operator meets the expectation, and whether the input/output memory or communicator is freed or destroyed before the operator execution is complete.
(Worker_DP3_TP1_EP7 pid=233954) ERROR 07-27 15:49:06 [multiproc_executor.py:1007]         TraceBack (most recent call last):
(Worker_DP3_TP1_EP7 pid=233954) ERROR 07-27 15:49:06 [multiproc_executor.py:1007]         The error from device(chipId:3, dieId:1), serial number is 13, there is an exception of aivec error, core id is 0, error code = 0, dump info: pc start: 0x12c0de87ba0c, current: 0x12c0de89db44, vec error info: 0xad00000bfe, mte error info: 0xfa06000027, ifu error info: 0x20001bdc5c100, ccu error info: 0xefdb05186880003f, cube error info: 0, biu error info: 0, aic error mask: 0x6500020bd00028c, para base: 0x12c140119000.[FUNC:PrintCoreInfo][FILE:device_error_core_proc.cc][LINE:645]
(Worker_DP3_TP1_EP7 pid=233954) ERROR 07-27 15:49:06 [multiproc_executor.py:1007]         The extend info: errcode:(0, 0, 0) errorStr: timeout or trap error. fixp_error0 info: 0x6000027, fixp_error1 info: 0xfa, fsmId:0, tslot:4, thread:0, ctxid:0, blk:3, sublk:0, subErrType:4.[FUNC:PrintCoreInfo][FILE:device_error_core_proc.cc][LINE:658]
(Worker_DP3_TP1_EP7 pid=233954) ERROR 07-27 15:49:06 [multiproc_executor.py:1007]         The error from device(chipId:3, dieId:1), serial number is 13, there is an exception of aivec error, core id is 3, error code = 0, dump info: pc start: 0x12c0de87ba0c, current: 0x12c0de89db44, vec error info: 0xad00000cfe, mte error info: 0xf603064c70, ifu error info: 0x2fffffe500000, ccu error info: 0xefdb05186680003f, cube error info: 0, biu error info: 0, aic error mask: 0x6500020bd00028c, para base: 0x12c140119000.[FUNC:PrintCoreInfo][FILE:device_error_core_proc.cc][LINE:645]
(Worker_DP3_TP1_EP7 pid=233954) ERROR 07-27 15:49:06 [multiproc_executor.py:1007]         The extend info: errcode:(0, 0, 0) errorStr: timeout or trap error. fixp_error0 info: 0x3064c70, fixp_error1 info: 0xf6, fsmId:0, tslot:4, thread:0, ctxid:0, blk:6, sublk:0, subErrType:4.[FUNC:PrintCoreInfo][FILE:device_error_core_proc.cc][LINE:658]
(Worker_DP3_TP1_EP7 pid=233954) ERROR 07-27 15:49:06 [multiproc_executor.py:1007]         The error from device(chipId:3, dieId:1), serial number is 13, there is an exception of aivec error, core id is 1, error code = 0, dump info: pc start: 0x12c0de87ba0c, current: 0x12c0de89db44, vec error info: 0xad00000bfe, mte error info: 0xf60307dc70, ifu error info: 0x20001bdc5ce00, ccu error info: 0xefdb05186880003f, cube error info: 0, biu error info: 0, aic error mask: 0x6500020bd00028c, para base: 0x12c140119000.[FUNC:PrintCoreInfo][FILE:device_error_core_proc.cc][LINE:645]
(Worker_DP3_TP1_EP7 pid=233954) ERROR 07-27 15:49:06 [multiproc_executor.py:1007]         The extend info: errcode:(0, 0, 0) errorStr: timeout or trap error. fixp_error0 info: 0x307dc70, fixp_error1 info: 0xf6, fsmId:1, tslot:4, thread:0, ctxid:0, blk:4, sublk:0, subErrType:4.[FUNC:PrintCoreInfo][FILE:device_error_core_proc.cc][LINE:658]
(Worker_DP3_TP1_EP7 pid=233954) ERROR 07-27 15:49:06 [multiproc_executor.py:1007]         The error from device(chipId:3, dieId:1), serial number is 13, there is an exception of aivec error, core id is 2, error code = 0, dump info: pc start: 0x12c0de87ba0c, current: 0x12c0de89db30, vec error info: 0xad00000cfe, mte error info: 0xf603064c70, ifu error info: 0x217ffbe014040, ccu error info: 0xefdb05185680003f, cube error info: 0, biu error info: 0, aic error mask: 0x6500020bd00028c, para base: 0x12c140119000.[FUNC:PrintCoreInfo][FILE:device_error_core_proc.cc][LINE:645]
(Worker_DP3_TP1_EP7 pid=233954) ERROR 07-27 15:49:06 [multiproc_executor.py:1007]         The extend info: errcode:(0, 0, 0) errorStr: timeout or trap error. fixp_error0 info: 0x3064c70, fixp_error1 info: 0xf6, fsmId:1, tslot:4, thread:0, ctxid:0, blk:5, sublk:0, subErrType:4.[FUNC:PrintCoreInfo][FILE:device_error_core_proc.cc][LINE:658]
(Worker_DP3_TP1_EP7 pid=233954) ERROR 07-27 15:49:06 [multiproc_executor.py:1007]         The error from device(chipId:3, dieId:1), serial number is 13, there is an exception of aivec error, core id is 4, error code = 0, dump info: pc start: 0x12c0de87ba0c, current: 0x12c0de89db38, vec error info: 0xad00000cfe, mte error info: 0xf603066c70, ifu error info: 0x2fffffe600000, ccu error info: 0xcb0028216880003f, cube error info: 0, biu error info: 0, aic error mask: 0x6500020bd00028c, para base: 0x12c140119000.[FUNC:PrintCoreInfo][FILE:device_error_core_proc.cc][LINE:645]
(Worker_DP3_TP1_EP7 pid=233954) ERROR 07-27 15:49:06 [multiproc_executor.py:1007]         The extend info: errcode:(0, 0, 0) errorStr: timeout or trap error. fixp_error0 info: 0x3066c70, fixp_error1 info: 0xf6, fsmId:1, tslot:4, thread:0, ctxid:0, blk:7, sublk:0, subErrType:4.[FUNC:PrintCoreInfo][FILE:device_error_core_proc.cc][LINE:658]
(Worker_DP3_TP1_EP7 pid=233954) ERROR 07-27 15:49:06 [multiproc_executor.py:1007]         The error from device(chipId:3, dieId:1), serial number is 13, there is an exception of aivec error, core id is 47, error code = 0, dump info: pc start: 0x12c0de87ba0c, current: 0x12c0de884c34, vec error info: 0xad00000cfe, mte error info: 0xf603065c70, ifu error info: 0x217ffbe014040, ccu error info: 0xefdb05186880003f, cube error info: 0, biu error info: 0, aic error mask: 0x6500020bd00028c, para base: 0x12c140119000.[FUNC:PrintCoreInfo][FILE:device_error_core_proc.cc][LINE:645]
(Worker_DP3_TP1_EP7 pid=233954) ERROR 07-27 15:49:06 [multiproc_executor.py:1007]         The extend info: errcode:(0, 0, 0) errorStr: timeout or trap error. fixp_error0 info: 0x3065c70, fixp_error1 info: 0xf6, fsmId:1, tslot:4, thread:0, ctxid:0, blk:0, sublk:0, subErrType:4.[FUNC:PrintCoreInfo][FILE:device_error_core_proc.cc][LINE:658]
(Worker_DP3_TP1_EP7 pid=233954) ERROR 07-27 15:49:06 [multiproc_executor.py:1007]         The error from device(chipId:3, dieId:1), serial number is 13, there is an exception of aivec error, core id is 48, error code = 0, dump info: pc start: 0x12c0de87ba0c, current: 0x12c0de89db24, vec error info: 0xad00000cfe, mte error info: 0xf603070c70, ifu error info: 0x20001bdc5c100, ccu error info: 0xefdb05186880003f, cube error info: 0, biu error info: 0, aic error mask: 0x6500020bd00028c, para base: 0x12c140119000.[FUNC:PrintCoreInfo][FILE:device_error_core_proc.cc][LINE:645]
(Worker_DP3_TP1_EP7 pid=233954) ERROR 07-27 15:49:06 [multiproc_executor.py:1007]         The extend info: errcode:(0, 0, 0) errorStr: timeout or trap error. fixp_error0 info: 0x3070c70, fixp_error1 info: 0xf6, fsmId:1, tslot:4, thread:0, ctxid:0, blk:1, sublk:0, subErrType:4.[FUNC:PrintCoreInfo][FILE:device_error_core_proc.cc][LINE:658]
(Worker_DP3_TP1_EP7 pid=233954) ERROR 07-27 15:49:06 [multiproc_executor.py:1007]         The error from device(chipId:3, dieId:1), serial number is 13, there is an exception of aivec error, core id is 49, error code = 0, dump info: pc start: 0x12c0de87ba0c, current: 0x12c0de89db44, vec error info: 0xad00000cfe, mte error info: 0xf603064c70, ifu error info: 0x20001bdc63e00, ccu error info: 0xefdb05186880003f, cube error info: 0, biu error info: 0, aic error mask: 0x6500020bd00028c, para base: 0x12c140119000.[FUNC:PrintCoreInfo][FILE:device_error_core_proc.cc][LINE:645]
(Worker_DP3_TP1_EP7 pid=233954) ERROR 07-27 15:49:06 [multiproc_executor.py:1007]         The extend info: errcode:(0, 0, 0) errorStr: timeout or trap error. fixp_error0 info: 0x3064c70, fixp_error1 info: 0xf6, fsmId:1, tslot:4, thread:0, ctxid:0, blk:2, sublk:0, subErrType:4.[FUNC:PrintCoreInfo][FILE:device_error_core_proc.cc][LINE:658]
(Worker_DP3_TP1_EP7 pid=233954) ERROR 07-27 15:49:06 [multiproc_executor.py:1007]         SDMA memory copy task exception occurred. Remote rank: [0]. Base information: [streamID:[85], taskID[1], taskType[Task AIV], tag[], AlgType(level 0-1-2):[ring-ring-ring].]. Task information: [cmdType:[6], tag:[1], size:[688128], numBlocks:[8], rankSize:[2], aivRdmaStep:[-1], flagMem:[0x130f61a00000], isOpbase:[0]
(Worker_DP3_TP1_EP7 pid=233954) ERROR 07-27 15:49:06 [multiproc_executor.py:1007] there are 6 abnormal device(s), only the first 3 devices are listed:
(Worker_DP3_TP1_EP7 pid=233954) ERROR 07-27 15:49:06 [multiproc_executor.py:1007] 	[TaskExecStage][HeartbeatAbnormal]Cluster Exception Location[IP/ID]:[10.10.1.44/15], Arrival Time:[Mon Jul 27 15:47:16 2026], ExceptionType:[Stuck Occurred], Possible Reason:1.Host process is stuck, 2.Device task is stuck
(Worker_DP3_TP1_EP7 pid=233954) ERROR 07-27 15:49:06 [multiproc_executor.py:1007] 	[TaskExecStage][HeartbeatAbnormal]Cluster Exception Location[IP/ID]:[10.10.1.44/7], Arrival Time:[Mon Jul 27 15:47:17 2026], ExceptionType:[Stuck Occurred], Possible Reason:1.Host process is stuck, 2.Device task is stuck
(Worker_DP3_TP1_EP7 pid=233954) ERROR 07-27 15:49:06 [multiproc_executor.py:1007] 	[TaskExecStage][HeartbeatAbnormal]Cluster Exception Location[IP/ID]:[10.10.1.44/14], Arrival Time:[Mon Jul 27 15:47:18 2026], ExceptionType:[Stuck Occurred], Possible Reason:1.Host process is stuck, 2.Device task is stuck
(Worker_DP3_TP1_EP7 pid=233954) ERROR 07-27 15:49:06 [multiproc_executor.py:1007] ]. Communicator information: [].
(Worker_DP3_TP1_EP7 pid=233954) ERROR 07-27 15:49:06 [multiproc_executor.py:1007]         rtStreamSynchronizeWithTimeout execution failed, reason=the model stream execute failed[FUNC:FuncErrorReason][FILE:error_message_manage.cc][LINE:65]
(Worker_DP3_TP1_EP7 pid=233954) ERROR 07-27 15:49:06 [multiproc_executor.py:1007]         synchronize stream with timeout failed, runtime result = 507011[FUNC:ReportCallError][FILE:log_inner.cpp][LINE:148]
(Worker_DP3_TP1_EP7 pid=233954) ERROR 07-27 15:49:06 [multiproc_executor.py:1007] 
(Worker_DP3_TP1_EP7 pid=233954) ERROR 07-27 15:49:06 [multiproc_executor.py:1007] Traceback (most recent call last):
(Worker_DP3_TP1_EP7 pid=233954) ERROR 07-27 15:49:06 [multiproc_executor.py:1007]   File "/home/l00838859/cann/my-project/vllm/vllm/v1/executor/multiproc_executor.py", line 999, in worker_busy_loop
(Worker_DP3_TP1_EP7 pid=233954) ERROR 07-27 15:49:06 [multiproc_executor.py:1007]     output = func(*args, **kwargs)
(Worker_DP3_TP1_EP7 pid=233954) ERROR 07-27 15:49:06 [multiproc_executor.py:1007]              ^^^^^^^^^^^^^^^^^^^^^
(Worker_DP3_TP1_EP7 pid=233954) ERROR 07-27 15:49:06 [multiproc_executor.py:1007]   File "/home/l00838859/cann/my-project/vllm/vllm/v1/worker/worker_base.py", line 351, in execute_model
(Worker_DP3_TP1_EP7 pid=233954) ERROR 07-27 15:49:06 [multiproc_executor.py:1007]     return self.worker.execute_model(scheduler_output)
(Worker_DP3_TP1_EP7 pid=233954) ERROR 07-27 15:49:06 [multiproc_executor.py:1007]            ^^^^^^^^^^^^^^^^^^^^^^^^^^^^^^^^^^^^^^^^^^^
(Worker_DP3_TP1_EP7 pid=233954) ERROR 07-27 15:49:06 [multiproc_executor.py:1007]   File "/home/l00838859/cann/my-project/vllm-ascend/vllm_ascend/worker/worker.py", line 685, in execute_model
(Worker_DP3_TP1_EP7 pid=233954) ERROR 07-27 15:49:06 [multiproc_executor.py:1007]     output = self.model_runner.execute_model(scheduler_output, intermediate_tensors)
(Worker_DP3_TP1_EP7 pid=233954) ERROR 07-27 15:49:06 [multiproc_executor.py:1007]              ^^^^^^^^^^^^^^^^^^^^^^^^^^^^^^^^^^^^^^^^^^^^^^^^^^^^^^^^^^^^^^^^^^^^^^^
(Worker_DP3_TP1_EP7 pid=233954) ERROR 07-27 15:49:06 [multiproc_executor.py:1007]   File "/usr/local/lib/python3.11/site-packages/torch/utils/_contextlib.py", line 124, in decorate_context
(Worker_DP3_TP1_EP7 pid=233954) ERROR 07-27 15:49:06 [multiproc_executor.py:1007]     return func(*args, **kwargs)
(Worker_DP3_TP1_EP7 pid=233954) ERROR 07-27 15:49:06 [multiproc_executor.py:1007]            ^^^^^^^^^^^^^^^^^^^^^
(Worker_DP3_TP1_EP7 pid=233954) ERROR 07-27 15:49:06 [multiproc_executor.py:1007]   File "/home/l00838859/cann/my-project/vllm-ascend/vllm_ascend/worker/model_runner_v1.py", line 2346, in execute_model
(Worker_DP3_TP1_EP7 pid=233954) ERROR 07-27 15:49:06 [multiproc_executor.py:1007]     hidden_states = self._model_forward(
(Worker_DP3_TP1_EP7 pid=233954) ERROR 07-27 15:49:06 [multiproc_executor.py:1007]                     ^^^^^^^^^^^^^^^^^^^^
(Worker_DP3_TP1_EP7 pid=233954) ERROR 07-27 15:49:06 [multiproc_executor.py:1007]   File "/home/l00838859/cann/my-project/vllm-ascend/vllm_ascend/worker/model_runner_v1.py", line 2915, in _model_forward
(Worker_DP3_TP1_EP7 pid=233954) ERROR 07-27 15:49:06 [multiproc_executor.py:1007]     hidden_states = run_model()
(Worker_DP3_TP1_EP7 pid=233954) ERROR 07-27 15:49:06 [multiproc_executor.py:1007]                     ^^^^^^^^^^^
(Worker_DP3_TP1_EP7 pid=233954) ERROR 07-27 15:49:06 [multiproc_executor.py:1007]   File "/home/l00838859/cann/my-project/vllm-ascend/vllm_ascend/compilation/acl_graph.py", line 281, in __call__
(Worker_DP3_TP1_EP7 pid=233954) ERROR 07-27 15:49:06 [multiproc_executor.py:1007]     torch.npu.current_stream().synchronize()
(Worker_DP3_TP1_EP7 pid=233954) ERROR 07-27 15:49:06 [multiproc_executor.py:1007]   File "/usr/local/lib/python3.11/site-packages/torch_npu/npu/streams.py", line 85, in synchronize
(Worker_DP3_TP1_EP7 pid=233954) ERROR 07-27 15:49:06 [multiproc_executor.py:1007]     super(Stream, self).synchronize()
(Worker_DP3_TP1_EP7 pid=233954) ERROR 07-27 15:49:06 [multiproc_executor.py:1007] RuntimeError: synchronize:../torch_npu/csrc/core/npu/NPUStream.cpp:361 NPU function error: c10_npu::acl::AclrtSynchronizeStreamWithTimeout(stream()), error code is 507011
(Worker_DP3_TP1_EP7 pid=233954) ERROR 07-27 15:49:06 [multiproc_executor.py:1007] [ERROR] 2026-07-27-15:49:06 (PID:233954, Device:7, RankID:-1) ERR00100 PTA call acl api failed
(Worker_DP3_TP1_EP7 pid=233954) ERROR 07-27 15:49:06 [multiproc_executor.py:1007] [Error]: Model execution failed. 
(Worker_DP3_TP1_EP7 pid=233954) ERROR 07-27 15:49:06 [multiproc_executor.py:1007]         Rectify the fault based on the error information in the ascend log.
(Worker_DP3_TP1_EP7 pid=233954) ERROR 07-27 15:49:06 [multiproc_executor.py:1007] [PID: 233954] 2026-07-27-15:49:06.457.659 Execution_Error_SDMA(EI0012): SDMA memory copy task exception occurred. Remote rank: [0]. Base information: [streamID:[85], taskID[1], taskType[Task AIV], tag[], AlgType(level 0-1-2):[ring-ring-ring].]. Task information: [cmdType:[6], tag:[1], size:[688128], numBlocks:[8], rankSize:[2], aivRdmaStep:[-1], flagMem:[0x130f61a00000], isOpbase:[0]
(Worker_DP3_TP1_EP7 pid=233954) ERROR 07-27 15:49:06 [multiproc_executor.py:1007] there are 6 abnormal device(s), only the first 3 devices are listed:
(Worker_DP3_TP1_EP7 pid=233954) ERROR 07-27 15:49:06 [multiproc_executor.py:1007] 	[TaskExecStage][HeartbeatAbnormal]Cluster Exception Location[IP/ID]:[10.10.1.44/15], Arrival Time:[Mon Jul 27 15:47:16 2026], ExceptionType:[Stuck Occurred], Possible Reason:1.Host process is stuck, 2.Device task is stuck
(Worker_DP3_TP1_EP7 pid=233954) ERROR 07-27 15:49:06 [multiproc_executor.py:1007] 	[TaskExecStage][HeartbeatAbnormal]Cluster Exception Location[IP/ID]:[10.10.1.44/7], Arrival Time:[Mon Jul 27 15:47:17 2026], ExceptionType:[Stuck Occurred], Possible Reason:1.Host process is stuck, 2.Device task is stuck
(Worker_DP3_TP1_EP7 pid=233954) ERROR 07-27 15:49:06 [multiproc_executor.py:1007] 	[TaskExecStage][HeartbeatAbnormal]Cluster Exception Location[IP/ID]:[10.10.1.44/14], Arrival Time:[Mon Jul 27 15:47:18 2026], ExceptionType:[Stuck Occurred], Possible Reason:1.Host process is stuck, 2.Device task is stuck
(Worker_DP3_TP1_EP7 pid=233954) ERROR 07-27 15:49:06 [multiproc_executor.py:1007] ]. Communicator information: [].
(Worker_DP3_TP1_EP7 pid=233954) ERROR 07-27 15:49:06 [multiproc_executor.py:1007]         Possible Cause: 1. Network connection exception occurred during the SDMA task execution. 2. The peer process exits abnormally. 3. The input or output memory address is not allocated, the actual allocated size is smaller than the input data size, or the memory is freed before the operator execution is complete.
(Worker_DP3_TP1_EP7 pid=233954) ERROR 07-27 15:49:06 [multiproc_executor.py:1007]         Solution: 1. Check whether the network link is abnormal during the execution. 2. Check whether a process in the cluster exits before an error is reported. If yes, locate the cause of the process exit. 3. Check whether the size of the input/output memory passed to the communication operator meets the expectation, and whether the input/output memory or communicator is freed or destroyed before the operator execution is complete.
(Worker_DP3_TP1_EP7 pid=233954) ERROR 07-27 15:49:06 [multiproc_executor.py:1007]         TraceBack (most recent call last):
(Worker_DP3_TP1_EP7 pid=233954) ERROR 07-27 15:49:06 [multiproc_executor.py:1007]         The error from device(chipId:3, dieId:1), serial number is 13, there is an exception of aivec error, core id is 0, error code = 0, dump info: pc start: 0x12c0de87ba0c, current: 0x12c0de89db44, vec error info: 0xad00000bfe, mte error info: 0xfa06000027, ifu error info: 0x20001bdc5c100, ccu error info: 0xefdb05186880003f, cube error info: 0, biu error info: 0, aic error mask: 0x6500020bd00028c, para base: 0x12c140119000.[FUNC:PrintCoreInfo][FILE:device_error_core_proc.cc][LINE:645]
(Worker_DP3_TP1_EP7 pid=233954) ERROR 07-27 15:49:06 [multiproc_executor.py:1007]         The extend info: errcode:(0, 0, 0) errorStr: timeout or trap error. fixp_error0 info: 0x6000027, fixp_error1 info: 0xfa, fsmId:0, tslot:4, thread:0, ctxid:0, blk:3, sublk:0, subErrType:4.[FUNC:PrintCoreInfo][FILE:device_error_core_proc.cc][LINE:658]
(Worker_DP3_TP1_EP7 pid=233954) ERROR 07-27 15:49:06 [multiproc_executor.py:1007]         The error from device(chipId:3, dieId:1), serial number is 13, there is an exception of aivec error, core id is 3, error code = 0, dump info: pc start: 0x12c0de87ba0c, current: 0x12c0de89db44, vec error info: 0xad00000cfe, mte error info: 0xf603064c70, ifu error info: 0x2fffffe500000, ccu error info: 0xefdb05186680003f, cube error info: 0, biu error info: 0, aic error mask: 0x6500020bd00028c, para base: 0x12c140119000.[FUNC:PrintCoreInfo][FILE:device_error_core_proc.cc][LINE:645]
(Worker_DP3_TP1_EP7 pid=233954) ERROR 07-27 15:49:06 [multiproc_executor.py:1007]         The extend info: errcode:(0, 0, 0) errorStr: timeout or trap error. fixp_error0 info: 0x3064c70, fixp_error1 info: 0xf6, fsmId:0, tslot:4, thread:0, ctxid:0, blk:6, sublk:0, subErrType:4.[FUNC:PrintCoreInfo][FILE:device_error_core_proc.cc][LINE:658]
(Worker_DP3_TP1_EP7 pid=233954) ERROR 07-27 15:49:06 [multiproc_executor.py:1007]         The error from device(chipId:3, dieId:1), serial number is 13, there is an exception of aivec error, core id is 1, error code = 0, dump info: pc start: 0x12c0de87ba0c, current: 0x12c0de89db44, vec error info: 0xad00000bfe, mte error info: 0xf60307dc70, ifu error info: 0x20001bdc5ce00, ccu error info: 0xefdb05186880003f, cube error info: 0, biu error info: 0, aic error mask: 0x6500020bd00028c, para base: 0x12c140119000.[FUNC:PrintCoreInfo][FILE:device_error_core_proc.cc][LINE:645]
(Worker_DP3_TP1_EP7 pid=233954) ERROR 07-27 15:49:06 [multiproc_executor.py:1007]         The extend info: errcode:(0, 0, 0) errorStr: timeout or trap error. fixp_error0 info: 0x307dc70, fixp_error1 info: 0xf6, fsmId:1, tslot:4, thread:0, ctxid:0, blk:4, sublk:0, subErrType:4.[FUNC:PrintCoreInfo][FILE:device_error_core_proc.cc][LINE:658]
(Worker_DP3_TP1_EP7 pid=233954) ERROR 07-27 15:49:06 [multiproc_executor.py:1007]         The error from device(chipId:3, dieId:1), serial number is 13, there is an exception of aivec error, core id is 2, error code = 0, dump info: pc start: 0x12c0de87ba0c, current: 0x12c0de89db30, vec error info: 0xad00000cfe, mte error info: 0xf603064c70, ifu error info: 0x217ffbe014040, ccu error info: 0xefdb05185680003f, cube error info: 0, biu error info: 0, aic error mask: 0x6500020bd00028c, para base: 0x12c140119000.[FUNC:PrintCoreInfo][FILE:device_error_core_proc.cc][LINE:645]
(Worker_DP3_TP1_EP7 pid=233954) ERROR 07-27 15:49:06 [multiproc_executor.py:1007]         The extend info: errcode:(0, 0, 0) errorStr: timeout or trap error. fixp_error0 info: 0x3064c70, fixp_error1 info: 0xf6, fsmId:1, tslot:4, thread:0, ctxid:0, blk:5, sublk:0, subErrType:4.[FUNC:PrintCoreInfo][FILE:device_error_core_proc.cc][LINE:658]
(Worker_DP3_TP1_EP7 pid=233954) ERROR 07-27 15:49:06 [multiproc_executor.py:1007]         The error from device(chipId:3, dieId:1), serial number is 13, there is an exception of aivec error, core id is 4, error code = 0, dump info: pc start: 0x12c0de87ba0c, current: 0x12c0de89db38, vec error info: 0xad00000cfe, mte error info: 0xf603066c70, ifu error info: 0x2fffffe600000, ccu error info: 0xcb0028216880003f, cube error info: 0, biu error info: 0, aic error mask: 0x6500020bd00028c, para base: 0x12c140119000.[FUNC:PrintCoreInfo][FILE:device_error_core_proc.cc][LINE:645]
(Worker_DP3_TP1_EP7 pid=233954) ERROR 07-27 15:49:06 [multiproc_executor.py:1007]         The extend info: errcode:(0, 0, 0) errorStr: timeout or trap error. fixp_error0 info: 0x3066c70, fixp_error1 info: 0xf6, fsmId:1, tslot:4, thread:0, ctxid:0, blk:7, sublk:0, subErrType:4.[FUNC:PrintCoreInfo][FILE:device_error_core_proc.cc][LINE:658]
(Worker_DP3_TP1_EP7 pid=233954) ERROR 07-27 15:49:06 [multiproc_executor.py:1007]         The error from device(chipId:3, dieId:1), serial number is 13, there is an exception of aivec error, core id is 47, error code = 0, dump info: pc start: 0x12c0de87ba0c, current: 0x12c0de884c34, vec error info: 0xad00000cfe, mte error info: 0xf603065c70, ifu error info: 0x217ffbe014040, ccu error info: 0xefdb05186880003f, cube error info: 0, biu error info: 0, aic error mask: 0x6500020bd00028c, para base: 0x12c140119000.[FUNC:PrintCoreInfo][FILE:device_error_core_proc.cc][LINE:645]
(Worker_DP3_TP1_EP7 pid=233954) ERROR 07-27 15:49:06 [multiproc_executor.py:1007]         The extend info: errcode:(0, 0, 0) errorStr: timeout or trap error. fixp_error0 info: 0x3065c70, fixp_error1 info: 0xf6, fsmId:1, tslot:4, thread:0, ctxid:0, blk:0, sublk:0, subErrType:4.[FUNC:PrintCoreInfo][FILE:device_error_core_proc.cc][LINE:658]
(Worker_DP3_TP1_EP7 pid=233954) ERROR 07-27 15:49:06 [multiproc_executor.py:1007]         The error from device(chipId:3, dieId:1), serial number is 13, there is an exception of aivec error, core id is 48, error code = 0, dump info: pc start: 0x12c0de87ba0c, current: 0x12c0de89db24, vec error info: 0xad00000cfe, mte error info: 0xf603070c70, ifu error info: 0x20001bdc5c100, ccu error info: 0xefdb05186880003f, cube error info: 0, biu error info: 0, aic error mask: 0x6500020bd00028c, para base: 0x12c140119000.[FUNC:PrintCoreInfo][FILE:device_error_core_proc.cc][LINE:645]
(Worker_DP3_TP1_EP7 pid=233954) ERROR 07-27 15:49:06 [multiproc_executor.py:1007]         The extend info: errcode:(0, 0, 0) errorStr: timeout or trap error. fixp_error0 info: 0x3070c70, fixp_error1 info: 0xf6, fsmId:1, tslot:4, thread:0, ctxid:0, blk:1, sublk:0, subErrType:4.[FUNC:PrintCoreInfo][FILE:device_error_core_proc.cc][LINE:658]
(Worker_DP3_TP1_EP7 pid=233954) ERROR 07-27 15:49:06 [multiproc_executor.py:1007]         The error from device(chipId:3, dieId:1), serial number is 13, there is an exception of aivec error, core id is 49, error code = 0, dump info: pc start: 0x12c0de87ba0c, current: 0x12c0de89db44, vec error info: 0xad00000cfe, mte error info: 0xf603064c70, ifu error info: 0x20001bdc63e00, ccu error info: 0xefdb05186880003f, cube error info: 0, biu error info: 0, aic error mask: 0x6500020bd00028c, para base: 0x12c140119000.[FUNC:PrintCoreInfo][FILE:device_error_core_proc.cc][LINE:645]
(Worker_DP3_TP1_EP7 pid=233954) ERROR 07-27 15:49:06 [multiproc_executor.py:1007]         The extend info: errcode:(0, 0, 0) errorStr: timeout or trap error. fixp_error0 info: 0x3064c70, fixp_error1 info: 0xf6, fsmId:1, tslot:4, thread:0, ctxid:0, blk:2, sublk:0, subErrType:4.[FUNC:PrintCoreInfo][FILE:device_error_core_proc.cc][LINE:658]
(Worker_DP3_TP1_EP7 pid=233954) ERROR 07-27 15:49:06 [multiproc_executor.py:1007]         SDMA memory copy task exception occurred. Remote rank: [0]. Base information: [streamID:[85], taskID[1], taskType[Task AIV], tag[], AlgType(level 0-1-2):[ring-ring-ring].]. Task information: [cmdType:[6], tag:[1], size:[688128], numBlocks:[8], rankSize:[2], aivRdmaStep:[-1], flagMem:[0x130f61a00000], isOpbase:[0]
(Worker_DP3_TP1_EP7 pid=233954) ERROR 07-27 15:49:06 [multiproc_executor.py:1007] there are 6 abnormal device(s), only the first 3 devices are listed:
(Worker_DP3_TP1_EP7 pid=233954) ERROR 07-27 15:49:06 [multiproc_executor.py:1007] 	[TaskExecStage][HeartbeatAbnormal]Cluster Exception Location[IP/ID]:[10.10.1.44/15], Arrival Time:[Mon Jul 27 15:47:16 2026], ExceptionType:[Stuck Occurred], Possible Reason:1.Host process is stuck, 2.Device task is stuck
(Worker_DP3_TP1_EP7 pid=233954) ERROR 07-27 15:49:06 [multiproc_executor.py:1007] 	[TaskExecStage][HeartbeatAbnormal]Cluster Exception Location[IP/ID]:[10.10.1.44/7], Arrival Time:[Mon Jul 27 15:47:17 2026], ExceptionType:[Stuck Occurred], Possible Reason:1.Host process is stuck, 2.Device task is stuck
(Worker_DP3_TP1_EP7 pid=233954) ERROR 07-27 15:49:06 [multiproc_executor.py:1007] 	[TaskExecStage][HeartbeatAbnormal]Cluster Exception Location[IP/ID]:[10.10.1.44/14], Arrival Time:[Mon Jul 27 15:47:18 2026], ExceptionType:[Stuck Occurred], Possible Reason:1.Host process is stuck, 2.Device task is stuck
(Worker_DP3_TP1_EP7 pid=233954) ERROR 07-27 15:49:06 [multiproc_executor.py:1007] ]. Communicator information: [].
(Worker_DP3_TP1_EP7 pid=233954) ERROR 07-27 15:49:06 [multiproc_executor.py:1007]         rtStreamSynchronizeWithTimeout execution failed, reason=the model stream execute failed[FUNC:FuncErrorReason][FILE:error_message_manage.cc][LINE:65]
(Worker_DP3_TP1_EP7 pid=233954) ERROR 07-27 15:49:06 [multiproc_executor.py:1007]         synchronize stream with timeout failed, runtime result = 507011[FUNC:ReportCallError][FILE:log_inner.cpp][LINE:148]
(Worker_DP3_TP1_EP7 pid=233954) ERROR 07-27 15:49:06 [multiproc_executor.py:1007] 
(Worker_DP3_TP1_EP7 pid=233954) ERROR 07-27 15:49:06 [multiproc_executor.py:1007] 
(EngineCore_DP0 pid=233078) ERROR 07-27 15:49:06 [dump_input.py:72] Dumping input data for V1 LLM engine (v0.1.dev18654+g54503ecec) with config: model='/mnt/weights/DeepSeek-V3.1-Terminus-w8a8-QuaRot-lfs', speculative_config=SpeculativeConfig(method='mtp', model='/mnt/weights/DeepSeek-V3.1-Terminus-w8a8-QuaRot-lfs', num_spec_tokens=2), tokenizer='/mnt/weights/DeepSeek-V3.1-Terminus-w8a8-QuaRot-lfs', skip_tokenizer_init=False, tokenizer_mode=auto, revision=None, tokenizer_revision=None, trust_remote_code=True, dtype=torch.bfloat16, max_seq_len=4096, download_dir=None, load_format=auto, tensor_parallel_size=2, pipeline_parallel_size=1, data_parallel_size=8, decode_context_parallel_size=1, dcp_comm_backend=ag_rs, disable_custom_all_reduce=True, quantization=ascend, quantization_config=None, enforce_eager=False, enable_return_routed_experts=False, kv_cache_dtype=auto, device_config=npu, structured_outputs_config=StructuredOutputsConfig(backend='auto', disable_any_whitespace=False, disable_additional_properties=False, reasoning_parser='', reasoning_parser_plugin='', enable_in_reasoning=False), observability_config=ObservabilityConfig(show_hidden_metrics_for_version=None, otlp_traces_endpoint=None, collect_detailed_traces=None, kv_cache_metrics=False, kv_cache_metrics_sample=0.01, cudagraph_metrics=False, enable_layerwise_nvtx_tracing=False, enable_mfu_metrics=False, enable_mm_processor_stats=False, enable_logging_iteration_details=False, jit_monitor_mode='warn', jit_monitor_verbose=False), seed=1024, served_model_name=/mnt/weights/DeepSeek-V3.1-Terminus-w8a8-QuaRot-lfs, enable_prefix_caching=False, enable_chunked_prefill=True, pooler_config=None, compilation_config={'mode': <CompilationMode.VLLM_COMPILE: 3>, 'debug_dump_path': PosixPath('/home/l00838859/cann/vllm-runner/fx-graph'), 'cache_dir': '', 'compile_cache_save_format': 'binary', 'backend': 'vllm_ascend.compilation.compiler_interface.AscendCompiler', 'custom_ops': ['all'], 'ir_enable_torch_wrap': False, 'splitting_ops': [], 'compile_mm_encoder': False, 'cudagraph_mm_encoder': False, 'encoder_cudagraph_token_budgets': [], 'encoder_cudagraph_max_vision_items_per_batch': 0, 'encoder_cudagraph_max_frames_per_batch': None, 'compile_sizes': [], 'compile_ranges_endpoints': [256], 'inductor_compile_config': {'enable_auto_functionalized_v2': False, 'size_asserts': False, 'alignment_asserts': False, 'scalar_asserts': False, 'combo_kernels': True, 'benchmark_combo_kernel': True}, 'inductor_passes': {}, 'cudagraph_mode': <CUDAGraphMode.FULL_DECODE_ONLY: (2, 0)>, 'cudagraph_num_of_warmups': 1, 'cudagraph_capture_sizes': [3, 48], 'cudagraph_copy_inputs': False, 'cudagraph_specialize_lora': True, 'use_inductor_graph_partition': False, 'pass_config': {'fuse_norm_quant': True, 'fuse_act_quant': True, 'fuse_attn_quant': False, 'enable_sp': False, 'fuse_gemm_comms': False, 'fuse_allreduce_rms': False, 'fuse_rope_kvcache_cat_mla': False, 'fuse_act_padding': False}, 'max_cudagraph_capture_size': 48, 'dynamic_shapes_config': {'type': <DynamicShapesType.BACKED: 'backed'>, 'evaluate_guards': False, 'assume_32_bit_indexing': False}, 'local_cache_dir': None, 'fast_moe_cold_start': False, 'static_all_moe_layers': []}, kernel_config=KernelConfig(ir_op_priority=IrOpPriorityConfig(rms_norm=['native'], fused_add_rms_norm=['native']), enable_flashinfer_autotune=True, enable_cutedsl_warmup=True, moe_backend='auto', linear_backend='auto'), 
(EngineCore_DP4 pid=233095) ERROR 07-27 15:49:06 [dump_input.py:81] Dumping scheduler stats: SchedulerStats(num_running_reqs=1, num_waiting_reqs=0, num_skipped_waiting_reqs=0, step_counter=0, current_wave=0, kv_cache_usage=0.016393442622950838, prefix_cache_stats=PrefixCacheStats(reset=False, requests=0, queries=0, hits=0, preempted_requests=0, preempted_queries=0, preempted_hits=0), connector_prefix_cache_stats=None, kv_cache_eviction_events=[], spec_decoding_stats=None, kv_connector_stats=None, waiting_lora_adapters={}, running_lora_adapters={}, cudagraph_stats=None, perf_stats=None)
(EngineCore_DP0 pid=233078) ERROR 07-27 15:49:06 [dump_input.py:79] Dumping scheduler output for model execution: SchedulerOutput(scheduled_new_reqs=[], scheduled_cached_reqs=CachedRequestData(req_ids=['0-8dc2834d'],resumed_req_ids=set(),new_token_ids_lens=[],all_token_ids_lens={},new_block_ids=[None],num_computed_tokens=[2],num_output_tokens=[1]), num_scheduled_tokens={0-8dc2834d: 3}, total_num_scheduled_tokens=3, scheduled_spec_decode_tokens={0-8dc2834d: [-1, -1]}, scheduled_encoder_inputs={}, num_common_prefix_blocks=[0], finished_req_ids=[], free_encoder_mm_hashes=[], preempted_req_ids=[], has_structured_output_requests=false, pending_structured_output_tokens=false, num_invalid_spec_tokens=null, kv_connector_metadata=null, ec_connector_metadata=null, new_block_ids_to_zero=null, num_spec_tokens_to_schedule=2)
(Worker_DP1_TP0_EP2 pid=233533) ERROR 07-27 15:49:06 [multiproc_executor.py:1007] WorkerProc hit an exception.
(Worker_DP1_TP0_EP2 pid=233533) ERROR 07-27 15:49:06 [multiproc_executor.py:1007] Traceback (most recent call last):
(Worker_DP1_TP0_EP2 pid=233533) ERROR 07-27 15:49:06 [multiproc_executor.py:1007]   File "/home/l00838859/cann/my-project/vllm/vllm/v1/executor/multiproc_executor.py", line 999, in worker_busy_loop
(Worker_DP1_TP0_EP2 pid=233533) ERROR 07-27 15:49:06 [multiproc_executor.py:1007]     output = func(*args, **kwargs)
(Worker_DP1_TP0_EP2 pid=233533) ERROR 07-27 15:49:06 [multiproc_executor.py:1007]              ^^^^^^^^^^^^^^^^^^^^^
(Worker_DP1_TP0_EP2 pid=233533) ERROR 07-27 15:49:06 [multiproc_executor.py:1007]   File "/home/l00838859/cann/my-project/vllm/vllm/v1/worker/worker_base.py", line 351, in execute_model
(Worker_DP1_TP0_EP2 pid=233533) ERROR 07-27 15:49:06 [multiproc_executor.py:1007]     return self.worker.execute_model(scheduler_output)
(Worker_DP1_TP0_EP2 pid=233533) ERROR 07-27 15:49:06 [multiproc_executor.py:1007]            ^^^^^^^^^^^^^^^^^^^^^^^^^^^^^^^^^^^^^^^^^^^
(Worker_DP1_TP0_EP2 pid=233533) ERROR 07-27 15:49:06 [multiproc_executor.py:1007]   File "/home/l00838859/cann/my-project/vllm-ascend/vllm_ascend/worker/worker.py", line 685, in execute_model
(Worker_DP1_TP0_EP2 pid=233533) ERROR 07-27 15:49:06 [multiproc_executor.py:1007]     output = self.model_runner.execute_model(scheduler_output, intermediate_tensors)
(Worker_DP1_TP0_EP2 pid=233533) ERROR 07-27 15:49:06 [multiproc_executor.py:1007]              ^^^^^^^^^^^^^^^^^^^^^^^^^^^^^^^^^^^^^^^^^^^^^^^^^^^^^^^^^^^^^^^^^^^^^^^
(Worker_DP1_TP0_EP2 pid=233533) ERROR 07-27 15:49:06 [multiproc_executor.py:1007]   File "/usr/local/lib/python3.11/site-packages/torch/utils/_contextlib.py", line 124, in decorate_context
(Worker_DP1_TP0_EP2 pid=233533) ERROR 07-27 15:49:06 [multiproc_executor.py:1007]     return func(*args, **kwargs)
(Worker_DP1_TP0_EP2 pid=233533) ERROR 07-27 15:49:06 [multiproc_executor.py:1007]            ^^^^^^^^^^^^^^^^^^^^^
(Worker_DP1_TP0_EP2 pid=233533) ERROR 07-27 15:49:06 [multiproc_executor.py:1007]   File "/home/l00838859/cann/my-project/vllm-ascend/vllm_ascend/worker/model_runner_v1.py", line 2346, in execute_model
(Worker_DP1_TP0_EP2 pid=233533) ERROR 07-27 15:49:06 [multiproc_executor.py:1007]     hidden_states = self._model_forward(
(Worker_DP1_TP0_EP2 pid=233533) ERROR 07-27 15:49:06 [multiproc_executor.py:1007]                     ^^^^^^^^^^^^^^^^^^^^
(Worker_DP1_TP0_EP2 pid=233533) ERROR 07-27 15:49:06 [multiproc_executor.py:1007]   File "/home/l00838859/cann/my-project/vllm-ascend/vllm_ascend/worker/model_runner_v1.py", line 2915, in _model_forward
(Worker_DP1_TP0_EP2 pid=233533) ERROR 07-27 15:49:06 [multiproc_executor.py:1007]     hidden_states = run_model()
(Worker_DP1_TP0_EP2 pid=233533) ERROR 07-27 15:49:06 [multiproc_executor.py:1007]                     ^^^^^^^^^^^
(Worker_DP1_TP0_EP2 pid=233533) ERROR 07-27 15:49:06 [multiproc_executor.py:1007]   File "/home/l00838859/cann/my-project/vllm-ascend/vllm_ascend/compilation/acl_graph.py", line 281, in __call__
(Worker_DP1_TP0_EP2 pid=233533) ERROR 07-27 15:49:06 [multiproc_executor.py:1007]     torch.npu.current_stream().synchronize()
(Worker_DP1_TP0_EP2 pid=233533) ERROR 07-27 15:49:06 [multiproc_executor.py:1007]   File "/usr/local/lib/python3.11/site-packages/torch_npu/npu/streams.py", line 85, in synchronize
(Worker_DP1_TP0_EP2 pid=233533) ERROR 07-27 15:49:06 [multiproc_executor.py:1007]     super(Stream, self).synchronize()
(Worker_DP1_TP0_EP2 pid=233533) ERROR 07-27 15:49:06 [multiproc_executor.py:1007] RuntimeError: synchronize:../torch_npu/csrc/core/npu/NPUStream.cpp:361 NPU function error: c10_npu::acl::AclrtSynchronizeStreamWithTimeout(stream()), error code is 507011
(Worker_DP1_TP0_EP2 pid=233533) ERROR 07-27 15:49:06 [multiproc_executor.py:1007] [ERROR] 2026-07-27-15:49:06 (PID:233533, Device:2, RankID:-1) ERR00100 PTA call acl api failed
(Worker_DP1_TP0_EP2 pid=233533) ERROR 07-27 15:49:06 [multiproc_executor.py:1007] [Error]: Model execution failed. 
(Worker_DP1_TP0_EP2 pid=233533) ERROR 07-27 15:49:06 [multiproc_executor.py:1007]         Rectify the fault based on the error information in the ascend log.
(Worker_DP1_TP0_EP2 pid=233533) ERROR 07-27 15:49:06 [multiproc_executor.py:1007] [PID: 233533] 2026-07-27-15:44:57.340.987 Communication_Error_Bind_IP_Port(EI0019): Failed to enable listening for the host network adapter socket. Reason: The IP address 10.10.1.44 and port 65536 have already been bound.
(Worker_DP1_TP0_EP2 pid=233533) ERROR 07-27 15:49:06 [multiproc_executor.py:1007]         Solution: 1. Check whether this port has been occupied by another process. If yes, you can make adjustment using the environment variable HCCL_IF_BASE_PORT and use sysctl -w net.ipv4.ip_local_reserved_ports=****-**** to adjust the scope of reserved ports. 2. Check whether the service process is started multiple times on a device during this service.
(Worker_DP1_TP0_EP2 pid=233533) ERROR 07-27 15:49:06 [multiproc_executor.py:1007]         TraceBack (most recent call last):
(Worker_DP1_TP0_EP2 pid=233533) ERROR 07-27 15:49:06 [multiproc_executor.py:1007]         rtStreamSynchronizeWithTimeout execution failed, reason=the model stream execute failed[FUNC:FuncErrorReason][FILE:error_message_manage.cc][LINE:65]
(Worker_DP1_TP0_EP2 pid=233533) ERROR 07-27 15:49:06 [multiproc_executor.py:1007]         synchronize stream with timeout failed, runtime result = 507011[FUNC:ReportCallError][FILE:log_inner.cpp][LINE:148]
(Worker_DP1_TP0_EP2 pid=233533) ERROR 07-27 15:49:06 [multiproc_executor.py:1007] 
(Worker_DP1_TP0_EP2 pid=233533) ERROR 07-27 15:49:06 [multiproc_executor.py:1007] Traceback (most recent call last):
(Worker_DP1_TP0_EP2 pid=233533) ERROR 07-27 15:49:06 [multiproc_executor.py:1007]   File "/home/l00838859/cann/my-project/vllm/vllm/v1/executor/multiproc_executor.py", line 999, in worker_busy_loop
(Worker_DP1_TP0_EP2 pid=233533) ERROR 07-27 15:49:06 [multiproc_executor.py:1007]     output = func(*args, **kwargs)
(Worker_DP1_TP0_EP2 pid=233533) ERROR 07-27 15:49:06 [multiproc_executor.py:1007]              ^^^^^^^^^^^^^^^^^^^^^
(Worker_DP1_TP0_EP2 pid=233533) ERROR 07-27 15:49:06 [multiproc_executor.py:1007]   File "/home/l00838859/cann/my-project/vllm/vllm/v1/worker/worker_base.py", line 351, in execute_model
(Worker_DP1_TP0_EP2 pid=233533) ERROR 07-27 15:49:06 [multiproc_executor.py:1007]     return self.worker.execute_model(scheduler_output)
(Worker_DP1_TP0_EP2 pid=233533) ERROR 07-27 15:49:06 [multiproc_executor.py:1007]            ^^^^^^^^^^^^^^^^^^^^^^^^^^^^^^^^^^^^^^^^^^^
(Worker_DP1_TP0_EP2 pid=233533) ERROR 07-27 15:49:06 [multiproc_executor.py:1007]   File "/home/l00838859/cann/my-project/vllm-ascend/vllm_ascend/worker/worker.py", line 685, in execute_model
(Worker_DP1_TP0_EP2 pid=233533) ERROR 07-27 15:49:06 [multiproc_executor.py:1007]     output = self.model_runner.execute_model(scheduler_output, intermediate_tensors)
(Worker_DP1_TP0_EP2 pid=233533) ERROR 07-27 15:49:06 [multiproc_executor.py:1007]              ^^^^^^^^^^^^^^^^^^^^^^^^^^^^^^^^^^^^^^^^^^^^^^^^^^^^^^^^^^^^^^^^^^^^^^^
(Worker_DP1_TP0_EP2 pid=233533) ERROR 07-27 15:49:06 [multiproc_executor.py:1007]   File "/usr/local/lib/python3.11/site-packages/torch/utils/_contextlib.py", line 124, in decorate_context
(Worker_DP1_TP0_EP2 pid=233533) ERROR 07-27 15:49:06 [multiproc_executor.py:1007]     return func(*args, **kwargs)
(Worker_DP1_TP0_EP2 pid=233533) ERROR 07-27 15:49:06 [multiproc_executor.py:1007]            ^^^^^^^^^^^^^^^^^^^^^
(Worker_DP1_TP0_EP2 pid=233533) ERROR 07-27 15:49:06 [multiproc_executor.py:1007]   File "/home/l00838859/cann/my-project/vllm-ascend/vllm_ascend/worker/model_runner_v1.py", line 2346, in execute_model
(Worker_DP1_TP0_EP2 pid=233533) ERROR 07-27 15:49:06 [multiproc_executor.py:1007]     hidden_states = self._model_forward(
(Worker_DP1_TP0_EP2 pid=233533) ERROR 07-27 15:49:06 [multiproc_executor.py:1007]                     ^^^^^^^^^^^^^^^^^^^^
(Worker_DP1_TP0_EP2 pid=233533) ERROR 07-27 15:49:06 [multiproc_executor.py:1007]   File "/home/l00838859/cann/my-project/vllm-ascend/vllm_ascend/worker/model_runner_v1.py", line 2915, in _model_forward
(Worker_DP1_TP0_EP2 pid=233533) ERROR 07-27 15:49:06 [multiproc_executor.py:1007]     hidden_states = run_model()
(Worker_DP1_TP0_EP2 pid=233533) ERROR 07-27 15:49:06 [multiproc_executor.py:1007]                     ^^^^^^^^^^^
(Worker_DP1_TP0_EP2 pid=233533) ERROR 07-27 15:49:06 [multiproc_executor.py:1007]   File "/home/l00838859/cann/my-project/vllm-ascend/vllm_ascend/compilation/acl_graph.py", line 281, in __call__
(Worker_DP1_TP0_EP2 pid=233533) ERROR 07-27 15:49:06 [multiproc_executor.py:1007]     torch.npu.current_stream().synchronize()
(Worker_DP1_TP0_EP2 pid=233533) ERROR 07-27 15:49:06 [multiproc_executor.py:1007]   File "/usr/local/lib/python3.11/site-packages/torch_npu/npu/streams.py", line 85, in synchronize
(Worker_DP1_TP0_EP2 pid=233533) ERROR 07-27 15:49:06 [multiproc_executor.py:1007]     super(Stream, self).synchronize()
(Worker_DP1_TP0_EP2 pid=233533) ERROR 07-27 15:49:06 [multiproc_executor.py:1007] RuntimeError: synchronize:../torch_npu/csrc/core/npu/NPUStream.cpp:361 NPU function error: c10_npu::acl::AclrtSynchronizeStreamWithTimeout(stream()), error code is 507011
(Worker_DP1_TP0_EP2 pid=233533) ERROR 07-27 15:49:06 [multiproc_executor.py:1007] [ERROR] 2026-07-27-15:49:06 (PID:233533, Device:2, RankID:-1) ERR00100 PTA call acl api failed
(Worker_DP1_TP0_EP2 pid=233533) ERROR 07-27 15:49:06 [multiproc_executor.py:1007] [Error]: Model execution failed. 
(Worker_DP1_TP0_EP2 pid=233533) ERROR 07-27 15:49:06 [multiproc_executor.py:1007]         Rectify the fault based on the error information in the ascend log.
(Worker_DP1_TP0_EP2 pid=233533) ERROR 07-27 15:49:06 [multiproc_executor.py:1007] [PID: 233533] 2026-07-27-15:44:57.340.987 Communication_Error_Bind_IP_Port(EI0019): Failed to enable listening for the host network adapter socket. Reason: The IP address 10.10.1.44 and port 65536 have already been bound.
(Worker_DP1_TP0_EP2 pid=233533) ERROR 07-27 15:49:06 [multiproc_executor.py:1007]         Solution: 1. Check whether this port has been occupied by another process. If yes, you can make adjustment using the environment variable HCCL_IF_BASE_PORT and use sysctl -w net.ipv4.ip_local_reserved_ports=****-**** to adjust the scope of reserved ports. 2. Check whether the service process is started multiple times on a device during this service.
(Worker_DP1_TP0_EP2 pid=233533) ERROR 07-27 15:49:06 [multiproc_executor.py:1007]         TraceBack (most recent call last):
(Worker_DP1_TP0_EP2 pid=233533) ERROR 07-27 15:49:06 [multiproc_executor.py:1007]         rtStreamSynchronizeWithTimeout execution failed, reason=the model stream execute failed[FUNC:FuncErrorReason][FILE:error_message_manage.cc][LINE:65]
(Worker_DP1_TP0_EP2 pid=233533) ERROR 07-27 15:49:06 [multiproc_executor.py:1007]         synchronize stream with timeout failed, runtime result = 507011[FUNC:ReportCallError][FILE:log_inner.cpp][LINE:148]
(Worker_DP1_TP0_EP2 pid=233533) ERROR 07-27 15:49:06 [multiproc_executor.py:1007] 
(Worker_DP1_TP0_EP2 pid=233533) ERROR 07-27 15:49:06 [multiproc_executor.py:1007] 
(EngineCore_DP0 pid=233078) ERROR 07-27 15:49:06 [dump_input.py:81] Dumping scheduler stats: SchedulerStats(num_running_reqs=1, num_waiting_reqs=0, num_skipped_waiting_reqs=0, step_counter=0, current_wave=0, kv_cache_usage=0.016393442622950838, prefix_cache_stats=PrefixCacheStats(reset=False, requests=0, queries=0, hits=0, preempted_requests=0, preempted_queries=0, preempted_hits=0), connector_prefix_cache_stats=None, kv_cache_eviction_events=[], spec_decoding_stats=None, kv_connector_stats=None, waiting_lora_adapters={}, running_lora_adapters={}, cudagraph_stats=None, perf_stats=None)
(EngineCore_DP2 pid=233074) ERROR 07-27 15:49:06 [dump_input.py:72] Dumping input data for V1 LLM engine (v0.1.dev18654+g54503ecec) with config: model='/mnt/weights/DeepSeek-V3.1-Terminus-w8a8-QuaRot-lfs', speculative_config=SpeculativeConfig(method='mtp', model='/mnt/weights/DeepSeek-V3.1-Terminus-w8a8-QuaRot-lfs', num_spec_tokens=2), tokenizer='/mnt/weights/DeepSeek-V3.1-Terminus-w8a8-QuaRot-lfs', skip_tokenizer_init=False, tokenizer_mode=auto, revision=None, tokenizer_revision=None, trust_remote_code=True, dtype=torch.bfloat16, max_seq_len=4096, download_dir=None, load_format=auto, tensor_parallel_size=2, pipeline_parallel_size=1, data_parallel_size=8, decode_context_parallel_size=1, dcp_comm_backend=ag_rs, disable_custom_all_reduce=True, quantization=ascend, quantization_config=None, enforce_eager=False, enable_return_routed_experts=False, kv_cache_dtype=auto, device_config=npu, structured_outputs_config=StructuredOutputsConfig(backend='auto', disable_any_whitespace=False, disable_additional_properties=False, reasoning_parser='', reasoning_parser_plugin='', enable_in_reasoning=False), observability_config=ObservabilityConfig(show_hidden_metrics_for_version=None, otlp_traces_endpoint=None, collect_detailed_traces=None, kv_cache_metrics=False, kv_cache_metrics_sample=0.01, cudagraph_metrics=False, enable_layerwise_nvtx_tracing=False, enable_mfu_metrics=False, enable_mm_processor_stats=False, enable_logging_iteration_details=False, jit_monitor_mode='warn', jit_monitor_verbose=False), seed=1024, served_model_name=/mnt/weights/DeepSeek-V3.1-Terminus-w8a8-QuaRot-lfs, enable_prefix_caching=False, enable_chunked_prefill=True, pooler_config=None, compilation_config={'mode': <CompilationMode.VLLM_COMPILE: 3>, 'debug_dump_path': PosixPath('/home/l00838859/cann/vllm-runner/fx-graph'), 'cache_dir': '', 'compile_cache_save_format': 'binary', 'backend': 'vllm_ascend.compilation.compiler_interface.AscendCompiler', 'custom_ops': ['all'], 'ir_enable_torch_wrap': False, 'splitting_ops': [], 'compile_mm_encoder': False, 'cudagraph_mm_encoder': False, 'encoder_cudagraph_token_budgets': [], 'encoder_cudagraph_max_vision_items_per_batch': 0, 'encoder_cudagraph_max_frames_per_batch': None, 'compile_sizes': [], 'compile_ranges_endpoints': [256], 'inductor_compile_config': {'enable_auto_functionalized_v2': False, 'size_asserts': False, 'alignment_asserts': False, 'scalar_asserts': False, 'combo_kernels': True, 'benchmark_combo_kernel': True}, 'inductor_passes': {}, 'cudagraph_mode': <CUDAGraphMode.FULL_DECODE_ONLY: (2, 0)>, 'cudagraph_num_of_warmups': 1, 'cudagraph_capture_sizes': [3, 48], 'cudagraph_copy_inputs': False, 'cudagraph_specialize_lora': True, 'use_inductor_graph_partition': False, 'pass_config': {'fuse_norm_quant': True, 'fuse_act_quant': True, 'fuse_attn_quant': False, 'enable_sp': False, 'fuse_gemm_comms': False, 'fuse_allreduce_rms': False, 'fuse_rope_kvcache_cat_mla': False, 'fuse_act_padding': False}, 'max_cudagraph_capture_size': 48, 'dynamic_shapes_config': {'type': <DynamicShapesType.BACKED: 'backed'>, 'evaluate_guards': False, 'assume_32_bit_indexing': False}, 'local_cache_dir': None, 'fast_moe_cold_start': False, 'static_all_moe_layers': []}, kernel_config=KernelConfig(ir_op_priority=IrOpPriorityConfig(rms_norm=['native'], fused_add_rms_norm=['native']), enable_flashinfer_autotune=True, enable_cutedsl_warmup=True, moe_backend='auto', linear_backend='auto'), 
(EngineCore_DP4 pid=233095) ERROR 07-27 15:49:06 [core.py:1233] EngineCore encountered a fatal error.
(EngineCore_DP4 pid=233095) ERROR 07-27 15:49:06 [core.py:1233] Traceback (most recent call last):
(EngineCore_DP4 pid=233095) ERROR 07-27 15:49:06 [core.py:1233]   File "/home/l00838859/cann/my-project/vllm/vllm/v1/engine/core.py", line 1224, in run_engine_core
(EngineCore_DP4 pid=233095) ERROR 07-27 15:49:06 [core.py:1233]     engine_core.run_busy_loop()
(EngineCore_DP4 pid=233095) ERROR 07-27 15:49:06 [core.py:1233]   File "/home/l00838859/cann/my-project/vllm/vllm/v1/engine/core.py", line 1943, in run_busy_loop
(EngineCore_DP4 pid=233095) ERROR 07-27 15:49:06 [core.py:1233]     executed = self._process_engine_step()
(EngineCore_DP4 pid=233095) ERROR 07-27 15:49:06 [core.py:1233]                ^^^^^^^^^^^^^^^^^^^^^^^^^^^
(EngineCore_DP4 pid=233095) ERROR 07-27 15:49:06 [core.py:1233]   File "/home/l00838859/cann/my-project/vllm/vllm/v1/engine/core.py", line 1304, in _process_engine_step
(EngineCore_DP4 pid=233095) ERROR 07-27 15:49:06 [core.py:1233]     outputs, model_executed = self.step_fn()
(EngineCore_DP4 pid=233095) ERROR 07-27 15:49:06 [core.py:1233]                               ^^^^^^^^^^^^^^
(EngineCore_DP4 pid=233095) ERROR 07-27 15:49:06 [core.py:1233]   File "/home/l00838859/cann/my-project/vllm/vllm/v1/engine/core.py", line 595, in step_with_batch_queue
(EngineCore_DP4 pid=233095) ERROR 07-27 15:49:06 [core.py:1233]     model_output = future.result()
(EngineCore_DP4 pid=233095) ERROR 07-27 15:49:06 [core.py:1233]                    ^^^^^^^^^^^^^^^
(EngineCore_DP4 pid=233095) ERROR 07-27 15:49:06 [core.py:1233]   File "/home/l00838859/cann/my-project/vllm/vllm/v1/executor/multiproc_executor.py", line 91, in result
(EngineCore_DP4 pid=233095) ERROR 07-27 15:49:06 [core.py:1233]     return super().result()
(EngineCore_DP4 pid=233095) ERROR 07-27 15:49:06 [core.py:1233]            ^^^^^^^^^^^^^^^^
(EngineCore_DP4 pid=233095) ERROR 07-27 15:49:06 [core.py:1233]   File "/usr/local/lib/python3.11/concurrent/futures/_base.py", line 449, in result
(EngineCore_DP4 pid=233095) ERROR 07-27 15:49:06 [core.py:1233]     return self.__get_result()
(EngineCore_DP4 pid=233095) ERROR 07-27 15:49:06 [core.py:1233]            ^^^^^^^^^^^^^^^^^^^
(EngineCore_DP4 pid=233095) ERROR 07-27 15:49:06 [core.py:1233]   File "/usr/local/lib/python3.11/concurrent/futures/_base.py", line 401, in __get_result
(EngineCore_DP4 pid=233095) ERROR 07-27 15:49:06 [core.py:1233]     raise self._exception
(EngineCore_DP4 pid=233095) ERROR 07-27 15:49:06 [core.py:1233]   File "/home/l00838859/cann/my-project/vllm/vllm/v1/executor/multiproc_executor.py", line 95, in _wait_for_response
(EngineCore_DP4 pid=233095) ERROR 07-27 15:49:06 [core.py:1233]     response = self.aggregate(self.get_response())
(EngineCore_DP4 pid=233095) ERROR 07-27 15:49:06 [core.py:1233]                               ^^^^^^^^^^^^^^^^^^^
(EngineCore_DP4 pid=233095) ERROR 07-27 15:49:06 [core.py:1233]   File "/home/l00838859/cann/my-project/vllm/vllm/v1/executor/multiproc_executor.py", line 394, in get_response
(EngineCore_DP4 pid=233095) ERROR 07-27 15:49:06 [core.py:1233]     raise RuntimeError(
(EngineCore_DP4 pid=233095) ERROR 07-27 15:49:06 [core.py:1233] RuntimeError: Worker failed with error 'synchronize:../torch_npu/csrc/core/npu/NPUEvent.cpp:212 NPU function error: aclrtSynchronizeEvent(event_), error code is 507011
(EngineCore_DP4 pid=233095) ERROR 07-27 15:49:06 [core.py:1233] [ERROR] 2026-07-27-15:49:06 (PID:233531, Device:8, RankID:-1) ERR00100 PTA call acl api failed
(EngineCore_DP4 pid=233095) ERROR 07-27 15:49:06 [core.py:1233] [Error]: Model execution failed. 
(EngineCore_DP4 pid=233095) ERROR 07-27 15:49:06 [core.py:1233]         Rectify the fault based on the error information in the ascend log.
(EngineCore_DP4 pid=233095) ERROR 07-27 15:49:06 [core.py:1233] [PID: 233531] 2026-07-27-15:49:06.451.336 Execution_Error_SDMA(EI0012): SDMA memory copy task exception occurred. Remote rank: [0]. Base information: [streamID:[81], taskID[1], taskType[Task AIV], tag[], AlgType(level 0-1-2):[ring-ring-ring].]. Task information: [cmdType:[6], tag:[5], size:[688128], numBlocks:[8], rankSize:[2], aivRdmaStep:[-1], flagMem:[0x130f61a00000], isOpbase:[0]
(EngineCore_DP4 pid=233095) ERROR 07-27 15:49:06 [core.py:1233] there are 5 abnormal device(s), only the first 3 devices are listed:
(EngineCore_DP4 pid=233095) ERROR 07-27 15:49:06 [core.py:1233] 	[TaskExecStage][HeartbeatAbnormal]Cluster Exception Location[IP/ID]:[10.10.1.44/10], Arrival Time:[Mon Jul 27 15:47:16 2026], ExceptionType:[Stuck Occurred], Possible Reason:1.Host process is stuck, 2.Device task is stuck
(EngineCore_DP4 pid=233095) ERROR 07-27 15:49:06 [core.py:1233] 	[TaskExecStage][HeartbeatAbnormal]Cluster Exception Location[IP/ID]:[10.10.1.44/8], Arrival Time:[Mon Jul 27 15:47:17 2026], ExceptionType:[Stuck Occurred], Possible Reason:1.Host process is stuck, 2.Device task is stuck
(EngineCore_DP4 pid=233095) ERROR 07-27 15:49:06 [core.py:1233] 	[TaskExecStage][HeartbeatAbnormal]Cluster Exception Location[IP/ID]:[10.10.1.44/2], Arrival Time:[Mon Jul 27 15:47:17 2026], ExceptionType:[Stuck Occurred], Possible Reason:1.Host process is stuck, 2.Device task is stuck
(EngineCore_DP4 pid=233095) ERROR 07-27 15:49:06 [core.py:1233] ]. Communicator information: [].
(EngineCore_DP4 pid=233095) ERROR 07-27 15:49:06 [core.py:1233]         Possible Cause: 1. Network connection exception occurred during the SDMA task execution. 2. The peer process exits abnormally. 3. The input or output memory address is not allocated, the actual allocated size is smaller than the input data size, or the memory is freed before the operator execution is complete.
(EngineCore_DP4 pid=233095) ERROR 07-27 15:49:06 [core.py:1233]         Solution: 1. Check whether the network link is abnormal during the execution. 2. Check whether a process in the cluster exits before an error is reported. If yes, locate the cause of the process exit. 3. Check whether the size of the input/output memory passed to the communication operator meets the expectation, and whether the input/output memory or communicator is freed or destroyed before the operator execution is complete.
(EngineCore_DP4 pid=233095) ERROR 07-27 15:49:06 [core.py:1233]         TraceBack (most recent call last):
(EngineCore_DP4 pid=233095) ERROR 07-27 15:49:06 [core.py:1233]         The error from device(chipId:4, dieId:0), serial number is 20, there is an exception of aivec error, core id is 29, error code = 0, dump info: pc start: 0x12c0de87ba0c, current: 0x12c0de89f0c4, vec error info: 0xad00000cfe, mte error info: 0xf603079c6e, ifu error info: 0x217ffbe014040, ccu error info: 0x2b4c90e26880003f, cube error info: 0, biu error info: 0, aic error mask: 0x6500020bd00028c, para base: 0x12c140216000.[FUNC:PrintCoreInfo][FILE:device_error_core_proc.cc][LINE:645]
(EngineCore_DP4 pid=233095) ERROR 07-27 15:49:06 [core.py:1233]         The extend info: errcode:(0, 0, 0) errorStr: timeout or trap error. fixp_error0 info: 0x3079c6e, fixp_error1 info: 0xf6, fsmId:0, tslot:6, thread:0, ctxid:0, blk:4, sublk:0, subErrType:4.[FUNC:PrintCoreInfo][FILE:device_error_core_proc.cc][LINE:658]
(EngineCore_DP4 pid=233095) ERROR 07-27 15:49:06 [core.py:1233]         The error from device(chipId:4, dieId:0), serial number is 20, there is an exception of aivec error, core id is 30, error code = 0, dump info: pc start: 0x12c0de87ba0c, current: 0x12c0de89f0c4, vec error info: 0xad00000cfe, mte error info: 0xb2030266b9, ifu error info: 0x217ffbe014040, ccu error info: 0x44ec5ee46880003f, cube error info: 0, biu error info: 0, aic error mask: 0x6500020bd00028c, para base: 0x12c140216000.[FUNC:PrintCoreInfo][FILE:device_error_core_proc.cc][LINE:645]
(EngineCore_DP4 pid=233095) ERROR 07-27 15:49:06 [core.py:1233]         The extend info: errcode:(0, 0, 0) errorStr: timeout or trap error. fixp_error0 info: 0x30266b9, fixp_error1 info: 0xb2, fsmId:0, tslot:6, thread:0, ctxid:0, blk:5, sublk:0, subErrType:4.[FUNC:PrintCoreInfo][FILE:device_error_core_proc.cc][LINE:658]
(EngineCore_DP4 pid=233095) ERROR 07-27 15:49:06 [core.py:1233]         The error from device(chipId:4, dieId:0), serial number is 20, there is an exception of aivec error, core id is 31, error code = 0, dump info: pc start: 0x12c0de87ba0c, current: 0x12c0de89f0c4, vec error info: 0xad00000cfe, mte error info: 0xf6060000a2, ifu error info: 0x20001bdc5ce00, ccu error info: 0x79f89e306880003f, cube error info: 0, biu error info: 0, aic error mask: 0x6500020bd00028c, para base: 0x12c140216000.[FUNC:PrintCoreInfo][FILE:device_error_core_proc.cc][LINE:645]
(EngineCore_DP4 pid=233095) ERROR 07-27 15:49:06 [core.py:1233]         The extend info: errcode:(0, 0, 0) errorStr: timeout or trap error. fixp_error0 info: 0x60000a2, fixp_error1 info: 0xf6, fsmId:0, tslot:6, thread:0, ctxid:0, blk:6, sublk:0, subErrType:4.[FUNC:PrintCoreInfo][FILE:device_error_core_proc.cc][LINE:658]
(EngineCore_DP4 pid=233095) ERROR 07-27 15:49:06 [core.py:1233]         The error from device(chipId:4, dieId:0), serial number is 20, there is an exception of aivec error, core id is 32, error code = 0, dump info: pc start: 0x12c0de87ba0c, current: 0x12c0de89f0c4, vec error info: 0xad00000cfe, mte error info: 0xf6060000a2, ifu error info: 0x20001bdc5c200, ccu error info: 0x8cbc60246880003f, cube error info: 0, biu error info: 0, aic error mask: 0x6500020bd00028c, para base: 0x12c140216000.[FUNC:PrintCoreInfo][FILE:device_error_core_proc.cc][LINE:645]
(EngineCore_DP4 pid=233095) ERROR 07-27 15:49:06 [core.py:1233]         The extend info: errcode:(0, 0, 0) errorStr: timeout or trap error. fixp_error0 info: 0x60000a2, fixp_error1 info: 0xf6, fsmId:0, tslot:6, thread:0, ctxid:0, blk:7, sublk:0, subErrType:4.[FUNC:PrintCoreInfo][FILE:device_error_core_proc.cc][LINE:658]
(EngineCore_DP4 pid=233095) ERROR 07-27 15:49:06 [core.py:1233]         SDMA memory copy task exception occurred. Remote rank: [0]. Base information: [streamID:[81], taskID[1], taskType[Task AIV], tag[], AlgType(level 0-1-2):[ring-ring-ring].]. Task information: [cmdType:[6], tag:[5], size:[688128], numBlocks:[8], rankSize:[2], aivRdmaStep:[-1], flagMem:[0x130f61a00000], isOpbase:[0]
(EngineCore_DP4 pid=233095) ERROR 07-27 15:49:06 [core.py:1233] there are 5 abnormal device(s), only the first 3 devices are listed:
(EngineCore_DP4 pid=233095) ERROR 07-27 15:49:06 [core.py:1233] 	[TaskExecStage][HeartbeatAbnormal]Cluster Exception Location[IP/ID]:[10.10.1.44/10], Arrival Time:[Mon Jul 27 15:47:16 2026], ExceptionType:[Stuck Occurred], Possible Reason:1.Host process is stuck, 2.Device task is stuck
(EngineCore_DP4 pid=233095) ERROR 07-27 15:49:06 [core.py:1233] 	[TaskExecStage][HeartbeatAbnormal]Cluster Exception Location[IP/ID]:[10.10.1.44/8], Arrival Time:[Mon Jul 27 15:47:17 2026], ExceptionType:[Stuck Occurred], Possible Reason:1.Host process is stuck, 2.Device task is stuck
(EngineCore_DP4 pid=233095) ERROR 07-27 15:49:06 [core.py:1233] 	[TaskExecStage][HeartbeatAbnormal]Cluster Exception Location[IP/ID]:[10.10.1.44/2], Arrival Time:[Mon Jul 27 15:47:17 2026], ExceptionType:[Stuck Occurred], Possible Reason:1.Host process is stuck, 2.Device task is stuck
(EngineCore_DP4 pid=233095) ERROR 07-27 15:49:06 [core.py:1233] ]. Communicator information: [].
(EngineCore_DP4 pid=233095) ERROR 07-27 15:49:06 [core.py:1233]         rtEventSynchronize execution failed, reason=the model stream execute failed[FUNC:FuncErrorReason][FILE:error_message_manage.cc][LINE:65]
(EngineCore_DP4 pid=233095) ERROR 07-27 15:49:06 [core.py:1233]         wait event to be complete failed, runtime result = 507011[FUNC:ReportCallError][FILE:log_inner.cpp][LINE:148]
(EngineCore_DP4 pid=233095) ERROR 07-27 15:49:06 [core.py:1233] ', please check the stack trace above for the root cause
(EngineCore_DP2 pid=233074) ERROR 07-27 15:49:06 [dump_input.py:79] Dumping scheduler output for model execution: SchedulerOutput(scheduled_new_reqs=[], scheduled_cached_reqs=CachedRequestData(req_ids=['0-8102e98c'],resumed_req_ids=set(),new_token_ids_lens=[],all_token_ids_lens={},new_block_ids=[None],num_computed_tokens=[2],num_output_tokens=[1]), num_scheduled_tokens={0-8102e98c: 3}, total_num_scheduled_tokens=3, scheduled_spec_decode_tokens={0-8102e98c: [-1, -1]}, scheduled_encoder_inputs={}, num_common_prefix_blocks=[0], finished_req_ids=[], free_encoder_mm_hashes=[], preempted_req_ids=[], has_structured_output_requests=false, pending_structured_output_tokens=false, num_invalid_spec_tokens=null, kv_connector_metadata=null, ec_connector_metadata=null, new_block_ids_to_zero=null, num_spec_tokens_to_schedule=2)
(EngineCore_DP2 pid=233074) ERROR 07-27 15:49:06 [dump_input.py:81] Dumping scheduler stats: SchedulerStats(num_running_reqs=1, num_waiting_reqs=0, num_skipped_waiting_reqs=0, step_counter=0, current_wave=0, kv_cache_usage=0.016393442622950838, prefix_cache_stats=PrefixCacheStats(reset=False, requests=0, queries=0, hits=0, preempted_requests=0, preempted_queries=0, preempted_hits=0), connector_prefix_cache_stats=None, kv_cache_eviction_events=[], spec_decoding_stats=None, kv_connector_stats=None, waiting_lora_adapters={}, running_lora_adapters={}, cudagraph_stats=None, perf_stats=None)
(EngineCore_DP0 pid=233078) ERROR 07-27 15:49:06 [core.py:1233] EngineCore encountered a fatal error.
(EngineCore_DP0 pid=233078) ERROR 07-27 15:49:06 [core.py:1233] Traceback (most recent call last):
(EngineCore_DP0 pid=233078) ERROR 07-27 15:49:06 [core.py:1233]   File "/home/l00838859/cann/my-project/vllm/vllm/v1/engine/core.py", line 1224, in run_engine_core
(EngineCore_DP0 pid=233078) ERROR 07-27 15:49:06 [core.py:1233]     engine_core.run_busy_loop()
(EngineCore_DP0 pid=233078) ERROR 07-27 15:49:06 [core.py:1233]   File "/home/l00838859/cann/my-project/vllm/vllm/v1/engine/core.py", line 1943, in run_busy_loop
(EngineCore_DP0 pid=233078) ERROR 07-27 15:49:06 [core.py:1233]     executed = self._process_engine_step()
(EngineCore_DP0 pid=233078) ERROR 07-27 15:49:06 [core.py:1233]                ^^^^^^^^^^^^^^^^^^^^^^^^^^^
(EngineCore_DP0 pid=233078) ERROR 07-27 15:49:06 [core.py:1233]   File "/home/l00838859/cann/my-project/vllm/vllm/v1/engine/core.py", line 1304, in _process_engine_step
(EngineCore_DP0 pid=233078) ERROR 07-27 15:49:06 [core.py:1233]     outputs, model_executed = self.step_fn()
(EngineCore_DP0 pid=233078) ERROR 07-27 15:49:06 [core.py:1233]                               ^^^^^^^^^^^^^^
(EngineCore_DP0 pid=233078) ERROR 07-27 15:49:06 [core.py:1233]   File "/home/l00838859/cann/my-project/vllm/vllm/v1/engine/core.py", line 595, in step_with_batch_queue
(EngineCore_DP0 pid=233078) ERROR 07-27 15:49:06 [core.py:1233]     model_output = future.result()
(EngineCore_DP0 pid=233078) ERROR 07-27 15:49:06 [core.py:1233]                    ^^^^^^^^^^^^^^^
(EngineCore_DP0 pid=233078) ERROR 07-27 15:49:06 [core.py:1233]   File "/home/l00838859/cann/my-project/vllm/vllm/v1/executor/multiproc_executor.py", line 91, in result
(EngineCore_DP0 pid=233078) ERROR 07-27 15:49:06 [core.py:1233]     return super().result()
(EngineCore_DP0 pid=233078) ERROR 07-27 15:49:06 [core.py:1233]            ^^^^^^^^^^^^^^^^
(EngineCore_DP0 pid=233078) ERROR 07-27 15:49:06 [core.py:1233]   File "/usr/local/lib/python3.11/concurrent/futures/_base.py", line 449, in result
(EngineCore_DP0 pid=233078) ERROR 07-27 15:49:06 [core.py:1233]     return self.__get_result()
(EngineCore_DP0 pid=233078) ERROR 07-27 15:49:06 [core.py:1233]            ^^^^^^^^^^^^^^^^^^^
(EngineCore_DP0 pid=233078) ERROR 07-27 15:49:06 [core.py:1233]   File "/usr/local/lib/python3.11/concurrent/futures/_base.py", line 401, in __get_result
(EngineCore_DP0 pid=233078) ERROR 07-27 15:49:06 [core.py:1233]     raise self._exception
(EngineCore_DP0 pid=233078) ERROR 07-27 15:49:06 [core.py:1233]   File "/home/l00838859/cann/my-project/vllm/vllm/v1/executor/multiproc_executor.py", line 95, in _wait_for_response
(EngineCore_DP0 pid=233078) ERROR 07-27 15:49:06 [core.py:1233]     response = self.aggregate(self.get_response())
(EngineCore_DP0 pid=233078) ERROR 07-27 15:49:06 [core.py:1233]                               ^^^^^^^^^^^^^^^^^^^
(EngineCore_DP0 pid=233078) ERROR 07-27 15:49:06 [core.py:1233]   File "/home/l00838859/cann/my-project/vllm/vllm/v1/executor/multiproc_executor.py", line 394, in get_response
(EngineCore_DP0 pid=233078) ERROR 07-27 15:49:06 [core.py:1233]     raise RuntimeError(
(EngineCore_DP0 pid=233078) ERROR 07-27 15:49:06 [core.py:1233] RuntimeError: Worker failed with error 'synchronize:../torch_npu/csrc/core/npu/NPUEvent.cpp:212 NPU function error: aclrtSynchronizeEvent(event_), error code is 507011
(EngineCore_DP0 pid=233078) ERROR 07-27 15:49:06 [core.py:1233] [ERROR] 2026-07-27-15:49:06 (PID:233535, Device:0, RankID:-1) ERR00100 PTA call acl api failed
(EngineCore_DP0 pid=233078) ERROR 07-27 15:49:06 [core.py:1233] [Error]: Model execution failed. 
(EngineCore_DP0 pid=233078) ERROR 07-27 15:49:06 [core.py:1233]         Rectify the fault based on the error information in the ascend log.
(EngineCore_DP0 pid=233078) ERROR 07-27 15:49:06 [core.py:1233] [PID: 233535] 2026-07-27-15:49:06.453.058 Execution_Error_SDMA(EI0012): SDMA memory copy task exception occurred. Remote rank: [0]. Base information: [streamID:[81], taskID[1], taskType[Task AIV], tag[], AlgType(level 0-1-2):[ring-ring-ring].]. Task information: [cmdType:[6], tag:[5], size:[688128], numBlocks:[8], rankSize:[2], aivRdmaStep:[-1], flagMem:[0x130f61a00000], isOpbase:[0]
(EngineCore_DP0 pid=233078) ERROR 07-27 15:49:06 [core.py:1233] there are 5 abnormal device(s), only the first 3 devices are listed:
(EngineCore_DP0 pid=233078) ERROR 07-27 15:49:06 [core.py:1233] 	[TaskExecStage][HeartbeatAbnormal]Cluster Exception Location[IP/ID]:[10.10.1.44/2], Arrival Time:[Mon Jul 27 15:47:16 2026], ExceptionType:[Stuck Occurred], Possible Reason:1.Host process is stuck, 2.Device task is stuck
(EngineCore_DP0 pid=233078) ERROR 07-27 15:49:06 [core.py:1233] 	[TaskExecStage][HeartbeatAbnormal]Cluster Exception Location[IP/ID]:[10.10.1.44/10], Arrival Time:[Mon Jul 27 15:47:17 2026], ExceptionType:[Stuck Occurred], Possible Reason:1.Host process is stuck, 2.Device task is stuck
(EngineCore_DP0 pid=233078) ERROR 07-27 15:49:06 [core.py:1233] 	[TaskExecStage][HeartbeatAbnormal]Cluster Exception Location[IP/ID]:[10.10.1.44/8], Arrival Time:[Mon Jul 27 15:47:17 2026], ExceptionType:[Stuck Occurred], Possible Reason:1.Host process is stuck, 2.Device task is stuck
(EngineCore_DP0 pid=233078) ERROR 07-27 15:49:06 [core.py:1233] ]. Communicator information: [].
(EngineCore_DP0 pid=233078) ERROR 07-27 15:49:06 [core.py:1233]         Possible Cause: 1. Network connection exception occurred during the SDMA task execution. 2. The peer process exits abnormally. 3. The input or output memory address is not allocated, the actual allocated size is smaller than the input data size, or the memory is freed before the operator execution is complete.
(EngineCore_DP0 pid=233078) ERROR 07-27 15:49:06 [core.py:1233]         Solution: 1. Check whether the network link is abnormal during the execution. 2. Check whether a process in the cluster exits before an error is reported. If yes, locate the cause of the process exit. 3. Check whether the size of the input/output memory passed to the communication operator meets the expectation, and whether the input/output memory or communicator is freed or destroyed before the operator execution is complete.
(EngineCore_DP0 pid=233078) ERROR 07-27 15:49:06 [core.py:1233]         TraceBack (most recent call last):
(EngineCore_DP0 pid=233078) ERROR 07-27 15:49:06 [core.py:1233]         The error from device(chipId:0, dieId:0), serial number is 21, there is an exception of aivec error, core id is 43, error code = 0, dump info: pc start: 0x12c0de87ba0c, current: 0x12c0de89f0c4, vec error info: 0xad00000bfe, mte error info: 0xf603069c70, ifu error info: 0x217ffbe014040, ccu error info: 0x3cc903dc6880003f, cube error info: 0, biu error info: 0, aic error mask: 0x6500020bd00028c, para base: 0x12c1401d6000.[FUNC:PrintCoreInfo][FILE:device_error_core_proc.cc][LINE:645]
(EngineCore_DP0 pid=233078) ERROR 07-27 15:49:06 [core.py:1233]         The extend info: errcode:(0, 0, 0) errorStr: timeout or trap error. fixp_error0 info: 0x3069c70, fixp_error1 info: 0xf6, fsmId:0, tslot:6, thread:0, ctxid:0, blk:4, sublk:0, subErrType:4.[FUNC:PrintCoreInfo][FILE:device_error_core_proc.cc][LINE:658]
(EngineCore_DP0 pid=233078) ERROR 07-27 15:49:06 [core.py:1233]         The error from device(chipId:0, dieId:0), serial number is 21, there is an exception of aivec error, core id is 44, error code = 0, dump info: pc start: 0x12c0de87ba0c, current: 0x12c0de89f0c4, vec error info: 0xad00000cfe, mte error info: 0xf603064c70, ifu error info: 0x20003c01c2800, ccu error info: 0x11490956880003f, cube error info: 0, biu error info: 0, aic error mask: 0x6500020bd00028c, para base: 0x12c1401d6000.[FUNC:PrintCoreInfo][FILE:device_error_core_proc.cc][LINE:645]
(EngineCore_DP0 pid=233078) ERROR 07-27 15:49:06 [core.py:1233]         The extend info: errcode:(0, 0, 0) errorStr: timeout or trap error. fixp_error0 info: 0x3064c70, fixp_error1 info: 0xf6, fsmId:0, tslot:6, thread:0, ctxid:0, blk:5, sublk:0, subErrType:4.[FUNC:PrintCoreInfo][FILE:device_error_core_proc.cc][LINE:658]
(EngineCore_DP0 pid=233078) ERROR 07-27 15:49:06 [core.py:1233]         The error from device(chipId:0, dieId:0), serial number is 21, there is an exception of aivec error, core id is 45, error code = 0, dump info: pc start: 0x12c0de87ba0c, current: 0x12c0de89f0c4, vec error info: 0xad00000cfe, mte error info: 0x4e060000c7, ifu error info: 0x217ffbe014040, ccu error info: 0x9b3919206880003f, cube error info: 0, biu error info: 0, aic error mask: 0x6500020bd00028c, para base: 0x12c1401d6000.[FUNC:PrintCoreInfo][FILE:device_error_core_proc.cc][LINE:645]
(EngineCore_DP0 pid=233078) ERROR 07-27 15:49:06 [core.py:1233]         The extend info: errcode:(0, 0, 0) errorStr: timeout or trap error. fixp_error0 info: 0x60000c7, fixp_error1 info: 0x4e, fsmId:0, tslot:6, thread:0, ctxid:0, blk:6, sublk:0, subErrType:4.[FUNC:PrintCoreInfo][FILE:device_error_core_proc.cc][LINE:658]
(EngineCore_DP0 pid=233078) ERROR 07-27 15:49:06 [core.py:1233]         The error from device(chipId:0, dieId:0), serial number is 21, there is an exception of aivec error, core id is 46, error code = 0, dump info: pc start: 0x12c0de87ba0c, current: 0x12c0de89f0c4, vec error info: 0xad00000cfe, mte error info: 0x4e060000c7, ifu error info: 0x20003c01c2800, ccu error info: 0x64aed8256880003f, cube error info: 0, biu error info: 0, aic error mask: 0x6500020bd00028c, para base: 0x12c1401d6000.[FUNC:PrintCoreInfo][FILE:device_error_core_proc.cc][LINE:645]
(EngineCore_DP0 pid=233078) ERROR 07-27 15:49:06 [core.py:1233]         The extend info: errcode:(0, 0, 0) errorStr: timeout or trap error. fixp_error0 info: 0x60000c7, fixp_error1 info: 0x4e, fsmId:1, tslot:6, thread:0, ctxid:0, blk:7, sublk:0, subErrType:4.[FUNC:PrintCoreInfo][FILE:device_error_core_proc.cc][LINE:658]
(EngineCore_DP0 pid=233078) ERROR 07-27 15:49:06 [core.py:1233]         SDMA memory copy task exception occurred. Remote rank: [0]. Base information: [streamID:[81], taskID[1], taskType[Task AIV], tag[], AlgType(level 0-1-2):[ring-ring-ring].]. Task information: [cmdType:[6], tag:[5], size:[688128], numBlocks:[8], rankSize:[2], aivRdmaStep:[-1], flagMem:[0x130f61a00000], isOpbase:[0]
(EngineCore_DP0 pid=233078) ERROR 07-27 15:49:06 [core.py:1233] there are 5 abnormal device(s), only the first 3 devices are listed:
(EngineCore_DP0 pid=233078) ERROR 07-27 15:49:06 [core.py:1233] 	[TaskExecStage][HeartbeatAbnormal]Cluster Exception Location[IP/ID]:[10.10.1.44/2], Arrival Time:[Mon Jul 27 15:47:16 2026], ExceptionType:[Stuck Occurred], Possible Reason:1.Host process is stuck, 2.Device task is stuck
(EngineCore_DP0 pid=233078) ERROR 07-27 15:49:06 [core.py:1233] 	[TaskExecStage][HeartbeatAbnormal]Cluster Exception Location[IP/ID]:[10.10.1.44/10], Arrival Time:[Mon Jul 27 15:47:17 2026], ExceptionType:[Stuck Occurred], Possible Reason:1.Host process is stuck, 2.Device task is stuck
(EngineCore_DP0 pid=233078) ERROR 07-27 15:49:06 [core.py:1233] 	[TaskExecStage][HeartbeatAbnormal]Cluster Exception Location[IP/ID]:[10.10.1.44/8], Arrival Time:[Mon Jul 27 15:47:17 2026], ExceptionType:[Stuck Occurred], Possible Reason:1.Host process is stuck, 2.Device task is stuck
(EngineCore_DP0 pid=233078) ERROR 07-27 15:49:06 [core.py:1233] ]. Communicator information: [].
(EngineCore_DP0 pid=233078) ERROR 07-27 15:49:06 [core.py:1233]         rtEventSynchronize execution failed, reason=the model stream execute failed[FUNC:FuncErrorReason][FILE:error_message_manage.cc][LINE:65]
(EngineCore_DP0 pid=233078) ERROR 07-27 15:49:06 [core.py:1233]         wait event to be complete failed, runtime result = 507011[FUNC:ReportCallError][FILE:log_inner.cpp][LINE:148]
(EngineCore_DP0 pid=233078) ERROR 07-27 15:49:06 [core.py:1233] ', please check the stack trace above for the root cause
(Worker_DP5_TP0_EP10 pid=233528) ERROR 07-27 15:49:06 [multiproc_executor.py:1007] WorkerProc hit an exception.
(Worker_DP5_TP0_EP10 pid=233528) ERROR 07-27 15:49:06 [multiproc_executor.py:1007] Traceback (most recent call last):
(Worker_DP5_TP0_EP10 pid=233528) ERROR 07-27 15:49:06 [multiproc_executor.py:1007]   File "/home/l00838859/cann/my-project/vllm/vllm/v1/executor/multiproc_executor.py", line 999, in worker_busy_loop
(Worker_DP5_TP0_EP10 pid=233528) ERROR 07-27 15:49:06 [multiproc_executor.py:1007]     output = func(*args, **kwargs)
(Worker_DP5_TP0_EP10 pid=233528) ERROR 07-27 15:49:06 [multiproc_executor.py:1007]              ^^^^^^^^^^^^^^^^^^^^^
(Worker_DP5_TP0_EP10 pid=233528) ERROR 07-27 15:49:06 [multiproc_executor.py:1007]   File "/home/l00838859/cann/my-project/vllm/vllm/v1/worker/worker_base.py", line 351, in execute_model
(Worker_DP5_TP0_EP10 pid=233528) ERROR 07-27 15:49:06 [multiproc_executor.py:1007]     return self.worker.execute_model(scheduler_output)
(Worker_DP5_TP0_EP10 pid=233528) ERROR 07-27 15:49:06 [multiproc_executor.py:1007]            ^^^^^^^^^^^^^^^^^^^^^^^^^^^^^^^^^^^^^^^^^^^
(Worker_DP5_TP0_EP10 pid=233528) ERROR 07-27 15:49:06 [multiproc_executor.py:1007]   File "/home/l00838859/cann/my-project/vllm-ascend/vllm_ascend/worker/worker.py", line 685, in execute_model
(Worker_DP5_TP0_EP10 pid=233528) ERROR 07-27 15:49:06 [multiproc_executor.py:1007]     output = self.model_runner.execute_model(scheduler_output, intermediate_tensors)
(Worker_DP5_TP0_EP10 pid=233528) ERROR 07-27 15:49:06 [multiproc_executor.py:1007]              ^^^^^^^^^^^^^^^^^^^^^^^^^^^^^^^^^^^^^^^^^^^^^^^^^^^^^^^^^^^^^^^^^^^^^^^
(Worker_DP5_TP0_EP10 pid=233528) ERROR 07-27 15:49:06 [multiproc_executor.py:1007]   File "/usr/local/lib/python3.11/site-packages/torch/utils/_contextlib.py", line 124, in decorate_context
(Worker_DP5_TP0_EP10 pid=233528) ERROR 07-27 15:49:06 [multiproc_executor.py:1007]     return func(*args, **kwargs)
(Worker_DP5_TP0_EP10 pid=233528) ERROR 07-27 15:49:06 [multiproc_executor.py:1007]            ^^^^^^^^^^^^^^^^^^^^^
(Worker_DP5_TP0_EP10 pid=233528) ERROR 07-27 15:49:06 [multiproc_executor.py:1007]   File "/home/l00838859/cann/my-project/vllm-ascend/vllm_ascend/worker/model_runner_v1.py", line 2346, in execute_model
(Worker_DP5_TP0_EP10 pid=233528) ERROR 07-27 15:49:06 [multiproc_executor.py:1007]     hidden_states = self._model_forward(
(Worker_DP5_TP0_EP10 pid=233528) ERROR 07-27 15:49:06 [multiproc_executor.py:1007]                     ^^^^^^^^^^^^^^^^^^^^
(Worker_DP5_TP0_EP10 pid=233528) ERROR 07-27 15:49:06 [multiproc_executor.py:1007]   File "/home/l00838859/cann/my-project/vllm-ascend/vllm_ascend/worker/model_runner_v1.py", line 2915, in _model_forward
(Worker_DP5_TP0_EP10 pid=233528) ERROR 07-27 15:49:06 [multiproc_executor.py:1007]     hidden_states = run_model()
(Worker_DP5_TP0_EP10 pid=233528) ERROR 07-27 15:49:06 [multiproc_executor.py:1007]                     ^^^^^^^^^^^
(Worker_DP5_TP0_EP10 pid=233528) ERROR 07-27 15:49:06 [multiproc_executor.py:1007]   File "/home/l00838859/cann/my-project/vllm-ascend/vllm_ascend/compilation/acl_graph.py", line 281, in __call__
(Worker_DP5_TP0_EP10 pid=233528) ERROR 07-27 15:49:06 [multiproc_executor.py:1007]     torch.npu.current_stream().synchronize()
(Worker_DP5_TP0_EP10 pid=233528) ERROR 07-27 15:49:06 [multiproc_executor.py:1007]   File "/usr/local/lib/python3.11/site-packages/torch_npu/npu/streams.py", line 85, in synchronize
(Worker_DP5_TP0_EP10 pid=233528) ERROR 07-27 15:49:06 [multiproc_executor.py:1007]     super(Stream, self).synchronize()
(Worker_DP5_TP0_EP10 pid=233528) ERROR 07-27 15:49:06 [multiproc_executor.py:1007] RuntimeError: synchronize:../torch_npu/csrc/core/npu/NPUStream.cpp:361 NPU function error: c10_npu::acl::AclrtSynchronizeStreamWithTimeout(stream()), error code is 507011
(Worker_DP5_TP0_EP10 pid=233528) ERROR 07-27 15:49:06 [multiproc_executor.py:1007] [ERROR] 2026-07-27-15:49:06 (PID:233528, Device:10, RankID:-1) ERR00100 PTA call acl api failed
(Worker_DP5_TP0_EP10 pid=233528) ERROR 07-27 15:49:06 [multiproc_executor.py:1007] [Error]: Model execution failed. 
(Worker_DP5_TP0_EP10 pid=233528) ERROR 07-27 15:49:06 [multiproc_executor.py:1007]         Rectify the fault based on the error information in the ascend log.
(Worker_DP5_TP0_EP10 pid=233528) ERROR 07-27 15:49:06 [multiproc_executor.py:1007] [PID: 233528] 2026-07-27-15:44:57.340.987 Communication_Error_Bind_IP_Port(EI0019): Failed to enable listening for the host network adapter socket. Reason: The IP address 10.10.1.44 and port 65536 have already been bound.
(Worker_DP5_TP0_EP10 pid=233528) ERROR 07-27 15:49:06 [multiproc_executor.py:1007]         Solution: 1. Check whether this port has been occupied by another process. If yes, you can make adjustment using the environment variable HCCL_IF_BASE_PORT and use sysctl -w net.ipv4.ip_local_reserved_ports=****-**** to adjust the scope of reserved ports. 2. Check whether the service process is started multiple times on a device during this service.
(Worker_DP5_TP0_EP10 pid=233528) ERROR 07-27 15:49:06 [multiproc_executor.py:1007]         TraceBack (most recent call last):
(Worker_DP5_TP0_EP10 pid=233528) ERROR 07-27 15:49:06 [multiproc_executor.py:1007]         rtStreamSynchronizeWithTimeout execution failed, reason=the model stream execute failed[FUNC:FuncErrorReason][FILE:error_message_manage.cc][LINE:65]
(Worker_DP5_TP0_EP10 pid=233528) ERROR 07-27 15:49:06 [multiproc_executor.py:1007]         synchronize stream with timeout failed, runtime result = 507011[FUNC:ReportCallError][FILE:log_inner.cpp][LINE:148]
(Worker_DP5_TP0_EP10 pid=233528) ERROR 07-27 15:49:06 [multiproc_executor.py:1007] 
(Worker_DP5_TP0_EP10 pid=233528) ERROR 07-27 15:49:06 [multiproc_executor.py:1007] Traceback (most recent call last):
(Worker_DP5_TP0_EP10 pid=233528) ERROR 07-27 15:49:06 [multiproc_executor.py:1007]   File "/home/l00838859/cann/my-project/vllm/vllm/v1/executor/multiproc_executor.py", line 999, in worker_busy_loop
(Worker_DP5_TP0_EP10 pid=233528) ERROR 07-27 15:49:06 [multiproc_executor.py:1007]     output = func(*args, **kwargs)
(Worker_DP5_TP0_EP10 pid=233528) ERROR 07-27 15:49:06 [multiproc_executor.py:1007]              ^^^^^^^^^^^^^^^^^^^^^
(Worker_DP5_TP0_EP10 pid=233528) ERROR 07-27 15:49:06 [multiproc_executor.py:1007]   File "/home/l00838859/cann/my-project/vllm/vllm/v1/worker/worker_base.py", line 351, in execute_model
(Worker_DP5_TP0_EP10 pid=233528) ERROR 07-27 15:49:06 [multiproc_executor.py:1007]     return self.worker.execute_model(scheduler_output)
(Worker_DP5_TP0_EP10 pid=233528) ERROR 07-27 15:49:06 [multiproc_executor.py:1007]            ^^^^^^^^^^^^^^^^^^^^^^^^^^^^^^^^^^^^^^^^^^^
(Worker_DP5_TP0_EP10 pid=233528) ERROR 07-27 15:49:06 [multiproc_executor.py:1007]   File "/home/l00838859/cann/my-project/vllm-ascend/vllm_ascend/worker/worker.py", line 685, in execute_model
(Worker_DP5_TP0_EP10 pid=233528) ERROR 07-27 15:49:06 [multiproc_executor.py:1007]     output = self.model_runner.execute_model(scheduler_output, intermediate_tensors)
(Worker_DP5_TP0_EP10 pid=233528) ERROR 07-27 15:49:06 [multiproc_executor.py:1007]              ^^^^^^^^^^^^^^^^^^^^^^^^^^^^^^^^^^^^^^^^^^^^^^^^^^^^^^^^^^^^^^^^^^^^^^^
(Worker_DP5_TP0_EP10 pid=233528) ERROR 07-27 15:49:06 [multiproc_executor.py:1007]   File "/usr/local/lib/python3.11/site-packages/torch/utils/_contextlib.py", line 124, in decorate_context
(Worker_DP5_TP0_EP10 pid=233528) ERROR 07-27 15:49:06 [multiproc_executor.py:1007]     return func(*args, **kwargs)
(Worker_DP5_TP0_EP10 pid=233528) ERROR 07-27 15:49:06 [multiproc_executor.py:1007]            ^^^^^^^^^^^^^^^^^^^^^
(Worker_DP5_TP0_EP10 pid=233528) ERROR 07-27 15:49:06 [multiproc_executor.py:1007]   File "/home/l00838859/cann/my-project/vllm-ascend/vllm_ascend/worker/model_runner_v1.py", line 2346, in execute_model
(Worker_DP5_TP0_EP10 pid=233528) ERROR 07-27 15:49:06 [multiproc_executor.py:1007]     hidden_states = self._model_forward(
(Worker_DP5_TP0_EP10 pid=233528) ERROR 07-27 15:49:06 [multiproc_executor.py:1007]                     ^^^^^^^^^^^^^^^^^^^^
(Worker_DP5_TP0_EP10 pid=233528) ERROR 07-27 15:49:06 [multiproc_executor.py:1007]   File "/home/l00838859/cann/my-project/vllm-ascend/vllm_ascend/worker/model_runner_v1.py", line 2915, in _model_forward
(Worker_DP5_TP0_EP10 pid=233528) ERROR 07-27 15:49:06 [multiproc_executor.py:1007]     hidden_states = run_model()
(Worker_DP5_TP0_EP10 pid=233528) ERROR 07-27 15:49:06 [multiproc_executor.py:1007]                     ^^^^^^^^^^^
(Worker_DP5_TP0_EP10 pid=233528) ERROR 07-27 15:49:06 [multiproc_executor.py:1007]   File "/home/l00838859/cann/my-project/vllm-ascend/vllm_ascend/compilation/acl_graph.py", line 281, in __call__
(Worker_DP5_TP0_EP10 pid=233528) ERROR 07-27 15:49:06 [multiproc_executor.py:1007]     torch.npu.current_stream().synchronize()
(Worker_DP5_TP0_EP10 pid=233528) ERROR 07-27 15:49:06 [multiproc_executor.py:1007]   File "/usr/local/lib/python3.11/site-packages/torch_npu/npu/streams.py", line 85, in synchronize
(Worker_DP5_TP0_EP10 pid=233528) ERROR 07-27 15:49:06 [multiproc_executor.py:1007]     super(Stream, self).synchronize()
(Worker_DP5_TP0_EP10 pid=233528) ERROR 07-27 15:49:06 [multiproc_executor.py:1007] RuntimeError: synchronize:../torch_npu/csrc/core/npu/NPUStream.cpp:361 NPU function error: c10_npu::acl::AclrtSynchronizeStreamWithTimeout(stream()), error code is 507011
(Worker_DP5_TP0_EP10 pid=233528) ERROR 07-27 15:49:06 [multiproc_executor.py:1007] [ERROR] 2026-07-27-15:49:06 (PID:233528, Device:10, RankID:-1) ERR00100 PTA call acl api failed
(Worker_DP5_TP0_EP10 pid=233528) ERROR 07-27 15:49:06 [multiproc_executor.py:1007] [Error]: Model execution failed. 
(Worker_DP5_TP0_EP10 pid=233528) ERROR 07-27 15:49:06 [multiproc_executor.py:1007]         Rectify the fault based on the error information in the ascend log.
(Worker_DP5_TP0_EP10 pid=233528) ERROR 07-27 15:49:06 [multiproc_executor.py:1007] [PID: 233528] 2026-07-27-15:44:57.340.987 Communication_Error_Bind_IP_Port(EI0019): Failed to enable listening for the host network adapter socket. Reason: The IP address 10.10.1.44 and port 65536 have already been bound.
(Worker_DP5_TP0_EP10 pid=233528) ERROR 07-27 15:49:06 [multiproc_executor.py:1007]         Solution: 1. Check whether this port has been occupied by another process. If yes, you can make adjustment using the environment variable HCCL_IF_BASE_PORT and use sysctl -w net.ipv4.ip_local_reserved_ports=****-**** to adjust the scope of reserved ports. 2. Check whether the service process is started multiple times on a device during this service.
(Worker_DP5_TP0_EP10 pid=233528) ERROR 07-27 15:49:06 [multiproc_executor.py:1007]         TraceBack (most recent call last):
(Worker_DP5_TP0_EP10 pid=233528) ERROR 07-27 15:49:06 [multiproc_executor.py:1007]         rtStreamSynchronizeWithTimeout execution failed, reason=the model stream execute failed[FUNC:FuncErrorReason][FILE:error_message_manage.cc][LINE:65]
(Worker_DP5_TP0_EP10 pid=233528) ERROR 07-27 15:49:06 [multiproc_executor.py:1007]         synchronize stream with timeout failed, runtime result = 507011[FUNC:ReportCallError][FILE:log_inner.cpp][LINE:148]
(Worker_DP5_TP0_EP10 pid=233528) ERROR 07-27 15:49:06 [multiproc_executor.py:1007] 
(Worker_DP5_TP0_EP10 pid=233528) ERROR 07-27 15:49:06 [multiproc_executor.py:1007] 
(EngineCore_DP2 pid=233074) ERROR 07-27 15:49:06 [core.py:1233] EngineCore encountered a fatal error.
(EngineCore_DP2 pid=233074) ERROR 07-27 15:49:06 [core.py:1233] Traceback (most recent call last):
(EngineCore_DP2 pid=233074) ERROR 07-27 15:49:06 [core.py:1233]   File "/home/l00838859/cann/my-project/vllm/vllm/v1/engine/core.py", line 1224, in run_engine_core
(EngineCore_DP2 pid=233074) ERROR 07-27 15:49:06 [core.py:1233]     engine_core.run_busy_loop()
(EngineCore_DP2 pid=233074) ERROR 07-27 15:49:06 [core.py:1233]   File "/home/l00838859/cann/my-project/vllm/vllm/v1/engine/core.py", line 1943, in run_busy_loop
(EngineCore_DP2 pid=233074) ERROR 07-27 15:49:06 [core.py:1233]     executed = self._process_engine_step()
(EngineCore_DP2 pid=233074) ERROR 07-27 15:49:06 [core.py:1233]                ^^^^^^^^^^^^^^^^^^^^^^^^^^^
(EngineCore_DP2 pid=233074) ERROR 07-27 15:49:06 [core.py:1233]   File "/home/l00838859/cann/my-project/vllm/vllm/v1/engine/core.py", line 1304, in _process_engine_step
(EngineCore_DP2 pid=233074) ERROR 07-27 15:49:06 [core.py:1233]     outputs, model_executed = self.step_fn()
(EngineCore_DP2 pid=233074) ERROR 07-27 15:49:06 [core.py:1233]                               ^^^^^^^^^^^^^^
(EngineCore_DP2 pid=233074) ERROR 07-27 15:49:06 [core.py:1233]   File "/home/l00838859/cann/my-project/vllm/vllm/v1/engine/core.py", line 595, in step_with_batch_queue
(EngineCore_DP2 pid=233074) ERROR 07-27 15:49:06 [core.py:1233]     model_output = future.result()
(EngineCore_DP2 pid=233074) ERROR 07-27 15:49:06 [core.py:1233]                    ^^^^^^^^^^^^^^^
(EngineCore_DP2 pid=233074) ERROR 07-27 15:49:06 [core.py:1233]   File "/home/l00838859/cann/my-project/vllm/vllm/v1/executor/multiproc_executor.py", line 91, in result
(EngineCore_DP2 pid=233074) ERROR 07-27 15:49:06 [core.py:1233]     return super().result()
(EngineCore_DP2 pid=233074) ERROR 07-27 15:49:06 [core.py:1233]            ^^^^^^^^^^^^^^^^
(EngineCore_DP2 pid=233074) ERROR 07-27 15:49:06 [core.py:1233]   File "/usr/local/lib/python3.11/concurrent/futures/_base.py", line 449, in result
(EngineCore_DP2 pid=233074) ERROR 07-27 15:49:06 [core.py:1233]     return self.__get_result()
(EngineCore_DP2 pid=233074) ERROR 07-27 15:49:06 [core.py:1233]            ^^^^^^^^^^^^^^^^^^^
(EngineCore_DP2 pid=233074) ERROR 07-27 15:49:06 [core.py:1233]   File "/usr/local/lib/python3.11/concurrent/futures/_base.py", line 401, in __get_result
(EngineCore_DP2 pid=233074) ERROR 07-27 15:49:06 [core.py:1233]     raise self._exception
(EngineCore_DP2 pid=233074) ERROR 07-27 15:49:06 [core.py:1233]   File "/home/l00838859/cann/my-project/vllm/vllm/v1/executor/multiproc_executor.py", line 95, in _wait_for_response
(EngineCore_DP2 pid=233074) ERROR 07-27 15:49:06 [core.py:1233]     response = self.aggregate(self.get_response())
(EngineCore_DP2 pid=233074) ERROR 07-27 15:49:06 [core.py:1233]                               ^^^^^^^^^^^^^^^^^^^
(EngineCore_DP2 pid=233074) ERROR 07-27 15:49:06 [core.py:1233]   File "/home/l00838859/cann/my-project/vllm/vllm/v1/executor/multiproc_executor.py", line 394, in get_response
(EngineCore_DP2 pid=233074) ERROR 07-27 15:49:06 [core.py:1233]     raise RuntimeError(
(EngineCore_DP2 pid=233074) ERROR 07-27 15:49:06 [core.py:1233] RuntimeError: Worker failed with error 'synchronize:../torch_npu/csrc/core/npu/NPUEvent.cpp:212 NPU function error: aclrtSynchronizeEvent(event_), error code is 507011
(EngineCore_DP2 pid=233074) ERROR 07-27 15:49:06 [core.py:1233] [ERROR] 2026-07-27-15:49:06 (PID:233530, Device:4, RankID:-1) ERR00100 PTA call acl api failed
(EngineCore_DP2 pid=233074) ERROR 07-27 15:49:06 [core.py:1233] [Error]: Model execution failed. 
(EngineCore_DP2 pid=233074) ERROR 07-27 15:49:06 [core.py:1233]         Rectify the fault based on the error information in the ascend log.
(EngineCore_DP2 pid=233074) ERROR 07-27 15:49:06 [core.py:1233] [PID: 233530] 2026-07-27-15:49:06.451.839 Execution_Error_SDMA(EI0012): SDMA memory copy task exception occurred. Remote rank: [0]. Base information: [streamID:[2041], taskID[1], taskType[Task AIV], tag[], AlgType(level 0-1-2):[ring-ring-ring].]. Task information: [cmdType:[6], tag:[5], size:[688128], numBlocks:[8], rankSize:[2], aivRdmaStep:[-1], flagMem:[0x130f61a00000], isOpbase:[0]
(EngineCore_DP2 pid=233074) ERROR 07-27 15:49:06 [core.py:1233] there are 9 abnormal device(s), only the first 3 devices are listed:
(EngineCore_DP2 pid=233074) ERROR 07-27 15:49:06 [core.py:1233] 	[TaskExecStage][HeartbeatAbnormal]Cluster Exception Location[IP/ID]:[10.10.1.44/15], Arrival Time:[Mon Jul 27 15:47:17 2026], ExceptionType:[Stuck Occurred], Possible Reason:1.Host process is stuck, 2.Device task is stuck
(EngineCore_DP2 pid=233074) ERROR 07-27 15:49:06 [core.py:1233] 	[TaskExecStage][HeartbeatAbnormal]Cluster Exception Location[IP/ID]:[10.10.1.44/7], Arrival Time:[Mon Jul 27 15:47:17 2026], ExceptionType:[Stuck Occurred], Possible Reason:1.Host process is stuck, 2.Device task is stuck
(EngineCore_DP2 pid=233074) ERROR 07-27 15:49:06 [core.py:1233] 	[TaskExecStage][HeartbeatAbnormal]Cluster Exception Location[IP/ID]:[10.10.1.44/6], Arrival Time:[Mon Jul 27 15:47:17 2026], ExceptionType:[Stuck Occurred], Possible Reason:1.Host process is stuck, 2.Device task is stuck
(EngineCore_DP2 pid=233074) ERROR 07-27 15:49:06 [core.py:1233] ]. Communicator information: [].
(EngineCore_DP2 pid=233074) ERROR 07-27 15:49:06 [core.py:1233]         Possible Cause: 1. Network connection exception occurred during the SDMA task execution. 2. The peer process exits abnormally. 3. The input or output memory address is not allocated, the actual allocated size is smaller than the input data size, or the memory is freed before the operator execution is complete.
(EngineCore_DP2 pid=233074) ERROR 07-27 15:49:06 [core.py:1233]         Solution: 1. Check whether the network link is abnormal during the execution. 2. Check whether a process in the cluster exits before an error is reported. If yes, locate the cause of the process exit. 3. Check whether the size of the input/output memory passed to the communication operator meets the expectation, and whether the input/output memory or communicator is freed or destroyed before the operator execution is complete.
(EngineCore_DP2 pid=233074) ERROR 07-27 15:49:06 [core.py:1233]         TraceBack (most recent call last):
(EngineCore_DP2 pid=233074) ERROR 07-27 15:49:06 [core.py:1233]         The error from device(chipId:2, dieId:0), serial number is 13, there is an exception of aivec error, core id is 40, error code = 0, dump info: pc start: 0x12c0de87ba0c, current: 0x12c0de89f0c4, vec error info: 0xad00000099, mte error info: 0xf603064c70, ifu error info: 0x217fffe01c000, ccu error info: 0x139161396880003f, cube error info: 0, biu error info: 0, aic error mask: 0x6500020bd00028c, para base: 0x12c1401d6000.[FUNC:PrintCoreInfo][FILE:device_error_core_proc.cc][LINE:645]
(EngineCore_DP2 pid=233074) ERROR 07-27 15:49:06 [core.py:1233]         The extend info: errcode:(0, 0, 0) errorStr: timeout or trap error. fixp_error0 info: 0x3064c70, fixp_error1 info: 0xf6, fsmId:0, tslot:1, thread:0, ctxid:0, blk:4, sublk:0, subErrType:4.[FUNC:PrintCoreInfo][FILE:device_error_core_proc.cc][LINE:658]
(EngineCore_DP2 pid=233074) ERROR 07-27 15:49:06 [core.py:1233]         The error from device(chipId:2, dieId:0), serial number is 13, there is an exception of aivec error, core id is 42, error code = 0, dump info: pc start: 0x12c0de87ba0c, current: 0x12c0de89f0c4, vec error info: 0xad00000cfe, mte error info: 0xf603064c70, ifu error info: 0x217fffe01c000, ccu error info: 0x699170e36880003f, cube error info: 0, biu error info: 0, aic error mask: 0x6500020bd00028c, para base: 0x12c1401d6000.[FUNC:PrintCoreInfo][FILE:device_error_core_proc.cc][LINE:645]
(EngineCore_DP2 pid=233074) ERROR 07-27 15:49:06 [core.py:1233]         The extend info: errcode:(0, 0, 0) errorStr: timeout or trap error. fixp_error0 info: 0x3064c70, fixp_error1 info: 0xf6, fsmId:0, tslot:1, thread:0, ctxid:0, blk:6, sublk:0, subErrType:4.[FUNC:PrintCoreInfo][FILE:device_error_core_proc.cc][LINE:658]
(EngineCore_DP2 pid=233074) ERROR 07-27 15:49:06 [core.py:1233]         The error from device(chipId:2, dieId:0), serial number is 13, there is an exception of aivec error, core id is 41, error code = 0, dump info: pc start: 0x12c0de87ba0c, current: 0x12c0de89f0c4, vec error info: 0xad00000099, mte error info: 0xf60307bc70, ifu error info: 0x217fffe01c000, ccu error info: 0x290f30ac6880003f, cube error info: 0, biu error info: 0, aic error mask: 0x6500020bd00028c, para base: 0x12c1401d6000.[FUNC:PrintCoreInfo][FILE:device_error_core_proc.cc][LINE:645]
(EngineCore_DP2 pid=233074) ERROR 07-27 15:49:06 [core.py:1233]         The extend info: errcode:(0, 0, 0) errorStr: timeout or trap error. fixp_error0 info: 0x307bc70, fixp_error1 info: 0xf6, fsmId:1, tslot:1, thread:0, ctxid:0, blk:5, sublk:0, subErrType:4.[FUNC:PrintCoreInfo][FILE:device_error_core_proc.cc][LINE:658]
(EngineCore_DP2 pid=233074) ERROR 07-27 15:49:06 [core.py:1233]         The error from device(chipId:2, dieId:0), serial number is 13, there is an exception of aivec error, core id is 43, error code = 0, dump info: pc start: 0x12c0de87ba0c, current: 0x12c0de89f0c4, vec error info: 0xad00000cfe, mte error info: 0xf603069c70, ifu error info: 0x217fffe01c000, ccu error info: 0x1b038cb96880003f, cube error info: 0, biu error info: 0, aic error mask: 0x6500020bd00028c, para base: 0x12c1401d6000.[FUNC:PrintCoreInfo][FILE:device_error_core_proc.cc][LINE:645]
(EngineCore_DP2 pid=233074) ERROR 07-27 15:49:06 [core.py:1233]         The extend info: errcode:(0, 0, 0) errorStr: timeout or trap error. fixp_error0 info: 0x3069c70, fixp_error1 info: 0xf6, fsmId:1, tslot:1, thread:0, ctxid:0, blk:7, sublk:0, subErrType:4.[FUNC:PrintCoreInfo][FILE:device_error_core_proc.cc][LINE:658]
(EngineCore_DP2 pid=233074) ERROR 07-27 15:49:06 [core.py:1233]         SDMA memory copy task exception occurred. Remote rank: [0]. Base information: [streamID:[2041], taskID[1], taskType[Task AIV], tag[], AlgType(level 0-1-2):[ring-ring-ring].]. Task information: [cmdType:[6], tag:[5], size:[688128], numBlocks:[8], rankSize:[2], aivRdmaStep:[-1], flagMem:[0x130f61a00000], isOpbase:[0]
(EngineCore_DP2 pid=233074) ERROR 07-27 15:49:06 [core.py:1233] there are 9 abnormal device(s), only the first 3 devices are listed:
(EngineCore_DP2 pid=233074) ERROR 07-27 15:49:06 [core.py:1233] 	[TaskExecStage][HeartbeatAbnormal]Cluster Exception Location[IP/ID]:[10.10.1.44/15], Arrival Time:[Mon Jul 27 15:47:17 2026], ExceptionType:[Stuck Occurred], Possible Reason:1.Host process is stuck, 2.Device task is stuck
(EngineCore_DP2 pid=233074) ERROR 07-27 15:49:06 [core.py:1233] 	[TaskExecStage][HeartbeatAbnormal]Cluster Exception Location[IP/ID]:[10.10.1.44/7], Arrival Time:[Mon Jul 27 15:47:17 2026], ExceptionType:[Stuck Occurred], Possible Reason:1.Host process is stuck, 2.Device task is stuck
(EngineCore_DP2 pid=233074) ERROR 07-27 15:49:06 [core.py:1233] 	[TaskExecStage][HeartbeatAbnormal]Cluster Exception Location[IP/ID]:[10.10.1.44/6], Arrival Time:[Mon Jul 27 15:47:17 2026], ExceptionType:[Stuck Occurred], Possible Reason:1.Host process is stuck, 2.Device task is stuck
(EngineCore_DP2 pid=233074) ERROR 07-27 15:49:06 [core.py:1233] ]. Communicator information: [].
(EngineCore_DP2 pid=233074) ERROR 07-27 15:49:06 [core.py:1233]         rtEventSynchronize execution failed, reason=the model stream execute failed[FUNC:FuncErrorReason][FILE:error_message_manage.cc][LINE:65]
(EngineCore_DP2 pid=233074) ERROR 07-27 15:49:06 [core.py:1233]         wait event to be complete failed, runtime result = 507011[FUNC:ReportCallError][FILE:log_inner.cpp][LINE:148]
(EngineCore_DP2 pid=233074) ERROR 07-27 15:49:06 [core.py:1233] ', please check the stack trace above for the root cause
(Worker_DP4_TP0_EP8 pid=233531) INFO 07-27 15:49:06 [multiproc_executor.py:793] Parent process exited, terminating worker queues
(EngineCore_DP0 pid=233078) INFO 07-27 15:49:06 [multiproc_executor.py:429] [shutdown] Executor: waiting for worker exit count=2
(EngineCore_DP4 pid=233095) INFO 07-27 15:49:06 [multiproc_executor.py:429] [shutdown] Executor: waiting for worker exit count=2
(Worker_DP0_TP0_EP0 pid=233535) INFO 07-27 15:49:06 [multiproc_executor.py:793] Parent process exited, terminating worker queues
(Worker_DP1_TP0_EP2 pid=233533) ERROR 07-27 15:49:06 [multiproc_executor.py:948] Error getting async model runner output
(Worker_DP1_TP0_EP2 pid=233533) ERROR 07-27 15:49:06 [multiproc_executor.py:948] Traceback (most recent call last):
(Worker_DP1_TP0_EP2 pid=233533) ERROR 07-27 15:49:06 [multiproc_executor.py:948]   File "/home/l00838859/cann/my-project/vllm/vllm/v1/executor/multiproc_executor.py", line 946, in enqueue_output
(Worker_DP1_TP0_EP2 pid=233533) ERROR 07-27 15:49:06 [multiproc_executor.py:948]     output = output.get_output()
(Worker_DP1_TP0_EP2 pid=233533) ERROR 07-27 15:49:06 [multiproc_executor.py:948]              ^^^^^^^^^^^^^^^^^^^
(Worker_DP1_TP0_EP2 pid=233533) ERROR 07-27 15:49:06 [multiproc_executor.py:948]   File "/home/l00838859/cann/my-project/vllm/vllm/v1/worker/gpu_model_runner.py", line 305, in get_output
(Worker_DP1_TP0_EP2 pid=233533) ERROR 07-27 15:49:06 [multiproc_executor.py:948]     self.async_copy_ready_event.synchronize()
(Worker_DP1_TP0_EP2 pid=233533) ERROR 07-27 15:49:06 [multiproc_executor.py:948]   File "/usr/local/lib/python3.11/site-packages/torch_npu/npu/streams.py", line 192, in synchronize
(Worker_DP1_TP0_EP2 pid=233533) ERROR 07-27 15:49:06 [multiproc_executor.py:948]     super(Event, self).synchronize()
(Worker_DP1_TP0_EP2 pid=233533) ERROR 07-27 15:49:06 [multiproc_executor.py:948] RuntimeError: synchronize:../torch_npu/csrc/core/npu/NPUEvent.cpp:212 NPU function error: aclrtSynchronizeEvent(event_), error code is 507011
(Worker_DP1_TP0_EP2 pid=233533) ERROR 07-27 15:49:06 [multiproc_executor.py:948] [ERROR] 2026-07-27-15:49:06 (PID:233533, Device:2, RankID:-1) ERR00100 PTA call acl api failed
(Worker_DP1_TP0_EP2 pid=233533) ERROR 07-27 15:49:06 [multiproc_executor.py:948] [Error]: Model execution failed. 
(Worker_DP1_TP0_EP2 pid=233533) ERROR 07-27 15:49:06 [multiproc_executor.py:948]         Rectify the fault based on the error information in the ascend log.
(Worker_DP1_TP0_EP2 pid=233533) ERROR 07-27 15:49:06 [multiproc_executor.py:948] [PID: 233533] 2026-07-27-15:49:06.458.606 Execution_Error_SDMA(EI0012): SDMA memory copy task exception occurred. Remote rank: [0]. Base information: [streamID:[85], taskID[1], taskType[Task AIV], tag[], AlgType(level 0-1-2):[ring-ring-ring].]. Task information: [cmdType:[6], tag:[1], size:[688128], numBlocks:[8], rankSize:[2], aivRdmaStep:[-1], flagMem:[0x130f61a00000], isOpbase:[0]
(Worker_DP1_TP0_EP2 pid=233533) ERROR 07-27 15:49:06 [multiproc_executor.py:948] there are(is) 2 abnormal device(s):
(Worker_DP1_TP0_EP2 pid=233533) ERROR 07-27 15:49:06 [multiproc_executor.py:948] 	[TaskExecStage][HeartbeatAbnormal]Cluster Exception Location[IP/ID]:[10.10.1.44/2], Arrival Time:[Mon Jul 27 15:47:16 2026], ExceptionType:[Stuck Occurred], Possible Reason:1.Host process is stuck, 2.Device task is stuck
(Worker_DP1_TP0_EP2 pid=233533) ERROR 07-27 15:49:06 [multiproc_executor.py:948] 	[TaskExecStage][HeartbeatAbnormal]Cluster Exception Location[IP/ID]:[10.10.1.44/0], Arrival Time:[Mon Jul 27 15:47:18 2026], ExceptionType:[Stuck Occurred], Possible Reason:1.Host process is stuck, 2.Device task is stuck
(Worker_DP1_TP0_EP2 pid=233533) ERROR 07-27 15:49:06 [multiproc_executor.py:948] ]. Communicator information: [].
(Worker_DP1_TP0_EP2 pid=233533) ERROR 07-27 15:49:06 [multiproc_executor.py:948]         Possible Cause: 1. Network connection exception occurred during the SDMA task execution. 2. The peer process exits abnormally. 3. The input or output memory address is not allocated, the actual allocated size is smaller than the input data size, or the memory is freed before the operator execution is complete.
(Worker_DP1_TP0_EP2 pid=233533) ERROR 07-27 15:49:06 [multiproc_executor.py:948]         Solution: 1. Check whether the network link is abnormal during the execution. 2. Check whether a process in the cluster exits before an error is reported. If yes, locate the cause of the process exit. 3. Check whether the size of the input/output memory passed to the communication operator meets the expectation, and whether the input/output memory or communicator is freed or destroyed before the operator execution is complete.
(Worker_DP1_TP0_EP2 pid=233533) ERROR 07-27 15:49:06 [multiproc_executor.py:948]         TraceBack (most recent call last):
(Worker_DP1_TP0_EP2 pid=233533) ERROR 07-27 15:49:06 [multiproc_executor.py:948]         The error from device(chipId:1, dieId:0), serial number is 27, there is an exception of aivec error, core id is 30, error code = 0, dump info: pc start: 0x12c0de87ba0c, current: 0x12c0de89db44, vec error info: 0xad00000cfe, mte error info: 0xf603066c70, ifu error info: 0x217ffbe014040, ccu error info: 0xc3a0a8426880003f, cube error info: 0, biu error info: 0, aic error mask: 0x6500020bd00028c, para base: 0x12c1401d6000.[FUNC:PrintCoreInfo][FILE:device_error_core_proc.cc][LINE:645]
(Worker_DP1_TP0_EP2 pid=233533) ERROR 07-27 15:49:06 [multiproc_executor.py:948]         The extend info: errcode:(0, 0, 0) errorStr: timeout or trap error. fixp_error0 info: 0x3066c70, fixp_error1 info: 0xf6, fsmId:0, tslot:4, thread:0, ctxid:0, blk:1, sublk:0, subErrType:4.[FUNC:PrintCoreInfo][FILE:device_error_core_proc.cc][LINE:658]
(Worker_DP1_TP0_EP2 pid=233533) ERROR 07-27 15:49:06 [multiproc_executor.py:948]         The error from device(chipId:1, dieId:0), serial number is 27, there is an exception of aivec error, core id is 32, error code = 0, dump info: pc start: 0x12c0de87ba0c, current: 0x12c0de89db44, vec error info: 0xad00000cfe, mte error info: 0xf603064c70, ifu error info: 0x217ffbe014040, ccu error info: 0x6338610f6880003f, cube error info: 0, biu error info: 0, aic error mask: 0x6500020bd00028c, para base: 0x12c1401d6000.[FUNC:PrintCoreInfo][FILE:device_error_core_proc.cc][LINE:645]
(Worker_DP1_TP0_EP2 pid=233533) ERROR 07-27 15:49:06 [multiproc_executor.py:948]         The extend info: errcode:(0, 0, 0) errorStr: timeout or trap error. fixp_error0 info: 0x3064c70, fixp_error1 info: 0xf6, fsmId:0, tslot:4, thread:0, ctxid:0, blk:3, sublk:0, subErrType:4.[FUNC:PrintCoreInfo][FILE:device_error_core_proc.cc][LINE:658]
(Worker_DP1_TP0_EP2 pid=233533) ERROR 07-27 15:49:06 [multiproc_executor.py:948]         The error from device(chipId:1, dieId:0), serial number is 27, there is an exception of aivec error, core id is 33, error code = 0, dump info: pc start: 0x12c0de87ba0c, current: 0x12c0de89db44, vec error info: 0xad00000cfe, mte error info: 0x4e060000c7, ifu error info: 0x217ffbe014040, ccu error info: 0xcd61aec56880003f, cube error info: 0, biu error info: 0, aic error mask: 0x6500020bd00028c, para base: 0x12c1401d6000.[FUNC:PrintCoreInfo][FILE:device_error_core_proc.cc][LINE:645]
(Worker_DP1_TP0_EP2 pid=233533) ERROR 07-27 15:49:06 [multiproc_executor.py:948]         The extend info: errcode:(0, 0, 0) errorStr: timeout or trap error. fixp_error0 info: 0x60000c7, fixp_error1 info: 0x4e, fsmId:0, tslot:4, thread:0, ctxid:0, blk:4, sublk:0, subErrType:4.[FUNC:PrintCoreInfo][FILE:device_error_core_proc.cc][LINE:658]
(Worker_DP1_TP0_EP2 pid=233533) ERROR 07-27 15:49:06 [multiproc_executor.py:948]         The error from device(chipId:1, dieId:0), serial number is 27, there is an exception of aivec error, core id is 36, error code = 0, dump info: pc start: 0x12c0de87ba0c, current: 0x12c0de89db44, vec error info: 0xad00000cfe, mte error info: 0xf603068c70, ifu error info: 0x2fffffe600000, ccu error info: 0xd06a6e286880003f, cube error info: 0, biu error info: 0, aic error mask: 0x6500020bd00028c, para base: 0x12c1401d6000.[FUNC:PrintCoreInfo][FILE:device_error_core_proc.cc][LINE:645]
(Worker_DP1_TP0_EP2 pid=233533) ERROR 07-27 15:49:06 [multiproc_executor.py:948]         The extend info: errcode:(0, 0, 0) errorStr: timeout or trap error. fixp_error0 info: 0x3068c70, fixp_error1 info: 0xf6, fsmId:0, tslot:4, thread:0, ctxid:0, blk:7, sublk:0, subErrType:4.[FUNC:PrintCoreInfo][FILE:device_error_core_proc.cc][LINE:658]
(Worker_DP1_TP0_EP2 pid=233533) ERROR 07-27 15:49:06 [multiproc_executor.py:948]         The error from device(chipId:1, dieId:0), serial number is 27, there is an exception of aivec error, core id is 29, error code = 0, dump info: pc start: 0x12c0de87ba0c, current: 0x12c0de884c50, vec error info: 0xad00000cfe, mte error info: 0xfa06000027, ifu error info: 0x20001bdc5de00, ccu error info: 0x1be579896880003f, cube error info: 0, biu error info: 0, aic error mask: 0x6500020bd00028c, para base: 0x12c1401d6000.[FUNC:PrintCoreInfo][FILE:device_error_core_proc.cc][LINE:645]
(Worker_DP1_TP0_EP2 pid=233533) ERROR 07-27 15:49:06 [multiproc_executor.py:948]         The extend info: errcode:(0, 0, 0) errorStr: timeout or trap error. fixp_error0 info: 0x6000027, fixp_error1 info: 0xfa, fsmId:1, tslot:4, thread:0, ctxid:0, blk:0, sublk:0, subErrType:4.[FUNC:PrintCoreInfo][FILE:device_error_core_proc.cc][LINE:658]
(Worker_DP1_TP0_EP2 pid=233533) ERROR 07-27 15:49:06 [multiproc_executor.py:948]         The error from device(chipId:1, dieId:0), serial number is 27, there is an exception of aivec error, core id is 31, error code = 0, dump info: pc start: 0x12c0de87ba0c, current: 0x12c0de89db44, vec error info: 0xad00000cfe, mte error info: 0xf603066c70, ifu error info: 0x217ffbe014040, ccu error info: 0x986c08106880003f, cube error info: 0, biu error info: 0, aic error mask: 0x6500020bd00028c, para base: 0x12c1401d6000.[FUNC:PrintCoreInfo][FILE:device_error_core_proc.cc][LINE:645]
(Worker_DP1_TP0_EP2 pid=233533) ERROR 07-27 15:49:06 [multiproc_executor.py:948]         The extend info: errcode:(0, 0, 0) errorStr: timeout or trap error. fixp_error0 info: 0x3066c70, fixp_error1 info: 0xf6, fsmId:1, tslot:4, thread:0, ctxid:0, blk:2, sublk:0, subErrType:4.[FUNC:PrintCoreInfo][FILE:device_error_core_proc.cc][LINE:658]
(Worker_DP1_TP0_EP2 pid=233533) ERROR 07-27 15:49:06 [multiproc_executor.py:948]         The error from device(chipId:1, dieId:0), serial number is 27, there is an exception of aivec error, core id is 34, error code = 0, dump info: pc start: 0x12c0de87ba0c, current: 0x12c0de89dc70, vec error info: 0xad00000cfe, mte error info: 0xf60306ac70, ifu error info: 0x217ffbe014040, ccu error info: 0xec209bdd6880003f, cube error info: 0, biu error info: 0, aic error mask: 0x6500020bd00028c, para base: 0x12c1401d6000.[FUNC:PrintCoreInfo][FILE:device_error_core_proc.cc][LINE:645]
(Worker_DP1_TP0_EP2 pid=233533) ERROR 07-27 15:49:06 [multiproc_executor.py:948]         The extend info: errcode:(0, 0, 0) errorStr: timeout or trap error. fixp_error0 info: 0x306ac70, fixp_error1 info: 0xf6, fsmId:1, tslot:4, thread:0, ctxid:0, blk:5, sublk:0, subErrType:4.[FUNC:PrintCoreInfo][FILE:device_error_core_proc.cc][LINE:658]
(Worker_DP1_TP0_EP2 pid=233533) ERROR 07-27 15:49:06 [multiproc_executor.py:948]         The error from device(chipId:1, dieId:0), serial number is 27, there is an exception of aivec error, core id is 35, error code = 0, dump info: pc start: 0x12c0de87ba0c, current: 0x12c0de89db44, vec error info: 0xad00000cfe, mte error info: 0xf603083c70, ifu error info: 0x2fffffe500000, ccu error info: 0xbbcfa0a6880003f, cube error info: 0, biu error info: 0, aic error mask: 0x6500020bd00028c, para base: 0x12c1401d6000.[FUNC:PrintCoreInfo][FILE:device_error_core_proc.cc][LINE:645]
(Worker_DP1_TP0_EP2 pid=233533) ERROR 07-27 15:49:06 [multiproc_executor.py:948]         The extend info: errcode:(0, 0, 0) errorStr: timeout or trap error. fixp_error0 info: 0x3083c70, fixp_error1 info: 0xf6, fsmId:1, tslot:4, thread:0, ctxid:0, blk:6, sublk:0, subErrType:4.[FUNC:PrintCoreInfo][FILE:device_error_core_proc.cc][LINE:658]
(Worker_DP1_TP0_EP2 pid=233533) ERROR 07-27 15:49:06 [multiproc_executor.py:948]         SDMA memory copy task exception occurred. Remote rank: [0]. Base information: [streamID:[85], taskID[1], taskType[Task AIV], tag[], AlgType(level 0-1-2):[ring-ring-ring].]. Task information: [cmdType:[6], tag:[1], size:[688128], numBlocks:[8], rankSize:[2], aivRdmaStep:[-1], flagMem:[0x130f61a00000], isOpbase:[0]
(Worker_DP1_TP0_EP2 pid=233533) ERROR 07-27 15:49:06 [multiproc_executor.py:948] there are(is) 2 abnormal device(s):
(Worker_DP1_TP0_EP2 pid=233533) ERROR 07-27 15:49:06 [multiproc_executor.py:948] 	[TaskExecStage][HeartbeatAbnormal]Cluster Exception Location[IP/ID]:[10.10.1.44/2], Arrival Time:[Mon Jul 27 15:47:16 2026], ExceptionType:[Stuck Occurred], Possible Reason:1.Host process is stuck, 2.Device task is stuck
(Worker_DP1_TP0_EP2 pid=233533) ERROR 07-27 15:49:06 [multiproc_executor.py:948] 	[TaskExecStage][HeartbeatAbnormal]Cluster Exception Location[IP/ID]:[10.10.1.44/0], Arrival Time:[Mon Jul 27 15:47:18 2026], ExceptionType:[Stuck Occurred], Possible Reason:1.Host process is stuck, 2.Device task is stuck
(Worker_DP1_TP0_EP2 pid=233533) ERROR 07-27 15:49:06 [multiproc_executor.py:948] ]. Communicator information: [].
(Worker_DP1_TP0_EP2 pid=233533) ERROR 07-27 15:49:06 [multiproc_executor.py:948]         rtEventSynchronize execution failed, reason=the model stream execute failed[FUNC:FuncErrorReason][FILE:error_message_manage.cc][LINE:65]
(Worker_DP1_TP0_EP2 pid=233533) ERROR 07-27 15:49:06 [multiproc_executor.py:948]         wait event to be complete failed, runtime result = 507011[FUNC:ReportCallError][FILE:log_inner.cpp][LINE:148]
(Worker_DP1_TP0_EP2 pid=233533) ERROR 07-27 15:49:06 [multiproc_executor.py:948] 
(EngineCore_DP1 pid=233102) ERROR 07-27 15:49:06 [dump_input.py:72] Dumping input data for V1 LLM engine (v0.1.dev18654+g54503ecec) with config: model='/mnt/weights/DeepSeek-V3.1-Terminus-w8a8-QuaRot-lfs', speculative_config=SpeculativeConfig(method='mtp', model='/mnt/weights/DeepSeek-V3.1-Terminus-w8a8-QuaRot-lfs', num_spec_tokens=2), tokenizer='/mnt/weights/DeepSeek-V3.1-Terminus-w8a8-QuaRot-lfs', skip_tokenizer_init=False, tokenizer_mode=auto, revision=None, tokenizer_revision=None, trust_remote_code=True, dtype=torch.bfloat16, max_seq_len=4096, download_dir=None, load_format=auto, tensor_parallel_size=2, pipeline_parallel_size=1, data_parallel_size=8, decode_context_parallel_size=1, dcp_comm_backend=ag_rs, disable_custom_all_reduce=True, quantization=ascend, quantization_config=None, enforce_eager=False, enable_return_routed_experts=False, kv_cache_dtype=auto, device_config=npu, structured_outputs_config=StructuredOutputsConfig(backend='auto', disable_any_whitespace=False, disable_additional_properties=False, reasoning_parser='', reasoning_parser_plugin='', enable_in_reasoning=False), observability_config=ObservabilityConfig(show_hidden_metrics_for_version=None, otlp_traces_endpoint=None, collect_detailed_traces=None, kv_cache_metrics=False, kv_cache_metrics_sample=0.01, cudagraph_metrics=False, enable_layerwise_nvtx_tracing=False, enable_mfu_metrics=False, enable_mm_processor_stats=False, enable_logging_iteration_details=False, jit_monitor_mode='warn', jit_monitor_verbose=False), seed=1024, served_model_name=/mnt/weights/DeepSeek-V3.1-Terminus-w8a8-QuaRot-lfs, enable_prefix_caching=False, enable_chunked_prefill=True, pooler_config=None, compilation_config={'mode': <CompilationMode.VLLM_COMPILE: 3>, 'debug_dump_path': PosixPath('/home/l00838859/cann/vllm-runner/fx-graph'), 'cache_dir': '', 'compile_cache_save_format': 'binary', 'backend': 'vllm_ascend.compilation.compiler_interface.AscendCompiler', 'custom_ops': ['all'], 'ir_enable_torch_wrap': False, 'splitting_ops': [], 'compile_mm_encoder': False, 'cudagraph_mm_encoder': False, 'encoder_cudagraph_token_budgets': [], 'encoder_cudagraph_max_vision_items_per_batch': 0, 'encoder_cudagraph_max_frames_per_batch': None, 'compile_sizes': [], 'compile_ranges_endpoints': [256], 'inductor_compile_config': {'enable_auto_functionalized_v2': False, 'size_asserts': False, 'alignment_asserts': False, 'scalar_asserts': False, 'combo_kernels': True, 'benchmark_combo_kernel': True}, 'inductor_passes': {}, 'cudagraph_mode': <CUDAGraphMode.FULL_DECODE_ONLY: (2, 0)>, 'cudagraph_num_of_warmups': 1, 'cudagraph_capture_sizes': [3, 48], 'cudagraph_copy_inputs': False, 'cudagraph_specialize_lora': True, 'use_inductor_graph_partition': False, 'pass_config': {'fuse_norm_quant': True, 'fuse_act_quant': True, 'fuse_attn_quant': False, 'enable_sp': False, 'fuse_gemm_comms': False, 'fuse_allreduce_rms': False, 'fuse_rope_kvcache_cat_mla': False, 'fuse_act_padding': False}, 'max_cudagraph_capture_size': 48, 'dynamic_shapes_config': {'type': <DynamicShapesType.BACKED: 'backed'>, 'evaluate_guards': False, 'assume_32_bit_indexing': False}, 'local_cache_dir': None, 'fast_moe_cold_start': False, 'static_all_moe_layers': []}, kernel_config=KernelConfig(ir_op_priority=IrOpPriorityConfig(rms_norm=['native'], fused_add_rms_norm=['native']), enable_flashinfer_autotune=True, enable_cutedsl_warmup=True, moe_backend='auto', linear_backend='auto'), 
(Worker_DP5_TP0_EP10 pid=233528) ERROR 07-27 15:49:06 [multiproc_executor.py:948] Error getting async model runner output
(Worker_DP5_TP0_EP10 pid=233528) ERROR 07-27 15:49:06 [multiproc_executor.py:948] Traceback (most recent call last):
(Worker_DP5_TP0_EP10 pid=233528) ERROR 07-27 15:49:06 [multiproc_executor.py:948]   File "/home/l00838859/cann/my-project/vllm/vllm/v1/executor/multiproc_executor.py", line 946, in enqueue_output
(Worker_DP5_TP0_EP10 pid=233528) ERROR 07-27 15:49:06 [multiproc_executor.py:948]     output = output.get_output()
(Worker_DP5_TP0_EP10 pid=233528) ERROR 07-27 15:49:06 [multiproc_executor.py:948]              ^^^^^^^^^^^^^^^^^^^
(Worker_DP5_TP0_EP10 pid=233528) ERROR 07-27 15:49:06 [multiproc_executor.py:948]   File "/home/l00838859/cann/my-project/vllm/vllm/v1/worker/gpu_model_runner.py", line 305, in get_output
(Worker_DP5_TP0_EP10 pid=233528) ERROR 07-27 15:49:06 [multiproc_executor.py:948]     self.async_copy_ready_event.synchronize()
(Worker_DP5_TP0_EP10 pid=233528) ERROR 07-27 15:49:06 [multiproc_executor.py:948]   File "/usr/local/lib/python3.11/site-packages/torch_npu/npu/streams.py", line 192, in synchronize
(Worker_DP5_TP0_EP10 pid=233528) ERROR 07-27 15:49:06 [multiproc_executor.py:948]     super(Event, self).synchronize()
(Worker_DP5_TP0_EP10 pid=233528) ERROR 07-27 15:49:06 [multiproc_executor.py:948] RuntimeError: synchronize:../torch_npu/csrc/core/npu/NPUEvent.cpp:212 NPU function error: aclrtSynchronizeEvent(event_), error code is 507011
(Worker_DP5_TP0_EP10 pid=233528) ERROR 07-27 15:49:06 [multiproc_executor.py:948] [ERROR] 2026-07-27-15:49:06 (PID:233528, Device:10, RankID:-1) ERR00100 PTA call acl api failed
(Worker_DP5_TP0_EP10 pid=233528) ERROR 07-27 15:49:06 [multiproc_executor.py:948] [Error]: Model execution failed. 
(Worker_DP5_TP0_EP10 pid=233528) ERROR 07-27 15:49:06 [multiproc_executor.py:948]         Rectify the fault based on the error information in the ascend log.
(Worker_DP5_TP0_EP10 pid=233528) ERROR 07-27 15:49:06 [multiproc_executor.py:948] [PID: 233528] 2026-07-27-15:49:06.461.336 Execution_Error_SDMA(EI0012): SDMA memory copy task exception occurred. Remote rank: [0]. Base information: [streamID:[85], taskID[1], taskType[Task AIV], tag[], AlgType(level 0-1-2):[ring-ring-ring].]. Task information: [cmdType:[6], tag:[1], size:[688128], numBlocks:[8], rankSize:[2], aivRdmaStep:[-1], flagMem:[0x130f61a00000], isOpbase:[0]
(Worker_DP5_TP0_EP10 pid=233528) ERROR 07-27 15:49:06 [multiproc_executor.py:948] there are(is) 2 abnormal device(s):
(Worker_DP5_TP0_EP10 pid=233528) ERROR 07-27 15:49:06 [multiproc_executor.py:948] 	[TaskExecStage][HeartbeatAbnormal]Cluster Exception Location[IP/ID]:[10.10.1.44/10], Arrival Time:[Mon Jul 27 15:47:16 2026], ExceptionType:[Stuck Occurred], Possible Reason:1.Host process is stuck, 2.Device task is stuck
(Worker_DP5_TP0_EP10 pid=233528) ERROR 07-27 15:49:06 [multiproc_executor.py:948] 	[TaskExecStage][HeartbeatAbnormal]Cluster Exception Location[IP/ID]:[10.10.1.44/8], Arrival Time:[Mon Jul 27 15:47:18 2026], ExceptionType:[Stuck Occurred], Possible Reason:1.Host process is stuck, 2.Device task is stuck
(Worker_DP5_TP0_EP10 pid=233528) ERROR 07-27 15:49:06 [multiproc_executor.py:948] ]. Communicator information: [].
(Worker_DP5_TP0_EP10 pid=233528) ERROR 07-27 15:49:06 [multiproc_executor.py:948]         Possible Cause: 1. Network connection exception occurred during the SDMA task execution. 2. The peer process exits abnormally. 3. The input or output memory address is not allocated, the actual allocated size is smaller than the input data size, or the memory is freed before the operator execution is complete.
(Worker_DP5_TP0_EP10 pid=233528) ERROR 07-27 15:49:06 [multiproc_executor.py:948]         Solution: 1. Check whether the network link is abnormal during the execution. 2. Check whether a process in the cluster exits before an error is reported. If yes, locate the cause of the process exit. 3. Check whether the size of the input/output memory passed to the communication operator meets the expectation, and whether the input/output memory or communicator is freed or destroyed before the operator execution is complete.
(Worker_DP5_TP0_EP10 pid=233528) ERROR 07-27 15:49:06 [multiproc_executor.py:948]         TraceBack (most recent call last):
(Worker_DP5_TP0_EP10 pid=233528) ERROR 07-27 15:49:06 [multiproc_executor.py:948]         The error from device(chipId:5, dieId:0), serial number is 19, there is an exception of aivec error, core id is 35, error code = 0, dump info: pc start: 0x12c0de87ba0c, current: 0x12c0de884c50, vec error info: 0xad00000cfe, mte error info: 0xf6060000a2, ifu error info: 0x217ffbe014040, ccu error info: 0x812991876680003f, cube error info: 0, biu error info: 0, aic error mask: 0x6500020bd00028c, para base: 0x12c1401d6000.[FUNC:PrintCoreInfo][FILE:device_error_core_proc.cc][LINE:645]
(Worker_DP5_TP0_EP10 pid=233528) ERROR 07-27 15:49:06 [multiproc_executor.py:948]         The extend info: errcode:(0, 0, 0) errorStr: timeout or trap error. fixp_error0 info: 0x60000a2, fixp_error1 info: 0xf6, fsmId:0, tslot:5, thread:0, ctxid:0, blk:0, sublk:0, subErrType:4.[FUNC:PrintCoreInfo][FILE:device_error_core_proc.cc][LINE:658]
(Worker_DP5_TP0_EP10 pid=233528) ERROR 07-27 15:49:06 [multiproc_executor.py:948]         The error from device(chipId:5, dieId:0), serial number is 19, there is an exception of aivec error, core id is 39, error code = 0, dump info: pc start: 0x12c0de87ba0c, current: 0x12c0de89db84, vec error info: 0xad00000cfe, mte error info: 0xf603071c6e, ifu error info: 0x20001bdc5ce00, ccu error info: 0xed4191306880003f, cube error info: 0, biu error info: 0, aic error mask: 0x6500020bd00028c, para base: 0x12c1401d6000.[FUNC:PrintCoreInfo][FILE:device_error_core_proc.cc][LINE:645]
(Worker_DP5_TP0_EP10 pid=233528) ERROR 07-27 15:49:06 [multiproc_executor.py:948]         The extend info: errcode:(0, 0, 0) errorStr: timeout or trap error. fixp_error0 info: 0x3071c6e, fixp_error1 info: 0xf6, fsmId:0, tslot:5, thread:0, ctxid:0, blk:4, sublk:0, subErrType:4.[FUNC:PrintCoreInfo][FILE:device_error_core_proc.cc][LINE:658]
(Worker_DP5_TP0_EP10 pid=233528) ERROR 07-27 15:49:06 [multiproc_executor.py:948]         The error from device(chipId:5, dieId:0), serial number is 19, there is an exception of aivec error, core id is 42, error code = 0, dump info: pc start: 0x12c0de87ba0c, current: 0x12c0de89db44, vec error info: 0xad00000cfe, mte error info: 0xf6060000a2, ifu error info: 0x217ffbe014040, ccu error info: 0xd367735c6880003f, cube error info: 0, biu error info: 0, aic error mask: 0x6500020bd00028c, para base: 0x12c1401d6000.[FUNC:PrintCoreInfo][FILE:device_error_core_proc.cc][LINE:645]
(Worker_DP5_TP0_EP10 pid=233528) ERROR 07-27 15:49:06 [multiproc_executor.py:948]         The extend info: errcode:(0, 0, 0) errorStr: timeout or trap error. fixp_error0 info: 0x60000a2, fixp_error1 info: 0xf6, fsmId:0, tslot:5, thread:0, ctxid:0, blk:7, sublk:0, subErrType:4.[FUNC:PrintCoreInfo][FILE:device_error_core_proc.cc][LINE:658]
(Worker_DP5_TP0_EP10 pid=233528) ERROR 07-27 15:49:06 [multiproc_executor.py:948]         The error from device(chipId:5, dieId:0), serial number is 19, there is an exception of aivec error, core id is 36, error code = 0, dump info: pc start: 0x12c0de87ba0c, current: 0x12c0de89db44, vec error info: 0xad00000cfe, mte error info: 0xf6060000a2, ifu error info: 0x217ffbe014040, ccu error info: 0x7094456880003f, cube error info: 0, biu error info: 0, aic error mask: 0x6500020bd00028c, para base: 0x12c1401d6000.[FUNC:PrintCoreInfo][FILE:device_error_core_proc.cc][LINE:645]
(Worker_DP5_TP0_EP10 pid=233528) ERROR 07-27 15:49:06 [multiproc_executor.py:948]         The extend info: errcode:(0, 0, 0) errorStr: timeout or trap error. fixp_error0 info: 0x60000a2, fixp_error1 info: 0xf6, fsmId:1, tslot:5, thread:0, ctxid:0, blk:1, sublk:0, subErrType:4.[FUNC:PrintCoreInfo][FILE:device_error_core_proc.cc][LINE:658]
(Worker_DP5_TP0_EP10 pid=233528) ERROR 07-27 15:49:06 [multiproc_executor.py:948]         The error from device(chipId:5, dieId:0), serial number is 19, there is an exception of aivec error, core id is 37, error code = 0, dump info: pc start: 0x12c0de87ba0c, current: 0x12c0de89db44, vec error info: 0xad00000bfe, mte error info: 0xf603083c6e, ifu error info: 0x20001bdc63e00, ccu error info: 0x60894c406880003f, cube error info: 0, biu error info: 0, aic error mask: 0x6500020bd00028c, para base: 0x12c1401d6000.[FUNC:PrintCoreInfo][FILE:device_error_core_proc.cc][LINE:645]
(EngineCore_DP1 pid=233102) ERROR 07-27 15:49:06 [dump_input.py:79] Dumping scheduler output for model execution: SchedulerOutput(scheduled_new_reqs=[], scheduled_cached_reqs=CachedRequestData(req_ids=['0-ab5409eb'],resumed_req_ids=set(),new_token_ids_lens=[],all_token_ids_lens={},new_block_ids=[None],num_computed_tokens=[2],num_output_tokens=[1]), num_scheduled_tokens={0-ab5409eb: 3}, total_num_scheduled_tokens=3, scheduled_spec_decode_tokens={0-ab5409eb: [-1, -1]}, scheduled_encoder_inputs={}, num_common_prefix_blocks=[0], finished_req_ids=[], free_encoder_mm_hashes=[], preempted_req_ids=[], has_structured_output_requests=false, pending_structured_output_tokens=false, num_invalid_spec_tokens=null, kv_connector_metadata=null, ec_connector_metadata=null, new_block_ids_to_zero=null, num_spec_tokens_to_schedule=2)
(Worker_DP5_TP0_EP10 pid=233528) ERROR 07-27 15:49:06 [multiproc_executor.py:948]         The extend info: errcode:(0, 0, 0) errorStr: timeout or trap error. fixp_error0 info: 0x3083c6e, fixp_error1 info: 0xf6, fsmId:1, tslot:5, thread:0, ctxid:0, blk:2, sublk:0, subErrType:4.[FUNC:PrintCoreInfo][FILE:device_error_core_proc.cc][LINE:658]
(Worker_DP5_TP0_EP10 pid=233528) ERROR 07-27 15:49:06 [multiproc_executor.py:948]         The error from device(chipId:5, dieId:0), serial number is 19, there is an exception of aivec error, core id is 38, error code = 0, dump info: pc start: 0x12c0de87ba0c, current: 0x12c0de89dc70, vec error info: 0xad00000bfe, mte error info: 0xf603068c6e, ifu error info: 0x217ffbe014040, ccu error info: 0x4f0007696880003f, cube error info: 0, biu error info: 0, aic error mask: 0x6500020bd00028c, para base: 0x12c1401d6000.[FUNC:PrintCoreInfo][FILE:device_error_core_proc.cc][LINE:645]
(Worker_DP5_TP0_EP10 pid=233528) ERROR 07-27 15:49:06 [multiproc_executor.py:948]         The extend info: errcode:(0, 0, 0) errorStr: timeout or trap error. fixp_error0 info: 0x3068c6e, fixp_error1 info: 0xf6, fsmId:1, tslot:5, thread:0, ctxid:0, blk:3, sublk:0, subErrType:4.[FUNC:PrintCoreInfo][FILE:device_error_core_proc.cc][LINE:658]
(Worker_DP5_TP0_EP10 pid=233528) ERROR 07-27 15:49:06 [multiproc_executor.py:948]         The error from device(chipId:5, dieId:0), serial number is 19, there is an exception of aivec error, core id is 40, error code = 0, dump info: pc start: 0x12c0de87ba0c, current: 0x12c0de89db44, vec error info: 0xad00000cfe, mte error info: 0x4e060000c7, ifu error info: 0x217ffbe014040, ccu error info: 0xa1a994426880003f, cube error info: 0, biu error info: 0, aic error mask: 0x6500020bd00028c, para base: 0x12c1401d6000.[FUNC:PrintCoreInfo][FILE:device_error_core_proc.cc][LINE:645]
(Worker_DP5_TP0_EP10 pid=233528) ERROR 07-27 15:49:06 [multiproc_executor.py:948]         The extend info: errcode:(0, 0, 0) errorStr: timeout or trap error. fixp_error0 info: 0x60000c7, fixp_error1 info: 0x4e, fsmId:1, tslot:5, thread:0, ctxid:0, blk:5, sublk:0, subErrType:4.[FUNC:PrintCoreInfo][FILE:device_error_core_proc.cc][LINE:658]
(Worker_DP5_TP0_EP10 pid=233528) ERROR 07-27 15:49:06 [multiproc_executor.py:948]         The error from device(chipId:5, dieId:0), serial number is 19, there is an exception of aivec error, core id is 41, error code = 0, dump info: pc start: 0x12c0de87ba0c, current: 0x12c0de89db44, vec error info: 0xad00000cfe, mte error info: 0xf6060000a2, ifu error info: 0x217ffbe014040, ccu error info: 0xaa94c896880003f, cube error info: 0, biu error info: 0, aic error mask: 0x6500020bd00028c, para base: 0x12c1401d6000.[FUNC:PrintCoreInfo][FILE:device_error_core_proc.cc][LINE:645]
(Worker_DP5_TP0_EP10 pid=233528) ERROR 07-27 15:49:06 [multiproc_executor.py:948]         The extend info: errcode:(0, 0, 0) errorStr: timeout or trap error. fixp_error0 info: 0x60000a2, fixp_error1 info: 0xf6, fsmId:1, tslot:5, thread:0, ctxid:0, blk:6, sublk:0, subErrType:4.[FUNC:PrintCoreInfo][FILE:device_error_core_proc.cc][LINE:658]
(Worker_DP5_TP0_EP10 pid=233528) ERROR 07-27 15:49:06 [multiproc_executor.py:948]         SDMA memory copy task exception occurred. Remote rank: [0]. Base information: [streamID:[85], taskID[1], taskType[Task AIV], tag[], AlgType(level 0-1-2):[ring-ring-ring].]. Task information: [cmdType:[6], tag:[1], size:[688128], numBlocks:[8], rankSize:[2], aivRdmaStep:[-1], flagMem:[0x130f61a00000], isOpbase:[0]
(Worker_DP5_TP0_EP10 pid=233528) ERROR 07-27 15:49:06 [multiproc_executor.py:948] there are(is) 2 abnormal device(s):
(Worker_DP5_TP0_EP10 pid=233528) ERROR 07-27 15:49:06 [multiproc_executor.py:948] 	[TaskExecStage][HeartbeatAbnormal]Cluster Exception Location[IP/ID]:[10.10.1.44/10], Arrival Time:[Mon Jul 27 15:47:16 2026], ExceptionType:[Stuck Occurred], Possible Reason:1.Host process is stuck, 2.Device task is stuck
(Worker_DP5_TP0_EP10 pid=233528) ERROR 07-27 15:49:06 [multiproc_executor.py:948] 	[TaskExecStage][HeartbeatAbnormal]Cluster Exception Location[IP/ID]:[10.10.1.44/8], Arrival Time:[Mon Jul 27 15:47:18 2026], ExceptionType:[Stuck Occurred], Possible Reason:1.Host process is stuck, 2.Device task is stuck
(Worker_DP5_TP0_EP10 pid=233528) ERROR 07-27 15:49:06 [multiproc_executor.py:948] ]. Communicator information: [].
(Worker_DP5_TP0_EP10 pid=233528) ERROR 07-27 15:49:06 [multiproc_executor.py:948]         rtEventSynchronize execution failed, reason=the model stream execute failed[FUNC:FuncErrorReason][FILE:error_message_manage.cc][LINE:65]
(Worker_DP5_TP0_EP10 pid=233528) ERROR 07-27 15:49:06 [multiproc_executor.py:948]         wait event to be complete failed, runtime result = 507011[FUNC:ReportCallError][FILE:log_inner.cpp][LINE:148]
(Worker_DP5_TP0_EP10 pid=233528) ERROR 07-27 15:49:06 [multiproc_executor.py:948] 
(EngineCore_DP1 pid=233102) ERROR 07-27 15:49:06 [dump_input.py:81] Dumping scheduler stats: SchedulerStats(num_running_reqs=1, num_waiting_reqs=0, num_skipped_waiting_reqs=0, step_counter=0, current_wave=0, kv_cache_usage=0.016393442622950838, prefix_cache_stats=PrefixCacheStats(reset=False, requests=0, queries=0, hits=0, preempted_requests=0, preempted_queries=0, preempted_hits=0), connector_prefix_cache_stats=None, kv_cache_eviction_events=[], spec_decoding_stats=None, kv_connector_stats=None, waiting_lora_adapters={}, running_lora_adapters={}, cudagraph_stats=None, perf_stats=None)
(EngineCore_DP2 pid=233074) INFO 07-27 15:49:06 [multiproc_executor.py:429] [shutdown] Executor: waiting for worker exit count=2
(Worker_DP2_TP0_EP4 pid=233530) INFO 07-27 15:49:06 [multiproc_executor.py:793] Parent process exited, terminating worker queues
(EngineCore_DP5 pid=233094) ERROR 07-27 15:49:06 [dump_input.py:72] Dumping input data for V1 LLM engine (v0.1.dev18654+g54503ecec) with config: model='/mnt/weights/DeepSeek-V3.1-Terminus-w8a8-QuaRot-lfs', speculative_config=SpeculativeConfig(method='mtp', model='/mnt/weights/DeepSeek-V3.1-Terminus-w8a8-QuaRot-lfs', num_spec_tokens=2), tokenizer='/mnt/weights/DeepSeek-V3.1-Terminus-w8a8-QuaRot-lfs', skip_tokenizer_init=False, tokenizer_mode=auto, revision=None, tokenizer_revision=None, trust_remote_code=True, dtype=torch.bfloat16, max_seq_len=4096, download_dir=None, load_format=auto, tensor_parallel_size=2, pipeline_parallel_size=1, data_parallel_size=8, decode_context_parallel_size=1, dcp_comm_backend=ag_rs, disable_custom_all_reduce=True, quantization=ascend, quantization_config=None, enforce_eager=False, enable_return_routed_experts=False, kv_cache_dtype=auto, device_config=npu, structured_outputs_config=StructuredOutputsConfig(backend='auto', disable_any_whitespace=False, disable_additional_properties=False, reasoning_parser='', reasoning_parser_plugin='', enable_in_reasoning=False), observability_config=ObservabilityConfig(show_hidden_metrics_for_version=None, otlp_traces_endpoint=None, collect_detailed_traces=None, kv_cache_metrics=False, kv_cache_metrics_sample=0.01, cudagraph_metrics=False, enable_layerwise_nvtx_tracing=False, enable_mfu_metrics=False, enable_mm_processor_stats=False, enable_logging_iteration_details=False, jit_monitor_mode='warn', jit_monitor_verbose=False), seed=1024, served_model_name=/mnt/weights/DeepSeek-V3.1-Terminus-w8a8-QuaRot-lfs, enable_prefix_caching=False, enable_chunked_prefill=True, pooler_config=None, compilation_config={'mode': <CompilationMode.VLLM_COMPILE: 3>, 'debug_dump_path': PosixPath('/home/l00838859/cann/vllm-runner/fx-graph'), 'cache_dir': '', 'compile_cache_save_format': 'binary', 'backend': 'vllm_ascend.compilation.compiler_interface.AscendCompiler', 'custom_ops': ['all'], 'ir_enable_torch_wrap': False, 'splitting_ops': [], 'compile_mm_encoder': False, 'cudagraph_mm_encoder': False, 'encoder_cudagraph_token_budgets': [], 'encoder_cudagraph_max_vision_items_per_batch': 0, 'encoder_cudagraph_max_frames_per_batch': None, 'compile_sizes': [], 'compile_ranges_endpoints': [256], 'inductor_compile_config': {'enable_auto_functionalized_v2': False, 'size_asserts': False, 'alignment_asserts': False, 'scalar_asserts': False, 'combo_kernels': True, 'benchmark_combo_kernel': True}, 'inductor_passes': {}, 'cudagraph_mode': <CUDAGraphMode.FULL_DECODE_ONLY: (2, 0)>, 'cudagraph_num_of_warmups': 1, 'cudagraph_capture_sizes': [3, 48], 'cudagraph_copy_inputs': False, 'cudagraph_specialize_lora': True, 'use_inductor_graph_partition': False, 'pass_config': {'fuse_norm_quant': True, 'fuse_act_quant': True, 'fuse_attn_quant': False, 'enable_sp': False, 'fuse_gemm_comms': False, 'fuse_allreduce_rms': False, 'fuse_rope_kvcache_cat_mla': False, 'fuse_act_padding': False}, 'max_cudagraph_capture_size': 48, 'dynamic_shapes_config': {'type': <DynamicShapesType.BACKED: 'backed'>, 'evaluate_guards': False, 'assume_32_bit_indexing': False}, 'local_cache_dir': None, 'fast_moe_cold_start': False, 'static_all_moe_layers': []}, kernel_config=KernelConfig(ir_op_priority=IrOpPriorityConfig(rms_norm=['native'], fused_add_rms_norm=['native']), enable_flashinfer_autotune=True, enable_cutedsl_warmup=True, moe_backend='auto', linear_backend='auto'), 
(EngineCore_DP5 pid=233094) ERROR 07-27 15:49:06 [dump_input.py:79] Dumping scheduler output for model execution: SchedulerOutput(scheduled_new_reqs=[], scheduled_cached_reqs=CachedRequestData(req_ids=['0-9dd87e5f'],resumed_req_ids=set(),new_token_ids_lens=[],all_token_ids_lens={},new_block_ids=[None],num_computed_tokens=[2],num_output_tokens=[1]), num_scheduled_tokens={0-9dd87e5f: 3}, total_num_scheduled_tokens=3, scheduled_spec_decode_tokens={0-9dd87e5f: [-1, -1]}, scheduled_encoder_inputs={}, num_common_prefix_blocks=[0], finished_req_ids=[], free_encoder_mm_hashes=[], preempted_req_ids=[], has_structured_output_requests=false, pending_structured_output_tokens=false, num_invalid_spec_tokens=null, kv_connector_metadata=null, ec_connector_metadata=null, new_block_ids_to_zero=null, num_spec_tokens_to_schedule=2)
(EngineCore_DP1 pid=233102) ERROR 07-27 15:49:06 [core.py:1233] EngineCore encountered a fatal error.
(EngineCore_DP1 pid=233102) ERROR 07-27 15:49:06 [core.py:1233] Traceback (most recent call last):
(EngineCore_DP1 pid=233102) ERROR 07-27 15:49:06 [core.py:1233]   File "/home/l00838859/cann/my-project/vllm/vllm/v1/engine/core.py", line 1224, in run_engine_core
(EngineCore_DP1 pid=233102) ERROR 07-27 15:49:06 [core.py:1233]     engine_core.run_busy_loop()
(EngineCore_DP1 pid=233102) ERROR 07-27 15:49:06 [core.py:1233]   File "/home/l00838859/cann/my-project/vllm/vllm/v1/engine/core.py", line 1943, in run_busy_loop
(EngineCore_DP1 pid=233102) ERROR 07-27 15:49:06 [core.py:1233]     executed = self._process_engine_step()
(EngineCore_DP1 pid=233102) ERROR 07-27 15:49:06 [core.py:1233]                ^^^^^^^^^^^^^^^^^^^^^^^^^^^
(EngineCore_DP1 pid=233102) ERROR 07-27 15:49:06 [core.py:1233]   File "/home/l00838859/cann/my-project/vllm/vllm/v1/engine/core.py", line 1304, in _process_engine_step
(EngineCore_DP1 pid=233102) ERROR 07-27 15:49:06 [core.py:1233]     outputs, model_executed = self.step_fn()
(EngineCore_DP1 pid=233102) ERROR 07-27 15:49:06 [core.py:1233]                               ^^^^^^^^^^^^^^
(EngineCore_DP1 pid=233102) ERROR 07-27 15:49:06 [core.py:1233]   File "/home/l00838859/cann/my-project/vllm/vllm/v1/engine/core.py", line 595, in step_with_batch_queue
(EngineCore_DP1 pid=233102) ERROR 07-27 15:49:06 [core.py:1233]     model_output = future.result()
(EngineCore_DP1 pid=233102) ERROR 07-27 15:49:06 [core.py:1233]                    ^^^^^^^^^^^^^^^
(EngineCore_DP1 pid=233102) ERROR 07-27 15:49:06 [core.py:1233]   File "/home/l00838859/cann/my-project/vllm/vllm/v1/executor/multiproc_executor.py", line 91, in result
(EngineCore_DP1 pid=233102) ERROR 07-27 15:49:06 [core.py:1233]     return super().result()
(EngineCore_DP1 pid=233102) ERROR 07-27 15:49:06 [core.py:1233]            ^^^^^^^^^^^^^^^^
(EngineCore_DP1 pid=233102) ERROR 07-27 15:49:06 [core.py:1233]   File "/usr/local/lib/python3.11/concurrent/futures/_base.py", line 449, in result
(EngineCore_DP1 pid=233102) ERROR 07-27 15:49:06 [core.py:1233]     return self.__get_result()
(EngineCore_DP1 pid=233102) ERROR 07-27 15:49:06 [core.py:1233]            ^^^^^^^^^^^^^^^^^^^
(EngineCore_DP1 pid=233102) ERROR 07-27 15:49:06 [core.py:1233]   File "/usr/local/lib/python3.11/concurrent/futures/_base.py", line 401, in __get_result
(EngineCore_DP1 pid=233102) ERROR 07-27 15:49:06 [core.py:1233]     raise self._exception
(EngineCore_DP1 pid=233102) ERROR 07-27 15:49:06 [core.py:1233]   File "/home/l00838859/cann/my-project/vllm/vllm/v1/executor/multiproc_executor.py", line 95, in _wait_for_response
(EngineCore_DP1 pid=233102) ERROR 07-27 15:49:06 [core.py:1233]     response = self.aggregate(self.get_response())
(EngineCore_DP1 pid=233102) ERROR 07-27 15:49:06 [core.py:1233]                               ^^^^^^^^^^^^^^^^^^^
(EngineCore_DP1 pid=233102) ERROR 07-27 15:49:06 [core.py:1233]   File "/home/l00838859/cann/my-project/vllm/vllm/v1/executor/multiproc_executor.py", line 394, in get_response
(EngineCore_DP1 pid=233102) ERROR 07-27 15:49:06 [core.py:1233]     raise RuntimeError(
(EngineCore_DP1 pid=233102) ERROR 07-27 15:49:06 [core.py:1233] RuntimeError: Worker failed with error 'synchronize:../torch_npu/csrc/core/npu/NPUEvent.cpp:212 NPU function error: aclrtSynchronizeEvent(event_), error code is 507011
(EngineCore_DP1 pid=233102) ERROR 07-27 15:49:06 [core.py:1233] [ERROR] 2026-07-27-15:49:06 (PID:233533, Device:2, RankID:-1) ERR00100 PTA call acl api failed
(EngineCore_DP1 pid=233102) ERROR 07-27 15:49:06 [core.py:1233] [Error]: Model execution failed. 
(EngineCore_DP1 pid=233102) ERROR 07-27 15:49:06 [core.py:1233]         Rectify the fault based on the error information in the ascend log.
(EngineCore_DP1 pid=233102) ERROR 07-27 15:49:06 [core.py:1233] [PID: 233533] 2026-07-27-15:49:06.458.606 Execution_Error_SDMA(EI0012): SDMA memory copy task exception occurred. Remote rank: [0]. Base information: [streamID:[85], taskID[1], taskType[Task AIV], tag[], AlgType(level 0-1-2):[ring-ring-ring].]. Task information: [cmdType:[6], tag:[1], size:[688128], numBlocks:[8], rankSize:[2], aivRdmaStep:[-1], flagMem:[0x130f61a00000], isOpbase:[0]
(EngineCore_DP1 pid=233102) ERROR 07-27 15:49:06 [core.py:1233] there are(is) 2 abnormal device(s):
(EngineCore_DP1 pid=233102) ERROR 07-27 15:49:06 [core.py:1233] 	[TaskExecStage][HeartbeatAbnormal]Cluster Exception Location[IP/ID]:[10.10.1.44/2], Arrival Time:[Mon Jul 27 15:47:16 2026], ExceptionType:[Stuck Occurred], Possible Reason:1.Host process is stuck, 2.Device task is stuck
(EngineCore_DP1 pid=233102) ERROR 07-27 15:49:06 [core.py:1233] 	[TaskExecStage][HeartbeatAbnormal]Cluster Exception Location[IP/ID]:[10.10.1.44/0], Arrival Time:[Mon Jul 27 15:47:18 2026], ExceptionType:[Stuck Occurred], Possible Reason:1.Host process is stuck, 2.Device task is stuck
(EngineCore_DP1 pid=233102) ERROR 07-27 15:49:06 [core.py:1233] ]. Communicator information: [].
(EngineCore_DP1 pid=233102) ERROR 07-27 15:49:06 [core.py:1233]         Possible Cause: 1. Network connection exception occurred during the SDMA task execution. 2. The peer process exits abnormally. 3. The input or output memory address is not allocated, the actual allocated size is smaller than the input data size, or the memory is freed before the operator execution is complete.
(EngineCore_DP1 pid=233102) ERROR 07-27 15:49:06 [core.py:1233]         Solution: 1. Check whether the network link is abnormal during the execution. 2. Check whether a process in the cluster exits before an error is reported. If yes, locate the cause of the process exit. 3. Check whether the size of the input/output memory passed to the communication operator meets the expectation, and whether the input/output memory or communicator is freed or destroyed before the operator execution is complete.
(EngineCore_DP1 pid=233102) ERROR 07-27 15:49:06 [core.py:1233]         TraceBack (most recent call last):
(EngineCore_DP1 pid=233102) ERROR 07-27 15:49:06 [core.py:1233]         The error from device(chipId:1, dieId:0), serial number is 27, there is an exception of aivec error, core id is 30, error code = 0, dump info: pc start: 0x12c0de87ba0c, current: 0x12c0de89db44, vec error info: 0xad00000cfe, mte error info: 0xf603066c70, ifu error info: 0x217ffbe014040, ccu error info: 0xc3a0a8426880003f, cube error info: 0, biu error info: 0, aic error mask: 0x6500020bd00028c, para base: 0x12c1401d6000.[FUNC:PrintCoreInfo][FILE:device_error_core_proc.cc][LINE:645]
(EngineCore_DP1 pid=233102) ERROR 07-27 15:49:06 [core.py:1233]         The extend info: errcode:(0, 0, 0) errorStr: timeout or trap error. fixp_error0 info: 0x3066c70, fixp_error1 info: 0xf6, fsmId:0, tslot:4, thread:0, ctxid:0, blk:1, sublk:0, subErrType:4.[FUNC:PrintCoreInfo][FILE:device_error_core_proc.cc][LINE:658]
(EngineCore_DP1 pid=233102) ERROR 07-27 15:49:06 [core.py:1233]         The error from device(chipId:1, dieId:0), serial number is 27, there is an exception of aivec error, core id is 32, error code = 0, dump info: pc start: 0x12c0de87ba0c, current: 0x12c0de89db44, vec error info: 0xad00000cfe, mte error info: 0xf603064c70, ifu error info: 0x217ffbe014040, ccu error info: 0x6338610f6880003f, cube error info: 0, biu error info: 0, aic error mask: 0x6500020bd00028c, para base: 0x12c1401d6000.[FUNC:PrintCoreInfo][FILE:device_error_core_proc.cc][LINE:645]
(EngineCore_DP1 pid=233102) ERROR 07-27 15:49:06 [core.py:1233]         The extend info: errcode:(0, 0, 0) errorStr: timeout or trap error. fixp_error0 info: 0x3064c70, fixp_error1 info: 0xf6, fsmId:0, tslot:4, thread:0, ctxid:0, blk:3, sublk:0, subErrType:4.[FUNC:PrintCoreInfo][FILE:device_error_core_proc.cc][LINE:658]
(EngineCore_DP1 pid=233102) ERROR 07-27 15:49:06 [core.py:1233]         The error from device(chipId:1, dieId:0), serial number is 27, there is an exception of aivec error, core id is 33, error code = 0, dump info: pc start: 0x12c0de87ba0c, current: 0x12c0de89db44, vec error info: 0xad00000cfe, mte error info: 0x4e060000c7, ifu error info: 0x217ffbe014040, ccu error info: 0xcd61aec56880003f, cube error info: 0, biu error info: 0, aic error mask: 0x6500020bd00028c, para base: 0x12c1401d6000.[FUNC:PrintCoreInfo][FILE:device_error_core_proc.cc][LINE:645]
(EngineCore_DP1 pid=233102) ERROR 07-27 15:49:06 [core.py:1233]         The extend info: errcode:(0, 0, 0) errorStr: timeout or trap error. fixp_error0 info: 0x60000c7, fixp_error1 info: 0x4e, fsmId:0, tslot:4, thread:0, ctxid:0, blk:4, sublk:0, subErrType:4.[FUNC:PrintCoreInfo][FILE:device_error_core_proc.cc][LINE:658]
(EngineCore_DP1 pid=233102) ERROR 07-27 15:49:06 [core.py:1233]         The error from device(chipId:1, dieId:0), serial number is 27, there is an exception of aivec error, core id is 36, error code = 0, dump info: pc start: 0x12c0de87ba0c, current: 0x12c0de89db44, vec error info: 0xad00000cfe, mte error info: 0xf603068c70, ifu error info: 0x2fffffe600000, ccu error info: 0xd06a6e286880003f, cube error info: 0, biu error info: 0, aic error mask: 0x6500020bd00028c, para base: 0x12c1401d6000.[FUNC:PrintCoreInfo][FILE:device_error_core_proc.cc][LINE:645]
(EngineCore_DP1 pid=233102) ERROR 07-27 15:49:06 [core.py:1233]         The extend info: errcode:(0, 0, 0) errorStr: timeout or trap error. fixp_error0 info: 0x3068c70, fixp_error1 info: 0xf6, fsmId:0, tslot:4, thread:0, ctxid:0, blk:7, sublk:0, subErrType:4.[FUNC:PrintCoreInfo][FILE:device_error_core_proc.cc][LINE:658]
(EngineCore_DP1 pid=233102) ERROR 07-27 15:49:06 [core.py:1233]         The error from device(chipId:1, dieId:0), serial number is 27, there is an exception of aivec error, core id is 29, error code = 0, dump info: pc start: 0x12c0de87ba0c, current: 0x12c0de884c50, vec error info: 0xad00000cfe, mte error info: 0xfa06000027, ifu error info: 0x20001bdc5de00, ccu error info: 0x1be579896880003f, cube error info: 0, biu error info: 0, aic error mask: 0x6500020bd00028c, para base: 0x12c1401d6000.[FUNC:PrintCoreInfo][FILE:device_error_core_proc.cc][LINE:645]
(EngineCore_DP1 pid=233102) ERROR 07-27 15:49:06 [core.py:1233]         The extend info: errcode:(0, 0, 0) errorStr: timeout or trap error. fixp_error0 info: 0x6000027, fixp_error1 info: 0xfa, fsmId:1, tslot:4, thread:0, ctxid:0, blk:0, sublk:0, subErrType:4.[FUNC:PrintCoreInfo][FILE:device_error_core_proc.cc][LINE:658]
(EngineCore_DP1 pid=233102) ERROR 07-27 15:49:06 [core.py:1233]         The error from device(chipId:1, dieId:0), serial number is 27, there is an exception of aivec error, core id is 31, error code = 0, dump info: pc start: 0x12c0de87ba0c, current: 0x12c0de89db44, vec error info: 0xad00000cfe, mte error info: 0xf603066c70, ifu error info: 0x217ffbe014040, ccu error info: 0x986c08106880003f, cube error info: 0, biu error info: 0, aic error mask: 0x6500020bd00028c, para base: 0x12c1401d6000.[FUNC:PrintCoreInfo][FILE:device_error_core_proc.cc][LINE:645]
(EngineCore_DP1 pid=233102) ERROR 07-27 15:49:06 [core.py:1233]         The extend info: errcode:(0, 0, 0) errorStr: timeout or trap error. fixp_error0 info: 0x3066c70, fixp_error1 info: 0xf6, fsmId:1, tslot:4, thread:0, ctxid:0, blk:2, sublk:0, subErrType:4.[FUNC:PrintCoreInfo][FILE:device_error_core_proc.cc][LINE:658]
(EngineCore_DP1 pid=233102) ERROR 07-27 15:49:06 [core.py:1233]         The error from device(chipId:1, dieId:0), serial number is 27, there is an exception of aivec error, core id is 34, error code = 0, dump info: pc start: 0x12c0de87ba0c, current: 0x12c0de89dc70, vec error info: 0xad00000cfe, mte error info: 0xf60306ac70, ifu error info: 0x217ffbe014040, ccu error info: 0xec209bdd6880003f, cube error info: 0, biu error info: 0, aic error mask: 0x6500020bd00028c, para base: 0x12c1401d6000.[FUNC:PrintCoreInfo][FILE:device_error_core_proc.cc][LINE:645]
(EngineCore_DP1 pid=233102) ERROR 07-27 15:49:06 [core.py:1233]         The extend info: errcode:(0, 0, 0) errorStr: timeout or trap error. fixp_error0 info: 0x306ac70, fixp_error1 info: 0xf6, fsmId:1, tslot:4, thread:0, ctxid:0, blk:5, sublk:0, subErrType:4.[FUNC:PrintCoreInfo][FILE:device_error_core_proc.cc][LINE:658]
(EngineCore_DP1 pid=233102) ERROR 07-27 15:49:06 [core.py:1233]         The error from device(chipId:1, dieId:0), serial number is 27, there is an exception of aivec error, core id is 35, error code = 0, dump info: pc start: 0x12c0de87ba0c, current: 0x12c0de89db44, vec error info: 0xad00000cfe, mte error info: 0xf603083c70, ifu error info: 0x2fffffe500000, ccu error info: 0xbbcfa0a6880003f, cube error info: 0, biu error info: 0, aic error mask: 0x6500020bd00028c, para base: 0x12c1401d6000.[FUNC:PrintCoreInfo][FILE:device_error_core_proc.cc][LINE:645]
(EngineCore_DP1 pid=233102) ERROR 07-27 15:49:06 [core.py:1233]         The extend info: errcode:(0, 0, 0) errorStr: timeout or trap error. fixp_error0 info: 0x3083c70, fixp_error1 info: 0xf6, fsmId:1, tslot:4, thread:0, ctxid:0, blk:6, sublk:0, subErrType:4.[FUNC:PrintCoreInfo][FILE:device_error_core_proc.cc][LINE:658]
(EngineCore_DP1 pid=233102) ERROR 07-27 15:49:06 [core.py:1233]         SDMA memory copy task exception occurred. Remote rank: [0]. Base information: [streamID:[85], taskID[1], taskType[Task AIV], tag[], AlgType(level 0-1-2):[ring-ring-ring].]. Task information: [cmdType:[6], tag:[1], size:[688128], numBlocks:[8], rankSize:[2], aivRdmaStep:[-1], flagMem:[0x130f61a00000], isOpbase:[0]
(EngineCore_DP1 pid=233102) ERROR 07-27 15:49:06 [core.py:1233] there are(is) 2 abnormal device(s):
(EngineCore_DP1 pid=233102) ERROR 07-27 15:49:06 [core.py:1233] 	[TaskExecStage][HeartbeatAbnormal]Cluster Exception Location[IP/ID]:[10.10.1.44/2], Arrival Time:[Mon Jul 27 15:47:16 2026], ExceptionType:[Stuck Occurred], Possible Reason:1.Host process is stuck, 2.Device task is stuck
(EngineCore_DP1 pid=233102) ERROR 07-27 15:49:06 [core.py:1233] 	[TaskExecStage][HeartbeatAbnormal]Cluster Exception Location[IP/ID]:[10.10.1.44/0], Arrival Time:[Mon Jul 27 15:47:18 2026], ExceptionType:[Stuck Occurred], Possible Reason:1.Host process is stuck, 2.Device task is stuck
(EngineCore_DP1 pid=233102) ERROR 07-27 15:49:06 [core.py:1233] ]. Communicator information: [].
(EngineCore_DP1 pid=233102) ERROR 07-27 15:49:06 [core.py:1233]         rtEventSynchronize execution failed, reason=the model stream execute failed[FUNC:FuncErrorReason][FILE:error_message_manage.cc][LINE:65]
(EngineCore_DP1 pid=233102) ERROR 07-27 15:49:06 [core.py:1233]         wait event to be complete failed, runtime result = 507011[FUNC:ReportCallError][FILE:log_inner.cpp][LINE:148]
(EngineCore_DP1 pid=233102) ERROR 07-27 15:49:06 [core.py:1233] ', please check the stack trace above for the root cause
(EngineCore_DP5 pid=233094) ERROR 07-27 15:49:06 [dump_input.py:81] Dumping scheduler stats: SchedulerStats(num_running_reqs=1, num_waiting_reqs=0, num_skipped_waiting_reqs=0, step_counter=0, current_wave=0, kv_cache_usage=0.016393442622950838, prefix_cache_stats=PrefixCacheStats(reset=False, requests=0, queries=0, hits=0, preempted_requests=0, preempted_queries=0, preempted_hits=0), connector_prefix_cache_stats=None, kv_cache_eviction_events=[], spec_decoding_stats=None, kv_connector_stats=None, waiting_lora_adapters={}, running_lora_adapters={}, cudagraph_stats=None, perf_stats=None)
(Worker_DP3_TP0_EP6 pid=233532) ERROR 07-27 15:49:06 [multiproc_executor.py:948] Error getting async model runner output
(Worker_DP3_TP0_EP6 pid=233532) ERROR 07-27 15:49:06 [multiproc_executor.py:948] Traceback (most recent call last):
(Worker_DP3_TP0_EP6 pid=233532) ERROR 07-27 15:49:06 [multiproc_executor.py:948]   File "/home/l00838859/cann/my-project/vllm/vllm/v1/executor/multiproc_executor.py", line 946, in enqueue_output
(Worker_DP3_TP0_EP6 pid=233532) ERROR 07-27 15:49:06 [multiproc_executor.py:948]     output = output.get_output()
(Worker_DP3_TP0_EP6 pid=233532) ERROR 07-27 15:49:06 [multiproc_executor.py:948]              ^^^^^^^^^^^^^^^^^^^
(Worker_DP3_TP0_EP6 pid=233532) ERROR 07-27 15:49:06 [multiproc_executor.py:948]   File "/home/l00838859/cann/my-project/vllm/vllm/v1/worker/gpu_model_runner.py", line 305, in get_output
(Worker_DP3_TP0_EP6 pid=233532) ERROR 07-27 15:49:06 [multiproc_executor.py:948]     self.async_copy_ready_event.synchronize()
(Worker_DP3_TP0_EP6 pid=233532) ERROR 07-27 15:49:06 [multiproc_executor.py:948]   File "/usr/local/lib/python3.11/site-packages/torch_npu/npu/streams.py", line 192, in synchronize
(Worker_DP3_TP0_EP6 pid=233532) ERROR 07-27 15:49:06 [multiproc_executor.py:948]     super(Event, self).synchronize()
(Worker_DP3_TP0_EP6 pid=233532) ERROR 07-27 15:49:06 [multiproc_executor.py:948] RuntimeError: synchronize:../torch_npu/csrc/core/npu/NPUEvent.cpp:212 NPU function error: aclrtSynchronizeEvent(event_), error code is 507011
(Worker_DP3_TP0_EP6 pid=233532) ERROR 07-27 15:49:06 [multiproc_executor.py:948] [ERROR] 2026-07-27-15:49:06 (PID:233532, Device:6, RankID:-1) ERR00100 PTA call acl api failed
(Worker_DP3_TP0_EP6 pid=233532) ERROR 07-27 15:49:06 [multiproc_executor.py:948] [Error]: Model execution failed. 
(Worker_DP3_TP0_EP6 pid=233532) ERROR 07-27 15:49:06 [multiproc_executor.py:948]         Rectify the fault based on the error information in the ascend log.
(Worker_DP3_TP0_EP6 pid=233532) ERROR 07-27 15:49:06 [multiproc_executor.py:948] [PID: 233532] 2026-07-27-15:49:06.469.812 Execution_Error_SDMA(EI0012): SDMA memory copy task exception occurred. Remote rank: [0]. Base information: [streamID:[85], taskID[1], taskType[Task AIV], tag[], AlgType(level 0-1-2):[ring-ring-ring].]. Task information: [cmdType:[6], tag:[1], size:[688128], numBlocks:[8], rankSize:[2], aivRdmaStep:[-1], flagMem:[0x130f61a00000], isOpbase:[0]
(Worker_DP3_TP0_EP6 pid=233532) ERROR 07-27 15:49:06 [multiproc_executor.py:948] there are 6 abnormal device(s), only the first 3 devices are listed:
(Worker_DP3_TP0_EP6 pid=233532) ERROR 07-27 15:49:06 [multiproc_executor.py:948] 	[TaskExecStage][HeartbeatAbnormal]Cluster Exception Location[IP/ID]:[10.10.1.44/15], Arrival Time:[Mon Jul 27 15:47:17 2026], ExceptionType:[Stuck Occurred], Possible Reason:1.Host process is stuck, 2.Device task is stuck
(Worker_DP3_TP0_EP6 pid=233532) ERROR 07-27 15:49:06 [multiproc_executor.py:948] 	[TaskExecStage][HeartbeatAbnormal]Cluster Exception Location[IP/ID]:[10.10.1.44/7], Arrival Time:[Mon Jul 27 15:47:17 2026], ExceptionType:[Stuck Occurred], Possible Reason:1.Host process is stuck, 2.Device task is stuck
(Worker_DP3_TP0_EP6 pid=233532) ERROR 07-27 15:49:06 [multiproc_executor.py:948] 	[TaskExecStage][HeartbeatAbnormal]Cluster Exception Location[IP/ID]:[10.10.1.44/6], Arrival Time:[Mon Jul 27 15:47:17 2026], ExceptionType:[Stuck Occurred], Possible Reason:1.Host process is stuck, 2.Device task is stuck
(Worker_DP3_TP0_EP6 pid=233532) ERROR 07-27 15:49:06 [multiproc_executor.py:948] ]. Communicator information: [].
(Worker_DP3_TP0_EP6 pid=233532) ERROR 07-27 15:49:06 [multiproc_executor.py:948]         Possible Cause: 1. Network connection exception occurred during the SDMA task execution. 2. The peer process exits abnormally. 3. The input or output memory address is not allocated, the actual allocated size is smaller than the input data size, or the memory is freed before the operator execution is complete.
(Worker_DP3_TP0_EP6 pid=233532) ERROR 07-27 15:49:06 [multiproc_executor.py:948]         Solution: 1. Check whether the network link is abnormal during the execution. 2. Check whether a process in the cluster exits before an error is reported. If yes, locate the cause of the process exit. 3. Check whether the size of the input/output memory passed to the communication operator meets the expectation, and whether the input/output memory or communicator is freed or destroyed before the operator execution is complete.
(Worker_DP3_TP0_EP6 pid=233532) ERROR 07-27 15:49:06 [multiproc_executor.py:948]         TraceBack (most recent call last):
(Worker_DP3_TP0_EP6 pid=233532) ERROR 07-27 15:49:06 [multiproc_executor.py:948]         The error from device(chipId:3, dieId:0), serial number is 14, there is an exception of aivec error, core id is 15, error code = 0, dump info: pc start: 0x12c0de87ba0c, current: 0x12c0de89db44, vec error info: 0xad00000cfe, mte error info: 0xf603066c70, ifu error info: 0x217ffbe014040, ccu error info: 0xf1b9b4276880003f, cube error info: 0, biu error info: 0, aic error mask: 0x6500020bd00028c, para base: 0x12c140219000.[FUNC:PrintCoreInfo][FILE:device_error_core_proc.cc][LINE:645]
(Worker_DP3_TP0_EP6 pid=233532) ERROR 07-27 15:49:06 [multiproc_executor.py:948]         The extend info: errcode:(0, 0, 0) errorStr: timeout or trap error. fixp_error0 info: 0x3066c70, fixp_error1 info: 0xf6, fsmId:0, tslot:5, thread:0, ctxid:0, blk:5, sublk:0, subErrType:4.[FUNC:PrintCoreInfo][FILE:device_error_core_proc.cc][LINE:658]
(Worker_DP3_TP0_EP6 pid=233532) ERROR 07-27 15:49:06 [multiproc_executor.py:948]         The error from device(chipId:3, dieId:0), serial number is 14, there is an exception of aivec error, core id is 10, error code = 0, dump info: pc start: 0x12c0de87ba0c, current: 0x12c0de884c80, vec error info: 0xad00000cfe, mte error info: 0xf603083c70, ifu error info: 0x217ffbe014040, ccu error info: 0xe3670bc6880003f, cube error info: 0, biu error info: 0, aic error mask: 0x6500020bd00028c, para base: 0x12c140219000.[FUNC:PrintCoreInfo][FILE:device_error_core_proc.cc][LINE:645]
(Worker_DP3_TP0_EP6 pid=233532) ERROR 07-27 15:49:06 [multiproc_executor.py:948]         The extend info: errcode:(0, 0, 0) errorStr: timeout or trap error. fixp_error0 info: 0x3083c70, fixp_error1 info: 0xf6, fsmId:1, tslot:5, thread:0, ctxid:0, blk:0, sublk:0, subErrType:4.[FUNC:PrintCoreInfo][FILE:device_error_core_proc.cc][LINE:658]
(Worker_DP3_TP0_EP6 pid=233532) ERROR 07-27 15:49:06 [multiproc_executor.py:948]         The error from device(chipId:3, dieId:0), serial number is 14, there is an exception of aivec error, core id is 11, error code = 0, dump info: pc start: 0x12c0de87ba0c, current: 0x12c0de89db44, vec error info: 0xad00000cfe, mte error info: 0xf603065c70, ifu error info: 0x217ffbe014040, ccu error info: 0x8ff218196880003f, cube error info: 0, biu error info: 0, aic error mask: 0x6500020bd00028c, para base: 0x12c140219000.[FUNC:PrintCoreInfo][FILE:device_error_core_proc.cc][LINE:645]
(Worker_DP3_TP0_EP6 pid=233532) ERROR 07-27 15:49:06 [multiproc_executor.py:948]         The extend info: errcode:(0, 0, 0) errorStr: timeout or trap error. fixp_error0 info: 0x3065c70, fixp_error1 info: 0xf6, fsmId:1, tslot:5, thread:0, ctxid:0, blk:1, sublk:0, subErrType:4.[FUNC:PrintCoreInfo][FILE:device_error_core_proc.cc][LINE:658]
(Worker_DP3_TP0_EP6 pid=233532) ERROR 07-27 15:49:06 [multiproc_executor.py:948]         The error from device(chipId:3, dieId:0), serial number is 14, there is an exception of aivec error, core id is 12, error code = 0, dump info: pc start: 0x12c0de87ba0c, current: 0x12c0de89db38, vec error info: 0xad00000cfe, mte error info: 0xf603064c70, ifu error info: 0x20001bdc5ce00, ccu error info: 0x33ed963c6880003f, cube error info: 0, biu error info: 0, aic error mask: 0x6500020bd00028c, para base: 0x12c140219000.[FUNC:PrintCoreInfo][FILE:device_error_core_proc.cc][LINE:645]
(Worker_DP3_TP0_EP6 pid=233532) ERROR 07-27 15:49:06 [multiproc_executor.py:948]         The extend info: errcode:(0, 0, 0) errorStr: timeout or trap error. fixp_error0 info: 0x3064c70, fixp_error1 info: 0xf6, fsmId:1, tslot:5, thread:0, ctxid:0, blk:2, sublk:0, subErrType:4.[FUNC:PrintCoreInfo][FILE:device_error_core_proc.cc][LINE:658]
(Worker_DP3_TP0_EP6 pid=233532) ERROR 07-27 15:49:06 [multiproc_executor.py:948]         The error from device(chipId:3, dieId:0), serial number is 14, there is an exception of aivec error, core id is 13, error code = 0, dump info: pc start: 0x12c0de87ba0c, current: 0x12c0de89db44, vec error info: 0xad00000cfe, mte error info: 0xf603066c70, ifu error info: 0x2fffffe500000, ccu error info: 0x50a070286880003f, cube error info: 0, biu error info: 0, aic error mask: 0x6500020bd00028c, para base: 0x12c140219000.[FUNC:PrintCoreInfo][FILE:device_error_core_proc.cc][LINE:645]
(Worker_DP3_TP0_EP6 pid=233532) ERROR 07-27 15:49:06 [multiproc_executor.py:948]         The extend info: errcode:(0, 0, 0) errorStr: timeout or trap error. fixp_error0 info: 0x3066c70, fixp_error1 info: 0xf6, fsmId:1, tslot:5, thread:0, ctxid:0, blk:3, sublk:0, subErrType:4.[FUNC:PrintCoreInfo][FILE:device_error_core_proc.cc][LINE:658]
(Worker_DP3_TP0_EP6 pid=233532) ERROR 07-27 15:49:06 [multiproc_executor.py:948]         The error from device(chipId:3, dieId:0), serial number is 14, there is an exception of aivec error, core id is 14, error code = 0, dump info: pc start: 0x12c0de87ba0c, current: 0x12c0de89db44, vec error info: 0xad00000cfe, mte error info: 0xf603076c70, ifu error info: 0x2fffffe600000, ccu error info: 0xfded1e296880003f, cube error info: 0, biu error info: 0, aic error mask: 0x6500020bd00028c, para base: 0x12c140219000.[FUNC:PrintCoreInfo][FILE:device_error_core_proc.cc][LINE:645]
(Worker_DP3_TP0_EP6 pid=233532) ERROR 07-27 15:49:06 [multiproc_executor.py:948]         The extend info: errcode:(0, 0, 0) errorStr: timeout or trap error. fixp_error0 info: 0x3076c70, fixp_error1 info: 0xf6, fsmId:1, tslot:5, thread:0, ctxid:0, blk:4, sublk:0, subErrType:4.[FUNC:PrintCoreInfo][FILE:device_error_core_proc.cc][LINE:658]
(Worker_DP3_TP0_EP6 pid=233532) ERROR 07-27 15:49:06 [multiproc_executor.py:948]         The error from device(chipId:3, dieId:0), serial number is 14, there is an exception of aivec error, core id is 16, error code = 0, dump info: pc start: 0x12c0de87ba0c, current: 0x12c0de89db44, vec error info: 0xad00000cfe, mte error info: 0xf603064c70, ifu error info: 0x217ffbe014040, ccu error info: 0xf97932916880003f, cube error info: 0, biu error info: 0, aic error mask: 0x6500020bd00028c, para base: 0x12c140219000.[FUNC:PrintCoreInfo][FILE:device_error_core_proc.cc][LINE:645]
(Worker_DP3_TP0_EP6 pid=233532) ERROR 07-27 15:49:06 [multiproc_executor.py:948]         The extend info: errcode:(0, 0, 0) errorStr: timeout or trap error. fixp_error0 info: 0x3064c70, fixp_error1 info: 0xf6, fsmId:1, tslot:5, thread:0, ctxid:0, blk:6, sublk:0, subErrType:4.[FUNC:PrintCoreInfo][FILE:device_error_core_proc.cc][LINE:658]
(Worker_DP3_TP0_EP6 pid=233532) ERROR 07-27 15:49:06 [multiproc_executor.py:948]         The error from device(chipId:3, dieId:0), serial number is 14, there is an exception of aivec error, core id is 17, error code = 0, dump info: pc start: 0x12c0de87ba0c, current: 0x12c0de89db4c, vec error info: 0xad00000cfe, mte error info: 0xf603064c70, ifu error info: 0x217ffbe014040, ccu error info: 0x929893ff6880003f, cube error info: 0, biu error info: 0, aic error mask: 0x6500020bd00028c, para base: 0x12c140219000.[FUNC:PrintCoreInfo][FILE:device_error_core_proc.cc][LINE:645]
(Worker_DP3_TP0_EP6 pid=233532) ERROR 07-27 15:49:06 [multiproc_executor.py:948]         The extend info: errcode:(0, 0, 0) errorStr: timeout or trap error. fixp_error0 info: 0x3064c70, fixp_error1 info: 0xf6, fsmId:1, tslot:5, thread:0, ctxid:0, blk:7, sublk:0, subErrType:4.[FUNC:PrintCoreInfo][FILE:device_error_core_proc.cc][LINE:658]
(Worker_DP3_TP0_EP6 pid=233532) ERROR 07-27 15:49:06 [multiproc_executor.py:948]         SDMA memory copy task exception occurred. Remote rank: [0]. Base information: [streamID:[85], taskID[1], taskType[Task AIV], tag[], AlgType(level 0-1-2):[ring-ring-ring].]. Task information: [cmdType:[6], tag:[1], size:[688128], numBlocks:[8], rankSize:[2], aivRdmaStep:[-1], flagMem:[0x130f61a00000], isOpbase:[0]
(Worker_DP3_TP0_EP6 pid=233532) ERROR 07-27 15:49:06 [multiproc_executor.py:948] there are 6 abnormal device(s), only the first 3 devices are listed:
(Worker_DP3_TP0_EP6 pid=233532) ERROR 07-27 15:49:06 [multiproc_executor.py:948] 	[TaskExecStage][HeartbeatAbnormal]Cluster Exception Location[IP/ID]:[10.10.1.44/15], Arrival Time:[Mon Jul 27 15:47:17 2026], ExceptionType:[Stuck Occurred], Possible Reason:1.Host process is stuck, 2.Device task is stuck
(Worker_DP3_TP0_EP6 pid=233532) ERROR 07-27 15:49:06 [multiproc_executor.py:948] 	[TaskExecStage][HeartbeatAbnormal]Cluster Exception Location[IP/ID]:[10.10.1.44/7], Arrival Time:[Mon Jul 27 15:47:17 2026], ExceptionType:[Stuck Occurred], Possible Reason:1.Host process is stuck, 2.Device task is stuck
(Worker_DP3_TP0_EP6 pid=233532) ERROR 07-27 15:49:06 [multiproc_executor.py:948] 	[TaskExecStage][HeartbeatAbnormal]Cluster Exception Location[IP/ID]:[10.10.1.44/6], Arrival Time:[Mon Jul 27 15:47:17 2026], ExceptionType:[Stuck Occurred], Possible Reason:1.Host process is stuck, 2.Device task is stuck
(Worker_DP3_TP0_EP6 pid=233532) ERROR 07-27 15:49:06 [multiproc_executor.py:948] ]. Communicator information: [].
(Worker_DP3_TP0_EP6 pid=233532) ERROR 07-27 15:49:06 [multiproc_executor.py:948]         rtEventSynchronize execution failed, reason=the model stream execute failed[FUNC:FuncErrorReason][FILE:error_message_manage.cc][LINE:65]
(Worker_DP3_TP0_EP6 pid=233532) ERROR 07-27 15:49:06 [multiproc_executor.py:948]         wait event to be complete failed, runtime result = 507011[FUNC:ReportCallError][FILE:log_inner.cpp][LINE:148]
(Worker_DP3_TP0_EP6 pid=233532) ERROR 07-27 15:49:06 [multiproc_executor.py:948] 
(EngineCore_DP5 pid=233094) ERROR 07-27 15:49:06 [core.py:1233] EngineCore encountered a fatal error.
(EngineCore_DP5 pid=233094) ERROR 07-27 15:49:06 [core.py:1233] Traceback (most recent call last):
(EngineCore_DP5 pid=233094) ERROR 07-27 15:49:06 [core.py:1233]   File "/home/l00838859/cann/my-project/vllm/vllm/v1/engine/core.py", line 1224, in run_engine_core
(EngineCore_DP5 pid=233094) ERROR 07-27 15:49:06 [core.py:1233]     engine_core.run_busy_loop()
(EngineCore_DP5 pid=233094) ERROR 07-27 15:49:06 [core.py:1233]   File "/home/l00838859/cann/my-project/vllm/vllm/v1/engine/core.py", line 1943, in run_busy_loop
(EngineCore_DP5 pid=233094) ERROR 07-27 15:49:06 [core.py:1233]     executed = self._process_engine_step()
(EngineCore_DP5 pid=233094) ERROR 07-27 15:49:06 [core.py:1233]                ^^^^^^^^^^^^^^^^^^^^^^^^^^^
(EngineCore_DP5 pid=233094) ERROR 07-27 15:49:06 [core.py:1233]   File "/home/l00838859/cann/my-project/vllm/vllm/v1/engine/core.py", line 1304, in _process_engine_step
(EngineCore_DP5 pid=233094) ERROR 07-27 15:49:06 [core.py:1233]     outputs, model_executed = self.step_fn()
(EngineCore_DP5 pid=233094) ERROR 07-27 15:49:06 [core.py:1233]                               ^^^^^^^^^^^^^^
(EngineCore_DP5 pid=233094) ERROR 07-27 15:49:06 [core.py:1233]   File "/home/l00838859/cann/my-project/vllm/vllm/v1/engine/core.py", line 595, in step_with_batch_queue
(EngineCore_DP5 pid=233094) ERROR 07-27 15:49:06 [core.py:1233]     model_output = future.result()
(EngineCore_DP5 pid=233094) ERROR 07-27 15:49:06 [core.py:1233]                    ^^^^^^^^^^^^^^^
(EngineCore_DP5 pid=233094) ERROR 07-27 15:49:06 [core.py:1233]   File "/home/l00838859/cann/my-project/vllm/vllm/v1/executor/multiproc_executor.py", line 91, in result
(EngineCore_DP5 pid=233094) ERROR 07-27 15:49:06 [core.py:1233]     return super().result()
(EngineCore_DP5 pid=233094) ERROR 07-27 15:49:06 [core.py:1233]            ^^^^^^^^^^^^^^^^
(EngineCore_DP5 pid=233094) ERROR 07-27 15:49:06 [core.py:1233]   File "/usr/local/lib/python3.11/concurrent/futures/_base.py", line 449, in result
(EngineCore_DP5 pid=233094) ERROR 07-27 15:49:06 [core.py:1233]     return self.__get_result()
(EngineCore_DP5 pid=233094) ERROR 07-27 15:49:06 [core.py:1233]            ^^^^^^^^^^^^^^^^^^^
(EngineCore_DP5 pid=233094) ERROR 07-27 15:49:06 [core.py:1233]   File "/usr/local/lib/python3.11/concurrent/futures/_base.py", line 401, in __get_result
(EngineCore_DP5 pid=233094) ERROR 07-27 15:49:06 [core.py:1233]     raise self._exception
(EngineCore_DP5 pid=233094) ERROR 07-27 15:49:06 [core.py:1233]   File "/home/l00838859/cann/my-project/vllm/vllm/v1/executor/multiproc_executor.py", line 95, in _wait_for_response
(EngineCore_DP5 pid=233094) ERROR 07-27 15:49:06 [core.py:1233]     response = self.aggregate(self.get_response())
(EngineCore_DP5 pid=233094) ERROR 07-27 15:49:06 [core.py:1233]                               ^^^^^^^^^^^^^^^^^^^
(EngineCore_DP5 pid=233094) ERROR 07-27 15:49:06 [core.py:1233]   File "/home/l00838859/cann/my-project/vllm/vllm/v1/executor/multiproc_executor.py", line 394, in get_response
(EngineCore_DP5 pid=233094) ERROR 07-27 15:49:06 [core.py:1233]     raise RuntimeError(
(EngineCore_DP5 pid=233094) ERROR 07-27 15:49:06 [core.py:1233] RuntimeError: Worker failed with error 'synchronize:../torch_npu/csrc/core/npu/NPUEvent.cpp:212 NPU function error: aclrtSynchronizeEvent(event_), error code is 507011
(EngineCore_DP5 pid=233094) ERROR 07-27 15:49:06 [core.py:1233] [ERROR] 2026-07-27-15:49:06 (PID:233528, Device:10, RankID:-1) ERR00100 PTA call acl api failed
(EngineCore_DP5 pid=233094) ERROR 07-27 15:49:06 [core.py:1233] [Error]: Model execution failed. 
(EngineCore_DP5 pid=233094) ERROR 07-27 15:49:06 [core.py:1233]         Rectify the fault based on the error information in the ascend log.
(EngineCore_DP5 pid=233094) ERROR 07-27 15:49:06 [core.py:1233] [PID: 233528] 2026-07-27-15:49:06.461.336 Execution_Error_SDMA(EI0012): SDMA memory copy task exception occurred. Remote rank: [0]. Base information: [streamID:[85], taskID[1], taskType[Task AIV], tag[], AlgType(level 0-1-2):[ring-ring-ring].]. Task information: [cmdType:[6], tag:[1], size:[688128], numBlocks:[8], rankSize:[2], aivRdmaStep:[-1], flagMem:[0x130f61a00000], isOpbase:[0]
(EngineCore_DP5 pid=233094) ERROR 07-27 15:49:06 [core.py:1233] there are(is) 2 abnormal device(s):
(EngineCore_DP5 pid=233094) ERROR 07-27 15:49:06 [core.py:1233] 	[TaskExecStage][HeartbeatAbnormal]Cluster Exception Location[IP/ID]:[10.10.1.44/10], Arrival Time:[Mon Jul 27 15:47:16 2026], ExceptionType:[Stuck Occurred], Possible Reason:1.Host process is stuck, 2.Device task is stuck
(EngineCore_DP5 pid=233094) ERROR 07-27 15:49:06 [core.py:1233] 	[TaskExecStage][HeartbeatAbnormal]Cluster Exception Location[IP/ID]:[10.10.1.44/8], Arrival Time:[Mon Jul 27 15:47:18 2026], ExceptionType:[Stuck Occurred], Possible Reason:1.Host process is stuck, 2.Device task is stuck
(EngineCore_DP5 pid=233094) ERROR 07-27 15:49:06 [core.py:1233] ]. Communicator information: [].
(EngineCore_DP5 pid=233094) ERROR 07-27 15:49:06 [core.py:1233]         Possible Cause: 1. Network connection exception occurred during the SDMA task execution. 2. The peer process exits abnormally. 3. The input or output memory address is not allocated, the actual allocated size is smaller than the input data size, or the memory is freed before the operator execution is complete.
(EngineCore_DP5 pid=233094) ERROR 07-27 15:49:06 [core.py:1233]         Solution: 1. Check whether the network link is abnormal during the execution. 2. Check whether a process in the cluster exits before an error is reported. If yes, locate the cause of the process exit. 3. Check whether the size of the input/output memory passed to the communication operator meets the expectation, and whether the input/output memory or communicator is freed or destroyed before the operator execution is complete.
(EngineCore_DP5 pid=233094) ERROR 07-27 15:49:06 [core.py:1233]         TraceBack (most recent call last):
(EngineCore_DP5 pid=233094) ERROR 07-27 15:49:06 [core.py:1233]         The error from device(chipId:5, dieId:0), serial number is 19, there is an exception of aivec error, core id is 35, error code = 0, dump info: pc start: 0x12c0de87ba0c, current: 0x12c0de884c50, vec error info: 0xad00000cfe, mte error info: 0xf6060000a2, ifu error info: 0x217ffbe014040, ccu error info: 0x812991876680003f, cube error info: 0, biu error info: 0, aic error mask: 0x6500020bd00028c, para base: 0x12c1401d6000.[FUNC:PrintCoreInfo][FILE:device_error_core_proc.cc][LINE:645]
(EngineCore_DP5 pid=233094) ERROR 07-27 15:49:06 [core.py:1233]         The extend info: errcode:(0, 0, 0) errorStr: timeout or trap error. fixp_error0 info: 0x60000a2, fixp_error1 info: 0xf6, fsmId:0, tslot:5, thread:0, ctxid:0, blk:0, sublk:0, subErrType:4.[FUNC:PrintCoreInfo][FILE:device_error_core_proc.cc][LINE:658]
(EngineCore_DP5 pid=233094) ERROR 07-27 15:49:06 [core.py:1233]         The error from device(chipId:5, dieId:0), serial number is 19, there is an exception of aivec error, core id is 39, error code = 0, dump info: pc start: 0x12c0de87ba0c, current: 0x12c0de89db84, vec error info: 0xad00000cfe, mte error info: 0xf603071c6e, ifu error info: 0x20001bdc5ce00, ccu error info: 0xed4191306880003f, cube error info: 0, biu error info: 0, aic error mask: 0x6500020bd00028c, para base: 0x12c1401d6000.[FUNC:PrintCoreInfo][FILE:device_error_core_proc.cc][LINE:645]
(EngineCore_DP5 pid=233094) ERROR 07-27 15:49:06 [core.py:1233]         The extend info: errcode:(0, 0, 0) errorStr: timeout or trap error. fixp_error0 info: 0x3071c6e, fixp_error1 info: 0xf6, fsmId:0, tslot:5, thread:0, ctxid:0, blk:4, sublk:0, subErrType:4.[FUNC:PrintCoreInfo][FILE:device_error_core_proc.cc][LINE:658]
(EngineCore_DP5 pid=233094) ERROR 07-27 15:49:06 [core.py:1233]         The error from device(chipId:5, dieId:0), serial number is 19, there is an exception of aivec error, core id is 42, error code = 0, dump info: pc start: 0x12c0de87ba0c, current: 0x12c0de89db44, vec error info: 0xad00000cfe, mte error info: 0xf6060000a2, ifu error info: 0x217ffbe014040, ccu error info: 0xd367735c6880003f, cube error info: 0, biu error info: 0, aic error mask: 0x6500020bd00028c, para base: 0x12c1401d6000.[FUNC:PrintCoreInfo][FILE:device_error_core_proc.cc][LINE:645]
(EngineCore_DP5 pid=233094) ERROR 07-27 15:49:06 [core.py:1233]         The extend info: errcode:(0, 0, 0) errorStr: timeout or trap error. fixp_error0 info: 0x60000a2, fixp_error1 info: 0xf6, fsmId:0, tslot:5, thread:0, ctxid:0, blk:7, sublk:0, subErrType:4.[FUNC:PrintCoreInfo][FILE:device_error_core_proc.cc][LINE:658]
(EngineCore_DP5 pid=233094) ERROR 07-27 15:49:06 [core.py:1233]         The error from device(chipId:5, dieId:0), serial number is 19, there is an exception of aivec error, core id is 36, error code = 0, dump info: pc start: 0x12c0de87ba0c, current: 0x12c0de89db44, vec error info: 0xad00000cfe, mte error info: 0xf6060000a2, ifu error info: 0x217ffbe014040, ccu error info: 0x7094456880003f, cube error info: 0, biu error info: 0, aic error mask: 0x6500020bd00028c, para base: 0x12c1401d6000.[FUNC:PrintCoreInfo][FILE:device_error_core_proc.cc][LINE:645]
(EngineCore_DP5 pid=233094) ERROR 07-27 15:49:06 [core.py:1233]         The extend info: errcode:(0, 0, 0) errorStr: timeout or trap error. fixp_error0 info: 0x60000a2, fixp_error1 info: 0xf6, fsmId:1, tslot:5, thread:0, ctxid:0, blk:1, sublk:0, subErrType:4.[FUNC:PrintCoreInfo][FILE:device_error_core_proc.cc][LINE:658]
(EngineCore_DP5 pid=233094) ERROR 07-27 15:49:06 [core.py:1233]         The error from device(chipId:5, dieId:0), serial number is 19, there is an exception of aivec error, core id is 37, error code = 0, dump info: pc start: 0x12c0de87ba0c, current: 0x12c0de89db44, vec error info: 0xad00000bfe, mte error info: 0xf603083c6e, ifu error info: 0x20001bdc63e00, ccu error info: 0x60894c406880003f, cube error info: 0, biu error info: 0, aic error mask: 0x6500020bd00028c, para base: 0x12c1401d6000.[FUNC:PrintCoreInfo][FILE:device_error_core_proc.cc][LINE:645]
(EngineCore_DP5 pid=233094) ERROR 07-27 15:49:06 [core.py:1233]         The extend info: errcode:(0, 0, 0) errorStr: timeout or trap error. fixp_error0 info: 0x3083c6e, fixp_error1 info: 0xf6, fsmId:1, tslot:5, thread:0, ctxid:0, blk:2, sublk:0, subErrType:4.[FUNC:PrintCoreInfo][FILE:device_error_core_proc.cc][LINE:658]
(EngineCore_DP5 pid=233094) ERROR 07-27 15:49:06 [core.py:1233]         The error from device(chipId:5, dieId:0), serial number is 19, there is an exception of aivec error, core id is 38, error code = 0, dump info: pc start: 0x12c0de87ba0c, current: 0x12c0de89dc70, vec error info: 0xad00000bfe, mte error info: 0xf603068c6e, ifu error info: 0x217ffbe014040, ccu error info: 0x4f0007696880003f, cube error info: 0, biu error info: 0, aic error mask: 0x6500020bd00028c, para base: 0x12c1401d6000.[FUNC:PrintCoreInfo][FILE:device_error_core_proc.cc][LINE:645]
(EngineCore_DP5 pid=233094) ERROR 07-27 15:49:06 [core.py:1233]         The extend info: errcode:(0, 0, 0) errorStr: timeout or trap error. fixp_error0 info: 0x3068c6e, fixp_error1 info: 0xf6, fsmId:1, tslot:5, thread:0, ctxid:0, blk:3, sublk:0, subErrType:4.[FUNC:PrintCoreInfo][FILE:device_error_core_proc.cc][LINE:658]
(EngineCore_DP5 pid=233094) ERROR 07-27 15:49:06 [core.py:1233]         The error from device(chipId:5, dieId:0), serial number is 19, there is an exception of aivec error, core id is 40, error code = 0, dump info: pc start: 0x12c0de87ba0c, current: 0x12c0de89db44, vec error info: 0xad00000cfe, mte error info: 0x4e060000c7, ifu error info: 0x217ffbe014040, ccu error info: 0xa1a994426880003f, cube error info: 0, biu error info: 0, aic error mask: 0x6500020bd00028c, para base: 0x12c1401d6000.[FUNC:PrintCoreInfo][FILE:device_error_core_proc.cc][LINE:645]
(EngineCore_DP5 pid=233094) ERROR 07-27 15:49:06 [core.py:1233]         The extend info: errcode:(0, 0, 0) errorStr: timeout or trap error. fixp_error0 info: 0x60000c7, fixp_error1 info: 0x4e, fsmId:1, tslot:5, thread:0, ctxid:0, blk:5, sublk:0, subErrType:4.[FUNC:PrintCoreInfo][FILE:device_error_core_proc.cc][LINE:658]
(EngineCore_DP5 pid=233094) ERROR 07-27 15:49:06 [core.py:1233]         The error from device(chipId:5, dieId:0), serial number is 19, there is an exception of aivec error, core id is 41, error code = 0, dump info: pc start: 0x12c0de87ba0c, current: 0x12c0de89db44, vec error info: 0xad00000cfe, mte error info: 0xf6060000a2, ifu error info: 0x217ffbe014040, ccu error info: 0xaa94c896880003f, cube error info: 0, biu error info: 0, aic error mask: 0x6500020bd00028c, para base: 0x12c1401d6000.[FUNC:PrintCoreInfo][FILE:device_error_core_proc.cc][LINE:645]
(EngineCore_DP5 pid=233094) ERROR 07-27 15:49:06 [core.py:1233]         The extend info: errcode:(0, 0, 0) errorStr: timeout or trap error. fixp_error0 info: 0x60000a2, fixp_error1 info: 0xf6, fsmId:1, tslot:5, thread:0, ctxid:0, blk:6, sublk:0, subErrType:4.[FUNC:PrintCoreInfo][FILE:device_error_core_proc.cc][LINE:658]
(EngineCore_DP5 pid=233094) ERROR 07-27 15:49:06 [core.py:1233]         SDMA memory copy task exception occurred. Remote rank: [0]. Base information: [streamID:[85], taskID[1], taskType[Task AIV], tag[], AlgType(level 0-1-2):[ring-ring-ring].]. Task information: [cmdType:[6], tag:[1], size:[688128], numBlocks:[8], rankSize:[2], aivRdmaStep:[-1], flagMem:[0x130f61a00000], isOpbase:[0]
(EngineCore_DP5 pid=233094) ERROR 07-27 15:49:06 [core.py:1233] there are(is) 2 abnormal device(s):
(EngineCore_DP5 pid=233094) ERROR 07-27 15:49:06 [core.py:1233] 	[TaskExecStage][HeartbeatAbnormal]Cluster Exception Location[IP/ID]:[10.10.1.44/10], Arrival Time:[Mon Jul 27 15:47:16 2026], ExceptionType:[Stuck Occurred], Possible Reason:1.Host process is stuck, 2.Device task is stuck
(EngineCore_DP5 pid=233094) ERROR 07-27 15:49:06 [core.py:1233] 	[TaskExecStage][HeartbeatAbnormal]Cluster Exception Location[IP/ID]:[10.10.1.44/8], Arrival Time:[Mon Jul 27 15:47:18 2026], ExceptionType:[Stuck Occurred], Possible Reason:1.Host process is stuck, 2.Device task is stuck
(EngineCore_DP5 pid=233094) ERROR 07-27 15:49:06 [core.py:1233] ]. Communicator information: [].
(EngineCore_DP5 pid=233094) ERROR 07-27 15:49:06 [core.py:1233]         rtEventSynchronize execution failed, reason=the model stream execute failed[FUNC:FuncErrorReason][FILE:error_message_manage.cc][LINE:65]
(EngineCore_DP5 pid=233094) ERROR 07-27 15:49:06 [core.py:1233]         wait event to be complete failed, runtime result = 507011[FUNC:ReportCallError][FILE:log_inner.cpp][LINE:148]
(EngineCore_DP5 pid=233094) ERROR 07-27 15:49:06 [core.py:1233] ', please check the stack trace above for the root cause
(Worker_DP3_TP0_EP6 pid=233532) ERROR 07-27 15:49:06 [multiproc_executor.py:1007] WorkerProc hit an exception.
(Worker_DP3_TP0_EP6 pid=233532) ERROR 07-27 15:49:06 [multiproc_executor.py:1007] Traceback (most recent call last):
(Worker_DP3_TP0_EP6 pid=233532) ERROR 07-27 15:49:06 [multiproc_executor.py:1007]   File "/home/l00838859/cann/my-project/vllm/vllm/v1/executor/multiproc_executor.py", line 999, in worker_busy_loop
(Worker_DP3_TP0_EP6 pid=233532) ERROR 07-27 15:49:06 [multiproc_executor.py:1007]     output = func(*args, **kwargs)
(Worker_DP3_TP0_EP6 pid=233532) ERROR 07-27 15:49:06 [multiproc_executor.py:1007]              ^^^^^^^^^^^^^^^^^^^^^
(Worker_DP3_TP0_EP6 pid=233532) ERROR 07-27 15:49:06 [multiproc_executor.py:1007]   File "/home/l00838859/cann/my-project/vllm/vllm/v1/worker/worker_base.py", line 351, in execute_model
(Worker_DP3_TP0_EP6 pid=233532) ERROR 07-27 15:49:06 [multiproc_executor.py:1007]     return self.worker.execute_model(scheduler_output)
(Worker_DP3_TP0_EP6 pid=233532) ERROR 07-27 15:49:06 [multiproc_executor.py:1007]            ^^^^^^^^^^^^^^^^^^^^^^^^^^^^^^^^^^^^^^^^^^^
(Worker_DP3_TP0_EP6 pid=233532) ERROR 07-27 15:49:06 [multiproc_executor.py:1007]   File "/home/l00838859/cann/my-project/vllm-ascend/vllm_ascend/worker/worker.py", line 685, in execute_model
(Worker_DP3_TP0_EP6 pid=233532) ERROR 07-27 15:49:06 [multiproc_executor.py:1007]     output = self.model_runner.execute_model(scheduler_output, intermediate_tensors)
(Worker_DP3_TP0_EP6 pid=233532) ERROR 07-27 15:49:06 [multiproc_executor.py:1007]              ^^^^^^^^^^^^^^^^^^^^^^^^^^^^^^^^^^^^^^^^^^^^^^^^^^^^^^^^^^^^^^^^^^^^^^^
(Worker_DP3_TP0_EP6 pid=233532) ERROR 07-27 15:49:06 [multiproc_executor.py:1007]   File "/usr/local/lib/python3.11/site-packages/torch/utils/_contextlib.py", line 124, in decorate_context
(Worker_DP3_TP0_EP6 pid=233532) ERROR 07-27 15:49:06 [multiproc_executor.py:1007]     return func(*args, **kwargs)
(Worker_DP3_TP0_EP6 pid=233532) ERROR 07-27 15:49:06 [multiproc_executor.py:1007]            ^^^^^^^^^^^^^^^^^^^^^
(Worker_DP3_TP0_EP6 pid=233532) ERROR 07-27 15:49:06 [multiproc_executor.py:1007]   File "/home/l00838859/cann/my-project/vllm-ascend/vllm_ascend/worker/model_runner_v1.py", line 2346, in execute_model
(Worker_DP3_TP0_EP6 pid=233532) ERROR 07-27 15:49:06 [multiproc_executor.py:1007]     hidden_states = self._model_forward(
(Worker_DP3_TP0_EP6 pid=233532) ERROR 07-27 15:49:06 [multiproc_executor.py:1007]                     ^^^^^^^^^^^^^^^^^^^^
(Worker_DP3_TP0_EP6 pid=233532) ERROR 07-27 15:49:06 [multiproc_executor.py:1007]   File "/home/l00838859/cann/my-project/vllm-ascend/vllm_ascend/worker/model_runner_v1.py", line 2915, in _model_forward
(Worker_DP3_TP0_EP6 pid=233532) ERROR 07-27 15:49:06 [multiproc_executor.py:1007]     hidden_states = run_model()
(Worker_DP3_TP0_EP6 pid=233532) ERROR 07-27 15:49:06 [multiproc_executor.py:1007]                     ^^^^^^^^^^^
(Worker_DP3_TP0_EP6 pid=233532) ERROR 07-27 15:49:06 [multiproc_executor.py:1007]   File "/home/l00838859/cann/my-project/vllm-ascend/vllm_ascend/compilation/acl_graph.py", line 281, in __call__
(Worker_DP3_TP0_EP6 pid=233532) ERROR 07-27 15:49:06 [multiproc_executor.py:1007]     torch.npu.current_stream().synchronize()
(Worker_DP3_TP0_EP6 pid=233532) ERROR 07-27 15:49:06 [multiproc_executor.py:1007]   File "/usr/local/lib/python3.11/site-packages/torch_npu/npu/streams.py", line 85, in synchronize
(Worker_DP3_TP0_EP6 pid=233532) ERROR 07-27 15:49:06 [multiproc_executor.py:1007]     super(Stream, self).synchronize()
(Worker_DP3_TP0_EP6 pid=233532) ERROR 07-27 15:49:06 [multiproc_executor.py:1007] RuntimeError: synchronize:../torch_npu/csrc/core/npu/NPUStream.cpp:361 NPU function error: c10_npu::acl::AclrtSynchronizeStreamWithTimeout(stream()), error code is 507011
(Worker_DP3_TP0_EP6 pid=233532) ERROR 07-27 15:49:06 [multiproc_executor.py:1007] [ERROR] 2026-07-27-15:49:06 (PID:233532, Device:6, RankID:-1) ERR00100 PTA call acl api failed
(Worker_DP3_TP0_EP6 pid=233532) ERROR 07-27 15:49:06 [multiproc_executor.py:1007] [Error]: Model execution failed. 
(Worker_DP3_TP0_EP6 pid=233532) ERROR 07-27 15:49:06 [multiproc_executor.py:1007]         Rectify the fault based on the error information in the ascend log.
(Worker_DP3_TP0_EP6 pid=233532) ERROR 07-27 15:49:06 [multiproc_executor.py:1007] EE9999: Inner Error!
(Worker_DP3_TP0_EP6 pid=233532) ERROR 07-27 15:49:06 [multiproc_executor.py:1007] EE9999[PID: 233532] 2026-07-27-15:49:06.469.986 (EE9999):  rtStreamSynchronizeWithTimeout execution failed, reason=the model stream execute failed[FUNC:FuncErrorReason][FILE:error_message_manage.cc][LINE:65]
(Worker_DP3_TP0_EP6 pid=233532) ERROR 07-27 15:49:06 [multiproc_executor.py:1007]         TraceBack (most recent call last):
(Worker_DP3_TP0_EP6 pid=233532) ERROR 07-27 15:49:06 [multiproc_executor.py:1007]        synchronize stream with timeout failed, runtime result = 507011[FUNC:ReportCallError][FILE:log_inner.cpp][LINE:148]
(Worker_DP3_TP0_EP6 pid=233532) ERROR 07-27 15:49:06 [multiproc_executor.py:1007] 
(Worker_DP3_TP0_EP6 pid=233532) ERROR 07-27 15:49:06 [multiproc_executor.py:1007] Traceback (most recent call last):
(Worker_DP3_TP0_EP6 pid=233532) ERROR 07-27 15:49:06 [multiproc_executor.py:1007]   File "/home/l00838859/cann/my-project/vllm/vllm/v1/executor/multiproc_executor.py", line 999, in worker_busy_loop
(Worker_DP3_TP0_EP6 pid=233532) ERROR 07-27 15:49:06 [multiproc_executor.py:1007]     output = func(*args, **kwargs)
(Worker_DP3_TP0_EP6 pid=233532) ERROR 07-27 15:49:06 [multiproc_executor.py:1007]              ^^^^^^^^^^^^^^^^^^^^^
(Worker_DP3_TP0_EP6 pid=233532) ERROR 07-27 15:49:06 [multiproc_executor.py:1007]   File "/home/l00838859/cann/my-project/vllm/vllm/v1/worker/worker_base.py", line 351, in execute_model
(Worker_DP3_TP0_EP6 pid=233532) ERROR 07-27 15:49:06 [multiproc_executor.py:1007]     return self.worker.execute_model(scheduler_output)
(Worker_DP3_TP0_EP6 pid=233532) ERROR 07-27 15:49:06 [multiproc_executor.py:1007]            ^^^^^^^^^^^^^^^^^^^^^^^^^^^^^^^^^^^^^^^^^^^
(Worker_DP3_TP0_EP6 pid=233532) ERROR 07-27 15:49:06 [multiproc_executor.py:1007]   File "/home/l00838859/cann/my-project/vllm-ascend/vllm_ascend/worker/worker.py", line 685, in execute_model
(Worker_DP3_TP0_EP6 pid=233532) ERROR 07-27 15:49:06 [multiproc_executor.py:1007]     output = self.model_runner.execute_model(scheduler_output, intermediate_tensors)
(Worker_DP3_TP0_EP6 pid=233532) ERROR 07-27 15:49:06 [multiproc_executor.py:1007]              ^^^^^^^^^^^^^^^^^^^^^^^^^^^^^^^^^^^^^^^^^^^^^^^^^^^^^^^^^^^^^^^^^^^^^^^
(Worker_DP3_TP0_EP6 pid=233532) ERROR 07-27 15:49:06 [multiproc_executor.py:1007]   File "/usr/local/lib/python3.11/site-packages/torch/utils/_contextlib.py", line 124, in decorate_context
(Worker_DP3_TP0_EP6 pid=233532) ERROR 07-27 15:49:06 [multiproc_executor.py:1007]     return func(*args, **kwargs)
(Worker_DP3_TP0_EP6 pid=233532) ERROR 07-27 15:49:06 [multiproc_executor.py:1007]            ^^^^^^^^^^^^^^^^^^^^^
(Worker_DP3_TP0_EP6 pid=233532) ERROR 07-27 15:49:06 [multiproc_executor.py:1007]   File "/home/l00838859/cann/my-project/vllm-ascend/vllm_ascend/worker/model_runner_v1.py", line 2346, in execute_model
(Worker_DP3_TP0_EP6 pid=233532) ERROR 07-27 15:49:06 [multiproc_executor.py:1007]     hidden_states = self._model_forward(
(Worker_DP3_TP0_EP6 pid=233532) ERROR 07-27 15:49:06 [multiproc_executor.py:1007]                     ^^^^^^^^^^^^^^^^^^^^
(Worker_DP3_TP0_EP6 pid=233532) ERROR 07-27 15:49:06 [multiproc_executor.py:1007]   File "/home/l00838859/cann/my-project/vllm-ascend/vllm_ascend/worker/model_runner_v1.py", line 2915, in _model_forward
(Worker_DP3_TP0_EP6 pid=233532) ERROR 07-27 15:49:06 [multiproc_executor.py:1007]     hidden_states = run_model()
(Worker_DP3_TP0_EP6 pid=233532) ERROR 07-27 15:49:06 [multiproc_executor.py:1007]                     ^^^^^^^^^^^
(Worker_DP3_TP0_EP6 pid=233532) ERROR 07-27 15:49:06 [multiproc_executor.py:1007]   File "/home/l00838859/cann/my-project/vllm-ascend/vllm_ascend/compilation/acl_graph.py", line 281, in __call__
(Worker_DP3_TP0_EP6 pid=233532) ERROR 07-27 15:49:06 [multiproc_executor.py:1007]     torch.npu.current_stream().synchronize()
(Worker_DP3_TP0_EP6 pid=233532) ERROR 07-27 15:49:06 [multiproc_executor.py:1007]   File "/usr/local/lib/python3.11/site-packages/torch_npu/npu/streams.py", line 85, in synchronize
(Worker_DP3_TP0_EP6 pid=233532) ERROR 07-27 15:49:06 [multiproc_executor.py:1007]     super(Stream, self).synchronize()
(Worker_DP3_TP0_EP6 pid=233532) ERROR 07-27 15:49:06 [multiproc_executor.py:1007] RuntimeError: synchronize:../torch_npu/csrc/core/npu/NPUStream.cpp:361 NPU function error: c10_npu::acl::AclrtSynchronizeStreamWithTimeout(stream()), error code is 507011
(Worker_DP3_TP0_EP6 pid=233532) ERROR 07-27 15:49:06 [multiproc_executor.py:1007] [ERROR] 2026-07-27-15:49:06 (PID:233532, Device:6, RankID:-1) ERR00100 PTA call acl api failed
(Worker_DP3_TP0_EP6 pid=233532) ERROR 07-27 15:49:06 [multiproc_executor.py:1007] [Error]: Model execution failed. 
(Worker_DP3_TP0_EP6 pid=233532) ERROR 07-27 15:49:06 [multiproc_executor.py:1007]         Rectify the fault based on the error information in the ascend log.
(Worker_DP3_TP0_EP6 pid=233532) ERROR 07-27 15:49:06 [multiproc_executor.py:1007] EE9999: Inner Error!
(Worker_DP3_TP0_EP6 pid=233532) ERROR 07-27 15:49:06 [multiproc_executor.py:1007] EE9999[PID: 233532] 2026-07-27-15:49:06.469.986 (EE9999):  rtStreamSynchronizeWithTimeout execution failed, reason=the model stream execute failed[FUNC:FuncErrorReason][FILE:error_message_manage.cc][LINE:65]
(Worker_DP3_TP0_EP6 pid=233532) ERROR 07-27 15:49:06 [multiproc_executor.py:1007]         TraceBack (most recent call last):
(Worker_DP3_TP0_EP6 pid=233532) ERROR 07-27 15:49:06 [multiproc_executor.py:1007]        synchronize stream with timeout failed, runtime result = 507011[FUNC:ReportCallError][FILE:log_inner.cpp][LINE:148]
(Worker_DP3_TP0_EP6 pid=233532) ERROR 07-27 15:49:06 [multiproc_executor.py:1007] 
(Worker_DP3_TP0_EP6 pid=233532) ERROR 07-27 15:49:06 [multiproc_executor.py:1007] 
(EngineCore_DP3 pid=233093) ERROR 07-27 15:49:06 [dump_input.py:72] Dumping input data for V1 LLM engine (v0.1.dev18654+g54503ecec) with config: model='/mnt/weights/DeepSeek-V3.1-Terminus-w8a8-QuaRot-lfs', speculative_config=SpeculativeConfig(method='mtp', model='/mnt/weights/DeepSeek-V3.1-Terminus-w8a8-QuaRot-lfs', num_spec_tokens=2), tokenizer='/mnt/weights/DeepSeek-V3.1-Terminus-w8a8-QuaRot-lfs', skip_tokenizer_init=False, tokenizer_mode=auto, revision=None, tokenizer_revision=None, trust_remote_code=True, dtype=torch.bfloat16, max_seq_len=4096, download_dir=None, load_format=auto, tensor_parallel_size=2, pipeline_parallel_size=1, data_parallel_size=8, decode_context_parallel_size=1, dcp_comm_backend=ag_rs, disable_custom_all_reduce=True, quantization=ascend, quantization_config=None, enforce_eager=False, enable_return_routed_experts=False, kv_cache_dtype=auto, device_config=npu, structured_outputs_config=StructuredOutputsConfig(backend='auto', disable_any_whitespace=False, disable_additional_properties=False, reasoning_parser='', reasoning_parser_plugin='', enable_in_reasoning=False), observability_config=ObservabilityConfig(show_hidden_metrics_for_version=None, otlp_traces_endpoint=None, collect_detailed_traces=None, kv_cache_metrics=False, kv_cache_metrics_sample=0.01, cudagraph_metrics=False, enable_layerwise_nvtx_tracing=False, enable_mfu_metrics=False, enable_mm_processor_stats=False, enable_logging_iteration_details=False, jit_monitor_mode='warn', jit_monitor_verbose=False), seed=1024, served_model_name=/mnt/weights/DeepSeek-V3.1-Terminus-w8a8-QuaRot-lfs, enable_prefix_caching=False, enable_chunked_prefill=True, pooler_config=None, compilation_config={'mode': <CompilationMode.VLLM_COMPILE: 3>, 'debug_dump_path': PosixPath('/home/l00838859/cann/vllm-runner/fx-graph'), 'cache_dir': '', 'compile_cache_save_format': 'binary', 'backend': 'vllm_ascend.compilation.compiler_interface.AscendCompiler', 'custom_ops': ['all'], 'ir_enable_torch_wrap': False, 'splitting_ops': [], 'compile_mm_encoder': False, 'cudagraph_mm_encoder': False, 'encoder_cudagraph_token_budgets': [], 'encoder_cudagraph_max_vision_items_per_batch': 0, 'encoder_cudagraph_max_frames_per_batch': None, 'compile_sizes': [], 'compile_ranges_endpoints': [256], 'inductor_compile_config': {'enable_auto_functionalized_v2': False, 'size_asserts': False, 'alignment_asserts': False, 'scalar_asserts': False, 'combo_kernels': True, 'benchmark_combo_kernel': True}, 'inductor_passes': {}, 'cudagraph_mode': <CUDAGraphMode.FULL_DECODE_ONLY: (2, 0)>, 'cudagraph_num_of_warmups': 1, 'cudagraph_capture_sizes': [3, 48], 'cudagraph_copy_inputs': False, 'cudagraph_specialize_lora': True, 'use_inductor_graph_partition': False, 'pass_config': {'fuse_norm_quant': True, 'fuse_act_quant': True, 'fuse_attn_quant': False, 'enable_sp': False, 'fuse_gemm_comms': False, 'fuse_allreduce_rms': False, 'fuse_rope_kvcache_cat_mla': False, 'fuse_act_padding': False}, 'max_cudagraph_capture_size': 48, 'dynamic_shapes_config': {'type': <DynamicShapesType.BACKED: 'backed'>, 'evaluate_guards': False, 'assume_32_bit_indexing': False}, 'local_cache_dir': None, 'fast_moe_cold_start': False, 'static_all_moe_layers': []}, kernel_config=KernelConfig(ir_op_priority=IrOpPriorityConfig(rms_norm=['native'], fused_add_rms_norm=['native']), enable_flashinfer_autotune=True, enable_cutedsl_warmup=True, moe_backend='auto', linear_backend='auto'), 
(EngineCore_DP3 pid=233093) ERROR 07-27 15:49:06 [dump_input.py:79] Dumping scheduler output for model execution: SchedulerOutput(scheduled_new_reqs=[], scheduled_cached_reqs=CachedRequestData(req_ids=['0-8b472201'],resumed_req_ids=set(),new_token_ids_lens=[],all_token_ids_lens={},new_block_ids=[None],num_computed_tokens=[2],num_output_tokens=[1]), num_scheduled_tokens={0-8b472201: 3}, total_num_scheduled_tokens=3, scheduled_spec_decode_tokens={0-8b472201: [-1, -1]}, scheduled_encoder_inputs={}, num_common_prefix_blocks=[0], finished_req_ids=[], free_encoder_mm_hashes=[], preempted_req_ids=[], has_structured_output_requests=false, pending_structured_output_tokens=false, num_invalid_spec_tokens=null, kv_connector_metadata=null, ec_connector_metadata=null, new_block_ids_to_zero=null, num_spec_tokens_to_schedule=2)
(EngineCore_DP3 pid=233093) ERROR 07-27 15:49:06 [dump_input.py:81] Dumping scheduler stats: SchedulerStats(num_running_reqs=1, num_waiting_reqs=0, num_skipped_waiting_reqs=0, step_counter=0, current_wave=0, kv_cache_usage=0.016393442622950838, prefix_cache_stats=PrefixCacheStats(reset=False, requests=0, queries=0, hits=0, preempted_requests=0, preempted_queries=0, preempted_hits=0), connector_prefix_cache_stats=None, kv_cache_eviction_events=[], spec_decoding_stats=None, kv_connector_stats=None, waiting_lora_adapters={}, running_lora_adapters={}, cudagraph_stats=None, perf_stats=None)
(EngineCore_DP1 pid=233102) INFO 07-27 15:49:06 [multiproc_executor.py:429] [shutdown] Executor: waiting for worker exit count=2
(EngineCore_DP5 pid=233094) INFO 07-27 15:49:06 [multiproc_executor.py:429] [shutdown] Executor: waiting for worker exit count=2
(Worker_DP5_TP0_EP10 pid=233528) INFO 07-27 15:49:06 [multiproc_executor.py:793] Parent process exited, terminating worker queues
(Worker_DP1_TP0_EP2 pid=233533) INFO 07-27 15:49:06 [multiproc_executor.py:793] Parent process exited, terminating worker queues
(EngineCore_DP3 pid=233093) ERROR 07-27 15:49:06 [core.py:1233] EngineCore encountered a fatal error.
(EngineCore_DP3 pid=233093) ERROR 07-27 15:49:06 [core.py:1233] Traceback (most recent call last):
(EngineCore_DP3 pid=233093) ERROR 07-27 15:49:06 [core.py:1233]   File "/home/l00838859/cann/my-project/vllm/vllm/v1/engine/core.py", line 1224, in run_engine_core
(EngineCore_DP3 pid=233093) ERROR 07-27 15:49:06 [core.py:1233]     engine_core.run_busy_loop()
(EngineCore_DP3 pid=233093) ERROR 07-27 15:49:06 [core.py:1233]   File "/home/l00838859/cann/my-project/vllm/vllm/v1/engine/core.py", line 1943, in run_busy_loop
(EngineCore_DP3 pid=233093) ERROR 07-27 15:49:06 [core.py:1233]     executed = self._process_engine_step()
(EngineCore_DP3 pid=233093) ERROR 07-27 15:49:06 [core.py:1233]                ^^^^^^^^^^^^^^^^^^^^^^^^^^^
(EngineCore_DP3 pid=233093) ERROR 07-27 15:49:06 [core.py:1233]   File "/home/l00838859/cann/my-project/vllm/vllm/v1/engine/core.py", line 1304, in _process_engine_step
(EngineCore_DP3 pid=233093) ERROR 07-27 15:49:06 [core.py:1233]     outputs, model_executed = self.step_fn()
(EngineCore_DP3 pid=233093) ERROR 07-27 15:49:06 [core.py:1233]                               ^^^^^^^^^^^^^^
(EngineCore_DP3 pid=233093) ERROR 07-27 15:49:06 [core.py:1233]   File "/home/l00838859/cann/my-project/vllm/vllm/v1/engine/core.py", line 595, in step_with_batch_queue
(EngineCore_DP3 pid=233093) ERROR 07-27 15:49:06 [core.py:1233]     model_output = future.result()
(EngineCore_DP3 pid=233093) ERROR 07-27 15:49:06 [core.py:1233]                    ^^^^^^^^^^^^^^^
(EngineCore_DP3 pid=233093) ERROR 07-27 15:49:06 [core.py:1233]   File "/home/l00838859/cann/my-project/vllm/vllm/v1/executor/multiproc_executor.py", line 91, in result
(EngineCore_DP3 pid=233093) ERROR 07-27 15:49:06 [core.py:1233]     return super().result()
(EngineCore_DP3 pid=233093) ERROR 07-27 15:49:06 [core.py:1233]            ^^^^^^^^^^^^^^^^
(EngineCore_DP3 pid=233093) ERROR 07-27 15:49:06 [core.py:1233]   File "/usr/local/lib/python3.11/concurrent/futures/_base.py", line 449, in result
(EngineCore_DP3 pid=233093) ERROR 07-27 15:49:06 [core.py:1233]     return self.__get_result()
(EngineCore_DP3 pid=233093) ERROR 07-27 15:49:06 [core.py:1233]            ^^^^^^^^^^^^^^^^^^^
(EngineCore_DP3 pid=233093) ERROR 07-27 15:49:06 [core.py:1233]   File "/usr/local/lib/python3.11/concurrent/futures/_base.py", line 401, in __get_result
(EngineCore_DP3 pid=233093) ERROR 07-27 15:49:06 [core.py:1233]     raise self._exception
(EngineCore_DP3 pid=233093) ERROR 07-27 15:49:06 [core.py:1233]   File "/home/l00838859/cann/my-project/vllm/vllm/v1/executor/multiproc_executor.py", line 95, in _wait_for_response
(EngineCore_DP3 pid=233093) ERROR 07-27 15:49:06 [core.py:1233]     response = self.aggregate(self.get_response())
(EngineCore_DP3 pid=233093) ERROR 07-27 15:49:06 [core.py:1233]                               ^^^^^^^^^^^^^^^^^^^
(EngineCore_DP3 pid=233093) ERROR 07-27 15:49:06 [core.py:1233]   File "/home/l00838859/cann/my-project/vllm/vllm/v1/executor/multiproc_executor.py", line 394, in get_response
(EngineCore_DP3 pid=233093) ERROR 07-27 15:49:06 [core.py:1233]     raise RuntimeError(
(EngineCore_DP3 pid=233093) ERROR 07-27 15:49:06 [core.py:1233] RuntimeError: Worker failed with error 'synchronize:../torch_npu/csrc/core/npu/NPUEvent.cpp:212 NPU function error: aclrtSynchronizeEvent(event_), error code is 507011
(EngineCore_DP3 pid=233093) ERROR 07-27 15:49:06 [core.py:1233] [ERROR] 2026-07-27-15:49:06 (PID:233532, Device:6, RankID:-1) ERR00100 PTA call acl api failed
(EngineCore_DP3 pid=233093) ERROR 07-27 15:49:06 [core.py:1233] [Error]: Model execution failed. 
(EngineCore_DP3 pid=233093) ERROR 07-27 15:49:06 [core.py:1233]         Rectify the fault based on the error information in the ascend log.
(EngineCore_DP3 pid=233093) ERROR 07-27 15:49:06 [core.py:1233] [PID: 233532] 2026-07-27-15:49:06.469.812 Execution_Error_SDMA(EI0012): SDMA memory copy task exception occurred. Remote rank: [0]. Base information: [streamID:[85], taskID[1], taskType[Task AIV], tag[], AlgType(level 0-1-2):[ring-ring-ring].]. Task information: [cmdType:[6], tag:[1], size:[688128], numBlocks:[8], rankSize:[2], aivRdmaStep:[-1], flagMem:[0x130f61a00000], isOpbase:[0]
(EngineCore_DP3 pid=233093) ERROR 07-27 15:49:06 [core.py:1233] there are 6 abnormal device(s), only the first 3 devices are listed:
(EngineCore_DP3 pid=233093) ERROR 07-27 15:49:06 [core.py:1233] 	[TaskExecStage][HeartbeatAbnormal]Cluster Exception Location[IP/ID]:[10.10.1.44/15], Arrival Time:[Mon Jul 27 15:47:17 2026], ExceptionType:[Stuck Occurred], Possible Reason:1.Host process is stuck, 2.Device task is stuck
(EngineCore_DP3 pid=233093) ERROR 07-27 15:49:06 [core.py:1233] 	[TaskExecStage][HeartbeatAbnormal]Cluster Exception Location[IP/ID]:[10.10.1.44/7], Arrival Time:[Mon Jul 27 15:47:17 2026], ExceptionType:[Stuck Occurred], Possible Reason:1.Host process is stuck, 2.Device task is stuck
(EngineCore_DP3 pid=233093) ERROR 07-27 15:49:06 [core.py:1233] 	[TaskExecStage][HeartbeatAbnormal]Cluster Exception Location[IP/ID]:[10.10.1.44/6], Arrival Time:[Mon Jul 27 15:47:17 2026], ExceptionType:[Stuck Occurred], Possible Reason:1.Host process is stuck, 2.Device task is stuck
(EngineCore_DP3 pid=233093) ERROR 07-27 15:49:06 [core.py:1233] ]. Communicator information: [].
(EngineCore_DP3 pid=233093) ERROR 07-27 15:49:06 [core.py:1233]         Possible Cause: 1. Network connection exception occurred during the SDMA task execution. 2. The peer process exits abnormally. 3. The input or output memory address is not allocated, the actual allocated size is smaller than the input data size, or the memory is freed before the operator execution is complete.
(EngineCore_DP3 pid=233093) ERROR 07-27 15:49:06 [core.py:1233]         Solution: 1. Check whether the network link is abnormal during the execution. 2. Check whether a process in the cluster exits before an error is reported. If yes, locate the cause of the process exit. 3. Check whether the size of the input/output memory passed to the communication operator meets the expectation, and whether the input/output memory or communicator is freed or destroyed before the operator execution is complete.
(EngineCore_DP3 pid=233093) ERROR 07-27 15:49:06 [core.py:1233]         TraceBack (most recent call last):
(EngineCore_DP3 pid=233093) ERROR 07-27 15:49:06 [core.py:1233]         The error from device(chipId:3, dieId:0), serial number is 14, there is an exception of aivec error, core id is 15, error code = 0, dump info: pc start: 0x12c0de87ba0c, current: 0x12c0de89db44, vec error info: 0xad00000cfe, mte error info: 0xf603066c70, ifu error info: 0x217ffbe014040, ccu error info: 0xf1b9b4276880003f, cube error info: 0, biu error info: 0, aic error mask: 0x6500020bd00028c, para base: 0x12c140219000.[FUNC:PrintCoreInfo][FILE:device_error_core_proc.cc][LINE:645]
(EngineCore_DP3 pid=233093) ERROR 07-27 15:49:06 [core.py:1233]         The extend info: errcode:(0, 0, 0) errorStr: timeout or trap error. fixp_error0 info: 0x3066c70, fixp_error1 info: 0xf6, fsmId:0, tslot:5, thread:0, ctxid:0, blk:5, sublk:0, subErrType:4.[FUNC:PrintCoreInfo][FILE:device_error_core_proc.cc][LINE:658]
(EngineCore_DP3 pid=233093) ERROR 07-27 15:49:06 [core.py:1233]         The error from device(chipId:3, dieId:0), serial number is 14, there is an exception of aivec error, core id is 10, error code = 0, dump info: pc start: 0x12c0de87ba0c, current: 0x12c0de884c80, vec error info: 0xad00000cfe, mte error info: 0xf603083c70, ifu error info: 0x217ffbe014040, ccu error info: 0xe3670bc6880003f, cube error info: 0, biu error info: 0, aic error mask: 0x6500020bd00028c, para base: 0x12c140219000.[FUNC:PrintCoreInfo][FILE:device_error_core_proc.cc][LINE:645]
(EngineCore_DP3 pid=233093) ERROR 07-27 15:49:06 [core.py:1233]         The extend info: errcode:(0, 0, 0) errorStr: timeout or trap error. fixp_error0 info: 0x3083c70, fixp_error1 info: 0xf6, fsmId:1, tslot:5, thread:0, ctxid:0, blk:0, sublk:0, subErrType:4.[FUNC:PrintCoreInfo][FILE:device_error_core_proc.cc][LINE:658]
(EngineCore_DP3 pid=233093) ERROR 07-27 15:49:06 [core.py:1233]         The error from device(chipId:3, dieId:0), serial number is 14, there is an exception of aivec error, core id is 11, error code = 0, dump info: pc start: 0x12c0de87ba0c, current: 0x12c0de89db44, vec error info: 0xad00000cfe, mte error info: 0xf603065c70, ifu error info: 0x217ffbe014040, ccu error info: 0x8ff218196880003f, cube error info: 0, biu error info: 0, aic error mask: 0x6500020bd00028c, para base: 0x12c140219000.[FUNC:PrintCoreInfo][FILE:device_error_core_proc.cc][LINE:645]
(EngineCore_DP3 pid=233093) ERROR 07-27 15:49:06 [core.py:1233]         The extend info: errcode:(0, 0, 0) errorStr: timeout or trap error. fixp_error0 info: 0x3065c70, fixp_error1 info: 0xf6, fsmId:1, tslot:5, thread:0, ctxid:0, blk:1, sublk:0, subErrType:4.[FUNC:PrintCoreInfo][FILE:device_error_core_proc.cc][LINE:658]
(EngineCore_DP3 pid=233093) ERROR 07-27 15:49:06 [core.py:1233]         The error from device(chipId:3, dieId:0), serial number is 14, there is an exception of aivec error, core id is 12, error code = 0, dump info: pc start: 0x12c0de87ba0c, current: 0x12c0de89db38, vec error info: 0xad00000cfe, mte error info: 0xf603064c70, ifu error info: 0x20001bdc5ce00, ccu error info: 0x33ed963c6880003f, cube error info: 0, biu error info: 0, aic error mask: 0x6500020bd00028c, para base: 0x12c140219000.[FUNC:PrintCoreInfo][FILE:device_error_core_proc.cc][LINE:645]
(EngineCore_DP3 pid=233093) ERROR 07-27 15:49:06 [core.py:1233]         The extend info: errcode:(0, 0, 0) errorStr: timeout or trap error. fixp_error0 info: 0x3064c70, fixp_error1 info: 0xf6, fsmId:1, tslot:5, thread:0, ctxid:0, blk:2, sublk:0, subErrType:4.[FUNC:PrintCoreInfo][FILE:device_error_core_proc.cc][LINE:658]
(EngineCore_DP3 pid=233093) ERROR 07-27 15:49:06 [core.py:1233]         The error from device(chipId:3, dieId:0), serial number is 14, there is an exception of aivec error, core id is 13, error code = 0, dump info: pc start: 0x12c0de87ba0c, current: 0x12c0de89db44, vec error info: 0xad00000cfe, mte error info: 0xf603066c70, ifu error info: 0x2fffffe500000, ccu error info: 0x50a070286880003f, cube error info: 0, biu error info: 0, aic error mask: 0x6500020bd00028c, para base: 0x12c140219000.[FUNC:PrintCoreInfo][FILE:device_error_core_proc.cc][LINE:645]
(EngineCore_DP3 pid=233093) ERROR 07-27 15:49:06 [core.py:1233]         The extend info: errcode:(0, 0, 0) errorStr: timeout or trap error. fixp_error0 info: 0x3066c70, fixp_error1 info: 0xf6, fsmId:1, tslot:5, thread:0, ctxid:0, blk:3, sublk:0, subErrType:4.[FUNC:PrintCoreInfo][FILE:device_error_core_proc.cc][LINE:658]
(EngineCore_DP3 pid=233093) ERROR 07-27 15:49:06 [core.py:1233]         The error from device(chipId:3, dieId:0), serial number is 14, there is an exception of aivec error, core id is 14, error code = 0, dump info: pc start: 0x12c0de87ba0c, current: 0x12c0de89db44, vec error info: 0xad00000cfe, mte error info: 0xf603076c70, ifu error info: 0x2fffffe600000, ccu error info: 0xfded1e296880003f, cube error info: 0, biu error info: 0, aic error mask: 0x6500020bd00028c, para base: 0x12c140219000.[FUNC:PrintCoreInfo][FILE:device_error_core_proc.cc][LINE:645]
(EngineCore_DP3 pid=233093) ERROR 07-27 15:49:06 [core.py:1233]         The extend info: errcode:(0, 0, 0) errorStr: timeout or trap error. fixp_error0 info: 0x3076c70, fixp_error1 info: 0xf6, fsmId:1, tslot:5, thread:0, ctxid:0, blk:4, sublk:0, subErrType:4.[FUNC:PrintCoreInfo][FILE:device_error_core_proc.cc][LINE:658]
(EngineCore_DP3 pid=233093) ERROR 07-27 15:49:06 [core.py:1233]         The error from device(chipId:3, dieId:0), serial number is 14, there is an exception of aivec error, core id is 16, error code = 0, dump info: pc start: 0x12c0de87ba0c, current: 0x12c0de89db44, vec error info: 0xad00000cfe, mte error info: 0xf603064c70, ifu error info: 0x217ffbe014040, ccu error info: 0xf97932916880003f, cube error info: 0, biu error info: 0, aic error mask: 0x6500020bd00028c, para base: 0x12c140219000.[FUNC:PrintCoreInfo][FILE:device_error_core_proc.cc][LINE:645]
(EngineCore_DP3 pid=233093) ERROR 07-27 15:49:06 [core.py:1233]         The extend info: errcode:(0, 0, 0) errorStr: timeout or trap error. fixp_error0 info: 0x3064c70, fixp_error1 info: 0xf6, fsmId:1, tslot:5, thread:0, ctxid:0, blk:6, sublk:0, subErrType:4.[FUNC:PrintCoreInfo][FILE:device_error_core_proc.cc][LINE:658]
(EngineCore_DP3 pid=233093) ERROR 07-27 15:49:06 [core.py:1233]         The error from device(chipId:3, dieId:0), serial number is 14, there is an exception of aivec error, core id is 17, error code = 0, dump info: pc start: 0x12c0de87ba0c, current: 0x12c0de89db4c, vec error info: 0xad00000cfe, mte error info: 0xf603064c70, ifu error info: 0x217ffbe014040, ccu error info: 0x929893ff6880003f, cube error info: 0, biu error info: 0, aic error mask: 0x6500020bd00028c, para base: 0x12c140219000.[FUNC:PrintCoreInfo][FILE:device_error_core_proc.cc][LINE:645]
(EngineCore_DP3 pid=233093) ERROR 07-27 15:49:06 [core.py:1233]         The extend info: errcode:(0, 0, 0) errorStr: timeout or trap error. fixp_error0 info: 0x3064c70, fixp_error1 info: 0xf6, fsmId:1, tslot:5, thread:0, ctxid:0, blk:7, sublk:0, subErrType:4.[FUNC:PrintCoreInfo][FILE:device_error_core_proc.cc][LINE:658]
(EngineCore_DP3 pid=233093) ERROR 07-27 15:49:06 [core.py:1233]         SDMA memory copy task exception occurred. Remote rank: [0]. Base information: [streamID:[85], taskID[1], taskType[Task AIV], tag[], AlgType(level 0-1-2):[ring-ring-ring].]. Task information: [cmdType:[6], tag:[1], size:[688128], numBlocks:[8], rankSize:[2], aivRdmaStep:[-1], flagMem:[0x130f61a00000], isOpbase:[0]
(EngineCore_DP3 pid=233093) ERROR 07-27 15:49:06 [core.py:1233] there are 6 abnormal device(s), only the first 3 devices are listed:
(EngineCore_DP3 pid=233093) ERROR 07-27 15:49:06 [core.py:1233] 	[TaskExecStage][HeartbeatAbnormal]Cluster Exception Location[IP/ID]:[10.10.1.44/15], Arrival Time:[Mon Jul 27 15:47:17 2026], ExceptionType:[Stuck Occurred], Possible Reason:1.Host process is stuck, 2.Device task is stuck
(EngineCore_DP3 pid=233093) ERROR 07-27 15:49:06 [core.py:1233] 	[TaskExecStage][HeartbeatAbnormal]Cluster Exception Location[IP/ID]:[10.10.1.44/7], Arrival Time:[Mon Jul 27 15:47:17 2026], ExceptionType:[Stuck Occurred], Possible Reason:1.Host process is stuck, 2.Device task is stuck
(EngineCore_DP3 pid=233093) ERROR 07-27 15:49:06 [core.py:1233] 	[TaskExecStage][HeartbeatAbnormal]Cluster Exception Location[IP/ID]:[10.10.1.44/6], Arrival Time:[Mon Jul 27 15:47:17 2026], ExceptionType:[Stuck Occurred], Possible Reason:1.Host process is stuck, 2.Device task is stuck
(EngineCore_DP3 pid=233093) ERROR 07-27 15:49:06 [core.py:1233] ]. Communicator information: [].
(EngineCore_DP3 pid=233093) ERROR 07-27 15:49:06 [core.py:1233]         rtEventSynchronize execution failed, reason=the model stream execute failed[FUNC:FuncErrorReason][FILE:error_message_manage.cc][LINE:65]
(EngineCore_DP3 pid=233093) ERROR 07-27 15:49:06 [core.py:1233]         wait event to be complete failed, runtime result = 507011[FUNC:ReportCallError][FILE:log_inner.cpp][LINE:148]
(EngineCore_DP3 pid=233093) ERROR 07-27 15:49:06 [core.py:1233] ', please check the stack trace above for the root cause
(Worker_DP3_TP0_EP6 pid=233532) INFO 07-27 15:49:06 [multiproc_executor.py:793] Parent process exited, terminating worker queues
(EngineCore_DP3 pid=233093) INFO 07-27 15:49:06 [multiproc_executor.py:429] [shutdown] Executor: waiting for worker exit count=2
(Worker_DP1_TP0_EP2 pid=233533) Process VllmWorker-0:
(Worker_DP1_TP0_EP2 pid=233533) Traceback (most recent call last):
(Worker_DP1_TP0_EP2 pid=233533)   File "/usr/local/lib/python3.11/multiprocessing/process.py", line 314, in _bootstrap
(Worker_DP1_TP0_EP2 pid=233533)     self.run()
(Worker_DP1_TP0_EP2 pid=233533)   File "/usr/local/lib/python3.11/multiprocessing/process.py", line 108, in run
(Worker_DP1_TP0_EP2 pid=233533)     self._target(*self._args, **self._kwargs)
(Worker_DP1_TP0_EP2 pid=233533)   File "/home/l00838859/cann/my-project/vllm/vllm/v1/executor/multiproc_executor.py", line 933, in worker_main
(Worker_DP1_TP0_EP2 pid=233533)     worker.shutdown()
(Worker_DP1_TP0_EP2 pid=233533)   File "/home/l00838859/cann/my-project/vllm/vllm/v1/executor/multiproc_executor.py", line 778, in shutdown
(Worker_DP1_TP0_EP2 pid=233533)     self.worker.shutdown()
(Worker_DP1_TP0_EP2 pid=233533)   File "/home/l00838859/cann/my-project/vllm/vllm/v1/worker/worker_base.py", line 220, in shutdown
(Worker_DP1_TP0_EP2 pid=233533)     self.worker.shutdown()
(Worker_DP1_TP0_EP2 pid=233533)   File "/home/l00838859/cann/my-project/vllm-ascend/vllm_ascend/worker/worker.py", line 387, in shutdown
(Worker_DP1_TP0_EP2 pid=233533)     shutdown_fn()
(Worker_DP1_TP0_EP2 pid=233533)   File "/home/l00838859/cann/my-project/vllm/vllm/v1/worker/gpu_model_runner.py", line 6447, in shutdown
(Worker_DP1_TP0_EP2 pid=233533)     self._cleanup_profiling_kv_cache()
(Worker_DP1_TP0_EP2 pid=233533)   File "/home/l00838859/cann/my-project/vllm/vllm/v1/worker/gpu_model_runner.py", line 6465, in _cleanup_profiling_kv_cache
(Worker_DP1_TP0_EP2 pid=233533)     torch.accelerator.synchronize()
(Worker_DP1_TP0_EP2 pid=233533)   File "/usr/local/lib/python3.11/site-packages/torch/accelerator/__init__.py", line 262, in synchronize
(Worker_DP1_TP0_EP2 pid=233533)     torch._C._accelerator_synchronizeDevice(device_index)
(Worker_DP1_TP0_EP2 pid=233533) RuntimeError: npuSynchronizeDevice:../torch_npu/csrc/core/npu/NPUStream.cpp:576 NPU function error: AclrtSynchronizeDeviceWithTimeout, error code is 507011
(Worker_DP1_TP0_EP2 pid=233533) [ERROR] 2026-07-27-15:49:06 (PID:233533, Device:2, RankID:-1) ERR00100 PTA call acl api failed
(Worker_DP1_TP0_EP2 pid=233533) [Error]: Model execution failed. 
(Worker_DP1_TP0_EP2 pid=233533)         Rectify the fault based on the error information in the ascend log.
(Worker_DP1_TP0_EP2 pid=233533) EE9999: Inner Error!
(Worker_DP1_TP0_EP2 pid=233533) EE9999[PID: 233533] 2026-07-27-15:49:06.485.641 (EE9999):  rtDeviceSynchronizeWithTimeout execution failed, reason=the model stream execute failed[FUNC:FuncErrorReason][FILE:error_message_manage.cc][LINE:65]
(Worker_DP1_TP0_EP2 pid=233533)         TraceBack (most recent call last):
(Worker_DP1_TP0_EP2 pid=233533)        wait for compute device to finish failed, runtime result = 507011.[FUNC:ReportCallError][FILE:log_inner.cpp][LINE:148]
(Worker_DP1_TP0_EP2 pid=233533) 
[rank2]:[W727 15:49:08.942852610 NPUStream.cpp:596] Warning: NPU warning, error code is 507011[Error]: 
[Error]: Model execution failed. 
        Rectify the fault based on the error information in the ascend log.
EE9999: Inner Error!
EE9999[PID: 233533] 2026-07-27-15:49:08.028.905 (EE9999):  rtDeviceSynchronizeWithTimeout execution failed, reason=the model stream execute failed[FUNC:FuncErrorReason][FILE:error_message_manage.cc][LINE:65]
        TraceBack (most recent call last):
       wait for compute device to finish failed, runtime result = 507011.[FUNC:ReportCallError][FILE:log_inner.cpp][LINE:148]
 (function npuSynchronizeUsedDevices)
[W727 15:49:08.953785490 NPUStream.cpp:578] Warning: NPU warning, error code is 507011[Error]: 
[Error]: Model execution failed. 
        Rectify the fault based on the error information in the ascend log.
EE9999: Inner Error!
EE9999[PID: 233533] 2026-07-27-15:49:08.040.046 (EE9999):  rtDeviceSynchronizeWithTimeout execution failed, reason=the model stream execute failed[FUNC:FuncErrorReason][FILE:error_message_manage.cc][LINE:65]
        TraceBack (most recent call last):
       wait for compute device to finish failed, runtime result = 507011.[FUNC:ReportCallError][FILE:log_inner.cpp][LINE:148]
 (function npuSynchronizeDevice)
[W727 15:49:08.954464790 NPUStream.cpp:578] Warning: NPU warning, error code is 507011[Error]: 
[Error]: Model execution failed. 
        Rectify the fault based on the error information in the ascend log.
EE9999: Inner Error!
EE9999[PID: 233533] 2026-07-27-15:49:08.040.815 (EE9999):  rtDeviceSynchronizeWithTimeout execution failed, reason=the model stream execute failed[FUNC:FuncErrorReason][FILE:error_message_manage.cc][LINE:65]
        TraceBack (most recent call last):
       wait for compute device to finish failed, runtime result = 507011.[FUNC:ReportCallError][FILE:log_inner.cpp][LINE:148]
 (function npuSynchronizeDevice)
[W727 15:49:08.958534420 NPUStream.cpp:578] Warning: NPU warning, error code is 507011[Error]: 
[Error]: Model execution failed. 
        Rectify the fault based on the error information in the ascend log.
EE9999: Inner Error!
EE9999[PID: 233533] 2026-07-27-15:49:08.044.884 (EE9999):  rtDeviceSynchronizeWithTimeout execution failed, reason=the model stream execute failed[FUNC:FuncErrorReason][FILE:error_message_manage.cc][LINE:65]
        TraceBack (most recent call last):
       wait for compute device to finish failed, runtime result = 507011.[FUNC:ReportCallError][FILE:log_inner.cpp][LINE:148]
 (function npuSynchronizeDevice)
[W727 15:49:08.970613840 NPUStream.cpp:578] Warning: NPU warning, error code is 507011[Error]: 
[Error]: Model execution failed. 
        Rectify the fault based on the error information in the ascend log.
EE9999: Inner Error!
EE9999[PID: 233533] 2026-07-27-15:49:08.056.740 (EE9999):  rtDeviceSynchronizeWithTimeout execution failed, reason=the model stream execute failed[FUNC:FuncErrorReason][FILE:error_message_manage.cc][LINE:65]
        TraceBack (most recent call last):
       wait for compute device to finish failed, runtime result = 507011.[FUNC:ReportCallError][FILE:log_inner.cpp][LINE:148]
 (function npuSynchronizeDevice)
[W727 15:49:08.978796310 NPUStream.cpp:578] Warning: NPU warning, error code is 507011[Error]: 
[Error]: Model execution failed. 
        Rectify the fault based on the error information in the ascend log.
EE9999: Inner Error!
EE9999[PID: 233533] 2026-07-27-15:49:08.064.786 (EE9999):  rtDeviceSynchronizeWithTimeout execution failed, reason=the model stream execute failed[FUNC:FuncErrorReason][FILE:error_message_manage.cc][LINE:65]
        TraceBack (most recent call last):
       wait for compute device to finish failed, runtime result = 507011.[FUNC:ReportCallError][FILE:log_inner.cpp][LINE:148]
 (function npuSynchronizeDevice)
[W727 15:49:08.980765410 NPUStream.cpp:578] Warning: NPU warning, error code is 507011[Error]: 
[Error]: Model execution failed. 
        Rectify the fault based on the error information in the ascend log.
EE9999: Inner Error!
EE9999[PID: 233533] 2026-07-27-15:49:08.067.066 (EE9999):  rtDeviceSynchronizeWithTimeout execution failed, reason=the model stream execute failed[FUNC:FuncErrorReason][FILE:error_message_manage.cc][LINE:65]
        TraceBack (most recent call last):
       wait for compute device to finish failed, runtime result = 507011.[FUNC:ReportCallError][FILE:log_inner.cpp][LINE:148]
 (function npuSynchronizeDevice)
(Worker_DP2_TP0_EP4 pid=233530) Process VllmWorker-0:
(Worker_DP2_TP0_EP4 pid=233530) Traceback (most recent call last):
(Worker_DP2_TP0_EP4 pid=233530)   File "/usr/local/lib/python3.11/multiprocessing/process.py", line 314, in _bootstrap
(Worker_DP2_TP0_EP4 pid=233530)     self.run()
(Worker_DP2_TP0_EP4 pid=233530)   File "/usr/local/lib/python3.11/multiprocessing/process.py", line 108, in run
(Worker_DP2_TP0_EP4 pid=233530)     self._target(*self._args, **self._kwargs)
(Worker_DP2_TP0_EP4 pid=233530)   File "/home/l00838859/cann/my-project/vllm/vllm/v1/executor/multiproc_executor.py", line 933, in worker_main
(Worker_DP2_TP0_EP4 pid=233530)     worker.shutdown()
(Worker_DP2_TP0_EP4 pid=233530)   File "/home/l00838859/cann/my-project/vllm/vllm/v1/executor/multiproc_executor.py", line 778, in shutdown
(Worker_DP2_TP0_EP4 pid=233530)     self.worker.shutdown()
(Worker_DP2_TP0_EP4 pid=233530)   File "/home/l00838859/cann/my-project/vllm/vllm/v1/worker/worker_base.py", line 220, in shutdown
(Worker_DP2_TP0_EP4 pid=233530)     self.worker.shutdown()
(Worker_DP2_TP0_EP4 pid=233530)   File "/home/l00838859/cann/my-project/vllm-ascend/vllm_ascend/worker/worker.py", line 387, in shutdown
(Worker_DP2_TP0_EP4 pid=233530)     shutdown_fn()
(Worker_DP2_TP0_EP4 pid=233530)   File "/home/l00838859/cann/my-project/vllm/vllm/v1/worker/gpu_model_runner.py", line 6447, in shutdown
(Worker_DP2_TP0_EP4 pid=233530)     self._cleanup_profiling_kv_cache()
(Worker_DP2_TP0_EP4 pid=233530)   File "/home/l00838859/cann/my-project/vllm/vllm/v1/worker/gpu_model_runner.py", line 6465, in _cleanup_profiling_kv_cache
(Worker_DP2_TP0_EP4 pid=233530)     torch.accelerator.synchronize()
(Worker_DP2_TP0_EP4 pid=233530)   File "/usr/local/lib/python3.11/site-packages/torch/accelerator/__init__.py", line 262, in synchronize
(Worker_DP2_TP0_EP4 pid=233530)     torch._C._accelerator_synchronizeDevice(device_index)
(Worker_DP2_TP0_EP4 pid=233530) RuntimeError: npuSynchronizeDevice:../torch_npu/csrc/core/npu/NPUStream.cpp:576 NPU function error: AclrtSynchronizeDeviceWithTimeout, error code is 507011
(Worker_DP2_TP0_EP4 pid=233530) [ERROR] 2026-07-27-15:49:06 (PID:233530, Device:4, RankID:-1) ERR00100 PTA call acl api failed
(Worker_DP2_TP0_EP4 pid=233530) [Error]: Model execution failed. 
(Worker_DP2_TP0_EP4 pid=233530)         Rectify the fault based on the error information in the ascend log.
(Worker_DP2_TP0_EP4 pid=233530) EE9999: Inner Error!
(Worker_DP2_TP0_EP4 pid=233530) EE9999[PID: 233530] 2026-07-27-15:49:06.475.276 (EE9999):  rtDeviceSynchronizeWithTimeout execution failed, reason=the model stream execute failed[FUNC:FuncErrorReason][FILE:error_message_manage.cc][LINE:65]
(Worker_DP2_TP0_EP4 pid=233530)         TraceBack (most recent call last):
(Worker_DP2_TP0_EP4 pid=233530)        wait for compute device to finish failed, runtime result = 507011.[FUNC:ReportCallError][FILE:log_inner.cpp][LINE:148]
(Worker_DP2_TP0_EP4 pid=233530) 
[rank4]:[W727 15:49:08.063025010 NPUStream.cpp:596] Warning: NPU warning, error code is 507011[Error]: 
[Error]: Model execution failed. 
        Rectify the fault based on the error information in the ascend log.
EE9999: Inner Error!
EE9999[PID: 233530] 2026-07-27-15:49:08.149.048 (EE9999):  rtDeviceSynchronizeWithTimeout execution failed, reason=the model stream execute failed[FUNC:FuncErrorReason][FILE:error_message_manage.cc][LINE:65]
        TraceBack (most recent call last):
       wait for compute device to finish failed, runtime result = 507011.[FUNC:ReportCallError][FILE:log_inner.cpp][LINE:148]
 (function npuSynchronizeUsedDevices)
[W727 15:49:08.076336670 NPUStream.cpp:578] Warning: NPU warning, error code is 507011[Error]: 
[Error]: Model execution failed. 
        Rectify the fault based on the error information in the ascend log.
EE9999: Inner Error!
EE9999[PID: 233530] 2026-07-27-15:49:08.162.470 (EE9999):  rtDeviceSynchronizeWithTimeout execution failed, reason=the model stream execute failed[FUNC:FuncErrorReason][FILE:error_message_manage.cc][LINE:65]
        TraceBack (most recent call last):
       wait for compute device to finish failed, runtime result = 507011.[FUNC:ReportCallError][FILE:log_inner.cpp][LINE:148]
 (function npuSynchronizeDevice)
[W727 15:49:08.077194790 NPUStream.cpp:578] Warning: NPU warning, error code is 507011[Error]: 
[Error]: Model execution failed. 
        Rectify the fault based on the error information in the ascend log.
EE9999: Inner Error!
EE9999[PID: 233530] 2026-07-27-15:49:08.163.468 (EE9999):  rtDeviceSynchronizeWithTimeout execution failed, reason=the model stream execute failed[FUNC:FuncErrorReason][FILE:error_message_manage.cc][LINE:65]
        TraceBack (most recent call last):
       wait for compute device to finish failed, runtime result = 507011.[FUNC:ReportCallError][FILE:log_inner.cpp][LINE:148]
 (function npuSynchronizeDevice)
[W727 15:49:08.081532960 NPUStream.cpp:578] Warning: NPU warning, error code is 507011[Error]: 
[Error]: Model execution failed. 
        Rectify the fault based on the error information in the ascend log.
EE9999: Inner Error!
EE9999[PID: 233530] 2026-07-27-15:49:08.167.791 (EE9999):  rtDeviceSynchronizeWithTimeout execution failed, reason=the model stream execute failed[FUNC:FuncErrorReason][FILE:error_message_manage.cc][LINE:65]
        TraceBack (most recent call last):
       wait for compute device to finish failed, runtime result = 507011.[FUNC:ReportCallError][FILE:log_inner.cpp][LINE:148]
 (function npuSynchronizeDevice)
[W727 15:49:08.093060380 NPUStream.cpp:578] Warning: NPU warning, error code is 507011[Error]: 
[Error]: Model execution failed. 
        Rectify the fault based on the error information in the ascend log.
EE9999: Inner Error!
EE9999[PID: 233530] 2026-07-27-15:49:08.179.309 (EE9999):  rtDeviceSynchronizeWithTimeout execution failed, reason=the model stream execute failed[FUNC:FuncErrorReason][FILE:error_message_manage.cc][LINE:65]
        TraceBack (most recent call last):
       wait for compute device to finish failed, runtime result = 507011.[FUNC:ReportCallError][FILE:log_inner.cpp][LINE:148]
 (function npuSynchronizeDevice)
[W727 15:49:08.100858610 NPUStream.cpp:578] Warning: NPU warning, error code is 507011[Error]: 
[Error]: Model execution failed. 
        Rectify the fault based on the error information in the ascend log.
EE9999: Inner Error!
EE9999[PID: 233530] 2026-07-27-15:49:08.187.107 (EE9999):  rtDeviceSynchronizeWithTimeout execution failed, reason=the model stream execute failed[FUNC:FuncErrorReason][FILE:error_message_manage.cc][LINE:65]
        TraceBack (most recent call last):
       wait for compute device to finish failed, runtime result = 507011.[FUNC:ReportCallError][FILE:log_inner.cpp][LINE:148]
 (function npuSynchronizeDevice)
[W727 15:49:08.102603370 NPUStream.cpp:578] Warning: NPU warning, error code is 507011[Error]: 
[Error]: Model execution failed. 
        Rectify the fault based on the error information in the ascend log.
EE9999: Inner Error!
EE9999[PID: 233530] 2026-07-27-15:49:08.188.886 (EE9999):  rtDeviceSynchronizeWithTimeout execution failed, reason=the model stream execute failed[FUNC:FuncErrorReason][FILE:error_message_manage.cc][LINE:65]
        TraceBack (most recent call last):
       wait for compute device to finish failed, runtime result = 507011.[FUNC:ReportCallError][FILE:log_inner.cpp][LINE:148]
 (function npuSynchronizeDevice)
(Worker_DP0_TP0_EP0 pid=233535) Process VllmWorker-0:
(Worker_DP5_TP1_EP11 pid=233897) Process VllmWorker-1:
(Worker_DP0_TP0_EP0 pid=233535) Traceback (most recent call last):
(Worker_DP0_TP0_EP0 pid=233535)   File "/usr/local/lib/python3.11/multiprocessing/process.py", line 314, in _bootstrap
(Worker_DP0_TP0_EP0 pid=233535)     self.run()
(Worker_DP0_TP0_EP0 pid=233535)   File "/usr/local/lib/python3.11/multiprocessing/process.py", line 108, in run
(Worker_DP0_TP0_EP0 pid=233535)     self._target(*self._args, **self._kwargs)
(Worker_DP0_TP0_EP0 pid=233535)   File "/home/l00838859/cann/my-project/vllm/vllm/v1/executor/multiproc_executor.py", line 933, in worker_main
(Worker_DP0_TP0_EP0 pid=233535)     worker.shutdown()
(Worker_DP0_TP0_EP0 pid=233535)   File "/home/l00838859/cann/my-project/vllm/vllm/v1/executor/multiproc_executor.py", line 778, in shutdown
(Worker_DP0_TP0_EP0 pid=233535)     self.worker.shutdown()
(Worker_DP0_TP0_EP0 pid=233535)   File "/home/l00838859/cann/my-project/vllm/vllm/v1/worker/worker_base.py", line 220, in shutdown
(Worker_DP0_TP0_EP0 pid=233535)     self.worker.shutdown()
(Worker_DP0_TP0_EP0 pid=233535)   File "/home/l00838859/cann/my-project/vllm-ascend/vllm_ascend/worker/worker.py", line 387, in shutdown
(Worker_DP0_TP0_EP0 pid=233535)     shutdown_fn()
(Worker_DP0_TP0_EP0 pid=233535)   File "/home/l00838859/cann/my-project/vllm/vllm/v1/worker/gpu_model_runner.py", line 6447, in shutdown
(Worker_DP0_TP0_EP0 pid=233535)     self._cleanup_profiling_kv_cache()
(Worker_DP0_TP0_EP0 pid=233535)   File "/home/l00838859/cann/my-project/vllm/vllm/v1/worker/gpu_model_runner.py", line 6465, in _cleanup_profiling_kv_cache
(Worker_DP0_TP0_EP0 pid=233535)     torch.accelerator.synchronize()
(Worker_DP0_TP0_EP0 pid=233535)   File "/usr/local/lib/python3.11/site-packages/torch/accelerator/__init__.py", line 262, in synchronize
(Worker_DP0_TP0_EP0 pid=233535)     torch._C._accelerator_synchronizeDevice(device_index)
(Worker_DP0_TP0_EP0 pid=233535) RuntimeError: npuSynchronizeDevice:../torch_npu/csrc/core/npu/NPUStream.cpp:576 NPU function error: AclrtSynchronizeDeviceWithTimeout, error code is 507011
(Worker_DP0_TP0_EP0 pid=233535) [ERROR] 2026-07-27-15:49:06 (PID:233535, Device:0, RankID:-1) ERR00100 PTA call acl api failed
(Worker_DP0_TP0_EP0 pid=233535) [Error]: Model execution failed. 
(Worker_DP0_TP0_EP0 pid=233535)         Rectify the fault based on the error information in the ascend log.
(Worker_DP0_TP0_EP0 pid=233535) EE9999: Inner Error!
(Worker_DP0_TP0_EP0 pid=233535) EE9999[PID: 233535] 2026-07-27-15:49:06.469.988 (EE9999):  rtDeviceSynchronizeWithTimeout execution failed, reason=the model stream execute failed[FUNC:FuncErrorReason][FILE:error_message_manage.cc][LINE:65]
(Worker_DP0_TP0_EP0 pid=233535)         TraceBack (most recent call last):
(Worker_DP0_TP0_EP0 pid=233535)        wait for compute device to finish failed, runtime result = 507011.[FUNC:ReportCallError][FILE:log_inner.cpp][LINE:148]
(Worker_DP0_TP0_EP0 pid=233535) 
[rank0]:[W727 15:49:08.153126640 NPUStream.cpp:596] Warning: NPU warning, error code is 507011[Error]: 
[Error]: Model execution failed. 
        Rectify the fault based on the error information in the ascend log.
EE9999: Inner Error!
EE9999[PID: 233535] 2026-07-27-15:49:08.239.239 (EE9999):  rtDeviceSynchronizeWithTimeout execution failed, reason=the model stream execute failed[FUNC:FuncErrorReason][FILE:error_message_manage.cc][LINE:65]
        TraceBack (most recent call last):
       wait for compute device to finish failed, runtime result = 507011.[FUNC:ReportCallError][FILE:log_inner.cpp][LINE:148]
 (function npuSynchronizeUsedDevices)
(Worker_DP5_TP1_EP11 pid=233897) Traceback (most recent call last):
(Worker_DP5_TP1_EP11 pid=233897)   File "/usr/local/lib/python3.11/multiprocessing/process.py", line 314, in _bootstrap
(Worker_DP5_TP1_EP11 pid=233897)     self.run()
(Worker_DP5_TP1_EP11 pid=233897)   File "/usr/local/lib/python3.11/multiprocessing/process.py", line 108, in run
(Worker_DP5_TP1_EP11 pid=233897)     self._target(*self._args, **self._kwargs)
(Worker_DP5_TP1_EP11 pid=233897)   File "/home/l00838859/cann/my-project/vllm/vllm/v1/executor/multiproc_executor.py", line 933, in worker_main
(Worker_DP5_TP1_EP11 pid=233897)     worker.shutdown()
(Worker_DP5_TP1_EP11 pid=233897)   File "/home/l00838859/cann/my-project/vllm/vllm/v1/executor/multiproc_executor.py", line 778, in shutdown
(Worker_DP5_TP1_EP11 pid=233897)     self.worker.shutdown()
(Worker_DP5_TP1_EP11 pid=233897)   File "/home/l00838859/cann/my-project/vllm/vllm/v1/worker/worker_base.py", line 220, in shutdown
(Worker_DP5_TP1_EP11 pid=233897)     self.worker.shutdown()
(Worker_DP5_TP1_EP11 pid=233897)   File "/home/l00838859/cann/my-project/vllm-ascend/vllm_ascend/worker/worker.py", line 387, in shutdown
(Worker_DP5_TP1_EP11 pid=233897)     shutdown_fn()
(Worker_DP5_TP1_EP11 pid=233897)   File "/home/l00838859/cann/my-project/vllm/vllm/v1/worker/gpu_model_runner.py", line 6447, in shutdown
(Worker_DP5_TP1_EP11 pid=233897)     self._cleanup_profiling_kv_cache()
(Worker_DP5_TP1_EP11 pid=233897)   File "/home/l00838859/cann/my-project/vllm/vllm/v1/worker/gpu_model_runner.py", line 6465, in _cleanup_profiling_kv_cache
(Worker_DP5_TP1_EP11 pid=233897)     torch.accelerator.synchronize()
(Worker_DP5_TP1_EP11 pid=233897)   File "/usr/local/lib/python3.11/site-packages/torch/accelerator/__init__.py", line 262, in synchronize
(Worker_DP5_TP1_EP11 pid=233897)     torch._C._accelerator_synchronizeDevice(device_index)
(Worker_DP5_TP1_EP11 pid=233897) RuntimeError: The Inner error is reported as above. The process exits for this inner error, and the current working event is 0xaaab4e3ac8d0.
(Worker_DP5_TP1_EP11 pid=233897) Since the operator is called asynchronously, the stacktrace may be inaccurate. If you want to get the accurate stacktrace, please set the environment variable ASCEND_LAUNCH_BLOCKING=1.
(Worker_DP5_TP1_EP11 pid=233897) Note: ASCEND_LAUNCH_BLOCKING=1 will force ops to run in synchronous mode, resulting in performance degradation. Please unset ASCEND_LAUNCH_BLOCKING in time after debugging.
(Worker_DP5_TP1_EP11 pid=233897) [ERROR] 2026-07-27-15:49:06 (PID:233897, Device:11, RankID:-1) ERR00100 PTA call acl api failed.
(Worker_DP5_TP1_EP11 pid=233897) EE9999: Inner Error!
(Worker_DP5_TP1_EP11 pid=233897) EE9999[PID: 233897] 2026-07-27-15:49:06.454.177 (EE9999):  Failed to submit record task, retCode=0x7150050.[FUNC:Record][FILE:event.cc][LINE:487]
(Worker_DP5_TP1_EP11 pid=233897)         TraceBack (most recent call last):
(Worker_DP5_TP1_EP11 pid=233897)        rtEventRecord execution failed, reason=the model stream execute failed[FUNC:FuncErrorReason][FILE:error_message_manage.cc][LINE:65]
(Worker_DP5_TP1_EP11 pid=233897)        record event failed, runtime result = 507011[FUNC:ReportCallError][FILE:log_inner.cpp][LINE:148]
(Worker_DP5_TP1_EP11 pid=233897) 
[rank11]:[W727 15:49:08.155292340 NPUStream.cpp:596] Warning: NPU warning, error code is 507011[Error]: 
[Error]: Model execution failed. 
        Rectify the fault based on the error information in the ascend log.
EE9999: Inner Error!
EE9999[PID: 233897] 2026-07-27-15:49:08.241.417 (EE9999):  rtDeviceSynchronizeWithTimeout execution failed, reason=the model stream execute failed[FUNC:FuncErrorReason][FILE:error_message_manage.cc][LINE:65]
        TraceBack (most recent call last):
       wait for compute device to finish failed, runtime result = 507011.[FUNC:ReportCallError][FILE:log_inner.cpp][LINE:148]
 (function npuSynchronizeUsedDevices)
(Worker_DP4_TP1_EP9 pid=233940) Process VllmWorker-1:
(Worker_DP4_TP1_EP9 pid=233940) Traceback (most recent call last):
(Worker_DP4_TP1_EP9 pid=233940)   File "/usr/local/lib/python3.11/multiprocessing/process.py", line 314, in _bootstrap
(Worker_DP4_TP1_EP9 pid=233940)     self.run()
(Worker_DP4_TP1_EP9 pid=233940)   File "/usr/local/lib/python3.11/multiprocessing/process.py", line 108, in run
(Worker_DP4_TP1_EP9 pid=233940)     self._target(*self._args, **self._kwargs)
(Worker_DP4_TP1_EP9 pid=233940)   File "/home/l00838859/cann/my-project/vllm/vllm/v1/executor/multiproc_executor.py", line 933, in worker_main
(Worker_DP4_TP1_EP9 pid=233940)     worker.shutdown()
(Worker_DP4_TP1_EP9 pid=233940)   File "/home/l00838859/cann/my-project/vllm/vllm/v1/executor/multiproc_executor.py", line 778, in shutdown
(Worker_DP4_TP1_EP9 pid=233940)     self.worker.shutdown()
(Worker_DP4_TP1_EP9 pid=233940)   File "/home/l00838859/cann/my-project/vllm/vllm/v1/worker/worker_base.py", line 220, in shutdown
(Worker_DP4_TP1_EP9 pid=233940)     self.worker.shutdown()
(Worker_DP4_TP1_EP9 pid=233940)   File "/home/l00838859/cann/my-project/vllm-ascend/vllm_ascend/worker/worker.py", line 387, in shutdown
(Worker_DP4_TP1_EP9 pid=233940)     shutdown_fn()
(Worker_DP4_TP1_EP9 pid=233940)   File "/home/l00838859/cann/my-project/vllm/vllm/v1/worker/gpu_model_runner.py", line 6447, in shutdown
(Worker_DP4_TP1_EP9 pid=233940)     self._cleanup_profiling_kv_cache()
(Worker_DP4_TP1_EP9 pid=233940)   File "/home/l00838859/cann/my-project/vllm/vllm/v1/worker/gpu_model_runner.py", line 6465, in _cleanup_profiling_kv_cache
(Worker_DP4_TP1_EP9 pid=233940)     torch.accelerator.synchronize()
(Worker_DP4_TP1_EP9 pid=233940)   File "/usr/local/lib/python3.11/site-packages/torch/accelerator/__init__.py", line 262, in synchronize
(Worker_DP4_TP1_EP9 pid=233940)     torch._C._accelerator_synchronizeDevice(device_index)
(Worker_DP4_TP1_EP9 pid=233940) RuntimeError: The Inner error is reported as above. The process exits for this inner error, and the current working event is 0xaaab240c4b10.
(Worker_DP4_TP1_EP9 pid=233940) Since the operator is called asynchronously, the stacktrace may be inaccurate. If you want to get the accurate stacktrace, please set the environment variable ASCEND_LAUNCH_BLOCKING=1.
(Worker_DP4_TP1_EP9 pid=233940) Note: ASCEND_LAUNCH_BLOCKING=1 will force ops to run in synchronous mode, resulting in performance degradation. Please unset ASCEND_LAUNCH_BLOCKING in time after debugging.
(Worker_DP4_TP1_EP9 pid=233940) [ERROR] 2026-07-27-15:49:06 (PID:233940, Device:9, RankID:-1) ERR00100 PTA call acl api failed.
(Worker_DP4_TP1_EP9 pid=233940) EE9999: Inner Error!
(Worker_DP4_TP1_EP9 pid=233940) EE9999[PID: 233940] 2026-07-27-15:49:06.463.396 (EE9999):  Failed to submit record task, retCode=0x7150050.[FUNC:Record][FILE:event.cc][LINE:487]
(Worker_DP4_TP1_EP9 pid=233940)         TraceBack (most recent call last):
(Worker_DP4_TP1_EP9 pid=233940)        rtEventRecord execution failed, reason=the model stream execute failed[FUNC:FuncErrorReason][FILE:error_message_manage.cc][LINE:65]
(Worker_DP4_TP1_EP9 pid=233940)        record event failed, runtime result = 507011[FUNC:ReportCallError][FILE:log_inner.cpp][LINE:148]
(Worker_DP4_TP1_EP9 pid=233940) 
[rank9]:[W727 15:49:08.160843760 NPUStream.cpp:596] Warning: NPU warning, error code is 507011[Error]: 
[Error]: Model execution failed. 
        Rectify the fault based on the error information in the ascend log.
EE9999: Inner Error!
EE9999[PID: 233940] 2026-07-27-15:49:08.246.929 (EE9999):  rtDeviceSynchronizeWithTimeout execution failed, reason=the model stream execute failed[FUNC:FuncErrorReason][FILE:error_message_manage.cc][LINE:65]
        TraceBack (most recent call last):
       wait for compute device to finish failed, runtime result = 507011.[FUNC:ReportCallError][FILE:log_inner.cpp][LINE:148]
 (function npuSynchronizeUsedDevices)
[W727 15:49:08.163406770 NPUStream.cpp:578] Warning: NPU warning, error code is 507011[Error]: 
[Error]: Model execution failed. 
        Rectify the fault based on the error information in the ascend log.
EE9999: Inner Error!
EE9999[PID: 233535] 2026-07-27-15:49:08.249.764 (EE9999):  rtDeviceSynchronizeWithTimeout execution failed, reason=the model stream execute failed[FUNC:FuncErrorReason][FILE:error_message_manage.cc][LINE:65]
        TraceBack (most recent call last):
       wait for compute device to finish failed, runtime result = 507011.[FUNC:ReportCallError][FILE:log_inner.cpp][LINE:148]
 (function npuSynchronizeDevice)
[W727 15:49:08.164068970 NPUStream.cpp:578] Warning: NPU warning, error code is 507011[Error]: 
[Error]: Model execution failed. 
        Rectify the fault based on the error information in the ascend log.
EE9999: Inner Error!
EE9999[PID: 233535] 2026-07-27-15:49:08.250.435 (EE9999):  rtDeviceSynchronizeWithTimeout execution failed, reason=the model stream execute failed[FUNC:FuncErrorReason][FILE:error_message_manage.cc][LINE:65]
        TraceBack (most recent call last):
       wait for compute device to finish failed, runtime result = 507011.[FUNC:ReportCallError][FILE:log_inner.cpp][LINE:148]
 (function npuSynchronizeDevice)
[W727 15:49:08.167121390 NPUStream.cpp:578] Warning: NPU warning, error code is 507011[Error]: 
[Error]: Model execution failed. 
        Rectify the fault based on the error information in the ascend log.
EE9999: Inner Error!
EE9999[PID: 233897] 2026-07-27-15:49:08.253.484 (EE9999):  rtDeviceSynchronizeWithTimeout execution failed, reason=the model stream execute failed[FUNC:FuncErrorReason][FILE:error_message_manage.cc][LINE:65]
        TraceBack (most recent call last):
       wait for compute device to finish failed, runtime result = 507011.[FUNC:ReportCallError][FILE:log_inner.cpp][LINE:148]
 (function npuSynchronizeDevice)
[W727 15:49:08.167783400 NPUStream.cpp:578] Warning: NPU warning, error code is 507011[Error]: 
[Error]: Model execution failed. 
        Rectify the fault based on the error information in the ascend log.
EE9999: Inner Error!
EE9999[PID: 233897] 2026-07-27-15:49:08.254.173 (EE9999):  rtDeviceSynchronizeWithTimeout execution failed, reason=the model stream execute failed[FUNC:FuncErrorReason][FILE:error_message_manage.cc][LINE:65]
        TraceBack (most recent call last):
       wait for compute device to finish failed, runtime result = 507011.[FUNC:ReportCallError][FILE:log_inner.cpp][LINE:148]
 (function npuSynchronizeDevice)
[W727 15:49:08.168444960 NPUStream.cpp:578] Warning: NPU warning, error code is 507011[Error]: 
[Error]: Model execution failed. 
        Rectify the fault based on the error information in the ascend log.
EE9999: Inner Error!
EE9999[PID: 233535] 2026-07-27-15:49:08.254.641 (EE9999):  rtDeviceSynchronizeWithTimeout execution failed, reason=the model stream execute failed[FUNC:FuncErrorReason][FILE:error_message_manage.cc][LINE:65]
        TraceBack (most recent call last):
       wait for compute device to finish failed, runtime result = 507011.[FUNC:ReportCallError][FILE:log_inner.cpp][LINE:148]
 (function npuSynchronizeDevice)
[W727 15:49:08.172411230 NPUStream.cpp:578] Warning: NPU warning, error code is 507011[Error]: 
[Error]: Model execution failed. 
        Rectify the fault based on the error information in the ascend log.
EE9999: Inner Error!
EE9999[PID: 233897] 2026-07-27-15:49:08.258.557 (EE9999):  rtDeviceSynchronizeWithTimeout execution failed, reason=the model stream execute failed[FUNC:FuncErrorReason][FILE:error_message_manage.cc][LINE:65]
        TraceBack (most recent call last):
       wait for compute device to finish failed, runtime result = 507011.[FUNC:ReportCallError][FILE:log_inner.cpp][LINE:148]
 (function npuSynchronizeDevice)
[W727 15:49:08.173472040 NPUStream.cpp:578] Warning: NPU warning, error code is 507011[Error]: 
[Error]: Model execution failed. 
        Rectify the fault based on the error information in the ascend log.
EE9999: Inner Error!
EE9999[PID: 233940] 2026-07-27-15:49:08.259.854 (EE9999):  rtDeviceSynchronizeWithTimeout execution failed, reason=the model stream execute failed[FUNC:FuncErrorReason][FILE:error_message_manage.cc][LINE:65]
        TraceBack (most recent call last):
       wait for compute device to finish failed, runtime result = 507011.[FUNC:ReportCallError][FILE:log_inner.cpp][LINE:148]
 (function npuSynchronizeDevice)
[W727 15:49:08.174123540 NPUStream.cpp:578] Warning: NPU warning, error code is 507011[Error]: 
[Error]: Model execution failed. 
        Rectify the fault based on the error information in the ascend log.
EE9999: Inner Error!
EE9999[PID: 233940] 2026-07-27-15:49:08.260.526 (EE9999):  rtDeviceSynchronizeWithTimeout execution failed, reason=the model stream execute failed[FUNC:FuncErrorReason][FILE:error_message_manage.cc][LINE:65]
        TraceBack (most recent call last):
       wait for compute device to finish failed, runtime result = 507011.[FUNC:ReportCallError][FILE:log_inner.cpp][LINE:148]
 (function npuSynchronizeDevice)
(Worker_DP4_TP0_EP8 pid=233531) Process VllmWorker-0:
(Worker_DP4_TP0_EP8 pid=233531) Traceback (most recent call last):
(Worker_DP4_TP0_EP8 pid=233531)   File "/usr/local/lib/python3.11/multiprocessing/process.py", line 314, in _bootstrap
(Worker_DP4_TP0_EP8 pid=233531)     self.run()
(Worker_DP4_TP0_EP8 pid=233531)   File "/usr/local/lib/python3.11/multiprocessing/process.py", line 108, in run
(Worker_DP4_TP0_EP8 pid=233531)     self._target(*self._args, **self._kwargs)
(Worker_DP4_TP0_EP8 pid=233531)   File "/home/l00838859/cann/my-project/vllm/vllm/v1/executor/multiproc_executor.py", line 933, in worker_main
(Worker_DP4_TP0_EP8 pid=233531)     worker.shutdown()
(Worker_DP4_TP0_EP8 pid=233531)   File "/home/l00838859/cann/my-project/vllm/vllm/v1/executor/multiproc_executor.py", line 778, in shutdown
(Worker_DP4_TP0_EP8 pid=233531)     self.worker.shutdown()
(Worker_DP4_TP0_EP8 pid=233531)   File "/home/l00838859/cann/my-project/vllm/vllm/v1/worker/worker_base.py", line 220, in shutdown
(Worker_DP4_TP0_EP8 pid=233531)     self.worker.shutdown()
(Worker_DP4_TP0_EP8 pid=233531)   File "/home/l00838859/cann/my-project/vllm-ascend/vllm_ascend/worker/worker.py", line 387, in shutdown
(Worker_DP4_TP0_EP8 pid=233531)     shutdown_fn()
(Worker_DP4_TP0_EP8 pid=233531)   File "/home/l00838859/cann/my-project/vllm/vllm/v1/worker/gpu_model_runner.py", line 6447, in shutdown
(Worker_DP4_TP0_EP8 pid=233531)     self._cleanup_profiling_kv_cache()
(Worker_DP4_TP0_EP8 pid=233531)   File "/home/l00838859/cann/my-project/vllm/vllm/v1/worker/gpu_model_runner.py", line 6465, in _cleanup_profiling_kv_cache
(Worker_DP4_TP0_EP8 pid=233531)     torch.accelerator.synchronize()
(Worker_DP4_TP0_EP8 pid=233531)   File "/usr/local/lib/python3.11/site-packages/torch/accelerator/__init__.py", line 262, in synchronize
(Worker_DP4_TP0_EP8 pid=233531)     torch._C._accelerator_synchronizeDevice(device_index)
(Worker_DP4_TP0_EP8 pid=233531) RuntimeError: npuSynchronizeDevice:../torch_npu/csrc/core/npu/NPUStream.cpp:576 NPU function error: AclrtSynchronizeDeviceWithTimeout, error code is 507011
(Worker_DP4_TP0_EP8 pid=233531) [ERROR] 2026-07-27-15:49:06 (PID:233531, Device:8, RankID:-1) ERR00100 PTA call acl api failed
(Worker_DP4_TP0_EP8 pid=233531) [Error]: Model execution failed. 
(Worker_DP4_TP0_EP8 pid=233531)         Rectify the fault based on the error information in the ascend log.
(Worker_DP4_TP0_EP8 pid=233531) EE9999: Inner Error!
(Worker_DP4_TP0_EP8 pid=233531) EE9999[PID: 233531] 2026-07-27-15:49:06.471.045 (EE9999):  rtDeviceSynchronizeWithTimeout execution failed, reason=the model stream execute failed[FUNC:FuncErrorReason][FILE:error_message_manage.cc][LINE:65]
(Worker_DP4_TP0_EP8 pid=233531)         TraceBack (most recent call last):
(Worker_DP4_TP0_EP8 pid=233531)        wait for compute device to finish failed, runtime result = 507011.[FUNC:ReportCallError][FILE:log_inner.cpp][LINE:148]
(Worker_DP4_TP0_EP8 pid=233531) 
[rank8]:[W727 15:49:08.178161560 NPUStream.cpp:596] Warning: NPU warning, error code is 507011[Error]: 
[Error]: Model execution failed. 
        Rectify the fault based on the error information in the ascend log.
EE9999: Inner Error!
EE9999[PID: 233531] 2026-07-27-15:49:08.264.378 (EE9999):  rtDeviceSynchronizeWithTimeout execution failed, reason=the model stream execute failed[FUNC:FuncErrorReason][FILE:error_message_manage.cc][LINE:65]
        TraceBack (most recent call last):
       wait for compute device to finish failed, runtime result = 507011.[FUNC:ReportCallError][FILE:log_inner.cpp][LINE:148]
 (function npuSynchronizeUsedDevices)
[W727 15:49:08.178436940 NPUStream.cpp:578] Warning: NPU warning, error code is 507011[Error]: 
[Error]: Model execution failed. 
        Rectify the fault based on the error information in the ascend log.
EE9999: Inner Error!
EE9999[PID: 233940] 2026-07-27-15:49:08.264.764 (EE9999):  rtDeviceSynchronizeWithTimeout execution failed, reason=the model stream execute failed[FUNC:FuncErrorReason][FILE:error_message_manage.cc][LINE:65]
        TraceBack (most recent call last):
       wait for compute device to finish failed, runtime result = 507011.[FUNC:ReportCallError][FILE:log_inner.cpp][LINE:148]
 (function npuSynchronizeDevice)
[W727 15:49:08.181178100 NPUStream.cpp:578] Warning: NPU warning, error code is 507011[Error]: 
[Error]: Model execution failed. 
        Rectify the fault based on the error information in the ascend log.
EE9999: Inner Error!
EE9999[PID: 233535] 2026-07-27-15:49:08.267.462 (EE9999):  rtDeviceSynchronizeWithTimeout execution failed, reason=the model stream execute failed[FUNC:FuncErrorReason][FILE:error_message_manage.cc][LINE:65]
        TraceBack (most recent call last):
       wait for compute device to finish failed, runtime result = 507011.[FUNC:ReportCallError][FILE:log_inner.cpp][LINE:148]
 (function npuSynchronizeDevice)
[W727 15:49:08.183969670 NPUStream.cpp:578] Warning: NPU warning, error code is 507011[Error]: 
[Error]: Model execution failed. 
        Rectify the fault based on the error information in the ascend log.
EE9999: Inner Error!
EE9999[PID: 233897] 2026-07-27-15:49:08.270.209 (EE9999):  rtDeviceSynchronizeWithTimeout execution failed, reason=the model stream execute failed[FUNC:FuncErrorReason][FILE:error_message_manage.cc][LINE:65]
        TraceBack (most recent call last):
       wait for compute device to finish failed, runtime result = 507011.[FUNC:ReportCallError][FILE:log_inner.cpp][LINE:148]
 (function npuSynchronizeDevice)
[W727 15:49:08.188391900 NPUStream.cpp:578] Warning: NPU warning, error code is 507011[Error]: 
[Error]: Model execution failed. 
        Rectify the fault based on the error information in the ascend log.
EE9999: Inner Error!
EE9999[PID: 233535] 2026-07-27-15:49:08.274.697 (EE9999):  rtDeviceSynchronizeWithTimeout execution failed, reason=the model stream execute failed[FUNC:FuncErrorReason][FILE:error_message_manage.cc][LINE:65]
        TraceBack (most recent call last):
       wait for compute device to finish failed, runtime result = 507011.[FUNC:ReportCallError][FILE:log_inner.cpp][LINE:148]
 (function npuSynchronizeDevice)
[W727 15:49:08.189653780 NPUStream.cpp:578] Warning: NPU warning, error code is 507011[Error]: 
[Error]: Model execution failed. 
        Rectify the fault based on the error information in the ascend log.
EE9999: Inner Error!
EE9999[PID: 233531] 2026-07-27-15:49:08.275.928 (EE9999):  rtDeviceSynchronizeWithTimeout execution failed, reason=the model stream execute failed[FUNC:FuncErrorReason][FILE:error_message_manage.cc][LINE:65]
        TraceBack (most recent call last):
       wait for compute device to finish failed, runtime result = 507011.[FUNC:ReportCallError][FILE:log_inner.cpp][LINE:148]
 (function npuSynchronizeDevice)
[W727 15:49:08.190147550 NPUStream.cpp:578] Warning: NPU warning, error code is 507011[Error]: 
[Error]: Model execution failed. 
        Rectify the fault based on the error information in the ascend log.
EE9999: Inner Error!
EE9999[PID: 233940] 2026-07-27-15:49:08.276.503 (EE9999):  rtDeviceSynchronizeWithTimeout execution failed, reason=the model stream execute failed[FUNC:FuncErrorReason][FILE:error_message_manage.cc][LINE:65]
        TraceBack (most recent call last):
       wait for compute device to finish failed, runtime result = 507011.[FUNC:ReportCallError][FILE:log_inner.cpp][LINE:148]
 (function npuSynchronizeDevice)
[W727 15:49:08.190388520 NPUStream.cpp:578] Warning: NPU warning, error code is 507011[Error]: 
[Error]: Model execution failed. 
        Rectify the fault based on the error information in the ascend log.
EE9999: Inner Error!
EE9999[PID: 233531] 2026-07-27-15:49:08.276.727 (EE9999):  rtDeviceSynchronizeWithTimeout execution failed, reason=the model stream execute failed[FUNC:FuncErrorReason][FILE:error_message_manage.cc][LINE:65]
        TraceBack (most recent call last):
       wait for compute device to finish failed, runtime result = 507011.[FUNC:ReportCallError][FILE:log_inner.cpp][LINE:148]
 (function npuSynchronizeDevice)
[W727 15:49:08.190483370 NPUStream.cpp:578] Warning: NPU warning, error code is 507011[Error]: 
[Error]: Model execution failed. 
        Rectify the fault based on the error information in the ascend log.
EE9999: Inner Error!
EE9999[PID: 233535] 2026-07-27-15:49:08.276.864 (EE9999):  rtDeviceSynchronizeWithTimeout execution failed, reason=the model stream execute failed[FUNC:FuncErrorReason][FILE:error_message_manage.cc][LINE:65]
        TraceBack (most recent call last):
       wait for compute device to finish failed, runtime result = 507011.[FUNC:ReportCallError][FILE:log_inner.cpp][LINE:148]
 (function npuSynchronizeDevice)
[W727 15:49:08.191380480 NPUStream.cpp:578] Warning: NPU warning, error code is 507011[Error]: 
[Error]: Model execution failed. 
        Rectify the fault based on the error information in the ascend log.
EE9999: Inner Error!
EE9999[PID: 233897] 2026-07-27-15:49:08.277.709 (EE9999):  rtDeviceSynchronizeWithTimeout execution failed, reason=the model stream execute failed[FUNC:FuncErrorReason][FILE:error_message_manage.cc][LINE:65]
        TraceBack (most recent call last):
       wait for compute device to finish failed, runtime result = 507011.[FUNC:ReportCallError][FILE:log_inner.cpp][LINE:148]
 (function npuSynchronizeDevice)
[W727 15:49:08.193165080 NPUStream.cpp:578] Warning: NPU warning, error code is 507011[Error]: 
[Error]: Model execution failed. 
        Rectify the fault based on the error information in the ascend log.
EE9999: Inner Error!
EE9999[PID: 233897] 2026-07-27-15:49:08.279.515 (EE9999):  rtDeviceSynchronizeWithTimeout execution failed, reason=the model stream execute failed[FUNC:FuncErrorReason][FILE:error_message_manage.cc][LINE:65]
        TraceBack (most recent call last):
       wait for compute device to finish failed, runtime result = 507011.[FUNC:ReportCallError][FILE:log_inner.cpp][LINE:148]
 (function npuSynchronizeDevice)
[W727 15:49:08.194506430 NPUStream.cpp:578] Warning: NPU warning, error code is 507011[Error]: 
[Error]: Model execution failed. 
        Rectify the fault based on the error information in the ascend log.
EE9999: Inner Error!
EE9999[PID: 233531] 2026-07-27-15:49:08.280.785 (EE9999):  rtDeviceSynchronizeWithTimeout execution failed, reason=the model stream execute failed[FUNC:FuncErrorReason][FILE:error_message_manage.cc][LINE:65]
        TraceBack (most recent call last):
       wait for compute device to finish failed, runtime result = 507011.[FUNC:ReportCallError][FILE:log_inner.cpp][LINE:148]
 (function npuSynchronizeDevice)
[W727 15:49:08.197347350 NPUStream.cpp:578] Warning: NPU warning, error code is 507011[Error]: 
[Error]: Model execution failed. 
        Rectify the fault based on the error information in the ascend log.
EE9999: Inner Error!
EE9999[PID: 233940] 2026-07-27-15:49:08.283.685 (EE9999):  rtDeviceSynchronizeWithTimeout execution failed, reason=the model stream execute failed[FUNC:FuncErrorReason][FILE:error_message_manage.cc][LINE:65]
        TraceBack (most recent call last):
       wait for compute device to finish failed, runtime result = 507011.[FUNC:ReportCallError][FILE:log_inner.cpp][LINE:148]
 (function npuSynchronizeDevice)
[W727 15:49:08.198989610 NPUStream.cpp:578] Warning: NPU warning, error code is 507011[Error]: 
[Error]: Model execution failed. 
        Rectify the fault based on the error information in the ascend log.
EE9999: Inner Error!
EE9999[PID: 233940] 2026-07-27-15:49:08.285.378 (EE9999):  rtDeviceSynchronizeWithTimeout execution failed, reason=the model stream execute failed[FUNC:FuncErrorReason][FILE:error_message_manage.cc][LINE:65]
        TraceBack (most recent call last):
       wait for compute device to finish failed, runtime result = 507011.[FUNC:ReportCallError][FILE:log_inner.cpp][LINE:148]
 (function npuSynchronizeDevice)
[W727 15:49:08.206139770 NPUStream.cpp:578] Warning: NPU warning, error code is 507011[Error]: 
[Error]: Model execution failed. 
        Rectify the fault based on the error information in the ascend log.
EE9999: Inner Error!
EE9999[PID: 233531] 2026-07-27-15:49:08.292.406 (EE9999):  rtDeviceSynchronizeWithTimeout execution failed, reason=the model stream execute failed[FUNC:FuncErrorReason][FILE:error_message_manage.cc][LINE:65]
        TraceBack (most recent call last):
       wait for compute device to finish failed, runtime result = 507011.[FUNC:ReportCallError][FILE:log_inner.cpp][LINE:148]
 (function npuSynchronizeDevice)
(Worker_DP1_TP1_EP3 pid=233943) Process VllmWorker-1:
(Worker_DP1_TP1_EP3 pid=233943) Traceback (most recent call last):
(Worker_DP1_TP1_EP3 pid=233943)   File "/usr/local/lib/python3.11/multiprocessing/process.py", line 314, in _bootstrap
(Worker_DP1_TP1_EP3 pid=233943)     self.run()
(Worker_DP1_TP1_EP3 pid=233943)   File "/usr/local/lib/python3.11/multiprocessing/process.py", line 108, in run
(Worker_DP1_TP1_EP3 pid=233943)     self._target(*self._args, **self._kwargs)
(Worker_DP1_TP1_EP3 pid=233943)   File "/home/l00838859/cann/my-project/vllm/vllm/v1/executor/multiproc_executor.py", line 933, in worker_main
(Worker_DP1_TP1_EP3 pid=233943)     worker.shutdown()
(Worker_DP1_TP1_EP3 pid=233943)   File "/home/l00838859/cann/my-project/vllm/vllm/v1/executor/multiproc_executor.py", line 778, in shutdown
(Worker_DP1_TP1_EP3 pid=233943)     self.worker.shutdown()
(Worker_DP1_TP1_EP3 pid=233943)   File "/home/l00838859/cann/my-project/vllm/vllm/v1/worker/worker_base.py", line 220, in shutdown
(Worker_DP1_TP1_EP3 pid=233943)     self.worker.shutdown()
(Worker_DP1_TP1_EP3 pid=233943)   File "/home/l00838859/cann/my-project/vllm-ascend/vllm_ascend/worker/worker.py", line 387, in shutdown
(Worker_DP1_TP1_EP3 pid=233943)     shutdown_fn()
(Worker_DP1_TP1_EP3 pid=233943)   File "/home/l00838859/cann/my-project/vllm/vllm/v1/worker/gpu_model_runner.py", line 6447, in shutdown
(Worker_DP1_TP1_EP3 pid=233943)     self._cleanup_profiling_kv_cache()
(Worker_DP1_TP1_EP3 pid=233943)   File "/home/l00838859/cann/my-project/vllm/vllm/v1/worker/gpu_model_runner.py", line 6465, in _cleanup_profiling_kv_cache
(Worker_DP1_TP1_EP3 pid=233943)     torch.accelerator.synchronize()
(Worker_DP1_TP1_EP3 pid=233943)   File "/usr/local/lib/python3.11/site-packages/torch/accelerator/__init__.py", line 262, in synchronize
(Worker_DP1_TP1_EP3 pid=233943)     torch._C._accelerator_synchronizeDevice(device_index)
(Worker_DP1_TP1_EP3 pid=233943) RuntimeError: The Inner error is reported as above. The process exits for this inner error, and the current working event is 0xaaab41e476f0.
(Worker_DP1_TP1_EP3 pid=233943) Since the operator is called asynchronously, the stacktrace may be inaccurate. If you want to get the accurate stacktrace, please set the environment variable ASCEND_LAUNCH_BLOCKING=1.
(Worker_DP1_TP1_EP3 pid=233943) Note: ASCEND_LAUNCH_BLOCKING=1 will force ops to run in synchronous mode, resulting in performance degradation. Please unset ASCEND_LAUNCH_BLOCKING in time after debugging.
(Worker_DP1_TP1_EP3 pid=233943) [ERROR] 2026-07-27-15:49:06 (PID:233943, Device:3, RankID:-1) ERR00100 PTA call acl api failed.
(Worker_DP1_TP1_EP3 pid=233943) EE9999: Inner Error!
(Worker_DP1_TP1_EP3 pid=233943) EE9999[PID: 233943] 2026-07-27-15:49:06.461.402 (EE9999):  Failed to submit record task, retCode=0x7150050.[FUNC:Record][FILE:event.cc][LINE:487]
(Worker_DP1_TP1_EP3 pid=233943)         TraceBack (most recent call last):
(Worker_DP1_TP1_EP3 pid=233943)        rtEventRecord execution failed, reason=the model stream execute failed[FUNC:FuncErrorReason][FILE:error_message_manage.cc][LINE:65]
(Worker_DP1_TP1_EP3 pid=233943)        record event failed, runtime result = 507011[FUNC:ReportCallError][FILE:log_inner.cpp][LINE:148]
(Worker_DP1_TP1_EP3 pid=233943) 
[rank3]:[W727 15:49:08.211951110 NPUStream.cpp:596] Warning: NPU warning, error code is 507011[Error]: 
[Error]: Model execution failed. 
        Rectify the fault based on the error information in the ascend log.
EE9999: Inner Error!
EE9999[PID: 233943] 2026-07-27-15:49:08.298.189 (EE9999):  rtDeviceSynchronizeWithTimeout execution failed, reason=the model stream execute failed[FUNC:FuncErrorReason][FILE:error_message_manage.cc][LINE:65]
        TraceBack (most recent call last):
       wait for compute device to finish failed, runtime result = 507011.[FUNC:ReportCallError][FILE:log_inner.cpp][LINE:148]
 (function npuSynchronizeUsedDevices)
[W727 15:49:08.214324130 NPUStream.cpp:578] Warning: NPU warning, error code is 507011[Error]: 
[Error]: Model execution failed. 
        Rectify the fault based on the error information in the ascend log.
EE9999: Inner Error!
EE9999[PID: 233531] 2026-07-27-15:49:08.300.520 (EE9999):  rtDeviceSynchronizeWithTimeout execution failed, reason=the model stream execute failed[FUNC:FuncErrorReason][FILE:error_message_manage.cc][LINE:65]
        TraceBack (most recent call last):
       wait for compute device to finish failed, runtime result = 507011.[FUNC:ReportCallError][FILE:log_inner.cpp][LINE:148]
 (function npuSynchronizeDevice)
[W727 15:49:08.216403730 NPUStream.cpp:578] Warning: NPU warning, error code is 507011[Error]: 
[Error]: Model execution failed. 
        Rectify the fault based on the error information in the ascend log.
EE9999: Inner Error!
EE9999[PID: 233531] 2026-07-27-15:49:08.302.690 (EE9999):  rtDeviceSynchronizeWithTimeout execution failed, reason=the model stream execute failed[FUNC:FuncErrorReason][FILE:error_message_manage.cc][LINE:65]
        TraceBack (most recent call last):
       wait for compute device to finish failed, runtime result = 507011.[FUNC:ReportCallError][FILE:log_inner.cpp][LINE:148]
 (function npuSynchronizeDevice)
[W727 15:49:08.224426680 NPUStream.cpp:578] Warning: NPU warning, error code is 507011[Error]: 
[Error]: Model execution failed. 
        Rectify the fault based on the error information in the ascend log.
EE9999: Inner Error!
EE9999[PID: 233943] 2026-07-27-15:49:08.310.702 (EE9999):  rtDeviceSynchronizeWithTimeout execution failed, reason=the model stream execute failed[FUNC:FuncErrorReason][FILE:error_message_manage.cc][LINE:65]
        TraceBack (most recent call last):
       wait for compute device to finish failed, runtime result = 507011.[FUNC:ReportCallError][FILE:log_inner.cpp][LINE:148]
 (function npuSynchronizeDevice)
[W727 15:49:08.225144950 NPUStream.cpp:578] Warning: NPU warning, error code is 507011[Error]: 
[Error]: Model execution failed. 
        Rectify the fault based on the error information in the ascend log.
EE9999: Inner Error!
EE9999[PID: 233943] 2026-07-27-15:49:08.311.516 (EE9999):  rtDeviceSynchronizeWithTimeout execution failed, reason=the model stream execute failed[FUNC:FuncErrorReason][FILE:error_message_manage.cc][LINE:65]
        TraceBack (most recent call last):
       wait for compute device to finish failed, runtime result = 507011.[FUNC:ReportCallError][FILE:log_inner.cpp][LINE:148]
 (function npuSynchronizeDevice)
[W727 15:49:08.229912430 NPUStream.cpp:578] Warning: NPU warning, error code is 507011[Error]: 
[Error]: Model execution failed. 
        Rectify the fault based on the error information in the ascend log.
EE9999: Inner Error!
EE9999[PID: 233943] 2026-07-27-15:49:08.316.290 (EE9999):  rtDeviceSynchronizeWithTimeout execution failed, reason=the model stream execute failed[FUNC:FuncErrorReason][FILE:error_message_manage.cc][LINE:65]
        TraceBack (most recent call last):
       wait for compute device to finish failed, runtime result = 507011.[FUNC:ReportCallError][FILE:log_inner.cpp][LINE:148]
 (function npuSynchronizeDevice)
(Worker_DP5_TP0_EP10 pid=233528) Process VllmWorker-0:
(Worker_DP5_TP0_EP10 pid=233528) Traceback (most recent call last):
(Worker_DP5_TP0_EP10 pid=233528)   File "/usr/local/lib/python3.11/multiprocessing/process.py", line 314, in _bootstrap
(Worker_DP5_TP0_EP10 pid=233528)     self.run()
(Worker_DP5_TP0_EP10 pid=233528)   File "/usr/local/lib/python3.11/multiprocessing/process.py", line 108, in run
(Worker_DP5_TP0_EP10 pid=233528)     self._target(*self._args, **self._kwargs)
(Worker_DP5_TP0_EP10 pid=233528)   File "/home/l00838859/cann/my-project/vllm/vllm/v1/executor/multiproc_executor.py", line 933, in worker_main
(Worker_DP5_TP0_EP10 pid=233528)     worker.shutdown()
(Worker_DP5_TP0_EP10 pid=233528)   File "/home/l00838859/cann/my-project/vllm/vllm/v1/executor/multiproc_executor.py", line 778, in shutdown
(Worker_DP5_TP0_EP10 pid=233528)     self.worker.shutdown()
(Worker_DP5_TP0_EP10 pid=233528)   File "/home/l00838859/cann/my-project/vllm/vllm/v1/worker/worker_base.py", line 220, in shutdown
(Worker_DP5_TP0_EP10 pid=233528)     self.worker.shutdown()
(Worker_DP5_TP0_EP10 pid=233528)   File "/home/l00838859/cann/my-project/vllm-ascend/vllm_ascend/worker/worker.py", line 387, in shutdown
(Worker_DP5_TP0_EP10 pid=233528)     shutdown_fn()
(Worker_DP5_TP0_EP10 pid=233528)   File "/home/l00838859/cann/my-project/vllm/vllm/v1/worker/gpu_model_runner.py", line 6447, in shutdown
(Worker_DP5_TP0_EP10 pid=233528)     self._cleanup_profiling_kv_cache()
(Worker_DP5_TP0_EP10 pid=233528)   File "/home/l00838859/cann/my-project/vllm/vllm/v1/worker/gpu_model_runner.py", line 6465, in _cleanup_profiling_kv_cache
(Worker_DP5_TP0_EP10 pid=233528)     torch.accelerator.synchronize()
(Worker_DP5_TP0_EP10 pid=233528)   File "/usr/local/lib/python3.11/site-packages/torch/accelerator/__init__.py", line 262, in synchronize
(Worker_DP5_TP0_EP10 pid=233528)     torch._C._accelerator_synchronizeDevice(device_index)
(Worker_DP5_TP0_EP10 pid=233528) RuntimeError: npuSynchronizeDevice:../torch_npu/csrc/core/npu/NPUStream.cpp:576 NPU function error: AclrtSynchronizeDeviceWithTimeout, error code is 507011
(Worker_DP5_TP0_EP10 pid=233528) [ERROR] 2026-07-27-15:49:06 (PID:233528, Device:10, RankID:-1) ERR00100 PTA call acl api failed
(Worker_DP5_TP0_EP10 pid=233528) [Error]: Model execution failed. 
(Worker_DP5_TP0_EP10 pid=233528)         Rectify the fault based on the error information in the ascend log.
(Worker_DP5_TP0_EP10 pid=233528) EE9999: Inner Error!
(Worker_DP5_TP0_EP10 pid=233528) EE9999[PID: 233528] 2026-07-27-15:49:06.484.336 (EE9999):  rtDeviceSynchronizeWithTimeout execution failed, reason=the model stream execute failed[FUNC:FuncErrorReason][FILE:error_message_manage.cc][LINE:65]
(Worker_DP5_TP0_EP10 pid=233528)         TraceBack (most recent call last):
(Worker_DP5_TP0_EP10 pid=233528)        wait for compute device to finish failed, runtime result = 507011.[FUNC:ReportCallError][FILE:log_inner.cpp][LINE:148]
(Worker_DP5_TP0_EP10 pid=233528) 
[rank10]:[W727 15:49:08.239937470 NPUStream.cpp:596] Warning: NPU warning, error code is 507011[Error]: 
[Error]: Model execution failed. 
        Rectify the fault based on the error information in the ascend log.
EE9999: Inner Error!
EE9999[PID: 233528] 2026-07-27-15:49:08.326.103 (EE9999):  rtDeviceSynchronizeWithTimeout execution failed, reason=the model stream execute failed[FUNC:FuncErrorReason][FILE:error_message_manage.cc][LINE:65]
        TraceBack (most recent call last):
       wait for compute device to finish failed, runtime result = 507011.[FUNC:ReportCallError][FILE:log_inner.cpp][LINE:148]
 (function npuSynchronizeUsedDevices)
(Worker_DP0_TP1_EP1 pid=233907) Process VllmWorker-1:
[W727 15:49:08.244725260 NPUStream.cpp:578] Warning: NPU warning, error code is 507011[Error]: 
[Error]: Model execution failed. 
        Rectify the fault based on the error information in the ascend log.
EE9999: Inner Error!
EE9999[PID: 233943] 2026-07-27-15:49:08.331.024 (EE9999):  rtDeviceSynchronizeWithTimeout execution failed, reason=the model stream execute failed[FUNC:FuncErrorReason][FILE:error_message_manage.cc][LINE:65]
        TraceBack (most recent call last):
       wait for compute device to finish failed, runtime result = 507011.[FUNC:ReportCallError][FILE:log_inner.cpp][LINE:148]
 (function npuSynchronizeDevice)
(Worker_DP0_TP1_EP1 pid=233907) Traceback (most recent call last):
(Worker_DP0_TP1_EP1 pid=233907)   File "/usr/local/lib/python3.11/multiprocessing/process.py", line 314, in _bootstrap
(Worker_DP0_TP1_EP1 pid=233907)     self.run()
(Worker_DP0_TP1_EP1 pid=233907)   File "/usr/local/lib/python3.11/multiprocessing/process.py", line 108, in run
(Worker_DP0_TP1_EP1 pid=233907)     self._target(*self._args, **self._kwargs)
(Worker_DP0_TP1_EP1 pid=233907)   File "/home/l00838859/cann/my-project/vllm/vllm/v1/executor/multiproc_executor.py", line 933, in worker_main
(Worker_DP0_TP1_EP1 pid=233907)     worker.shutdown()
(Worker_DP0_TP1_EP1 pid=233907)   File "/home/l00838859/cann/my-project/vllm/vllm/v1/executor/multiproc_executor.py", line 778, in shutdown
(Worker_DP0_TP1_EP1 pid=233907)     self.worker.shutdown()
(Worker_DP0_TP1_EP1 pid=233907)   File "/home/l00838859/cann/my-project/vllm/vllm/v1/worker/worker_base.py", line 220, in shutdown
(Worker_DP0_TP1_EP1 pid=233907)     self.worker.shutdown()
(Worker_DP0_TP1_EP1 pid=233907)   File "/home/l00838859/cann/my-project/vllm-ascend/vllm_ascend/worker/worker.py", line 387, in shutdown
(Worker_DP0_TP1_EP1 pid=233907)     shutdown_fn()
(Worker_DP0_TP1_EP1 pid=233907)   File "/home/l00838859/cann/my-project/vllm/vllm/v1/worker/gpu_model_runner.py", line 6447, in shutdown
(Worker_DP0_TP1_EP1 pid=233907)     self._cleanup_profiling_kv_cache()
(Worker_DP0_TP1_EP1 pid=233907)   File "/home/l00838859/cann/my-project/vllm/vllm/v1/worker/gpu_model_runner.py", line 6465, in _cleanup_profiling_kv_cache
(Worker_DP0_TP1_EP1 pid=233907)     torch.accelerator.synchronize()
(Worker_DP0_TP1_EP1 pid=233907)   File "/usr/local/lib/python3.11/site-packages/torch/accelerator/__init__.py", line 262, in synchronize
(Worker_DP0_TP1_EP1 pid=233907)     torch._C._accelerator_synchronizeDevice(device_index)
(Worker_DP0_TP1_EP1 pid=233907) RuntimeError: The Inner error is reported as above. The process exits for this inner error, and the current working event is 0xaaab09ea7d60.
(Worker_DP0_TP1_EP1 pid=233907) Since the operator is called asynchronously, the stacktrace may be inaccurate. If you want to get the accurate stacktrace, please set the environment variable ASCEND_LAUNCH_BLOCKING=1.
(Worker_DP0_TP1_EP1 pid=233907) Note: ASCEND_LAUNCH_BLOCKING=1 will force ops to run in synchronous mode, resulting in performance degradation. Please unset ASCEND_LAUNCH_BLOCKING in time after debugging.
(Worker_DP0_TP1_EP1 pid=233907) [ERROR] 2026-07-27-15:49:06 (PID:233907, Device:1, RankID:-1) ERR00100 PTA call acl api failed.
(Worker_DP0_TP1_EP1 pid=233907) EE9999: Inner Error!
(Worker_DP0_TP1_EP1 pid=233907) EE9999[PID: 233907] 2026-07-27-15:49:06.457.126 (EE9999):  Failed to submit record task, retCode=0x7150050.[FUNC:Record][FILE:event.cc][LINE:487]
(Worker_DP0_TP1_EP1 pid=233907)         TraceBack (most recent call last):
(Worker_DP0_TP1_EP1 pid=233907)        rtEventRecord execution failed, reason=the model stream execute failed[FUNC:FuncErrorReason][FILE:error_message_manage.cc][LINE:65]
(Worker_DP0_TP1_EP1 pid=233907)        record event failed, runtime result = 507011[FUNC:ReportCallError][FILE:log_inner.cpp][LINE:148]
(Worker_DP0_TP1_EP1 pid=233907) 
[rank1]:[W727 15:49:08.249270000 NPUStream.cpp:596] Warning: NPU warning, error code is 507011[Error]: 
[Error]: Model execution failed. 
        Rectify the fault based on the error information in the ascend log.
EE9999: Inner Error!
EE9999[PID: 233907] 2026-07-27-15:49:08.335.359 (EE9999):  rtDeviceSynchronizeWithTimeout execution failed, reason=the model stream execute failed[FUNC:FuncErrorReason][FILE:error_message_manage.cc][LINE:65]
        TraceBack (most recent call last):
       wait for compute device to finish failed, runtime result = 507011.[FUNC:ReportCallError][FILE:log_inner.cpp][LINE:148]
 (function npuSynchronizeUsedDevices)
[W727 15:49:08.250870450 NPUStream.cpp:578] Warning: NPU warning, error code is 507011[Error]: 
[Error]: Model execution failed. 
        Rectify the fault based on the error information in the ascend log.
EE9999: Inner Error!
EE9999[PID: 233528] 2026-07-27-15:49:08.337.225 (EE9999):  rtDeviceSynchronizeWithTimeout execution failed, reason=the model stream execute failed[FUNC:FuncErrorReason][FILE:error_message_manage.cc][LINE:65]
        TraceBack (most recent call last):
       wait for compute device to finish failed, runtime result = 507011.[FUNC:ReportCallError][FILE:log_inner.cpp][LINE:148]
 (function npuSynchronizeDevice)
[W727 15:49:08.251528180 NPUStream.cpp:578] Warning: NPU warning, error code is 507011[Error]: 
[Error]: Model execution failed. 
        Rectify the fault based on the error information in the ascend log.
EE9999: Inner Error!
EE9999[PID: 233528] 2026-07-27-15:49:08.337.939 (EE9999):  rtDeviceSynchronizeWithTimeout execution failed, reason=the model stream execute failed[FUNC:FuncErrorReason][FILE:error_message_manage.cc][LINE:65]
        TraceBack (most recent call last):
       wait for compute device to finish failed, runtime result = 507011.[FUNC:ReportCallError][FILE:log_inner.cpp][LINE:148]
 (function npuSynchronizeDevice)
[W727 15:49:08.254298220 NPUStream.cpp:578] Warning: NPU warning, error code is 507011[Error]: 
[Error]: Model execution failed. 
        Rectify the fault based on the error information in the ascend log.
EE9999: Inner Error!
EE9999[PID: 233943] 2026-07-27-15:49:08.340.557 (EE9999):  rtDeviceSynchronizeWithTimeout execution failed, reason=the model stream execute failed[FUNC:FuncErrorReason][FILE:error_message_manage.cc][LINE:65]
        TraceBack (most recent call last):
       wait for compute device to finish failed, runtime result = 507011.[FUNC:ReportCallError][FILE:log_inner.cpp][LINE:148]
 (function npuSynchronizeDevice)
[W727 15:49:08.256092810 NPUStream.cpp:578] Warning: NPU warning, error code is 507011[Error]: 
[Error]: Model execution failed. 
        Rectify the fault based on the error information in the ascend log.
EE9999: Inner Error!
EE9999[PID: 233943] 2026-07-27-15:49:08.342.414 (EE9999):  rtDeviceSynchronizeWithTimeout execution failed, reason=the model stream execute failed[FUNC:FuncErrorReason][FILE:error_message_manage.cc][LINE:65]
        TraceBack (most recent call last):
       wait for compute device to finish failed, runtime result = 507011.[FUNC:ReportCallError][FILE:log_inner.cpp][LINE:148]
 (function npuSynchronizeDevice)
[W727 15:49:08.256184690 NPUStream.cpp:578] Warning: NPU warning, error code is 507011[Error]: 
[Error]: Model execution failed. 
        Rectify the fault based on the error information in the ascend log.
EE9999: Inner Error!
EE9999[PID: 233528] 2026-07-27-15:49:08.342.481 (EE9999):  rtDeviceSynchronizeWithTimeout execution failed, reason=the model stream execute failed[FUNC:FuncErrorReason][FILE:error_message_manage.cc][LINE:65]
        TraceBack (most recent call last):
       wait for compute device to finish failed, runtime result = 507011.[FUNC:ReportCallError][FILE:log_inner.cpp][LINE:148]
 (function npuSynchronizeDevice)
[W727 15:49:08.260032320 NPUStream.cpp:578] Warning: NPU warning, error code is 507011[Error]: 
[Error]: Model execution failed. 
        Rectify the fault based on the error information in the ascend log.
EE9999: Inner Error!
EE9999[PID: 233907] 2026-07-27-15:49:08.346.367 (EE9999):  rtDeviceSynchronizeWithTimeout execution failed, reason=the model stream execute failed[FUNC:FuncErrorReason][FILE:error_message_manage.cc][LINE:65]
        TraceBack (most recent call last):
       wait for compute device to finish failed, runtime result = 507011.[FUNC:ReportCallError][FILE:log_inner.cpp][LINE:148]
 (function npuSynchronizeDevice)
[W727 15:49:08.260718750 NPUStream.cpp:578] Warning: NPU warning, error code is 507011[Error]: 
[Error]: Model execution failed. 
        Rectify the fault based on the error information in the ascend log.
EE9999: Inner Error!
EE9999[PID: 233907] 2026-07-27-15:49:08.347.101 (EE9999):  rtDeviceSynchronizeWithTimeout execution failed, reason=the model stream execute failed[FUNC:FuncErrorReason][FILE:error_message_manage.cc][LINE:65]
        TraceBack (most recent call last):
       wait for compute device to finish failed, runtime result = 507011.[FUNC:ReportCallError][FILE:log_inner.cpp][LINE:148]
 (function npuSynchronizeDevice)
(Worker_DP2_TP1_EP5 pid=233918) Process VllmWorker-1:
[W727 15:49:08.264878560 NPUStream.cpp:578] Warning: NPU warning, error code is 507011[Error]: 
[Error]: Model execution failed. 
        Rectify the fault based on the error information in the ascend log.
EE9999: Inner Error!
EE9999[PID: 233907] 2026-07-27-15:49:08.351.132 (EE9999):  rtDeviceSynchronizeWithTimeout execution failed, reason=the model stream execute failed[FUNC:FuncErrorReason][FILE:error_message_manage.cc][LINE:65]
        TraceBack (most recent call last):
       wait for compute device to finish failed, runtime result = 507011.[FUNC:ReportCallError][FILE:log_inner.cpp][LINE:148]
 (function npuSynchronizeDevice)
(Worker_DP2_TP1_EP5 pid=233918) Traceback (most recent call last):
(Worker_DP2_TP1_EP5 pid=233918)   File "/usr/local/lib/python3.11/multiprocessing/process.py", line 314, in _bootstrap
(Worker_DP2_TP1_EP5 pid=233918)     self.run()
(Worker_DP2_TP1_EP5 pid=233918)   File "/usr/local/lib/python3.11/multiprocessing/process.py", line 108, in run
(Worker_DP2_TP1_EP5 pid=233918)     self._target(*self._args, **self._kwargs)
(Worker_DP2_TP1_EP5 pid=233918)   File "/home/l00838859/cann/my-project/vllm/vllm/v1/executor/multiproc_executor.py", line 933, in worker_main
(Worker_DP2_TP1_EP5 pid=233918)     worker.shutdown()
(Worker_DP2_TP1_EP5 pid=233918)   File "/home/l00838859/cann/my-project/vllm/vllm/v1/executor/multiproc_executor.py", line 778, in shutdown
(Worker_DP2_TP1_EP5 pid=233918)     self.worker.shutdown()
(Worker_DP2_TP1_EP5 pid=233918)   File "/home/l00838859/cann/my-project/vllm/vllm/v1/worker/worker_base.py", line 220, in shutdown
(Worker_DP2_TP1_EP5 pid=233918)     self.worker.shutdown()
(Worker_DP2_TP1_EP5 pid=233918)   File "/home/l00838859/cann/my-project/vllm-ascend/vllm_ascend/worker/worker.py", line 387, in shutdown
(Worker_DP2_TP1_EP5 pid=233918)     shutdown_fn()
(Worker_DP2_TP1_EP5 pid=233918)   File "/home/l00838859/cann/my-project/vllm/vllm/v1/worker/gpu_model_runner.py", line 6447, in shutdown
(Worker_DP2_TP1_EP5 pid=233918)     self._cleanup_profiling_kv_cache()
(Worker_DP2_TP1_EP5 pid=233918)   File "/home/l00838859/cann/my-project/vllm/vllm/v1/worker/gpu_model_runner.py", line 6465, in _cleanup_profiling_kv_cache
(Worker_DP2_TP1_EP5 pid=233918)     torch.accelerator.synchronize()
(Worker_DP2_TP1_EP5 pid=233918)   File "/usr/local/lib/python3.11/site-packages/torch/accelerator/__init__.py", line 262, in synchronize
(Worker_DP2_TP1_EP5 pid=233918)     torch._C._accelerator_synchronizeDevice(device_index)
(Worker_DP2_TP1_EP5 pid=233918) RuntimeError: The Inner error is reported as above. The process exits for this inner error, and the current working event is 0xaaab123a1fd0.
(Worker_DP2_TP1_EP5 pid=233918) Since the operator is called asynchronously, the stacktrace may be inaccurate. If you want to get the accurate stacktrace, please set the environment variable ASCEND_LAUNCH_BLOCKING=1.
(Worker_DP2_TP1_EP5 pid=233918) Note: ASCEND_LAUNCH_BLOCKING=1 will force ops to run in synchronous mode, resulting in performance degradation. Please unset ASCEND_LAUNCH_BLOCKING in time after debugging.
(Worker_DP2_TP1_EP5 pid=233918) [ERROR] 2026-07-27-15:49:06 (PID:233918, Device:5, RankID:-1) ERR00100 PTA call acl api failed.
(Worker_DP2_TP1_EP5 pid=233918) EE9999: Inner Error!
(Worker_DP2_TP1_EP5 pid=233918) EE9999[PID: 233918] 2026-07-27-15:49:06.459.040 (EE9999):  Failed to submit record task, retCode=0x7150050.[FUNC:Record][FILE:event.cc][LINE:487]
(Worker_DP2_TP1_EP5 pid=233918)         TraceBack (most recent call last):
(Worker_DP2_TP1_EP5 pid=233918)        rtEventRecord execution failed, reason=the model stream execute failed[FUNC:FuncErrorReason][FILE:error_message_manage.cc][LINE:65]
(Worker_DP2_TP1_EP5 pid=233918)        record event failed, runtime result = 507011[FUNC:ReportCallError][FILE:log_inner.cpp][LINE:148]
(Worker_DP2_TP1_EP5 pid=233918) 
[rank5]:[W727 15:49:08.267377520 NPUStream.cpp:596] Warning: NPU warning, error code is 507011[Error]: 
[Error]: Model execution failed. 
        Rectify the fault based on the error information in the ascend log.
EE9999: Inner Error!
EE9999[PID: 233918] 2026-07-27-15:49:08.353.630 (EE9999):  rtDeviceSynchronizeWithTimeout execution failed, reason=the model stream execute failed[FUNC:FuncErrorReason][FILE:error_message_manage.cc][LINE:65]
        TraceBack (most recent call last):
       wait for compute device to finish failed, runtime result = 507011.[FUNC:ReportCallError][FILE:log_inner.cpp][LINE:148]
 (function npuSynchronizeUsedDevices)
(Worker_DP3_TP1_EP7 pid=233954) Process VllmWorker-1:
[W727 15:49:08.268558860 NPUStream.cpp:578] Warning: NPU warning, error code is 507011[Error]: 
[Error]: Model execution failed. 
        Rectify the fault based on the error information in the ascend log.
EE9999: Inner Error!
EE9999[PID: 233528] 2026-07-27-15:49:08.354.882 (EE9999):  rtDeviceSynchronizeWithTimeout execution failed, reason=the model stream execute failed[FUNC:FuncErrorReason][FILE:error_message_manage.cc][LINE:65]
        TraceBack (most recent call last):
       wait for compute device to finish failed, runtime result = 507011.[FUNC:ReportCallError][FILE:log_inner.cpp][LINE:148]
 (function npuSynchronizeDevice)
(Worker_DP3_TP1_EP7 pid=233954) Traceback (most recent call last):
(Worker_DP3_TP1_EP7 pid=233954)   File "/usr/local/lib/python3.11/multiprocessing/process.py", line 314, in _bootstrap
(Worker_DP3_TP1_EP7 pid=233954)     self.run()
(Worker_DP3_TP1_EP7 pid=233954)   File "/usr/local/lib/python3.11/multiprocessing/process.py", line 108, in run
(Worker_DP3_TP1_EP7 pid=233954)     self._target(*self._args, **self._kwargs)
(Worker_DP3_TP1_EP7 pid=233954)   File "/home/l00838859/cann/my-project/vllm/vllm/v1/executor/multiproc_executor.py", line 933, in worker_main
(Worker_DP3_TP1_EP7 pid=233954)     worker.shutdown()
(Worker_DP3_TP1_EP7 pid=233954)   File "/home/l00838859/cann/my-project/vllm/vllm/v1/executor/multiproc_executor.py", line 778, in shutdown
(Worker_DP3_TP1_EP7 pid=233954)     self.worker.shutdown()
(Worker_DP3_TP1_EP7 pid=233954)   File "/home/l00838859/cann/my-project/vllm/vllm/v1/worker/worker_base.py", line 220, in shutdown
(Worker_DP3_TP1_EP7 pid=233954)     self.worker.shutdown()
(Worker_DP3_TP1_EP7 pid=233954)   File "/home/l00838859/cann/my-project/vllm-ascend/vllm_ascend/worker/worker.py", line 387, in shutdown
(Worker_DP3_TP1_EP7 pid=233954)     shutdown_fn()
(Worker_DP3_TP1_EP7 pid=233954)   File "/home/l00838859/cann/my-project/vllm/vllm/v1/worker/gpu_model_runner.py", line 6447, in shutdown
(Worker_DP3_TP1_EP7 pid=233954)     self._cleanup_profiling_kv_cache()
(Worker_DP3_TP1_EP7 pid=233954)   File "/home/l00838859/cann/my-project/vllm/vllm/v1/worker/gpu_model_runner.py", line 6465, in _cleanup_profiling_kv_cache
(Worker_DP3_TP1_EP7 pid=233954)     torch.accelerator.synchronize()
(Worker_DP3_TP1_EP7 pid=233954)   File "/usr/local/lib/python3.11/site-packages/torch/accelerator/__init__.py", line 262, in synchronize
(Worker_DP3_TP1_EP7 pid=233954)     torch._C._accelerator_synchronizeDevice(device_index)
(Worker_DP3_TP1_EP7 pid=233954) RuntimeError: The Inner error is reported as above. The process exits for this inner error, and the current working event is 0xaaab2cb9b490.
(Worker_DP3_TP1_EP7 pid=233954) Since the operator is called asynchronously, the stacktrace may be inaccurate. If you want to get the accurate stacktrace, please set the environment variable ASCEND_LAUNCH_BLOCKING=1.
(Worker_DP3_TP1_EP7 pid=233954) Note: ASCEND_LAUNCH_BLOCKING=1 will force ops to run in synchronous mode, resulting in performance degradation. Please unset ASCEND_LAUNCH_BLOCKING in time after debugging.
(Worker_DP3_TP1_EP7 pid=233954) [ERROR] 2026-07-27-15:49:06 (PID:233954, Device:7, RankID:-1) ERR00100 PTA call acl api failed.
(Worker_DP3_TP1_EP7 pid=233954) EE9999: Inner Error!
(Worker_DP3_TP1_EP7 pid=233954) EE9999[PID: 233954] 2026-07-27-15:49:06.464.280 (EE9999):  Failed to submit record task, retCode=0x7150050.[FUNC:Record][FILE:event.cc][LINE:487]
(Worker_DP3_TP1_EP7 pid=233954)         TraceBack (most recent call last):
(Worker_DP3_TP1_EP7 pid=233954)        rtEventRecord execution failed, reason=the model stream execute failed[FUNC:FuncErrorReason][FILE:error_message_manage.cc][LINE:65]
(Worker_DP3_TP1_EP7 pid=233954)        record event failed, runtime result = 507011[FUNC:ReportCallError][FILE:log_inner.cpp][LINE:148]
(Worker_DP3_TP1_EP7 pid=233954) 
[rank7]:[W727 15:49:08.271961000 NPUStream.cpp:596] Warning: NPU warning, error code is 507011[Error]: 
[Error]: Model execution failed. 
        Rectify the fault based on the error information in the ascend log.
EE9999: Inner Error!
EE9999[PID: 233954] 2026-07-27-15:49:08.358.121 (EE9999):  rtDeviceSynchronizeWithTimeout execution failed, reason=the model stream execute failed[FUNC:FuncErrorReason][FILE:error_message_manage.cc][LINE:65]
        TraceBack (most recent call last):
       wait for compute device to finish failed, runtime result = 507011.[FUNC:ReportCallError][FILE:log_inner.cpp][LINE:148]
 (function npuSynchronizeUsedDevices)
[W727 15:49:08.276085150 NPUStream.cpp:578] Warning: NPU warning, error code is 507011[Error]: 
[Error]: Model execution failed. 
        Rectify the fault based on the error information in the ascend log.
EE9999: Inner Error!
EE9999[PID: 233528] 2026-07-27-15:49:08.362.292 (EE9999):  rtDeviceSynchronizeWithTimeout execution failed, reason=the model stream execute failed[FUNC:FuncErrorReason][FILE:error_message_manage.cc][LINE:65]
        TraceBack (most recent call last):
       wait for compute device to finish failed, runtime result = 507011.[FUNC:ReportCallError][FILE:log_inner.cpp][LINE:148]
 (function npuSynchronizeDevice)
[W727 15:49:08.277878350 NPUStream.cpp:578] Warning: NPU warning, error code is 507011[Error]: 
[Error]: Model execution failed. 
        Rectify the fault based on the error information in the ascend log.
EE9999: Inner Error!
EE9999[PID: 233918] 2026-07-27-15:49:08.364.228 (EE9999):  rtDeviceSynchronizeWithTimeout execution failed, reason=the model stream execute failed[FUNC:FuncErrorReason][FILE:error_message_manage.cc][LINE:65]
        TraceBack (most recent call last):
       wait for compute device to finish failed, runtime result = 507011.[FUNC:ReportCallError][FILE:log_inner.cpp][LINE:148]
 (function npuSynchronizeDevice)
[W727 15:49:08.278065490 NPUStream.cpp:578] Warning: NPU warning, error code is 507011[Error]: 
[Error]: Model execution failed. 
        Rectify the fault based on the error information in the ascend log.
EE9999: Inner Error!
EE9999[PID: 233528] 2026-07-27-15:49:08.364.428 (EE9999):  rtDeviceSynchronizeWithTimeout execution failed, reason=the model stream execute failed[FUNC:FuncErrorReason][FILE:error_message_manage.cc][LINE:65]
        TraceBack (most recent call last):
       wait for compute device to finish failed, runtime result = 507011.[FUNC:ReportCallError][FILE:log_inner.cpp][LINE:148]
 (function npuSynchronizeDevice)
[W727 15:49:08.278373200 NPUStream.cpp:578] Warning: NPU warning, error code is 507011[Error]: 
[Error]: Model execution failed. 
        Rectify the fault based on the error information in the ascend log.
EE9999: Inner Error!
EE9999[PID: 233918] 2026-07-27-15:49:08.364.843 (EE9999):  rtDeviceSynchronizeWithTimeout execution failed, reason=the model stream execute failed[FUNC:FuncErrorReason][FILE:error_message_manage.cc][LINE:65]
        TraceBack (most recent call last):
       wait for compute device to finish failed, runtime result = 507011.[FUNC:ReportCallError][FILE:log_inner.cpp][LINE:148]
 (function npuSynchronizeDevice)
[W727 15:49:08.279929970 NPUStream.cpp:578] Warning: NPU warning, error code is 507011[Error]: 
[Error]: Model execution failed. 
        Rectify the fault based on the error information in the ascend log.
EE9999: Inner Error!
EE9999[PID: 233907] 2026-07-27-15:49:08.366.162 (EE9999):  rtDeviceSynchronizeWithTimeout execution failed, reason=the model stream execute failed[FUNC:FuncErrorReason][FILE:error_message_manage.cc][LINE:65]
        TraceBack (most recent call last):
       wait for compute device to finish failed, runtime result = 507011.[FUNC:ReportCallError][FILE:log_inner.cpp][LINE:148]
 (function npuSynchronizeDevice)
[W727 15:49:08.282411100 NPUStream.cpp:578] Warning: NPU warning, error code is 507011[Error]: 
[Error]: Model execution failed. 
        Rectify the fault based on the error information in the ascend log.
EE9999: Inner Error!
EE9999[PID: 233918] 2026-07-27-15:49:08.368.846 (EE9999):  rtDeviceSynchronizeWithTimeout execution failed, reason=the model stream execute failed[FUNC:FuncErrorReason][FILE:error_message_manage.cc][LINE:65]
        TraceBack (most recent call last):
       wait for compute device to finish failed, runtime result = 507011.[FUNC:ReportCallError][FILE:log_inner.cpp][LINE:148]
 (function npuSynchronizeDevice)
[W727 15:49:08.282450440 NPUStream.cpp:578] Warning: NPU warning, error code is 507011[Error]: 
[Error]: Model execution failed. 
        Rectify the fault based on the error information in the ascend log.
EE9999: Inner Error!
EE9999[PID: 233954] 2026-07-27-15:49:08.368.811 (EE9999):  rtDeviceSynchronizeWithTimeout execution failed, reason=the model stream execute failed[FUNC:FuncErrorReason][FILE:error_message_manage.cc][LINE:65]
        TraceBack (most recent call last):
       wait for compute device to finish failed, runtime result = 507011.[FUNC:ReportCallError][FILE:log_inner.cpp][LINE:148]
 (function npuSynchronizeDevice)
[W727 15:49:08.283100880 NPUStream.cpp:578] Warning: NPU warning, error code is 507011[Error]: 
[Error]: Model execution failed. 
        Rectify the fault based on the error information in the ascend log.
EE9999: Inner Error!
EE9999[PID: 233954] 2026-07-27-15:49:08.369.502 (EE9999):  rtDeviceSynchronizeWithTimeout execution failed, reason=the model stream execute failed[FUNC:FuncErrorReason][FILE:error_message_manage.cc][LINE:65]
        TraceBack (most recent call last):
       wait for compute device to finish failed, runtime result = 507011.[FUNC:ReportCallError][FILE:log_inner.cpp][LINE:148]
 (function npuSynchronizeDevice)
(Worker_DP3_TP0_EP6 pid=233532) Process VllmWorker-0:
(Worker_DP3_TP0_EP6 pid=233532) Traceback (most recent call last):
(Worker_DP3_TP0_EP6 pid=233532)   File "/usr/local/lib/python3.11/multiprocessing/process.py", line 314, in _bootstrap
(Worker_DP3_TP0_EP6 pid=233532)     self.run()
(Worker_DP3_TP0_EP6 pid=233532)   File "/usr/local/lib/python3.11/multiprocessing/process.py", line 108, in run
(Worker_DP3_TP0_EP6 pid=233532)     self._target(*self._args, **self._kwargs)
(Worker_DP3_TP0_EP6 pid=233532)   File "/home/l00838859/cann/my-project/vllm/vllm/v1/executor/multiproc_executor.py", line 933, in worker_main
(Worker_DP3_TP0_EP6 pid=233532)     worker.shutdown()
(Worker_DP3_TP0_EP6 pid=233532)   File "/home/l00838859/cann/my-project/vllm/vllm/v1/executor/multiproc_executor.py", line 778, in shutdown
(Worker_DP3_TP0_EP6 pid=233532)     self.worker.shutdown()
(Worker_DP3_TP0_EP6 pid=233532)   File "/home/l00838859/cann/my-project/vllm/vllm/v1/worker/worker_base.py", line 220, in shutdown
(Worker_DP3_TP0_EP6 pid=233532)     self.worker.shutdown()
(Worker_DP3_TP0_EP6 pid=233532)   File "/home/l00838859/cann/my-project/vllm-ascend/vllm_ascend/worker/worker.py", line 387, in shutdown
(Worker_DP3_TP0_EP6 pid=233532)     shutdown_fn()
(Worker_DP3_TP0_EP6 pid=233532)   File "/home/l00838859/cann/my-project/vllm/vllm/v1/worker/gpu_model_runner.py", line 6447, in shutdown
(Worker_DP3_TP0_EP6 pid=233532)     self._cleanup_profiling_kv_cache()
(Worker_DP3_TP0_EP6 pid=233532)   File "/home/l00838859/cann/my-project/vllm/vllm/v1/worker/gpu_model_runner.py", line 6465, in _cleanup_profiling_kv_cache
(Worker_DP3_TP0_EP6 pid=233532)     torch.accelerator.synchronize()
(Worker_DP3_TP0_EP6 pid=233532)   File "/usr/local/lib/python3.11/site-packages/torch/accelerator/__init__.py", line 262, in synchronize
(Worker_DP3_TP0_EP6 pid=233532)     torch._C._accelerator_synchronizeDevice(device_index)
(Worker_DP3_TP0_EP6 pid=233532) RuntimeError: npuSynchronizeDevice:../torch_npu/csrc/core/npu/NPUStream.cpp:576 NPU function error: AclrtSynchronizeDeviceWithTimeout, error code is 507011
(Worker_DP3_TP0_EP6 pid=233532) [ERROR] 2026-07-27-15:49:06 (PID:233532, Device:6, RankID:-1) ERR00100 PTA call acl api failed
(Worker_DP3_TP0_EP6 pid=233532) [Error]: Model execution failed. 
(Worker_DP3_TP0_EP6 pid=233532)         Rectify the fault based on the error information in the ascend log.
(Worker_DP3_TP0_EP6 pid=233532) EE9999: Inner Error!
(Worker_DP3_TP0_EP6 pid=233532) EE9999[PID: 233532] 2026-07-27-15:49:06.495.838 (EE9999):  rtDeviceSynchronizeWithTimeout execution failed, reason=the model stream execute failed[FUNC:FuncErrorReason][FILE:error_message_manage.cc][LINE:65]
(Worker_DP3_TP0_EP6 pid=233532)         TraceBack (most recent call last):
(Worker_DP3_TP0_EP6 pid=233532)        wait for compute device to finish failed, runtime result = 507011.[FUNC:ReportCallError][FILE:log_inner.cpp][LINE:148]
(Worker_DP3_TP0_EP6 pid=233532) 
[W727 15:49:08.287224740 NPUStream.cpp:578] Warning: NPU warning, error code is 507011[Error]: 
[Error]: Model execution failed. 
        Rectify the fault based on the error information in the ascend log.
EE9999: Inner Error!
EE9999[PID: 233954] 2026-07-27-15:49:08.373.650 (EE9999):  rtDeviceSynchronizeWithTimeout execution failed, reason=the model stream execute failed[FUNC:FuncErrorReason][FILE:error_message_manage.cc][LINE:65]
        TraceBack (most recent call last):
       wait for compute device to finish failed, runtime result = 507011.[FUNC:ReportCallError][FILE:log_inner.cpp][LINE:148]
 (function npuSynchronizeDevice)
[W727 15:49:08.287673880 NPUStream.cpp:578] Warning: NPU warning, error code is 507011[Error]: 
[Error]: Model execution failed. 
        Rectify the fault based on the error information in the ascend log.
EE9999: Inner Error!
EE9999[PID: 233907] 2026-07-27-15:49:08.373.989 (EE9999):  rtDeviceSynchronizeWithTimeout execution failed, reason=the model stream execute failed[FUNC:FuncErrorReason][FILE:error_message_manage.cc][LINE:65]
        TraceBack (most recent call last):
       wait for compute device to finish failed, runtime result = 507011.[FUNC:ReportCallError][FILE:log_inner.cpp][LINE:148]
 (function npuSynchronizeDevice)
[rank6]:[W727 15:49:08.288547070 NPUStream.cpp:596] Warning: NPU warning, error code is 507011[Error]: 
[Error]: Model execution failed. 
        Rectify the fault based on the error information in the ascend log.
EE9999: Inner Error!
EE9999[PID: 233532] 2026-07-27-15:49:08.374.481 (EE9999):  rtDeviceSynchronizeWithTimeout execution failed, reason=the model stream execute failed[FUNC:FuncErrorReason][FILE:error_message_manage.cc][LINE:65]
        TraceBack (most recent call last):
       wait for compute device to finish failed, runtime result = 507011.[FUNC:ReportCallError][FILE:log_inner.cpp][LINE:148]
 (function npuSynchronizeUsedDevices)
[W727 15:49:08.289519360 NPUStream.cpp:578] Warning: NPU warning, error code is 507011[Error]: 
[Error]: Model execution failed. 
        Rectify the fault based on the error information in the ascend log.
EE9999: Inner Error!
EE9999[PID: 233907] 2026-07-27-15:49:08.375.885 (EE9999):  rtDeviceSynchronizeWithTimeout execution failed, reason=the model stream execute failed[FUNC:FuncErrorReason][FILE:error_message_manage.cc][LINE:65]
        TraceBack (most recent call last):
       wait for compute device to finish failed, runtime result = 507011.[FUNC:ReportCallError][FILE:log_inner.cpp][LINE:148]
 (function npuSynchronizeDevice)
[W727 15:49:08.293851460 NPUStream.cpp:578] Warning: NPU warning, error code is 507011[Error]: 
[Error]: Model execution failed. 
        Rectify the fault based on the error information in the ascend log.
EE9999: Inner Error!
EE9999[PID: 233918] 2026-07-27-15:49:08.380.245 (EE9999):  rtDeviceSynchronizeWithTimeout execution failed, reason=the model stream execute failed[FUNC:FuncErrorReason][FILE:error_message_manage.cc][LINE:65]
        TraceBack (most recent call last):
       wait for compute device to finish failed, runtime result = 507011.[FUNC:ReportCallError][FILE:log_inner.cpp][LINE:148]
 (function npuSynchronizeDevice)
[W727 15:49:08.298590930 NPUStream.cpp:578] Warning: NPU warning, error code is 507011[Error]: 
[Error]: Model execution failed. 
        Rectify the fault based on the error information in the ascend log.
EE9999: Inner Error!
EE9999[PID: 233532] 2026-07-27-15:49:08.384.978 (EE9999):  rtDeviceSynchronizeWithTimeout execution failed, reason=the model stream execute failed[FUNC:FuncErrorReason][FILE:error_message_manage.cc][LINE:65]
        TraceBack (most recent call last):
       wait for compute device to finish failed, runtime result = 507011.[FUNC:ReportCallError][FILE:log_inner.cpp][LINE:148]
 (function npuSynchronizeDevice)
[W727 15:49:08.298742970 NPUStream.cpp:578] Warning: NPU warning, error code is 507011[Error]: 
[Error]: Model execution failed. 
        Rectify the fault based on the error information in the ascend log.
EE9999: Inner Error!
EE9999[PID: 233954] 2026-07-27-15:49:08.385.101 (EE9999):  rtDeviceSynchronizeWithTimeout execution failed, reason=the model stream execute failed[FUNC:FuncErrorReason][FILE:error_message_manage.cc][LINE:65]
        TraceBack (most recent call last):
       wait for compute device to finish failed, runtime result = 507011.[FUNC:ReportCallError][FILE:log_inner.cpp][LINE:148]
 (function npuSynchronizeDevice)
[W727 15:49:08.299158980 NPUStream.cpp:578] Warning: NPU warning, error code is 507011[Error]: 
[Error]: Model execution failed. 
        Rectify the fault based on the error information in the ascend log.
EE9999: Inner Error!
EE9999[PID: 233532] 2026-07-27-15:49:08.385.598 (EE9999):  rtDeviceSynchronizeWithTimeout execution failed, reason=the model stream execute failed[FUNC:FuncErrorReason][FILE:error_message_manage.cc][LINE:65]
        TraceBack (most recent call last):
       wait for compute device to finish failed, runtime result = 507011.[FUNC:ReportCallError][FILE:log_inner.cpp][LINE:148]
 (function npuSynchronizeDevice)
[W727 15:49:08.300930790 NPUStream.cpp:578] Warning: NPU warning, error code is 507011[Error]: 
[Error]: Model execution failed. 
        Rectify the fault based on the error information in the ascend log.
EE9999: Inner Error!
EE9999[PID: 233918] 2026-07-27-15:49:08.387.335 (EE9999):  rtDeviceSynchronizeWithTimeout execution failed, reason=the model stream execute failed[FUNC:FuncErrorReason][FILE:error_message_manage.cc][LINE:65]
        TraceBack (most recent call last):
       wait for compute device to finish failed, runtime result = 507011.[FUNC:ReportCallError][FILE:log_inner.cpp][LINE:148]
 (function npuSynchronizeDevice)
[W727 15:49:08.302507710 NPUStream.cpp:578] Warning: NPU warning, error code is 507011[Error]: 
[Error]: Model execution failed. 
        Rectify the fault based on the error information in the ascend log.
EE9999: Inner Error!
EE9999[PID: 233918] 2026-07-27-15:49:08.388.978 (EE9999):  rtDeviceSynchronizeWithTimeout execution failed, reason=the model stream execute failed[FUNC:FuncErrorReason][FILE:error_message_manage.cc][LINE:65]
        TraceBack (most recent call last):
       wait for compute device to finish failed, runtime result = 507011.[FUNC:ReportCallError][FILE:log_inner.cpp][LINE:148]
 (function npuSynchronizeDevice)
[W727 15:49:08.303277960 NPUStream.cpp:578] Warning: NPU warning, error code is 507011[Error]: 
[Error]: Model execution failed. 
        Rectify the fault based on the error information in the ascend log.
EE9999: Inner Error!
EE9999[PID: 233532] 2026-07-27-15:49:08.389.631 (EE9999):  rtDeviceSynchronizeWithTimeout execution failed, reason=the model stream execute failed[FUNC:FuncErrorReason][FILE:error_message_manage.cc][LINE:65]
        TraceBack (most recent call last):
       wait for compute device to finish failed, runtime result = 507011.[FUNC:ReportCallError][FILE:log_inner.cpp][LINE:148]
 (function npuSynchronizeDevice)
[W727 15:49:08.306064430 NPUStream.cpp:578] Warning: NPU warning, error code is 507011[Error]: 
[Error]: Model execution failed. 
        Rectify the fault based on the error information in the ascend log.
EE9999: Inner Error!
EE9999[PID: 233954] 2026-07-27-15:49:08.392.390 (EE9999):  rtDeviceSynchronizeWithTimeout execution failed, reason=the model stream execute failed[FUNC:FuncErrorReason][FILE:error_message_manage.cc][LINE:65]
        TraceBack (most recent call last):
       wait for compute device to finish failed, runtime result = 507011.[FUNC:ReportCallError][FILE:log_inner.cpp][LINE:148]
 (function npuSynchronizeDevice)
[W727 15:49:08.308117220 NPUStream.cpp:578] Warning: NPU warning, error code is 507011[Error]: 
[Error]: Model execution failed. 
        Rectify the fault based on the error information in the ascend log.
EE9999: Inner Error!
EE9999[PID: 233954] 2026-07-27-15:49:08.394.394 (EE9999):  rtDeviceSynchronizeWithTimeout execution failed, reason=the model stream execute failed[FUNC:FuncErrorReason][FILE:error_message_manage.cc][LINE:65]
        TraceBack (most recent call last):
       wait for compute device to finish failed, runtime result = 507011.[FUNC:ReportCallError][FILE:log_inner.cpp][LINE:148]
 (function npuSynchronizeDevice)
[W727 15:49:08.318016190 NPUStream.cpp:578] Warning: NPU warning, error code is 507011[Error]: 
[Error]: Model execution failed. 
        Rectify the fault based on the error information in the ascend log.
EE9999: Inner Error!
EE9999[PID: 233532] 2026-07-27-15:49:08.404.190 (EE9999):  rtDeviceSynchronizeWithTimeout execution failed, reason=the model stream execute failed[FUNC:FuncErrorReason][FILE:error_message_manage.cc][LINE:65]
        TraceBack (most recent call last):
       wait for compute device to finish failed, runtime result = 507011.[FUNC:ReportCallError][FILE:log_inner.cpp][LINE:148]
 (function npuSynchronizeDevice)
[W727 15:49:08.326721190 NPUStream.cpp:578] Warning: NPU warning, error code is 507011[Error]: 
[Error]: Model execution failed. 
        Rectify the fault based on the error information in the ascend log.
EE9999: Inner Error!
EE9999[PID: 233532] 2026-07-27-15:49:08.413.053 (EE9999):  rtDeviceSynchronizeWithTimeout execution failed, reason=the model stream execute failed[FUNC:FuncErrorReason][FILE:error_message_manage.cc][LINE:65]
        TraceBack (most recent call last):
       wait for compute device to finish failed, runtime result = 507011.[FUNC:ReportCallError][FILE:log_inner.cpp][LINE:148]
 (function npuSynchronizeDevice)
[W727 15:49:08.328657090 NPUStream.cpp:578] Warning: NPU warning, error code is 507011[Error]: 
[Error]: Model execution failed. 
        Rectify the fault based on the error information in the ascend log.
EE9999: Inner Error!
EE9999[PID: 233532] 2026-07-27-15:49:08.415.068 (EE9999):  rtDeviceSynchronizeWithTimeout execution failed, reason=the model stream execute failed[FUNC:FuncErrorReason][FILE:error_message_manage.cc][LINE:65]
        TraceBack (most recent call last):
       wait for compute device to finish failed, runtime result = 507011.[FUNC:ReportCallError][FILE:log_inner.cpp][LINE:148]
 (function npuSynchronizeDevice)
(EngineCore_DP0 pid=233078) WARNING 07-27 15:49:11 [multiproc_executor.py:441] [shutdown] Executor: workers still running after grace period; sending SIGTERM count=2
(EngineCore_DP4 pid=233095) WARNING 07-27 15:49:11 [multiproc_executor.py:441] [shutdown] Executor: workers still running after grace period; sending SIGTERM count=2
(EngineCore_DP2 pid=233074) WARNING 07-27 15:49:11 [multiproc_executor.py:441] [shutdown] Executor: workers still running after grace period; sending SIGTERM count=2
(EngineCore_DP5 pid=233094) WARNING 07-27 15:49:11 [multiproc_executor.py:441] [shutdown] Executor: workers still running after grace period; sending SIGTERM count=2
(EngineCore_DP1 pid=233102) WARNING 07-27 15:49:11 [multiproc_executor.py:441] [shutdown] Executor: workers still running after grace period; sending SIGTERM count=2
(EngineCore_DP3 pid=233093) WARNING 07-27 15:49:11 [multiproc_executor.py:441] [shutdown] Executor: workers still running after grace period; sending SIGTERM count=2
(EngineCore_DP0 pid=233078) WARNING 07-27 15:49:12 [parallel_state.py:2131] torch._C._host_emptyCache() only available in Pytorch >=2.5
(EngineCore_DP0 pid=233078) Process EngineCore_DP0:
(EngineCore_DP0 pid=233078) Traceback (most recent call last):
(EngineCore_DP0 pid=233078)   File "/usr/local/lib/python3.11/multiprocessing/process.py", line 314, in _bootstrap
(EngineCore_DP0 pid=233078)     self.run()
(EngineCore_DP0 pid=233078)   File "/usr/local/lib/python3.11/multiprocessing/process.py", line 108, in run
(EngineCore_DP0 pid=233078)     self._target(*self._args, **self._kwargs)
(EngineCore_DP0 pid=233078)   File "/home/l00838859/cann/my-project/vllm-ascend/vllm_ascend/patch/platform/patch_balance_schedule.py", line 896, in _balance_run_engine_core
(EngineCore_DP0 pid=233078)     return _OriginalRunEngineCore(*args, dp_rank=dp_rank, local_dp_rank=local_dp_rank, **kwargs)
(EngineCore_DP0 pid=233078)            ^^^^^^^^^^^^^^^^^^^^^^^^^^^^^^^^^^^^^^^^^^^^^^^^^^^^^^^^^^^^^^^^^^^^^^^^^^^^^^^^^^^^^
(EngineCore_DP0 pid=233078)   File "/home/l00838859/cann/my-project/vllm/vllm/v1/engine/core.py", line 1235, in run_engine_core
(EngineCore_DP0 pid=233078)     raise e
(EngineCore_DP0 pid=233078)   File "/home/l00838859/cann/my-project/vllm/vllm/v1/engine/core.py", line 1224, in run_engine_core
(EngineCore_DP0 pid=233078)     engine_core.run_busy_loop()
(EngineCore_DP0 pid=233078)   File "/home/l00838859/cann/my-project/vllm/vllm/v1/engine/core.py", line 1943, in run_busy_loop
(EngineCore_DP0 pid=233078)     executed = self._process_engine_step()
(EngineCore_DP0 pid=233078)                ^^^^^^^^^^^^^^^^^^^^^^^^^^^
(EngineCore_DP0 pid=233078)   File "/home/l00838859/cann/my-project/vllm/vllm/v1/engine/core.py", line 1304, in _process_engine_step
(EngineCore_DP0 pid=233078)     outputs, model_executed = self.step_fn()
(EngineCore_DP0 pid=233078)                               ^^^^^^^^^^^^^^
(EngineCore_DP0 pid=233078)   File "/home/l00838859/cann/my-project/vllm/vllm/v1/engine/core.py", line 595, in step_with_batch_queue
(EngineCore_DP0 pid=233078)     model_output = future.result()
(EngineCore_DP0 pid=233078)                    ^^^^^^^^^^^^^^^
(EngineCore_DP0 pid=233078)   File "/home/l00838859/cann/my-project/vllm/vllm/v1/executor/multiproc_executor.py", line 91, in result
(EngineCore_DP0 pid=233078)     return super().result()
(EngineCore_DP0 pid=233078)            ^^^^^^^^^^^^^^^^
(EngineCore_DP0 pid=233078)   File "/usr/local/lib/python3.11/concurrent/futures/_base.py", line 449, in result
(EngineCore_DP0 pid=233078)     return self.__get_result()
(EngineCore_DP0 pid=233078)            ^^^^^^^^^^^^^^^^^^^
(EngineCore_DP0 pid=233078)   File "/usr/local/lib/python3.11/concurrent/futures/_base.py", line 401, in __get_result
(EngineCore_DP0 pid=233078)     raise self._exception
(EngineCore_DP0 pid=233078)   File "/home/l00838859/cann/my-project/vllm/vllm/v1/executor/multiproc_executor.py", line 95, in _wait_for_response
(EngineCore_DP0 pid=233078)     response = self.aggregate(self.get_response())
(EngineCore_DP0 pid=233078)                               ^^^^^^^^^^^^^^^^^^^
(EngineCore_DP0 pid=233078)   File "/home/l00838859/cann/my-project/vllm/vllm/v1/executor/multiproc_executor.py", line 394, in get_response
(EngineCore_DP0 pid=233078)     raise RuntimeError(
(EngineCore_DP0 pid=233078) RuntimeError: Worker failed with error 'synchronize:../torch_npu/csrc/core/npu/NPUEvent.cpp:212 NPU function error: aclrtSynchronizeEvent(event_), error code is 507011
(EngineCore_DP0 pid=233078) [ERROR] 2026-07-27-15:49:06 (PID:233535, Device:0, RankID:-1) ERR00100 PTA call acl api failed
(EngineCore_DP0 pid=233078) [Error]: Model execution failed. 
(EngineCore_DP0 pid=233078)         Rectify the fault based on the error information in the ascend log.
(EngineCore_DP0 pid=233078) [PID: 233535] 2026-07-27-15:49:06.453.058 Execution_Error_SDMA(EI0012): SDMA memory copy task exception occurred. Remote rank: [0]. Base information: [streamID:[81], taskID[1], taskType[Task AIV], tag[], AlgType(level 0-1-2):[ring-ring-ring].]. Task information: [cmdType:[6], tag:[5], size:[688128], numBlocks:[8], rankSize:[2], aivRdmaStep:[-1], flagMem:[0x130f61a00000], isOpbase:[0]
(EngineCore_DP0 pid=233078) there are 5 abnormal device(s), only the first 3 devices are listed:
(EngineCore_DP0 pid=233078) 	[TaskExecStage][HeartbeatAbnormal]Cluster Exception Location[IP/ID]:[10.10.1.44/2], Arrival Time:[Mon Jul 27 15:47:16 2026], ExceptionType:[Stuck Occurred], Possible Reason:1.Host process is stuck, 2.Device task is stuck
(EngineCore_DP0 pid=233078) 	[TaskExecStage][HeartbeatAbnormal]Cluster Exception Location[IP/ID]:[10.10.1.44/10], Arrival Time:[Mon Jul 27 15:47:17 2026], ExceptionType:[Stuck Occurred], Possible Reason:1.Host process is stuck, 2.Device task is stuck
(EngineCore_DP0 pid=233078) 	[TaskExecStage][HeartbeatAbnormal]Cluster Exception Location[IP/ID]:[10.10.1.44/8], Arrival Time:[Mon Jul 27 15:47:17 2026], ExceptionType:[Stuck Occurred], Possible Reason:1.Host process is stuck, 2.Device task is stuck
(EngineCore_DP0 pid=233078) ]. Communicator information: [].
(EngineCore_DP0 pid=233078)         Possible Cause: 1. Network connection exception occurred during the SDMA task execution. 2. The peer process exits abnormally. 3. The input or output memory address is not allocated, the actual allocated size is smaller than the input data size, or the memory is freed before the operator execution is complete.
(EngineCore_DP0 pid=233078)         Solution: 1. Check whether the network link is abnormal during the execution. 2. Check whether a process in the cluster exits before an error is reported. If yes, locate the cause of the process exit. 3. Check whether the size of the input/output memory passed to the communication operator meets the expectation, and whether the input/output memory or communicator is freed or destroyed before the operator execution is complete.
(EngineCore_DP0 pid=233078)         TraceBack (most recent call last):
(EngineCore_DP0 pid=233078)         The error from device(chipId:0, dieId:0), serial number is 21, there is an exception of aivec error, core id is 43, error code = 0, dump info: pc start: 0x12c0de87ba0c, current: 0x12c0de89f0c4, vec error info: 0xad00000bfe, mte error info: 0xf603069c70, ifu error info: 0x217ffbe014040, ccu error info: 0x3cc903dc6880003f, cube error info: 0, biu error info: 0, aic error mask: 0x6500020bd00028c, para base: 0x12c1401d6000.[FUNC:PrintCoreInfo][FILE:device_error_core_proc.cc][LINE:645]
(EngineCore_DP0 pid=233078)         The extend info: errcode:(0, 0, 0) errorStr: timeout or trap error. fixp_error0 info: 0x3069c70, fixp_error1 info: 0xf6, fsmId:0, tslot:6, thread:0, ctxid:0, blk:4, sublk:0, subErrType:4.[FUNC:PrintCoreInfo][FILE:device_error_core_proc.cc][LINE:658]
(EngineCore_DP0 pid=233078)         The error from device(chipId:0, dieId:0), serial number is 21, there is an exception of aivec error, core id is 44, error code = 0, dump info: pc start: 0x12c0de87ba0c, current: 0x12c0de89f0c4, vec error info: 0xad00000cfe, mte error info: 0xf603064c70, ifu error info: 0x20003c01c2800, ccu error info: 0x11490956880003f, cube error info: 0, biu error info: 0, aic error mask: 0x6500020bd00028c, para base: 0x12c1401d6000.[FUNC:PrintCoreInfo][FILE:device_error_core_proc.cc][LINE:645]
(EngineCore_DP0 pid=233078)         The extend info: errcode:(0, 0, 0) errorStr: timeout or trap error. fixp_error0 info: 0x3064c70, fixp_error1 info: 0xf6, fsmId:0, tslot:6, thread:0, ctxid:0, blk:5, sublk:0, subErrType:4.[FUNC:PrintCoreInfo][FILE:device_error_core_proc.cc][LINE:658]
(EngineCore_DP0 pid=233078)         The error from device(chipId:0, dieId:0), serial number is 21, there is an exception of aivec error, core id is 45, error code = 0, dump info: pc start: 0x12c0de87ba0c, current: 0x12c0de89f0c4, vec error info: 0xad00000cfe, mte error info: 0x4e060000c7, ifu error info: 0x217ffbe014040, ccu error info: 0x9b3919206880003f, cube error info: 0, biu error info: 0, aic error mask: 0x6500020bd00028c, para base: 0x12c1401d6000.[FUNC:PrintCoreInfo][FILE:device_error_core_proc.cc][LINE:645]
(EngineCore_DP0 pid=233078)         The extend info: errcode:(0, 0, 0) errorStr: timeout or trap error. fixp_error0 info: 0x60000c7, fixp_error1 info: 0x4e, fsmId:0, tslot:6, thread:0, ctxid:0, blk:6, sublk:0, subErrType:4.[FUNC:PrintCoreInfo][FILE:device_error_core_proc.cc][LINE:658]
(EngineCore_DP0 pid=233078)         The error from device(chipId:0, dieId:0), serial number is 21, there is an exception of aivec error, core id is 46, error code = 0, dump info: pc start: 0x12c0de87ba0c, current: 0x12c0de89f0c4, vec error info: 0xad00000cfe, mte error info: 0x4e060000c7, ifu error info: 0x20003c01c2800, ccu error info: 0x64aed8256880003f, cube error info: 0, biu error info: 0, aic error mask: 0x6500020bd00028c, para base: 0x12c1401d6000.[FUNC:PrintCoreInfo][FILE:device_error_core_proc.cc][LINE:645]
(EngineCore_DP0 pid=233078)         The extend info: errcode:(0, 0, 0) errorStr: timeout or trap error. fixp_error0 info: 0x60000c7, fixp_error1 info: 0x4e, fsmId:1, tslot:6, thread:0, ctxid:0, blk:7, sublk:0, subErrType:4.[FUNC:PrintCoreInfo][FILE:device_error_core_proc.cc][LINE:658]
(EngineCore_DP0 pid=233078)         SDMA memory copy task exception occurred. Remote rank: [0]. Base information: [streamID:[81], taskID[1], taskType[Task AIV], tag[], AlgType(level 0-1-2):[ring-ring-ring].]. Task information: [cmdType:[6], tag:[5], size:[688128], numBlocks:[8], rankSize:[2], aivRdmaStep:[-1], flagMem:[0x130f61a00000], isOpbase:[0]
(EngineCore_DP0 pid=233078) there are 5 abnormal device(s), only the first 3 devices are listed:
(EngineCore_DP0 pid=233078) 	[TaskExecStage][HeartbeatAbnormal]Cluster Exception Location[IP/ID]:[10.10.1.44/2], Arrival Time:[Mon Jul 27 15:47:16 2026], ExceptionType:[Stuck Occurred], Possible Reason:1.Host process is stuck, 2.Device task is stuck
(EngineCore_DP0 pid=233078) 	[TaskExecStage][HeartbeatAbnormal]Cluster Exception Location[IP/ID]:[10.10.1.44/10], Arrival Time:[Mon Jul 27 15:47:17 2026], ExceptionType:[Stuck Occurred], Possible Reason:1.Host process is stuck, 2.Device task is stuck
(EngineCore_DP0 pid=233078) 	[TaskExecStage][HeartbeatAbnormal]Cluster Exception Location[IP/ID]:[10.10.1.44/8], Arrival Time:[Mon Jul 27 15:47:17 2026], ExceptionType:[Stuck Occurred], Possible Reason:1.Host process is stuck, 2.Device task is stuck
(EngineCore_DP0 pid=233078) ]. Communicator information: [].
(EngineCore_DP0 pid=233078)         rtEventSynchronize execution failed, reason=the model stream execute failed[FUNC:FuncErrorReason][FILE:error_message_manage.cc][LINE:65]
(EngineCore_DP0 pid=233078)         wait event to be complete failed, runtime result = 507011[FUNC:ReportCallError][FILE:log_inner.cpp][LINE:148]
(EngineCore_DP0 pid=233078) ', please check the stack trace above for the root cause
(EngineCore_DP3 pid=233093) WARNING 07-27 15:49:12 [parallel_state.py:2131] torch._C._host_emptyCache() only available in Pytorch >=2.5
(EngineCore_DP3 pid=233093) Process EngineCore_DP3:
(EngineCore_DP3 pid=233093) Traceback (most recent call last):
(EngineCore_DP3 pid=233093)   File "/usr/local/lib/python3.11/multiprocessing/process.py", line 314, in _bootstrap
(EngineCore_DP3 pid=233093)     self.run()
(EngineCore_DP3 pid=233093)   File "/usr/local/lib/python3.11/multiprocessing/process.py", line 108, in run
(EngineCore_DP3 pid=233093)     self._target(*self._args, **self._kwargs)
(EngineCore_DP3 pid=233093)   File "/home/l00838859/cann/my-project/vllm-ascend/vllm_ascend/patch/platform/patch_balance_schedule.py", line 896, in _balance_run_engine_core
(EngineCore_DP3 pid=233093)     return _OriginalRunEngineCore(*args, dp_rank=dp_rank, local_dp_rank=local_dp_rank, **kwargs)
(EngineCore_DP3 pid=233093)            ^^^^^^^^^^^^^^^^^^^^^^^^^^^^^^^^^^^^^^^^^^^^^^^^^^^^^^^^^^^^^^^^^^^^^^^^^^^^^^^^^^^^^
(EngineCore_DP3 pid=233093)   File "/home/l00838859/cann/my-project/vllm/vllm/v1/engine/core.py", line 1235, in run_engine_core
(EngineCore_DP3 pid=233093)     raise e
(EngineCore_DP3 pid=233093)   File "/home/l00838859/cann/my-project/vllm/vllm/v1/engine/core.py", line 1224, in run_engine_core
(EngineCore_DP3 pid=233093)     engine_core.run_busy_loop()
(EngineCore_DP3 pid=233093)   File "/home/l00838859/cann/my-project/vllm/vllm/v1/engine/core.py", line 1943, in run_busy_loop
(EngineCore_DP3 pid=233093)     executed = self._process_engine_step()
(EngineCore_DP3 pid=233093)                ^^^^^^^^^^^^^^^^^^^^^^^^^^^
(EngineCore_DP3 pid=233093)   File "/home/l00838859/cann/my-project/vllm/vllm/v1/engine/core.py", line 1304, in _process_engine_step
(EngineCore_DP3 pid=233093)     outputs, model_executed = self.step_fn()
(EngineCore_DP3 pid=233093)                               ^^^^^^^^^^^^^^
(EngineCore_DP3 pid=233093)   File "/home/l00838859/cann/my-project/vllm/vllm/v1/engine/core.py", line 595, in step_with_batch_queue
(EngineCore_DP3 pid=233093)     model_output = future.result()
(EngineCore_DP3 pid=233093)                    ^^^^^^^^^^^^^^^
(EngineCore_DP3 pid=233093)   File "/home/l00838859/cann/my-project/vllm/vllm/v1/executor/multiproc_executor.py", line 91, in result
(EngineCore_DP3 pid=233093)     return super().result()
(EngineCore_DP3 pid=233093)            ^^^^^^^^^^^^^^^^
(EngineCore_DP3 pid=233093)   File "/usr/local/lib/python3.11/concurrent/futures/_base.py", line 449, in result
(EngineCore_DP3 pid=233093)     return self.__get_result()
(EngineCore_DP3 pid=233093)            ^^^^^^^^^^^^^^^^^^^
(EngineCore_DP3 pid=233093)   File "/usr/local/lib/python3.11/concurrent/futures/_base.py", line 401, in __get_result
(EngineCore_DP3 pid=233093)     raise self._exception
(EngineCore_DP3 pid=233093)   File "/home/l00838859/cann/my-project/vllm/vllm/v1/executor/multiproc_executor.py", line 95, in _wait_for_response
(EngineCore_DP3 pid=233093)     response = self.aggregate(self.get_response())
(EngineCore_DP3 pid=233093)                               ^^^^^^^^^^^^^^^^^^^
(EngineCore_DP3 pid=233093)   File "/home/l00838859/cann/my-project/vllm/vllm/v1/executor/multiproc_executor.py", line 394, in get_response
(EngineCore_DP3 pid=233093)     raise RuntimeError(
(EngineCore_DP3 pid=233093) RuntimeError: Worker failed with error 'synchronize:../torch_npu/csrc/core/npu/NPUEvent.cpp:212 NPU function error: aclrtSynchronizeEvent(event_), error code is 507011
(EngineCore_DP3 pid=233093) [ERROR] 2026-07-27-15:49:06 (PID:233532, Device:6, RankID:-1) ERR00100 PTA call acl api failed
(EngineCore_DP3 pid=233093) [Error]: Model execution failed. 
(EngineCore_DP3 pid=233093)         Rectify the fault based on the error information in the ascend log.
(EngineCore_DP3 pid=233093) [PID: 233532] 2026-07-27-15:49:06.469.812 Execution_Error_SDMA(EI0012): SDMA memory copy task exception occurred. Remote rank: [0]. Base information: [streamID:[85], taskID[1], taskType[Task AIV], tag[], AlgType(level 0-1-2):[ring-ring-ring].]. Task information: [cmdType:[6], tag:[1], size:[688128], numBlocks:[8], rankSize:[2], aivRdmaStep:[-1], flagMem:[0x130f61a00000], isOpbase:[0]
(EngineCore_DP3 pid=233093) there are 6 abnormal device(s), only the first 3 devices are listed:
(EngineCore_DP3 pid=233093) 	[TaskExecStage][HeartbeatAbnormal]Cluster Exception Location[IP/ID]:[10.10.1.44/15], Arrival Time:[Mon Jul 27 15:47:17 2026], ExceptionType:[Stuck Occurred], Possible Reason:1.Host process is stuck, 2.Device task is stuck
(EngineCore_DP3 pid=233093) 	[TaskExecStage][HeartbeatAbnormal]Cluster Exception Location[IP/ID]:[10.10.1.44/7], Arrival Time:[Mon Jul 27 15:47:17 2026], ExceptionType:[Stuck Occurred], Possible Reason:1.Host process is stuck, 2.Device task is stuck
(EngineCore_DP3 pid=233093) 	[TaskExecStage][HeartbeatAbnormal]Cluster Exception Location[IP/ID]:[10.10.1.44/6], Arrival Time:[Mon Jul 27 15:47:17 2026], ExceptionType:[Stuck Occurred], Possible Reason:1.Host process is stuck, 2.Device task is stuck
(EngineCore_DP3 pid=233093) ]. Communicator information: [].
(EngineCore_DP3 pid=233093)         Possible Cause: 1. Network connection exception occurred during the SDMA task execution. 2. The peer process exits abnormally. 3. The input or output memory address is not allocated, the actual allocated size is smaller than the input data size, or the memory is freed before the operator execution is complete.
(EngineCore_DP3 pid=233093)         Solution: 1. Check whether the network link is abnormal during the execution. 2. Check whether a process in the cluster exits before an error is reported. If yes, locate the cause of the process exit. 3. Check whether the size of the input/output memory passed to the communication operator meets the expectation, and whether the input/output memory or communicator is freed or destroyed before the operator execution is complete.
(EngineCore_DP3 pid=233093)         TraceBack (most recent call last):
(EngineCore_DP3 pid=233093)         The error from device(chipId:3, dieId:0), serial number is 14, there is an exception of aivec error, core id is 15, error code = 0, dump info: pc start: 0x12c0de87ba0c, current: 0x12c0de89db44, vec error info: 0xad00000cfe, mte error info: 0xf603066c70, ifu error info: 0x217ffbe014040, ccu error info: 0xf1b9b4276880003f, cube error info: 0, biu error info: 0, aic error mask: 0x6500020bd00028c, para base: 0x12c140219000.[FUNC:PrintCoreInfo][FILE:device_error_core_proc.cc][LINE:645]
(EngineCore_DP3 pid=233093)         The extend info: errcode:(0, 0, 0) errorStr: timeout or trap error. fixp_error0 info: 0x3066c70, fixp_error1 info: 0xf6, fsmId:0, tslot:5, thread:0, ctxid:0, blk:5, sublk:0, subErrType:4.[FUNC:PrintCoreInfo][FILE:device_error_core_proc.cc][LINE:658]
(EngineCore_DP3 pid=233093)         The error from device(chipId:3, dieId:0), serial number is 14, there is an exception of aivec error, core id is 10, error code = 0, dump info: pc start: 0x12c0de87ba0c, current: 0x12c0de884c80, vec error info: 0xad00000cfe, mte error info: 0xf603083c70, ifu error info: 0x217ffbe014040, ccu error info: 0xe3670bc6880003f, cube error info: 0, biu error info: 0, aic error mask: 0x6500020bd00028c, para base: 0x12c140219000.[FUNC:PrintCoreInfo][FILE:device_error_core_proc.cc][LINE:645]
(EngineCore_DP3 pid=233093)         The extend info: errcode:(0, 0, 0) errorStr: timeout or trap error. fixp_error0 info: 0x3083c70, fixp_error1 info: 0xf6, fsmId:1, tslot:5, thread:0, ctxid:0, blk:0, sublk:0, subErrType:4.[FUNC:PrintCoreInfo][FILE:device_error_core_proc.cc][LINE:658]
(EngineCore_DP3 pid=233093)         The error from device(chipId:3, dieId:0), serial number is 14, there is an exception of aivec error, core id is 11, error code = 0, dump info: pc start: 0x12c0de87ba0c, current: 0x12c0de89db44, vec error info: 0xad00000cfe, mte error info: 0xf603065c70, ifu error info: 0x217ffbe014040, ccu error info: 0x8ff218196880003f, cube error info: 0, biu error info: 0, aic error mask: 0x6500020bd00028c, para base: 0x12c140219000.[FUNC:PrintCoreInfo][FILE:device_error_core_proc.cc][LINE:645]
(EngineCore_DP3 pid=233093)         The extend info: errcode:(0, 0, 0) errorStr: timeout or trap error. fixp_error0 info: 0x3065c70, fixp_error1 info: 0xf6, fsmId:1, tslot:5, thread:0, ctxid:0, blk:1, sublk:0, subErrType:4.[FUNC:PrintCoreInfo][FILE:device_error_core_proc.cc][LINE:658]
(EngineCore_DP3 pid=233093)         The error from device(chipId:3, dieId:0), serial number is 14, there is an exception of aivec error, core id is 12, error code = 0, dump info: pc start: 0x12c0de87ba0c, current: 0x12c0de89db38, vec error info: 0xad00000cfe, mte error info: 0xf603064c70, ifu error info: 0x20001bdc5ce00, ccu error info: 0x33ed963c6880003f, cube error info: 0, biu error info: 0, aic error mask: 0x6500020bd00028c, para base: 0x12c140219000.[FUNC:PrintCoreInfo][FILE:device_error_core_proc.cc][LINE:645]
(EngineCore_DP3 pid=233093)         The extend info: errcode:(0, 0, 0) errorStr: timeout or trap error. fixp_error0 info: 0x3064c70, fixp_error1 info: 0xf6, fsmId:1, tslot:5, thread:0, ctxid:0, blk:2, sublk:0, subErrType:4.[FUNC:PrintCoreInfo][FILE:device_error_core_proc.cc][LINE:658]
(EngineCore_DP3 pid=233093)         The error from device(chipId:3, dieId:0), serial number is 14, there is an exception of aivec error, core id is 13, error code = 0, dump info: pc start: 0x12c0de87ba0c, current: 0x12c0de89db44, vec error info: 0xad00000cfe, mte error info: 0xf603066c70, ifu error info: 0x2fffffe500000, ccu error info: 0x50a070286880003f, cube error info: 0, biu error info: 0, aic error mask: 0x6500020bd00028c, para base: 0x12c140219000.[FUNC:PrintCoreInfo][FILE:device_error_core_proc.cc][LINE:645]
(EngineCore_DP3 pid=233093)         The extend info: errcode:(0, 0, 0) errorStr: timeout or trap error. fixp_error0 info: 0x3066c70, fixp_error1 info: 0xf6, fsmId:1, tslot:5, thread:0, ctxid:0, blk:3, sublk:0, subErrType:4.[FUNC:PrintCoreInfo][FILE:device_error_core_proc.cc][LINE:658]
(EngineCore_DP3 pid=233093)         The error from device(chipId:3, dieId:0), serial number is 14, there is an exception of aivec error, core id is 14, error code = 0, dump info: pc start: 0x12c0de87ba0c, current: 0x12c0de89db44, vec error info: 0xad00000cfe, mte error info: 0xf603076c70, ifu error info: 0x2fffffe600000, ccu error info: 0xfded1e296880003f, cube error info: 0, biu error info: 0, aic error mask: 0x6500020bd00028c, para base: 0x12c140219000.[FUNC:PrintCoreInfo][FILE:device_error_core_proc.cc][LINE:645]
(EngineCore_DP3 pid=233093)         The extend info: errcode:(0, 0, 0) errorStr: timeout or trap error. fixp_error0 info: 0x3076c70, fixp_error1 info: 0xf6, fsmId:1, tslot:5, thread:0, ctxid:0, blk:4, sublk:0, subErrType:4.[FUNC:PrintCoreInfo][FILE:device_error_core_proc.cc][LINE:658]
(EngineCore_DP3 pid=233093)         The error from device(chipId:3, dieId:0), serial number is 14, there is an exception of aivec error, core id is 16, error code = 0, dump info: pc start: 0x12c0de87ba0c, current: 0x12c0de89db44, vec error info: 0xad00000cfe, mte error info: 0xf603064c70, ifu error info: 0x217ffbe014040, ccu error info: 0xf97932916880003f, cube error info: 0, biu error info: 0, aic error mask: 0x6500020bd00028c, para base: 0x12c140219000.[FUNC:PrintCoreInfo][FILE:device_error_core_proc.cc][LINE:645]
(EngineCore_DP3 pid=233093)         The extend info: errcode:(0, 0, 0) errorStr: timeout or trap error. fixp_error0 info: 0x3064c70, fixp_error1 info: 0xf6, fsmId:1, tslot:5, thread:0, ctxid:0, blk:6, sublk:0, subErrType:4.[FUNC:PrintCoreInfo][FILE:device_error_core_proc.cc][LINE:658]
(EngineCore_DP3 pid=233093)         The error from device(chipId:3, dieId:0), serial number is 14, there is an exception of aivec error, core id is 17, error code = 0, dump info: pc start: 0x12c0de87ba0c, current: 0x12c0de89db4c, vec error info: 0xad00000cfe, mte error info: 0xf603064c70, ifu error info: 0x217ffbe014040, ccu error info: 0x929893ff6880003f, cube error info: 0, biu error info: 0, aic error mask: 0x6500020bd00028c, para base: 0x12c140219000.[FUNC:PrintCoreInfo][FILE:device_error_core_proc.cc][LINE:645]
(EngineCore_DP3 pid=233093)         The extend info: errcode:(0, 0, 0) errorStr: timeout or trap error. fixp_error0 info: 0x3064c70, fixp_error1 info: 0xf6, fsmId:1, tslot:5, thread:0, ctxid:0, blk:7, sublk:0, subErrType:4.[FUNC:PrintCoreInfo][FILE:device_error_core_proc.cc][LINE:658]
(EngineCore_DP3 pid=233093)         SDMA memory copy task exception occurred. Remote rank: [0]. Base information: [streamID:[85], taskID[1], taskType[Task AIV], tag[], AlgType(level 0-1-2):[ring-ring-ring].]. Task information: [cmdType:[6], tag:[1], size:[688128], numBlocks:[8], rankSize:[2], aivRdmaStep:[-1], flagMem:[0x130f61a00000], isOpbase:[0]
(EngineCore_DP3 pid=233093) there are 6 abnormal device(s), only the first 3 devices are listed:
(EngineCore_DP3 pid=233093) 	[TaskExecStage][HeartbeatAbnormal]Cluster Exception Location[IP/ID]:[10.10.1.44/15], Arrival Time:[Mon Jul 27 15:47:17 2026], ExceptionType:[Stuck Occurred], Possible Reason:1.Host process is stuck, 2.Device task is stuck
(EngineCore_DP3 pid=233093) 	[TaskExecStage][HeartbeatAbnormal]Cluster Exception Location[IP/ID]:[10.10.1.44/7], Arrival Time:[Mon Jul 27 15:47:17 2026], ExceptionType:[Stuck Occurred], Possible Reason:1.Host process is stuck, 2.Device task is stuck
(EngineCore_DP3 pid=233093) 	[TaskExecStage][HeartbeatAbnormal]Cluster Exception Location[IP/ID]:[10.10.1.44/6], Arrival Time:[Mon Jul 27 15:47:17 2026], ExceptionType:[Stuck Occurred], Possible Reason:1.Host process is stuck, 2.Device task is stuck
(EngineCore_DP3 pid=233093) ]. Communicator information: [].
(EngineCore_DP3 pid=233093)         rtEventSynchronize execution failed, reason=the model stream execute failed[FUNC:FuncErrorReason][FILE:error_message_manage.cc][LINE:65]
(EngineCore_DP3 pid=233093)         wait event to be complete failed, runtime result = 507011[FUNC:ReportCallError][FILE:log_inner.cpp][LINE:148]
(EngineCore_DP3 pid=233093) ', please check the stack trace above for the root cause
(EngineCore_DP1 pid=233102) WARNING 07-27 15:49:12 [parallel_state.py:2131] torch._C._host_emptyCache() only available in Pytorch >=2.5
(EngineCore_DP1 pid=233102) Process EngineCore_DP1:
(EngineCore_DP1 pid=233102) Traceback (most recent call last):
(EngineCore_DP1 pid=233102)   File "/usr/local/lib/python3.11/multiprocessing/process.py", line 314, in _bootstrap
(EngineCore_DP1 pid=233102)     self.run()
(EngineCore_DP1 pid=233102)   File "/usr/local/lib/python3.11/multiprocessing/process.py", line 108, in run
(EngineCore_DP1 pid=233102)     self._target(*self._args, **self._kwargs)
(EngineCore_DP1 pid=233102)   File "/home/l00838859/cann/my-project/vllm-ascend/vllm_ascend/patch/platform/patch_balance_schedule.py", line 896, in _balance_run_engine_core
(EngineCore_DP1 pid=233102)     return _OriginalRunEngineCore(*args, dp_rank=dp_rank, local_dp_rank=local_dp_rank, **kwargs)
(EngineCore_DP1 pid=233102)            ^^^^^^^^^^^^^^^^^^^^^^^^^^^^^^^^^^^^^^^^^^^^^^^^^^^^^^^^^^^^^^^^^^^^^^^^^^^^^^^^^^^^^
(EngineCore_DP1 pid=233102)   File "/home/l00838859/cann/my-project/vllm/vllm/v1/engine/core.py", line 1235, in run_engine_core
(EngineCore_DP1 pid=233102)     raise e
(EngineCore_DP1 pid=233102)   File "/home/l00838859/cann/my-project/vllm/vllm/v1/engine/core.py", line 1224, in run_engine_core
(EngineCore_DP1 pid=233102)     engine_core.run_busy_loop()
(EngineCore_DP1 pid=233102)   File "/home/l00838859/cann/my-project/vllm/vllm/v1/engine/core.py", line 1943, in run_busy_loop
(EngineCore_DP1 pid=233102)     executed = self._process_engine_step()
(EngineCore_DP1 pid=233102)                ^^^^^^^^^^^^^^^^^^^^^^^^^^^
(EngineCore_DP1 pid=233102)   File "/home/l00838859/cann/my-project/vllm/vllm/v1/engine/core.py", line 1304, in _process_engine_step
(EngineCore_DP1 pid=233102)     outputs, model_executed = self.step_fn()
(EngineCore_DP1 pid=233102)                               ^^^^^^^^^^^^^^
(EngineCore_DP1 pid=233102)   File "/home/l00838859/cann/my-project/vllm/vllm/v1/engine/core.py", line 595, in step_with_batch_queue
(EngineCore_DP1 pid=233102)     model_output = future.result()
(EngineCore_DP1 pid=233102)                    ^^^^^^^^^^^^^^^
(EngineCore_DP1 pid=233102)   File "/home/l00838859/cann/my-project/vllm/vllm/v1/executor/multiproc_executor.py", line 91, in result
(EngineCore_DP1 pid=233102)     return super().result()
(EngineCore_DP1 pid=233102)            ^^^^^^^^^^^^^^^^
(EngineCore_DP1 pid=233102)   File "/usr/local/lib/python3.11/concurrent/futures/_base.py", line 449, in result
(EngineCore_DP1 pid=233102)     return self.__get_result()
(EngineCore_DP1 pid=233102)            ^^^^^^^^^^^^^^^^^^^
(EngineCore_DP1 pid=233102)   File "/usr/local/lib/python3.11/concurrent/futures/_base.py", line 401, in __get_result
(EngineCore_DP1 pid=233102)     raise self._exception
(EngineCore_DP1 pid=233102)   File "/home/l00838859/cann/my-project/vllm/vllm/v1/executor/multiproc_executor.py", line 95, in _wait_for_response
(EngineCore_DP1 pid=233102)     response = self.aggregate(self.get_response())
(EngineCore_DP1 pid=233102)                               ^^^^^^^^^^^^^^^^^^^
(EngineCore_DP1 pid=233102)   File "/home/l00838859/cann/my-project/vllm/vllm/v1/executor/multiproc_executor.py", line 394, in get_response
(EngineCore_DP1 pid=233102)     raise RuntimeError(
(EngineCore_DP1 pid=233102) RuntimeError: Worker failed with error 'synchronize:../torch_npu/csrc/core/npu/NPUEvent.cpp:212 NPU function error: aclrtSynchronizeEvent(event_), error code is 507011
(EngineCore_DP1 pid=233102) [ERROR] 2026-07-27-15:49:06 (PID:233533, Device:2, RankID:-1) ERR00100 PTA call acl api failed
(EngineCore_DP1 pid=233102) [Error]: Model execution failed. 
(EngineCore_DP1 pid=233102)         Rectify the fault based on the error information in the ascend log.
(EngineCore_DP1 pid=233102) [PID: 233533] 2026-07-27-15:49:06.458.606 Execution_Error_SDMA(EI0012): SDMA memory copy task exception occurred. Remote rank: [0]. Base information: [streamID:[85], taskID[1], taskType[Task AIV], tag[], AlgType(level 0-1-2):[ring-ring-ring].]. Task information: [cmdType:[6], tag:[1], size:[688128], numBlocks:[8], rankSize:[2], aivRdmaStep:[-1], flagMem:[0x130f61a00000], isOpbase:[0]
(EngineCore_DP1 pid=233102) there are(is) 2 abnormal device(s):
(EngineCore_DP1 pid=233102) 	[TaskExecStage][HeartbeatAbnormal]Cluster Exception Location[IP/ID]:[10.10.1.44/2], Arrival Time:[Mon Jul 27 15:47:16 2026], ExceptionType:[Stuck Occurred], Possible Reason:1.Host process is stuck, 2.Device task is stuck
(EngineCore_DP1 pid=233102) 	[TaskExecStage][HeartbeatAbnormal]Cluster Exception Location[IP/ID]:[10.10.1.44/0], Arrival Time:[Mon Jul 27 15:47:18 2026], ExceptionType:[Stuck Occurred], Possible Reason:1.Host process is stuck, 2.Device task is stuck
(EngineCore_DP1 pid=233102) ]. Communicator information: [].
(EngineCore_DP1 pid=233102)         Possible Cause: 1. Network connection exception occurred during the SDMA task execution. 2. The peer process exits abnormally. 3. The input or output memory address is not allocated, the actual allocated size is smaller than the input data size, or the memory is freed before the operator execution is complete.
(EngineCore_DP1 pid=233102)         Solution: 1. Check whether the network link is abnormal during the execution. 2. Check whether a process in the cluster exits before an error is reported. If yes, locate the cause of the process exit. 3. Check whether the size of the input/output memory passed to the communication operator meets the expectation, and whether the input/output memory or communicator is freed or destroyed before the operator execution is complete.
(EngineCore_DP1 pid=233102)         TraceBack (most recent call last):
(EngineCore_DP1 pid=233102)         The error from device(chipId:1, dieId:0), serial number is 27, there is an exception of aivec error, core id is 30, error code = 0, dump info: pc start: 0x12c0de87ba0c, current: 0x12c0de89db44, vec error info: 0xad00000cfe, mte error info: 0xf603066c70, ifu error info: 0x217ffbe014040, ccu error info: 0xc3a0a8426880003f, cube error info: 0, biu error info: 0, aic error mask: 0x6500020bd00028c, para base: 0x12c1401d6000.[FUNC:PrintCoreInfo][FILE:device_error_core_proc.cc][LINE:645]
(EngineCore_DP1 pid=233102)         The extend info: errcode:(0, 0, 0) errorStr: timeout or trap error. fixp_error0 info: 0x3066c70, fixp_error1 info: 0xf6, fsmId:0, tslot:4, thread:0, ctxid:0, blk:1, sublk:0, subErrType:4.[FUNC:PrintCoreInfo][FILE:device_error_core_proc.cc][LINE:658]
(EngineCore_DP1 pid=233102)         The error from device(chipId:1, dieId:0), serial number is 27, there is an exception of aivec error, core id is 32, error code = 0, dump info: pc start: 0x12c0de87ba0c, current: 0x12c0de89db44, vec error info: 0xad00000cfe, mte error info: 0xf603064c70, ifu error info: 0x217ffbe014040, ccu error info: 0x6338610f6880003f, cube error info: 0, biu error info: 0, aic error mask: 0x6500020bd00028c, para base: 0x12c1401d6000.[FUNC:PrintCoreInfo][FILE:device_error_core_proc.cc][LINE:645]
(EngineCore_DP1 pid=233102)         The extend info: errcode:(0, 0, 0) errorStr: timeout or trap error. fixp_error0 info: 0x3064c70, fixp_error1 info: 0xf6, fsmId:0, tslot:4, thread:0, ctxid:0, blk:3, sublk:0, subErrType:4.[FUNC:PrintCoreInfo][FILE:device_error_core_proc.cc][LINE:658]
(EngineCore_DP1 pid=233102)         The error from device(chipId:1, dieId:0), serial number is 27, there is an exception of aivec error, core id is 33, error code = 0, dump info: pc start: 0x12c0de87ba0c, current: 0x12c0de89db44, vec error info: 0xad00000cfe, mte error info: 0x4e060000c7, ifu error info: 0x217ffbe014040, ccu error info: 0xcd61aec56880003f, cube error info: 0, biu error info: 0, aic error mask: 0x6500020bd00028c, para base: 0x12c1401d6000.[FUNC:PrintCoreInfo][FILE:device_error_core_proc.cc][LINE:645]
(EngineCore_DP1 pid=233102)         The extend info: errcode:(0, 0, 0) errorStr: timeout or trap error. fixp_error0 info: 0x60000c7, fixp_error1 info: 0x4e, fsmId:0, tslot:4, thread:0, ctxid:0, blk:4, sublk:0, subErrType:4.[FUNC:PrintCoreInfo][FILE:device_error_core_proc.cc][LINE:658]
(EngineCore_DP1 pid=233102)         The error from device(chipId:1, dieId:0), serial number is 27, there is an exception of aivec error, core id is 36, error code = 0, dump info: pc start: 0x12c0de87ba0c, current: 0x12c0de89db44, vec error info: 0xad00000cfe, mte error info: 0xf603068c70, ifu error info: 0x2fffffe600000, ccu error info: 0xd06a6e286880003f, cube error info: 0, biu error info: 0, aic error mask: 0x6500020bd00028c, para base: 0x12c1401d6000.[FUNC:PrintCoreInfo][FILE:device_error_core_proc.cc][LINE:645]
(EngineCore_DP1 pid=233102)         The extend info: errcode:(0, 0, 0) errorStr: timeout or trap error. fixp_error0 info: 0x3068c70, fixp_error1 info: 0xf6, fsmId:0, tslot:4, thread:0, ctxid:0, blk:7, sublk:0, subErrType:4.[FUNC:PrintCoreInfo][FILE:device_error_core_proc.cc][LINE:658]
(EngineCore_DP1 pid=233102)         The error from device(chipId:1, dieId:0), serial number is 27, there is an exception of aivec error, core id is 29, error code = 0, dump info: pc start: 0x12c0de87ba0c, current: 0x12c0de884c50, vec error info: 0xad00000cfe, mte error info: 0xfa06000027, ifu error info: 0x20001bdc5de00, ccu error info: 0x1be579896880003f, cube error info: 0, biu error info: 0, aic error mask: 0x6500020bd00028c, para base: 0x12c1401d6000.[FUNC:PrintCoreInfo][FILE:device_error_core_proc.cc][LINE:645]
(EngineCore_DP1 pid=233102)         The extend info: errcode:(0, 0, 0) errorStr: timeout or trap error. fixp_error0 info: 0x6000027, fixp_error1 info: 0xfa, fsmId:1, tslot:4, thread:0, ctxid:0, blk:0, sublk:0, subErrType:4.[FUNC:PrintCoreInfo][FILE:device_error_core_proc.cc][LINE:658]
(EngineCore_DP1 pid=233102)         The error from device(chipId:1, dieId:0), serial number is 27, there is an exception of aivec error, core id is 31, error code = 0, dump info: pc start: 0x12c0de87ba0c, current: 0x12c0de89db44, vec error info: 0xad00000cfe, mte error info: 0xf603066c70, ifu error info: 0x217ffbe014040, ccu error info: 0x986c08106880003f, cube error info: 0, biu error info: 0, aic error mask: 0x6500020bd00028c, para base: 0x12c1401d6000.[FUNC:PrintCoreInfo][FILE:device_error_core_proc.cc][LINE:645]
(EngineCore_DP1 pid=233102)         The extend info: errcode:(0, 0, 0) errorStr: timeout or trap error. fixp_error0 info: 0x3066c70, fixp_error1 info: 0xf6, fsmId:1, tslot:4, thread:0, ctxid:0, blk:2, sublk:0, subErrType:4.[FUNC:PrintCoreInfo][FILE:device_error_core_proc.cc][LINE:658]
(EngineCore_DP1 pid=233102)         The error from device(chipId:1, dieId:0), serial number is 27, there is an exception of aivec error, core id is 34, error code = 0, dump info: pc start: 0x12c0de87ba0c, current: 0x12c0de89dc70, vec error info: 0xad00000cfe, mte error info: 0xf60306ac70, ifu error info: 0x217ffbe014040, ccu error info: 0xec209bdd6880003f, cube error info: 0, biu error info: 0, aic error mask: 0x6500020bd00028c, para base: 0x12c1401d6000.[FUNC:PrintCoreInfo][FILE:device_error_core_proc.cc][LINE:645]
(EngineCore_DP1 pid=233102)         The extend info: errcode:(0, 0, 0) errorStr: timeout or trap error. fixp_error0 info: 0x306ac70, fixp_error1 info: 0xf6, fsmId:1, tslot:4, thread:0, ctxid:0, blk:5, sublk:0, subErrType:4.[FUNC:PrintCoreInfo][FILE:device_error_core_proc.cc][LINE:658]
(EngineCore_DP1 pid=233102)         The error from device(chipId:1, dieId:0), serial number is 27, there is an exception of aivec error, core id is 35, error code = 0, dump info: pc start: 0x12c0de87ba0c, current: 0x12c0de89db44, vec error info: 0xad00000cfe, mte error info: 0xf603083c70, ifu error info: 0x2fffffe500000, ccu error info: 0xbbcfa0a6880003f, cube error info: 0, biu error info: 0, aic error mask: 0x6500020bd00028c, para base: 0x12c1401d6000.[FUNC:PrintCoreInfo][FILE:device_error_core_proc.cc][LINE:645]
(EngineCore_DP1 pid=233102)         The extend info: errcode:(0, 0, 0) errorStr: timeout or trap error. fixp_error0 info: 0x3083c70, fixp_error1 info: 0xf6, fsmId:1, tslot:4, thread:0, ctxid:0, blk:6, sublk:0, subErrType:4.[FUNC:PrintCoreInfo][FILE:device_error_core_proc.cc][LINE:658]
(EngineCore_DP1 pid=233102)         SDMA memory copy task exception occurred. Remote rank: [0]. Base information: [streamID:[85], taskID[1], taskType[Task AIV], tag[], AlgType(level 0-1-2):[ring-ring-ring].]. Task information: [cmdType:[6], tag:[1], size:[688128], numBlocks:[8], rankSize:[2], aivRdmaStep:[-1], flagMem:[0x130f61a00000], isOpbase:[0]
(EngineCore_DP1 pid=233102) there are(is) 2 abnormal device(s):
(EngineCore_DP1 pid=233102) 	[TaskExecStage][HeartbeatAbnormal]Cluster Exception Location[IP/ID]:[10.10.1.44/2], Arrival Time:[Mon Jul 27 15:47:16 2026], ExceptionType:[Stuck Occurred], Possible Reason:1.Host process is stuck, 2.Device task is stuck
(EngineCore_DP1 pid=233102) 	[TaskExecStage][HeartbeatAbnormal]Cluster Exception Location[IP/ID]:[10.10.1.44/0], Arrival Time:[Mon Jul 27 15:47:18 2026], ExceptionType:[Stuck Occurred], Possible Reason:1.Host process is stuck, 2.Device task is stuck
(EngineCore_DP1 pid=233102) ]. Communicator information: [].
(EngineCore_DP1 pid=233102)         rtEventSynchronize execution failed, reason=the model stream execute failed[FUNC:FuncErrorReason][FILE:error_message_manage.cc][LINE:65]
(EngineCore_DP1 pid=233102)         wait event to be complete failed, runtime result = 507011[FUNC:ReportCallError][FILE:log_inner.cpp][LINE:148]
(EngineCore_DP1 pid=233102) ', please check the stack trace above for the root cause
(EngineCore_DP4 pid=233095) WARNING 07-27 15:49:12 [parallel_state.py:2131] torch._C._host_emptyCache() only available in Pytorch >=2.5
(EngineCore_DP4 pid=233095) Process EngineCore_DP4:
(EngineCore_DP4 pid=233095) Traceback (most recent call last):
(EngineCore_DP4 pid=233095)   File "/usr/local/lib/python3.11/multiprocessing/process.py", line 314, in _bootstrap
(EngineCore_DP4 pid=233095)     self.run()
(EngineCore_DP4 pid=233095)   File "/usr/local/lib/python3.11/multiprocessing/process.py", line 108, in run
(EngineCore_DP4 pid=233095)     self._target(*self._args, **self._kwargs)
(EngineCore_DP4 pid=233095)   File "/home/l00838859/cann/my-project/vllm-ascend/vllm_ascend/patch/platform/patch_balance_schedule.py", line 896, in _balance_run_engine_core
(EngineCore_DP4 pid=233095)     return _OriginalRunEngineCore(*args, dp_rank=dp_rank, local_dp_rank=local_dp_rank, **kwargs)
(EngineCore_DP4 pid=233095)            ^^^^^^^^^^^^^^^^^^^^^^^^^^^^^^^^^^^^^^^^^^^^^^^^^^^^^^^^^^^^^^^^^^^^^^^^^^^^^^^^^^^^^
(EngineCore_DP4 pid=233095)   File "/home/l00838859/cann/my-project/vllm/vllm/v1/engine/core.py", line 1235, in run_engine_core
(EngineCore_DP4 pid=233095)     raise e
(EngineCore_DP4 pid=233095)   File "/home/l00838859/cann/my-project/vllm/vllm/v1/engine/core.py", line 1224, in run_engine_core
(EngineCore_DP4 pid=233095)     engine_core.run_busy_loop()
(EngineCore_DP4 pid=233095)   File "/home/l00838859/cann/my-project/vllm/vllm/v1/engine/core.py", line 1943, in run_busy_loop
(EngineCore_DP4 pid=233095)     executed = self._process_engine_step()
(EngineCore_DP4 pid=233095)                ^^^^^^^^^^^^^^^^^^^^^^^^^^^
(EngineCore_DP4 pid=233095)   File "/home/l00838859/cann/my-project/vllm/vllm/v1/engine/core.py", line 1304, in _process_engine_step
(EngineCore_DP4 pid=233095)     outputs, model_executed = self.step_fn()
(EngineCore_DP4 pid=233095)                               ^^^^^^^^^^^^^^
(EngineCore_DP4 pid=233095)   File "/home/l00838859/cann/my-project/vllm/vllm/v1/engine/core.py", line 595, in step_with_batch_queue
(EngineCore_DP4 pid=233095)     model_output = future.result()
(EngineCore_DP4 pid=233095)                    ^^^^^^^^^^^^^^^
(EngineCore_DP4 pid=233095)   File "/home/l00838859/cann/my-project/vllm/vllm/v1/executor/multiproc_executor.py", line 91, in result
(EngineCore_DP4 pid=233095)     return super().result()
(EngineCore_DP4 pid=233095)            ^^^^^^^^^^^^^^^^
(EngineCore_DP4 pid=233095)   File "/usr/local/lib/python3.11/concurrent/futures/_base.py", line 449, in result
(EngineCore_DP4 pid=233095)     return self.__get_result()
(EngineCore_DP4 pid=233095)            ^^^^^^^^^^^^^^^^^^^
(EngineCore_DP4 pid=233095)   File "/usr/local/lib/python3.11/concurrent/futures/_base.py", line 401, in __get_result
(EngineCore_DP4 pid=233095)     raise self._exception
(EngineCore_DP4 pid=233095)   File "/home/l00838859/cann/my-project/vllm/vllm/v1/executor/multiproc_executor.py", line 95, in _wait_for_response
(EngineCore_DP4 pid=233095)     response = self.aggregate(self.get_response())
(EngineCore_DP4 pid=233095)                               ^^^^^^^^^^^^^^^^^^^
(EngineCore_DP4 pid=233095)   File "/home/l00838859/cann/my-project/vllm/vllm/v1/executor/multiproc_executor.py", line 394, in get_response
(EngineCore_DP4 pid=233095)     raise RuntimeError(
(EngineCore_DP4 pid=233095) RuntimeError: Worker failed with error 'synchronize:../torch_npu/csrc/core/npu/NPUEvent.cpp:212 NPU function error: aclrtSynchronizeEvent(event_), error code is 507011
(EngineCore_DP4 pid=233095) [ERROR] 2026-07-27-15:49:06 (PID:233531, Device:8, RankID:-1) ERR00100 PTA call acl api failed
(EngineCore_DP4 pid=233095) [Error]: Model execution failed. 
(EngineCore_DP4 pid=233095)         Rectify the fault based on the error information in the ascend log.
(EngineCore_DP4 pid=233095) [PID: 233531] 2026-07-27-15:49:06.451.336 Execution_Error_SDMA(EI0012): SDMA memory copy task exception occurred. Remote rank: [0]. Base information: [streamID:[81], taskID[1], taskType[Task AIV], tag[], AlgType(level 0-1-2):[ring-ring-ring].]. Task information: [cmdType:[6], tag:[5], size:[688128], numBlocks:[8], rankSize:[2], aivRdmaStep:[-1], flagMem:[0x130f61a00000], isOpbase:[0]
(EngineCore_DP4 pid=233095) there are 5 abnormal device(s), only the first 3 devices are listed:
(EngineCore_DP4 pid=233095) 	[TaskExecStage][HeartbeatAbnormal]Cluster Exception Location[IP/ID]:[10.10.1.44/10], Arrival Time:[Mon Jul 27 15:47:16 2026], ExceptionType:[Stuck Occurred], Possible Reason:1.Host process is stuck, 2.Device task is stuck
(EngineCore_DP4 pid=233095) 	[TaskExecStage][HeartbeatAbnormal]Cluster Exception Location[IP/ID]:[10.10.1.44/8], Arrival Time:[Mon Jul 27 15:47:17 2026], ExceptionType:[Stuck Occurred], Possible Reason:1.Host process is stuck, 2.Device task is stuck
(EngineCore_DP4 pid=233095) 	[TaskExecStage][HeartbeatAbnormal]Cluster Exception Location[IP/ID]:[10.10.1.44/2], Arrival Time:[Mon Jul 27 15:47:17 2026], ExceptionType:[Stuck Occurred], Possible Reason:1.Host process is stuck, 2.Device task is stuck
(EngineCore_DP4 pid=233095) ]. Communicator information: [].
(EngineCore_DP4 pid=233095)         Possible Cause: 1. Network connection exception occurred during the SDMA task execution. 2. The peer process exits abnormally. 3. The input or output memory address is not allocated, the actual allocated size is smaller than the input data size, or the memory is freed before the operator execution is complete.
(EngineCore_DP4 pid=233095)         Solution: 1. Check whether the network link is abnormal during the execution. 2. Check whether a process in the cluster exits before an error is reported. If yes, locate the cause of the process exit. 3. Check whether the size of the input/output memory passed to the communication operator meets the expectation, and whether the input/output memory or communicator is freed or destroyed before the operator execution is complete.
(EngineCore_DP4 pid=233095)         TraceBack (most recent call last):
(EngineCore_DP4 pid=233095)         The error from device(chipId:4, dieId:0), serial number is 20, there is an exception of aivec error, core id is 29, error code = 0, dump info: pc start: 0x12c0de87ba0c, current: 0x12c0de89f0c4, vec error info: 0xad00000cfe, mte error info: 0xf603079c6e, ifu error info: 0x217ffbe014040, ccu error info: 0x2b4c90e26880003f, cube error info: 0, biu error info: 0, aic error mask: 0x6500020bd00028c, para base: 0x12c140216000.[FUNC:PrintCoreInfo][FILE:device_error_core_proc.cc][LINE:645]
(EngineCore_DP4 pid=233095)         The extend info: errcode:(0, 0, 0) errorStr: timeout or trap error. fixp_error0 info: 0x3079c6e, fixp_error1 info: 0xf6, fsmId:0, tslot:6, thread:0, ctxid:0, blk:4, sublk:0, subErrType:4.[FUNC:PrintCoreInfo][FILE:device_error_core_proc.cc][LINE:658]
(EngineCore_DP4 pid=233095)         The error from device(chipId:4, dieId:0), serial number is 20, there is an exception of aivec error, core id is 30, error code = 0, dump info: pc start: 0x12c0de87ba0c, current: 0x12c0de89f0c4, vec error info: 0xad00000cfe, mte error info: 0xb2030266b9, ifu error info: 0x217ffbe014040, ccu error info: 0x44ec5ee46880003f, cube error info: 0, biu error info: 0, aic error mask: 0x6500020bd00028c, para base: 0x12c140216000.[FUNC:PrintCoreInfo][FILE:device_error_core_proc.cc][LINE:645]
(EngineCore_DP4 pid=233095)         The extend info: errcode:(0, 0, 0) errorStr: timeout or trap error. fixp_error0 info: 0x30266b9, fixp_error1 info: 0xb2, fsmId:0, tslot:6, thread:0, ctxid:0, blk:5, sublk:0, subErrType:4.[FUNC:PrintCoreInfo][FILE:device_error_core_proc.cc][LINE:658]
(EngineCore_DP4 pid=233095)         The error from device(chipId:4, dieId:0), serial number is 20, there is an exception of aivec error, core id is 31, error code = 0, dump info: pc start: 0x12c0de87ba0c, current: 0x12c0de89f0c4, vec error info: 0xad00000cfe, mte error info: 0xf6060000a2, ifu error info: 0x20001bdc5ce00, ccu error info: 0x79f89e306880003f, cube error info: 0, biu error info: 0, aic error mask: 0x6500020bd00028c, para base: 0x12c140216000.[FUNC:PrintCoreInfo][FILE:device_error_core_proc.cc][LINE:645]
(EngineCore_DP4 pid=233095)         The extend info: errcode:(0, 0, 0) errorStr: timeout or trap error. fixp_error0 info: 0x60000a2, fixp_error1 info: 0xf6, fsmId:0, tslot:6, thread:0, ctxid:0, blk:6, sublk:0, subErrType:4.[FUNC:PrintCoreInfo][FILE:device_error_core_proc.cc][LINE:658]
(EngineCore_DP4 pid=233095)         The error from device(chipId:4, dieId:0), serial number is 20, there is an exception of aivec error, core id is 32, error code = 0, dump info: pc start: 0x12c0de87ba0c, current: 0x12c0de89f0c4, vec error info: 0xad00000cfe, mte error info: 0xf6060000a2, ifu error info: 0x20001bdc5c200, ccu error info: 0x8cbc60246880003f, cube error info: 0, biu error info: 0, aic error mask: 0x6500020bd00028c, para base: 0x12c140216000.[FUNC:PrintCoreInfo][FILE:device_error_core_proc.cc][LINE:645]
(EngineCore_DP4 pid=233095)         The extend info: errcode:(0, 0, 0) errorStr: timeout or trap error. fixp_error0 info: 0x60000a2, fixp_error1 info: 0xf6, fsmId:0, tslot:6, thread:0, ctxid:0, blk:7, sublk:0, subErrType:4.[FUNC:PrintCoreInfo][FILE:device_error_core_proc.cc][LINE:658]
(EngineCore_DP4 pid=233095)         SDMA memory copy task exception occurred. Remote rank: [0]. Base information: [streamID:[81], taskID[1], taskType[Task AIV], tag[], AlgType(level 0-1-2):[ring-ring-ring].]. Task information: [cmdType:[6], tag:[5], size:[688128], numBlocks:[8], rankSize:[2], aivRdmaStep:[-1], flagMem:[0x130f61a00000], isOpbase:[0]
(EngineCore_DP4 pid=233095) there are 5 abnormal device(s), only the first 3 devices are listed:
(EngineCore_DP4 pid=233095) 	[TaskExecStage][HeartbeatAbnormal]Cluster Exception Location[IP/ID]:[10.10.1.44/10], Arrival Time:[Mon Jul 27 15:47:16 2026], ExceptionType:[Stuck Occurred], Possible Reason:1.Host process is stuck, 2.Device task is stuck
(EngineCore_DP4 pid=233095) 	[TaskExecStage][HeartbeatAbnormal]Cluster Exception Location[IP/ID]:[10.10.1.44/8], Arrival Time:[Mon Jul 27 15:47:17 2026], ExceptionType:[Stuck Occurred], Possible Reason:1.Host process is stuck, 2.Device task is stuck
(EngineCore_DP4 pid=233095) 	[TaskExecStage][HeartbeatAbnormal]Cluster Exception Location[IP/ID]:[10.10.1.44/2], Arrival Time:[Mon Jul 27 15:47:17 2026], ExceptionType:[Stuck Occurred], Possible Reason:1.Host process is stuck, 2.Device task is stuck
(EngineCore_DP4 pid=233095) ]. Communicator information: [].
(EngineCore_DP4 pid=233095)         rtEventSynchronize execution failed, reason=the model stream execute failed[FUNC:FuncErrorReason][FILE:error_message_manage.cc][LINE:65]
(EngineCore_DP4 pid=233095)         wait event to be complete failed, runtime result = 507011[FUNC:ReportCallError][FILE:log_inner.cpp][LINE:148]
(EngineCore_DP4 pid=233095) ', please check the stack trace above for the root cause
(EngineCore_DP2 pid=233074) WARNING 07-27 15:49:12 [parallel_state.py:2131] torch._C._host_emptyCache() only available in Pytorch >=2.5
(EngineCore_DP2 pid=233074) Process EngineCore_DP2:
(EngineCore_DP2 pid=233074) Traceback (most recent call last):
(EngineCore_DP2 pid=233074)   File "/usr/local/lib/python3.11/multiprocessing/process.py", line 314, in _bootstrap
(EngineCore_DP2 pid=233074)     self.run()
(EngineCore_DP2 pid=233074)   File "/usr/local/lib/python3.11/multiprocessing/process.py", line 108, in run
(EngineCore_DP2 pid=233074)     self._target(*self._args, **self._kwargs)
(EngineCore_DP2 pid=233074)   File "/home/l00838859/cann/my-project/vllm-ascend/vllm_ascend/patch/platform/patch_balance_schedule.py", line 896, in _balance_run_engine_core
(EngineCore_DP2 pid=233074)     return _OriginalRunEngineCore(*args, dp_rank=dp_rank, local_dp_rank=local_dp_rank, **kwargs)
(EngineCore_DP2 pid=233074)            ^^^^^^^^^^^^^^^^^^^^^^^^^^^^^^^^^^^^^^^^^^^^^^^^^^^^^^^^^^^^^^^^^^^^^^^^^^^^^^^^^^^^^
(EngineCore_DP2 pid=233074)   File "/home/l00838859/cann/my-project/vllm/vllm/v1/engine/core.py", line 1235, in run_engine_core
(EngineCore_DP2 pid=233074)     raise e
(EngineCore_DP2 pid=233074)   File "/home/l00838859/cann/my-project/vllm/vllm/v1/engine/core.py", line 1224, in run_engine_core
(EngineCore_DP2 pid=233074)     engine_core.run_busy_loop()
(EngineCore_DP2 pid=233074)   File "/home/l00838859/cann/my-project/vllm/vllm/v1/engine/core.py", line 1943, in run_busy_loop
(EngineCore_DP2 pid=233074)     executed = self._process_engine_step()
(EngineCore_DP2 pid=233074)                ^^^^^^^^^^^^^^^^^^^^^^^^^^^
(EngineCore_DP2 pid=233074)   File "/home/l00838859/cann/my-project/vllm/vllm/v1/engine/core.py", line 1304, in _process_engine_step
(EngineCore_DP2 pid=233074)     outputs, model_executed = self.step_fn()
(EngineCore_DP2 pid=233074)                               ^^^^^^^^^^^^^^
(EngineCore_DP2 pid=233074)   File "/home/l00838859/cann/my-project/vllm/vllm/v1/engine/core.py", line 595, in step_with_batch_queue
(EngineCore_DP2 pid=233074)     model_output = future.result()
(EngineCore_DP2 pid=233074)                    ^^^^^^^^^^^^^^^
(EngineCore_DP2 pid=233074)   File "/home/l00838859/cann/my-project/vllm/vllm/v1/executor/multiproc_executor.py", line 91, in result
(EngineCore_DP2 pid=233074)     return super().result()
(EngineCore_DP2 pid=233074)            ^^^^^^^^^^^^^^^^
(EngineCore_DP2 pid=233074)   File "/usr/local/lib/python3.11/concurrent/futures/_base.py", line 449, in result
(EngineCore_DP2 pid=233074)     return self.__get_result()
(EngineCore_DP2 pid=233074)            ^^^^^^^^^^^^^^^^^^^
(EngineCore_DP2 pid=233074)   File "/usr/local/lib/python3.11/concurrent/futures/_base.py", line 401, in __get_result
(EngineCore_DP2 pid=233074)     raise self._exception
(EngineCore_DP2 pid=233074)   File "/home/l00838859/cann/my-project/vllm/vllm/v1/executor/multiproc_executor.py", line 95, in _wait_for_response
(EngineCore_DP2 pid=233074)     response = self.aggregate(self.get_response())
(EngineCore_DP2 pid=233074)                               ^^^^^^^^^^^^^^^^^^^
(EngineCore_DP2 pid=233074)   File "/home/l00838859/cann/my-project/vllm/vllm/v1/executor/multiproc_executor.py", line 394, in get_response
(EngineCore_DP2 pid=233074)     raise RuntimeError(
(EngineCore_DP2 pid=233074) RuntimeError: Worker failed with error 'synchronize:../torch_npu/csrc/core/npu/NPUEvent.cpp:212 NPU function error: aclrtSynchronizeEvent(event_), error code is 507011
(EngineCore_DP2 pid=233074) [ERROR] 2026-07-27-15:49:06 (PID:233530, Device:4, RankID:-1) ERR00100 PTA call acl api failed
(EngineCore_DP2 pid=233074) [Error]: Model execution failed. 
(EngineCore_DP2 pid=233074)         Rectify the fault based on the error information in the ascend log.
(EngineCore_DP2 pid=233074) [PID: 233530] 2026-07-27-15:49:06.451.839 Execution_Error_SDMA(EI0012): SDMA memory copy task exception occurred. Remote rank: [0]. Base information: [streamID:[2041], taskID[1], taskType[Task AIV], tag[], AlgType(level 0-1-2):[ring-ring-ring].]. Task information: [cmdType:[6], tag:[5], size:[688128], numBlocks:[8], rankSize:[2], aivRdmaStep:[-1], flagMem:[0x130f61a00000], isOpbase:[0]
(EngineCore_DP2 pid=233074) there are 9 abnormal device(s), only the first 3 devices are listed:
(EngineCore_DP2 pid=233074) 	[TaskExecStage][HeartbeatAbnormal]Cluster Exception Location[IP/ID]:[10.10.1.44/15], Arrival Time:[Mon Jul 27 15:47:17 2026], ExceptionType:[Stuck Occurred], Possible Reason:1.Host process is stuck, 2.Device task is stuck
(EngineCore_DP2 pid=233074) 	[TaskExecStage][HeartbeatAbnormal]Cluster Exception Location[IP/ID]:[10.10.1.44/7], Arrival Time:[Mon Jul 27 15:47:17 2026], ExceptionType:[Stuck Occurred], Possible Reason:1.Host process is stuck, 2.Device task is stuck
(EngineCore_DP2 pid=233074) 	[TaskExecStage][HeartbeatAbnormal]Cluster Exception Location[IP/ID]:[10.10.1.44/6], Arrival Time:[Mon Jul 27 15:47:17 2026], ExceptionType:[Stuck Occurred], Possible Reason:1.Host process is stuck, 2.Device task is stuck
(EngineCore_DP2 pid=233074) ]. Communicator information: [].
(EngineCore_DP2 pid=233074)         Possible Cause: 1. Network connection exception occurred during the SDMA task execution. 2. The peer process exits abnormally. 3. The input or output memory address is not allocated, the actual allocated size is smaller than the input data size, or the memory is freed before the operator execution is complete.
(EngineCore_DP2 pid=233074)         Solution: 1. Check whether the network link is abnormal during the execution. 2. Check whether a process in the cluster exits before an error is reported. If yes, locate the cause of the process exit. 3. Check whether the size of the input/output memory passed to the communication operator meets the expectation, and whether the input/output memory or communicator is freed or destroyed before the operator execution is complete.
(EngineCore_DP2 pid=233074)         TraceBack (most recent call last):
(EngineCore_DP2 pid=233074)         The error from device(chipId:2, dieId:0), serial number is 13, there is an exception of aivec error, core id is 40, error code = 0, dump info: pc start: 0x12c0de87ba0c, current: 0x12c0de89f0c4, vec error info: 0xad00000099, mte error info: 0xf603064c70, ifu error info: 0x217fffe01c000, ccu error info: 0x139161396880003f, cube error info: 0, biu error info: 0, aic error mask: 0x6500020bd00028c, para base: 0x12c1401d6000.[FUNC:PrintCoreInfo][FILE:device_error_core_proc.cc][LINE:645]
(EngineCore_DP2 pid=233074)         The extend info: errcode:(0, 0, 0) errorStr: timeout or trap error. fixp_error0 info: 0x3064c70, fixp_error1 info: 0xf6, fsmId:0, tslot:1, thread:0, ctxid:0, blk:4, sublk:0, subErrType:4.[FUNC:PrintCoreInfo][FILE:device_error_core_proc.cc][LINE:658]
(EngineCore_DP2 pid=233074)         The error from device(chipId:2, dieId:0), serial number is 13, there is an exception of aivec error, core id is 42, error code = 0, dump info: pc start: 0x12c0de87ba0c, current: 0x12c0de89f0c4, vec error info: 0xad00000cfe, mte error info: 0xf603064c70, ifu error info: 0x217fffe01c000, ccu error info: 0x699170e36880003f, cube error info: 0, biu error info: 0, aic error mask: 0x6500020bd00028c, para base: 0x12c1401d6000.[FUNC:PrintCoreInfo][FILE:device_error_core_proc.cc][LINE:645]
(EngineCore_DP2 pid=233074)         The extend info: errcode:(0, 0, 0) errorStr: timeout or trap error. fixp_error0 info: 0x3064c70, fixp_error1 info: 0xf6, fsmId:0, tslot:1, thread:0, ctxid:0, blk:6, sublk:0, subErrType:4.[FUNC:PrintCoreInfo][FILE:device_error_core_proc.cc][LINE:658]
(EngineCore_DP2 pid=233074)         The error from device(chipId:2, dieId:0), serial number is 13, there is an exception of aivec error, core id is 41, error code = 0, dump info: pc start: 0x12c0de87ba0c, current: 0x12c0de89f0c4, vec error info: 0xad00000099, mte error info: 0xf60307bc70, ifu error info: 0x217fffe01c000, ccu error info: 0x290f30ac6880003f, cube error info: 0, biu error info: 0, aic error mask: 0x6500020bd00028c, para base: 0x12c1401d6000.[FUNC:PrintCoreInfo][FILE:device_error_core_proc.cc][LINE:645]
(EngineCore_DP2 pid=233074)         The extend info: errcode:(0, 0, 0) errorStr: timeout or trap error. fixp_error0 info: 0x307bc70, fixp_error1 info: 0xf6, fsmId:1, tslot:1, thread:0, ctxid:0, blk:5, sublk:0, subErrType:4.[FUNC:PrintCoreInfo][FILE:device_error_core_proc.cc][LINE:658]
(EngineCore_DP2 pid=233074)         The error from device(chipId:2, dieId:0), serial number is 13, there is an exception of aivec error, core id is 43, error code = 0, dump info: pc start: 0x12c0de87ba0c, current: 0x12c0de89f0c4, vec error info: 0xad00000cfe, mte error info: 0xf603069c70, ifu error info: 0x217fffe01c000, ccu error info: 0x1b038cb96880003f, cube error info: 0, biu error info: 0, aic error mask: 0x6500020bd00028c, para base: 0x12c1401d6000.[FUNC:PrintCoreInfo][FILE:device_error_core_proc.cc][LINE:645]
(EngineCore_DP2 pid=233074)         The extend info: errcode:(0, 0, 0) errorStr: timeout or trap error. fixp_error0 info: 0x3069c70, fixp_error1 info: 0xf6, fsmId:1, tslot:1, thread:0, ctxid:0, blk:7, sublk:0, subErrType:4.[FUNC:PrintCoreInfo][FILE:device_error_core_proc.cc][LINE:658]
(EngineCore_DP2 pid=233074)         SDMA memory copy task exception occurred. Remote rank: [0]. Base information: [streamID:[2041], taskID[1], taskType[Task AIV], tag[], AlgType(level 0-1-2):[ring-ring-ring].]. Task information: [cmdType:[6], tag:[5], size:[688128], numBlocks:[8], rankSize:[2], aivRdmaStep:[-1], flagMem:[0x130f61a00000], isOpbase:[0]
(EngineCore_DP2 pid=233074) there are 9 abnormal device(s), only the first 3 devices are listed:
(EngineCore_DP2 pid=233074) 	[TaskExecStage][HeartbeatAbnormal]Cluster Exception Location[IP/ID]:[10.10.1.44/15], Arrival Time:[Mon Jul 27 15:47:17 2026], ExceptionType:[Stuck Occurred], Possible Reason:1.Host process is stuck, 2.Device task is stuck
(EngineCore_DP2 pid=233074) 	[TaskExecStage][HeartbeatAbnormal]Cluster Exception Location[IP/ID]:[10.10.1.44/7], Arrival Time:[Mon Jul 27 15:47:17 2026], ExceptionType:[Stuck Occurred], Possible Reason:1.Host process is stuck, 2.Device task is stuck
(EngineCore_DP2 pid=233074) 	[TaskExecStage][HeartbeatAbnormal]Cluster Exception Location[IP/ID]:[10.10.1.44/6], Arrival Time:[Mon Jul 27 15:47:17 2026], ExceptionType:[Stuck Occurred], Possible Reason:1.Host process is stuck, 2.Device task is stuck
(EngineCore_DP2 pid=233074) ]. Communicator information: [].
(EngineCore_DP2 pid=233074)         rtEventSynchronize execution failed, reason=the model stream execute failed[FUNC:FuncErrorReason][FILE:error_message_manage.cc][LINE:65]
(EngineCore_DP2 pid=233074)         wait event to be complete failed, runtime result = 507011[FUNC:ReportCallError][FILE:log_inner.cpp][LINE:148]
(EngineCore_DP2 pid=233074) ', please check the stack trace above for the root cause
(EngineCore_DP5 pid=233094) WARNING 07-27 15:49:12 [parallel_state.py:2131] torch._C._host_emptyCache() only available in Pytorch >=2.5
(EngineCore_DP5 pid=233094) Process EngineCore_DP5:
(EngineCore_DP5 pid=233094) Traceback (most recent call last):
(EngineCore_DP5 pid=233094)   File "/usr/local/lib/python3.11/multiprocessing/process.py", line 314, in _bootstrap
(EngineCore_DP5 pid=233094)     self.run()
(EngineCore_DP5 pid=233094)   File "/usr/local/lib/python3.11/multiprocessing/process.py", line 108, in run
(EngineCore_DP5 pid=233094)     self._target(*self._args, **self._kwargs)
(EngineCore_DP5 pid=233094)   File "/home/l00838859/cann/my-project/vllm-ascend/vllm_ascend/patch/platform/patch_balance_schedule.py", line 896, in _balance_run_engine_core
(EngineCore_DP5 pid=233094)     return _OriginalRunEngineCore(*args, dp_rank=dp_rank, local_dp_rank=local_dp_rank, **kwargs)
(EngineCore_DP5 pid=233094)            ^^^^^^^^^^^^^^^^^^^^^^^^^^^^^^^^^^^^^^^^^^^^^^^^^^^^^^^^^^^^^^^^^^^^^^^^^^^^^^^^^^^^^
(EngineCore_DP5 pid=233094)   File "/home/l00838859/cann/my-project/vllm/vllm/v1/engine/core.py", line 1235, in run_engine_core
(EngineCore_DP5 pid=233094)     raise e
(EngineCore_DP5 pid=233094)   File "/home/l00838859/cann/my-project/vllm/vllm/v1/engine/core.py", line 1224, in run_engine_core
(EngineCore_DP5 pid=233094)     engine_core.run_busy_loop()
(EngineCore_DP5 pid=233094)   File "/home/l00838859/cann/my-project/vllm/vllm/v1/engine/core.py", line 1943, in run_busy_loop
(EngineCore_DP5 pid=233094)     executed = self._process_engine_step()
(EngineCore_DP5 pid=233094)                ^^^^^^^^^^^^^^^^^^^^^^^^^^^
(EngineCore_DP5 pid=233094)   File "/home/l00838859/cann/my-project/vllm/vllm/v1/engine/core.py", line 1304, in _process_engine_step
(EngineCore_DP5 pid=233094)     outputs, model_executed = self.step_fn()
(EngineCore_DP5 pid=233094)                               ^^^^^^^^^^^^^^
(EngineCore_DP5 pid=233094)   File "/home/l00838859/cann/my-project/vllm/vllm/v1/engine/core.py", line 595, in step_with_batch_queue
(EngineCore_DP5 pid=233094)     model_output = future.result()
(EngineCore_DP5 pid=233094)                    ^^^^^^^^^^^^^^^
(EngineCore_DP5 pid=233094)   File "/home/l00838859/cann/my-project/vllm/vllm/v1/executor/multiproc_executor.py", line 91, in result
(EngineCore_DP5 pid=233094)     return super().result()
(EngineCore_DP5 pid=233094)            ^^^^^^^^^^^^^^^^
(EngineCore_DP5 pid=233094)   File "/usr/local/lib/python3.11/concurrent/futures/_base.py", line 449, in result
(EngineCore_DP5 pid=233094)     return self.__get_result()
(EngineCore_DP5 pid=233094)            ^^^^^^^^^^^^^^^^^^^
(EngineCore_DP5 pid=233094)   File "/usr/local/lib/python3.11/concurrent/futures/_base.py", line 401, in __get_result
(EngineCore_DP5 pid=233094)     raise self._exception
(EngineCore_DP5 pid=233094)   File "/home/l00838859/cann/my-project/vllm/vllm/v1/executor/multiproc_executor.py", line 95, in _wait_for_response
(EngineCore_DP5 pid=233094)     response = self.aggregate(self.get_response())
(EngineCore_DP5 pid=233094)                               ^^^^^^^^^^^^^^^^^^^
(EngineCore_DP5 pid=233094)   File "/home/l00838859/cann/my-project/vllm/vllm/v1/executor/multiproc_executor.py", line 394, in get_response
(EngineCore_DP5 pid=233094)     raise RuntimeError(
(EngineCore_DP5 pid=233094) RuntimeError: Worker failed with error 'synchronize:../torch_npu/csrc/core/npu/NPUEvent.cpp:212 NPU function error: aclrtSynchronizeEvent(event_), error code is 507011
(EngineCore_DP5 pid=233094) [ERROR] 2026-07-27-15:49:06 (PID:233528, Device:10, RankID:-1) ERR00100 PTA call acl api failed
(EngineCore_DP5 pid=233094) [Error]: Model execution failed. 
(EngineCore_DP5 pid=233094)         Rectify the fault based on the error information in the ascend log.
(EngineCore_DP5 pid=233094) [PID: 233528] 2026-07-27-15:49:06.461.336 Execution_Error_SDMA(EI0012): SDMA memory copy task exception occurred. Remote rank: [0]. Base information: [streamID:[85], taskID[1], taskType[Task AIV], tag[], AlgType(level 0-1-2):[ring-ring-ring].]. Task information: [cmdType:[6], tag:[1], size:[688128], numBlocks:[8], rankSize:[2], aivRdmaStep:[-1], flagMem:[0x130f61a00000], isOpbase:[0]
(EngineCore_DP5 pid=233094) there are(is) 2 abnormal device(s):
(EngineCore_DP5 pid=233094) 	[TaskExecStage][HeartbeatAbnormal]Cluster Exception Location[IP/ID]:[10.10.1.44/10], Arrival Time:[Mon Jul 27 15:47:16 2026], ExceptionType:[Stuck Occurred], Possible Reason:1.Host process is stuck, 2.Device task is stuck
(EngineCore_DP5 pid=233094) 	[TaskExecStage][HeartbeatAbnormal]Cluster Exception Location[IP/ID]:[10.10.1.44/8], Arrival Time:[Mon Jul 27 15:47:18 2026], ExceptionType:[Stuck Occurred], Possible Reason:1.Host process is stuck, 2.Device task is stuck
(EngineCore_DP5 pid=233094) ]. Communicator information: [].
(EngineCore_DP5 pid=233094)         Possible Cause: 1. Network connection exception occurred during the SDMA task execution. 2. The peer process exits abnormally. 3. The input or output memory address is not allocated, the actual allocated size is smaller than the input data size, or the memory is freed before the operator execution is complete.
(EngineCore_DP5 pid=233094)         Solution: 1. Check whether the network link is abnormal during the execution. 2. Check whether a process in the cluster exits before an error is reported. If yes, locate the cause of the process exit. 3. Check whether the size of the input/output memory passed to the communication operator meets the expectation, and whether the input/output memory or communicator is freed or destroyed before the operator execution is complete.
(EngineCore_DP5 pid=233094)         TraceBack (most recent call last):
(EngineCore_DP5 pid=233094)         The error from device(chipId:5, dieId:0), serial number is 19, there is an exception of aivec error, core id is 35, error code = 0, dump info: pc start: 0x12c0de87ba0c, current: 0x12c0de884c50, vec error info: 0xad00000cfe, mte error info: 0xf6060000a2, ifu error info: 0x217ffbe014040, ccu error info: 0x812991876680003f, cube error info: 0, biu error info: 0, aic error mask: 0x6500020bd00028c, para base: 0x12c1401d6000.[FUNC:PrintCoreInfo][FILE:device_error_core_proc.cc][LINE:645]
(EngineCore_DP5 pid=233094)         The extend info: errcode:(0, 0, 0) errorStr: timeout or trap error. fixp_error0 info: 0x60000a2, fixp_error1 info: 0xf6, fsmId:0, tslot:5, thread:0, ctxid:0, blk:0, sublk:0, subErrType:4.[FUNC:PrintCoreInfo][FILE:device_error_core_proc.cc][LINE:658]
(EngineCore_DP5 pid=233094)         The error from device(chipId:5, dieId:0), serial number is 19, there is an exception of aivec error, core id is 39, error code = 0, dump info: pc start: 0x12c0de87ba0c, current: 0x12c0de89db84, vec error info: 0xad00000cfe, mte error info: 0xf603071c6e, ifu error info: 0x20001bdc5ce00, ccu error info: 0xed4191306880003f, cube error info: 0, biu error info: 0, aic error mask: 0x6500020bd00028c, para base: 0x12c1401d6000.[FUNC:PrintCoreInfo][FILE:device_error_core_proc.cc][LINE:645]
(EngineCore_DP5 pid=233094)         The extend info: errcode:(0, 0, 0) errorStr: timeout or trap error. fixp_error0 info: 0x3071c6e, fixp_error1 info: 0xf6, fsmId:0, tslot:5, thread:0, ctxid:0, blk:4, sublk:0, subErrType:4.[FUNC:PrintCoreInfo][FILE:device_error_core_proc.cc][LINE:658]
(EngineCore_DP5 pid=233094)         The error from device(chipId:5, dieId:0), serial number is 19, there is an exception of aivec error, core id is 42, error code = 0, dump info: pc start: 0x12c0de87ba0c, current: 0x12c0de89db44, vec error info: 0xad00000cfe, mte error info: 0xf6060000a2, ifu error info: 0x217ffbe014040, ccu error info: 0xd367735c6880003f, cube error info: 0, biu error info: 0, aic error mask: 0x6500020bd00028c, para base: 0x12c1401d6000.[FUNC:PrintCoreInfo][FILE:device_error_core_proc.cc][LINE:645]
(EngineCore_DP5 pid=233094)         The extend info: errcode:(0, 0, 0) errorStr: timeout or trap error. fixp_error0 info: 0x60000a2, fixp_error1 info: 0xf6, fsmId:0, tslot:5, thread:0, ctxid:0, blk:7, sublk:0, subErrType:4.[FUNC:PrintCoreInfo][FILE:device_error_core_proc.cc][LINE:658]
(EngineCore_DP5 pid=233094)         The error from device(chipId:5, dieId:0), serial number is 19, there is an exception of aivec error, core id is 36, error code = 0, dump info: pc start: 0x12c0de87ba0c, current: 0x12c0de89db44, vec error info: 0xad00000cfe, mte error info: 0xf6060000a2, ifu error info: 0x217ffbe014040, ccu error info: 0x7094456880003f, cube error info: 0, biu error info: 0, aic error mask: 0x6500020bd00028c, para base: 0x12c1401d6000.[FUNC:PrintCoreInfo][FILE:device_error_core_proc.cc][LINE:645]
(EngineCore_DP5 pid=233094)         The extend info: errcode:(0, 0, 0) errorStr: timeout or trap error. fixp_error0 info: 0x60000a2, fixp_error1 info: 0xf6, fsmId:1, tslot:5, thread:0, ctxid:0, blk:1, sublk:0, subErrType:4.[FUNC:PrintCoreInfo][FILE:device_error_core_proc.cc][LINE:658]
(EngineCore_DP5 pid=233094)         The error from device(chipId:5, dieId:0), serial number is 19, there is an exception of aivec error, core id is 37, error code = 0, dump info: pc start: 0x12c0de87ba0c, current: 0x12c0de89db44, vec error info: 0xad00000bfe, mte error info: 0xf603083c6e, ifu error info: 0x20001bdc63e00, ccu error info: 0x60894c406880003f, cube error info: 0, biu error info: 0, aic error mask: 0x6500020bd00028c, para base: 0x12c1401d6000.[FUNC:PrintCoreInfo][FILE:device_error_core_proc.cc][LINE:645]
(EngineCore_DP5 pid=233094)         The extend info: errcode:(0, 0, 0) errorStr: timeout or trap error. fixp_error0 info: 0x3083c6e, fixp_error1 info: 0xf6, fsmId:1, tslot:5, thread:0, ctxid:0, blk:2, sublk:0, subErrType:4.[FUNC:PrintCoreInfo][FILE:device_error_core_proc.cc][LINE:658]
(EngineCore_DP5 pid=233094)         The error from device(chipId:5, dieId:0), serial number is 19, there is an exception of aivec error, core id is 38, error code = 0, dump info: pc start: 0x12c0de87ba0c, current: 0x12c0de89dc70, vec error info: 0xad00000bfe, mte error info: 0xf603068c6e, ifu error info: 0x217ffbe014040, ccu error info: 0x4f0007696880003f, cube error info: 0, biu error info: 0, aic error mask: 0x6500020bd00028c, para base: 0x12c1401d6000.[FUNC:PrintCoreInfo][FILE:device_error_core_proc.cc][LINE:645]
(EngineCore_DP5 pid=233094)         The extend info: errcode:(0, 0, 0) errorStr: timeout or trap error. fixp_error0 info: 0x3068c6e, fixp_error1 info: 0xf6, fsmId:1, tslot:5, thread:0, ctxid:0, blk:3, sublk:0, subErrType:4.[FUNC:PrintCoreInfo][FILE:device_error_core_proc.cc][LINE:658]
(EngineCore_DP5 pid=233094)         The error from device(chipId:5, dieId:0), serial number is 19, there is an exception of aivec error, core id is 40, error code = 0, dump info: pc start: 0x12c0de87ba0c, current: 0x12c0de89db44, vec error info: 0xad00000cfe, mte error info: 0x4e060000c7, ifu error info: 0x217ffbe014040, ccu error info: 0xa1a994426880003f, cube error info: 0, biu error info: 0, aic error mask: 0x6500020bd00028c, para base: 0x12c1401d6000.[FUNC:PrintCoreInfo][FILE:device_error_core_proc.cc][LINE:645]
(EngineCore_DP5 pid=233094)         The extend info: errcode:(0, 0, 0) errorStr: timeout or trap error. fixp_error0 info: 0x60000c7, fixp_error1 info: 0x4e, fsmId:1, tslot:5, thread:0, ctxid:0, blk:5, sublk:0, subErrType:4.[FUNC:PrintCoreInfo][FILE:device_error_core_proc.cc][LINE:658]
(EngineCore_DP5 pid=233094)         The error from device(chipId:5, dieId:0), serial number is 19, there is an exception of aivec error, core id is 41, error code = 0, dump info: pc start: 0x12c0de87ba0c, current: 0x12c0de89db44, vec error info: 0xad00000cfe, mte error info: 0xf6060000a2, ifu error info: 0x217ffbe014040, ccu error info: 0xaa94c896880003f, cube error info: 0, biu error info: 0, aic error mask: 0x6500020bd00028c, para base: 0x12c1401d6000.[FUNC:PrintCoreInfo][FILE:device_error_core_proc.cc][LINE:645]
(EngineCore_DP5 pid=233094)         The extend info: errcode:(0, 0, 0) errorStr: timeout or trap error. fixp_error0 info: 0x60000a2, fixp_error1 info: 0xf6, fsmId:1, tslot:5, thread:0, ctxid:0, blk:6, sublk:0, subErrType:4.[FUNC:PrintCoreInfo][FILE:device_error_core_proc.cc][LINE:658]
(EngineCore_DP5 pid=233094)         SDMA memory copy task exception occurred. Remote rank: [0]. Base information: [streamID:[85], taskID[1], taskType[Task AIV], tag[], AlgType(level 0-1-2):[ring-ring-ring].]. Task information: [cmdType:[6], tag:[1], size:[688128], numBlocks:[8], rankSize:[2], aivRdmaStep:[-1], flagMem:[0x130f61a00000], isOpbase:[0]
(EngineCore_DP5 pid=233094) there are(is) 2 abnormal device(s):
(EngineCore_DP5 pid=233094) 	[TaskExecStage][HeartbeatAbnormal]Cluster Exception Location[IP/ID]:[10.10.1.44/10], Arrival Time:[Mon Jul 27 15:47:16 2026], ExceptionType:[Stuck Occurred], Possible Reason:1.Host process is stuck, 2.Device task is stuck
(EngineCore_DP5 pid=233094) 	[TaskExecStage][HeartbeatAbnormal]Cluster Exception Location[IP/ID]:[10.10.1.44/8], Arrival Time:[Mon Jul 27 15:47:18 2026], ExceptionType:[Stuck Occurred], Possible Reason:1.Host process is stuck, 2.Device task is stuck
(EngineCore_DP5 pid=233094) ]. Communicator information: [].
(EngineCore_DP5 pid=233094)         rtEventSynchronize execution failed, reason=the model stream execute failed[FUNC:FuncErrorReason][FILE:error_message_manage.cc][LINE:65]
(EngineCore_DP5 pid=233094)         wait event to be complete failed, runtime result = 507011[FUNC:ReportCallError][FILE:log_inner.cpp][LINE:148]
(EngineCore_DP5 pid=233094) ', please check the stack trace above for the root cause
WARNING 07-27 15:49:14 [utils.py:626] [shutdown] Process manager: force killing remaining processes count=1
Process Process-1:
Traceback (most recent call last):
  File "/usr/local/lib/python3.11/multiprocessing/process.py", line 314, in _bootstrap
    self.run()
  File "/usr/local/lib/python3.11/multiprocessing/process.py", line 108, in run
    self._target(*self._args, **self._kwargs)
  File "/home/l00838859/cann/vllm-runner/data_parallel.py", line 236, in run_vllm_main
    outputs = llm.generate(rank_prompts, sampling_params)
              ^^^^^^^^^^^^^^^^^^^^^^^^^^^^^^^^^^^^^^^^^^^
  File "/home/l00838859/cann/my-project/vllm/vllm/entrypoints/llm.py", line 476, in generate
    return self._run_completion(
           ^^^^^^^^^^^^^^^^^^^^^
  File "/home/l00838859/cann/my-project/vllm/vllm/entrypoints/offline_utils.py", line 349, in _run_completion
    return self._run_engine(use_tqdm=use_tqdm, output_type=output_type)
           ^^^^^^^^^^^^^^^^^^^^^^^^^^^^^^^^^^^^^^^^^^^^^^^^^^^^^^^^^^^^
  File "/home/l00838859/cann/my-project/vllm/vllm/entrypoints/offline_utils.py", line 595, in _run_engine
    step_outputs = self.llm_engine.step()
                   ^^^^^^^^^^^^^^^^^^^^^^
  File "/home/l00838859/cann/my-project/vllm/vllm/v1/engine/llm_engine.py", line 304, in step
    outputs = self.engine_core.get_output()
              ^^^^^^^^^^^^^^^^^^^^^^^^^^^^^
  File "/home/l00838859/cann/my-project/vllm/vllm/v1/engine/core_client.py", line 856, in get_output
    raise self._format_exception(outputs) from None
vllm.v1.engine.exceptions.EngineDeadError: EngineCore encountered an issue. See stack trace (above) for the root cause.

Processed prompts:   0%|          | 0/1 [03:46<?, ?it/s, est. speed input: 0.00 toks/s, output: 0.00 toks/s]
failed pid=233023 code=1
/usr/local/lib/python3.11/multiprocessing/resource_tracker.py:254: UserWarning: resource_tracker: There appear to be 3 leaked shared_memory objects to clean up at shutdown
  warnings.warn('resource_tracker: There appear to be %d '
WARNING 07-27 15:49:15 [utils.py:626] [shutdown] Process manager: force killing remaining processes count=1
Process Process-4:
Traceback (most recent call last):
  File "/usr/local/lib/python3.11/multiprocessing/process.py", line 314, in _bootstrap
    self.run()
  File "/usr/local/lib/python3.11/multiprocessing/process.py", line 108, in run
    self._target(*self._args, **self._kwargs)
  File "/home/l00838859/cann/vllm-runner/data_parallel.py", line 236, in run_vllm_main
    outputs = llm.generate(rank_prompts, sampling_params)
              ^^^^^^^^^^^^^^^^^^^^^^^^^^^^^^^^^^^^^^^^^^^
  File "/home/l00838859/cann/my-project/vllm/vllm/entrypoints/llm.py", line 476, in generate
    return self._run_completion(
           ^^^^^^^^^^^^^^^^^^^^^
  File "/home/l00838859/cann/my-project/vllm/vllm/entrypoints/offline_utils.py", line 349, in _run_completion
    return self._run_engine(use_tqdm=use_tqdm, output_type=output_type)
           ^^^^^^^^^^^^^^^^^^^^^^^^^^^^^^^^^^^^^^^^^^^^^^^^^^^^^^^^^^^^
  File "/home/l00838859/cann/my-project/vllm/vllm/entrypoints/offline_utils.py", line 595, in _run_engine
    step_outputs = self.llm_engine.step()
                   ^^^^^^^^^^^^^^^^^^^^^^
  File "/home/l00838859/cann/my-project/vllm/vllm/v1/engine/llm_engine.py", line 304, in step
    outputs = self.engine_core.get_output()
              ^^^^^^^^^^^^^^^^^^^^^^^^^^^^^
  File "/home/l00838859/cann/my-project/vllm/vllm/v1/engine/core_client.py", line 856, in get_output
    raise self._format_exception(outputs) from None
vllm.v1.engine.exceptions.EngineDeadError: EngineCore encountered an issue. See stack trace (above) for the root cause.

Processed prompts:   0%|          | 0/1 [03:47<?, ?it/s, est. speed input: 0.00 toks/s, output: 0.00 toks/s]
/usr/local/lib/python3.11/multiprocessing/resource_tracker.py:254: UserWarning: resource_tracker: There appear to be 3 leaked shared_memory objects to clean up at shutdown
  warnings.warn('resource_tracker: There appear to be %d '
WARNING 07-27 15:49:15 [utils.py:626] [shutdown] Process manager: force killing remaining processes count=1
Process Process-3:
Traceback (most recent call last):
  File "/usr/local/lib/python3.11/multiprocessing/process.py", line 314, in _bootstrap
    self.run()
  File "/usr/local/lib/python3.11/multiprocessing/process.py", line 108, in run
    self._target(*self._args, **self._kwargs)
  File "/home/l00838859/cann/vllm-runner/data_parallel.py", line 236, in run_vllm_main
    outputs = llm.generate(rank_prompts, sampling_params)
              ^^^^^^^^^^^^^^^^^^^^^^^^^^^^^^^^^^^^^^^^^^^
  File "/home/l00838859/cann/my-project/vllm/vllm/entrypoints/llm.py", line 476, in generate
    return self._run_completion(
           ^^^^^^^^^^^^^^^^^^^^^
  File "/home/l00838859/cann/my-project/vllm/vllm/entrypoints/offline_utils.py", line 349, in _run_completion
    return self._run_engine(use_tqdm=use_tqdm, output_type=output_type)
           ^^^^^^^^^^^^^^^^^^^^^^^^^^^^^^^^^^^^^^^^^^^^^^^^^^^^^^^^^^^^
  File "/home/l00838859/cann/my-project/vllm/vllm/entrypoints/offline_utils.py", line 595, in _run_engine
    step_outputs = self.llm_engine.step()
                   ^^^^^^^^^^^^^^^^^^^^^^
  File "/home/l00838859/cann/my-project/vllm/vllm/v1/engine/llm_engine.py", line 304, in step
    outputs = self.engine_core.get_output()
              ^^^^^^^^^^^^^^^^^^^^^^^^^^^^^
  File "/home/l00838859/cann/my-project/vllm/vllm/v1/engine/core_client.py", line 856, in get_output
    raise self._format_exception(outputs) from None
vllm.v1.engine.exceptions.EngineDeadError: EngineCore encountered an issue. See stack trace (above) for the root cause.

Processed prompts:   0%|          | 0/1 [03:47<?, ?it/s, est. speed input: 0.00 toks/s, output: 0.00 toks/s]
/usr/local/lib/python3.11/multiprocessing/resource_tracker.py:254: UserWarning: resource_tracker: There appear to be 3 leaked shared_memory objects to clean up at shutdown
  warnings.warn('resource_tracker: There appear to be %d '
Process Process-2:
Traceback (most recent call last):
  File "/usr/local/lib/python3.11/multiprocessing/process.py", line 314, in _bootstrap
    self.run()
  File "/usr/local/lib/python3.11/multiprocessing/process.py", line 108, in run
    self._target(*self._args, **self._kwargs)
  File "/home/l00838859/cann/vllm-runner/data_parallel.py", line 236, in run_vllm_main
    outputs = llm.generate(rank_prompts, sampling_params)
              ^^^^^^^^^^^^^^^^^^^^^^^^^^^^^^^^^^^^^^^^^^^
  File "/home/l00838859/cann/my-project/vllm/vllm/entrypoints/llm.py", line 476, in generate
    return self._run_completion(
           ^^^^^^^^^^^^^^^^^^^^^
  File "/home/l00838859/cann/my-project/vllm/vllm/entrypoints/offline_utils.py", line 349, in _run_completion
    return self._run_engine(use_tqdm=use_tqdm, output_type=output_type)
           ^^^^^^^^^^^^^^^^^^^^^^^^^^^^^^^^^^^^^^^^^^^^^^^^^^^^^^^^^^^^
  File "/home/l00838859/cann/my-project/vllm/vllm/entrypoints/offline_utils.py", line 595, in _run_engine
    step_outputs = self.llm_engine.step()
                   ^^^^^^^^^^^^^^^^^^^^^^
  File "/home/l00838859/cann/my-project/vllm/vllm/v1/engine/llm_engine.py", line 304, in step
    outputs = self.engine_core.get_output()
              ^^^^^^^^^^^^^^^^^^^^^^^^^^^^^
  File "/home/l00838859/cann/my-project/vllm/vllm/v1/engine/core_client.py", line 856, in get_output
    raise self._format_exception(outputs) from None
vllm.v1.engine.exceptions.EngineDeadError: EngineCore encountered an issue. See stack trace (above) for the root cause.

Processed prompts:   0%|          | 0/1 [03:46<?, ?it/s, est. speed input: 0.00 toks/s, output: 0.00 toks/s]
failed pid=233025 code=1
failed pid=233027 code=1
failed pid=233029 code=1
/usr/local/lib/python3.11/multiprocessing/resource_tracker.py:254: UserWarning: resource_tracker: There appear to be 3 leaked shared_memory objects to clean up at shutdown
  warnings.warn('resource_tracker: There appear to be %d '
WARNING 07-27 15:49:16 [utils.py:626] [shutdown] Process manager: force killing remaining processes count=1
Process Process-5:
Traceback (most recent call last):
  File "/usr/local/lib/python3.11/multiprocessing/process.py", line 314, in _bootstrap
    self.run()
  File "/usr/local/lib/python3.11/multiprocessing/process.py", line 108, in run
    self._target(*self._args, **self._kwargs)
  File "/home/l00838859/cann/vllm-runner/data_parallel.py", line 236, in run_vllm_main
    outputs = llm.generate(rank_prompts, sampling_params)
              ^^^^^^^^^^^^^^^^^^^^^^^^^^^^^^^^^^^^^^^^^^^
  File "/home/l00838859/cann/my-project/vllm/vllm/entrypoints/llm.py", line 476, in generate
    return self._run_completion(
           ^^^^^^^^^^^^^^^^^^^^^
  File "/home/l00838859/cann/my-project/vllm/vllm/entrypoints/offline_utils.py", line 349, in _run_completion
    return self._run_engine(use_tqdm=use_tqdm, output_type=output_type)
           ^^^^^^^^^^^^^^^^^^^^^^^^^^^^^^^^^^^^^^^^^^^^^^^^^^^^^^^^^^^^
  File "/home/l00838859/cann/my-project/vllm/vllm/entrypoints/offline_utils.py", line 595, in _run_engine
    step_outputs = self.llm_engine.step()
                   ^^^^^^^^^^^^^^^^^^^^^^
  File "/home/l00838859/cann/my-project/vllm/vllm/v1/engine/llm_engine.py", line 304, in step
    outputs = self.engine_core.get_output()
              ^^^^^^^^^^^^^^^^^^^^^^^^^^^^^
  File "/home/l00838859/cann/my-project/vllm/vllm/v1/engine/core_client.py", line 856, in get_output
    raise self._format_exception(outputs) from None
vllm.v1.engine.exceptions.EngineDeadError: EngineCore encountered an issue. See stack trace (above) for the root cause.

Processed prompts:   0%|          | 0/1 [03:46<?, ?it/s, est. speed input: 0.00 toks/s, output: 0.00 toks/s]
failed pid=233031 code=1
/usr/local/lib/python3.11/multiprocessing/resource_tracker.py:254: UserWarning: resource_tracker: There appear to be 3 leaked shared_memory objects to clean up at shutdown
  warnings.warn('resource_tracker: There appear to be %d '
WARNING 07-27 15:49:16 [utils.py:626] [shutdown] Process manager: force killing remaining processes count=1
Process Process-6:
Traceback (most recent call last):
  File "/usr/local/lib/python3.11/multiprocessing/process.py", line 314, in _bootstrap
    self.run()
  File "/usr/local/lib/python3.11/multiprocessing/process.py", line 108, in run
    self._target(*self._args, **self._kwargs)
  File "/home/l00838859/cann/vllm-runner/data_parallel.py", line 236, in run_vllm_main
    outputs = llm.generate(rank_prompts, sampling_params)
              ^^^^^^^^^^^^^^^^^^^^^^^^^^^^^^^^^^^^^^^^^^^
  File "/home/l00838859/cann/my-project/vllm/vllm/entrypoints/llm.py", line 476, in generate
    return self._run_completion(
           ^^^^^^^^^^^^^^^^^^^^^
  File "/home/l00838859/cann/my-project/vllm/vllm/entrypoints/offline_utils.py", line 349, in _run_completion
    return self._run_engine(use_tqdm=use_tqdm, output_type=output_type)
           ^^^^^^^^^^^^^^^^^^^^^^^^^^^^^^^^^^^^^^^^^^^^^^^^^^^^^^^^^^^^
  File "/home/l00838859/cann/my-project/vllm/vllm/entrypoints/offline_utils.py", line 595, in _run_engine
    step_outputs = self.llm_engine.step()
                   ^^^^^^^^^^^^^^^^^^^^^^
  File "/home/l00838859/cann/my-project/vllm/vllm/v1/engine/llm_engine.py", line 304, in step
    outputs = self.engine_core.get_output()
              ^^^^^^^^^^^^^^^^^^^^^^^^^^^^^
  File "/home/l00838859/cann/my-project/vllm/vllm/v1/engine/core_client.py", line 856, in get_output
    raise self._format_exception(outputs) from None
vllm.v1.engine.exceptions.EngineDeadError: EngineCore encountered an issue. See stack trace (above) for the root cause.

Processed prompts:   0%|          | 0/1 [03:47<?, ?it/s, est. speed input: 0.00 toks/s, output: 0.00 toks/s]
failed pid=233033 code=1
/usr/local/lib/python3.11/multiprocessing/resource_tracker.py:254: UserWarning: resource_tracker: There appear to be 3 leaked shared_memory objects to clean up at shutdown
  warnings.warn('resource_tracker: There appear to be %d '
(EngineCore_DP6 pid=233091) INFO 07-27 15:49:32 [shm_broadcast.py:705] No available shared memory broadcast block found in 60 seconds. This typically happens when some processes are hanging or doing some time-consuming work (e.g. compilation, weight/kv cache quantization).
(EngineCore_DP7 pid=233092) INFO 07-27 15:49:32 [shm_broadcast.py:705] No available shared memory broadcast block found in 60 seconds. This typically happens when some processes are hanging or doing some time-consuming work (e.g. compilation, weight/kv cache quantization).
(Worker_DP6_TP1_EP13 pid=233895) ERROR 07-27 15:49:43 [multiproc_executor.py:1007] WorkerProc hit an exception.
(Worker_DP6_TP1_EP13 pid=233895) ERROR 07-27 15:49:43 [multiproc_executor.py:1007] Traceback (most recent call last):
(Worker_DP6_TP1_EP13 pid=233895) ERROR 07-27 15:49:43 [multiproc_executor.py:1007]   File "/home/l00838859/cann/my-project/vllm/vllm/v1/executor/multiproc_executor.py", line 999, in worker_busy_loop
(Worker_DP6_TP1_EP13 pid=233895) ERROR 07-27 15:49:43 [multiproc_executor.py:1007]     output = func(*args, **kwargs)
(Worker_DP6_TP1_EP13 pid=233895) ERROR 07-27 15:49:43 [multiproc_executor.py:1007]              ^^^^^^^^^^^^^^^^^^^^^
(Worker_DP6_TP1_EP13 pid=233895) ERROR 07-27 15:49:43 [multiproc_executor.py:1007]   File "/home/l00838859/cann/my-project/vllm/vllm/v1/worker/worker_base.py", line 351, in execute_model
(Worker_DP6_TP1_EP13 pid=233895) ERROR 07-27 15:49:43 [multiproc_executor.py:1007]     return self.worker.execute_model(scheduler_output)
(Worker_DP6_TP1_EP13 pid=233895) ERROR 07-27 15:49:43 [multiproc_executor.py:1007]            ^^^^^^^^^^^^^^^^^^^^^^^^^^^^^^^^^^^^^^^^^^^
(Worker_DP6_TP1_EP13 pid=233895) ERROR 07-27 15:49:43 [multiproc_executor.py:1007]   File "/home/l00838859/cann/my-project/vllm-ascend/vllm_ascend/worker/worker.py", line 685, in execute_model
(Worker_DP6_TP1_EP13 pid=233895) ERROR 07-27 15:49:43 [multiproc_executor.py:1007]     output = self.model_runner.execute_model(scheduler_output, intermediate_tensors)
(Worker_DP6_TP1_EP13 pid=233895) ERROR 07-27 15:49:43 [multiproc_executor.py:1007]              ^^^^^^^^^^^^^^^^^^^^^^^^^^^^^^^^^^^^^^^^^^^^^^^^^^^^^^^^^^^^^^^^^^^^^^^
(Worker_DP6_TP1_EP13 pid=233895) ERROR 07-27 15:49:43 [multiproc_executor.py:1007]   File "/usr/local/lib/python3.11/site-packages/torch/utils/_contextlib.py", line 124, in decorate_context
(Worker_DP6_TP1_EP13 pid=233895) ERROR 07-27 15:49:43 [multiproc_executor.py:1007]     return func(*args, **kwargs)
(Worker_DP6_TP1_EP13 pid=233895) ERROR 07-27 15:49:43 [multiproc_executor.py:1007]            ^^^^^^^^^^^^^^^^^^^^^
(Worker_DP6_TP1_EP13 pid=233895) ERROR 07-27 15:49:43 [multiproc_executor.py:1007]   File "/home/l00838859/cann/my-project/vllm-ascend/vllm_ascend/worker/model_runner_v1.py", line 2346, in execute_model
(Worker_DP6_TP1_EP13 pid=233895) ERROR 07-27 15:49:43 [multiproc_executor.py:1007]     hidden_states = self._model_forward(
(Worker_DP6_TP1_EP13 pid=233895) ERROR 07-27 15:49:43 [multiproc_executor.py:1007]                     ^^^^^^^^^^^^^^^^^^^^
(Worker_DP6_TP1_EP13 pid=233895) ERROR 07-27 15:49:43 [multiproc_executor.py:1007]   File "/home/l00838859/cann/my-project/vllm-ascend/vllm_ascend/worker/model_runner_v1.py", line 2915, in _model_forward
(Worker_DP6_TP1_EP13 pid=233895) ERROR 07-27 15:49:43 [multiproc_executor.py:1007]     hidden_states = run_model()
(Worker_DP6_TP1_EP13 pid=233895) ERROR 07-27 15:49:43 [multiproc_executor.py:1007]                     ^^^^^^^^^^^
(Worker_DP6_TP1_EP13 pid=233895) ERROR 07-27 15:49:43 [multiproc_executor.py:1007]   File "/home/l00838859/cann/my-project/vllm-ascend/vllm_ascend/compilation/acl_graph.py", line 281, in __call__
(Worker_DP6_TP1_EP13 pid=233895) ERROR 07-27 15:49:43 [multiproc_executor.py:1007]     torch.npu.current_stream().synchronize()
(Worker_DP6_TP1_EP13 pid=233895) ERROR 07-27 15:49:43 [multiproc_executor.py:1007]   File "/usr/local/lib/python3.11/site-packages/torch_npu/npu/streams.py", line 85, in synchronize
(Worker_DP6_TP1_EP13 pid=233895) ERROR 07-27 15:49:43 [multiproc_executor.py:1007]     super(Stream, self).synchronize()
(Worker_DP6_TP1_EP13 pid=233895) ERROR 07-27 15:49:43 [multiproc_executor.py:1007] RuntimeError: synchronize:../torch_npu/csrc/core/npu/NPUStream.cpp:361 NPU function error: c10_npu::acl::AclrtSynchronizeStreamWithTimeout(stream()), error code is 107020
(Worker_DP6_TP1_EP13 pid=233895) ERROR 07-27 15:49:43 [multiproc_executor.py:1007] [ERROR] 2026-07-27-15:49:43 (PID:233895, Device:13, RankID:-1) ERR00100 PTA call acl api failed.
(Worker_DP6_TP1_EP13 pid=233895) ERROR 07-27 15:49:43 [multiproc_executor.py:1007] EE9999: Inner Error!
(Worker_DP6_TP1_EP13 pid=233895) ERROR 07-27 15:49:43 [multiproc_executor.py:1007] EE9999[PID: 233895] 2026-07-27-15:49:43.652.222 (EE9999):  The error from device(chipId:6, dieId:1), serial number is 20, event wait timeout occurred during task execution, stream_id:44, sq_id:5, task_id:4, event_id=202, timeout=234s.[FUNC:ProcessStarsWaitTimeoutErrorInfo][FILE:device_error_proc.cc][LINE:1593]
(Worker_DP6_TP1_EP13 pid=233895) ERROR 07-27 15:49:43 [multiproc_executor.py:1007]         TraceBack (most recent call last):
(Worker_DP6_TP1_EP13 pid=233895) ERROR 07-27 15:49:43 [multiproc_executor.py:1007]        rtStreamSynchronizeWithTimeout execution failed, reason=task timeout[FUNC:FuncErrorReason][FILE:error_message_manage.cc][LINE:65]
(Worker_DP6_TP1_EP13 pid=233895) ERROR 07-27 15:49:43 [multiproc_executor.py:1007]        synchronize stream with timeout failed, runtime result = 107020[FUNC:ReportCallError][FILE:log_inner.cpp][LINE:148]
(Worker_DP6_TP1_EP13 pid=233895) ERROR 07-27 15:49:43 [multiproc_executor.py:1007] 
(Worker_DP6_TP1_EP13 pid=233895) ERROR 07-27 15:49:43 [multiproc_executor.py:1007] Traceback (most recent call last):
(Worker_DP6_TP1_EP13 pid=233895) ERROR 07-27 15:49:43 [multiproc_executor.py:1007]   File "/home/l00838859/cann/my-project/vllm/vllm/v1/executor/multiproc_executor.py", line 999, in worker_busy_loop
(Worker_DP6_TP1_EP13 pid=233895) ERROR 07-27 15:49:43 [multiproc_executor.py:1007]     output = func(*args, **kwargs)
(Worker_DP6_TP1_EP13 pid=233895) ERROR 07-27 15:49:43 [multiproc_executor.py:1007]              ^^^^^^^^^^^^^^^^^^^^^
(Worker_DP6_TP1_EP13 pid=233895) ERROR 07-27 15:49:43 [multiproc_executor.py:1007]   File "/home/l00838859/cann/my-project/vllm/vllm/v1/worker/worker_base.py", line 351, in execute_model
(Worker_DP6_TP1_EP13 pid=233895) ERROR 07-27 15:49:43 [multiproc_executor.py:1007]     return self.worker.execute_model(scheduler_output)
(Worker_DP6_TP1_EP13 pid=233895) ERROR 07-27 15:49:43 [multiproc_executor.py:1007]            ^^^^^^^^^^^^^^^^^^^^^^^^^^^^^^^^^^^^^^^^^^^
(Worker_DP6_TP1_EP13 pid=233895) ERROR 07-27 15:49:43 [multiproc_executor.py:1007]   File "/home/l00838859/cann/my-project/vllm-ascend/vllm_ascend/worker/worker.py", line 685, in execute_model
(Worker_DP6_TP1_EP13 pid=233895) ERROR 07-27 15:49:43 [multiproc_executor.py:1007]     output = self.model_runner.execute_model(scheduler_output, intermediate_tensors)
(Worker_DP6_TP1_EP13 pid=233895) ERROR 07-27 15:49:43 [multiproc_executor.py:1007]              ^^^^^^^^^^^^^^^^^^^^^^^^^^^^^^^^^^^^^^^^^^^^^^^^^^^^^^^^^^^^^^^^^^^^^^^
(Worker_DP6_TP1_EP13 pid=233895) ERROR 07-27 15:49:43 [multiproc_executor.py:1007]   File "/usr/local/lib/python3.11/site-packages/torch/utils/_contextlib.py", line 124, in decorate_context
(Worker_DP6_TP1_EP13 pid=233895) ERROR 07-27 15:49:43 [multiproc_executor.py:1007]     return func(*args, **kwargs)
(Worker_DP6_TP1_EP13 pid=233895) ERROR 07-27 15:49:43 [multiproc_executor.py:1007]            ^^^^^^^^^^^^^^^^^^^^^
(Worker_DP6_TP1_EP13 pid=233895) ERROR 07-27 15:49:43 [multiproc_executor.py:1007]   File "/home/l00838859/cann/my-project/vllm-ascend/vllm_ascend/worker/model_runner_v1.py", line 2346, in execute_model
(Worker_DP6_TP1_EP13 pid=233895) ERROR 07-27 15:49:43 [multiproc_executor.py:1007]     hidden_states = self._model_forward(
(Worker_DP6_TP1_EP13 pid=233895) ERROR 07-27 15:49:43 [multiproc_executor.py:1007]                     ^^^^^^^^^^^^^^^^^^^^
(Worker_DP6_TP1_EP13 pid=233895) ERROR 07-27 15:49:43 [multiproc_executor.py:1007]   File "/home/l00838859/cann/my-project/vllm-ascend/vllm_ascend/worker/model_runner_v1.py", line 2915, in _model_forward
(Worker_DP6_TP1_EP13 pid=233895) ERROR 07-27 15:49:43 [multiproc_executor.py:1007]     hidden_states = run_model()
(Worker_DP6_TP1_EP13 pid=233895) ERROR 07-27 15:49:43 [multiproc_executor.py:1007]                     ^^^^^^^^^^^
(Worker_DP6_TP1_EP13 pid=233895) ERROR 07-27 15:49:43 [multiproc_executor.py:1007]   File "/home/l00838859/cann/my-project/vllm-ascend/vllm_ascend/compilation/acl_graph.py", line 281, in __call__
(Worker_DP6_TP1_EP13 pid=233895) ERROR 07-27 15:49:43 [multiproc_executor.py:1007]     torch.npu.current_stream().synchronize()
(Worker_DP6_TP1_EP13 pid=233895) ERROR 07-27 15:49:43 [multiproc_executor.py:1007]   File "/usr/local/lib/python3.11/site-packages/torch_npu/npu/streams.py", line 85, in synchronize
(Worker_DP6_TP1_EP13 pid=233895) ERROR 07-27 15:49:43 [multiproc_executor.py:1007]     super(Stream, self).synchronize()
(Worker_DP6_TP1_EP13 pid=233895) ERROR 07-27 15:49:43 [multiproc_executor.py:1007] RuntimeError: synchronize:../torch_npu/csrc/core/npu/NPUStream.cpp:361 NPU function error: c10_npu::acl::AclrtSynchronizeStreamWithTimeout(stream()), error code is 107020
(Worker_DP6_TP1_EP13 pid=233895) ERROR 07-27 15:49:43 [multiproc_executor.py:1007] [ERROR] 2026-07-27-15:49:43 (PID:233895, Device:13, RankID:-1) ERR00100 PTA call acl api failed.
(Worker_DP6_TP1_EP13 pid=233895) ERROR 07-27 15:49:43 [multiproc_executor.py:1007] EE9999: Inner Error!
(Worker_DP6_TP1_EP13 pid=233895) ERROR 07-27 15:49:43 [multiproc_executor.py:1007] EE9999[PID: 233895] 2026-07-27-15:49:43.652.222 (EE9999):  The error from device(chipId:6, dieId:1), serial number is 20, event wait timeout occurred during task execution, stream_id:44, sq_id:5, task_id:4, event_id=202, timeout=234s.[FUNC:ProcessStarsWaitTimeoutErrorInfo][FILE:device_error_proc.cc][LINE:1593]
(Worker_DP6_TP1_EP13 pid=233895) ERROR 07-27 15:49:43 [multiproc_executor.py:1007]         TraceBack (most recent call last):
(Worker_DP6_TP1_EP13 pid=233895) ERROR 07-27 15:49:43 [multiproc_executor.py:1007]        rtStreamSynchronizeWithTimeout execution failed, reason=task timeout[FUNC:FuncErrorReason][FILE:error_message_manage.cc][LINE:65]
(Worker_DP6_TP1_EP13 pid=233895) ERROR 07-27 15:49:43 [multiproc_executor.py:1007]        synchronize stream with timeout failed, runtime result = 107020[FUNC:ReportCallError][FILE:log_inner.cpp][LINE:148]
(Worker_DP6_TP1_EP13 pid=233895) ERROR 07-27 15:49:43 [multiproc_executor.py:1007] 
(Worker_DP6_TP1_EP13 pid=233895) ERROR 07-27 15:49:43 [multiproc_executor.py:1007] 
(Worker_DP7_TP1_EP15 pid=233966) ERROR 07-27 15:49:45 [multiproc_executor.py:1007] WorkerProc hit an exception.
(Worker_DP7_TP1_EP15 pid=233966) ERROR 07-27 15:49:45 [multiproc_executor.py:1007] Traceback (most recent call last):
(Worker_DP7_TP1_EP15 pid=233966) ERROR 07-27 15:49:45 [multiproc_executor.py:1007]   File "/home/l00838859/cann/my-project/vllm/vllm/v1/executor/multiproc_executor.py", line 999, in worker_busy_loop
(Worker_DP7_TP1_EP15 pid=233966) ERROR 07-27 15:49:45 [multiproc_executor.py:1007]     output = func(*args, **kwargs)
(Worker_DP7_TP1_EP15 pid=233966) ERROR 07-27 15:49:45 [multiproc_executor.py:1007]              ^^^^^^^^^^^^^^^^^^^^^
(Worker_DP7_TP1_EP15 pid=233966) ERROR 07-27 15:49:45 [multiproc_executor.py:1007]   File "/home/l00838859/cann/my-project/vllm/vllm/v1/worker/worker_base.py", line 351, in execute_model
(Worker_DP7_TP1_EP15 pid=233966) ERROR 07-27 15:49:45 [multiproc_executor.py:1007]     return self.worker.execute_model(scheduler_output)
(Worker_DP7_TP1_EP15 pid=233966) ERROR 07-27 15:49:45 [multiproc_executor.py:1007]            ^^^^^^^^^^^^^^^^^^^^^^^^^^^^^^^^^^^^^^^^^^^
(Worker_DP7_TP1_EP15 pid=233966) ERROR 07-27 15:49:45 [multiproc_executor.py:1007]   File "/home/l00838859/cann/my-project/vllm-ascend/vllm_ascend/worker/worker.py", line 685, in execute_model
(Worker_DP7_TP1_EP15 pid=233966) ERROR 07-27 15:49:45 [multiproc_executor.py:1007]     output = self.model_runner.execute_model(scheduler_output, intermediate_tensors)
(Worker_DP7_TP1_EP15 pid=233966) ERROR 07-27 15:49:45 [multiproc_executor.py:1007]              ^^^^^^^^^^^^^^^^^^^^^^^^^^^^^^^^^^^^^^^^^^^^^^^^^^^^^^^^^^^^^^^^^^^^^^^
(Worker_DP7_TP1_EP15 pid=233966) ERROR 07-27 15:49:45 [multiproc_executor.py:1007]   File "/usr/local/lib/python3.11/site-packages/torch/utils/_contextlib.py", line 124, in decorate_context
(Worker_DP7_TP1_EP15 pid=233966) ERROR 07-27 15:49:45 [multiproc_executor.py:1007]     return func(*args, **kwargs)
(Worker_DP7_TP1_EP15 pid=233966) ERROR 07-27 15:49:45 [multiproc_executor.py:1007]            ^^^^^^^^^^^^^^^^^^^^^
(Worker_DP7_TP1_EP15 pid=233966) ERROR 07-27 15:49:45 [multiproc_executor.py:1007]   File "/home/l00838859/cann/my-project/vllm-ascend/vllm_ascend/worker/model_runner_v1.py", line 2346, in execute_model
(Worker_DP7_TP1_EP15 pid=233966) ERROR 07-27 15:49:45 [multiproc_executor.py:1007]     hidden_states = self._model_forward(
(Worker_DP7_TP1_EP15 pid=233966) ERROR 07-27 15:49:45 [multiproc_executor.py:1007]                     ^^^^^^^^^^^^^^^^^^^^
(Worker_DP7_TP1_EP15 pid=233966) ERROR 07-27 15:49:45 [multiproc_executor.py:1007]   File "/home/l00838859/cann/my-project/vllm-ascend/vllm_ascend/worker/model_runner_v1.py", line 2915, in _model_forward
(Worker_DP7_TP1_EP15 pid=233966) ERROR 07-27 15:49:45 [multiproc_executor.py:1007]     hidden_states = run_model()
(Worker_DP7_TP1_EP15 pid=233966) ERROR 07-27 15:49:45 [multiproc_executor.py:1007]                     ^^^^^^^^^^^
(Worker_DP7_TP1_EP15 pid=233966) ERROR 07-27 15:49:45 [multiproc_executor.py:1007]   File "/home/l00838859/cann/my-project/vllm-ascend/vllm_ascend/compilation/acl_graph.py", line 281, in __call__
(Worker_DP7_TP1_EP15 pid=233966) ERROR 07-27 15:49:45 [multiproc_executor.py:1007]     torch.npu.current_stream().synchronize()
(Worker_DP7_TP1_EP15 pid=233966) ERROR 07-27 15:49:45 [multiproc_executor.py:1007]   File "/usr/local/lib/python3.11/site-packages/torch_npu/npu/streams.py", line 85, in synchronize
(Worker_DP7_TP1_EP15 pid=233966) ERROR 07-27 15:49:45 [multiproc_executor.py:1007]     super(Stream, self).synchronize()
(Worker_DP7_TP1_EP15 pid=233966) ERROR 07-27 15:49:45 [multiproc_executor.py:1007] RuntimeError: synchronize:../torch_npu/csrc/core/npu/NPUStream.cpp:361 NPU function error: c10_npu::acl::AclrtSynchronizeStreamWithTimeout(stream()), error code is 107020
(Worker_DP7_TP1_EP15 pid=233966) ERROR 07-27 15:49:45 [multiproc_executor.py:1007] [ERROR] 2026-07-27-15:49:45 (PID:233966, Device:15, RankID:-1) ERR00100 PTA call acl api failed.
(Worker_DP7_TP1_EP15 pid=233966) ERROR 07-27 15:49:45 [multiproc_executor.py:1007] EE9999: Inner Error!
(Worker_DP7_TP1_EP15 pid=233966) ERROR 07-27 15:49:45 [multiproc_executor.py:1007] EE9999[PID: 233966] 2026-07-27-15:49:45.781.062 (EE9999):  The error from device(chipId:7, dieId:1), serial number is 19, event wait timeout occurred during task execution, stream_id:44, sq_id:5, task_id:4, event_id=232, timeout=234s.[FUNC:ProcessStarsWaitTimeoutErrorInfo][FILE:device_error_proc.cc][LINE:1593]
(Worker_DP7_TP1_EP15 pid=233966) ERROR 07-27 15:49:45 [multiproc_executor.py:1007]         TraceBack (most recent call last):
(Worker_DP7_TP1_EP15 pid=233966) ERROR 07-27 15:49:45 [multiproc_executor.py:1007]        rtStreamSynchronizeWithTimeout execution failed, reason=task timeout[FUNC:FuncErrorReason][FILE:error_message_manage.cc][LINE:65]
(Worker_DP7_TP1_EP15 pid=233966) ERROR 07-27 15:49:45 [multiproc_executor.py:1007]        synchronize stream with timeout failed, runtime result = 107020[FUNC:ReportCallError][FILE:log_inner.cpp][LINE:148]
(Worker_DP7_TP1_EP15 pid=233966) ERROR 07-27 15:49:45 [multiproc_executor.py:1007] 
(Worker_DP7_TP1_EP15 pid=233966) ERROR 07-27 15:49:45 [multiproc_executor.py:1007] Traceback (most recent call last):
(Worker_DP7_TP1_EP15 pid=233966) ERROR 07-27 15:49:45 [multiproc_executor.py:1007]   File "/home/l00838859/cann/my-project/vllm/vllm/v1/executor/multiproc_executor.py", line 999, in worker_busy_loop
(Worker_DP7_TP1_EP15 pid=233966) ERROR 07-27 15:49:45 [multiproc_executor.py:1007]     output = func(*args, **kwargs)
(Worker_DP7_TP1_EP15 pid=233966) ERROR 07-27 15:49:45 [multiproc_executor.py:1007]              ^^^^^^^^^^^^^^^^^^^^^
(Worker_DP7_TP1_EP15 pid=233966) ERROR 07-27 15:49:45 [multiproc_executor.py:1007]   File "/home/l00838859/cann/my-project/vllm/vllm/v1/worker/worker_base.py", line 351, in execute_model
(Worker_DP7_TP1_EP15 pid=233966) ERROR 07-27 15:49:45 [multiproc_executor.py:1007]     return self.worker.execute_model(scheduler_output)
(Worker_DP7_TP1_EP15 pid=233966) ERROR 07-27 15:49:45 [multiproc_executor.py:1007]            ^^^^^^^^^^^^^^^^^^^^^^^^^^^^^^^^^^^^^^^^^^^
(Worker_DP7_TP1_EP15 pid=233966) ERROR 07-27 15:49:45 [multiproc_executor.py:1007]   File "/home/l00838859/cann/my-project/vllm-ascend/vllm_ascend/worker/worker.py", line 685, in execute_model
(Worker_DP7_TP1_EP15 pid=233966) ERROR 07-27 15:49:45 [multiproc_executor.py:1007]     output = self.model_runner.execute_model(scheduler_output, intermediate_tensors)
(Worker_DP7_TP1_EP15 pid=233966) ERROR 07-27 15:49:45 [multiproc_executor.py:1007]              ^^^^^^^^^^^^^^^^^^^^^^^^^^^^^^^^^^^^^^^^^^^^^^^^^^^^^^^^^^^^^^^^^^^^^^^
(Worker_DP7_TP1_EP15 pid=233966) ERROR 07-27 15:49:45 [multiproc_executor.py:1007]   File "/usr/local/lib/python3.11/site-packages/torch/utils/_contextlib.py", line 124, in decorate_context
(Worker_DP7_TP1_EP15 pid=233966) ERROR 07-27 15:49:45 [multiproc_executor.py:1007]     return func(*args, **kwargs)
(Worker_DP7_TP1_EP15 pid=233966) ERROR 07-27 15:49:45 [multiproc_executor.py:1007]            ^^^^^^^^^^^^^^^^^^^^^
(Worker_DP7_TP1_EP15 pid=233966) ERROR 07-27 15:49:45 [multiproc_executor.py:1007]   File "/home/l00838859/cann/my-project/vllm-ascend/vllm_ascend/worker/model_runner_v1.py", line 2346, in execute_model
(Worker_DP7_TP1_EP15 pid=233966) ERROR 07-27 15:49:45 [multiproc_executor.py:1007]     hidden_states = self._model_forward(
(Worker_DP7_TP1_EP15 pid=233966) ERROR 07-27 15:49:45 [multiproc_executor.py:1007]                     ^^^^^^^^^^^^^^^^^^^^
(Worker_DP7_TP1_EP15 pid=233966) ERROR 07-27 15:49:45 [multiproc_executor.py:1007]   File "/home/l00838859/cann/my-project/vllm-ascend/vllm_ascend/worker/model_runner_v1.py", line 2915, in _model_forward
(Worker_DP7_TP1_EP15 pid=233966) ERROR 07-27 15:49:45 [multiproc_executor.py:1007]     hidden_states = run_model()
(Worker_DP7_TP1_EP15 pid=233966) ERROR 07-27 15:49:45 [multiproc_executor.py:1007]                     ^^^^^^^^^^^
(Worker_DP7_TP1_EP15 pid=233966) ERROR 07-27 15:49:45 [multiproc_executor.py:1007]   File "/home/l00838859/cann/my-project/vllm-ascend/vllm_ascend/compilation/acl_graph.py", line 281, in __call__
(Worker_DP7_TP1_EP15 pid=233966) ERROR 07-27 15:49:45 [multiproc_executor.py:1007]     torch.npu.current_stream().synchronize()
(Worker_DP7_TP1_EP15 pid=233966) ERROR 07-27 15:49:45 [multiproc_executor.py:1007]   File "/usr/local/lib/python3.11/site-packages/torch_npu/npu/streams.py", line 85, in synchronize
(Worker_DP7_TP1_EP15 pid=233966) ERROR 07-27 15:49:45 [multiproc_executor.py:1007]     super(Stream, self).synchronize()
(Worker_DP7_TP1_EP15 pid=233966) ERROR 07-27 15:49:45 [multiproc_executor.py:1007] RuntimeError: synchronize:../torch_npu/csrc/core/npu/NPUStream.cpp:361 NPU function error: c10_npu::acl::AclrtSynchronizeStreamWithTimeout(stream()), error code is 107020
(Worker_DP7_TP1_EP15 pid=233966) ERROR 07-27 15:49:45 [multiproc_executor.py:1007] [ERROR] 2026-07-27-15:49:45 (PID:233966, Device:15, RankID:-1) ERR00100 PTA call acl api failed.
(Worker_DP7_TP1_EP15 pid=233966) ERROR 07-27 15:49:45 [multiproc_executor.py:1007] EE9999: Inner Error!
(Worker_DP7_TP1_EP15 pid=233966) ERROR 07-27 15:49:45 [multiproc_executor.py:1007] EE9999[PID: 233966] 2026-07-27-15:49:45.781.062 (EE9999):  The error from device(chipId:7, dieId:1), serial number is 19, event wait timeout occurred during task execution, stream_id:44, sq_id:5, task_id:4, event_id=232, timeout=234s.[FUNC:ProcessStarsWaitTimeoutErrorInfo][FILE:device_error_proc.cc][LINE:1593]
(Worker_DP7_TP1_EP15 pid=233966) ERROR 07-27 15:49:45 [multiproc_executor.py:1007]         TraceBack (most recent call last):
(Worker_DP7_TP1_EP15 pid=233966) ERROR 07-27 15:49:45 [multiproc_executor.py:1007]        rtStreamSynchronizeWithTimeout execution failed, reason=task timeout[FUNC:FuncErrorReason][FILE:error_message_manage.cc][LINE:65]
(Worker_DP7_TP1_EP15 pid=233966) ERROR 07-27 15:49:45 [multiproc_executor.py:1007]        synchronize stream with timeout failed, runtime result = 107020[FUNC:ReportCallError][FILE:log_inner.cpp][LINE:148]
(Worker_DP7_TP1_EP15 pid=233966) ERROR 07-27 15:49:45 [multiproc_executor.py:1007] 
(Worker_DP7_TP1_EP15 pid=233966) ERROR 07-27 15:49:45 [multiproc_executor.py:1007] 
(Worker_DP7_TP0_EP14 pid=233534) ERROR 07-27 15:49:47 [multiproc_executor.py:948] Error getting async model runner output
(Worker_DP7_TP0_EP14 pid=233534) ERROR 07-27 15:49:47 [multiproc_executor.py:948] Traceback (most recent call last):
(Worker_DP7_TP0_EP14 pid=233534) ERROR 07-27 15:49:47 [multiproc_executor.py:948]   File "/home/l00838859/cann/my-project/vllm/vllm/v1/executor/multiproc_executor.py", line 946, in enqueue_output
(Worker_DP7_TP0_EP14 pid=233534) ERROR 07-27 15:49:47 [multiproc_executor.py:948]     output = output.get_output()
(Worker_DP7_TP0_EP14 pid=233534) ERROR 07-27 15:49:47 [multiproc_executor.py:948]              ^^^^^^^^^^^^^^^^^^^
(Worker_DP7_TP0_EP14 pid=233534) ERROR 07-27 15:49:47 [multiproc_executor.py:948]   File "/home/l00838859/cann/my-project/vllm/vllm/v1/worker/gpu_model_runner.py", line 305, in get_output
(Worker_DP7_TP0_EP14 pid=233534) ERROR 07-27 15:49:47 [multiproc_executor.py:948]     self.async_copy_ready_event.synchronize()
(Worker_DP7_TP0_EP14 pid=233534) ERROR 07-27 15:49:47 [multiproc_executor.py:948]   File "/usr/local/lib/python3.11/site-packages/torch_npu/npu/streams.py", line 192, in synchronize
(Worker_DP7_TP0_EP14 pid=233534) ERROR 07-27 15:49:47 [multiproc_executor.py:948]     super(Event, self).synchronize()
(Worker_DP7_TP0_EP14 pid=233534) ERROR 07-27 15:49:47 [multiproc_executor.py:948] RuntimeError: synchronize:../torch_npu/csrc/core/npu/NPUEvent.cpp:212 NPU function error: aclrtSynchronizeEvent(event_), error code is 107020
(Worker_DP7_TP0_EP14 pid=233534) ERROR 07-27 15:49:47 [multiproc_executor.py:948] [ERROR] 2026-07-27-15:49:47 (PID:233534, Device:14, RankID:-1) ERR00100 PTA call acl api failed.
(Worker_DP7_TP0_EP14 pid=233534) ERROR 07-27 15:49:47 [multiproc_executor.py:948] EE9999: Inner Error!
(Worker_DP7_TP0_EP14 pid=233534) ERROR 07-27 15:49:47 [multiproc_executor.py:948] EE9999[PID: 233534] 2026-07-27-15:49:47.604.993 (EE9999):  The error from device(chipId:7, dieId:0), serial number is 20, event wait timeout occurred during task execution, stream_id:44, sq_id:5, task_id:4, event_id=189, timeout=234s.[FUNC:ProcessStarsWaitTimeoutErrorInfo][FILE:device_error_proc.cc][LINE:1593]
(Worker_DP7_TP0_EP14 pid=233534) ERROR 07-27 15:49:47 [multiproc_executor.py:948]         TraceBack (most recent call last):
(Worker_DP7_TP0_EP14 pid=233534) ERROR 07-27 15:49:47 [multiproc_executor.py:948]        rtEventSynchronize execution failed, reason=task timeout[FUNC:FuncErrorReason][FILE:error_message_manage.cc][LINE:65]
(Worker_DP7_TP0_EP14 pid=233534) ERROR 07-27 15:49:47 [multiproc_executor.py:948]        wait event to be complete failed, runtime result = 107020[FUNC:ReportCallError][FILE:log_inner.cpp][LINE:148]
(Worker_DP7_TP0_EP14 pid=233534) ERROR 07-27 15:49:47 [multiproc_executor.py:948] 
(Worker_DP7_TP0_EP14 pid=233534) ERROR 07-27 15:49:47 [multiproc_executor.py:1007] WorkerProc hit an exception.
(Worker_DP7_TP0_EP14 pid=233534) ERROR 07-27 15:49:47 [multiproc_executor.py:1007] Traceback (most recent call last):
(Worker_DP7_TP0_EP14 pid=233534) ERROR 07-27 15:49:47 [multiproc_executor.py:1007]   File "/home/l00838859/cann/my-project/vllm/vllm/v1/executor/multiproc_executor.py", line 999, in worker_busy_loop
(Worker_DP7_TP0_EP14 pid=233534) ERROR 07-27 15:49:47 [multiproc_executor.py:1007]     output = func(*args, **kwargs)
(Worker_DP7_TP0_EP14 pid=233534) ERROR 07-27 15:49:47 [multiproc_executor.py:1007]              ^^^^^^^^^^^^^^^^^^^^^
(Worker_DP7_TP0_EP14 pid=233534) ERROR 07-27 15:49:47 [multiproc_executor.py:1007]   File "/home/l00838859/cann/my-project/vllm/vllm/v1/worker/worker_base.py", line 351, in execute_model
(Worker_DP7_TP0_EP14 pid=233534) ERROR 07-27 15:49:47 [multiproc_executor.py:1007]     return self.worker.execute_model(scheduler_output)
(Worker_DP7_TP0_EP14 pid=233534) ERROR 07-27 15:49:47 [multiproc_executor.py:1007]            ^^^^^^^^^^^^^^^^^^^^^^^^^^^^^^^^^^^^^^^^^^^
(Worker_DP7_TP0_EP14 pid=233534) ERROR 07-27 15:49:47 [multiproc_executor.py:1007]   File "/home/l00838859/cann/my-project/vllm-ascend/vllm_ascend/worker/worker.py", line 685, in execute_model
(Worker_DP7_TP0_EP14 pid=233534) ERROR 07-27 15:49:47 [multiproc_executor.py:1007]     output = self.model_runner.execute_model(scheduler_output, intermediate_tensors)
(Worker_DP7_TP0_EP14 pid=233534) ERROR 07-27 15:49:47 [multiproc_executor.py:1007]              ^^^^^^^^^^^^^^^^^^^^^^^^^^^^^^^^^^^^^^^^^^^^^^^^^^^^^^^^^^^^^^^^^^^^^^^
(Worker_DP7_TP0_EP14 pid=233534) ERROR 07-27 15:49:47 [multiproc_executor.py:1007]   File "/usr/local/lib/python3.11/site-packages/torch/utils/_contextlib.py", line 124, in decorate_context
(Worker_DP7_TP0_EP14 pid=233534) ERROR 07-27 15:49:47 [multiproc_executor.py:1007]     return func(*args, **kwargs)
(Worker_DP7_TP0_EP14 pid=233534) ERROR 07-27 15:49:47 [multiproc_executor.py:1007]            ^^^^^^^^^^^^^^^^^^^^^
(Worker_DP7_TP0_EP14 pid=233534) ERROR 07-27 15:49:47 [multiproc_executor.py:1007]   File "/home/l00838859/cann/my-project/vllm-ascend/vllm_ascend/worker/model_runner_v1.py", line 2346, in execute_model
(Worker_DP7_TP0_EP14 pid=233534) ERROR 07-27 15:49:47 [multiproc_executor.py:1007]     hidden_states = self._model_forward(
(Worker_DP7_TP0_EP14 pid=233534) ERROR 07-27 15:49:47 [multiproc_executor.py:1007]                     ^^^^^^^^^^^^^^^^^^^^
(Worker_DP7_TP0_EP14 pid=233534) ERROR 07-27 15:49:47 [multiproc_executor.py:1007]   File "/home/l00838859/cann/my-project/vllm-ascend/vllm_ascend/worker/model_runner_v1.py", line 2915, in _model_forward
(Worker_DP7_TP0_EP14 pid=233534) ERROR 07-27 15:49:47 [multiproc_executor.py:1007]     hidden_states = run_model()
(Worker_DP7_TP0_EP14 pid=233534) ERROR 07-27 15:49:47 [multiproc_executor.py:1007]                     ^^^^^^^^^^^
(Worker_DP7_TP0_EP14 pid=233534) ERROR 07-27 15:49:47 [multiproc_executor.py:1007]   File "/home/l00838859/cann/my-project/vllm-ascend/vllm_ascend/compilation/acl_graph.py", line 281, in __call__
(Worker_DP7_TP0_EP14 pid=233534) ERROR 07-27 15:49:47 [multiproc_executor.py:1007]     torch.npu.current_stream().synchronize()
(Worker_DP7_TP0_EP14 pid=233534) ERROR 07-27 15:49:47 [multiproc_executor.py:1007]   File "/usr/local/lib/python3.11/site-packages/torch_npu/npu/streams.py", line 85, in synchronize
(Worker_DP7_TP0_EP14 pid=233534) ERROR 07-27 15:49:47 [multiproc_executor.py:1007]     super(Stream, self).synchronize()
(Worker_DP7_TP0_EP14 pid=233534) ERROR 07-27 15:49:47 [multiproc_executor.py:1007] RuntimeError: synchronize:../torch_npu/csrc/core/npu/NPUStream.cpp:361 NPU function error: c10_npu::acl::AclrtSynchronizeStreamWithTimeout(stream()), error code is 107020
(Worker_DP7_TP0_EP14 pid=233534) ERROR 07-27 15:49:47 [multiproc_executor.py:1007] [ERROR] 2026-07-27-15:49:47 (PID:233534, Device:14, RankID:-1) ERR00100 PTA call acl api failed.
(Worker_DP7_TP0_EP14 pid=233534) ERROR 07-27 15:49:47 [multiproc_executor.py:1007] [PID: 233534] 2026-07-27-15:44:57.508.523 Communication_Error_Bind_IP_Port(EI0019): Failed to enable listening for the host network adapter socket. Reason: The IP address 10.10.1.44 and port 65536 have already been bound.
(Worker_DP7_TP0_EP14 pid=233534) ERROR 07-27 15:49:47 [multiproc_executor.py:1007]         Solution: 1. Check whether this port has been occupied by another process. If yes, you can make adjustment using the environment variable HCCL_IF_BASE_PORT and use sysctl -w net.ipv4.ip_local_reserved_ports=****-**** to adjust the scope of reserved ports. 2. Check whether the service process is started multiple times on a device during this service.
(Worker_DP7_TP0_EP14 pid=233534) ERROR 07-27 15:49:47 [multiproc_executor.py:1007]         TraceBack (most recent call last):
(Worker_DP7_TP0_EP14 pid=233534) ERROR 07-27 15:49:47 [multiproc_executor.py:1007]         rtStreamSynchronizeWithTimeout execution failed, reason=task timeout[FUNC:FuncErrorReason][FILE:error_message_manage.cc][LINE:65]
(Worker_DP7_TP0_EP14 pid=233534) ERROR 07-27 15:49:47 [multiproc_executor.py:1007]         synchronize stream with timeout failed, runtime result = 107020[FUNC:ReportCallError][FILE:log_inner.cpp][LINE:148]
(Worker_DP7_TP0_EP14 pid=233534) ERROR 07-27 15:49:47 [multiproc_executor.py:1007] 
(Worker_DP7_TP0_EP14 pid=233534) ERROR 07-27 15:49:47 [multiproc_executor.py:1007] Traceback (most recent call last):
(Worker_DP7_TP0_EP14 pid=233534) ERROR 07-27 15:49:47 [multiproc_executor.py:1007]   File "/home/l00838859/cann/my-project/vllm/vllm/v1/executor/multiproc_executor.py", line 999, in worker_busy_loop
(Worker_DP7_TP0_EP14 pid=233534) ERROR 07-27 15:49:47 [multiproc_executor.py:1007]     output = func(*args, **kwargs)
(Worker_DP7_TP0_EP14 pid=233534) ERROR 07-27 15:49:47 [multiproc_executor.py:1007]              ^^^^^^^^^^^^^^^^^^^^^
(Worker_DP7_TP0_EP14 pid=233534) ERROR 07-27 15:49:47 [multiproc_executor.py:1007]   File "/home/l00838859/cann/my-project/vllm/vllm/v1/worker/worker_base.py", line 351, in execute_model
(Worker_DP7_TP0_EP14 pid=233534) ERROR 07-27 15:49:47 [multiproc_executor.py:1007]     return self.worker.execute_model(scheduler_output)
(Worker_DP7_TP0_EP14 pid=233534) ERROR 07-27 15:49:47 [multiproc_executor.py:1007]            ^^^^^^^^^^^^^^^^^^^^^^^^^^^^^^^^^^^^^^^^^^^
(Worker_DP7_TP0_EP14 pid=233534) ERROR 07-27 15:49:47 [multiproc_executor.py:1007]   File "/home/l00838859/cann/my-project/vllm-ascend/vllm_ascend/worker/worker.py", line 685, in execute_model
(Worker_DP7_TP0_EP14 pid=233534) ERROR 07-27 15:49:47 [multiproc_executor.py:1007]     output = self.model_runner.execute_model(scheduler_output, intermediate_tensors)
(Worker_DP7_TP0_EP14 pid=233534) ERROR 07-27 15:49:47 [multiproc_executor.py:1007]              ^^^^^^^^^^^^^^^^^^^^^^^^^^^^^^^^^^^^^^^^^^^^^^^^^^^^^^^^^^^^^^^^^^^^^^^
(Worker_DP7_TP0_EP14 pid=233534) ERROR 07-27 15:49:47 [multiproc_executor.py:1007]   File "/usr/local/lib/python3.11/site-packages/torch/utils/_contextlib.py", line 124, in decorate_context
(Worker_DP7_TP0_EP14 pid=233534) ERROR 07-27 15:49:47 [multiproc_executor.py:1007]     return func(*args, **kwargs)
(Worker_DP7_TP0_EP14 pid=233534) ERROR 07-27 15:49:47 [multiproc_executor.py:1007]            ^^^^^^^^^^^^^^^^^^^^^
(Worker_DP7_TP0_EP14 pid=233534) ERROR 07-27 15:49:47 [multiproc_executor.py:1007]   File "/home/l00838859/cann/my-project/vllm-ascend/vllm_ascend/worker/model_runner_v1.py", line 2346, in execute_model
(Worker_DP7_TP0_EP14 pid=233534) ERROR 07-27 15:49:47 [multiproc_executor.py:1007]     hidden_states = self._model_forward(
(Worker_DP7_TP0_EP14 pid=233534) ERROR 07-27 15:49:47 [multiproc_executor.py:1007]                     ^^^^^^^^^^^^^^^^^^^^
(Worker_DP7_TP0_EP14 pid=233534) ERROR 07-27 15:49:47 [multiproc_executor.py:1007]   File "/home/l00838859/cann/my-project/vllm-ascend/vllm_ascend/worker/model_runner_v1.py", line 2915, in _model_forward
(Worker_DP7_TP0_EP14 pid=233534) ERROR 07-27 15:49:47 [multiproc_executor.py:1007]     hidden_states = run_model()
(Worker_DP7_TP0_EP14 pid=233534) ERROR 07-27 15:49:47 [multiproc_executor.py:1007]                     ^^^^^^^^^^^
(Worker_DP7_TP0_EP14 pid=233534) ERROR 07-27 15:49:47 [multiproc_executor.py:1007]   File "/home/l00838859/cann/my-project/vllm-ascend/vllm_ascend/compilation/acl_graph.py", line 281, in __call__
(Worker_DP7_TP0_EP14 pid=233534) ERROR 07-27 15:49:47 [multiproc_executor.py:1007]     torch.npu.current_stream().synchronize()
(Worker_DP7_TP0_EP14 pid=233534) ERROR 07-27 15:49:47 [multiproc_executor.py:1007]   File "/usr/local/lib/python3.11/site-packages/torch_npu/npu/streams.py", line 85, in synchronize
(Worker_DP7_TP0_EP14 pid=233534) ERROR 07-27 15:49:47 [multiproc_executor.py:1007]     super(Stream, self).synchronize()
(Worker_DP7_TP0_EP14 pid=233534) ERROR 07-27 15:49:47 [multiproc_executor.py:1007] RuntimeError: synchronize:../torch_npu/csrc/core/npu/NPUStream.cpp:361 NPU function error: c10_npu::acl::AclrtSynchronizeStreamWithTimeout(stream()), error code is 107020
(Worker_DP7_TP0_EP14 pid=233534) ERROR 07-27 15:49:47 [multiproc_executor.py:1007] [ERROR] 2026-07-27-15:49:47 (PID:233534, Device:14, RankID:-1) ERR00100 PTA call acl api failed.
(Worker_DP7_TP0_EP14 pid=233534) ERROR 07-27 15:49:47 [multiproc_executor.py:1007] [PID: 233534] 2026-07-27-15:44:57.508.523 Communication_Error_Bind_IP_Port(EI0019): Failed to enable listening for the host network adapter socket. Reason: The IP address 10.10.1.44 and port 65536 have already been bound.
(Worker_DP7_TP0_EP14 pid=233534) ERROR 07-27 15:49:47 [multiproc_executor.py:1007]         Solution: 1. Check whether this port has been occupied by another process. If yes, you can make adjustment using the environment variable HCCL_IF_BASE_PORT and use sysctl -w net.ipv4.ip_local_reserved_ports=****-**** to adjust the scope of reserved ports. 2. Check whether the service process is started multiple times on a device during this service.
(Worker_DP7_TP0_EP14 pid=233534) ERROR 07-27 15:49:47 [multiproc_executor.py:1007]         TraceBack (most recent call last):
(Worker_DP7_TP0_EP14 pid=233534) ERROR 07-27 15:49:47 [multiproc_executor.py:1007]         rtStreamSynchronizeWithTimeout execution failed, reason=task timeout[FUNC:FuncErrorReason][FILE:error_message_manage.cc][LINE:65]
(Worker_DP7_TP0_EP14 pid=233534) ERROR 07-27 15:49:47 [multiproc_executor.py:1007]         synchronize stream with timeout failed, runtime result = 107020[FUNC:ReportCallError][FILE:log_inner.cpp][LINE:148]
(Worker_DP7_TP0_EP14 pid=233534) ERROR 07-27 15:49:47 [multiproc_executor.py:1007] 
(Worker_DP7_TP0_EP14 pid=233534) ERROR 07-27 15:49:47 [multiproc_executor.py:1007] 
(EngineCore_DP7 pid=233092) ERROR 07-27 15:49:47 [dump_input.py:72] Dumping input data for V1 LLM engine (v0.1.dev18654+g54503ecec) with config: model='/mnt/weights/DeepSeek-V3.1-Terminus-w8a8-QuaRot-lfs', speculative_config=SpeculativeConfig(method='mtp', model='/mnt/weights/DeepSeek-V3.1-Terminus-w8a8-QuaRot-lfs', num_spec_tokens=2), tokenizer='/mnt/weights/DeepSeek-V3.1-Terminus-w8a8-QuaRot-lfs', skip_tokenizer_init=False, tokenizer_mode=auto, revision=None, tokenizer_revision=None, trust_remote_code=True, dtype=torch.bfloat16, max_seq_len=4096, download_dir=None, load_format=auto, tensor_parallel_size=2, pipeline_parallel_size=1, data_parallel_size=8, decode_context_parallel_size=1, dcp_comm_backend=ag_rs, disable_custom_all_reduce=True, quantization=ascend, quantization_config=None, enforce_eager=False, enable_return_routed_experts=False, kv_cache_dtype=auto, device_config=npu, structured_outputs_config=StructuredOutputsConfig(backend='auto', disable_any_whitespace=False, disable_additional_properties=False, reasoning_parser='', reasoning_parser_plugin='', enable_in_reasoning=False), observability_config=ObservabilityConfig(show_hidden_metrics_for_version=None, otlp_traces_endpoint=None, collect_detailed_traces=None, kv_cache_metrics=False, kv_cache_metrics_sample=0.01, cudagraph_metrics=False, enable_layerwise_nvtx_tracing=False, enable_mfu_metrics=False, enable_mm_processor_stats=False, enable_logging_iteration_details=False, jit_monitor_mode='warn', jit_monitor_verbose=False), seed=1024, served_model_name=/mnt/weights/DeepSeek-V3.1-Terminus-w8a8-QuaRot-lfs, enable_prefix_caching=False, enable_chunked_prefill=True, pooler_config=None, compilation_config={'mode': <CompilationMode.VLLM_COMPILE: 3>, 'debug_dump_path': PosixPath('/home/l00838859/cann/vllm-runner/fx-graph'), 'cache_dir': '', 'compile_cache_save_format': 'binary', 'backend': 'vllm_ascend.compilation.compiler_interface.AscendCompiler', 'custom_ops': ['all'], 'ir_enable_torch_wrap': False, 'splitting_ops': [], 'compile_mm_encoder': False, 'cudagraph_mm_encoder': False, 'encoder_cudagraph_token_budgets': [], 'encoder_cudagraph_max_vision_items_per_batch': 0, 'encoder_cudagraph_max_frames_per_batch': None, 'compile_sizes': [], 'compile_ranges_endpoints': [256], 'inductor_compile_config': {'enable_auto_functionalized_v2': False, 'size_asserts': False, 'alignment_asserts': False, 'scalar_asserts': False, 'combo_kernels': True, 'benchmark_combo_kernel': True}, 'inductor_passes': {}, 'cudagraph_mode': <CUDAGraphMode.FULL_DECODE_ONLY: (2, 0)>, 'cudagraph_num_of_warmups': 1, 'cudagraph_capture_sizes': [3, 48], 'cudagraph_copy_inputs': False, 'cudagraph_specialize_lora': True, 'use_inductor_graph_partition': False, 'pass_config': {'fuse_norm_quant': True, 'fuse_act_quant': True, 'fuse_attn_quant': False, 'enable_sp': False, 'fuse_gemm_comms': False, 'fuse_allreduce_rms': False, 'fuse_rope_kvcache_cat_mla': False, 'fuse_act_padding': False}, 'max_cudagraph_capture_size': 48, 'dynamic_shapes_config': {'type': <DynamicShapesType.BACKED: 'backed'>, 'evaluate_guards': False, 'assume_32_bit_indexing': False}, 'local_cache_dir': None, 'fast_moe_cold_start': False, 'static_all_moe_layers': []}, kernel_config=KernelConfig(ir_op_priority=IrOpPriorityConfig(rms_norm=['native'], fused_add_rms_norm=['native']), enable_flashinfer_autotune=True, enable_cutedsl_warmup=True, moe_backend='auto', linear_backend='auto'), 
(EngineCore_DP7 pid=233092) ERROR 07-27 15:49:47 [dump_input.py:79] Dumping scheduler output for model execution: SchedulerOutput(scheduled_new_reqs=[], scheduled_cached_reqs=CachedRequestData(req_ids=['0-91d17da2'],resumed_req_ids=set(),new_token_ids_lens=[],all_token_ids_lens={},new_block_ids=[None],num_computed_tokens=[2],num_output_tokens=[1]), num_scheduled_tokens={0-91d17da2: 3}, total_num_scheduled_tokens=3, scheduled_spec_decode_tokens={0-91d17da2: [-1, -1]}, scheduled_encoder_inputs={}, num_common_prefix_blocks=[0], finished_req_ids=[], free_encoder_mm_hashes=[], preempted_req_ids=[], has_structured_output_requests=false, pending_structured_output_tokens=false, num_invalid_spec_tokens=null, kv_connector_metadata=null, ec_connector_metadata=null, new_block_ids_to_zero=null, num_spec_tokens_to_schedule=2)
(EngineCore_DP7 pid=233092) ERROR 07-27 15:49:47 [dump_input.py:81] Dumping scheduler stats: SchedulerStats(num_running_reqs=1, num_waiting_reqs=0, num_skipped_waiting_reqs=0, step_counter=0, current_wave=0, kv_cache_usage=0.016393442622950838, prefix_cache_stats=PrefixCacheStats(reset=False, requests=0, queries=0, hits=0, preempted_requests=0, preempted_queries=0, preempted_hits=0), connector_prefix_cache_stats=None, kv_cache_eviction_events=[], spec_decoding_stats=None, kv_connector_stats=None, waiting_lora_adapters={}, running_lora_adapters={}, cudagraph_stats=None, perf_stats=None)
(EngineCore_DP7 pid=233092) ERROR 07-27 15:49:47 [core.py:1233] EngineCore encountered a fatal error.
(EngineCore_DP7 pid=233092) ERROR 07-27 15:49:47 [core.py:1233] Traceback (most recent call last):
(EngineCore_DP7 pid=233092) ERROR 07-27 15:49:47 [core.py:1233]   File "/home/l00838859/cann/my-project/vllm/vllm/v1/engine/core.py", line 1224, in run_engine_core
(EngineCore_DP7 pid=233092) ERROR 07-27 15:49:47 [core.py:1233]     engine_core.run_busy_loop()
(EngineCore_DP7 pid=233092) ERROR 07-27 15:49:47 [core.py:1233]   File "/home/l00838859/cann/my-project/vllm/vllm/v1/engine/core.py", line 1943, in run_busy_loop
(EngineCore_DP7 pid=233092) ERROR 07-27 15:49:47 [core.py:1233]     executed = self._process_engine_step()
(EngineCore_DP7 pid=233092) ERROR 07-27 15:49:47 [core.py:1233]                ^^^^^^^^^^^^^^^^^^^^^^^^^^^
(EngineCore_DP7 pid=233092) ERROR 07-27 15:49:47 [core.py:1233]   File "/home/l00838859/cann/my-project/vllm/vllm/v1/engine/core.py", line 1304, in _process_engine_step
(EngineCore_DP7 pid=233092) ERROR 07-27 15:49:47 [core.py:1233]     outputs, model_executed = self.step_fn()
(EngineCore_DP7 pid=233092) ERROR 07-27 15:49:47 [core.py:1233]                               ^^^^^^^^^^^^^^
(EngineCore_DP7 pid=233092) ERROR 07-27 15:49:47 [core.py:1233]   File "/home/l00838859/cann/my-project/vllm/vllm/v1/engine/core.py", line 595, in step_with_batch_queue
(EngineCore_DP7 pid=233092) ERROR 07-27 15:49:47 [core.py:1233]     model_output = future.result()
(EngineCore_DP7 pid=233092) ERROR 07-27 15:49:47 [core.py:1233]                    ^^^^^^^^^^^^^^^
(EngineCore_DP7 pid=233092) ERROR 07-27 15:49:47 [core.py:1233]   File "/home/l00838859/cann/my-project/vllm/vllm/v1/executor/multiproc_executor.py", line 91, in result
(EngineCore_DP7 pid=233092) ERROR 07-27 15:49:47 [core.py:1233]     return super().result()
(EngineCore_DP7 pid=233092) ERROR 07-27 15:49:47 [core.py:1233]            ^^^^^^^^^^^^^^^^
(EngineCore_DP7 pid=233092) ERROR 07-27 15:49:47 [core.py:1233]   File "/usr/local/lib/python3.11/concurrent/futures/_base.py", line 449, in result
(EngineCore_DP7 pid=233092) ERROR 07-27 15:49:47 [core.py:1233]     return self.__get_result()
(EngineCore_DP7 pid=233092) ERROR 07-27 15:49:47 [core.py:1233]            ^^^^^^^^^^^^^^^^^^^
(EngineCore_DP7 pid=233092) ERROR 07-27 15:49:47 [core.py:1233]   File "/usr/local/lib/python3.11/concurrent/futures/_base.py", line 401, in __get_result
(EngineCore_DP7 pid=233092) ERROR 07-27 15:49:47 [core.py:1233]     raise self._exception
(EngineCore_DP7 pid=233092) ERROR 07-27 15:49:47 [core.py:1233]   File "/home/l00838859/cann/my-project/vllm/vllm/v1/executor/multiproc_executor.py", line 95, in _wait_for_response
(EngineCore_DP7 pid=233092) ERROR 07-27 15:49:47 [core.py:1233]     response = self.aggregate(self.get_response())
(EngineCore_DP7 pid=233092) ERROR 07-27 15:49:47 [core.py:1233]                               ^^^^^^^^^^^^^^^^^^^
(EngineCore_DP7 pid=233092) ERROR 07-27 15:49:47 [core.py:1233]   File "/home/l00838859/cann/my-project/vllm/vllm/v1/executor/multiproc_executor.py", line 394, in get_response
(EngineCore_DP7 pid=233092) ERROR 07-27 15:49:47 [core.py:1233]     raise RuntimeError(
(EngineCore_DP7 pid=233092) ERROR 07-27 15:49:47 [core.py:1233] RuntimeError: Worker failed with error 'synchronize:../torch_npu/csrc/core/npu/NPUEvent.cpp:212 NPU function error: aclrtSynchronizeEvent(event_), error code is 107020
(EngineCore_DP7 pid=233092) ERROR 07-27 15:49:47 [core.py:1233] [ERROR] 2026-07-27-15:49:47 (PID:233534, Device:14, RankID:-1) ERR00100 PTA call acl api failed.
(EngineCore_DP7 pid=233092) ERROR 07-27 15:49:47 [core.py:1233] EE9999: Inner Error!
(EngineCore_DP7 pid=233092) ERROR 07-27 15:49:47 [core.py:1233] EE9999[PID: 233534] 2026-07-27-15:49:47.604.993 (EE9999):  The error from device(chipId:7, dieId:0), serial number is 20, event wait timeout occurred during task execution, stream_id:44, sq_id:5, task_id:4, event_id=189, timeout=234s.[FUNC:ProcessStarsWaitTimeoutErrorInfo][FILE:device_error_proc.cc][LINE:1593]
(EngineCore_DP7 pid=233092) ERROR 07-27 15:49:47 [core.py:1233]         TraceBack (most recent call last):
(EngineCore_DP7 pid=233092) ERROR 07-27 15:49:47 [core.py:1233]        rtEventSynchronize execution failed, reason=task timeout[FUNC:FuncErrorReason][FILE:error_message_manage.cc][LINE:65]
(EngineCore_DP7 pid=233092) ERROR 07-27 15:49:47 [core.py:1233]        wait event to be complete failed, runtime result = 107020[FUNC:ReportCallError][FILE:log_inner.cpp][LINE:148]
(EngineCore_DP7 pid=233092) ERROR 07-27 15:49:47 [core.py:1233] ', please check the stack trace above for the root cause
(EngineCore_DP7 pid=233092) INFO 07-27 15:49:47 [multiproc_executor.py:429] [shutdown] Executor: waiting for worker exit count=2
(Worker_DP7_TP0_EP14 pid=233534) INFO 07-27 15:49:47 [multiproc_executor.py:793] Parent process exited, terminating worker queues
(Worker_DP7_TP0_EP14 pid=233534) Process VllmWorker-0:
(Worker_DP7_TP0_EP14 pid=233534) Traceback (most recent call last):
(Worker_DP7_TP0_EP14 pid=233534)   File "/usr/local/lib/python3.11/multiprocessing/process.py", line 314, in _bootstrap
(Worker_DP7_TP0_EP14 pid=233534)     self.run()
(Worker_DP7_TP0_EP14 pid=233534)   File "/usr/local/lib/python3.11/multiprocessing/process.py", line 108, in run
(Worker_DP7_TP0_EP14 pid=233534)     self._target(*self._args, **self._kwargs)
(Worker_DP7_TP0_EP14 pid=233534)   File "/home/l00838859/cann/my-project/vllm/vllm/v1/executor/multiproc_executor.py", line 933, in worker_main
(Worker_DP7_TP0_EP14 pid=233534)     worker.shutdown()
(Worker_DP7_TP0_EP14 pid=233534)   File "/home/l00838859/cann/my-project/vllm/vllm/v1/executor/multiproc_executor.py", line 778, in shutdown
(Worker_DP7_TP0_EP14 pid=233534)     self.worker.shutdown()
(Worker_DP7_TP0_EP14 pid=233534)   File "/home/l00838859/cann/my-project/vllm/vllm/v1/worker/worker_base.py", line 220, in shutdown
(Worker_DP7_TP0_EP14 pid=233534)     self.worker.shutdown()
(Worker_DP7_TP0_EP14 pid=233534)   File "/home/l00838859/cann/my-project/vllm-ascend/vllm_ascend/worker/worker.py", line 387, in shutdown
(Worker_DP7_TP0_EP14 pid=233534)     shutdown_fn()
(Worker_DP7_TP0_EP14 pid=233534)   File "/home/l00838859/cann/my-project/vllm/vllm/v1/worker/gpu_model_runner.py", line 6447, in shutdown
(Worker_DP7_TP0_EP14 pid=233534)     self._cleanup_profiling_kv_cache()
(Worker_DP7_TP0_EP14 pid=233534)   File "/home/l00838859/cann/my-project/vllm/vllm/v1/worker/gpu_model_runner.py", line 6465, in _cleanup_profiling_kv_cache
(Worker_DP7_TP0_EP14 pid=233534)     torch.accelerator.synchronize()
(Worker_DP7_TP0_EP14 pid=233534)   File "/usr/local/lib/python3.11/site-packages/torch/accelerator/__init__.py", line 262, in synchronize
(Worker_DP7_TP0_EP14 pid=233534)     torch._C._accelerator_synchronizeDevice(device_index)
(Worker_DP7_TP0_EP14 pid=233534) RuntimeError: npuSynchronizeDevice:../torch_npu/csrc/core/npu/NPUStream.cpp:576 NPU function error: AclrtSynchronizeDeviceWithTimeout, error code is 107020
(Worker_DP7_TP0_EP14 pid=233534) [ERROR] 2026-07-27-15:49:47 (PID:233534, Device:14, RankID:-1) ERR00100 PTA call acl api failed.
(Worker_DP7_TP0_EP14 pid=233534) EE9999: Inner Error!
(Worker_DP7_TP0_EP14 pid=233534) EE9999[PID: 233534] 2026-07-27-15:49:47.620.085 (EE9999):  rtDeviceSynchronizeWithTimeout execution failed, reason=task timeout[FUNC:FuncErrorReason][FILE:error_message_manage.cc][LINE:65]
(Worker_DP7_TP0_EP14 pid=233534)         TraceBack (most recent call last):
(Worker_DP7_TP0_EP14 pid=233534)        wait for compute device to finish failed, runtime result = 107020.[FUNC:ReportCallError][FILE:log_inner.cpp][LINE:148]
(Worker_DP7_TP0_EP14 pid=233534) 
[rank14]:[W727 15:49:48.872584540 NPUStream.cpp:596] Warning: NPU warning, error code is 107020[Error]: .
EE9999: Inner Error!
EE9999[PID: 233534] 2026-07-27-15:49:48.958.612 (EE9999):  rtDeviceSynchronizeWithTimeout execution failed, reason=task timeout[FUNC:FuncErrorReason][FILE:error_message_manage.cc][LINE:65]
        TraceBack (most recent call last):
       wait for compute device to finish failed, runtime result = 107020.[FUNC:ReportCallError][FILE:log_inner.cpp][LINE:148]
 (function npuSynchronizeUsedDevices)
[W727 15:49:48.882571930 NPUStream.cpp:578] Warning: NPU warning, error code is 107020[Error]: .
EE9999: Inner Error!
EE9999[PID: 233534] 2026-07-27-15:49:48.968.914 (EE9999):  rtDeviceSynchronizeWithTimeout execution failed, reason=task timeout[FUNC:FuncErrorReason][FILE:error_message_manage.cc][LINE:65]
        TraceBack (most recent call last):
       wait for compute device to finish failed, runtime result = 107020.[FUNC:ReportCallError][FILE:log_inner.cpp][LINE:148]
 (function npuSynchronizeDevice)
[W727 15:49:48.883183170 NPUStream.cpp:578] Warning: NPU warning, error code is 107020[Error]: .
EE9999: Inner Error!
EE9999[PID: 233534] 2026-07-27-15:49:48.969.588 (EE9999):  rtDeviceSynchronizeWithTimeout execution failed, reason=task timeout[FUNC:FuncErrorReason][FILE:error_message_manage.cc][LINE:65]
        TraceBack (most recent call last):
       wait for compute device to finish failed, runtime result = 107020.[FUNC:ReportCallError][FILE:log_inner.cpp][LINE:148]
 (function npuSynchronizeDevice)
[W727 15:49:48.887229670 NPUStream.cpp:578] Warning: NPU warning, error code is 107020[Error]: .
EE9999: Inner Error!
EE9999[PID: 233534] 2026-07-27-15:49:48.973.641 (EE9999):  rtDeviceSynchronizeWithTimeout execution failed, reason=task timeout[FUNC:FuncErrorReason][FILE:error_message_manage.cc][LINE:65]
        TraceBack (most recent call last):
       wait for compute device to finish failed, runtime result = 107020.[FUNC:ReportCallError][FILE:log_inner.cpp][LINE:148]
 (function npuSynchronizeDevice)
[W727 15:49:48.898825740 NPUStream.cpp:578] Warning: NPU warning, error code is 107020[Error]: .
EE9999: Inner Error!
EE9999[PID: 233534] 2026-07-27-15:49:48.985.192 (EE9999):  rtDeviceSynchronizeWithTimeout execution failed, reason=task timeout[FUNC:FuncErrorReason][FILE:error_message_manage.cc][LINE:65]
        TraceBack (most recent call last):
       wait for compute device to finish failed, runtime result = 107020.[FUNC:ReportCallError][FILE:log_inner.cpp][LINE:148]
 (function npuSynchronizeDevice)
[W727 15:49:48.908284290 NPUStream.cpp:578] Warning: NPU warning, error code is 107020[Error]: .
EE9999: Inner Error!
EE9999[PID: 233534] 2026-07-27-15:49:48.994.620 (EE9999):  rtDeviceSynchronizeWithTimeout execution failed, reason=task timeout[FUNC:FuncErrorReason][FILE:error_message_manage.cc][LINE:65]
        TraceBack (most recent call last):
       wait for compute device to finish failed, runtime result = 107020.[FUNC:ReportCallError][FILE:log_inner.cpp][LINE:148]
 (function npuSynchronizeDevice)
(Worker_DP7_TP1_EP15 pid=233966) Process VllmWorker-1:
(Worker_DP7_TP1_EP15 pid=233966) Traceback (most recent call last):
(Worker_DP7_TP1_EP15 pid=233966)   File "/usr/local/lib/python3.11/multiprocessing/process.py", line 314, in _bootstrap
(Worker_DP7_TP1_EP15 pid=233966)     self.run()
[W727 15:49:48.910588090 NPUStream.cpp:578] Warning: NPU warning, error code is 107020[Error]: .
EE9999: Inner Error!
EE9999[PID: 233534] 2026-07-27-15:49:48.996.984 (EE9999):  rtDeviceSynchronizeWithTimeout execution failed, reason=task timeout[FUNC:FuncErrorReason][FILE:error_message_manage.cc][LINE:65]
        TraceBack (most recent call last):
       wait for compute device to finish failed, runtime result = 107020.[FUNC:ReportCallError][FILE:log_inner.cpp][LINE:148]
 (function npuSynchronizeDevice)
(Worker_DP7_TP1_EP15 pid=233966)   File "/usr/local/lib/python3.11/multiprocessing/process.py", line 108, in run
(Worker_DP7_TP1_EP15 pid=233966)     self._target(*self._args, **self._kwargs)
(Worker_DP7_TP1_EP15 pid=233966)   File "/home/l00838859/cann/my-project/vllm/vllm/v1/executor/multiproc_executor.py", line 933, in worker_main
(Worker_DP7_TP1_EP15 pid=233966)     worker.shutdown()
(Worker_DP7_TP1_EP15 pid=233966)   File "/home/l00838859/cann/my-project/vllm/vllm/v1/executor/multiproc_executor.py", line 778, in shutdown
(Worker_DP7_TP1_EP15 pid=233966)     self.worker.shutdown()
(Worker_DP7_TP1_EP15 pid=233966)   File "/home/l00838859/cann/my-project/vllm/vllm/v1/worker/worker_base.py", line 220, in shutdown
(Worker_DP7_TP1_EP15 pid=233966)     self.worker.shutdown()
(Worker_DP7_TP1_EP15 pid=233966)   File "/home/l00838859/cann/my-project/vllm-ascend/vllm_ascend/worker/worker.py", line 387, in shutdown
(Worker_DP7_TP1_EP15 pid=233966)     shutdown_fn()
(Worker_DP7_TP1_EP15 pid=233966)   File "/home/l00838859/cann/my-project/vllm/vllm/v1/worker/gpu_model_runner.py", line 6447, in shutdown
(Worker_DP7_TP1_EP15 pid=233966)     self._cleanup_profiling_kv_cache()
(Worker_DP7_TP1_EP15 pid=233966)   File "/home/l00838859/cann/my-project/vllm/vllm/v1/worker/gpu_model_runner.py", line 6465, in _cleanup_profiling_kv_cache
(Worker_DP7_TP1_EP15 pid=233966)     torch.accelerator.synchronize()
(Worker_DP7_TP1_EP15 pid=233966)   File "/usr/local/lib/python3.11/site-packages/torch/accelerator/__init__.py", line 262, in synchronize
(Worker_DP7_TP1_EP15 pid=233966)     torch._C._accelerator_synchronizeDevice(device_index)
(Worker_DP7_TP1_EP15 pid=233966) RuntimeError: The Inner error is reported as above. The process exits for this inner error, and the current working event is 0xaaab3a72fe50.
(Worker_DP7_TP1_EP15 pid=233966) Since the operator is called asynchronously, the stacktrace may be inaccurate. If you want to get the accurate stacktrace, please set the environment variable ASCEND_LAUNCH_BLOCKING=1.
(Worker_DP7_TP1_EP15 pid=233966) Note: ASCEND_LAUNCH_BLOCKING=1 will force ops to run in synchronous mode, resulting in performance degradation. Please unset ASCEND_LAUNCH_BLOCKING in time after debugging.
(Worker_DP7_TP1_EP15 pid=233966) [ERROR] 2026-07-27-15:49:47 (PID:233966, Device:15, RankID:-1) ERR00100 PTA call acl api failed.
(Worker_DP7_TP1_EP15 pid=233966) EE9999: Inner Error!
(Worker_DP7_TP1_EP15 pid=233966) EE9999[PID: 233966] 2026-07-27-15:49:45.788.546 (EE9999):  Failed to submit record task, retCode=0x7150059.[FUNC:Record][FILE:event.cc][LINE:487]
(Worker_DP7_TP1_EP15 pid=233966)         TraceBack (most recent call last):
(Worker_DP7_TP1_EP15 pid=233966)        rtEventRecord execution failed, reason=task timeout[FUNC:FuncErrorReason][FILE:error_message_manage.cc][LINE:65]
(Worker_DP7_TP1_EP15 pid=233966)        record event failed, runtime result = 107020[FUNC:ReportCallError][FILE:log_inner.cpp][LINE:148]
(Worker_DP7_TP1_EP15 pid=233966) 
[rank15]:[W727 15:49:48.912147520 NPUStream.cpp:596] Warning: NPU warning, error code is 107020[Error]: .
EE9999: Inner Error!
EE9999[PID: 233966] 2026-07-27-15:49:48.998.307 (EE9999):  rtDeviceSynchronizeWithTimeout execution failed, reason=task timeout[FUNC:FuncErrorReason][FILE:error_message_manage.cc][LINE:65]
        TraceBack (most recent call last):
       wait for compute device to finish failed, runtime result = 107020.[FUNC:ReportCallError][FILE:log_inner.cpp][LINE:148]
 (function npuSynchronizeUsedDevices)
[W727 15:49:49.922859250 NPUStream.cpp:578] Warning: NPU warning, error code is 107020[Error]: .
EE9999: Inner Error!
EE9999[PID: 233966] 2026-07-27-15:49:49.009.215 (EE9999):  rtDeviceSynchronizeWithTimeout execution failed, reason=task timeout[FUNC:FuncErrorReason][FILE:error_message_manage.cc][LINE:65]
        TraceBack (most recent call last):
       wait for compute device to finish failed, runtime result = 107020.[FUNC:ReportCallError][FILE:log_inner.cpp][LINE:148]
 (function npuSynchronizeDevice)
[W727 15:49:49.923420380 NPUStream.cpp:578] Warning: NPU warning, error code is 107020[Error]: .
EE9999: Inner Error!
EE9999[PID: 233966] 2026-07-27-15:49:49.009.849 (EE9999):  rtDeviceSynchronizeWithTimeout execution failed, reason=task timeout[FUNC:FuncErrorReason][FILE:error_message_manage.cc][LINE:65]
        TraceBack (most recent call last):
       wait for compute device to finish failed, runtime result = 107020.[FUNC:ReportCallError][FILE:log_inner.cpp][LINE:148]
 (function npuSynchronizeDevice)
[W727 15:49:49.927559780 NPUStream.cpp:578] Warning: NPU warning, error code is 107020[Error]: .
EE9999: Inner Error!
EE9999[PID: 233966] 2026-07-27-15:49:49.013.926 (EE9999):  rtDeviceSynchronizeWithTimeout execution failed, reason=task timeout[FUNC:FuncErrorReason][FILE:error_message_manage.cc][LINE:65]
        TraceBack (most recent call last):
       wait for compute device to finish failed, runtime result = 107020.[FUNC:ReportCallError][FILE:log_inner.cpp][LINE:148]
 (function npuSynchronizeDevice)
[W727 15:49:49.939606280 NPUStream.cpp:578] Warning: NPU warning, error code is 107020[Error]: .
EE9999: Inner Error!
EE9999[PID: 233966] 2026-07-27-15:49:49.026.009 (EE9999):  rtDeviceSynchronizeWithTimeout execution failed, reason=task timeout[FUNC:FuncErrorReason][FILE:error_message_manage.cc][LINE:65]
        TraceBack (most recent call last):
       wait for compute device to finish failed, runtime result = 107020.[FUNC:ReportCallError][FILE:log_inner.cpp][LINE:148]
 (function npuSynchronizeDevice)
[W727 15:49:49.946797930 NPUStream.cpp:578] Warning: NPU warning, error code is 107020[Error]: .
EE9999: Inner Error!
EE9999[PID: 233966] 2026-07-27-15:49:49.033.196 (EE9999):  rtDeviceSynchronizeWithTimeout execution failed, reason=task timeout[FUNC:FuncErrorReason][FILE:error_message_manage.cc][LINE:65]
        TraceBack (most recent call last):
       wait for compute device to finish failed, runtime result = 107020.[FUNC:ReportCallError][FILE:log_inner.cpp][LINE:148]
 (function npuSynchronizeDevice)
[W727 15:49:49.948495930 NPUStream.cpp:578] Warning: NPU warning, error code is 107020[Error]: .
EE9999: Inner Error!
EE9999[PID: 233966] 2026-07-27-15:49:49.034.906 (EE9999):  rtDeviceSynchronizeWithTimeout execution failed, reason=task timeout[FUNC:FuncErrorReason][FILE:error_message_manage.cc][LINE:65]
        TraceBack (most recent call last):
       wait for compute device to finish failed, runtime result = 107020.[FUNC:ReportCallError][FILE:log_inner.cpp][LINE:148]
 (function npuSynchronizeDevice)
(EngineCore_DP7 pid=233092) WARNING 07-27 15:49:52 [multiproc_executor.py:441] [shutdown] Executor: workers still running after grace period; sending SIGTERM count=2
(Worker_DP6_TP0_EP12 pid=233529) ERROR 07-27 15:49:53 [multiproc_executor.py:948] Error getting async model runner output
(Worker_DP6_TP0_EP12 pid=233529) ERROR 07-27 15:49:53 [multiproc_executor.py:948] Traceback (most recent call last):
(Worker_DP6_TP0_EP12 pid=233529) ERROR 07-27 15:49:53 [multiproc_executor.py:948]   File "/home/l00838859/cann/my-project/vllm/vllm/v1/executor/multiproc_executor.py", line 946, in enqueue_output
(Worker_DP6_TP0_EP12 pid=233529) ERROR 07-27 15:49:53 [multiproc_executor.py:948]     output = output.get_output()
(Worker_DP6_TP0_EP12 pid=233529) ERROR 07-27 15:49:53 [multiproc_executor.py:948]              ^^^^^^^^^^^^^^^^^^^
(Worker_DP6_TP0_EP12 pid=233529) ERROR 07-27 15:49:53 [multiproc_executor.py:948]   File "/home/l00838859/cann/my-project/vllm/vllm/v1/worker/gpu_model_runner.py", line 305, in get_output
(Worker_DP6_TP0_EP12 pid=233529) ERROR 07-27 15:49:53 [multiproc_executor.py:948]     self.async_copy_ready_event.synchronize()
(Worker_DP6_TP0_EP12 pid=233529) ERROR 07-27 15:49:53 [multiproc_executor.py:948]   File "/usr/local/lib/python3.11/site-packages/torch_npu/npu/streams.py", line 192, in synchronize
(Worker_DP6_TP0_EP12 pid=233529) ERROR 07-27 15:49:53 [multiproc_executor.py:948]     super(Event, self).synchronize()
(Worker_DP6_TP0_EP12 pid=233529) ERROR 07-27 15:49:53 [multiproc_executor.py:948] RuntimeError: synchronize:../torch_npu/csrc/core/npu/NPUEvent.cpp:212 NPU function error: aclrtSynchronizeEvent(event_), error code is 107020
(Worker_DP6_TP0_EP12 pid=233529) ERROR 07-27 15:49:53 [multiproc_executor.py:948] [ERROR] 2026-07-27-15:49:53 (PID:233529, Device:12, RankID:-1) ERR00100 PTA call acl api failed.
(Worker_DP6_TP0_EP12 pid=233529) ERROR 07-27 15:49:53 [multiproc_executor.py:948] EE9999: Inner Error!
(Worker_DP6_TP0_EP12 pid=233529) ERROR 07-27 15:49:53 [multiproc_executor.py:948] EE9999[PID: 233529] 2026-07-27-15:49:53.643.807 (EE9999):  The error from device(chipId:6, dieId:0), serial number is 19, event wait timeout occurred during task execution, stream_id:44, sq_id:5, task_id:4, event_id=218, timeout=234s.[FUNC:ProcessStarsWaitTimeoutErrorInfo][FILE:device_error_proc.cc][LINE:1593]
(Worker_DP6_TP0_EP12 pid=233529) ERROR 07-27 15:49:53 [multiproc_executor.py:948]         TraceBack (most recent call last):
(Worker_DP6_TP0_EP12 pid=233529) ERROR 07-27 15:49:53 [multiproc_executor.py:948]        rtEventSynchronize execution failed, reason=task timeout[FUNC:FuncErrorReason][FILE:error_message_manage.cc][LINE:65]
(Worker_DP6_TP0_EP12 pid=233529) ERROR 07-27 15:49:53 [multiproc_executor.py:948]        wait event to be complete failed, runtime result = 107020[FUNC:ReportCallError][FILE:log_inner.cpp][LINE:148]
(Worker_DP6_TP0_EP12 pid=233529) ERROR 07-27 15:49:53 [multiproc_executor.py:948] 
(Worker_DP6_TP0_EP12 pid=233529) ERROR 07-27 15:49:53 [multiproc_executor.py:1007] WorkerProc hit an exception.
(Worker_DP6_TP0_EP12 pid=233529) ERROR 07-27 15:49:53 [multiproc_executor.py:1007] Traceback (most recent call last):
(Worker_DP6_TP0_EP12 pid=233529) ERROR 07-27 15:49:53 [multiproc_executor.py:1007]   File "/home/l00838859/cann/my-project/vllm/vllm/v1/executor/multiproc_executor.py", line 999, in worker_busy_loop
(Worker_DP6_TP0_EP12 pid=233529) ERROR 07-27 15:49:53 [multiproc_executor.py:1007]     output = func(*args, **kwargs)
(Worker_DP6_TP0_EP12 pid=233529) ERROR 07-27 15:49:53 [multiproc_executor.py:1007]              ^^^^^^^^^^^^^^^^^^^^^
(Worker_DP6_TP0_EP12 pid=233529) ERROR 07-27 15:49:53 [multiproc_executor.py:1007]   File "/home/l00838859/cann/my-project/vllm/vllm/v1/worker/worker_base.py", line 351, in execute_model
(Worker_DP6_TP0_EP12 pid=233529) ERROR 07-27 15:49:53 [multiproc_executor.py:1007]     return self.worker.execute_model(scheduler_output)
(Worker_DP6_TP0_EP12 pid=233529) ERROR 07-27 15:49:53 [multiproc_executor.py:1007]            ^^^^^^^^^^^^^^^^^^^^^^^^^^^^^^^^^^^^^^^^^^^
(Worker_DP6_TP0_EP12 pid=233529) ERROR 07-27 15:49:53 [multiproc_executor.py:1007]   File "/home/l00838859/cann/my-project/vllm-ascend/vllm_ascend/worker/worker.py", line 685, in execute_model
(Worker_DP6_TP0_EP12 pid=233529) ERROR 07-27 15:49:53 [multiproc_executor.py:1007]     output = self.model_runner.execute_model(scheduler_output, intermediate_tensors)
(Worker_DP6_TP0_EP12 pid=233529) ERROR 07-27 15:49:53 [multiproc_executor.py:1007]              ^^^^^^^^^^^^^^^^^^^^^^^^^^^^^^^^^^^^^^^^^^^^^^^^^^^^^^^^^^^^^^^^^^^^^^^
(Worker_DP6_TP0_EP12 pid=233529) ERROR 07-27 15:49:53 [multiproc_executor.py:1007]   File "/usr/local/lib/python3.11/site-packages/torch/utils/_contextlib.py", line 124, in decorate_context
(Worker_DP6_TP0_EP12 pid=233529) ERROR 07-27 15:49:53 [multiproc_executor.py:1007]     return func(*args, **kwargs)
(Worker_DP6_TP0_EP12 pid=233529) ERROR 07-27 15:49:53 [multiproc_executor.py:1007]            ^^^^^^^^^^^^^^^^^^^^^
(Worker_DP6_TP0_EP12 pid=233529) ERROR 07-27 15:49:53 [multiproc_executor.py:1007]   File "/home/l00838859/cann/my-project/vllm-ascend/vllm_ascend/worker/model_runner_v1.py", line 2346, in execute_model
(Worker_DP6_TP0_EP12 pid=233529) ERROR 07-27 15:49:53 [multiproc_executor.py:1007]     hidden_states = self._model_forward(
(Worker_DP6_TP0_EP12 pid=233529) ERROR 07-27 15:49:53 [multiproc_executor.py:1007]                     ^^^^^^^^^^^^^^^^^^^^
(Worker_DP6_TP0_EP12 pid=233529) ERROR 07-27 15:49:53 [multiproc_executor.py:1007]   File "/home/l00838859/cann/my-project/vllm-ascend/vllm_ascend/worker/model_runner_v1.py", line 2915, in _model_forward
(Worker_DP6_TP0_EP12 pid=233529) ERROR 07-27 15:49:53 [multiproc_executor.py:1007]     hidden_states = run_model()
(Worker_DP6_TP0_EP12 pid=233529) ERROR 07-27 15:49:53 [multiproc_executor.py:1007]                     ^^^^^^^^^^^
(Worker_DP6_TP0_EP12 pid=233529) ERROR 07-27 15:49:53 [multiproc_executor.py:1007]   File "/home/l00838859/cann/my-project/vllm-ascend/vllm_ascend/compilation/acl_graph.py", line 281, in __call__
(Worker_DP6_TP0_EP12 pid=233529) ERROR 07-27 15:49:53 [multiproc_executor.py:1007]     torch.npu.current_stream().synchronize()
(Worker_DP6_TP0_EP12 pid=233529) ERROR 07-27 15:49:53 [multiproc_executor.py:1007]   File "/usr/local/lib/python3.11/site-packages/torch_npu/npu/streams.py", line 85, in synchronize
(Worker_DP6_TP0_EP12 pid=233529) ERROR 07-27 15:49:53 [multiproc_executor.py:1007]     super(Stream, self).synchronize()
(Worker_DP6_TP0_EP12 pid=233529) ERROR 07-27 15:49:53 [multiproc_executor.py:1007] RuntimeError: synchronize:../torch_npu/csrc/core/npu/NPUStream.cpp:361 NPU function error: c10_npu::acl::AclrtSynchronizeStreamWithTimeout(stream()), error code is 107020
(Worker_DP6_TP0_EP12 pid=233529) ERROR 07-27 15:49:53 [multiproc_executor.py:1007] [ERROR] 2026-07-27-15:49:53 (PID:233529, Device:12, RankID:-1) ERR00100 PTA call acl api failed.
(Worker_DP6_TP0_EP12 pid=233529) ERROR 07-27 15:49:53 [multiproc_executor.py:1007] [PID: 233529] 2026-07-27-15:44:56.954.309 Communication_Error_Bind_IP_Port(EI0019): Failed to enable listening for the host network adapter socket. Reason: The IP address 10.10.1.44 and port 65536 have already been bound.
(Worker_DP6_TP0_EP12 pid=233529) ERROR 07-27 15:49:53 [multiproc_executor.py:1007]         Solution: 1. Check whether this port has been occupied by another process. If yes, you can make adjustment using the environment variable HCCL_IF_BASE_PORT and use sysctl -w net.ipv4.ip_local_reserved_ports=****-**** to adjust the scope of reserved ports. 2. Check whether the service process is started multiple times on a device during this service.
(Worker_DP6_TP0_EP12 pid=233529) ERROR 07-27 15:49:53 [multiproc_executor.py:1007]         TraceBack (most recent call last):
(Worker_DP6_TP0_EP12 pid=233529) ERROR 07-27 15:49:53 [multiproc_executor.py:1007]         rtStreamSynchronizeWithTimeout execution failed, reason=task timeout[FUNC:FuncErrorReason][FILE:error_message_manage.cc][LINE:65]
(Worker_DP6_TP0_EP12 pid=233529) ERROR 07-27 15:49:53 [multiproc_executor.py:1007]         synchronize stream with timeout failed, runtime result = 107020[FUNC:ReportCallError][FILE:log_inner.cpp][LINE:148]
(Worker_DP6_TP0_EP12 pid=233529) ERROR 07-27 15:49:53 [multiproc_executor.py:1007] 
(Worker_DP6_TP0_EP12 pid=233529) ERROR 07-27 15:49:53 [multiproc_executor.py:1007] Traceback (most recent call last):
(Worker_DP6_TP0_EP12 pid=233529) ERROR 07-27 15:49:53 [multiproc_executor.py:1007]   File "/home/l00838859/cann/my-project/vllm/vllm/v1/executor/multiproc_executor.py", line 999, in worker_busy_loop
(Worker_DP6_TP0_EP12 pid=233529) ERROR 07-27 15:49:53 [multiproc_executor.py:1007]     output = func(*args, **kwargs)
(Worker_DP6_TP0_EP12 pid=233529) ERROR 07-27 15:49:53 [multiproc_executor.py:1007]              ^^^^^^^^^^^^^^^^^^^^^
(Worker_DP6_TP0_EP12 pid=233529) ERROR 07-27 15:49:53 [multiproc_executor.py:1007]   File "/home/l00838859/cann/my-project/vllm/vllm/v1/worker/worker_base.py", line 351, in execute_model
(Worker_DP6_TP0_EP12 pid=233529) ERROR 07-27 15:49:53 [multiproc_executor.py:1007]     return self.worker.execute_model(scheduler_output)
(Worker_DP6_TP0_EP12 pid=233529) ERROR 07-27 15:49:53 [multiproc_executor.py:1007]            ^^^^^^^^^^^^^^^^^^^^^^^^^^^^^^^^^^^^^^^^^^^
(Worker_DP6_TP0_EP12 pid=233529) ERROR 07-27 15:49:53 [multiproc_executor.py:1007]   File "/home/l00838859/cann/my-project/vllm-ascend/vllm_ascend/worker/worker.py", line 685, in execute_model
(Worker_DP6_TP0_EP12 pid=233529) ERROR 07-27 15:49:53 [multiproc_executor.py:1007]     output = self.model_runner.execute_model(scheduler_output, intermediate_tensors)
(Worker_DP6_TP0_EP12 pid=233529) ERROR 07-27 15:49:53 [multiproc_executor.py:1007]              ^^^^^^^^^^^^^^^^^^^^^^^^^^^^^^^^^^^^^^^^^^^^^^^^^^^^^^^^^^^^^^^^^^^^^^^
(Worker_DP6_TP0_EP12 pid=233529) ERROR 07-27 15:49:53 [multiproc_executor.py:1007]   File "/usr/local/lib/python3.11/site-packages/torch/utils/_contextlib.py", line 124, in decorate_context
(Worker_DP6_TP0_EP12 pid=233529) ERROR 07-27 15:49:53 [multiproc_executor.py:1007]     return func(*args, **kwargs)
(Worker_DP6_TP0_EP12 pid=233529) ERROR 07-27 15:49:53 [multiproc_executor.py:1007]            ^^^^^^^^^^^^^^^^^^^^^
(Worker_DP6_TP0_EP12 pid=233529) ERROR 07-27 15:49:53 [multiproc_executor.py:1007]   File "/home/l00838859/cann/my-project/vllm-ascend/vllm_ascend/worker/model_runner_v1.py", line 2346, in execute_model
(Worker_DP6_TP0_EP12 pid=233529) ERROR 07-27 15:49:53 [multiproc_executor.py:1007]     hidden_states = self._model_forward(
(Worker_DP6_TP0_EP12 pid=233529) ERROR 07-27 15:49:53 [multiproc_executor.py:1007]                     ^^^^^^^^^^^^^^^^^^^^
(Worker_DP6_TP0_EP12 pid=233529) ERROR 07-27 15:49:53 [multiproc_executor.py:1007]   File "/home/l00838859/cann/my-project/vllm-ascend/vllm_ascend/worker/model_runner_v1.py", line 2915, in _model_forward
(Worker_DP6_TP0_EP12 pid=233529) ERROR 07-27 15:49:53 [multiproc_executor.py:1007]     hidden_states = run_model()
(Worker_DP6_TP0_EP12 pid=233529) ERROR 07-27 15:49:53 [multiproc_executor.py:1007]                     ^^^^^^^^^^^
(Worker_DP6_TP0_EP12 pid=233529) ERROR 07-27 15:49:53 [multiproc_executor.py:1007]   File "/home/l00838859/cann/my-project/vllm-ascend/vllm_ascend/compilation/acl_graph.py", line 281, in __call__
(Worker_DP6_TP0_EP12 pid=233529) ERROR 07-27 15:49:53 [multiproc_executor.py:1007]     torch.npu.current_stream().synchronize()
(Worker_DP6_TP0_EP12 pid=233529) ERROR 07-27 15:49:53 [multiproc_executor.py:1007]   File "/usr/local/lib/python3.11/site-packages/torch_npu/npu/streams.py", line 85, in synchronize
(Worker_DP6_TP0_EP12 pid=233529) ERROR 07-27 15:49:53 [multiproc_executor.py:1007]     super(Stream, self).synchronize()
(Worker_DP6_TP0_EP12 pid=233529) ERROR 07-27 15:49:53 [multiproc_executor.py:1007] RuntimeError: synchronize:../torch_npu/csrc/core/npu/NPUStream.cpp:361 NPU function error: c10_npu::acl::AclrtSynchronizeStreamWithTimeout(stream()), error code is 107020
(Worker_DP6_TP0_EP12 pid=233529) ERROR 07-27 15:49:53 [multiproc_executor.py:1007] [ERROR] 2026-07-27-15:49:53 (PID:233529, Device:12, RankID:-1) ERR00100 PTA call acl api failed.
(Worker_DP6_TP0_EP12 pid=233529) ERROR 07-27 15:49:53 [multiproc_executor.py:1007] [PID: 233529] 2026-07-27-15:44:56.954.309 Communication_Error_Bind_IP_Port(EI0019): Failed to enable listening for the host network adapter socket. Reason: The IP address 10.10.1.44 and port 65536 have already been bound.
(Worker_DP6_TP0_EP12 pid=233529) ERROR 07-27 15:49:53 [multiproc_executor.py:1007]         Solution: 1. Check whether this port has been occupied by another process. If yes, you can make adjustment using the environment variable HCCL_IF_BASE_PORT and use sysctl -w net.ipv4.ip_local_reserved_ports=****-**** to adjust the scope of reserved ports. 2. Check whether the service process is started multiple times on a device during this service.
(Worker_DP6_TP0_EP12 pid=233529) ERROR 07-27 15:49:53 [multiproc_executor.py:1007]         TraceBack (most recent call last):
(Worker_DP6_TP0_EP12 pid=233529) ERROR 07-27 15:49:53 [multiproc_executor.py:1007]         rtStreamSynchronizeWithTimeout execution failed, reason=task timeout[FUNC:FuncErrorReason][FILE:error_message_manage.cc][LINE:65]
(Worker_DP6_TP0_EP12 pid=233529) ERROR 07-27 15:49:53 [multiproc_executor.py:1007]         synchronize stream with timeout failed, runtime result = 107020[FUNC:ReportCallError][FILE:log_inner.cpp][LINE:148]
(Worker_DP6_TP0_EP12 pid=233529) ERROR 07-27 15:49:53 [multiproc_executor.py:1007] 
(Worker_DP6_TP0_EP12 pid=233529) ERROR 07-27 15:49:53 [multiproc_executor.py:1007] 
(EngineCore_DP6 pid=233091) ERROR 07-27 15:49:53 [dump_input.py:72] Dumping input data for V1 LLM engine (v0.1.dev18654+g54503ecec) with config: model='/mnt/weights/DeepSeek-V3.1-Terminus-w8a8-QuaRot-lfs', speculative_config=SpeculativeConfig(method='mtp', model='/mnt/weights/DeepSeek-V3.1-Terminus-w8a8-QuaRot-lfs', num_spec_tokens=2), tokenizer='/mnt/weights/DeepSeek-V3.1-Terminus-w8a8-QuaRot-lfs', skip_tokenizer_init=False, tokenizer_mode=auto, revision=None, tokenizer_revision=None, trust_remote_code=True, dtype=torch.bfloat16, max_seq_len=4096, download_dir=None, load_format=auto, tensor_parallel_size=2, pipeline_parallel_size=1, data_parallel_size=8, decode_context_parallel_size=1, dcp_comm_backend=ag_rs, disable_custom_all_reduce=True, quantization=ascend, quantization_config=None, enforce_eager=False, enable_return_routed_experts=False, kv_cache_dtype=auto, device_config=npu, structured_outputs_config=StructuredOutputsConfig(backend='auto', disable_any_whitespace=False, disable_additional_properties=False, reasoning_parser='', reasoning_parser_plugin='', enable_in_reasoning=False), observability_config=ObservabilityConfig(show_hidden_metrics_for_version=None, otlp_traces_endpoint=None, collect_detailed_traces=None, kv_cache_metrics=False, kv_cache_metrics_sample=0.01, cudagraph_metrics=False, enable_layerwise_nvtx_tracing=False, enable_mfu_metrics=False, enable_mm_processor_stats=False, enable_logging_iteration_details=False, jit_monitor_mode='warn', jit_monitor_verbose=False), seed=1024, served_model_name=/mnt/weights/DeepSeek-V3.1-Terminus-w8a8-QuaRot-lfs, enable_prefix_caching=False, enable_chunked_prefill=True, pooler_config=None, compilation_config={'mode': <CompilationMode.VLLM_COMPILE: 3>, 'debug_dump_path': PosixPath('/home/l00838859/cann/vllm-runner/fx-graph'), 'cache_dir': '', 'compile_cache_save_format': 'binary', 'backend': 'vllm_ascend.compilation.compiler_interface.AscendCompiler', 'custom_ops': ['all'], 'ir_enable_torch_wrap': False, 'splitting_ops': [], 'compile_mm_encoder': False, 'cudagraph_mm_encoder': False, 'encoder_cudagraph_token_budgets': [], 'encoder_cudagraph_max_vision_items_per_batch': 0, 'encoder_cudagraph_max_frames_per_batch': None, 'compile_sizes': [], 'compile_ranges_endpoints': [256], 'inductor_compile_config': {'enable_auto_functionalized_v2': False, 'size_asserts': False, 'alignment_asserts': False, 'scalar_asserts': False, 'combo_kernels': True, 'benchmark_combo_kernel': True}, 'inductor_passes': {}, 'cudagraph_mode': <CUDAGraphMode.FULL_DECODE_ONLY: (2, 0)>, 'cudagraph_num_of_warmups': 1, 'cudagraph_capture_sizes': [3, 48], 'cudagraph_copy_inputs': False, 'cudagraph_specialize_lora': True, 'use_inductor_graph_partition': False, 'pass_config': {'fuse_norm_quant': True, 'fuse_act_quant': True, 'fuse_attn_quant': False, 'enable_sp': False, 'fuse_gemm_comms': False, 'fuse_allreduce_rms': False, 'fuse_rope_kvcache_cat_mla': False, 'fuse_act_padding': False}, 'max_cudagraph_capture_size': 48, 'dynamic_shapes_config': {'type': <DynamicShapesType.BACKED: 'backed'>, 'evaluate_guards': False, 'assume_32_bit_indexing': False}, 'local_cache_dir': None, 'fast_moe_cold_start': False, 'static_all_moe_layers': []}, kernel_config=KernelConfig(ir_op_priority=IrOpPriorityConfig(rms_norm=['native'], fused_add_rms_norm=['native']), enable_flashinfer_autotune=True, enable_cutedsl_warmup=True, moe_backend='auto', linear_backend='auto'), 
(EngineCore_DP6 pid=233091) ERROR 07-27 15:49:53 [dump_input.py:79] Dumping scheduler output for model execution: SchedulerOutput(scheduled_new_reqs=[], scheduled_cached_reqs=CachedRequestData(req_ids=['0-beb73ef1'],resumed_req_ids=set(),new_token_ids_lens=[],all_token_ids_lens={},new_block_ids=[None],num_computed_tokens=[2],num_output_tokens=[1]), num_scheduled_tokens={0-beb73ef1: 3}, total_num_scheduled_tokens=3, scheduled_spec_decode_tokens={0-beb73ef1: [-1, -1]}, scheduled_encoder_inputs={}, num_common_prefix_blocks=[0], finished_req_ids=[], free_encoder_mm_hashes=[], preempted_req_ids=[], has_structured_output_requests=false, pending_structured_output_tokens=false, num_invalid_spec_tokens=null, kv_connector_metadata=null, ec_connector_metadata=null, new_block_ids_to_zero=null, num_spec_tokens_to_schedule=2)
(EngineCore_DP6 pid=233091) ERROR 07-27 15:49:53 [dump_input.py:81] Dumping scheduler stats: SchedulerStats(num_running_reqs=1, num_waiting_reqs=0, num_skipped_waiting_reqs=0, step_counter=0, current_wave=0, kv_cache_usage=0.016393442622950838, prefix_cache_stats=PrefixCacheStats(reset=False, requests=0, queries=0, hits=0, preempted_requests=0, preempted_queries=0, preempted_hits=0), connector_prefix_cache_stats=None, kv_cache_eviction_events=[], spec_decoding_stats=None, kv_connector_stats=None, waiting_lora_adapters={}, running_lora_adapters={}, cudagraph_stats=None, perf_stats=None)
(EngineCore_DP6 pid=233091) ERROR 07-27 15:49:53 [core.py:1233] EngineCore encountered a fatal error.
(EngineCore_DP6 pid=233091) ERROR 07-27 15:49:53 [core.py:1233] Traceback (most recent call last):
(EngineCore_DP6 pid=233091) ERROR 07-27 15:49:53 [core.py:1233]   File "/home/l00838859/cann/my-project/vllm/vllm/v1/engine/core.py", line 1224, in run_engine_core
(EngineCore_DP6 pid=233091) ERROR 07-27 15:49:53 [core.py:1233]     engine_core.run_busy_loop()
(EngineCore_DP6 pid=233091) ERROR 07-27 15:49:53 [core.py:1233]   File "/home/l00838859/cann/my-project/vllm/vllm/v1/engine/core.py", line 1943, in run_busy_loop
(EngineCore_DP6 pid=233091) ERROR 07-27 15:49:53 [core.py:1233]     executed = self._process_engine_step()
(EngineCore_DP6 pid=233091) ERROR 07-27 15:49:53 [core.py:1233]                ^^^^^^^^^^^^^^^^^^^^^^^^^^^
(EngineCore_DP6 pid=233091) ERROR 07-27 15:49:53 [core.py:1233]   File "/home/l00838859/cann/my-project/vllm/vllm/v1/engine/core.py", line 1304, in _process_engine_step
(EngineCore_DP6 pid=233091) ERROR 07-27 15:49:53 [core.py:1233]     outputs, model_executed = self.step_fn()
(EngineCore_DP6 pid=233091) ERROR 07-27 15:49:53 [core.py:1233]                               ^^^^^^^^^^^^^^
(EngineCore_DP6 pid=233091) ERROR 07-27 15:49:53 [core.py:1233]   File "/home/l00838859/cann/my-project/vllm/vllm/v1/engine/core.py", line 595, in step_with_batch_queue
(EngineCore_DP6 pid=233091) ERROR 07-27 15:49:53 [core.py:1233]     model_output = future.result()
(EngineCore_DP6 pid=233091) ERROR 07-27 15:49:53 [core.py:1233]                    ^^^^^^^^^^^^^^^
(EngineCore_DP6 pid=233091) ERROR 07-27 15:49:53 [core.py:1233]   File "/home/l00838859/cann/my-project/vllm/vllm/v1/executor/multiproc_executor.py", line 91, in result
(EngineCore_DP6 pid=233091) ERROR 07-27 15:49:53 [core.py:1233]     return super().result()
(EngineCore_DP6 pid=233091) ERROR 07-27 15:49:53 [core.py:1233]            ^^^^^^^^^^^^^^^^
(EngineCore_DP6 pid=233091) ERROR 07-27 15:49:53 [core.py:1233]   File "/usr/local/lib/python3.11/concurrent/futures/_base.py", line 449, in result
(EngineCore_DP6 pid=233091) ERROR 07-27 15:49:53 [core.py:1233]     return self.__get_result()
(EngineCore_DP6 pid=233091) ERROR 07-27 15:49:53 [core.py:1233]            ^^^^^^^^^^^^^^^^^^^
(EngineCore_DP6 pid=233091) ERROR 07-27 15:49:53 [core.py:1233]   File "/usr/local/lib/python3.11/concurrent/futures/_base.py", line 401, in __get_result
(EngineCore_DP6 pid=233091) ERROR 07-27 15:49:53 [core.py:1233]     raise self._exception
(EngineCore_DP6 pid=233091) ERROR 07-27 15:49:53 [core.py:1233]   File "/home/l00838859/cann/my-project/vllm/vllm/v1/executor/multiproc_executor.py", line 95, in _wait_for_response
(EngineCore_DP6 pid=233091) ERROR 07-27 15:49:53 [core.py:1233]     response = self.aggregate(self.get_response())
(EngineCore_DP6 pid=233091) ERROR 07-27 15:49:53 [core.py:1233]                               ^^^^^^^^^^^^^^^^^^^
(EngineCore_DP6 pid=233091) ERROR 07-27 15:49:53 [core.py:1233]   File "/home/l00838859/cann/my-project/vllm/vllm/v1/executor/multiproc_executor.py", line 394, in get_response
(EngineCore_DP6 pid=233091) ERROR 07-27 15:49:53 [core.py:1233]     raise RuntimeError(
(EngineCore_DP6 pid=233091) ERROR 07-27 15:49:53 [core.py:1233] RuntimeError: Worker failed with error 'synchronize:../torch_npu/csrc/core/npu/NPUEvent.cpp:212 NPU function error: aclrtSynchronizeEvent(event_), error code is 107020
(EngineCore_DP6 pid=233091) ERROR 07-27 15:49:53 [core.py:1233] [ERROR] 2026-07-27-15:49:53 (PID:233529, Device:12, RankID:-1) ERR00100 PTA call acl api failed.
(EngineCore_DP6 pid=233091) ERROR 07-27 15:49:53 [core.py:1233] EE9999: Inner Error!
(EngineCore_DP6 pid=233091) ERROR 07-27 15:49:53 [core.py:1233] EE9999[PID: 233529] 2026-07-27-15:49:53.643.807 (EE9999):  The error from device(chipId:6, dieId:0), serial number is 19, event wait timeout occurred during task execution, stream_id:44, sq_id:5, task_id:4, event_id=218, timeout=234s.[FUNC:ProcessStarsWaitTimeoutErrorInfo][FILE:device_error_proc.cc][LINE:1593]
(EngineCore_DP6 pid=233091) ERROR 07-27 15:49:53 [core.py:1233]         TraceBack (most recent call last):
(EngineCore_DP6 pid=233091) ERROR 07-27 15:49:53 [core.py:1233]        rtEventSynchronize execution failed, reason=task timeout[FUNC:FuncErrorReason][FILE:error_message_manage.cc][LINE:65]
(EngineCore_DP6 pid=233091) ERROR 07-27 15:49:53 [core.py:1233]        wait event to be complete failed, runtime result = 107020[FUNC:ReportCallError][FILE:log_inner.cpp][LINE:148]
(EngineCore_DP6 pid=233091) ERROR 07-27 15:49:53 [core.py:1233] ', please check the stack trace above for the root cause
(Worker_DP6_TP0_EP12 pid=233529) INFO 07-27 15:49:53 [multiproc_executor.py:793] Parent process exited, terminating worker queues
(EngineCore_DP6 pid=233091) INFO 07-27 15:49:53 [multiproc_executor.py:429] [shutdown] Executor: waiting for worker exit count=2
(Worker_DP6_TP0_EP12 pid=233529) Process VllmWorker-0:
(Worker_DP6_TP0_EP12 pid=233529) Traceback (most recent call last):
(Worker_DP6_TP0_EP12 pid=233529)   File "/usr/local/lib/python3.11/multiprocessing/process.py", line 314, in _bootstrap
(Worker_DP6_TP0_EP12 pid=233529)     self.run()
(Worker_DP6_TP0_EP12 pid=233529)   File "/usr/local/lib/python3.11/multiprocessing/process.py", line 108, in run
(Worker_DP6_TP0_EP12 pid=233529)     self._target(*self._args, **self._kwargs)
(Worker_DP6_TP0_EP12 pid=233529)   File "/home/l00838859/cann/my-project/vllm/vllm/v1/executor/multiproc_executor.py", line 933, in worker_main
(Worker_DP6_TP0_EP12 pid=233529)     worker.shutdown()
(Worker_DP6_TP0_EP12 pid=233529)   File "/home/l00838859/cann/my-project/vllm/vllm/v1/executor/multiproc_executor.py", line 778, in shutdown
(Worker_DP6_TP0_EP12 pid=233529)     self.worker.shutdown()
(Worker_DP6_TP0_EP12 pid=233529)   File "/home/l00838859/cann/my-project/vllm/vllm/v1/worker/worker_base.py", line 220, in shutdown
(Worker_DP6_TP0_EP12 pid=233529)     self.worker.shutdown()
(Worker_DP6_TP0_EP12 pid=233529)   File "/home/l00838859/cann/my-project/vllm-ascend/vllm_ascend/worker/worker.py", line 387, in shutdown
(Worker_DP6_TP0_EP12 pid=233529)     shutdown_fn()
(Worker_DP6_TP0_EP12 pid=233529)   File "/home/l00838859/cann/my-project/vllm/vllm/v1/worker/gpu_model_runner.py", line 6447, in shutdown
(Worker_DP6_TP0_EP12 pid=233529)     self._cleanup_profiling_kv_cache()
(Worker_DP6_TP0_EP12 pid=233529)   File "/home/l00838859/cann/my-project/vllm/vllm/v1/worker/gpu_model_runner.py", line 6465, in _cleanup_profiling_kv_cache
(Worker_DP6_TP0_EP12 pid=233529)     torch.accelerator.synchronize()
(Worker_DP6_TP0_EP12 pid=233529)   File "/usr/local/lib/python3.11/site-packages/torch/accelerator/__init__.py", line 262, in synchronize
(Worker_DP6_TP0_EP12 pid=233529)     torch._C._accelerator_synchronizeDevice(device_index)
(Worker_DP6_TP0_EP12 pid=233529) RuntimeError: npuSynchronizeDevice:../torch_npu/csrc/core/npu/NPUStream.cpp:576 NPU function error: AclrtSynchronizeDeviceWithTimeout, error code is 107020
(Worker_DP6_TP0_EP12 pid=233529) [ERROR] 2026-07-27-15:49:53 (PID:233529, Device:12, RankID:-1) ERR00100 PTA call acl api failed.
(Worker_DP6_TP0_EP12 pid=233529) EE9999: Inner Error!
(Worker_DP6_TP0_EP12 pid=233529) EE9999[PID: 233529] 2026-07-27-15:49:53.660.447 (EE9999):  rtDeviceSynchronizeWithTimeout execution failed, reason=task timeout[FUNC:FuncErrorReason][FILE:error_message_manage.cc][LINE:65]
(Worker_DP6_TP0_EP12 pid=233529)         TraceBack (most recent call last):
(Worker_DP6_TP0_EP12 pid=233529)        wait for compute device to finish failed, runtime result = 107020.[FUNC:ReportCallError][FILE:log_inner.cpp][LINE:148]
(Worker_DP6_TP0_EP12 pid=233529) 
(Worker_DP6_TP1_EP13 pid=233895) Process VllmWorker-1:
[rank12]:[W727 15:49:54.907229380 NPUStream.cpp:596] Warning: NPU warning, error code is 107020[Error]: .
EE9999: Inner Error!
EE9999[PID: 233529] 2026-07-27-15:49:54.993.342 (EE9999):  rtDeviceSynchronizeWithTimeout execution failed, reason=task timeout[FUNC:FuncErrorReason][FILE:error_message_manage.cc][LINE:65]
        TraceBack (most recent call last):
       wait for compute device to finish failed, runtime result = 107020.[FUNC:ReportCallError][FILE:log_inner.cpp][LINE:148]
 (function npuSynchronizeUsedDevices)
(Worker_DP6_TP1_EP13 pid=233895) Traceback (most recent call last):
(Worker_DP6_TP1_EP13 pid=233895)   File "/usr/local/lib/python3.11/multiprocessing/process.py", line 314, in _bootstrap
(Worker_DP6_TP1_EP13 pid=233895)     self.run()
(Worker_DP6_TP1_EP13 pid=233895)   File "/usr/local/lib/python3.11/multiprocessing/process.py", line 108, in run
(Worker_DP6_TP1_EP13 pid=233895)     self._target(*self._args, **self._kwargs)
(Worker_DP6_TP1_EP13 pid=233895)   File "/home/l00838859/cann/my-project/vllm/vllm/v1/executor/multiproc_executor.py", line 933, in worker_main
(Worker_DP6_TP1_EP13 pid=233895)     worker.shutdown()
(Worker_DP6_TP1_EP13 pid=233895)   File "/home/l00838859/cann/my-project/vllm/vllm/v1/executor/multiproc_executor.py", line 778, in shutdown
(Worker_DP6_TP1_EP13 pid=233895)     self.worker.shutdown()
(Worker_DP6_TP1_EP13 pid=233895)   File "/home/l00838859/cann/my-project/vllm/vllm/v1/worker/worker_base.py", line 220, in shutdown
(Worker_DP6_TP1_EP13 pid=233895)     self.worker.shutdown()
(Worker_DP6_TP1_EP13 pid=233895)   File "/home/l00838859/cann/my-project/vllm-ascend/vllm_ascend/worker/worker.py", line 387, in shutdown
(Worker_DP6_TP1_EP13 pid=233895)     shutdown_fn()
(Worker_DP6_TP1_EP13 pid=233895)   File "/home/l00838859/cann/my-project/vllm/vllm/v1/worker/gpu_model_runner.py", line 6447, in shutdown
(Worker_DP6_TP1_EP13 pid=233895)     self._cleanup_profiling_kv_cache()
(Worker_DP6_TP1_EP13 pid=233895)   File "/home/l00838859/cann/my-project/vllm/vllm/v1/worker/gpu_model_runner.py", line 6465, in _cleanup_profiling_kv_cache
(Worker_DP6_TP1_EP13 pid=233895)     torch.accelerator.synchronize()
(Worker_DP6_TP1_EP13 pid=233895)   File "/usr/local/lib/python3.11/site-packages/torch/accelerator/__init__.py", line 262, in synchronize
(Worker_DP6_TP1_EP13 pid=233895)     torch._C._accelerator_synchronizeDevice(device_index)
(Worker_DP6_TP1_EP13 pid=233895) RuntimeError: The Inner error is reported as above. The process exits for this inner error, and the current working event is 0xaaab27099e90.
(Worker_DP6_TP1_EP13 pid=233895) Since the operator is called asynchronously, the stacktrace may be inaccurate. If you want to get the accurate stacktrace, please set the environment variable ASCEND_LAUNCH_BLOCKING=1.
(Worker_DP6_TP1_EP13 pid=233895) Note: ASCEND_LAUNCH_BLOCKING=1 will force ops to run in synchronous mode, resulting in performance degradation. Please unset ASCEND_LAUNCH_BLOCKING in time after debugging.
(Worker_DP6_TP1_EP13 pid=233895) [ERROR] 2026-07-27-15:49:53 (PID:233895, Device:13, RankID:-1) ERR00100 PTA call acl api failed.
(Worker_DP6_TP1_EP13 pid=233895) EE9999: Inner Error!
(Worker_DP6_TP1_EP13 pid=233895) EE9999[PID: 233895] 2026-07-27-15:49:43.660.134 (EE9999):  Failed to submit record task, retCode=0x7150059.[FUNC:Record][FILE:event.cc][LINE:487]
(Worker_DP6_TP1_EP13 pid=233895)         TraceBack (most recent call last):
(Worker_DP6_TP1_EP13 pid=233895)        rtEventRecord execution failed, reason=task timeout[FUNC:FuncErrorReason][FILE:error_message_manage.cc][LINE:65]
(Worker_DP6_TP1_EP13 pid=233895)        record event failed, runtime result = 107020[FUNC:ReportCallError][FILE:log_inner.cpp][LINE:148]
(Worker_DP6_TP1_EP13 pid=233895) 
[rank13]:[W727 15:49:54.910269070 NPUStream.cpp:596] Warning: NPU warning, error code is 107020[Error]: .
EE9999: Inner Error!
EE9999[PID: 233895] 2026-07-27-15:49:54.996.452 (EE9999):  rtDeviceSynchronizeWithTimeout execution failed, reason=task timeout[FUNC:FuncErrorReason][FILE:error_message_manage.cc][LINE:65]
        TraceBack (most recent call last):
       wait for compute device to finish failed, runtime result = 107020.[FUNC:ReportCallError][FILE:log_inner.cpp][LINE:148]
 (function npuSynchronizeUsedDevices)
[W727 15:49:54.917417120 NPUStream.cpp:578] Warning: NPU warning, error code is 107020[Error]: .
EE9999: Inner Error!
EE9999[PID: 233529] 2026-07-27-15:49:55.003.734 (EE9999):  rtDeviceSynchronizeWithTimeout execution failed, reason=task timeout[FUNC:FuncErrorReason][FILE:error_message_manage.cc][LINE:65]
        TraceBack (most recent call last):
       wait for compute device to finish failed, runtime result = 107020.[FUNC:ReportCallError][FILE:log_inner.cpp][LINE:148]
 (function npuSynchronizeDevice)
[W727 15:49:54.918042910 NPUStream.cpp:578] Warning: NPU warning, error code is 107020[Error]: .
EE9999: Inner Error!
EE9999[PID: 233529] 2026-07-27-15:49:55.004.445 (EE9999):  rtDeviceSynchronizeWithTimeout execution failed, reason=task timeout[FUNC:FuncErrorReason][FILE:error_message_manage.cc][LINE:65]
        TraceBack (most recent call last):
       wait for compute device to finish failed, runtime result = 107020.[FUNC:ReportCallError][FILE:log_inner.cpp][LINE:148]
 (function npuSynchronizeDevice)
[W727 15:49:55.921937420 NPUStream.cpp:578] Warning: NPU warning, error code is 107020[Error]: .
EE9999: Inner Error!
EE9999[PID: 233529] 2026-07-27-15:49:55.008.384 (EE9999):  rtDeviceSynchronizeWithTimeout execution failed, reason=task timeout[FUNC:FuncErrorReason][FILE:error_message_manage.cc][LINE:65]
        TraceBack (most recent call last):
       wait for compute device to finish failed, runtime result = 107020.[FUNC:ReportCallError][FILE:log_inner.cpp][LINE:148]
 (function npuSynchronizeDevice)
[W727 15:49:55.922843780 NPUStream.cpp:578] Warning: NPU warning, error code is 107020[Error]: .
EE9999: Inner Error!
EE9999[PID: 233895] 2026-07-27-15:49:55.009.190 (EE9999):  rtDeviceSynchronizeWithTimeout execution failed, reason=task timeout[FUNC:FuncErrorReason][FILE:error_message_manage.cc][LINE:65]
        TraceBack (most recent call last):
       wait for compute device to finish failed, runtime result = 107020.[FUNC:ReportCallError][FILE:log_inner.cpp][LINE:148]
 (function npuSynchronizeDevice)
[W727 15:49:55.923482370 NPUStream.cpp:578] Warning: NPU warning, error code is 107020[Error]: .
EE9999: Inner Error!
EE9999[PID: 233895] 2026-07-27-15:49:55.009.878 (EE9999):  rtDeviceSynchronizeWithTimeout execution failed, reason=task timeout[FUNC:FuncErrorReason][FILE:error_message_manage.cc][LINE:65]
        TraceBack (most recent call last):
       wait for compute device to finish failed, runtime result = 107020.[FUNC:ReportCallError][FILE:log_inner.cpp][LINE:148]
 (function npuSynchronizeDevice)
[W727 15:49:55.927459370 NPUStream.cpp:578] Warning: NPU warning, error code is 107020[Error]: .
EE9999: Inner Error!
EE9999[PID: 233895] 2026-07-27-15:49:55.013.847 (EE9999):  rtDeviceSynchronizeWithTimeout execution failed, reason=task timeout[FUNC:FuncErrorReason][FILE:error_message_manage.cc][LINE:65]
        TraceBack (most recent call last):
       wait for compute device to finish failed, runtime result = 107020.[FUNC:ReportCallError][FILE:log_inner.cpp][LINE:148]
 (function npuSynchronizeDevice)
[W727 15:49:55.933561970 NPUStream.cpp:578] Warning: NPU warning, error code is 107020[Error]: .
EE9999: Inner Error!
EE9999[PID: 233529] 2026-07-27-15:49:55.019.938 (EE9999):  rtDeviceSynchronizeWithTimeout execution failed, reason=task timeout[FUNC:FuncErrorReason][FILE:error_message_manage.cc][LINE:65]
        TraceBack (most recent call last):
       wait for compute device to finish failed, runtime result = 107020.[FUNC:ReportCallError][FILE:log_inner.cpp][LINE:148]
 (function npuSynchronizeDevice)
[W727 15:49:55.939040370 NPUStream.cpp:578] Warning: NPU warning, error code is 107020[Error]: .
EE9999: Inner Error!
EE9999[PID: 233895] 2026-07-27-15:49:55.025.380 (EE9999):  rtDeviceSynchronizeWithTimeout execution failed, reason=task timeout[FUNC:FuncErrorReason][FILE:error_message_manage.cc][LINE:65]
        TraceBack (most recent call last):
       wait for compute device to finish failed, runtime result = 107020.[FUNC:ReportCallError][FILE:log_inner.cpp][LINE:148]
 (function npuSynchronizeDevice)
[W727 15:49:55.940646700 NPUStream.cpp:578] Warning: NPU warning, error code is 107020[Error]: .
EE9999: Inner Error!
EE9999[PID: 233529] 2026-07-27-15:49:55.027.050 (EE9999):  rtDeviceSynchronizeWithTimeout execution failed, reason=task timeout[FUNC:FuncErrorReason][FILE:error_message_manage.cc][LINE:65]
        TraceBack (most recent call last):
       wait for compute device to finish failed, runtime result = 107020.[FUNC:ReportCallError][FILE:log_inner.cpp][LINE:148]
 (function npuSynchronizeDevice)
[W727 15:49:55.942412240 NPUStream.cpp:578] Warning: NPU warning, error code is 107020[Error]: .
EE9999: Inner Error!
EE9999[PID: 233529] 2026-07-27-15:49:55.028.780 (EE9999):  rtDeviceSynchronizeWithTimeout execution failed, reason=task timeout[FUNC:FuncErrorReason][FILE:error_message_manage.cc][LINE:65]
        TraceBack (most recent call last):
       wait for compute device to finish failed, runtime result = 107020.[FUNC:ReportCallError][FILE:log_inner.cpp][LINE:148]
 (function npuSynchronizeDevice)
[W727 15:49:55.946094740 NPUStream.cpp:578] Warning: NPU warning, error code is 107020[Error]: .
EE9999: Inner Error!
EE9999[PID: 233895] 2026-07-27-15:49:55.032.441 (EE9999):  rtDeviceSynchronizeWithTimeout execution failed, reason=task timeout[FUNC:FuncErrorReason][FILE:error_message_manage.cc][LINE:65]
        TraceBack (most recent call last):
       wait for compute device to finish failed, runtime result = 107020.[FUNC:ReportCallError][FILE:log_inner.cpp][LINE:148]
 (function npuSynchronizeDevice)
[W727 15:49:55.947949080 NPUStream.cpp:578] Warning: NPU warning, error code is 107020[Error]: .
EE9999: Inner Error!
EE9999[PID: 233895] 2026-07-27-15:49:55.034.360 (EE9999):  rtDeviceSynchronizeWithTimeout execution failed, reason=task timeout[FUNC:FuncErrorReason][FILE:error_message_manage.cc][LINE:65]
        TraceBack (most recent call last):
       wait for compute device to finish failed, runtime result = 107020.[FUNC:ReportCallError][FILE:log_inner.cpp][LINE:148]
 (function npuSynchronizeDevice)
(EngineCore_DP7 pid=233092) WARNING 07-27 15:49:56 [multiproc_executor.py:451] [shutdown] Executor: workers still running after SIGTERM; sending SIGKILL count=2
(EngineCore_DP7 pid=233092) WARNING 07-27 15:49:56 [parallel_state.py:2131] torch._C._host_emptyCache() only available in Pytorch >=2.5
(EngineCore_DP6 pid=233091) WARNING 07-27 15:49:58 [multiproc_executor.py:441] [shutdown] Executor: workers still running after grace period; sending SIGTERM count=2
(EngineCore_DP7 pid=233092) Process EngineCore_DP7:
(EngineCore_DP7 pid=233092) Traceback (most recent call last):
(EngineCore_DP7 pid=233092)   File "/usr/local/lib/python3.11/multiprocessing/process.py", line 314, in _bootstrap
(EngineCore_DP7 pid=233092)     self.run()
(EngineCore_DP7 pid=233092)   File "/usr/local/lib/python3.11/multiprocessing/process.py", line 108, in run
(EngineCore_DP7 pid=233092)     self._target(*self._args, **self._kwargs)
(EngineCore_DP7 pid=233092)   File "/home/l00838859/cann/my-project/vllm-ascend/vllm_ascend/patch/platform/patch_balance_schedule.py", line 896, in _balance_run_engine_core
(EngineCore_DP7 pid=233092)     return _OriginalRunEngineCore(*args, dp_rank=dp_rank, local_dp_rank=local_dp_rank, **kwargs)
(EngineCore_DP7 pid=233092)            ^^^^^^^^^^^^^^^^^^^^^^^^^^^^^^^^^^^^^^^^^^^^^^^^^^^^^^^^^^^^^^^^^^^^^^^^^^^^^^^^^^^^^
(EngineCore_DP7 pid=233092)   File "/home/l00838859/cann/my-project/vllm/vllm/v1/engine/core.py", line 1235, in run_engine_core
(EngineCore_DP7 pid=233092)     raise e
(EngineCore_DP7 pid=233092)   File "/home/l00838859/cann/my-project/vllm/vllm/v1/engine/core.py", line 1224, in run_engine_core
(EngineCore_DP7 pid=233092)     engine_core.run_busy_loop()
(EngineCore_DP7 pid=233092)   File "/home/l00838859/cann/my-project/vllm/vllm/v1/engine/core.py", line 1943, in run_busy_loop
(EngineCore_DP7 pid=233092)     executed = self._process_engine_step()
(EngineCore_DP7 pid=233092)                ^^^^^^^^^^^^^^^^^^^^^^^^^^^
(EngineCore_DP7 pid=233092)   File "/home/l00838859/cann/my-project/vllm/vllm/v1/engine/core.py", line 1304, in _process_engine_step
(EngineCore_DP7 pid=233092)     outputs, model_executed = self.step_fn()
(EngineCore_DP7 pid=233092)                               ^^^^^^^^^^^^^^
(EngineCore_DP7 pid=233092)   File "/home/l00838859/cann/my-project/vllm/vllm/v1/engine/core.py", line 595, in step_with_batch_queue
(EngineCore_DP7 pid=233092)     model_output = future.result()
(EngineCore_DP7 pid=233092)                    ^^^^^^^^^^^^^^^
(EngineCore_DP7 pid=233092)   File "/home/l00838859/cann/my-project/vllm/vllm/v1/executor/multiproc_executor.py", line 91, in result
(EngineCore_DP7 pid=233092)     return super().result()
(EngineCore_DP7 pid=233092)            ^^^^^^^^^^^^^^^^
(EngineCore_DP7 pid=233092)   File "/usr/local/lib/python3.11/concurrent/futures/_base.py", line 449, in result
(EngineCore_DP7 pid=233092)     return self.__get_result()
(EngineCore_DP7 pid=233092)            ^^^^^^^^^^^^^^^^^^^
(EngineCore_DP7 pid=233092)   File "/usr/local/lib/python3.11/concurrent/futures/_base.py", line 401, in __get_result
(EngineCore_DP7 pid=233092)     raise self._exception
(EngineCore_DP7 pid=233092)   File "/home/l00838859/cann/my-project/vllm/vllm/v1/executor/multiproc_executor.py", line 95, in _wait_for_response
(EngineCore_DP7 pid=233092)     response = self.aggregate(self.get_response())
(EngineCore_DP7 pid=233092)                               ^^^^^^^^^^^^^^^^^^^
(EngineCore_DP7 pid=233092)   File "/home/l00838859/cann/my-project/vllm/vllm/v1/executor/multiproc_executor.py", line 394, in get_response
(EngineCore_DP7 pid=233092)     raise RuntimeError(
(EngineCore_DP7 pid=233092) RuntimeError: Worker failed with error 'synchronize:../torch_npu/csrc/core/npu/NPUEvent.cpp:212 NPU function error: aclrtSynchronizeEvent(event_), error code is 107020
(EngineCore_DP7 pid=233092) [ERROR] 2026-07-27-15:49:47 (PID:233534, Device:14, RankID:-1) ERR00100 PTA call acl api failed.
(EngineCore_DP7 pid=233092) EE9999: Inner Error!
(EngineCore_DP7 pid=233092) EE9999[PID: 233534] 2026-07-27-15:49:47.604.993 (EE9999):  The error from device(chipId:7, dieId:0), serial number is 20, event wait timeout occurred during task execution, stream_id:44, sq_id:5, task_id:4, event_id=189, timeout=234s.[FUNC:ProcessStarsWaitTimeoutErrorInfo][FILE:device_error_proc.cc][LINE:1593]
(EngineCore_DP7 pid=233092)         TraceBack (most recent call last):
(EngineCore_DP7 pid=233092)        rtEventSynchronize execution failed, reason=task timeout[FUNC:FuncErrorReason][FILE:error_message_manage.cc][LINE:65]
(EngineCore_DP7 pid=233092)        wait event to be complete failed, runtime result = 107020[FUNC:ReportCallError][FILE:log_inner.cpp][LINE:148]
(EngineCore_DP7 pid=233092) ', please check the stack trace above for the root cause
WARNING 07-27 15:50:01 [utils.py:626] [shutdown] Process manager: force killing remaining processes count=1
Process Process-8:
Traceback (most recent call last):
  File "/usr/local/lib/python3.11/multiprocessing/process.py", line 314, in _bootstrap
    self.run()
  File "/usr/local/lib/python3.11/multiprocessing/process.py", line 108, in run
    self._target(*self._args, **self._kwargs)
  File "/home/l00838859/cann/vllm-runner/data_parallel.py", line 236, in run_vllm_main
    outputs = llm.generate(rank_prompts, sampling_params)
              ^^^^^^^^^^^^^^^^^^^^^^^^^^^^^^^^^^^^^^^^^^^
  File "/home/l00838859/cann/my-project/vllm/vllm/entrypoints/llm.py", line 476, in generate
    return self._run_completion(
           ^^^^^^^^^^^^^^^^^^^^^
  File "/home/l00838859/cann/my-project/vllm/vllm/entrypoints/offline_utils.py", line 349, in _run_completion
    return self._run_engine(use_tqdm=use_tqdm, output_type=output_type)
           ^^^^^^^^^^^^^^^^^^^^^^^^^^^^^^^^^^^^^^^^^^^^^^^^^^^^^^^^^^^^
  File "/home/l00838859/cann/my-project/vllm/vllm/entrypoints/offline_utils.py", line 595, in _run_engine
    step_outputs = self.llm_engine.step()
                   ^^^^^^^^^^^^^^^^^^^^^^
  File "/home/l00838859/cann/my-project/vllm/vllm/v1/engine/llm_engine.py", line 304, in step
    outputs = self.engine_core.get_output()
              ^^^^^^^^^^^^^^^^^^^^^^^^^^^^^
  File "/home/l00838859/cann/my-project/vllm/vllm/v1/engine/core_client.py", line 856, in get_output
    raise self._format_exception(outputs) from None
vllm.v1.engine.exceptions.EngineDeadError: EngineCore encountered an issue. See stack trace (above) for the root cause.

Processed prompts:   0%|          | 0/1 [04:32<?, ?it/s, est. speed input: 0.00 toks/s, output: 0.00 toks/s]
/usr/local/lib/python3.11/multiprocessing/resource_tracker.py:254: UserWarning: resource_tracker: There appear to be 3 leaked shared_memory objects to clean up at shutdown
  warnings.warn('resource_tracker: There appear to be %d '
(EngineCore_DP6 pid=233091) WARNING 07-27 15:50:02 [multiproc_executor.py:451] [shutdown] Executor: workers still running after SIGTERM; sending SIGKILL count=2
(EngineCore_DP6 pid=233091) WARNING 07-27 15:50:03 [parallel_state.py:2131] torch._C._host_emptyCache() only available in Pytorch >=2.5
(EngineCore_DP6 pid=233091) Process EngineCore_DP6:
(EngineCore_DP6 pid=233091) Traceback (most recent call last):
(EngineCore_DP6 pid=233091)   File "/usr/local/lib/python3.11/multiprocessing/process.py", line 314, in _bootstrap
(EngineCore_DP6 pid=233091)     self.run()
(EngineCore_DP6 pid=233091)   File "/usr/local/lib/python3.11/multiprocessing/process.py", line 108, in run
(EngineCore_DP6 pid=233091)     self._target(*self._args, **self._kwargs)
(EngineCore_DP6 pid=233091)   File "/home/l00838859/cann/my-project/vllm-ascend/vllm_ascend/patch/platform/patch_balance_schedule.py", line 896, in _balance_run_engine_core
(EngineCore_DP6 pid=233091)     return _OriginalRunEngineCore(*args, dp_rank=dp_rank, local_dp_rank=local_dp_rank, **kwargs)
(EngineCore_DP6 pid=233091)            ^^^^^^^^^^^^^^^^^^^^^^^^^^^^^^^^^^^^^^^^^^^^^^^^^^^^^^^^^^^^^^^^^^^^^^^^^^^^^^^^^^^^^
(EngineCore_DP6 pid=233091)   File "/home/l00838859/cann/my-project/vllm/vllm/v1/engine/core.py", line 1235, in run_engine_core
(EngineCore_DP6 pid=233091)     raise e
(EngineCore_DP6 pid=233091)   File "/home/l00838859/cann/my-project/vllm/vllm/v1/engine/core.py", line 1224, in run_engine_core
(EngineCore_DP6 pid=233091)     engine_core.run_busy_loop()
(EngineCore_DP6 pid=233091)   File "/home/l00838859/cann/my-project/vllm/vllm/v1/engine/core.py", line 1943, in run_busy_loop
(EngineCore_DP6 pid=233091)     executed = self._process_engine_step()
(EngineCore_DP6 pid=233091)                ^^^^^^^^^^^^^^^^^^^^^^^^^^^
(EngineCore_DP6 pid=233091)   File "/home/l00838859/cann/my-project/vllm/vllm/v1/engine/core.py", line 1304, in _process_engine_step
(EngineCore_DP6 pid=233091)     outputs, model_executed = self.step_fn()
(EngineCore_DP6 pid=233091)                               ^^^^^^^^^^^^^^
(EngineCore_DP6 pid=233091)   File "/home/l00838859/cann/my-project/vllm/vllm/v1/engine/core.py", line 595, in step_with_batch_queue
(EngineCore_DP6 pid=233091)     model_output = future.result()
(EngineCore_DP6 pid=233091)                    ^^^^^^^^^^^^^^^
(EngineCore_DP6 pid=233091)   File "/home/l00838859/cann/my-project/vllm/vllm/v1/executor/multiproc_executor.py", line 91, in result
(EngineCore_DP6 pid=233091)     return super().result()
(EngineCore_DP6 pid=233091)            ^^^^^^^^^^^^^^^^
(EngineCore_DP6 pid=233091)   File "/usr/local/lib/python3.11/concurrent/futures/_base.py", line 449, in result
(EngineCore_DP6 pid=233091)     return self.__get_result()
(EngineCore_DP6 pid=233091)            ^^^^^^^^^^^^^^^^^^^
(EngineCore_DP6 pid=233091)   File "/usr/local/lib/python3.11/concurrent/futures/_base.py", line 401, in __get_result
(EngineCore_DP6 pid=233091)     raise self._exception
(EngineCore_DP6 pid=233091)   File "/home/l00838859/cann/my-project/vllm/vllm/v1/executor/multiproc_executor.py", line 95, in _wait_for_response
(EngineCore_DP6 pid=233091)     response = self.aggregate(self.get_response())
(EngineCore_DP6 pid=233091)                               ^^^^^^^^^^^^^^^^^^^
(EngineCore_DP6 pid=233091)   File "/home/l00838859/cann/my-project/vllm/vllm/v1/executor/multiproc_executor.py", line 394, in get_response
(EngineCore_DP6 pid=233091)     raise RuntimeError(
(EngineCore_DP6 pid=233091) RuntimeError: Worker failed with error 'synchronize:../torch_npu/csrc/core/npu/NPUEvent.cpp:212 NPU function error: aclrtSynchronizeEvent(event_), error code is 107020
(EngineCore_DP6 pid=233091) [ERROR] 2026-07-27-15:49:53 (PID:233529, Device:12, RankID:-1) ERR00100 PTA call acl api failed.
(EngineCore_DP6 pid=233091) EE9999: Inner Error!
(EngineCore_DP6 pid=233091) EE9999[PID: 233529] 2026-07-27-15:49:53.643.807 (EE9999):  The error from device(chipId:6, dieId:0), serial number is 19, event wait timeout occurred during task execution, stream_id:44, sq_id:5, task_id:4, event_id=218, timeout=234s.[FUNC:ProcessStarsWaitTimeoutErrorInfo][FILE:device_error_proc.cc][LINE:1593]
(EngineCore_DP6 pid=233091)         TraceBack (most recent call last):
(EngineCore_DP6 pid=233091)        rtEventSynchronize execution failed, reason=task timeout[FUNC:FuncErrorReason][FILE:error_message_manage.cc][LINE:65]
(EngineCore_DP6 pid=233091)        wait event to be complete failed, runtime result = 107020[FUNC:ReportCallError][FILE:log_inner.cpp][LINE:148]
(EngineCore_DP6 pid=233091) ', please check the stack trace above for the root cause
WARNING 07-27 15:50:08 [utils.py:626] [shutdown] Process manager: force killing remaining processes count=1
Process Process-7:
Traceback (most recent call last):
  File "/usr/local/lib/python3.11/multiprocessing/process.py", line 314, in _bootstrap
    self.run()
  File "/usr/local/lib/python3.11/multiprocessing/process.py", line 108, in run
    self._target(*self._args, **self._kwargs)
  File "/home/l00838859/cann/vllm-runner/data_parallel.py", line 236, in run_vllm_main
    outputs = llm.generate(rank_prompts, sampling_params)
              ^^^^^^^^^^^^^^^^^^^^^^^^^^^^^^^^^^^^^^^^^^^
  File "/home/l00838859/cann/my-project/vllm/vllm/entrypoints/llm.py", line 476, in generate
    return self._run_completion(
           ^^^^^^^^^^^^^^^^^^^^^
  File "/home/l00838859/cann/my-project/vllm/vllm/entrypoints/offline_utils.py", line 349, in _run_completion
    return self._run_engine(use_tqdm=use_tqdm, output_type=output_type)
           ^^^^^^^^^^^^^^^^^^^^^^^^^^^^^^^^^^^^^^^^^^^^^^^^^^^^^^^^^^^^
  File "/home/l00838859/cann/my-project/vllm/vllm/entrypoints/offline_utils.py", line 595, in _run_engine
    step_outputs = self.llm_engine.step()
                   ^^^^^^^^^^^^^^^^^^^^^^
  File "/home/l00838859/cann/my-project/vllm/vllm/v1/engine/llm_engine.py", line 304, in step
    outputs = self.engine_core.get_output()
              ^^^^^^^^^^^^^^^^^^^^^^^^^^^^^
  File "/home/l00838859/cann/my-project/vllm/vllm/v1/engine/core_client.py", line 856, in get_output
    raise self._format_exception(outputs) from None
vllm.v1.engine.exceptions.EngineDeadError: EngineCore encountered an issue. See stack trace (above) for the root cause.

Processed prompts:   0%|          | 0/1 [04:39<?, ?it/s, est. speed input: 0.00 toks/s, output: 0.00 toks/s]
failed pid=233035 code=1
failed pid=233037 code=1
/usr/local/lib/python3.11/multiprocessing/resource_tracker.py:254: UserWarning: resource_tracker: There appear to be 3 leaked shared_memory objects to clean up at shutdown
  warnings.warn('resource_tracker: There appear to be %d '
