INFO 07-27 19:27:51 [__init__.py:52] Available plugins for group vllm.platform_plugins:
INFO 07-27 19:27:51 [__init__.py:54] - ascend -> vllm_ascend:register
INFO 07-27 19:27:51 [__init__.py:57] All plugins in this group will be loaded. Set `VLLM_PLUGINS` to control which plugins to load.
INFO 07-27 19:27:51 [__init__.py:237] Platform plugin ascend is activated
INFO 07-27 19:27:51 [platform.py:61] Breakable cudagraph is force disabled on Ascend because DeepSeek V4 PIECEWISE cudagraph is not supported yet.
killed pid=337293 pattern=python
killed pid=337339 pattern=python
removed fusion_result.json
removed /root/ascend/log
removed /root/atb/log
model=/mnt/weights/DeepSeek-V3.1-Terminus-w8a8-QuaRot-lfs dp=8 tp=2 node_size=1 node_rank=0
os.environ['VLLM_USE_BREAKABLE_CUDAGRAPH']='0'
os.environ['VLLM_USE_BREAKABLE_CUDAGRAPH']='0'
os.environ['VLLM_USE_BREAKABLE_CUDAGRAPH']='0'
os.environ['VLLM_USE_BREAKABLE_CUDAGRAPH']='0'
2026-07-27 19:27:55,570 - 337394 - ServiceProfiler - INFO - VLLM_USE_V1 not set, auto-detected via vLLM 0.1.dev18654+g54503ecec.empty: default 0
2026-07-27 19:27:55,580 - 337396 - ServiceProfiler - INFO - VLLM_USE_V1 not set, auto-detected via vLLM 0.1.dev18654+g54503ecec.empty: default 0
2026-07-27 19:27:55,593 - 337398 - ServiceProfiler - INFO - VLLM_USE_V1 not set, auto-detected via vLLM 0.1.dev18654+g54503ecec.empty: default 0
os.environ['VLLM_USE_BREAKABLE_CUDAGRAPH']='0'
2026-07-27 19:27:55,621 - 337400 - ServiceProfiler - INFO - VLLM_USE_V1 not set, auto-detected via vLLM 0.1.dev18654+g54503ecec.empty: default 0
os.environ['VLLM_USE_BREAKABLE_CUDAGRAPH']='0'
2026-07-27 19:27:55,638 - 337402 - ServiceProfiler - INFO - VLLM_USE_V1 not set, auto-detected via vLLM 0.1.dev18654+g54503ecec.empty: default 0
os.environ['VLLM_USE_BREAKABLE_CUDAGRAPH']='0'
2026-07-27 19:27:55,670 - 337404 - ServiceProfiler - INFO - VLLM_USE_V1 not set, auto-detected via vLLM 0.1.dev18654+g54503ecec.empty: default 0
os.environ['VLLM_USE_BREAKABLE_CUDAGRAPH']='0'
2026-07-27 19:27:55,701 - 337406 - ServiceProfiler - INFO - VLLM_USE_V1 not set, auto-detected via vLLM 0.1.dev18654+g54503ecec.empty: default 0
2026-07-27 19:27:55,730 - 337408 - ServiceProfiler - INFO - VLLM_USE_V1 not set, auto-detected via vLLM 0.1.dev18654+g54503ecec.empty: default 0
INFO 07-27 19:27:56 [__init__.py:112] Registered model loader `<class 'vllm_ascend.model_loader.netloader.netloader.ModelNetLoaderElastic'>` with load format `netloader`
INFO 07-27 19:27:56 [__init__.py:112] Registered model loader `<class 'vllm_ascend.model_loader.netloader.netloader.ModelNetLoaderElastic'>` with load format `netloader`
INFO 07-27 19:27:56 [__init__.py:112] Registered model loader `<class 'vllm_ascend.model_loader.netloader.netloader.ModelNetLoaderElastic'>` with load format `netloader`
INFO 07-27 19:27:56 [__init__.py:112] Registered model loader `<class 'vllm_ascend.model_loader.rfork.rfork_loader.RForkModelLoader'>` with load format `rfork`
INFO 07-27 19:27:56 [__init__.py:112] Registered model loader `<class 'vllm_ascend.model_loader.rfork.rfork_loader.RForkModelLoader'>` with load format `rfork`
INFO 07-27 19:27:56 [__init__.py:112] Registered model loader `<class 'vllm_ascend.model_loader.rfork.rfork_loader.RForkModelLoader'>` with load format `rfork`
INFO 07-27 19:27:56 [api_utils.py:273] non-default args: {'trust_remote_code': True, 'seed': 1024, 'max_model_len': 4096, 'tensor_parallel_size': 2, 'enable_expert_parallel': True, 'enable_prefix_caching': False, 'gpu_memory_utilization': 0.9, 'max_num_batched_tokens': 256, 'max_num_seqs': 16, 'quantization': 'ascend', 'speculative_config': {'method': 'mtp', 'num_speculative_tokens': 2}, 'compilation_config': {'mode': None, 'debug_dump_path': PosixPath('fx-graph'), 'cache_dir': '', 'compile_cache_save_format': 'binary', 'backend': 'vllm_ascend.compilation.compiler_interface.AscendCompiler', 'custom_ops': [], 'ir_enable_torch_wrap': None, 'splitting_ops': None, 'compile_mm_encoder': False, 'cudagraph_mm_encoder': False, 'encoder_cudagraph_token_budgets': [], 'encoder_cudagraph_max_vision_items_per_batch': 0, 'encoder_cudagraph_max_frames_per_batch': None, 'compile_sizes': None, 'compile_ranges_endpoints': None, 'inductor_compile_config': {'enable_auto_functionalized_v2': False, 'size_asserts': False, 'alignment_asserts': False, 'scalar_asserts': False, 'combo_kernels': True, 'benchmark_combo_kernel': True}, 'inductor_passes': {}, 'cudagraph_mode': <CUDAGraphMode.FULL_DECODE_ONLY: (2, 0)>, 'cudagraph_num_of_warmups': 0, 'cudagraph_capture_sizes': [3, 48], 'cudagraph_copy_inputs': False, 'cudagraph_specialize_lora': True, 'use_inductor_graph_partition': None, 'pass_config': {}, 'max_cudagraph_capture_size': None, 'dynamic_shapes_config': {'type': <DynamicShapesType.BACKED: 'backed'>, 'evaluate_guards': False, 'assume_32_bit_indexing': False}, 'local_cache_dir': None, 'fast_moe_cold_start': None, 'static_all_moe_layers': []}, 'additional_config': {'finegrained_tp_config': {'lmhead_tensor_parallel_size': 2}, 'multistream_overlap_shared_expert': True}, 'model': '/mnt/weights/DeepSeek-V3.1-Terminus-w8a8-QuaRot-lfs'}
INFO 07-27 19:27:56 [api_utils.py:273] non-default args: {'trust_remote_code': True, 'seed': 1024, 'max_model_len': 4096, 'tensor_parallel_size': 2, 'enable_expert_parallel': True, 'enable_prefix_caching': False, 'gpu_memory_utilization': 0.9, 'max_num_batched_tokens': 256, 'max_num_seqs': 16, 'quantization': 'ascend', 'speculative_config': {'method': 'mtp', 'num_speculative_tokens': 2}, 'compilation_config': {'mode': None, 'debug_dump_path': PosixPath('fx-graph'), 'cache_dir': '', 'compile_cache_save_format': 'binary', 'backend': 'vllm_ascend.compilation.compiler_interface.AscendCompiler', 'custom_ops': [], 'ir_enable_torch_wrap': None, 'splitting_ops': None, 'compile_mm_encoder': False, 'cudagraph_mm_encoder': False, 'encoder_cudagraph_token_budgets': [], 'encoder_cudagraph_max_vision_items_per_batch': 0, 'encoder_cudagraph_max_frames_per_batch': None, 'compile_sizes': None, 'compile_ranges_endpoints': None, 'inductor_compile_config': {'enable_auto_functionalized_v2': False, 'size_asserts': False, 'alignment_asserts': False, 'scalar_asserts': False, 'combo_kernels': True, 'benchmark_combo_kernel': True}, 'inductor_passes': {}, 'cudagraph_mode': <CUDAGraphMode.FULL_DECODE_ONLY: (2, 0)>, 'cudagraph_num_of_warmups': 0, 'cudagraph_capture_sizes': [3, 48], 'cudagraph_copy_inputs': False, 'cudagraph_specialize_lora': True, 'use_inductor_graph_partition': None, 'pass_config': {}, 'max_cudagraph_capture_size': None, 'dynamic_shapes_config': {'type': <DynamicShapesType.BACKED: 'backed'>, 'evaluate_guards': False, 'assume_32_bit_indexing': False}, 'local_cache_dir': None, 'fast_moe_cold_start': None, 'static_all_moe_layers': []}, 'additional_config': {'finegrained_tp_config': {'lmhead_tensor_parallel_size': 2}, 'multistream_overlap_shared_expert': True}, 'model': '/mnt/weights/DeepSeek-V3.1-Terminus-w8a8-QuaRot-lfs'}
INFO 07-27 19:27:56 [api_utils.py:273] non-default args: {'trust_remote_code': True, 'seed': 1024, 'max_model_len': 4096, 'tensor_parallel_size': 2, 'enable_expert_parallel': True, 'enable_prefix_caching': False, 'gpu_memory_utilization': 0.9, 'max_num_batched_tokens': 256, 'max_num_seqs': 16, 'quantization': 'ascend', 'speculative_config': {'method': 'mtp', 'num_speculative_tokens': 2}, 'compilation_config': {'mode': None, 'debug_dump_path': PosixPath('fx-graph'), 'cache_dir': '', 'compile_cache_save_format': 'binary', 'backend': 'vllm_ascend.compilation.compiler_interface.AscendCompiler', 'custom_ops': [], 'ir_enable_torch_wrap': None, 'splitting_ops': None, 'compile_mm_encoder': False, 'cudagraph_mm_encoder': False, 'encoder_cudagraph_token_budgets': [], 'encoder_cudagraph_max_vision_items_per_batch': 0, 'encoder_cudagraph_max_frames_per_batch': None, 'compile_sizes': None, 'compile_ranges_endpoints': None, 'inductor_compile_config': {'enable_auto_functionalized_v2': False, 'size_asserts': False, 'alignment_asserts': False, 'scalar_asserts': False, 'combo_kernels': True, 'benchmark_combo_kernel': True}, 'inductor_passes': {}, 'cudagraph_mode': <CUDAGraphMode.FULL_DECODE_ONLY: (2, 0)>, 'cudagraph_num_of_warmups': 0, 'cudagraph_capture_sizes': [3, 48], 'cudagraph_copy_inputs': False, 'cudagraph_specialize_lora': True, 'use_inductor_graph_partition': None, 'pass_config': {}, 'max_cudagraph_capture_size': None, 'dynamic_shapes_config': {'type': <DynamicShapesType.BACKED: 'backed'>, 'evaluate_guards': False, 'assume_32_bit_indexing': False}, 'local_cache_dir': None, 'fast_moe_cold_start': None, 'static_all_moe_layers': []}, 'additional_config': {'finegrained_tp_config': {'lmhead_tensor_parallel_size': 2}, 'multistream_overlap_shared_expert': True}, 'model': '/mnt/weights/DeepSeek-V3.1-Terminus-w8a8-QuaRot-lfs'}
INFO 07-27 19:27:56 [__init__.py:112] Registered model loader `<class 'vllm_ascend.model_loader.netloader.netloader.ModelNetLoaderElastic'>` with load format `netloader`
INFO 07-27 19:27:56 [__init__.py:112] Registered model loader `<class 'vllm_ascend.model_loader.netloader.netloader.ModelNetLoaderElastic'>` with load format `netloader`
WARNING 07-27 19:27:56 [envs.py:2082] Unknown vLLM environment variable detected: VLLM_ASCEND_ENABLE_MLAPO
WARNING 07-27 19:27:56 [envs.py:2082] Unknown vLLM environment variable detected: VLLM_ASCEND_ENABLE_MLAPO
WARNING 07-27 19:27:56 [envs.py:2082] Unknown vLLM environment variable detected: VLLM_ASCEND_ENABLE_MLAPO
INFO 07-27 19:27:56 [__init__.py:112] Registered model loader `<class 'vllm_ascend.model_loader.rfork.rfork_loader.RForkModelLoader'>` with load format `rfork`
INFO 07-27 19:27:56 [__init__.py:112] Registered model loader `<class 'vllm_ascend.model_loader.rfork.rfork_loader.RForkModelLoader'>` with load format `rfork`
INFO 07-27 19:27:56 [model.py:619] Resolved architecture: DeepseekV3ForCausalLM
INFO 07-27 19:27:56 [model.py:619] Resolved architecture: DeepseekV3ForCausalLM
INFO 07-27 19:27:56 [model.py:1776] Using max model len 4096
INFO 07-27 19:27:56 [model.py:1776] Using max model len 4096
INFO 07-27 19:27:56 [api_utils.py:273] non-default args: {'trust_remote_code': True, 'seed': 1024, 'max_model_len': 4096, 'tensor_parallel_size': 2, 'enable_expert_parallel': True, 'enable_prefix_caching': False, 'gpu_memory_utilization': 0.9, 'max_num_batched_tokens': 256, 'max_num_seqs': 16, 'quantization': 'ascend', 'speculative_config': {'method': 'mtp', 'num_speculative_tokens': 2}, 'compilation_config': {'mode': None, 'debug_dump_path': PosixPath('fx-graph'), 'cache_dir': '', 'compile_cache_save_format': 'binary', 'backend': 'vllm_ascend.compilation.compiler_interface.AscendCompiler', 'custom_ops': [], 'ir_enable_torch_wrap': None, 'splitting_ops': None, 'compile_mm_encoder': False, 'cudagraph_mm_encoder': False, 'encoder_cudagraph_token_budgets': [], 'encoder_cudagraph_max_vision_items_per_batch': 0, 'encoder_cudagraph_max_frames_per_batch': None, 'compile_sizes': None, 'compile_ranges_endpoints': None, 'inductor_compile_config': {'enable_auto_functionalized_v2': False, 'size_asserts': False, 'alignment_asserts': False, 'scalar_asserts': False, 'combo_kernels': True, 'benchmark_combo_kernel': True}, 'inductor_passes': {}, 'cudagraph_mode': <CUDAGraphMode.FULL_DECODE_ONLY: (2, 0)>, 'cudagraph_num_of_warmups': 0, 'cudagraph_capture_sizes': [3, 48], 'cudagraph_copy_inputs': False, 'cudagraph_specialize_lora': True, 'use_inductor_graph_partition': None, 'pass_config': {}, 'max_cudagraph_capture_size': None, 'dynamic_shapes_config': {'type': <DynamicShapesType.BACKED: 'backed'>, 'evaluate_guards': False, 'assume_32_bit_indexing': False}, 'local_cache_dir': None, 'fast_moe_cold_start': None, 'static_all_moe_layers': []}, 'additional_config': {'finegrained_tp_config': {'lmhead_tensor_parallel_size': 2}, 'multistream_overlap_shared_expert': True}, 'model': '/mnt/weights/DeepSeek-V3.1-Terminus-w8a8-QuaRot-lfs'}
INFO 07-27 19:27:56 [model.py:619] Resolved architecture: DeepseekV3ForCausalLM
INFO 07-27 19:27:56 [model.py:1776] Using max model len 4096
INFO 07-27 19:27:56 [api_utils.py:273] non-default args: {'trust_remote_code': True, 'seed': 1024, 'max_model_len': 4096, 'tensor_parallel_size': 2, 'enable_expert_parallel': True, 'enable_prefix_caching': False, 'gpu_memory_utilization': 0.9, 'max_num_batched_tokens': 256, 'max_num_seqs': 16, 'quantization': 'ascend', 'speculative_config': {'method': 'mtp', 'num_speculative_tokens': 2}, 'compilation_config': {'mode': None, 'debug_dump_path': PosixPath('fx-graph'), 'cache_dir': '', 'compile_cache_save_format': 'binary', 'backend': 'vllm_ascend.compilation.compiler_interface.AscendCompiler', 'custom_ops': [], 'ir_enable_torch_wrap': None, 'splitting_ops': None, 'compile_mm_encoder': False, 'cudagraph_mm_encoder': False, 'encoder_cudagraph_token_budgets': [], 'encoder_cudagraph_max_vision_items_per_batch': 0, 'encoder_cudagraph_max_frames_per_batch': None, 'compile_sizes': None, 'compile_ranges_endpoints': None, 'inductor_compile_config': {'enable_auto_functionalized_v2': False, 'size_asserts': False, 'alignment_asserts': False, 'scalar_asserts': False, 'combo_kernels': True, 'benchmark_combo_kernel': True}, 'inductor_passes': {}, 'cudagraph_mode': <CUDAGraphMode.FULL_DECODE_ONLY: (2, 0)>, 'cudagraph_num_of_warmups': 0, 'cudagraph_capture_sizes': [3, 48], 'cudagraph_copy_inputs': False, 'cudagraph_specialize_lora': True, 'use_inductor_graph_partition': None, 'pass_config': {}, 'max_cudagraph_capture_size': None, 'dynamic_shapes_config': {'type': <DynamicShapesType.BACKED: 'backed'>, 'evaluate_guards': False, 'assume_32_bit_indexing': False}, 'local_cache_dir': None, 'fast_moe_cold_start': None, 'static_all_moe_layers': []}, 'additional_config': {'finegrained_tp_config': {'lmhead_tensor_parallel_size': 2}, 'multistream_overlap_shared_expert': True}, 'model': '/mnt/weights/DeepSeek-V3.1-Terminus-w8a8-QuaRot-lfs'}
INFO 07-27 19:27:56 [__init__.py:112] Registered model loader `<class 'vllm_ascend.model_loader.netloader.netloader.ModelNetLoaderElastic'>` with load format `netloader`
INFO 07-27 19:27:56 [model.py:619] Resolved architecture: DeepSeekMTPModel
INFO 07-27 19:27:56 [model.py:619] Resolved architecture: DeepSeekMTPModel
INFO 07-27 19:27:56 [model.py:1776] Using max model len 163840
INFO 07-27 19:27:56 [model.py:1776] Using max model len 163840
WARNING 07-27 19:27:56 [speculative.py:868] Enabling num_speculative_tokens > 1 will run multiple times of forward on same MTP layer,which may result in lower acceptance rate
WARNING 07-27 19:27:56 [speculative.py:868] Enabling num_speculative_tokens > 1 will run multiple times of forward on same MTP layer,which may result in lower acceptance rate
INFO 07-27 19:27:56 [speculative.py:1067] Overriding draft model max model len from 163840 to 4096
INFO 07-27 19:27:56 [speculative.py:1067] Overriding draft model max model len from 163840 to 4096
INFO 07-27 19:27:56 [scheduler.py:252] Chunked prefill is enabled with max_num_batched_tokens=256.
INFO 07-27 19:27:56 [scheduler.py:252] Chunked prefill is enabled with max_num_batched_tokens=256.
INFO 07-27 19:27:56 [model.py:619] Resolved architecture: DeepSeekMTPModel
INFO 07-27 19:27:56 [model.py:1776] Using max model len 163840
WARNING 07-27 19:27:56 [speculative.py:868] Enabling num_speculative_tokens > 1 will run multiple times of forward on same MTP layer,which may result in lower acceptance rate
INFO 07-27 19:27:56 [speculative.py:1067] Overriding draft model max model len from 163840 to 4096
INFO 07-27 19:27:56 [scheduler.py:252] Chunked prefill is enabled with max_num_batched_tokens=256.
INFO 07-27 19:27:56 [__init__.py:112] Registered model loader `<class 'vllm_ascend.model_loader.rfork.rfork_loader.RForkModelLoader'>` with load format `rfork`
INFO 07-27 19:27:56 [__init__.py:112] Registered model loader `<class 'vllm_ascend.model_loader.netloader.netloader.ModelNetLoaderElastic'>` with load format `netloader`
INFO 07-27 19:27:56 [api_utils.py:273] non-default args: {'trust_remote_code': True, 'seed': 1024, 'max_model_len': 4096, 'tensor_parallel_size': 2, 'enable_expert_parallel': True, 'enable_prefix_caching': False, 'gpu_memory_utilization': 0.9, 'max_num_batched_tokens': 256, 'max_num_seqs': 16, 'quantization': 'ascend', 'speculative_config': {'method': 'mtp', 'num_speculative_tokens': 2}, 'compilation_config': {'mode': None, 'debug_dump_path': PosixPath('fx-graph'), 'cache_dir': '', 'compile_cache_save_format': 'binary', 'backend': 'vllm_ascend.compilation.compiler_interface.AscendCompiler', 'custom_ops': [], 'ir_enable_torch_wrap': None, 'splitting_ops': None, 'compile_mm_encoder': False, 'cudagraph_mm_encoder': False, 'encoder_cudagraph_token_budgets': [], 'encoder_cudagraph_max_vision_items_per_batch': 0, 'encoder_cudagraph_max_frames_per_batch': None, 'compile_sizes': None, 'compile_ranges_endpoints': None, 'inductor_compile_config': {'enable_auto_functionalized_v2': False, 'size_asserts': False, 'alignment_asserts': False, 'scalar_asserts': False, 'combo_kernels': True, 'benchmark_combo_kernel': True}, 'inductor_passes': {}, 'cudagraph_mode': <CUDAGraphMode.FULL_DECODE_ONLY: (2, 0)>, 'cudagraph_num_of_warmups': 0, 'cudagraph_capture_sizes': [3, 48], 'cudagraph_copy_inputs': False, 'cudagraph_specialize_lora': True, 'use_inductor_graph_partition': None, 'pass_config': {}, 'max_cudagraph_capture_size': None, 'dynamic_shapes_config': {'type': <DynamicShapesType.BACKED: 'backed'>, 'evaluate_guards': False, 'assume_32_bit_indexing': False}, 'local_cache_dir': None, 'fast_moe_cold_start': None, 'static_all_moe_layers': []}, 'additional_config': {'finegrained_tp_config': {'lmhead_tensor_parallel_size': 2}, 'multistream_overlap_shared_expert': True}, 'model': '/mnt/weights/DeepSeek-V3.1-Terminus-w8a8-QuaRot-lfs'}
INFO 07-27 19:27:56 [__init__.py:112] Registered model loader `<class 'vllm_ascend.model_loader.rfork.rfork_loader.RForkModelLoader'>` with load format `rfork`
WARNING 07-27 19:27:56 [envs.py:2082] Unknown vLLM environment variable detected: VLLM_ASCEND_ENABLE_MLAPO
WARNING 07-27 19:27:56 [envs.py:2082] Unknown vLLM environment variable detected: VLLM_ASCEND_ENABLE_MLAPO
INFO 07-27 19:27:56 [api_utils.py:273] non-default args: {'trust_remote_code': True, 'seed': 1024, 'max_model_len': 4096, 'tensor_parallel_size': 2, 'enable_expert_parallel': True, 'enable_prefix_caching': False, 'gpu_memory_utilization': 0.9, 'max_num_batched_tokens': 256, 'max_num_seqs': 16, 'quantization': 'ascend', 'speculative_config': {'method': 'mtp', 'num_speculative_tokens': 2}, 'compilation_config': {'mode': None, 'debug_dump_path': PosixPath('fx-graph'), 'cache_dir': '', 'compile_cache_save_format': 'binary', 'backend': 'vllm_ascend.compilation.compiler_interface.AscendCompiler', 'custom_ops': [], 'ir_enable_torch_wrap': None, 'splitting_ops': None, 'compile_mm_encoder': False, 'cudagraph_mm_encoder': False, 'encoder_cudagraph_token_budgets': [], 'encoder_cudagraph_max_vision_items_per_batch': 0, 'encoder_cudagraph_max_frames_per_batch': None, 'compile_sizes': None, 'compile_ranges_endpoints': None, 'inductor_compile_config': {'enable_auto_functionalized_v2': False, 'size_asserts': False, 'alignment_asserts': False, 'scalar_asserts': False, 'combo_kernels': True, 'benchmark_combo_kernel': True}, 'inductor_passes': {}, 'cudagraph_mode': <CUDAGraphMode.FULL_DECODE_ONLY: (2, 0)>, 'cudagraph_num_of_warmups': 0, 'cudagraph_capture_sizes': [3, 48], 'cudagraph_copy_inputs': False, 'cudagraph_specialize_lora': True, 'use_inductor_graph_partition': None, 'pass_config': {}, 'max_cudagraph_capture_size': None, 'dynamic_shapes_config': {'type': <DynamicShapesType.BACKED: 'backed'>, 'evaluate_guards': False, 'assume_32_bit_indexing': False}, 'local_cache_dir': None, 'fast_moe_cold_start': None, 'static_all_moe_layers': []}, 'additional_config': {'finegrained_tp_config': {'lmhead_tensor_parallel_size': 2}, 'multistream_overlap_shared_expert': True}, 'model': '/mnt/weights/DeepSeek-V3.1-Terminus-w8a8-QuaRot-lfs'}
INFO 07-27 19:27:56 [model.py:619] Resolved architecture: DeepseekV3ForCausalLM
INFO 07-27 19:27:56 [model.py:1776] Using max model len 4096
INFO 07-27 19:27:56 [model.py:619] Resolved architecture: DeepseekV3ForCausalLM
INFO 07-27 19:27:56 [model.py:1776] Using max model len 4096
INFO 07-27 19:27:56 [model.py:619] Resolved architecture: DeepSeekMTPModel
INFO 07-27 19:27:56 [model.py:1776] Using max model len 163840
WARNING 07-27 19:27:56 [speculative.py:868] Enabling num_speculative_tokens > 1 will run multiple times of forward on same MTP layer,which may result in lower acceptance rate
INFO 07-27 19:27:56 [speculative.py:1067] Overriding draft model max model len from 163840 to 4096
INFO 07-27 19:27:56 [scheduler.py:252] Chunked prefill is enabled with max_num_batched_tokens=256.
INFO 07-27 19:27:56 [model.py:619] Resolved architecture: DeepSeekMTPModel
INFO 07-27 19:27:56 [model.py:1776] Using max model len 163840
WARNING 07-27 19:27:56 [speculative.py:868] Enabling num_speculative_tokens > 1 will run multiple times of forward on same MTP layer,which may result in lower acceptance rate
INFO 07-27 19:27:56 [speculative.py:1067] Overriding draft model max model len from 163840 to 4096
INFO 07-27 19:27:56 [scheduler.py:252] Chunked prefill is enabled with max_num_batched_tokens=256.
INFO 07-27 19:27:56 [__init__.py:112] Registered model loader `<class 'vllm_ascend.model_loader.netloader.netloader.ModelNetLoaderElastic'>` with load format `netloader`
WARNING 07-27 19:27:56 [envs.py:2082] Unknown vLLM environment variable detected: VLLM_ASCEND_ENABLE_MLAPO
INFO 07-27 19:27:56 [__init__.py:112] Registered model loader `<class 'vllm_ascend.model_loader.rfork.rfork_loader.RForkModelLoader'>` with load format `rfork`
INFO 07-27 19:27:56 [model.py:619] Resolved architecture: DeepseekV3ForCausalLM
INFO 07-27 19:27:56 [model.py:1776] Using max model len 4096
INFO 07-27 19:27:56 [api_utils.py:273] non-default args: {'trust_remote_code': True, 'seed': 1024, 'max_model_len': 4096, 'tensor_parallel_size': 2, 'enable_expert_parallel': True, 'enable_prefix_caching': False, 'gpu_memory_utilization': 0.9, 'max_num_batched_tokens': 256, 'max_num_seqs': 16, 'quantization': 'ascend', 'speculative_config': {'method': 'mtp', 'num_speculative_tokens': 2}, 'compilation_config': {'mode': None, 'debug_dump_path': PosixPath('fx-graph'), 'cache_dir': '', 'compile_cache_save_format': 'binary', 'backend': 'vllm_ascend.compilation.compiler_interface.AscendCompiler', 'custom_ops': [], 'ir_enable_torch_wrap': None, 'splitting_ops': None, 'compile_mm_encoder': False, 'cudagraph_mm_encoder': False, 'encoder_cudagraph_token_budgets': [], 'encoder_cudagraph_max_vision_items_per_batch': 0, 'encoder_cudagraph_max_frames_per_batch': None, 'compile_sizes': None, 'compile_ranges_endpoints': None, 'inductor_compile_config': {'enable_auto_functionalized_v2': False, 'size_asserts': False, 'alignment_asserts': False, 'scalar_asserts': False, 'combo_kernels': True, 'benchmark_combo_kernel': True}, 'inductor_passes': {}, 'cudagraph_mode': <CUDAGraphMode.FULL_DECODE_ONLY: (2, 0)>, 'cudagraph_num_of_warmups': 0, 'cudagraph_capture_sizes': [3, 48], 'cudagraph_copy_inputs': False, 'cudagraph_specialize_lora': True, 'use_inductor_graph_partition': None, 'pass_config': {}, 'max_cudagraph_capture_size': None, 'dynamic_shapes_config': {'type': <DynamicShapesType.BACKED: 'backed'>, 'evaluate_guards': False, 'assume_32_bit_indexing': False}, 'local_cache_dir': None, 'fast_moe_cold_start': None, 'static_all_moe_layers': []}, 'additional_config': {'finegrained_tp_config': {'lmhead_tensor_parallel_size': 2}, 'multistream_overlap_shared_expert': True}, 'model': '/mnt/weights/DeepSeek-V3.1-Terminus-w8a8-QuaRot-lfs'}
WARNING 07-27 19:27:56 [envs.py:2082] Unknown vLLM environment variable detected: VLLM_ASCEND_ENABLE_MLAPO
INFO 07-27 19:27:56 [model.py:619] Resolved architecture: DeepSeekMTPModel
INFO 07-27 19:27:56 [model.py:1776] Using max model len 163840
WARNING 07-27 19:27:56 [speculative.py:868] Enabling num_speculative_tokens > 1 will run multiple times of forward on same MTP layer,which may result in lower acceptance rate
INFO 07-27 19:27:56 [speculative.py:1067] Overriding draft model max model len from 163840 to 4096
INFO 07-27 19:27:56 [scheduler.py:252] Chunked prefill is enabled with max_num_batched_tokens=256.
INFO 07-27 19:27:56 [model.py:619] Resolved architecture: DeepseekV3ForCausalLM
INFO 07-27 19:27:56 [model.py:1776] Using max model len 4096
INFO 07-27 19:27:56 [model.py:619] Resolved architecture: DeepSeekMTPModel
INFO 07-27 19:27:56 [model.py:1776] Using max model len 163840
WARNING 07-27 19:27:56 [speculative.py:868] Enabling num_speculative_tokens > 1 will run multiple times of forward on same MTP layer,which may result in lower acceptance rate
INFO 07-27 19:27:56 [speculative.py:1067] Overriding draft model max model len from 163840 to 4096
INFO 07-27 19:27:56 [scheduler.py:252] Chunked prefill is enabled with max_num_batched_tokens=256.
WARNING 07-27 19:27:56 [envs.py:2082] Unknown vLLM environment variable detected: VLLM_ASCEND_ENABLE_MLAPO
INFO 07-27 19:27:56 [model.py:619] Resolved architecture: DeepseekV3ForCausalLM
INFO 07-27 19:27:56 [model.py:1776] Using max model len 4096
INFO 07-27 19:27:56 [model.py:619] Resolved architecture: DeepSeekMTPModel
INFO 07-27 19:27:56 [model.py:1776] Using max model len 163840
WARNING 07-27 19:27:56 [speculative.py:868] Enabling num_speculative_tokens > 1 will run multiple times of forward on same MTP layer,which may result in lower acceptance rate
INFO 07-27 19:27:56 [speculative.py:1067] Overriding draft model max model len from 163840 to 4096
INFO 07-27 19:27:56 [scheduler.py:252] Chunked prefill is enabled with max_num_batched_tokens=256.
INFO 07-27 19:27:57 [vllm.py:1090] Asynchronous scheduling is enabled.
INFO 07-27 19:27:57 [vllm.py:1100] Disabling NCCL for DP synchronization when using async scheduling.
INFO 07-27 19:27:57 [kernel.py:292] Final IR op priority after setting platform defaults: IrOpPriorityConfig(rms_norm=['native'], fused_add_rms_norm=['native'])
WARNING 07-27 19:27:57 [vllm.py:1697] max_num_scheduled_tokens is set to 256 based on the speculative decoding settings. This may lead to suboptimal performance. Consider increasing max_num_batched_tokens to accommodate the additional draft token slots, or decrease num_speculative_tokens or max_num_seqs.
WARNING 07-27 19:27:57 [platform.py:1043] GPU-specific parameter is not supported on Ascend. parameter=disable_cascade_attn, value=True, action: resetting to False.
WARNING 07-27 19:27:57 [platform.py:1101] Speculative quantization is set but Ascend automatically uses the main model's quantization method. parameter=quantization, action: resetting to None. 
INFO 07-27 19:27:57 [ascend_config.py:490] finegrained_tp_config enabled: lmhead_tensor_parallel_size=2
INFO 07-27 19:27:57 [ascend_config.py:824] Dynamic EPLB is False
INFO 07-27 19:27:57 [ascend_config.py:825] The number of redundant experts is 0
INFO 07-27 19:27:57 [ascend_config.py:289] AscendConfig.enable_mlapo falls back to environment variable VLLM_ASCEND_ENABLE_MLAPO with value True. Please use additional_config.enable_mlapo instead, because VLLM_ASCEND_ENABLE_MLAPO will be removed in the next release.
INFO 07-27 19:27:57 [vllm.py:1090] Asynchronous scheduling is enabled.
INFO 07-27 19:27:57 [vllm.py:1100] Disabling NCCL for DP synchronization when using async scheduling.
INFO 07-27 19:27:57 [kernel.py:292] Final IR op priority after setting platform defaults: IrOpPriorityConfig(rms_norm=['native'], fused_add_rms_norm=['native'])
WARNING 07-27 19:27:57 [vllm.py:1697] max_num_scheduled_tokens is set to 256 based on the speculative decoding settings. This may lead to suboptimal performance. Consider increasing max_num_batched_tokens to accommodate the additional draft token slots, or decrease num_speculative_tokens or max_num_seqs.
WARNING 07-27 19:27:57 [platform.py:1043] GPU-specific parameter is not supported on Ascend. parameter=disable_cascade_attn, value=True, action: resetting to False.
WARNING 07-27 19:27:57 [platform.py:1101] Speculative quantization is set but Ascend automatically uses the main model's quantization method. parameter=quantization, action: resetting to None. 
INFO 07-27 19:27:57 [ascend_config.py:490] finegrained_tp_config enabled: lmhead_tensor_parallel_size=2
INFO 07-27 19:27:57 [ascend_config.py:824] Dynamic EPLB is False
INFO 07-27 19:27:57 [ascend_config.py:825] The number of redundant experts is 0
INFO 07-27 19:27:57 [ascend_config.py:289] AscendConfig.enable_mlapo falls back to environment variable VLLM_ASCEND_ENABLE_MLAPO with value True. Please use additional_config.enable_mlapo instead, because VLLM_ASCEND_ENABLE_MLAPO will be removed in the next release.
INFO 07-27 19:27:57 [vllm.py:1090] Asynchronous scheduling is enabled.
INFO 07-27 19:27:57 [vllm.py:1100] Disabling NCCL for DP synchronization when using async scheduling.
INFO 07-27 19:27:57 [kernel.py:292] Final IR op priority after setting platform defaults: IrOpPriorityConfig(rms_norm=['native'], fused_add_rms_norm=['native'])
WARNING 07-27 19:27:57 [vllm.py:1697] max_num_scheduled_tokens is set to 256 based on the speculative decoding settings. This may lead to suboptimal performance. Consider increasing max_num_batched_tokens to accommodate the additional draft token slots, or decrease num_speculative_tokens or max_num_seqs.
WARNING 07-27 19:27:57 [platform.py:1043] GPU-specific parameter is not supported on Ascend. parameter=disable_cascade_attn, value=True, action: resetting to False.
WARNING 07-27 19:27:57 [platform.py:1101] Speculative quantization is set but Ascend automatically uses the main model's quantization method. parameter=quantization, action: resetting to None. 
INFO 07-27 19:27:57 [ascend_config.py:490] finegrained_tp_config enabled: lmhead_tensor_parallel_size=2
INFO 07-27 19:27:57 [ascend_config.py:824] Dynamic EPLB is False
INFO 07-27 19:27:57 [ascend_config.py:825] The number of redundant experts is 0
INFO 07-27 19:27:57 [ascend_config.py:289] AscendConfig.enable_mlapo falls back to environment variable VLLM_ASCEND_ENABLE_MLAPO with value True. Please use additional_config.enable_mlapo instead, because VLLM_ASCEND_ENABLE_MLAPO will be removed in the next release.
INFO 07-27 19:27:57 [vllm.py:1090] Asynchronous scheduling is enabled.
INFO 07-27 19:27:57 [vllm.py:1100] Disabling NCCL for DP synchronization when using async scheduling.
INFO 07-27 19:27:57 [kernel.py:292] Final IR op priority after setting platform defaults: IrOpPriorityConfig(rms_norm=['native'], fused_add_rms_norm=['native'])
WARNING 07-27 19:27:57 [vllm.py:1697] max_num_scheduled_tokens is set to 256 based on the speculative decoding settings. This may lead to suboptimal performance. Consider increasing max_num_batched_tokens to accommodate the additional draft token slots, or decrease num_speculative_tokens or max_num_seqs.
WARNING 07-27 19:27:57 [platform.py:1043] GPU-specific parameter is not supported on Ascend. parameter=disable_cascade_attn, value=True, action: resetting to False.
WARNING 07-27 19:27:57 [platform.py:1101] Speculative quantization is set but Ascend automatically uses the main model's quantization method. parameter=quantization, action: resetting to None. 
INFO 07-27 19:27:57 [ascend_config.py:490] finegrained_tp_config enabled: lmhead_tensor_parallel_size=2
INFO 07-27 19:27:57 [ascend_config.py:824] Dynamic EPLB is False
INFO 07-27 19:27:57 [ascend_config.py:825] The number of redundant experts is 0
INFO 07-27 19:27:57 [ascend_config.py:289] AscendConfig.enable_mlapo falls back to environment variable VLLM_ASCEND_ENABLE_MLAPO with value True. Please use additional_config.enable_mlapo instead, because VLLM_ASCEND_ENABLE_MLAPO will be removed in the next release.
INFO 07-27 19:27:57 [utils.py:1264] Block size is set to 128 if prefix cache or chunked prefill is enabled.
INFO 07-27 19:27:57 [platform.py:770] Set PYTORCH_NPU_ALLOC_CONF=expandable_segments:True
INFO 07-27 19:27:57 [compilation.py:312] Enabled custom fusions: norm_quant, act_quant
INFO 07-27 19:27:57 [vllm.py:1090] Asynchronous scheduling is enabled.
INFO 07-27 19:27:57 [vllm.py:1100] Disabling NCCL for DP synchronization when using async scheduling.
INFO 07-27 19:27:57 [kernel.py:292] Final IR op priority after setting platform defaults: IrOpPriorityConfig(rms_norm=['native'], fused_add_rms_norm=['native'])
WARNING 07-27 19:27:57 [vllm.py:1697] max_num_scheduled_tokens is set to 256 based on the speculative decoding settings. This may lead to suboptimal performance. Consider increasing max_num_batched_tokens to accommodate the additional draft token slots, or decrease num_speculative_tokens or max_num_seqs.
WARNING 07-27 19:27:57 [platform.py:1043] GPU-specific parameter is not supported on Ascend. parameter=disable_cascade_attn, value=True, action: resetting to False.
WARNING 07-27 19:27:57 [platform.py:1101] Speculative quantization is set but Ascend automatically uses the main model's quantization method. parameter=quantization, action: resetting to None. 
INFO 07-27 19:27:57 [ascend_config.py:490] finegrained_tp_config enabled: lmhead_tensor_parallel_size=2
INFO 07-27 19:27:57 [ascend_config.py:824] Dynamic EPLB is False
INFO 07-27 19:27:57 [ascend_config.py:825] The number of redundant experts is 0
INFO 07-27 19:27:57 [ascend_config.py:289] AscendConfig.enable_mlapo falls back to environment variable VLLM_ASCEND_ENABLE_MLAPO with value True. Please use additional_config.enable_mlapo instead, because VLLM_ASCEND_ENABLE_MLAPO will be removed in the next release.
INFO 07-27 19:27:57 [vllm.py:1090] Asynchronous scheduling is enabled.
INFO 07-27 19:27:57 [vllm.py:1100] Disabling NCCL for DP synchronization when using async scheduling.
INFO 07-27 19:27:57 [vllm.py:1090] Asynchronous scheduling is enabled.
INFO 07-27 19:27:57 [vllm.py:1100] Disabling NCCL for DP synchronization when using async scheduling.
INFO 07-27 19:27:57 [kernel.py:292] Final IR op priority after setting platform defaults: IrOpPriorityConfig(rms_norm=['native'], fused_add_rms_norm=['native'])
INFO 07-27 19:27:57 [kernel.py:292] Final IR op priority after setting platform defaults: IrOpPriorityConfig(rms_norm=['native'], fused_add_rms_norm=['native'])
WARNING 07-27 19:27:57 [vllm.py:1697] max_num_scheduled_tokens is set to 256 based on the speculative decoding settings. This may lead to suboptimal performance. Consider increasing max_num_batched_tokens to accommodate the additional draft token slots, or decrease num_speculative_tokens or max_num_seqs.
WARNING 07-27 19:27:57 [vllm.py:1697] max_num_scheduled_tokens is set to 256 based on the speculative decoding settings. This may lead to suboptimal performance. Consider increasing max_num_batched_tokens to accommodate the additional draft token slots, or decrease num_speculative_tokens or max_num_seqs.
WARNING 07-27 19:27:57 [platform.py:1043] GPU-specific parameter is not supported on Ascend. parameter=disable_cascade_attn, value=True, action: resetting to False.
WARNING 07-27 19:27:57 [platform.py:1101] Speculative quantization is set but Ascend automatically uses the main model's quantization method. parameter=quantization, action: resetting to None. 
WARNING 07-27 19:27:57 [platform.py:1043] GPU-specific parameter is not supported on Ascend. parameter=disable_cascade_attn, value=True, action: resetting to False.
INFO 07-27 19:27:57 [ascend_config.py:490] finegrained_tp_config enabled: lmhead_tensor_parallel_size=2
WARNING 07-27 19:27:57 [platform.py:1101] Speculative quantization is set but Ascend automatically uses the main model's quantization method. parameter=quantization, action: resetting to None. 
INFO 07-27 19:27:57 [ascend_config.py:490] finegrained_tp_config enabled: lmhead_tensor_parallel_size=2
INFO 07-27 19:27:57 [ascend_config.py:824] Dynamic EPLB is False
INFO 07-27 19:27:57 [ascend_config.py:825] The number of redundant experts is 0
INFO 07-27 19:27:57 [ascend_config.py:824] Dynamic EPLB is False
INFO 07-27 19:27:57 [ascend_config.py:825] The number of redundant experts is 0
INFO 07-27 19:27:57 [ascend_config.py:289] AscendConfig.enable_mlapo falls back to environment variable VLLM_ASCEND_ENABLE_MLAPO with value True. Please use additional_config.enable_mlapo instead, because VLLM_ASCEND_ENABLE_MLAPO will be removed in the next release.
INFO 07-27 19:27:57 [ascend_config.py:289] AscendConfig.enable_mlapo falls back to environment variable VLLM_ASCEND_ENABLE_MLAPO with value True. Please use additional_config.enable_mlapo instead, because VLLM_ASCEND_ENABLE_MLAPO will be removed in the next release.
INFO 07-27 19:27:57 [utils.py:1264] Block size is set to 128 if prefix cache or chunked prefill is enabled.
INFO 07-27 19:27:57 [platform.py:770] Set PYTORCH_NPU_ALLOC_CONF=expandable_segments:True
INFO 07-27 19:27:57 [compilation.py:312] Enabled custom fusions: norm_quant, act_quant
INFO 07-27 19:27:57 [utils.py:1264] Block size is set to 128 if prefix cache or chunked prefill is enabled.
INFO 07-27 19:27:57 [platform.py:770] Set PYTORCH_NPU_ALLOC_CONF=expandable_segments:True
INFO 07-27 19:27:57 [compilation.py:312] Enabled custom fusions: norm_quant, act_quant
INFO 07-27 19:27:57 [vllm.py:1090] Asynchronous scheduling is enabled.
INFO 07-27 19:27:57 [vllm.py:1100] Disabling NCCL for DP synchronization when using async scheduling.
INFO 07-27 19:27:57 [kernel.py:292] Final IR op priority after setting platform defaults: IrOpPriorityConfig(rms_norm=['native'], fused_add_rms_norm=['native'])
WARNING 07-27 19:27:57 [vllm.py:1697] max_num_scheduled_tokens is set to 256 based on the speculative decoding settings. This may lead to suboptimal performance. Consider increasing max_num_batched_tokens to accommodate the additional draft token slots, or decrease num_speculative_tokens or max_num_seqs.
WARNING 07-27 19:27:57 [platform.py:1043] GPU-specific parameter is not supported on Ascend. parameter=disable_cascade_attn, value=True, action: resetting to False.
WARNING 07-27 19:27:57 [platform.py:1101] Speculative quantization is set but Ascend automatically uses the main model's quantization method. parameter=quantization, action: resetting to None. 
INFO 07-27 19:27:57 [ascend_config.py:490] finegrained_tp_config enabled: lmhead_tensor_parallel_size=2
INFO 07-27 19:27:57 [ascend_config.py:824] Dynamic EPLB is False
INFO 07-27 19:27:57 [ascend_config.py:825] The number of redundant experts is 0
INFO 07-27 19:27:57 [ascend_config.py:289] AscendConfig.enable_mlapo falls back to environment variable VLLM_ASCEND_ENABLE_MLAPO with value True. Please use additional_config.enable_mlapo instead, because VLLM_ASCEND_ENABLE_MLAPO will be removed in the next release.
INFO 07-27 19:27:57 [utils.py:1264] Block size is set to 128 if prefix cache or chunked prefill is enabled.
INFO 07-27 19:27:57 [platform.py:770] Set PYTORCH_NPU_ALLOC_CONF=expandable_segments:True
INFO 07-27 19:27:57 [compilation.py:312] Enabled custom fusions: norm_quant, act_quant
INFO 07-27 19:27:57 [utils.py:1264] Block size is set to 128 if prefix cache or chunked prefill is enabled.
INFO 07-27 19:27:57 [platform.py:770] Set PYTORCH_NPU_ALLOC_CONF=expandable_segments:True
INFO 07-27 19:27:57 [compilation.py:312] Enabled custom fusions: norm_quant, act_quant
INFO 07-27 19:27:57 [utils.py:1264] Block size is set to 128 if prefix cache or chunked prefill is enabled.
INFO 07-27 19:27:57 [utils.py:1264] Block size is set to 128 if prefix cache or chunked prefill is enabled.
INFO 07-27 19:27:57 [platform.py:770] Set PYTORCH_NPU_ALLOC_CONF=expandable_segments:True
INFO 07-27 19:27:57 [platform.py:770] Set PYTORCH_NPU_ALLOC_CONF=expandable_segments:True
INFO 07-27 19:27:57 [compilation.py:312] Enabled custom fusions: norm_quant, act_quant
INFO 07-27 19:27:57 [compilation.py:312] Enabled custom fusions: norm_quant, act_quant
INFO 07-27 19:27:57 [utils.py:1264] Block size is set to 128 if prefix cache or chunked prefill is enabled.
INFO 07-27 19:27:57 [platform.py:770] Set PYTORCH_NPU_ALLOC_CONF=expandable_segments:True
INFO 07-27 19:27:57 [compilation.py:312] Enabled custom fusions: norm_quant, act_quant
INFO 07-27 19:28:05 [__init__.py:52] Available plugins for group vllm.platform_plugins:
INFO 07-27 19:28:05 [__init__.py:54] - ascend -> vllm_ascend:register
INFO 07-27 19:28:05 [__init__.py:57] All plugins in this group will be loaded. Set `VLLM_PLUGINS` to control which plugins to load.
INFO 07-27 19:28:05 [__init__.py:237] Platform plugin ascend is activated
INFO 07-27 19:28:05 [platform.py:61] Breakable cudagraph is force disabled on Ascend because DeepSeek V4 PIECEWISE cudagraph is not supported yet.
INFO 07-27 19:28:05 [__init__.py:52] Available plugins for group vllm.platform_plugins:
INFO 07-27 19:28:05 [__init__.py:54] - ascend -> vllm_ascend:register
INFO 07-27 19:28:05 [__init__.py:57] All plugins in this group will be loaded. Set `VLLM_PLUGINS` to control which plugins to load.
INFO 07-27 19:28:05 [__init__.py:237] Platform plugin ascend is activated
INFO 07-27 19:28:05 [platform.py:61] Breakable cudagraph is force disabled on Ascend because DeepSeek V4 PIECEWISE cudagraph is not supported yet.
INFO 07-27 19:28:06 [__init__.py:52] Available plugins for group vllm.platform_plugins:
INFO 07-27 19:28:06 [__init__.py:54] - ascend -> vllm_ascend:register
INFO 07-27 19:28:06 [__init__.py:57] All plugins in this group will be loaded. Set `VLLM_PLUGINS` to control which plugins to load.
INFO 07-27 19:28:06 [__init__.py:237] Platform plugin ascend is activated
INFO 07-27 19:28:06 [platform.py:61] Breakable cudagraph is force disabled on Ascend because DeepSeek V4 PIECEWISE cudagraph is not supported yet.
INFO 07-27 19:28:06 [__init__.py:52] Available plugins for group vllm.platform_plugins:
INFO 07-27 19:28:06 [__init__.py:54] - ascend -> vllm_ascend:register
INFO 07-27 19:28:06 [__init__.py:57] All plugins in this group will be loaded. Set `VLLM_PLUGINS` to control which plugins to load.
INFO 07-27 19:28:06 [__init__.py:237] Platform plugin ascend is activated
INFO 07-27 19:28:06 [platform.py:61] Breakable cudagraph is force disabled on Ascend because DeepSeek V4 PIECEWISE cudagraph is not supported yet.
INFO 07-27 19:28:06 [__init__.py:52] Available plugins for group vllm.platform_plugins:
INFO 07-27 19:28:06 [__init__.py:54] - ascend -> vllm_ascend:register
INFO 07-27 19:28:06 [__init__.py:57] All plugins in this group will be loaded. Set `VLLM_PLUGINS` to control which plugins to load.
INFO 07-27 19:28:06 [__init__.py:237] Platform plugin ascend is activated
INFO 07-27 19:28:06 [platform.py:61] Breakable cudagraph is force disabled on Ascend because DeepSeek V4 PIECEWISE cudagraph is not supported yet.
INFO 07-27 19:28:06 [__init__.py:52] Available plugins for group vllm.platform_plugins:
INFO 07-27 19:28:06 [__init__.py:54] - ascend -> vllm_ascend:register
INFO 07-27 19:28:06 [__init__.py:57] All plugins in this group will be loaded. Set `VLLM_PLUGINS` to control which plugins to load.
INFO 07-27 19:28:06 [__init__.py:237] Platform plugin ascend is activated
INFO 07-27 19:28:06 [platform.py:61] Breakable cudagraph is force disabled on Ascend because DeepSeek V4 PIECEWISE cudagraph is not supported yet.
INFO 07-27 19:28:07 [__init__.py:52] Available plugins for group vllm.platform_plugins:
INFO 07-27 19:28:07 [__init__.py:54] - ascend -> vllm_ascend:register
INFO 07-27 19:28:07 [__init__.py:57] All plugins in this group will be loaded. Set `VLLM_PLUGINS` to control which plugins to load.
INFO 07-27 19:28:07 [__init__.py:237] Platform plugin ascend is activated
INFO 07-27 19:28:07 [platform.py:61] Breakable cudagraph is force disabled on Ascend because DeepSeek V4 PIECEWISE cudagraph is not supported yet.
INFO 07-27 19:28:07 [__init__.py:52] Available plugins for group vllm.platform_plugins:
INFO 07-27 19:28:07 [__init__.py:54] - ascend -> vllm_ascend:register
INFO 07-27 19:28:07 [__init__.py:57] All plugins in this group will be loaded. Set `VLLM_PLUGINS` to control which plugins to load.
INFO 07-27 19:28:07 [__init__.py:237] Platform plugin ascend is activated
INFO 07-27 19:28:07 [platform.py:61] Breakable cudagraph is force disabled on Ascend because DeepSeek V4 PIECEWISE cudagraph is not supported yet.
(EngineCore_DP0 pid=337437) 2026-07-27 19:28:12,972 - 337437 - ServiceProfiler - INFO - VLLM_USE_V1 not set, auto-detected via vLLM 0.1.dev18654+g54503ecec.empty: default 0
(EngineCore_DP5 pid=337465) 2026-07-27 19:28:12,974 - 337465 - ServiceProfiler - INFO - VLLM_USE_V1 not set, auto-detected via vLLM 0.1.dev18654+g54503ecec.empty: default 0
(EngineCore_DP1 pid=337444) 2026-07-27 19:28:12,974 - 337444 - ServiceProfiler - INFO - VLLM_USE_V1 not set, auto-detected via vLLM 0.1.dev18654+g54503ecec.empty: default 0
(EngineCore_DP2 pid=337451) 2026-07-27 19:28:12,976 - 337451 - ServiceProfiler - INFO - VLLM_USE_V1 not set, auto-detected via vLLM 0.1.dev18654+g54503ecec.empty: default 0
(EngineCore_DP7 pid=337464) 2026-07-27 19:28:12,977 - 337464 - ServiceProfiler - INFO - VLLM_USE_V1 not set, auto-detected via vLLM 0.1.dev18654+g54503ecec.empty: default 0
(EngineCore_DP6 pid=337466) 2026-07-27 19:28:12,977 - 337466 - ServiceProfiler - INFO - VLLM_USE_V1 not set, auto-detected via vLLM 0.1.dev18654+g54503ecec.empty: default 0
(EngineCore_DP3 pid=337491) 2026-07-27 19:28:12,977 - 337491 - ServiceProfiler - INFO - VLLM_USE_V1 not set, auto-detected via vLLM 0.1.dev18654+g54503ecec.empty: default 0
(EngineCore_DP4 pid=337436) 2026-07-27 19:28:12,978 - 337436 - ServiceProfiler - INFO - VLLM_USE_V1 not set, auto-detected via vLLM 0.1.dev18654+g54503ecec.empty: default 0
(EngineCore_DP0 pid=337437) INFO 07-27 19:28:12 [__init__.py:112] Registered model loader `<class 'vllm_ascend.model_loader.netloader.netloader.ModelNetLoaderElastic'>` with load format `netloader`
(EngineCore_DP1 pid=337444) INFO 07-27 19:28:12 [__init__.py:112] Registered model loader `<class 'vllm_ascend.model_loader.netloader.netloader.ModelNetLoaderElastic'>` with load format `netloader`
(EngineCore_DP5 pid=337465) INFO 07-27 19:28:12 [__init__.py:112] Registered model loader `<class 'vllm_ascend.model_loader.netloader.netloader.ModelNetLoaderElastic'>` with load format `netloader`
(EngineCore_DP2 pid=337451) INFO 07-27 19:28:12 [__init__.py:112] Registered model loader `<class 'vllm_ascend.model_loader.netloader.netloader.ModelNetLoaderElastic'>` with load format `netloader`
(EngineCore_DP3 pid=337491) INFO 07-27 19:28:13 [__init__.py:112] Registered model loader `<class 'vllm_ascend.model_loader.netloader.netloader.ModelNetLoaderElastic'>` with load format `netloader`
(EngineCore_DP7 pid=337464) INFO 07-27 19:28:13 [__init__.py:112] Registered model loader `<class 'vllm_ascend.model_loader.netloader.netloader.ModelNetLoaderElastic'>` with load format `netloader`
(EngineCore_DP4 pid=337436) INFO 07-27 19:28:13 [__init__.py:112] Registered model loader `<class 'vllm_ascend.model_loader.netloader.netloader.ModelNetLoaderElastic'>` with load format `netloader`
(EngineCore_DP6 pid=337466) INFO 07-27 19:28:13 [__init__.py:112] Registered model loader `<class 'vllm_ascend.model_loader.netloader.netloader.ModelNetLoaderElastic'>` with load format `netloader`
(EngineCore_DP0 pid=337437) INFO 07-27 19:28:13 [__init__.py:112] Registered model loader `<class 'vllm_ascend.model_loader.rfork.rfork_loader.RForkModelLoader'>` with load format `rfork`
(EngineCore_DP0 pid=337437) INFO 07-27 19:28:13 [core.py:114] Initializing a V1 LLM engine (v0.1.dev18654+g54503ecec) with config: model='/mnt/weights/DeepSeek-V3.1-Terminus-w8a8-QuaRot-lfs', speculative_config=SpeculativeConfig(method='mtp', model='/mnt/weights/DeepSeek-V3.1-Terminus-w8a8-QuaRot-lfs', num_spec_tokens=2), tokenizer='/mnt/weights/DeepSeek-V3.1-Terminus-w8a8-QuaRot-lfs', skip_tokenizer_init=False, tokenizer_mode=auto, revision=None, tokenizer_revision=None, trust_remote_code=True, dtype=torch.bfloat16, max_seq_len=4096, download_dir=None, load_format=auto, tensor_parallel_size=2, pipeline_parallel_size=1, data_parallel_size=8, decode_context_parallel_size=1, dcp_comm_backend=ag_rs, disable_custom_all_reduce=True, quantization=ascend, quantization_config=None, enforce_eager=False, enable_return_routed_experts=False, kv_cache_dtype=auto, device_config=npu, structured_outputs_config=StructuredOutputsConfig(backend='auto', disable_any_whitespace=False, disable_additional_properties=False, reasoning_parser='', reasoning_parser_plugin='', enable_in_reasoning=False), observability_config=ObservabilityConfig(show_hidden_metrics_for_version=None, otlp_traces_endpoint=None, collect_detailed_traces=None, kv_cache_metrics=False, kv_cache_metrics_sample=0.01, cudagraph_metrics=False, enable_layerwise_nvtx_tracing=False, enable_mfu_metrics=False, enable_mm_processor_stats=False, enable_logging_iteration_details=False, jit_monitor_mode='warn', jit_monitor_verbose=False), seed=1024, served_model_name=/mnt/weights/DeepSeek-V3.1-Terminus-w8a8-QuaRot-lfs, enable_prefix_caching=False, enable_chunked_prefill=True, pooler_config=None, compilation_config={'mode': <CompilationMode.VLLM_COMPILE: 3>, 'debug_dump_path': PosixPath('/home/l00838859/cann/vllm-runner/fx-graph'), 'cache_dir': '', 'compile_cache_save_format': 'binary', 'backend': 'vllm_ascend.compilation.compiler_interface.AscendCompiler', 'custom_ops': ['all'], 'ir_enable_torch_wrap': False, 'splitting_ops': [], 'compile_mm_encoder': False, 'cudagraph_mm_encoder': False, 'encoder_cudagraph_token_budgets': [], 'encoder_cudagraph_max_vision_items_per_batch': 0, 'encoder_cudagraph_max_frames_per_batch': None, 'compile_sizes': [], 'compile_ranges_endpoints': [256], 'inductor_compile_config': {'enable_auto_functionalized_v2': False, 'size_asserts': False, 'alignment_asserts': False, 'scalar_asserts': False, 'combo_kernels': True, 'benchmark_combo_kernel': True}, 'inductor_passes': {}, 'cudagraph_mode': <CUDAGraphMode.FULL_DECODE_ONLY: (2, 0)>, 'cudagraph_num_of_warmups': 1, 'cudagraph_capture_sizes': [3, 48], 'cudagraph_copy_inputs': False, 'cudagraph_specialize_lora': True, 'use_inductor_graph_partition': False, 'pass_config': {'fuse_norm_quant': True, 'fuse_act_quant': True, 'fuse_attn_quant': False, 'enable_sp': False, 'fuse_gemm_comms': False, 'fuse_allreduce_rms': False, 'fuse_rope_kvcache_cat_mla': False, 'fuse_act_padding': False}, 'max_cudagraph_capture_size': 48, 'dynamic_shapes_config': {'type': <DynamicShapesType.BACKED: 'backed'>, 'evaluate_guards': False, 'assume_32_bit_indexing': False}, 'local_cache_dir': None, 'fast_moe_cold_start': False, 'static_all_moe_layers': []}, kernel_config=KernelConfig(ir_op_priority=IrOpPriorityConfig(rms_norm=['native'], fused_add_rms_norm=['native']), enable_flashinfer_autotune=True, enable_cutedsl_warmup=True, moe_backend='auto', linear_backend='auto')
(EngineCore_DP0 pid=337437) INFO 07-27 19:28:13 [multiproc_executor.py:140] DP group leader: node_rank=0, node_rank_within_dp=0, master_addr=127.0.0.1, mq_connect_ip=90.90.97.44 (local), world_size=2, local_world_size=2
(EngineCore_DP1 pid=337444) INFO 07-27 19:28:13 [__init__.py:112] Registered model loader `<class 'vllm_ascend.model_loader.rfork.rfork_loader.RForkModelLoader'>` with load format `rfork`
(EngineCore_DP5 pid=337465) INFO 07-27 19:28:13 [__init__.py:112] Registered model loader `<class 'vllm_ascend.model_loader.rfork.rfork_loader.RForkModelLoader'>` with load format `rfork`
(EngineCore_DP1 pid=337444) INFO 07-27 19:28:13 [multiproc_executor.py:140] DP group leader: node_rank=0, node_rank_within_dp=0, master_addr=127.0.0.1, mq_connect_ip=90.90.97.44 (local), world_size=2, local_world_size=2
(EngineCore_DP5 pid=337465) INFO 07-27 19:28:13 [multiproc_executor.py:140] DP group leader: node_rank=0, node_rank_within_dp=0, master_addr=127.0.0.1, mq_connect_ip=90.90.97.44 (local), world_size=2, local_world_size=2
(EngineCore_DP2 pid=337451) INFO 07-27 19:28:13 [__init__.py:112] Registered model loader `<class 'vllm_ascend.model_loader.rfork.rfork_loader.RForkModelLoader'>` with load format `rfork`
(EngineCore_DP2 pid=337451) INFO 07-27 19:28:13 [multiproc_executor.py:140] DP group leader: node_rank=0, node_rank_within_dp=0, master_addr=127.0.0.1, mq_connect_ip=90.90.97.44 (local), world_size=2, local_world_size=2
(EngineCore_DP6 pid=337466) INFO 07-27 19:28:13 [__init__.py:112] Registered model loader `<class 'vllm_ascend.model_loader.rfork.rfork_loader.RForkModelLoader'>` with load format `rfork`
(EngineCore_DP7 pid=337464) INFO 07-27 19:28:13 [__init__.py:112] Registered model loader `<class 'vllm_ascend.model_loader.rfork.rfork_loader.RForkModelLoader'>` with load format `rfork`
(EngineCore_DP6 pid=337466) INFO 07-27 19:28:13 [multiproc_executor.py:140] DP group leader: node_rank=0, node_rank_within_dp=0, master_addr=127.0.0.1, mq_connect_ip=90.90.97.44 (local), world_size=2, local_world_size=2
(EngineCore_DP3 pid=337491) INFO 07-27 19:28:13 [__init__.py:112] Registered model loader `<class 'vllm_ascend.model_loader.rfork.rfork_loader.RForkModelLoader'>` with load format `rfork`
(EngineCore_DP4 pid=337436) INFO 07-27 19:28:13 [__init__.py:112] Registered model loader `<class 'vllm_ascend.model_loader.rfork.rfork_loader.RForkModelLoader'>` with load format `rfork`
(EngineCore_DP7 pid=337464) INFO 07-27 19:28:13 [multiproc_executor.py:140] DP group leader: node_rank=0, node_rank_within_dp=0, master_addr=127.0.0.1, mq_connect_ip=90.90.97.44 (local), world_size=2, local_world_size=2
(EngineCore_DP4 pid=337436) INFO 07-27 19:28:13 [multiproc_executor.py:140] DP group leader: node_rank=0, node_rank_within_dp=0, master_addr=127.0.0.1, mq_connect_ip=90.90.97.44 (local), world_size=2, local_world_size=2
(EngineCore_DP3 pid=337491) INFO 07-27 19:28:13 [multiproc_executor.py:140] DP group leader: node_rank=0, node_rank_within_dp=0, master_addr=127.0.0.1, mq_connect_ip=90.90.97.44 (local), world_size=2, local_world_size=2
INFO 07-27 19:28:19 [__init__.py:52] Available plugins for group vllm.platform_plugins:
INFO 07-27 19:28:19 [__init__.py:54] - ascend -> vllm_ascend:register
INFO 07-27 19:28:19 [__init__.py:57] All plugins in this group will be loaded. Set `VLLM_PLUGINS` to control which plugins to load.
INFO 07-27 19:28:19 [__init__.py:237] Platform plugin ascend is activated
INFO 07-27 19:28:19 [platform.py:61] Breakable cudagraph is force disabled on Ascend because DeepSeek V4 PIECEWISE cudagraph is not supported yet.
INFO 07-27 19:28:20 [__init__.py:52] Available plugins for group vllm.platform_plugins:
INFO 07-27 19:28:20 [__init__.py:54] - ascend -> vllm_ascend:register
INFO 07-27 19:28:20 [__init__.py:57] All plugins in this group will be loaded. Set `VLLM_PLUGINS` to control which plugins to load.
INFO 07-27 19:28:20 [__init__.py:237] Platform plugin ascend is activated
INFO 07-27 19:28:20 [platform.py:61] Breakable cudagraph is force disabled on Ascend because DeepSeek V4 PIECEWISE cudagraph is not supported yet.
INFO 07-27 19:28:20 [__init__.py:52] Available plugins for group vllm.platform_plugins:
INFO 07-27 19:28:20 [__init__.py:54] - ascend -> vllm_ascend:register
INFO 07-27 19:28:20 [__init__.py:57] All plugins in this group will be loaded. Set `VLLM_PLUGINS` to control which plugins to load.
INFO 07-27 19:28:20 [__init__.py:237] Platform plugin ascend is activated
INFO 07-27 19:28:20 [platform.py:61] Breakable cudagraph is force disabled on Ascend because DeepSeek V4 PIECEWISE cudagraph is not supported yet.
INFO 07-27 19:28:20 [__init__.py:52] Available plugins for group vllm.platform_plugins:
INFO 07-27 19:28:20 [__init__.py:54] - ascend -> vllm_ascend:register
INFO 07-27 19:28:20 [__init__.py:57] All plugins in this group will be loaded. Set `VLLM_PLUGINS` to control which plugins to load.
INFO 07-27 19:28:20 [__init__.py:237] Platform plugin ascend is activated
INFO 07-27 19:28:20 [platform.py:61] Breakable cudagraph is force disabled on Ascend because DeepSeek V4 PIECEWISE cudagraph is not supported yet.
INFO 07-27 19:28:20 [__init__.py:52] Available plugins for group vllm.platform_plugins:
INFO 07-27 19:28:20 [__init__.py:54] - ascend -> vllm_ascend:register
INFO 07-27 19:28:20 [__init__.py:57] All plugins in this group will be loaded. Set `VLLM_PLUGINS` to control which plugins to load.
INFO 07-27 19:28:20 [__init__.py:237] Platform plugin ascend is activated
INFO 07-27 19:28:20 [platform.py:61] Breakable cudagraph is force disabled on Ascend because DeepSeek V4 PIECEWISE cudagraph is not supported yet.
INFO 07-27 19:28:21 [__init__.py:52] Available plugins for group vllm.platform_plugins:
INFO 07-27 19:28:21 [__init__.py:54] - ascend -> vllm_ascend:register
INFO 07-27 19:28:21 [__init__.py:57] All plugins in this group will be loaded. Set `VLLM_PLUGINS` to control which plugins to load.
INFO 07-27 19:28:21 [__init__.py:237] Platform plugin ascend is activated
INFO 07-27 19:28:21 [platform.py:61] Breakable cudagraph is force disabled on Ascend because DeepSeek V4 PIECEWISE cudagraph is not supported yet.
INFO 07-27 19:28:21 [__init__.py:52] Available plugins for group vllm.platform_plugins:
INFO 07-27 19:28:21 [__init__.py:54] - ascend -> vllm_ascend:register
INFO 07-27 19:28:21 [__init__.py:57] All plugins in this group will be loaded. Set `VLLM_PLUGINS` to control which plugins to load.
INFO 07-27 19:28:21 [__init__.py:237] Platform plugin ascend is activated
INFO 07-27 19:28:21 [platform.py:61] Breakable cudagraph is force disabled on Ascend because DeepSeek V4 PIECEWISE cudagraph is not supported yet.
INFO 07-27 19:28:21 [__init__.py:52] Available plugins for group vllm.platform_plugins:
INFO 07-27 19:28:21 [__init__.py:54] - ascend -> vllm_ascend:register
INFO 07-27 19:28:21 [__init__.py:57] All plugins in this group will be loaded. Set `VLLM_PLUGINS` to control which plugins to load.
INFO 07-27 19:28:21 [__init__.py:237] Platform plugin ascend is activated
INFO 07-27 19:28:21 [platform.py:61] Breakable cudagraph is force disabled on Ascend because DeepSeek V4 PIECEWISE cudagraph is not supported yet.
2026-07-27 19:28:25,202 - 337900 - ServiceProfiler - INFO - VLLM_USE_V1 not set, auto-detected via vLLM 0.1.dev18654+g54503ecec.empty: default 0
INFO 07-27 19:28:25 [__init__.py:112] Registered model loader `<class 'vllm_ascend.model_loader.netloader.netloader.ModelNetLoaderElastic'>` with load format `netloader`
INFO 07-27 19:28:25 [__init__.py:112] Registered model loader `<class 'vllm_ascend.model_loader.rfork.rfork_loader.RForkModelLoader'>` with load format `rfork`
2026-07-27 19:28:25,657 - 337899 - ServiceProfiler - INFO - VLLM_USE_V1 not set, auto-detected via vLLM 0.1.dev18654+g54503ecec.empty: default 0
INFO 07-27 19:28:25 [__init__.py:112] Registered model loader `<class 'vllm_ascend.model_loader.netloader.netloader.ModelNetLoaderElastic'>` with load format `netloader`
INFO 07-27 19:28:25 [__init__.py:112] Registered model loader `<class 'vllm_ascend.model_loader.rfork.rfork_loader.RForkModelLoader'>` with load format `rfork`
2026-07-27 19:28:25,795 - 337901 - ServiceProfiler - INFO - VLLM_USE_V1 not set, auto-detected via vLLM 0.1.dev18654+g54503ecec.empty: default 0
INFO 07-27 19:28:25 [__init__.py:112] Registered model loader `<class 'vllm_ascend.model_loader.netloader.netloader.ModelNetLoaderElastic'>` with load format `netloader`
INFO 07-27 19:28:25 [__init__.py:112] Registered model loader `<class 'vllm_ascend.model_loader.rfork.rfork_loader.RForkModelLoader'>` with load format `rfork`
2026-07-27 19:28:25,898 - 337906 - ServiceProfiler - INFO - VLLM_USE_V1 not set, auto-detected via vLLM 0.1.dev18654+g54503ecec.empty: default 0
INFO 07-27 19:28:25 [__init__.py:112] Registered model loader `<class 'vllm_ascend.model_loader.netloader.netloader.ModelNetLoaderElastic'>` with load format `netloader`
INFO 07-27 19:28:25 [__init__.py:112] Registered model loader `<class 'vllm_ascend.model_loader.rfork.rfork_loader.RForkModelLoader'>` with load format `rfork`
2026-07-27 19:28:26,356 - 337905 - ServiceProfiler - INFO - VLLM_USE_V1 not set, auto-detected via vLLM 0.1.dev18654+g54503ecec.empty: default 0
2026-07-27 19:28:26,365 - 337902 - ServiceProfiler - INFO - VLLM_USE_V1 not set, auto-detected via vLLM 0.1.dev18654+g54503ecec.empty: default 0
INFO 07-27 19:28:26 [__init__.py:112] Registered model loader `<class 'vllm_ascend.model_loader.netloader.netloader.ModelNetLoaderElastic'>` with load format `netloader`
INFO 07-27 19:28:26 [__init__.py:112] Registered model loader `<class 'vllm_ascend.model_loader.netloader.netloader.ModelNetLoaderElastic'>` with load format `netloader`
INFO 07-27 19:28:26 [__init__.py:112] Registered model loader `<class 'vllm_ascend.model_loader.rfork.rfork_loader.RForkModelLoader'>` with load format `rfork`
INFO 07-27 19:28:26 [__init__.py:112] Registered model loader `<class 'vllm_ascend.model_loader.rfork.rfork_loader.RForkModelLoader'>` with load format `rfork`
2026-07-27 19:28:26,649 - 337903 - ServiceProfiler - INFO - VLLM_USE_V1 not set, auto-detected via vLLM 0.1.dev18654+g54503ecec.empty: default 0
INFO 07-27 19:28:26 [__init__.py:112] Registered model loader `<class 'vllm_ascend.model_loader.netloader.netloader.ModelNetLoaderElastic'>` with load format `netloader`
INFO 07-27 19:28:26 [__init__.py:112] Registered model loader `<class 'vllm_ascend.model_loader.rfork.rfork_loader.RForkModelLoader'>` with load format `rfork`
INFO 07-27 19:28:26 [ascend_config.py:490] finegrained_tp_config enabled: lmhead_tensor_parallel_size=2
INFO 07-27 19:28:26 [ascend_config.py:824] Dynamic EPLB is False
INFO 07-27 19:28:26 [ascend_config.py:825] The number of redundant experts is 0
INFO 07-27 19:28:26 [ascend_config.py:289] AscendConfig.enable_mlapo falls back to environment variable VLLM_ASCEND_ENABLE_MLAPO with value True. Please use additional_config.enable_mlapo instead, because VLLM_ASCEND_ENABLE_MLAPO will be removed in the next release.
2026-07-27 19:28:26,979 - 337904 - ServiceProfiler - INFO - VLLM_USE_V1 not set, auto-detected via vLLM 0.1.dev18654+g54503ecec.empty: default 0
INFO 07-27 19:28:26 [__init__.py:112] Registered model loader `<class 'vllm_ascend.model_loader.netloader.netloader.ModelNetLoaderElastic'>` with load format `netloader`
INFO 07-27 19:28:27 [__init__.py:112] Registered model loader `<class 'vllm_ascend.model_loader.rfork.rfork_loader.RForkModelLoader'>` with load format `rfork`
INFO 07-27 19:28:27 [ascend_config.py:490] finegrained_tp_config enabled: lmhead_tensor_parallel_size=2
INFO 07-27 19:28:27 [ascend_config.py:824] Dynamic EPLB is False
INFO 07-27 19:28:27 [ascend_config.py:825] The number of redundant experts is 0
INFO 07-27 19:28:27 [ascend_config.py:289] AscendConfig.enable_mlapo falls back to environment variable VLLM_ASCEND_ENABLE_MLAPO with value True. Please use additional_config.enable_mlapo instead, because VLLM_ASCEND_ENABLE_MLAPO will be removed in the next release.
INFO 07-27 19:28:27 [ascend_config.py:490] finegrained_tp_config enabled: lmhead_tensor_parallel_size=2
INFO 07-27 19:28:27 [ascend_config.py:824] Dynamic EPLB is False
INFO 07-27 19:28:27 [ascend_config.py:825] The number of redundant experts is 0
INFO 07-27 19:28:27 [ascend_config.py:289] AscendConfig.enable_mlapo falls back to environment variable VLLM_ASCEND_ENABLE_MLAPO with value True. Please use additional_config.enable_mlapo instead, because VLLM_ASCEND_ENABLE_MLAPO will be removed in the next release.
INFO 07-27 19:28:27 [ascend_config.py:490] finegrained_tp_config enabled: lmhead_tensor_parallel_size=2
INFO 07-27 19:28:27 [ascend_config.py:824] Dynamic EPLB is False
INFO 07-27 19:28:27 [ascend_config.py:825] The number of redundant experts is 0
INFO 07-27 19:28:27 [ascend_config.py:289] AscendConfig.enable_mlapo falls back to environment variable VLLM_ASCEND_ENABLE_MLAPO with value True. Please use additional_config.enable_mlapo instead, because VLLM_ASCEND_ENABLE_MLAPO will be removed in the next release.
INFO 07-27 19:28:27 [ascend_config.py:490] finegrained_tp_config enabled: lmhead_tensor_parallel_size=2
INFO 07-27 19:28:27 [ascend_config.py:824] Dynamic EPLB is False
INFO 07-27 19:28:27 [ascend_config.py:825] The number of redundant experts is 0
INFO 07-27 19:28:27 [ascend_config.py:289] AscendConfig.enable_mlapo falls back to environment variable VLLM_ASCEND_ENABLE_MLAPO with value True. Please use additional_config.enable_mlapo instead, because VLLM_ASCEND_ENABLE_MLAPO will be removed in the next release.
INFO 07-27 19:28:27 [ascend_config.py:490] finegrained_tp_config enabled: lmhead_tensor_parallel_size=2
INFO 07-27 19:28:27 [ascend_config.py:824] Dynamic EPLB is False
INFO 07-27 19:28:27 [ascend_config.py:825] The number of redundant experts is 0
INFO 07-27 19:28:27 [ascend_config.py:289] AscendConfig.enable_mlapo falls back to environment variable VLLM_ASCEND_ENABLE_MLAPO with value True. Please use additional_config.enable_mlapo instead, because VLLM_ASCEND_ENABLE_MLAPO will be removed in the next release.
INFO 07-27 19:28:28 [ascend_config.py:490] finegrained_tp_config enabled: lmhead_tensor_parallel_size=2
INFO 07-27 19:28:28 [ascend_config.py:824] Dynamic EPLB is False
INFO 07-27 19:28:28 [ascend_config.py:825] The number of redundant experts is 0
INFO 07-27 19:28:28 [ascend_config.py:289] AscendConfig.enable_mlapo falls back to environment variable VLLM_ASCEND_ENABLE_MLAPO with value True. Please use additional_config.enable_mlapo instead, because VLLM_ASCEND_ENABLE_MLAPO will be removed in the next release.
INFO 07-27 19:28:28 [ascend_config.py:490] finegrained_tp_config enabled: lmhead_tensor_parallel_size=2
INFO 07-27 19:28:28 [ascend_config.py:824] Dynamic EPLB is False
INFO 07-27 19:28:28 [ascend_config.py:825] The number of redundant experts is 0
INFO 07-27 19:28:28 [ascend_config.py:289] AscendConfig.enable_mlapo falls back to environment variable VLLM_ASCEND_ENABLE_MLAPO with value True. Please use additional_config.enable_mlapo instead, because VLLM_ASCEND_ENABLE_MLAPO will be removed in the next release.
(Worker pid=337901) INFO 07-27 19:28:28 [parallel_state.py:1607] world_size=16 rank=12 local_rank=0 distributed_init_method=tcp://127.0.0.1:33524 backend=hccl
(Worker pid=337899) INFO 07-27 19:28:29 [parallel_state.py:1607] world_size=16 rank=10 local_rank=0 distributed_init_method=tcp://127.0.0.1:33524 backend=hccl
(Worker pid=337905) INFO 07-27 19:28:29 [parallel_state.py:1607] world_size=16 rank=8 local_rank=0 distributed_init_method=tcp://127.0.0.1:33524 backend=hccl
(Worker pid=337902) INFO 07-27 19:28:29 [parallel_state.py:1607] world_size=16 rank=14 local_rank=0 distributed_init_method=tcp://127.0.0.1:33524 backend=hccl
(Worker pid=337903) INFO 07-27 19:28:29 [parallel_state.py:1607] world_size=16 rank=6 local_rank=0 distributed_init_method=tcp://127.0.0.1:33524 backend=hccl
(Worker pid=337904) INFO 07-27 19:28:30 [parallel_state.py:1607] world_size=16 rank=4 local_rank=0 distributed_init_method=tcp://127.0.0.1:33524 backend=hccl
INFO 07-27 19:28:31 [__init__.py:52] Available plugins for group vllm.platform_plugins:
INFO 07-27 19:28:31 [__init__.py:54] - ascend -> vllm_ascend:register
INFO 07-27 19:28:31 [__init__.py:57] All plugins in this group will be loaded. Set `VLLM_PLUGINS` to control which plugins to load.
INFO 07-27 19:28:31 [__init__.py:237] Platform plugin ascend is activated
INFO 07-27 19:28:31 [platform.py:61] Breakable cudagraph is force disabled on Ascend because DeepSeek V4 PIECEWISE cudagraph is not supported yet.
INFO 07-27 19:28:31 [__init__.py:52] Available plugins for group vllm.platform_plugins:
INFO 07-27 19:28:31 [__init__.py:54] - ascend -> vllm_ascend:register
INFO 07-27 19:28:31 [__init__.py:57] All plugins in this group will be loaded. Set `VLLM_PLUGINS` to control which plugins to load.
INFO 07-27 19:28:31 [__init__.py:237] Platform plugin ascend is activated
INFO 07-27 19:28:31 [platform.py:61] Breakable cudagraph is force disabled on Ascend because DeepSeek V4 PIECEWISE cudagraph is not supported yet.
INFO 07-27 19:28:31 [__init__.py:52] Available plugins for group vllm.platform_plugins:
INFO 07-27 19:28:31 [__init__.py:54] - ascend -> vllm_ascend:register
INFO 07-27 19:28:31 [__init__.py:57] All plugins in this group will be loaded. Set `VLLM_PLUGINS` to control which plugins to load.
INFO 07-27 19:28:31 [__init__.py:237] Platform plugin ascend is activated
INFO 07-27 19:28:31 [platform.py:61] Breakable cudagraph is force disabled on Ascend because DeepSeek V4 PIECEWISE cudagraph is not supported yet.
INFO 07-27 19:28:32 [__init__.py:52] Available plugins for group vllm.platform_plugins:
INFO 07-27 19:28:32 [__init__.py:54] - ascend -> vllm_ascend:register
INFO 07-27 19:28:32 [__init__.py:57] All plugins in this group will be loaded. Set `VLLM_PLUGINS` to control which plugins to load.
INFO 07-27 19:28:32 [__init__.py:237] Platform plugin ascend is activated
INFO 07-27 19:28:32 [platform.py:61] Breakable cudagraph is force disabled on Ascend because DeepSeek V4 PIECEWISE cudagraph is not supported yet.
INFO 07-27 19:28:32 [__init__.py:52] Available plugins for group vllm.platform_plugins:
INFO 07-27 19:28:32 [__init__.py:54] - ascend -> vllm_ascend:register
INFO 07-27 19:28:32 [__init__.py:57] All plugins in this group will be loaded. Set `VLLM_PLUGINS` to control which plugins to load.
INFO 07-27 19:28:32 [__init__.py:237] Platform plugin ascend is activated
INFO 07-27 19:28:32 [platform.py:61] Breakable cudagraph is force disabled on Ascend because DeepSeek V4 PIECEWISE cudagraph is not supported yet.
INFO 07-27 19:28:33 [__init__.py:52] Available plugins for group vllm.platform_plugins:
INFO 07-27 19:28:33 [__init__.py:54] - ascend -> vllm_ascend:register
INFO 07-27 19:28:33 [__init__.py:57] All plugins in this group will be loaded. Set `VLLM_PLUGINS` to control which plugins to load.
INFO 07-27 19:28:33 [__init__.py:237] Platform plugin ascend is activated
INFO 07-27 19:28:33 [platform.py:61] Breakable cudagraph is force disabled on Ascend because DeepSeek V4 PIECEWISE cudagraph is not supported yet.
INFO 07-27 19:28:33 [__init__.py:52] Available plugins for group vllm.platform_plugins:
INFO 07-27 19:28:33 [__init__.py:54] - ascend -> vllm_ascend:register
INFO 07-27 19:28:33 [__init__.py:57] All plugins in this group will be loaded. Set `VLLM_PLUGINS` to control which plugins to load.
INFO 07-27 19:28:33 [__init__.py:237] Platform plugin ascend is activated
INFO 07-27 19:28:33 [platform.py:61] Breakable cudagraph is force disabled on Ascend because DeepSeek V4 PIECEWISE cudagraph is not supported yet.
INFO 07-27 19:28:33 [__init__.py:52] Available plugins for group vllm.platform_plugins:
INFO 07-27 19:28:33 [__init__.py:54] - ascend -> vllm_ascend:register
INFO 07-27 19:28:33 [__init__.py:57] All plugins in this group will be loaded. Set `VLLM_PLUGINS` to control which plugins to load.
INFO 07-27 19:28:33 [__init__.py:237] Platform plugin ascend is activated
INFO 07-27 19:28:33 [platform.py:61] Breakable cudagraph is force disabled on Ascend because DeepSeek V4 PIECEWISE cudagraph is not supported yet.
(Worker pid=337900) INFO 07-27 19:28:35 [parallel_state.py:1607] world_size=16 rank=2 local_rank=0 distributed_init_method=tcp://127.0.0.1:33524 backend=hccl
2026-07-27 19:28:36,412 - 338265 - ServiceProfiler - INFO - VLLM_USE_V1 not set, auto-detected via vLLM 0.1.dev18654+g54503ecec.empty: default 0
INFO 07-27 19:28:36 [__init__.py:112] Registered model loader `<class 'vllm_ascend.model_loader.netloader.netloader.ModelNetLoaderElastic'>` with load format `netloader`
INFO 07-27 19:28:36 [__init__.py:112] Registered model loader `<class 'vllm_ascend.model_loader.rfork.rfork_loader.RForkModelLoader'>` with load format `rfork`
(Worker pid=337906) INFO 07-27 19:28:36 [parallel_state.py:1607] world_size=16 rank=0 local_rank=0 distributed_init_method=tcp://127.0.0.1:33524 backend=hccl
2026-07-27 19:28:37,523 - 338277 - ServiceProfiler - INFO - VLLM_USE_V1 not set, auto-detected via vLLM 0.1.dev18654+g54503ecec.empty: default 0
INFO 07-27 19:28:37 [__init__.py:112] Registered model loader `<class 'vllm_ascend.model_loader.netloader.netloader.ModelNetLoaderElastic'>` with load format `netloader`
INFO 07-27 19:28:37 [__init__.py:112] Registered model loader `<class 'vllm_ascend.model_loader.rfork.rfork_loader.RForkModelLoader'>` with load format `rfork`
2026-07-27 19:28:37,562 - 338279 - ServiceProfiler - INFO - VLLM_USE_V1 not set, auto-detected via vLLM 0.1.dev18654+g54503ecec.empty: default 0
INFO 07-27 19:28:37 [__init__.py:112] Registered model loader `<class 'vllm_ascend.model_loader.netloader.netloader.ModelNetLoaderElastic'>` with load format `netloader`
INFO 07-27 19:28:37 [__init__.py:112] Registered model loader `<class 'vllm_ascend.model_loader.rfork.rfork_loader.RForkModelLoader'>` with load format `rfork`
INFO 07-27 19:28:37 [ascend_config.py:490] finegrained_tp_config enabled: lmhead_tensor_parallel_size=2
INFO 07-27 19:28:37 [ascend_config.py:824] Dynamic EPLB is False
INFO 07-27 19:28:37 [ascend_config.py:825] The number of redundant experts is 0
INFO 07-27 19:28:37 [ascend_config.py:289] AscendConfig.enable_mlapo falls back to environment variable VLLM_ASCEND_ENABLE_MLAPO with value True. Please use additional_config.enable_mlapo instead, because VLLM_ASCEND_ENABLE_MLAPO will be removed in the next release.
2026-07-27 19:28:37,897 - 338280 - ServiceProfiler - INFO - VLLM_USE_V1 not set, auto-detected via vLLM 0.1.dev18654+g54503ecec.empty: default 0
INFO 07-27 19:28:37 [__init__.py:112] Registered model loader `<class 'vllm_ascend.model_loader.netloader.netloader.ModelNetLoaderElastic'>` with load format `netloader`
INFO 07-27 19:28:37 [__init__.py:112] Registered model loader `<class 'vllm_ascend.model_loader.rfork.rfork_loader.RForkModelLoader'>` with load format `rfork`
2026-07-27 19:28:37,985 - 338312 - ServiceProfiler - INFO - VLLM_USE_V1 not set, auto-detected via vLLM 0.1.dev18654+g54503ecec.empty: default 0
INFO 07-27 19:28:38 [__init__.py:112] Registered model loader `<class 'vllm_ascend.model_loader.netloader.netloader.ModelNetLoaderElastic'>` with load format `netloader`
INFO 07-27 19:28:38 [__init__.py:112] Registered model loader `<class 'vllm_ascend.model_loader.rfork.rfork_loader.RForkModelLoader'>` with load format `rfork`
2026-07-27 19:28:38,230 - 338316 - ServiceProfiler - INFO - VLLM_USE_V1 not set, auto-detected via vLLM 0.1.dev18654+g54503ecec.empty: default 0
INFO 07-27 19:28:38 [__init__.py:112] Registered model loader `<class 'vllm_ascend.model_loader.netloader.netloader.ModelNetLoaderElastic'>` with load format `netloader`
INFO 07-27 19:28:38 [__init__.py:112] Registered model loader `<class 'vllm_ascend.model_loader.rfork.rfork_loader.RForkModelLoader'>` with load format `rfork`
2026-07-27 19:28:38,504 - 338311 - ServiceProfiler - INFO - VLLM_USE_V1 not set, auto-detected via vLLM 0.1.dev18654+g54503ecec.empty: default 0
INFO 07-27 19:28:38 [__init__.py:112] Registered model loader `<class 'vllm_ascend.model_loader.netloader.netloader.ModelNetLoaderElastic'>` with load format `netloader`
INFO 07-27 19:28:38 [__init__.py:112] Registered model loader `<class 'vllm_ascend.model_loader.rfork.rfork_loader.RForkModelLoader'>` with load format `rfork`
2026-07-27 19:28:38,828 - 338341 - ServiceProfiler - INFO - VLLM_USE_V1 not set, auto-detected via vLLM 0.1.dev18654+g54503ecec.empty: default 0
INFO 07-27 19:28:38 [__init__.py:112] Registered model loader `<class 'vllm_ascend.model_loader.netloader.netloader.ModelNetLoaderElastic'>` with load format `netloader`
INFO 07-27 19:28:38 [__init__.py:112] Registered model loader `<class 'vllm_ascend.model_loader.rfork.rfork_loader.RForkModelLoader'>` with load format `rfork`
INFO 07-27 19:28:39 [ascend_config.py:490] finegrained_tp_config enabled: lmhead_tensor_parallel_size=2
INFO 07-27 19:28:39 [ascend_config.py:824] Dynamic EPLB is False
INFO 07-27 19:28:39 [ascend_config.py:825] The number of redundant experts is 0
INFO 07-27 19:28:39 [ascend_config.py:289] AscendConfig.enable_mlapo falls back to environment variable VLLM_ASCEND_ENABLE_MLAPO with value True. Please use additional_config.enable_mlapo instead, because VLLM_ASCEND_ENABLE_MLAPO will be removed in the next release.
INFO 07-27 19:28:39 [ascend_config.py:490] finegrained_tp_config enabled: lmhead_tensor_parallel_size=2
INFO 07-27 19:28:39 [ascend_config.py:824] Dynamic EPLB is False
INFO 07-27 19:28:39 [ascend_config.py:825] The number of redundant experts is 0
INFO 07-27 19:28:39 [ascend_config.py:289] AscendConfig.enable_mlapo falls back to environment variable VLLM_ASCEND_ENABLE_MLAPO with value True. Please use additional_config.enable_mlapo instead, because VLLM_ASCEND_ENABLE_MLAPO will be removed in the next release.
INFO 07-27 19:28:39 [ascend_config.py:490] finegrained_tp_config enabled: lmhead_tensor_parallel_size=2
INFO 07-27 19:28:39 [ascend_config.py:824] Dynamic EPLB is False
INFO 07-27 19:28:39 [ascend_config.py:825] The number of redundant experts is 0
INFO 07-27 19:28:39 [ascend_config.py:289] AscendConfig.enable_mlapo falls back to environment variable VLLM_ASCEND_ENABLE_MLAPO with value True. Please use additional_config.enable_mlapo instead, because VLLM_ASCEND_ENABLE_MLAPO will be removed in the next release.
INFO 07-27 19:28:39 [ascend_config.py:490] finegrained_tp_config enabled: lmhead_tensor_parallel_size=2
INFO 07-27 19:28:39 [ascend_config.py:824] Dynamic EPLB is False
INFO 07-27 19:28:39 [ascend_config.py:825] The number of redundant experts is 0
INFO 07-27 19:28:39 [ascend_config.py:289] AscendConfig.enable_mlapo falls back to environment variable VLLM_ASCEND_ENABLE_MLAPO with value True. Please use additional_config.enable_mlapo instead, because VLLM_ASCEND_ENABLE_MLAPO will be removed in the next release.
INFO 07-27 19:28:39 [ascend_config.py:490] finegrained_tp_config enabled: lmhead_tensor_parallel_size=2
INFO 07-27 19:28:39 [ascend_config.py:824] Dynamic EPLB is False
INFO 07-27 19:28:39 [ascend_config.py:825] The number of redundant experts is 0
INFO 07-27 19:28:39 [ascend_config.py:289] AscendConfig.enable_mlapo falls back to environment variable VLLM_ASCEND_ENABLE_MLAPO with value True. Please use additional_config.enable_mlapo instead, because VLLM_ASCEND_ENABLE_MLAPO will be removed in the next release.
(Worker pid=338265) INFO 07-27 19:28:39 [parallel_state.py:1607] world_size=16 rank=3 local_rank=1 distributed_init_method=tcp://127.0.0.1:33524 backend=hccl
INFO 07-27 19:28:39 [ascend_config.py:490] finegrained_tp_config enabled: lmhead_tensor_parallel_size=2
INFO 07-27 19:28:39 [ascend_config.py:824] Dynamic EPLB is False
INFO 07-27 19:28:39 [ascend_config.py:825] The number of redundant experts is 0
INFO 07-27 19:28:39 [ascend_config.py:289] AscendConfig.enable_mlapo falls back to environment variable VLLM_ASCEND_ENABLE_MLAPO with value True. Please use additional_config.enable_mlapo instead, because VLLM_ASCEND_ENABLE_MLAPO will be removed in the next release.
INFO 07-27 19:28:40 [ascend_config.py:490] finegrained_tp_config enabled: lmhead_tensor_parallel_size=2
INFO 07-27 19:28:40 [ascend_config.py:824] Dynamic EPLB is False
INFO 07-27 19:28:40 [ascend_config.py:825] The number of redundant experts is 0
INFO 07-27 19:28:40 [ascend_config.py:289] AscendConfig.enable_mlapo falls back to environment variable VLLM_ASCEND_ENABLE_MLAPO with value True. Please use additional_config.enable_mlapo instead, because VLLM_ASCEND_ENABLE_MLAPO will be removed in the next release.
(Worker pid=338279) INFO 07-27 19:28:40 [parallel_state.py:1607] world_size=16 rank=13 local_rank=1 distributed_init_method=tcp://127.0.0.1:33524 backend=hccl
(Worker pid=338277) INFO 07-27 19:28:40 [parallel_state.py:1607] world_size=16 rank=11 local_rank=1 distributed_init_method=tcp://127.0.0.1:33524 backend=hccl
(Worker pid=338312) INFO 07-27 19:28:41 [parallel_state.py:1607] world_size=16 rank=9 local_rank=1 distributed_init_method=tcp://127.0.0.1:33524 backend=hccl
(Worker pid=338280) INFO 07-27 19:28:41 [parallel_state.py:1607] world_size=16 rank=1 local_rank=1 distributed_init_method=tcp://127.0.0.1:33524 backend=hccl
(Worker pid=338316) INFO 07-27 19:28:41 [parallel_state.py:1607] world_size=16 rank=7 local_rank=1 distributed_init_method=tcp://127.0.0.1:33524 backend=hccl
(Worker pid=338311) INFO 07-27 19:28:41 [parallel_state.py:1607] world_size=16 rank=15 local_rank=1 distributed_init_method=tcp://127.0.0.1:33524 backend=hccl
(Worker pid=338341) INFO 07-27 19:28:42 [parallel_state.py:1607] world_size=16 rank=5 local_rank=1 distributed_init_method=tcp://127.0.0.1:33524 backend=hccl
[Gloo] Rank 1 is connected to 15 peer ranks. Expected number of connected peer ranks is : 15
[Gloo] Rank 12 is connected to 15 peer ranks. Expected number of connected peer ranks is : 15
[Gloo] Rank 4 is connected to 15 peer ranks. Expected number of connected peer ranks is : 15
[Gloo] Rank 0 is connected to 15 peer ranks. Expected number of connected peer ranks is : 15
[Gloo] Rank 2 is connected to 15 peer ranks. Expected number of connected peer ranks is : 15
[Gloo] Rank 3 is connected to 15 peer ranks. Expected number of connected peer ranks is : 15
[Gloo] Rank 10 is connected to 15 peer ranks. Expected number of connected peer ranks is : 15
[Gloo] Rank 5 is connected to 15 peer ranks. Expected number of connected peer ranks is : 15
[Gloo] Rank 7 is connected to 15 peer ranks. Expected number of connected peer ranks is : 15
[Gloo] Rank 6 is connected to 15 peer ranks. Expected number of connected peer ranks is : 15
[Gloo] Rank 8 is connected to 15 peer ranks. Expected number of connected peer ranks is : 15
[Gloo] Rank 9 is connected to 15 peer ranks. Expected number of connected peer ranks is : 15
[Gloo] Rank 15 is connected to 15 peer ranks. Expected number of connected peer ranks is : 15
[Gloo] Rank 11 is connected to 15 peer ranks. Expected number of connected peer ranks is : 15
[Gloo] Rank 14 is connected to 15 peer ranks. Expected number of connected peer ranks is : 15
[Gloo] Rank 13 is connected to 15 peer ranks. Expected number of connected peer ranks is : 15
[Gloo] Rank 1 is connected to 1 peer ranks. Expected number of connected peer ranks is : 1
[Gloo] Rank 0 is connected to 1 peer ranks. Expected number of connected peer ranks is : 1
[Gloo] Rank 0 is connected to 0 peer ranks. Expected number of connected peer ranks is : 0
[Gloo] Rank 0 is connected to 0 peer ranks. Expected number of connected peer ranks is : 0
[Gloo] Rank 0 is connected to 0 peer ranks. Expected number of connected peer ranks is : 0
[Gloo] Rank 0 is connected to 0 peer ranks. Expected number of connected peer ranks is : 0
[Gloo] Rank 0 is connected to 0 peer ranks. Expected number of connected peer ranks is : 0
[Gloo] Rank 0 is connected to 0 peer ranks. Expected number of connected peer ranks is : 0
[Gloo] Rank 1 is connected to 1 peer ranks. Expected number of connected peer ranks is : 1
[Gloo] Rank 0 is connected to 1 peer ranks. Expected number of connected peer ranks is : 1
[Gloo] Rank 1 is connected to 1 peer ranks. Expected number of connected peer ranks is : 1
[Gloo] Rank 0 is connected to 1 peer ranks. Expected number of connected peer ranks is : 1
[Gloo] Rank 0 is connected to 1 peer ranks. Expected number of connected peer ranks is : 1
[Gloo] Rank 0 is connected to 1 peer ranks. Expected number of connected peer ranks is : 1
[Gloo] Rank 1 is connected to 1 peer ranks. Expected number of connected peer ranks is : 1
[Gloo] Rank 1 is connected to 1 peer ranks. Expected number of connected peer ranks is : 1
[Gloo] Rank 1 is connected to 1 peer ranks. Expected number of connected peer ranks is : 1
[Gloo] Rank 1 is connected to 1 peer ranks. Expected number of connected peer ranks is : 1
[Gloo] Rank 0 is connected to 1 peer ranks. Expected number of connected peer ranks is : 1
[Gloo] Rank 1 is connected to 1 peer ranks. Expected number of connected peer ranks is : 1
[Gloo] Rank 0 is connected to 1 peer ranks. Expected number of connected peer ranks is : 1
[Gloo] Rank 0 is connected to 1 peer ranks. Expected number of connected peer ranks is : 1
[Gloo] Rank 0 is connected to 0 peer ranks. Expected number of connected peer ranks is : 0
[Gloo] Rank 0 is connected to 0 peer ranks. Expected number of connected peer ranks is : 0
[Gloo] Rank 0 is connected to 0 peer ranks. Expected number of connected peer ranks is : 0
[Gloo] Rank 0 is connected to 0 peer ranks. Expected number of connected peer ranks is : 0
[Gloo] Rank 0 is connected to 0 peer ranks. Expected number of connected peer ranks is : 0
[Gloo] Rank 0 is connected to 0 peer ranks. Expected number of connected peer ranks is : 0
[Gloo] Rank 0 is connected to 0 peer ranks. Expected number of connected peer ranks is : 0
[Gloo] Rank 0 is connected to 0 peer ranks. Expected number of connected peer ranks is : 0
[Gloo] Rank 0 is connected to 0 peer ranks. Expected number of connected peer ranks is : 0
[Gloo] Rank 0 is connected to 0 peer ranks. Expected number of connected peer ranks is : 0
[Gloo] Rank 0 is connected to 0 peer ranks. Expected number of connected peer ranks is : 0
[Gloo] Rank 0 is connected to 0 peer ranks. Expected number of connected peer ranks is : 0
[Gloo] Rank 0 is connected to 0 peer ranks. Expected number of connected peer ranks is : 0
[Gloo] Rank 0 is connected to 0 peer ranks. Expected number of connected peer ranks is : 0
[Gloo] Rank 0 is connected to 0 peer ranks. Expected number of connected peer ranks is : 0
[Gloo] Rank 0 is connected to 0 peer ranks. Expected number of connected peer ranks is : 0
[Gloo] Rank 0 is connected to 0 peer ranks. Expected number of connected peer ranks is : 0
[Gloo] Rank 0 is connected to 0 peer ranks. Expected number of connected peer ranks is : 0
[Gloo] Rank 0 is connected to 0 peer ranks. Expected number of connected peer ranks is : 0
[Gloo] Rank 0 is connected to 0 peer ranks. Expected number of connected peer ranks is : 0
[Gloo] Rank 0 is connected to 0 peer ranks. Expected number of connected peer ranks is : 0
[Gloo] Rank 0 is connected to 0 peer ranks. Expected number of connected peer ranks is : 0
[Gloo] Rank 0 is connected to 0 peer ranks. Expected number of connected peer ranks is : 0
[Gloo] Rank 0 is connected to 0 peer ranks. Expected number of connected peer ranks is : 0
[Gloo] Rank 0 is connected to 0 peer ranks. Expected number of connected peer ranks is : 0
[Gloo] Rank 0 is connected to 0 peer ranks. Expected number of connected peer ranks is : 0
[Gloo] Rank 0 is connected to 0 peer ranks. Expected number of connected peer ranks is : 0
[Gloo] Rank 0 is connected to 0 peer ranks. Expected number of connected peer ranks is : 0
[Gloo] Rank 0 is connected to 0 peer ranks. Expected number of connected peer ranks is : 0
[Gloo] Rank 0 is connected to 0 peer ranks. Expected number of connected peer ranks is : 0
[Gloo] Rank 0 is connected to 0 peer ranks. Expected number of connected peer ranks is : 0
[Gloo] Rank 0 is connected to 0 peer ranks. Expected number of connected peer ranks is : 0
[Gloo] Rank 0 is connected to 0 peer ranks. Expected number of connected peer ranks is : 0
[Gloo] Rank 0 is connected to 0 peer ranks. Expected number of connected peer ranks is : 0
[Gloo] Rank 0 is connected to 0 peer ranks. Expected number of connected peer ranks is : 0
[Gloo] Rank 0 is connected to 0 peer ranks. Expected number of connected peer ranks is : 0
[Gloo] Rank 0 is connected to 0 peer ranks. Expected number of connected peer ranks is : 0
[Gloo] Rank 0 is connected to 0 peer ranks. Expected number of connected peer ranks is : 0
[Gloo] Rank 0 is connected to 0 peer ranks. Expected number of connected peer ranks is : 0
[Gloo] Rank 0 is connected to 0 peer ranks. Expected number of connected peer ranks is : 0
[Gloo] Rank 0 is connected to 0 peer ranks. Expected number of connected peer ranks is : 0
[Gloo] Rank 0 is connected to 0 peer ranks. Expected number of connected peer ranks is : 0
[Gloo] Rank 1 is connected to 7 peer ranks. Expected number of connected peer ranks is : 7
[Gloo] Rank 0 is connected to 7 peer ranks. Expected number of connected peer ranks is : 7
[Gloo] Rank 0 is connected to 7 peer ranks. Expected number of connected peer ranks is : 7
[Gloo] Rank 2 is connected to 7 peer ranks. Expected number of connected peer ranks is : 7
[Gloo] Rank 2 is connected to 7 peer ranks. Expected number of connected peer ranks is : 7
[Gloo] Rank 4 is connected to 7 peer ranks. Expected number of connected peer ranks is : 7
[Gloo] Rank 1 is connected to 7 peer ranks. Expected number of connected peer ranks is : 7
[Gloo] Rank 3 is connected to 7 peer ranks. Expected number of connected peer ranks is : 7
[Gloo] Rank 5 is connected to 7 peer ranks. Expected number of connected peer ranks is : 7
[Gloo] Rank 7 is connected to 7 peer ranks. Expected number of connected peer ranks is : 7
[Gloo] Rank 6 is connected to 7 peer ranks. Expected number of connected peer ranks is : 7
[Gloo] Rank 5 is connected to 7 peer ranks. Expected number of connected peer ranks is : 7
[Gloo] Rank 4 is connected to 7 peer ranks. Expected number of connected peer ranks is : 7
[Gloo] Rank 3 is connected to 7 peer ranks. Expected number of connected peer ranks is : 7
[Gloo] Rank 6 is connected to 7 peer ranks. Expected number of connected peer ranks is : 7
[Gloo] Rank 7 is connected to 7 peer ranks. Expected number of connected peer ranks is : 7
[Gloo] Rank 0 is connected to 15 peer ranks. Expected number of connected peer ranks is : 15
[Gloo] Rank 1 is connected to 15 peer ranks. Expected number of connected peer ranks is : 15
[Gloo] Rank 2 is connected to 15 peer ranks. Expected number of connected peer ranks is : 15
[Gloo] Rank 3 is connected to 15 peer ranks. Expected number of connected peer ranks is : 15
[Gloo] Rank 4 is connected to 15 peer ranks. Expected number of connected peer ranks is : 15
(Worker pid=337906) INFO 07-27 19:28:42 [parallel_state.py:1942] rank 0 in world size 16 is assigned as DP rank 0, PP rank 0, PCP rank 0, TP rank 0, EP rank 0, EPLB rank N/A
[Gloo] Rank 5 is connected to 15 peer ranks. Expected number of connected peer ranks is : 15
[Gloo] Rank 6 is connected to 15 peer ranks. Expected number of connected peer ranks is : 15
[Gloo] Rank 8 is connected to 15 peer ranks. Expected number of connected peer ranks is : 15
[Gloo] Rank 7 is connected to 15 peer ranks. Expected number of connected peer ranks is : 15
[Gloo] Rank 11 is connected to 15 peer ranks. Expected number of connected peer ranks is : 15
[Gloo] Rank 10 is connected to 15 peer ranks. Expected number of connected peer ranks is : 15
[Gloo] Rank 9 is connected to 15 peer ranks. Expected number of connected peer ranks is : 15
[Gloo] Rank 12 is connected to 15 peer ranks. Expected number of connected peer ranks is : 15
(Worker pid=337900) INFO 07-27 19:28:42 [parallel_state.py:1942] rank 2 in world size 16 is assigned as DP rank 1, PP rank 0, PCP rank 0, TP rank 0, EP rank 2, EPLB rank N/A
[Gloo] Rank 15 is connected to 15 peer ranks. Expected number of connected peer ranks is : 15
[Gloo] Rank 14 is connected to 15 peer ranks. Expected number of connected peer ranks is : 15
[Gloo] Rank 13 is connected to 15 peer ranks. Expected number of connected peer ranks is : 15
(Worker pid=337904) INFO 07-27 19:28:42 [parallel_state.py:1942] rank 4 in world size 16 is assigned as DP rank 2, PP rank 0, PCP rank 0, TP rank 0, EP rank 4, EPLB rank N/A
(Worker pid=337903) INFO 07-27 19:28:42 [parallel_state.py:1942] rank 6 in world size 16 is assigned as DP rank 3, PP rank 0, PCP rank 0, TP rank 0, EP rank 6, EPLB rank N/A
(Worker pid=337905) INFO 07-27 19:28:42 [parallel_state.py:1942] rank 8 in world size 16 is assigned as DP rank 4, PP rank 0, PCP rank 0, TP rank 0, EP rank 8, EPLB rank N/A
(Worker pid=337899) INFO 07-27 19:28:42 [parallel_state.py:1942] rank 10 in world size 16 is assigned as DP rank 5, PP rank 0, PCP rank 0, TP rank 0, EP rank 10, EPLB rank N/A
(Worker pid=337902) INFO 07-27 19:28:42 [parallel_state.py:1942] rank 14 in world size 16 is assigned as DP rank 7, PP rank 0, PCP rank 0, TP rank 0, EP rank 14, EPLB rank N/A
(Worker pid=337901) INFO 07-27 19:28:42 [parallel_state.py:1942] rank 12 in world size 16 is assigned as DP rank 6, PP rank 0, PCP rank 0, TP rank 0, EP rank 12, EPLB rank N/A
[Gloo] Rank 0 is connected to 15 peer ranks. Expected number of connected peer ranks is : 15
[Gloo] Rank 7 is connected to 15 peer ranks. Expected number of connected peer ranks is : 15
[Gloo] Rank 1 is connected to 15 peer ranks. Expected number of connected peer ranks is : 15
[Gloo] Rank 3 is connected to 15 peer ranks. Expected number of connected peer ranks is : 15
[Gloo] Rank 4 is connected to 15 peer ranks. Expected number of connected peer ranks is : 15
[Gloo] Rank 9 is connected to 15 peer ranks. Expected number of connected peer ranks is : 15
[Gloo] Rank 11 is connected to 15 peer ranks. Expected number of connected peer ranks is : 15
[Gloo] Rank 13 is connected to 15 peer ranks. Expected number of connected peer ranks is : 15
[Gloo] Rank 0 is connected to 1 peer ranks. Expected number of connected peer ranks is : 1
[Gloo] Rank 1 is connected to 1 peer ranks. Expected number of connected peer ranks is : 1
[Gloo] Rank 1 is connected to 1 peer ranks. Expected number of connected peer ranks is : 1
[Gloo] Rank 0 is connected to 1 peer ranks. Expected number of connected peer ranks is : 1
[Gloo] Rank 2 is connected to 15 peer ranks. Expected number of connected peer ranks is : 15
[Gloo] Rank 5 is connected to 15 peer ranks. Expected number of connected peer ranks is : 15
[Gloo] Rank 6 is connected to 15 peer ranks. Expected number of connected peer ranks is : 15
[Gloo] Rank 8 is connected to 15 peer ranks. Expected number of connected peer ranks is : 15
[Gloo] Rank 14 is connected to 15 peer ranks. Expected number of connected peer ranks is : 15
[Gloo] Rank 10 is connected to 15 peer ranks. Expected number of connected peer ranks is : 15
[Gloo] Rank 12 is connected to 15 peer ranks. Expected number of connected peer ranks is : 15
[Gloo] Rank 15 is connected to 15 peer ranks. Expected number of connected peer ranks is : 15
[Gloo] Rank 0 is connected to 1 peer ranks. Expected number of connected peer ranks is : 1
[Gloo] Rank 1 is connected to 1 peer ranks. Expected number of connected peer ranks is : 1
[Gloo] Rank 1 is connected to 1 peer ranks. Expected number of connected peer ranks is : 1
[Gloo] Rank 0 is connected to 1 peer ranks. Expected number of connected peer ranks is : 1
[Gloo] Rank 1 is connected to 1 peer ranks. Expected number of connected peer ranks is : 1
[Gloo] Rank 0 is connected to 1 peer ranks. Expected number of connected peer ranks is : 1
[Gloo] Rank 1 is connected to 1 peer ranks. Expected number of connected peer ranks is : 1
[Gloo] Rank 0 is connected to 1 peer ranks. Expected number of connected peer ranks is : 1
[Gloo] Rank 1 is connected to 1 peer ranks. Expected number of connected peer ranks is : 1
[Gloo] Rank 0 is connected to 1 peer ranks. Expected number of connected peer ranks is : 1
[Gloo] Rank 0 is connected to 1 peer ranks. Expected number of connected peer ranks is : 1
[Gloo] Rank 1 is connected to 1 peer ranks. Expected number of connected peer ranks is : 1
(Worker pid=338312) WARNING 07-27 19:28:42 [__init__.py:204] min_p and logit_bias parameters won't work with speculative decoding.
(Worker pid=338277) WARNING 07-27 19:28:42 [__init__.py:204] min_p and logit_bias parameters won't work with speculative decoding.
(Worker pid=338265) WARNING 07-27 19:28:42 [__init__.py:204] min_p and logit_bias parameters won't work with speculative decoding.
(Worker pid=338280) WARNING 07-27 19:28:42 [__init__.py:204] min_p and logit_bias parameters won't work with speculative decoding.
(Worker pid=337902) WARNING 07-27 19:28:42 [__init__.py:204] min_p and logit_bias parameters won't work with speculative decoding.
(Worker pid=337906) WARNING 07-27 19:28:42 [__init__.py:204] min_p and logit_bias parameters won't work with speculative decoding.
(Worker pid=337899) WARNING 07-27 19:28:42 [__init__.py:204] min_p and logit_bias parameters won't work with speculative decoding.
(Worker pid=337904) WARNING 07-27 19:28:42 [__init__.py:204] min_p and logit_bias parameters won't work with speculative decoding.
(Worker pid=337905) WARNING 07-27 19:28:42 [__init__.py:204] min_p and logit_bias parameters won't work with speculative decoding.
(Worker pid=337903) WARNING 07-27 19:28:42 [__init__.py:204] min_p and logit_bias parameters won't work with speculative decoding.
(Worker pid=338279) WARNING 07-27 19:28:42 [__init__.py:204] min_p and logit_bias parameters won't work with speculative decoding.
(Worker pid=338277) WARNING 07-27 19:28:42 [__init__.py:204] min_p and logit_bias parameters won't work with speculative decoding.
(Worker pid=338312) WARNING 07-27 19:28:42 [__init__.py:204] min_p and logit_bias parameters won't work with speculative decoding.
(Worker pid=338311) WARNING 07-27 19:28:42 [__init__.py:204] min_p and logit_bias parameters won't work with speculative decoding.
(Worker_DP5_TP1_EP11 pid=338277) INFO 07-27 19:28:42 [model_runner_v1.py:3788] Starting to load model /mnt/weights/DeepSeek-V3.1-Terminus-w8a8-QuaRot-lfs...
(Worker pid=338341) WARNING 07-27 19:28:42 [__init__.py:204] min_p and logit_bias parameters won't work with speculative decoding.
(Worker_DP4_TP1_EP9 pid=338312) INFO 07-27 19:28:42 [model_runner_v1.py:3788] Starting to load model /mnt/weights/DeepSeek-V3.1-Terminus-w8a8-QuaRot-lfs...
(Worker pid=337901) WARNING 07-27 19:28:42 [__init__.py:204] min_p and logit_bias parameters won't work with speculative decoding.
(Worker pid=337900) WARNING 07-27 19:28:42 [__init__.py:204] min_p and logit_bias parameters won't work with speculative decoding.
(Worker pid=338316) WARNING 07-27 19:28:42 [__init__.py:204] min_p and logit_bias parameters won't work with speculative decoding.
(Worker pid=338265) WARNING 07-27 19:28:42 [__init__.py:204] min_p and logit_bias parameters won't work with speculative decoding.
(Worker_DP1_TP1_EP3 pid=338265) INFO 07-27 19:28:42 [model_runner_v1.py:3788] Starting to load model /mnt/weights/DeepSeek-V3.1-Terminus-w8a8-QuaRot-lfs...
(Worker pid=338280) WARNING 07-27 19:28:42 [__init__.py:204] min_p and logit_bias parameters won't work with speculative decoding.
(Worker_DP0_TP1_EP1 pid=338280) INFO 07-27 19:28:42 [model_runner_v1.py:3788] Starting to load model /mnt/weights/DeepSeek-V3.1-Terminus-w8a8-QuaRot-lfs...
(Worker pid=337902) WARNING 07-27 19:28:42 [__init__.py:204] min_p and logit_bias parameters won't work with speculative decoding.
(Worker pid=337899) WARNING 07-27 19:28:42 [__init__.py:204] min_p and logit_bias parameters won't work with speculative decoding.
(Worker_DP7_TP0_EP14 pid=337902) INFO 07-27 19:28:42 [model_runner_v1.py:3788] Starting to load model /mnt/weights/DeepSeek-V3.1-Terminus-w8a8-QuaRot-lfs...
(Worker_DP5_TP0_EP10 pid=337899) INFO 07-27 19:28:42 [model_runner_v1.py:3788] Starting to load model /mnt/weights/DeepSeek-V3.1-Terminus-w8a8-QuaRot-lfs...
(Worker pid=337906) WARNING 07-27 19:28:42 [__init__.py:204] min_p and logit_bias parameters won't work with speculative decoding.
(Worker pid=338311) WARNING 07-27 19:28:42 [__init__.py:204] min_p and logit_bias parameters won't work with speculative decoding.
(Worker pid=337905) WARNING 07-27 19:28:42 [__init__.py:204] min_p and logit_bias parameters won't work with speculative decoding.
(Worker_DP0_TP0_EP0 pid=337906) INFO 07-27 19:28:42 [model_runner_v1.py:3788] Starting to load model /mnt/weights/DeepSeek-V3.1-Terminus-w8a8-QuaRot-lfs...
(Worker pid=337903) WARNING 07-27 19:28:42 [__init__.py:204] min_p and logit_bias parameters won't work with speculative decoding.
(Worker_DP7_TP1_EP15 pid=338311) INFO 07-27 19:28:42 [model_runner_v1.py:3788] Starting to load model /mnt/weights/DeepSeek-V3.1-Terminus-w8a8-QuaRot-lfs...
(Worker pid=338279) WARNING 07-27 19:28:42 [__init__.py:204] min_p and logit_bias parameters won't work with speculative decoding.
(Worker pid=337900) WARNING 07-27 19:28:42 [__init__.py:204] min_p and logit_bias parameters won't work with speculative decoding.
(Worker_DP4_TP0_EP8 pid=337905) INFO 07-27 19:28:42 [model_runner_v1.py:3788] Starting to load model /mnt/weights/DeepSeek-V3.1-Terminus-w8a8-QuaRot-lfs...
(Worker_DP6_TP1_EP13 pid=338279) INFO 07-27 19:28:42 [model_runner_v1.py:3788] Starting to load model /mnt/weights/DeepSeek-V3.1-Terminus-w8a8-QuaRot-lfs...
(Worker_DP3_TP0_EP6 pid=337903) INFO 07-27 19:28:42 [model_runner_v1.py:3788] Starting to load model /mnt/weights/DeepSeek-V3.1-Terminus-w8a8-QuaRot-lfs...
(Worker pid=337901) WARNING 07-27 19:28:42 [__init__.py:204] min_p and logit_bias parameters won't work with speculative decoding.
(Worker pid=338341) WARNING 07-27 19:28:42 [__init__.py:204] min_p and logit_bias parameters won't work with speculative decoding.
(Worker pid=337904) WARNING 07-27 19:28:42 [__init__.py:204] min_p and logit_bias parameters won't work with speculative decoding.
(Worker pid=338316) WARNING 07-27 19:28:42 [__init__.py:204] min_p and logit_bias parameters won't work with speculative decoding.
(Worker_DP1_TP0_EP2 pid=337900) INFO 07-27 19:28:42 [model_runner_v1.py:3788] Starting to load model /mnt/weights/DeepSeek-V3.1-Terminus-w8a8-QuaRot-lfs...
(Worker_DP6_TP0_EP12 pid=337901) INFO 07-27 19:28:42 [model_runner_v1.py:3788] Starting to load model /mnt/weights/DeepSeek-V3.1-Terminus-w8a8-QuaRot-lfs...
(Worker_DP3_TP1_EP7 pid=338316) INFO 07-27 19:28:42 [model_runner_v1.py:3788] Starting to load model /mnt/weights/DeepSeek-V3.1-Terminus-w8a8-QuaRot-lfs...
(Worker_DP2_TP1_EP5 pid=338341) INFO 07-27 19:28:42 [model_runner_v1.py:3788] Starting to load model /mnt/weights/DeepSeek-V3.1-Terminus-w8a8-QuaRot-lfs...
(Worker_DP2_TP0_EP4 pid=337904) INFO 07-27 19:28:42 [model_runner_v1.py:3788] Starting to load model /mnt/weights/DeepSeek-V3.1-Terminus-w8a8-QuaRot-lfs...
(Worker_DP6_TP0_EP12 pid=337901) INFO 07-27 19:28:43 [modelslim_config.py:478] Using the vLLM Ascend modelslim Quantization now!
(Worker_DP4_TP0_EP8 pid=337905) INFO 07-27 19:28:43 [modelslim_config.py:478] Using the vLLM Ascend modelslim Quantization now!
(Worker_DP0_TP0_EP0 pid=337906) INFO 07-27 19:28:43 [modelslim_config.py:478] Using the vLLM Ascend modelslim Quantization now!
(Worker_DP5_TP0_EP10 pid=337899) INFO 07-27 19:28:43 [modelslim_config.py:478] Using the vLLM Ascend modelslim Quantization now!
(Worker_DP7_TP0_EP14 pid=337902) INFO 07-27 19:28:43 [modelslim_config.py:478] Using the vLLM Ascend modelslim Quantization now!
(Worker_DP2_TP0_EP4 pid=337904) INFO 07-27 19:28:43 [modelslim_config.py:478] Using the vLLM Ascend modelslim Quantization now!
(Worker_DP1_TP0_EP2 pid=337900) INFO 07-27 19:28:43 [modelslim_config.py:478] Using the vLLM Ascend modelslim Quantization now!
(Worker_DP3_TP0_EP6 pid=337903) INFO 07-27 19:28:43 [modelslim_config.py:478] Using the vLLM Ascend modelslim Quantization now!
(Worker_DP6_TP0_EP12 pid=337901) INFO 07-27 19:28:43 [expert_map_manager.py:245] [EP Rank 12/16] Expert parallelism is enabled. Expert placement strategy: linear. Local/global number of experts: 16/256. Experts local to global index map: 0->192, 1->193, 2->194, 3->195, 4->196, 5->197, 6->198, 7->199, 8->200, 9->201, 10->202, 11->203, 12->204, 13->205, 14->206, 15->207.
(Worker_DP4_TP0_EP8 pid=337905) INFO 07-27 19:28:43 [expert_map_manager.py:245] [EP Rank 8/16] Expert parallelism is enabled. Expert placement strategy: linear. Local/global number of experts: 16/256. Experts local to global index map: 0->128, 1->129, 2->130, 3->131, 4->132, 5->133, 6->134, 7->135, 8->136, 9->137, 10->138, 11->139, 12->140, 13->141, 14->142, 15->143.
(Worker_DP0_TP0_EP0 pid=337906) INFO 07-27 19:28:43 [expert_map_manager.py:245] [EP Rank 0/16] Expert parallelism is enabled. Expert placement strategy: linear. Local/global number of experts: 16/256. Experts local to global index map: 0->0, 1->1, 2->2, 3->3, 4->4, 5->5, 6->6, 7->7, 8->8, 9->9, 10->10, 11->11, 12->12, 13->13, 14->14, 15->15.
(Worker_DP5_TP0_EP10 pid=337899) INFO 07-27 19:28:43 [expert_map_manager.py:245] [EP Rank 10/16] Expert parallelism is enabled. Expert placement strategy: linear. Local/global number of experts: 16/256. Experts local to global index map: 0->160, 1->161, 2->162, 3->163, 4->164, 5->165, 6->166, 7->167, 8->168, 9->169, 10->170, 11->171, 12->172, 13->173, 14->174, 15->175.
(Worker_DP7_TP0_EP14 pid=337902) INFO 07-27 19:28:43 [expert_map_manager.py:245] [EP Rank 14/16] Expert parallelism is enabled. Expert placement strategy: linear. Local/global number of experts: 16/256. Experts local to global index map: 0->224, 1->225, 2->226, 3->227, 4->228, 5->229, 6->230, 7->231, 8->232, 9->233, 10->234, 11->235, 12->236, 13->237, 14->238, 15->239.
(Worker_DP2_TP0_EP4 pid=337904) INFO 07-27 19:28:43 [expert_map_manager.py:245] [EP Rank 4/16] Expert parallelism is enabled. Expert placement strategy: linear. Local/global number of experts: 16/256. Experts local to global index map: 0->64, 1->65, 2->66, 3->67, 4->68, 5->69, 6->70, 7->71, 8->72, 9->73, 10->74, 11->75, 12->76, 13->77, 14->78, 15->79.
(Worker_DP1_TP0_EP2 pid=337900) INFO 07-27 19:28:43 [expert_map_manager.py:245] [EP Rank 2/16] Expert parallelism is enabled. Expert placement strategy: linear. Local/global number of experts: 16/256. Experts local to global index map: 0->32, 1->33, 2->34, 3->35, 4->36, 5->37, 6->38, 7->39, 8->40, 9->41, 10->42, 11->43, 12->44, 13->45, 14->46, 15->47.
(Worker_DP3_TP0_EP6 pid=337903) INFO 07-27 19:28:43 [expert_map_manager.py:245] [EP Rank 6/16] Expert parallelism is enabled. Expert placement strategy: linear. Local/global number of experts: 16/256. Experts local to global index map: 0->96, 1->97, 2->98, 3->99, 4->100, 5->101, 6->102, 7->103, 8->104, 9->105, 10->106, 11->107, 12->108, 13->109, 14->110, 15->111.
(Worker_DP4_TP1_EP9 pid=338312) INFO 07-27 19:28:53 [compilation.py:1067] Using OOT custom backend for compilation.
(Worker_DP5_TP0_EP10 pid=337899) INFO 07-27 19:28:53 [compilation.py:1067] Using OOT custom backend for compilation.
(Worker_DP7_TP1_EP15 pid=338311) INFO 07-27 19:28:53 [compilation.py:1067] Using OOT custom backend for compilation.
(Worker_DP2_TP0_EP4 pid=337904) INFO 07-27 19:28:53 [compilation.py:1067] Using OOT custom backend for compilation.
(Worker_DP0_TP0_EP0 pid=337906) INFO 07-27 19:28:53 [compilation.py:1067] Using OOT custom backend for compilation.
(Worker_DP0_TP1_EP1 pid=338280) INFO 07-27 19:28:53 [compilation.py:1067] Using OOT custom backend for compilation.
(Worker_DP5_TP0_EP10 pid=337899) INFO 07-27 19:28:53 [weight_utils.py:857] Filesystem type for checkpoints: EXT4. Checkpoint size: 646.43 GiB. Available RAM: 1872.79 GiB.
(Worker_DP5_TP0_EP10 pid=337899) INFO 07-27 19:28:53 [weight_utils.py:880] Auto-prefetch is disabled because the filesystem (EXT4) is not a recognized network FS (NFS/Lustre). If you want to force prefetching, start vLLM with --safetensors-load-strategy=prefetch.
(Worker_DP4_TP0_EP8 pid=337905) INFO 07-27 19:28:53 [compilation.py:1067] Using OOT custom backend for compilation.
(Worker_DP6_TP1_EP13 pid=338279) INFO 07-27 19:28:53 [compilation.py:1067] Using OOT custom backend for compilation.
(Worker_DP2_TP0_EP4 pid=337904) INFO 07-27 19:28:53 [weight_utils.py:857] Filesystem type for checkpoints: EXT4. Checkpoint size: 646.43 GiB. Available RAM: 1872.72 GiB.
(Worker_DP2_TP0_EP4 pid=337904) INFO 07-27 19:28:53 [weight_utils.py:880] Auto-prefetch is disabled because the filesystem (EXT4) is not a recognized network FS (NFS/Lustre). If you want to force prefetching, start vLLM with --safetensors-load-strategy=prefetch.
(Worker_DP6_TP0_EP12 pid=337901) INFO 07-27 19:28:53 [compilation.py:1067] Using OOT custom backend for compilation.
(Worker_DP0_TP0_EP0 pid=337906) INFO 07-27 19:28:53 [weight_utils.py:857] Filesystem type for checkpoints: EXT4. Checkpoint size: 646.43 GiB. Available RAM: 1872.72 GiB.
(Worker_DP0_TP0_EP0 pid=337906) INFO 07-27 19:28:53 [weight_utils.py:880] Auto-prefetch is disabled because the filesystem (EXT4) is not a recognized network FS (NFS/Lustre). If you want to force prefetching, start vLLM with --safetensors-load-strategy=prefetch.
(Worker_DP0_TP0_EP0 pid=337906) 
Loading safetensors checkpoint shards:   0% Completed | 0/162 [00:00<?, ?it/s]
(Worker_DP5_TP1_EP11 pid=338277) INFO 07-27 19:28:53 [compilation.py:1067] Using OOT custom backend for compilation.
(Worker_DP7_TP0_EP14 pid=337902) INFO 07-27 19:28:53 [compilation.py:1067] Using OOT custom backend for compilation.
(Worker_DP3_TP0_EP6 pid=337903) INFO 07-27 19:28:53 [compilation.py:1067] Using OOT custom backend for compilation.
(Worker_DP1_TP1_EP3 pid=338265) INFO 07-27 19:28:53 [compilation.py:1067] Using OOT custom backend for compilation.
(Worker_DP4_TP0_EP8 pid=337905) INFO 07-27 19:28:53 [weight_utils.py:857] Filesystem type for checkpoints: EXT4. Checkpoint size: 646.43 GiB. Available RAM: 1872.54 GiB.
(Worker_DP4_TP0_EP8 pid=337905) INFO 07-27 19:28:53 [weight_utils.py:880] Auto-prefetch is disabled because the filesystem (EXT4) is not a recognized network FS (NFS/Lustre). If you want to force prefetching, start vLLM with --safetensors-load-strategy=prefetch.
(Worker_DP1_TP0_EP2 pid=337900) INFO 07-27 19:28:53 [compilation.py:1067] Using OOT custom backend for compilation.
(Worker_DP6_TP0_EP12 pid=337901) INFO 07-27 19:28:53 [weight_utils.py:857] Filesystem type for checkpoints: EXT4. Checkpoint size: 646.43 GiB. Available RAM: 1872.35 GiB.
(Worker_DP6_TP0_EP12 pid=337901) INFO 07-27 19:28:53 [weight_utils.py:880] Auto-prefetch is disabled because the filesystem (EXT4) is not a recognized network FS (NFS/Lustre). If you want to force prefetching, start vLLM with --safetensors-load-strategy=prefetch.
(Worker_DP7_TP0_EP14 pid=337902) INFO 07-27 19:28:53 [weight_utils.py:857] Filesystem type for checkpoints: EXT4. Checkpoint size: 646.43 GiB. Available RAM: 1872.34 GiB.
(Worker_DP7_TP0_EP14 pid=337902) INFO 07-27 19:28:53 [weight_utils.py:880] Auto-prefetch is disabled because the filesystem (EXT4) is not a recognized network FS (NFS/Lustre). If you want to force prefetching, start vLLM with --safetensors-load-strategy=prefetch.
(Worker_DP2_TP1_EP5 pid=338341) INFO 07-27 19:28:53 [compilation.py:1067] Using OOT custom backend for compilation.
(Worker_DP3_TP0_EP6 pid=337903) INFO 07-27 19:28:53 [weight_utils.py:857] Filesystem type for checkpoints: EXT4. Checkpoint size: 646.43 GiB. Available RAM: 1872.20 GiB.
(Worker_DP3_TP0_EP6 pid=337903) INFO 07-27 19:28:53 [weight_utils.py:880] Auto-prefetch is disabled because the filesystem (EXT4) is not a recognized network FS (NFS/Lustre). If you want to force prefetching, start vLLM with --safetensors-load-strategy=prefetch.
(Worker_DP3_TP1_EP7 pid=338316) INFO 07-27 19:28:53 [compilation.py:1067] Using OOT custom backend for compilation.
(Worker_DP0_TP0_EP0 pid=337906) 
Loading safetensors checkpoint shards:   1% Completed | 1/162 [00:00<01:25,  1.88it/s]
(Worker_DP1_TP0_EP2 pid=337900) INFO 07-27 19:28:54 [weight_utils.py:857] Filesystem type for checkpoints: EXT4. Checkpoint size: 646.43 GiB. Available RAM: 1872.04 GiB.
(Worker_DP1_TP0_EP2 pid=337900) INFO 07-27 19:28:54 [weight_utils.py:880] Auto-prefetch is disabled because the filesystem (EXT4) is not a recognized network FS (NFS/Lustre). If you want to force prefetching, start vLLM with --safetensors-load-strategy=prefetch.
(Worker_DP0_TP0_EP0 pid=337906) 
Loading safetensors checkpoint shards:   1% Completed | 2/162 [00:00<01:17,  2.05it/s]
(Worker_DP0_TP0_EP0 pid=337906) 
Loading safetensors checkpoint shards:   2% Completed | 3/162 [00:01<00:56,  2.80it/s]
(Worker_DP0_TP0_EP0 pid=337906) 
Loading safetensors checkpoint shards:   2% Completed | 4/162 [00:01<00:57,  2.74it/s]
(Worker_DP0_TP0_EP0 pid=337906) 
Loading safetensors checkpoint shards:   3% Completed | 5/162 [00:01<00:50,  3.12it/s]
(Worker_DP0_TP0_EP0 pid=337906) 
Loading safetensors checkpoint shards:   4% Completed | 6/162 [00:01<00:42,  3.65it/s]
(Worker_DP0_TP0_EP0 pid=337906) 
Loading safetensors checkpoint shards:   4% Completed | 7/162 [00:02<00:46,  3.34it/s]
(Worker_DP0_TP0_EP0 pid=337906) 
Loading safetensors checkpoint shards:   5% Completed | 8/162 [00:02<00:43,  3.58it/s]
(Worker_DP0_TP0_EP0 pid=337906) 
Loading safetensors checkpoint shards:   6% Completed | 9/162 [00:02<00:40,  3.75it/s]
(Worker_DP0_TP0_EP0 pid=337906) 
Loading safetensors checkpoint shards:   6% Completed | 10/162 [00:03<00:42,  3.55it/s]
(Worker_DP0_TP0_EP0 pid=337906) 
Loading safetensors checkpoint shards:   7% Completed | 11/162 [00:03<00:40,  3.70it/s]
(Worker_DP0_TP0_EP0 pid=337906) 
Loading safetensors checkpoint shards:   7% Completed | 12/162 [00:03<00:43,  3.46it/s]
(Worker_DP0_TP0_EP0 pid=337906) 
Loading safetensors checkpoint shards:   8% Completed | 13/162 [00:03<00:41,  3.60it/s]
(Worker_DP0_TP0_EP0 pid=337906) 
Loading safetensors checkpoint shards:   9% Completed | 14/162 [00:04<00:37,  3.99it/s]
(Worker_DP0_TP0_EP0 pid=337906) 
Loading safetensors checkpoint shards:   9% Completed | 15/162 [00:04<00:41,  3.54it/s]
(Worker_DP0_TP0_EP0 pid=337906) 
Loading safetensors checkpoint shards:  10% Completed | 16/162 [00:04<00:40,  3.64it/s]
(Worker_DP0_TP0_EP0 pid=337906) 
Loading safetensors checkpoint shards:  10% Completed | 17/162 [00:04<00:36,  4.00it/s]
(Worker_DP0_TP0_EP0 pid=337906) 
Loading safetensors checkpoint shards:  11% Completed | 18/162 [00:05<00:42,  3.40it/s]
(Worker_DP0_TP0_EP0 pid=337906) 
Loading safetensors checkpoint shards:  12% Completed | 19/162 [00:05<00:39,  3.60it/s]
(Worker_DP0_TP0_EP0 pid=337906) 
Loading safetensors checkpoint shards:  12% Completed | 20/162 [00:05<00:44,  3.23it/s]
(Worker_DP0_TP0_EP0 pid=337906) 
Loading safetensors checkpoint shards:  13% Completed | 21/162 [00:06<00:41,  3.38it/s]
(Worker_DP0_TP0_EP0 pid=337906) 
Loading safetensors checkpoint shards:  14% Completed | 22/162 [00:06<00:37,  3.78it/s]
(Worker_DP0_TP0_EP0 pid=337906) 
Loading safetensors checkpoint shards:  14% Completed | 23/162 [00:06<00:40,  3.45it/s]
(Worker_DP0_TP0_EP0 pid=337906) 
Loading safetensors checkpoint shards:  15% Completed | 24/162 [00:07<00:37,  3.66it/s]
(Worker_DP0_TP0_EP0 pid=337906) 
Loading safetensors checkpoint shards:  15% Completed | 25/162 [00:07<00:33,  4.09it/s]
(Worker_DP0_TP0_EP0 pid=337906) 
Loading safetensors checkpoint shards:  16% Completed | 26/162 [00:07<00:35,  3.81it/s]
(Worker_DP0_TP0_EP0 pid=337906) 
Loading safetensors checkpoint shards:  17% Completed | 27/162 [00:07<00:33,  3.98it/s]
(Worker_DP0_TP0_EP0 pid=337906) 
Loading safetensors checkpoint shards:  17% Completed | 28/162 [00:08<00:35,  3.74it/s]
(Worker_DP0_TP0_EP0 pid=337906) 
Loading safetensors checkpoint shards:  18% Completed | 29/162 [00:08<00:33,  3.92it/s]
(Worker_DP0_TP0_EP0 pid=337906) 
Loading safetensors checkpoint shards:  19% Completed | 30/162 [00:08<00:30,  4.27it/s]
(Worker_DP0_TP0_EP0 pid=337906) 
Loading safetensors checkpoint shards:  19% Completed | 31/162 [00:08<00:34,  3.85it/s]
(Worker_DP0_TP0_EP0 pid=337906) 
Loading safetensors checkpoint shards:  20% Completed | 32/162 [00:08<00:32,  4.01it/s]
(Worker_DP0_TP0_EP0 pid=337906) 
Loading safetensors checkpoint shards:  20% Completed | 33/162 [00:09<00:29,  4.36it/s]
(Worker_DP0_TP0_EP0 pid=337906) 
Loading safetensors checkpoint shards:  21% Completed | 34/162 [00:09<00:32,  3.89it/s]
(Worker_DP0_TP0_EP0 pid=337906) 
Loading safetensors checkpoint shards:  22% Completed | 35/162 [00:09<00:31,  4.02it/s]
(Worker_DP0_TP0_EP0 pid=337906) 
Loading safetensors checkpoint shards:  22% Completed | 36/162 [00:09<00:32,  3.89it/s]
(Worker_DP0_TP0_EP0 pid=337906) 
Loading safetensors checkpoint shards:  23% Completed | 37/162 [00:10<00:30,  4.06it/s]
(Worker_DP0_TP0_EP0 pid=337906) 
Loading safetensors checkpoint shards:  23% Completed | 38/162 [00:10<00:27,  4.48it/s]
(Worker_DP0_TP0_EP0 pid=337906) 
Loading safetensors checkpoint shards:  24% Completed | 39/162 [00:10<00:31,  3.97it/s]
(Worker_DP0_TP0_EP0 pid=337906) 
Loading safetensors checkpoint shards:  25% Completed | 40/162 [00:10<00:30,  3.98it/s]
(Worker_DP0_TP0_EP0 pid=337906) 
Loading safetensors checkpoint shards:  25% Completed | 41/162 [00:11<00:28,  4.29it/s]
(Worker_DP0_TP0_EP0 pid=337906) 
Loading safetensors checkpoint shards:  26% Completed | 42/162 [00:11<00:30,  3.95it/s]
(Worker_DP0_TP0_EP0 pid=337906) 
Loading safetensors checkpoint shards:  27% Completed | 43/162 [00:11<00:29,  4.03it/s]
(Worker_DP0_TP0_EP0 pid=337906) 
Loading safetensors checkpoint shards:  27% Completed | 44/162 [00:11<00:29,  4.05it/s]
(Worker_DP0_TP0_EP0 pid=337906) 
Loading safetensors checkpoint shards:  28% Completed | 45/162 [00:12<00:29,  3.98it/s]
(Worker_DP0_TP0_EP0 pid=337906) 
Loading safetensors checkpoint shards:  28% Completed | 46/162 [00:12<00:27,  4.27it/s]
(Worker_DP0_TP0_EP0 pid=337906) 
Loading safetensors checkpoint shards:  29% Completed | 47/162 [00:12<00:29,  3.88it/s]
(Worker_DP0_TP0_EP0 pid=337906) 
Loading safetensors checkpoint shards:  30% Completed | 48/162 [00:12<00:28,  3.97it/s]
(Worker_DP0_TP0_EP0 pid=337906) 
Loading safetensors checkpoint shards:  30% Completed | 49/162 [00:13<00:27,  4.17it/s]
(Worker_DP0_TP0_EP0 pid=337906) 
Loading safetensors checkpoint shards:  31% Completed | 50/162 [00:13<00:29,  3.77it/s]
(Worker_DP0_TP0_EP0 pid=337906) 
Loading safetensors checkpoint shards:  31% Completed | 51/162 [00:13<00:28,  3.93it/s]
(Worker_DP0_TP0_EP0 pid=337906) 
Loading safetensors checkpoint shards:  32% Completed | 52/162 [00:13<00:26,  4.15it/s]
(Worker_DP0_TP0_EP0 pid=337906) 
Loading safetensors checkpoint shards:  33% Completed | 53/162 [00:14<00:28,  3.85it/s]
(Worker_DP0_TP0_EP0 pid=337906) 
Loading safetensors checkpoint shards:  33% Completed | 54/162 [00:14<00:26,  4.13it/s]
(Worker_DP0_TP0_EP0 pid=337906) 
Loading safetensors checkpoint shards:  34% Completed | 55/162 [00:14<00:27,  3.84it/s]
(Worker_DP0_TP0_EP0 pid=337906) 
Loading safetensors checkpoint shards:  35% Completed | 56/162 [00:14<00:26,  4.07it/s]
(Worker_DP0_TP0_EP0 pid=337906) 
Loading safetensors checkpoint shards:  35% Completed | 57/162 [00:15<00:23,  4.51it/s]
(Worker_DP0_TP0_EP0 pid=337906) 
Loading safetensors checkpoint shards:  36% Completed | 58/162 [00:15<00:25,  4.13it/s]
(Worker_DP0_TP0_EP0 pid=337906) 
Loading safetensors checkpoint shards:  36% Completed | 59/162 [00:15<00:24,  4.27it/s]
(Worker_DP0_TP0_EP0 pid=337906) 
Loading safetensors checkpoint shards:  37% Completed | 60/162 [00:15<00:22,  4.60it/s]
(Worker_DP0_TP0_EP0 pid=337906) 
Loading safetensors checkpoint shards:  38% Completed | 61/162 [00:16<00:25,  3.97it/s]
(Worker_DP0_TP0_EP0 pid=337906) 
Loading safetensors checkpoint shards:  38% Completed | 62/162 [00:16<00:24,  4.08it/s]
(Worker_DP0_TP0_EP0 pid=337906) 
Loading safetensors checkpoint shards:  39% Completed | 63/162 [00:16<00:25,  3.91it/s]
(Worker_DP0_TP0_EP0 pid=337906) 
Loading safetensors checkpoint shards:  40% Completed | 64/162 [00:16<00:23,  4.10it/s]
(Worker_DP0_TP0_EP0 pid=337906) 
Loading safetensors checkpoint shards:  40% Completed | 65/162 [00:17<00:22,  4.36it/s]
(Worker_DP0_TP0_EP0 pid=337906) 
Loading safetensors checkpoint shards:  41% Completed | 66/162 [00:17<00:23,  4.03it/s]
(Worker_DP0_TP0_EP0 pid=337906) 
Loading safetensors checkpoint shards:  41% Completed | 67/162 [00:17<00:22,  4.18it/s]
(Worker_DP0_TP0_EP0 pid=337906) 
Loading safetensors checkpoint shards:  42% Completed | 68/162 [00:17<00:20,  4.56it/s]
(Worker_DP0_TP0_EP0 pid=337906) 
Loading safetensors checkpoint shards:  43% Completed | 69/162 [00:17<00:22,  4.20it/s]
(Worker_DP0_TP0_EP0 pid=337906) 
Loading safetensors checkpoint shards:  43% Completed | 70/162 [00:18<00:21,  4.27it/s]
(Worker_DP0_TP0_EP0 pid=337906) 
Loading safetensors checkpoint shards:  44% Completed | 71/162 [00:18<00:23,  3.79it/s]
(Worker_DP0_TP0_EP0 pid=337906) 
Loading safetensors checkpoint shards:  44% Completed | 72/162 [00:18<00:22,  4.01it/s]
(Worker_DP0_TP0_EP0 pid=337906) 
Loading safetensors checkpoint shards:  45% Completed | 73/162 [00:18<00:20,  4.40it/s]
(Worker_DP0_TP0_EP0 pid=337906) 
Loading safetensors checkpoint shards:  46% Completed | 74/162 [00:19<00:21,  4.05it/s]
(Worker_DP0_TP0_EP0 pid=337906) 
Loading safetensors checkpoint shards:  46% Completed | 75/162 [00:19<00:20,  4.19it/s]
(Worker_DP0_TP0_EP0 pid=337906) 
Loading safetensors checkpoint shards:  47% Completed | 76/162 [00:19<00:18,  4.57it/s]
(Worker_DP0_TP0_EP0 pid=337906) 
Loading safetensors checkpoint shards:  48% Completed | 77/162 [00:19<00:20,  4.08it/s]
(Worker_DP0_TP0_EP0 pid=337906) 
Loading safetensors checkpoint shards:  48% Completed | 78/162 [00:20<00:19,  4.20it/s]
(Worker_DP0_TP0_EP0 pid=337906) 
Loading safetensors checkpoint shards:  49% Completed | 79/162 [00:20<00:20,  4.11it/s]
(Worker_DP0_TP0_EP0 pid=337906) 
Loading safetensors checkpoint shards:  49% Completed | 80/162 [00:20<00:19,  4.19it/s]
(Worker_DP0_TP0_EP0 pid=337906) 
Loading safetensors checkpoint shards:  50% Completed | 81/162 [00:20<00:18,  4.47it/s]
(Worker_DP0_TP0_EP0 pid=337906) 
Loading safetensors checkpoint shards:  51% Completed | 82/162 [00:21<00:19,  4.12it/s]
(Worker_DP0_TP0_EP0 pid=337906) 
Loading safetensors checkpoint shards:  51% Completed | 83/162 [00:21<00:18,  4.24it/s]
(Worker_DP0_TP0_EP0 pid=337906) 
Loading safetensors checkpoint shards:  52% Completed | 84/162 [00:21<00:16,  4.63it/s]
(Worker_DP0_TP0_EP0 pid=337906) 
Loading safetensors checkpoint shards:  52% Completed | 85/162 [00:21<00:18,  4.17it/s]
(Worker_DP0_TP0_EP0 pid=337906) 
Loading safetensors checkpoint shards:  53% Completed | 86/162 [00:22<00:18,  4.17it/s]
(Worker_DP0_TP0_EP0 pid=337906) 
Loading safetensors checkpoint shards:  54% Completed | 87/162 [00:22<00:18,  4.11it/s]
(Worker_DP0_TP0_EP0 pid=337906) 
Loading safetensors checkpoint shards:  54% Completed | 88/162 [00:22<00:20,  3.66it/s]
(Worker_DP0_TP0_EP0 pid=337906) 
Loading safetensors checkpoint shards:  55% Completed | 89/162 [00:22<00:18,  3.96it/s]
(Worker_DP0_TP0_EP0 pid=337906) 
Loading safetensors checkpoint shards:  56% Completed | 90/162 [00:23<00:19,  3.72it/s]
(Worker_DP0_TP0_EP0 pid=337906) 
Loading safetensors checkpoint shards:  56% Completed | 91/162 [00:23<00:18,  3.86it/s]
(Worker_DP0_TP0_EP0 pid=337906) 
Loading safetensors checkpoint shards:  57% Completed | 92/162 [00:23<00:16,  4.21it/s]
(Worker_DP0_TP0_EP0 pid=337906) 
Loading safetensors checkpoint shards:  57% Completed | 93/162 [00:23<00:18,  3.78it/s]
(Worker_DP0_TP0_EP0 pid=337906) 
Loading safetensors checkpoint shards:  58% Completed | 94/162 [00:24<00:17,  3.97it/s]
(Worker_DP0_TP0_EP0 pid=337906) 
Loading safetensors checkpoint shards:  59% Completed | 95/162 [00:24<00:16,  4.17it/s]
(Worker_DP0_TP0_EP0 pid=337906) 
Loading safetensors checkpoint shards:  59% Completed | 96/162 [00:24<00:18,  3.64it/s]
(Worker_DP0_TP0_EP0 pid=337906) 
Loading safetensors checkpoint shards:  60% Completed | 97/162 [00:24<00:16,  3.92it/s]
(Worker_DP0_TP0_EP0 pid=337906) 
Loading safetensors checkpoint shards:  60% Completed | 98/162 [00:25<00:17,  3.64it/s]
(Worker_DP0_TP0_EP0 pid=337906) 
Loading safetensors checkpoint shards:  61% Completed | 99/162 [00:25<00:16,  3.88it/s]
(Worker_DP0_TP0_EP0 pid=337906) 
Loading safetensors checkpoint shards:  62% Completed | 100/162 [00:25<00:14,  4.30it/s]
(Worker_DP0_TP0_EP0 pid=337906) 
Loading safetensors checkpoint shards:  62% Completed | 101/162 [00:25<00:15,  3.97it/s]
(Worker_DP0_TP0_EP0 pid=337906) 
Loading safetensors checkpoint shards:  63% Completed | 102/162 [00:26<00:14,  4.14it/s]
(Worker_DP0_TP0_EP0 pid=337906) 
Loading safetensors checkpoint shards:  64% Completed | 103/162 [00:26<00:13,  4.51it/s]
(Worker_DP0_TP0_EP0 pid=337906) 
Loading safetensors checkpoint shards:  64% Completed | 104/162 [00:26<00:14,  3.99it/s]
(Worker_DP0_TP0_EP0 pid=337906) 
Loading safetensors checkpoint shards:  65% Completed | 105/162 [00:26<00:13,  4.14it/s]
(Worker_DP0_TP0_EP0 pid=337906) 
Loading safetensors checkpoint shards:  65% Completed | 106/162 [00:27<00:14,  3.75it/s]
(Worker_DP0_TP0_EP0 pid=337906) 
Loading safetensors checkpoint shards:  66% Completed | 107/162 [00:27<00:14,  3.90it/s]
(Worker_DP0_TP0_EP0 pid=337906) 
Loading safetensors checkpoint shards:  67% Completed | 108/162 [00:27<00:12,  4.31it/s]
(Worker_DP0_TP0_EP0 pid=337906) 
Loading safetensors checkpoint shards:  67% Completed | 109/162 [00:27<00:13,  3.95it/s]
(Worker_DP0_TP0_EP0 pid=337906) 
Loading safetensors checkpoint shards:  68% Completed | 110/162 [00:28<00:12,  4.12it/s]
(Worker_DP0_TP0_EP0 pid=337906) 
Loading safetensors checkpoint shards:  69% Completed | 111/162 [00:28<00:11,  4.40it/s]
(Worker_DP0_TP0_EP0 pid=337906) 
Loading safetensors checkpoint shards:  69% Completed | 112/162 [00:28<00:13,  3.79it/s]
(Worker_DP0_TP0_EP0 pid=337906) 
Loading safetensors checkpoint shards:  70% Completed | 113/162 [00:28<00:12,  3.86it/s]
(Worker_DP0_TP0_EP0 pid=337906) 
Loading safetensors checkpoint shards:  70% Completed | 114/162 [00:29<00:13,  3.51it/s]
(Worker_DP0_TP0_EP0 pid=337906) 
Loading safetensors checkpoint shards:  71% Completed | 115/162 [00:29<00:13,  3.57it/s]
(Worker_DP0_TP0_EP0 pid=337906) 
Loading safetensors checkpoint shards:  72% Completed | 116/162 [00:29<00:11,  4.00it/s]
(Worker_DP0_TP0_EP0 pid=337906) 
Loading safetensors checkpoint shards:  72% Completed | 117/162 [00:30<00:12,  3.64it/s]
(Worker_DP0_TP0_EP0 pid=337906) 
Loading safetensors checkpoint shards:  73% Completed | 118/162 [00:30<00:11,  3.78it/s]
(Worker_DP0_TP0_EP0 pid=337906) 
Loading safetensors checkpoint shards:  73% Completed | 119/162 [00:30<00:10,  4.19it/s]
(Worker_DP0_TP0_EP0 pid=337906) 
Loading safetensors checkpoint shards:  74% Completed | 120/162 [00:30<00:11,  3.60it/s]
(Worker_DP0_TP0_EP0 pid=337906) 
Loading safetensors checkpoint shards:  75% Completed | 121/162 [00:31<00:11,  3.66it/s]
(Worker_DP0_TP0_EP0 pid=337906) 
Loading safetensors checkpoint shards:  75% Completed | 122/162 [00:31<00:11,  3.60it/s]
(Worker_DP0_TP0_EP0 pid=337906) 
Loading safetensors checkpoint shards:  76% Completed | 123/162 [00:31<00:10,  3.68it/s]
(Worker_DP0_TP0_EP0 pid=337906) 
Loading safetensors checkpoint shards:  77% Completed | 124/162 [00:31<00:09,  4.00it/s]
(Worker_DP0_TP0_EP0 pid=337906) 
Loading safetensors checkpoint shards:  77% Completed | 125/162 [00:32<00:09,  3.80it/s]
(Worker_DP0_TP0_EP0 pid=337906) 
Loading safetensors checkpoint shards:  78% Completed | 126/162 [00:32<00:08,  4.00it/s]
(Worker_DP0_TP0_EP0 pid=337906) 
Loading safetensors checkpoint shards:  78% Completed | 127/162 [00:32<00:08,  4.36it/s]
(Worker_DP0_TP0_EP0 pid=337906) 
Loading safetensors checkpoint shards:  79% Completed | 128/162 [00:32<00:09,  3.73it/s]
(Worker_DP0_TP0_EP0 pid=337906) 
Loading safetensors checkpoint shards:  80% Completed | 129/162 [00:33<00:08,  3.79it/s]
(Worker_DP0_TP0_EP0 pid=337906) 
Loading safetensors checkpoint shards:  80% Completed | 130/162 [00:33<00:08,  3.90it/s]
(Worker_DP0_TP0_EP0 pid=337906) 
Loading safetensors checkpoint shards:  81% Completed | 131/162 [00:33<00:08,  3.67it/s]
(Worker_DP0_TP0_EP0 pid=337906) 
Loading safetensors checkpoint shards:  81% Completed | 132/162 [00:33<00:07,  3.96it/s]
(Worker_DP0_TP0_EP0 pid=337906) 
Loading safetensors checkpoint shards:  82% Completed | 133/162 [00:34<00:07,  3.75it/s]
(Worker_DP0_TP0_EP0 pid=337906) 
Loading safetensors checkpoint shards:  83% Completed | 134/162 [00:34<00:07,  3.94it/s]
(Worker_DP0_TP0_EP0 pid=337906) 
Loading safetensors checkpoint shards:  83% Completed | 135/162 [00:34<00:06,  4.35it/s]
(Worker_DP0_TP0_EP0 pid=337906) 
Loading safetensors checkpoint shards:  84% Completed | 136/162 [00:34<00:06,  3.77it/s]
(Worker_DP0_TP0_EP0 pid=337906) 
Loading safetensors checkpoint shards:  85% Completed | 137/162 [00:35<00:06,  3.86it/s]
(Worker_DP0_TP0_EP0 pid=337906) 
Loading safetensors checkpoint shards:  85% Completed | 138/162 [00:35<00:05,  4.15it/s]
(Worker_DP0_TP0_EP0 pid=337906) 
Loading safetensors checkpoint shards:  86% Completed | 139/162 [00:35<00:06,  3.77it/s]
(Worker_DP0_TP0_EP0 pid=337906) 
Loading safetensors checkpoint shards:  86% Completed | 140/162 [00:35<00:05,  3.91it/s]
(Worker_DP0_TP0_EP0 pid=337906) 
Loading safetensors checkpoint shards:  87% Completed | 141/162 [00:36<00:05,  3.55it/s]
(Worker_DP0_TP0_EP0 pid=337906) 
Loading safetensors checkpoint shards:  88% Completed | 142/162 [00:36<00:05,  3.73it/s]
(Worker_DP0_TP0_EP0 pid=337906) 
Loading safetensors checkpoint shards:  88% Completed | 143/162 [00:36<00:04,  4.12it/s]
(Worker_DP0_TP0_EP0 pid=337906) 
Loading safetensors checkpoint shards:  89% Completed | 144/162 [00:36<00:04,  3.73it/s]
(Worker_DP0_TP0_EP0 pid=337906) 
Loading safetensors checkpoint shards:  90% Completed | 145/162 [00:37<00:04,  3.88it/s]
(Worker_DP0_TP0_EP0 pid=337906) 
Loading safetensors checkpoint shards:  90% Completed | 146/162 [00:37<00:03,  4.21it/s]
(Worker_DP0_TP0_EP0 pid=337906) 
Loading safetensors checkpoint shards:  91% Completed | 147/162 [00:37<00:04,  3.72it/s]
(Worker_DP0_TP0_EP0 pid=337906) 
Loading safetensors checkpoint shards:  91% Completed | 148/162 [00:38<00:03,  3.81it/s]
(Worker_DP0_TP0_EP0 pid=337906) 
Loading safetensors checkpoint shards:  92% Completed | 149/162 [00:38<00:03,  3.57it/s]
(Worker_DP4_TP0_EP8 pid=337905) INFO 07-27 19:29:31 [default_loader.py:430] Loading weights took 38.22 seconds
(Worker_DP0_TP0_EP0 pid=337906) 
Loading safetensors checkpoint shards:  93% Completed | 150/162 [00:38<00:03,  3.70it/s]
(Worker_DP0_TP0_EP0 pid=337906) 
Loading safetensors checkpoint shards:  93% Completed | 151/162 [00:38<00:02,  4.14it/s]
(Worker_DP0_TP0_EP0 pid=337906) 
Loading safetensors checkpoint shards:  94% Completed | 152/162 [00:39<00:02,  3.76it/s]
(Worker_DP0_TP0_EP0 pid=337906) 
Loading safetensors checkpoint shards:  94% Completed | 153/162 [00:39<00:02,  3.90it/s]
(Worker_DP0_TP0_EP0 pid=337906) 
Loading safetensors checkpoint shards:  95% Completed | 154/162 [00:39<00:01,  4.24it/s]
(Worker_DP0_TP0_EP0 pid=337906) 
Loading safetensors checkpoint shards:  96% Completed | 155/162 [00:39<00:01,  3.76it/s]
(Worker_DP0_TP0_EP0 pid=337906) 
Loading safetensors checkpoint shards:  96% Completed | 156/162 [00:40<00:01,  3.88it/s]
(Worker_DP0_TP0_EP0 pid=337906) 
Loading safetensors checkpoint shards:  97% Completed | 157/162 [00:40<00:01,  4.41it/s]
(Worker_DP0_TP0_EP0 pid=337906) 
Loading safetensors checkpoint shards:  98% Completed | 158/162 [00:40<00:00,  4.40it/s]
(Worker_DP0_TP0_EP0 pid=337906) 
Loading safetensors checkpoint shards:  99% Completed | 160/162 [00:40<00:00,  6.58it/s]
(Worker_DP0_TP0_EP0 pid=337906) 
Loading safetensors checkpoint shards: 100% Completed | 162/162 [00:40<00:00,  3.99it/s]
(Worker_DP0_TP0_EP0 pid=337906) 
(Worker_DP0_TP0_EP0 pid=337906) INFO 07-27 19:29:34 [default_loader.py:430] Loading weights took 40.59 seconds
(Worker_DP1_TP0_EP2 pid=337900) INFO 07-27 19:29:34 [default_loader.py:430] Loading weights took 40.10 seconds
(Worker_DP5_TP0_EP10 pid=337899) INFO 07-27 19:29:34 [default_loader.py:430] Loading weights took 40.82 seconds
(Worker_DP7_TP0_EP14 pid=337902) INFO 07-27 19:29:34 [default_loader.py:430] Loading weights took 40.63 seconds
(Worker_DP2_TP0_EP4 pid=337904) INFO 07-27 19:29:34 [default_loader.py:430] Loading weights took 41.02 seconds
(Worker_DP6_TP0_EP12 pid=337901) INFO 07-27 19:29:34 [default_loader.py:430] Loading weights took 40.84 seconds
(Worker_DP3_TP0_EP6 pid=337903) INFO 07-27 19:29:34 [default_loader.py:430] Loading weights took 40.71 seconds
INFO 07-27 19:29:39 [__init__.py:52] Available plugins for group vllm.platform_plugins:
INFO 07-27 19:29:39 [__init__.py:54] - ascend -> vllm_ascend:register
INFO 07-27 19:29:39 [__init__.py:57] All plugins in this group will be loaded. Set `VLLM_PLUGINS` to control which plugins to load.
INFO 07-27 19:29:39 [__init__.py:237] Platform plugin ascend is activated
INFO 07-27 19:29:39 [platform.py:61] Breakable cudagraph is force disabled on Ascend because DeepSeek V4 PIECEWISE cudagraph is not supported yet.
INFO 07-27 19:29:39 [__init__.py:52] Available plugins for group vllm.platform_plugins:
INFO 07-27 19:29:39 [__init__.py:54] - ascend -> vllm_ascend:register
INFO 07-27 19:29:39 [__init__.py:57] All plugins in this group will be loaded. Set `VLLM_PLUGINS` to control which plugins to load.
INFO 07-27 19:29:39 [__init__.py:237] Platform plugin ascend is activated
INFO 07-27 19:29:39 [platform.py:61] Breakable cudagraph is force disabled on Ascend because DeepSeek V4 PIECEWISE cudagraph is not supported yet.
INFO 07-27 19:29:41 [__init__.py:52] Available plugins for group vllm.platform_plugins:
INFO 07-27 19:29:41 [__init__.py:54] - ascend -> vllm_ascend:register
INFO 07-27 19:29:41 [__init__.py:57] All plugins in this group will be loaded. Set `VLLM_PLUGINS` to control which plugins to load.
INFO 07-27 19:29:41 [__init__.py:237] Platform plugin ascend is activated
INFO 07-27 19:29:41 [platform.py:61] Breakable cudagraph is force disabled on Ascend because DeepSeek V4 PIECEWISE cudagraph is not supported yet.
INFO 07-27 19:29:41 [__init__.py:52] Available plugins for group vllm.platform_plugins:
INFO 07-27 19:29:41 [__init__.py:54] - ascend -> vllm_ascend:register
INFO 07-27 19:29:41 [__init__.py:57] All plugins in this group will be loaded. Set `VLLM_PLUGINS` to control which plugins to load.
INFO 07-27 19:29:41 [__init__.py:237] Platform plugin ascend is activated
INFO 07-27 19:29:41 [platform.py:61] Breakable cudagraph is force disabled on Ascend because DeepSeek V4 PIECEWISE cudagraph is not supported yet.
INFO 07-27 19:29:42 [__init__.py:52] Available plugins for group vllm.platform_plugins:
INFO 07-27 19:29:42 [__init__.py:54] - ascend -> vllm_ascend:register
INFO 07-27 19:29:42 [__init__.py:57] All plugins in this group will be loaded. Set `VLLM_PLUGINS` to control which plugins to load.
INFO 07-27 19:29:42 [__init__.py:237] Platform plugin ascend is activated
INFO 07-27 19:29:42 [platform.py:61] Breakable cudagraph is force disabled on Ascend because DeepSeek V4 PIECEWISE cudagraph is not supported yet.
INFO 07-27 19:29:43 [__init__.py:52] Available plugins for group vllm.platform_plugins:
INFO 07-27 19:29:43 [__init__.py:54] - ascend -> vllm_ascend:register
INFO 07-27 19:29:43 [__init__.py:57] All plugins in this group will be loaded. Set `VLLM_PLUGINS` to control which plugins to load.
INFO 07-27 19:29:43 [__init__.py:237] Platform plugin ascend is activated
INFO 07-27 19:29:43 [platform.py:61] Breakable cudagraph is force disabled on Ascend because DeepSeek V4 PIECEWISE cudagraph is not supported yet.
INFO 07-27 19:29:43 [__init__.py:52] Available plugins for group vllm.platform_plugins:
INFO 07-27 19:29:43 [__init__.py:54] - ascend -> vllm_ascend:register
INFO 07-27 19:29:43 [__init__.py:57] All plugins in this group will be loaded. Set `VLLM_PLUGINS` to control which plugins to load.
INFO 07-27 19:29:43 [__init__.py:237] Platform plugin ascend is activated
INFO 07-27 19:29:43 [platform.py:61] Breakable cudagraph is force disabled on Ascend because DeepSeek V4 PIECEWISE cudagraph is not supported yet.
INFO 07-27 19:29:43 [__init__.py:52] Available plugins for group vllm.platform_plugins:
INFO 07-27 19:29:43 [__init__.py:54] - ascend -> vllm_ascend:register
INFO 07-27 19:29:43 [__init__.py:57] All plugins in this group will be loaded. Set `VLLM_PLUGINS` to control which plugins to load.
INFO 07-27 19:29:43 [__init__.py:237] Platform plugin ascend is activated
INFO 07-27 19:29:43 [platform.py:61] Breakable cudagraph is force disabled on Ascend because DeepSeek V4 PIECEWISE cudagraph is not supported yet.
INFO 07-27 19:29:43 [__init__.py:52] Available plugins for group vllm.platform_plugins:
INFO 07-27 19:29:43 [__init__.py:54] - ascend -> vllm_ascend:register
INFO 07-27 19:29:43 [__init__.py:57] All plugins in this group will be loaded. Set `VLLM_PLUGINS` to control which plugins to load.
INFO 07-27 19:29:43 [__init__.py:237] Platform plugin ascend is activated
INFO 07-27 19:29:43 [platform.py:61] Breakable cudagraph is force disabled on Ascend because DeepSeek V4 PIECEWISE cudagraph is not supported yet.
INFO 07-27 19:29:43 [__init__.py:52] Available plugins for group vllm.platform_plugins:
INFO 07-27 19:29:43 [__init__.py:54] - ascend -> vllm_ascend:register
INFO 07-27 19:29:43 [__init__.py:57] All plugins in this group will be loaded. Set `VLLM_PLUGINS` to control which plugins to load.
INFO 07-27 19:29:43 [__init__.py:237] Platform plugin ascend is activated
INFO 07-27 19:29:43 [platform.py:61] Breakable cudagraph is force disabled on Ascend because DeepSeek V4 PIECEWISE cudagraph is not supported yet.
INFO 07-27 19:29:44 [__init__.py:52] Available plugins for group vllm.platform_plugins:
INFO 07-27 19:29:44 [__init__.py:54] - ascend -> vllm_ascend:register
INFO 07-27 19:29:44 [__init__.py:57] All plugins in this group will be loaded. Set `VLLM_PLUGINS` to control which plugins to load.
INFO 07-27 19:29:44 [__init__.py:237] Platform plugin ascend is activated
INFO 07-27 19:29:44 [platform.py:61] Breakable cudagraph is force disabled on Ascend because DeepSeek V4 PIECEWISE cudagraph is not supported yet.
INFO 07-27 19:29:44 [__init__.py:52] Available plugins for group vllm.platform_plugins:
INFO 07-27 19:29:44 [__init__.py:54] - ascend -> vllm_ascend:register
INFO 07-27 19:29:44 [__init__.py:57] All plugins in this group will be loaded. Set `VLLM_PLUGINS` to control which plugins to load.
INFO 07-27 19:29:44 [__init__.py:237] Platform plugin ascend is activated
INFO 07-27 19:29:44 [platform.py:61] Breakable cudagraph is force disabled on Ascend because DeepSeek V4 PIECEWISE cudagraph is not supported yet.
INFO 07-27 19:29:45 [__init__.py:52] Available plugins for group vllm.platform_plugins:
INFO 07-27 19:29:45 [__init__.py:54] - ascend -> vllm_ascend:register
INFO 07-27 19:29:45 [__init__.py:57] All plugins in this group will be loaded. Set `VLLM_PLUGINS` to control which plugins to load.
INFO 07-27 19:29:45 [__init__.py:237] Platform plugin ascend is activated
INFO 07-27 19:29:45 [platform.py:61] Breakable cudagraph is force disabled on Ascend because DeepSeek V4 PIECEWISE cudagraph is not supported yet.
INFO 07-27 19:29:45 [__init__.py:52] Available plugins for group vllm.platform_plugins:
INFO 07-27 19:29:45 [__init__.py:54] - ascend -> vllm_ascend:register
INFO 07-27 19:29:45 [__init__.py:57] All plugins in this group will be loaded. Set `VLLM_PLUGINS` to control which plugins to load.
INFO 07-27 19:29:45 [__init__.py:237] Platform plugin ascend is activated
INFO 07-27 19:29:45 [platform.py:61] Breakable cudagraph is force disabled on Ascend because DeepSeek V4 PIECEWISE cudagraph is not supported yet.
INFO 07-27 19:29:45 [__init__.py:52] Available plugins for group vllm.platform_plugins:
INFO 07-27 19:29:45 [__init__.py:54] - ascend -> vllm_ascend:register
INFO 07-27 19:29:45 [__init__.py:57] All plugins in this group will be loaded. Set `VLLM_PLUGINS` to control which plugins to load.
INFO 07-27 19:29:45 [__init__.py:237] Platform plugin ascend is activated
INFO 07-27 19:29:45 [platform.py:61] Breakable cudagraph is force disabled on Ascend because DeepSeek V4 PIECEWISE cudagraph is not supported yet.
INFO 07-27 19:29:45 [__init__.py:52] Available plugins for group vllm.platform_plugins:
INFO 07-27 19:29:45 [__init__.py:54] - ascend -> vllm_ascend:register
INFO 07-27 19:29:45 [__init__.py:57] All plugins in this group will be loaded. Set `VLLM_PLUGINS` to control which plugins to load.
INFO 07-27 19:29:45 [__init__.py:237] Platform plugin ascend is activated
INFO 07-27 19:29:45 [platform.py:61] Breakable cudagraph is force disabled on Ascend because DeepSeek V4 PIECEWISE cudagraph is not supported yet.
(Worker_DP4_TP0_EP8 pid=337905) INFO 07-27 19:29:48 [fused_moe.py:510] [fused_moe/layer] Shared expert split computation validation passed. Integrated and split-path results are consistent.
(Worker_DP4_TP0_EP8 pid=337905) INFO 07-27 19:29:51 [model_runner_v1.py:3813] Loading drafter model...
(Worker_DP4_TP0_EP8 pid=337905) INFO 07-27 19:29:52 [vllm.py:1090] Asynchronous scheduling is enabled.
(Worker_DP4_TP0_EP8 pid=337905) WARNING 07-27 19:29:52 [vllm.py:1114] Disabling cascade attention (not yet compatible with async speculative decoding).
(Worker_DP4_TP0_EP8 pid=337905) INFO 07-27 19:29:52 [kernel.py:292] Final IR op priority after setting platform defaults: IrOpPriorityConfig(rms_norm=['native'], fused_add_rms_norm=['native'])
(Worker_DP4_TP0_EP8 pid=337905) WARNING 07-27 19:29:52 [vllm.py:1697] max_num_scheduled_tokens is set to 256 based on the speculative decoding settings. This may lead to suboptimal performance. Consider increasing max_num_batched_tokens to accommodate the additional draft token slots, or decrease num_speculative_tokens or max_num_seqs.
(Worker_DP4_TP0_EP8 pid=337905) WARNING 07-27 19:29:52 [platform.py:1043] GPU-specific parameter is not supported on Ascend. parameter=disable_cascade_attn, value=True, action: resetting to False.
(Worker_DP4_TP0_EP8 pid=337905) INFO 07-27 19:29:52 [ascend_config.py:490] finegrained_tp_config enabled: lmhead_tensor_parallel_size=2
(Worker_DP4_TP0_EP8 pid=337905) INFO 07-27 19:29:52 [ascend_config.py:824] Dynamic EPLB is False
(Worker_DP4_TP0_EP8 pid=337905) INFO 07-27 19:29:52 [ascend_config.py:825] The number of redundant experts is 0
(Worker_DP4_TP0_EP8 pid=337905) INFO 07-27 19:29:52 [platform.py:770] Set PYTORCH_NPU_ALLOC_CONF=expandable_segments:True
(Worker_DP4_TP0_EP8 pid=337905) INFO 07-27 19:29:52 [llm_base_proposer.py:298] [spec_decode/base] Loading draft model: method=mtp, load_format=None, model=/mnt/weights/DeepSeek-V3.1-Terminus-w8a8-QuaRot-lfs
(Worker_DP4_TP0_EP8 pid=337905) INFO 07-27 19:29:52 [compilation.py:1067] Using OOT custom backend for compilation.
(Worker_DP4_TP0_EP8 pid=337905) INFO 07-27 19:29:52 [weight_utils.py:857] Filesystem type for checkpoints: EXT4. Checkpoint size: 646.43 GiB. Available RAM: 1832.93 GiB.
(Worker_DP7_TP1_EP15 pid=338311) INFO 07-27 19:29:53 [model_runner_v1.py:3813] Loading drafter model...
(Worker_DP7_TP1_EP15 pid=338311) INFO 07-27 19:29:53 [kernel.py:292] Final IR op priority after setting platform defaults: IrOpPriorityConfig(rms_norm=['native'], fused_add_rms_norm=['native'])
(Worker_DP7_TP1_EP15 pid=338311) WARNING 07-27 19:29:53 [platform.py:1043] GPU-specific parameter is not supported on Ascend. parameter=disable_cascade_attn, value=True, action: resetting to False.
(Worker_DP7_TP1_EP15 pid=338311) INFO 07-27 19:29:53 [ascend_config.py:490] finegrained_tp_config enabled: lmhead_tensor_parallel_size=2
(Worker_DP7_TP1_EP15 pid=338311) INFO 07-27 19:29:53 [ascend_config.py:824] Dynamic EPLB is False
(Worker_DP7_TP1_EP15 pid=338311) INFO 07-27 19:29:53 [ascend_config.py:825] The number of redundant experts is 0
(Worker_DP7_TP1_EP15 pid=338311) INFO 07-27 19:29:53 [platform.py:770] Set PYTORCH_NPU_ALLOC_CONF=expandable_segments:True
(Worker_DP7_TP1_EP15 pid=338311) INFO 07-27 19:29:53 [llm_base_proposer.py:298] [spec_decode/base] Loading draft model: method=mtp, load_format=None, model=/mnt/weights/DeepSeek-V3.1-Terminus-w8a8-QuaRot-lfs
(Worker_DP7_TP1_EP15 pid=338311) INFO 07-27 19:29:53 [compilation.py:1067] Using OOT custom backend for compilation.
(Worker_DP5_TP1_EP11 pid=338277) INFO 07-27 19:29:56 [model_runner_v1.py:3813] Loading drafter model...
(Worker_DP5_TP1_EP11 pid=338277) INFO 07-27 19:29:56 [kernel.py:292] Final IR op priority after setting platform defaults: IrOpPriorityConfig(rms_norm=['native'], fused_add_rms_norm=['native'])
(Worker_DP5_TP1_EP11 pid=338277) WARNING 07-27 19:29:56 [platform.py:1043] GPU-specific parameter is not supported on Ascend. parameter=disable_cascade_attn, value=True, action: resetting to False.
(Worker_DP5_TP1_EP11 pid=338277) INFO 07-27 19:29:56 [ascend_config.py:490] finegrained_tp_config enabled: lmhead_tensor_parallel_size=2
(Worker_DP5_TP1_EP11 pid=338277) INFO 07-27 19:29:56 [ascend_config.py:824] Dynamic EPLB is False
(Worker_DP5_TP1_EP11 pid=338277) INFO 07-27 19:29:56 [ascend_config.py:825] The number of redundant experts is 0
(Worker_DP5_TP1_EP11 pid=338277) INFO 07-27 19:29:56 [platform.py:770] Set PYTORCH_NPU_ALLOC_CONF=expandable_segments:True
(Worker_DP5_TP1_EP11 pid=338277) INFO 07-27 19:29:56 [llm_base_proposer.py:298] [spec_decode/base] Loading draft model: method=mtp, load_format=None, model=/mnt/weights/DeepSeek-V3.1-Terminus-w8a8-QuaRot-lfs
(Worker_DP0_TP1_EP1 pid=338280) INFO 07-27 19:29:56 [model_runner_v1.py:3813] Loading drafter model...
(Worker_DP0_TP1_EP1 pid=338280) INFO 07-27 19:29:56 [kernel.py:292] Final IR op priority after setting platform defaults: IrOpPriorityConfig(rms_norm=['native'], fused_add_rms_norm=['native'])
(Worker_DP0_TP1_EP1 pid=338280) WARNING 07-27 19:29:56 [platform.py:1043] GPU-specific parameter is not supported on Ascend. parameter=disable_cascade_attn, value=True, action: resetting to False.
(Worker_DP0_TP1_EP1 pid=338280) INFO 07-27 19:29:56 [ascend_config.py:490] finegrained_tp_config enabled: lmhead_tensor_parallel_size=2
(Worker_DP0_TP1_EP1 pid=338280) INFO 07-27 19:29:56 [ascend_config.py:824] Dynamic EPLB is False
(Worker_DP0_TP1_EP1 pid=338280) INFO 07-27 19:29:56 [ascend_config.py:825] The number of redundant experts is 0
(Worker_DP0_TP1_EP1 pid=338280) INFO 07-27 19:29:56 [platform.py:770] Set PYTORCH_NPU_ALLOC_CONF=expandable_segments:True
(Worker_DP0_TP1_EP1 pid=338280) INFO 07-27 19:29:56 [llm_base_proposer.py:298] [spec_decode/base] Loading draft model: method=mtp, load_format=None, model=/mnt/weights/DeepSeek-V3.1-Terminus-w8a8-QuaRot-lfs
(Worker_DP5_TP0_EP10 pid=337899) INFO 07-27 19:29:56 [fused_moe.py:510] [fused_moe/layer] Shared expert split computation validation passed. Integrated and split-path results are consistent.
(Worker_DP5_TP1_EP11 pid=338277) INFO 07-27 19:29:56 [compilation.py:1067] Using OOT custom backend for compilation.
(Worker_DP0_TP1_EP1 pid=338280) INFO 07-27 19:29:56 [compilation.py:1067] Using OOT custom backend for compilation.
(Worker_DP0_TP0_EP0 pid=337906) INFO 07-27 19:29:57 [fused_moe.py:510] [fused_moe/layer] Shared expert split computation validation passed. Integrated and split-path results are consistent.
(Worker_DP4_TP0_EP8 pid=337905) INFO 07-27 19:29:58 [default_loader.py:430] Loading weights took 5.95 seconds
(Worker_DP4_TP0_EP8 pid=337905) INFO 07-27 19:29:58 [llm_base_proposer.py:461] [spec_decode/base] Detected MTP model. Sharing target model embedding weights with the draft model.
(Worker_DP4_TP0_EP8 pid=337905) INFO 07-27 19:29:58 [llm_base_proposer.py:522] [spec_decode/base] Wrapping draft model with ACLGraphWrapper: runtime_mode=FULL, use_eagle=True, enable_enpu=False
(Worker_DP7_TP1_EP15 pid=338311) INFO 07-27 19:29:59 [llm_base_proposer.py:461] [spec_decode/base] Detected MTP model. Sharing target model embedding weights with the draft model.
(Worker_DP6_TP1_EP13 pid=338279) INFO 07-27 19:29:59 [model_runner_v1.py:3813] Loading drafter model...
(Worker_DP6_TP1_EP13 pid=338279) INFO 07-27 19:29:59 [kernel.py:292] Final IR op priority after setting platform defaults: IrOpPriorityConfig(rms_norm=['native'], fused_add_rms_norm=['native'])
(Worker_DP6_TP1_EP13 pid=338279) WARNING 07-27 19:29:59 [platform.py:1043] GPU-specific parameter is not supported on Ascend. parameter=disable_cascade_attn, value=True, action: resetting to False.
(Worker_DP6_TP1_EP13 pid=338279) INFO 07-27 19:29:59 [ascend_config.py:490] finegrained_tp_config enabled: lmhead_tensor_parallel_size=2
(Worker_DP6_TP1_EP13 pid=338279) INFO 07-27 19:29:59 [ascend_config.py:824] Dynamic EPLB is False
(Worker_DP6_TP1_EP13 pid=338279) INFO 07-27 19:29:59 [ascend_config.py:825] The number of redundant experts is 0
(Worker_DP7_TP1_EP15 pid=338311) INFO 07-27 19:29:59 [llm_base_proposer.py:522] [spec_decode/base] Wrapping draft model with ACLGraphWrapper: runtime_mode=FULL, use_eagle=True, enable_enpu=False
(Worker_DP6_TP1_EP13 pid=338279) INFO 07-27 19:29:59 [platform.py:770] Set PYTORCH_NPU_ALLOC_CONF=expandable_segments:True
(Worker_DP6_TP1_EP13 pid=338279) INFO 07-27 19:29:59 [llm_base_proposer.py:298] [spec_decode/base] Loading draft model: method=mtp, load_format=None, model=/mnt/weights/DeepSeek-V3.1-Terminus-w8a8-QuaRot-lfs
(Worker_DP6_TP1_EP13 pid=338279) INFO 07-27 19:30:00 [compilation.py:1067] Using OOT custom backend for compilation.
(Worker_DP5_TP0_EP10 pid=337899) INFO 07-27 19:30:00 [model_runner_v1.py:3813] Loading drafter model...
(Worker_DP5_TP0_EP10 pid=337899) INFO 07-27 19:30:00 [vllm.py:1090] Asynchronous scheduling is enabled.
(Worker_DP5_TP0_EP10 pid=337899) WARNING 07-27 19:30:00 [vllm.py:1114] Disabling cascade attention (not yet compatible with async speculative decoding).
(Worker_DP5_TP0_EP10 pid=337899) INFO 07-27 19:30:00 [kernel.py:292] Final IR op priority after setting platform defaults: IrOpPriorityConfig(rms_norm=['native'], fused_add_rms_norm=['native'])
(Worker_DP5_TP0_EP10 pid=337899) WARNING 07-27 19:30:00 [vllm.py:1697] max_num_scheduled_tokens is set to 256 based on the speculative decoding settings. This may lead to suboptimal performance. Consider increasing max_num_batched_tokens to accommodate the additional draft token slots, or decrease num_speculative_tokens or max_num_seqs.
(Worker_DP5_TP0_EP10 pid=337899) WARNING 07-27 19:30:00 [platform.py:1043] GPU-specific parameter is not supported on Ascend. parameter=disable_cascade_attn, value=True, action: resetting to False.
(Worker_DP5_TP0_EP10 pid=337899) INFO 07-27 19:30:00 [ascend_config.py:490] finegrained_tp_config enabled: lmhead_tensor_parallel_size=2
(Worker_DP5_TP0_EP10 pid=337899) INFO 07-27 19:30:00 [ascend_config.py:824] Dynamic EPLB is False
(Worker_DP5_TP0_EP10 pid=337899) INFO 07-27 19:30:00 [ascend_config.py:825] The number of redundant experts is 0
(Worker_DP5_TP0_EP10 pid=337899) INFO 07-27 19:30:00 [platform.py:770] Set PYTORCH_NPU_ALLOC_CONF=expandable_segments:True
(Worker_DP5_TP0_EP10 pid=337899) INFO 07-27 19:30:00 [llm_base_proposer.py:298] [spec_decode/base] Loading draft model: method=mtp, load_format=None, model=/mnt/weights/DeepSeek-V3.1-Terminus-w8a8-QuaRot-lfs
(Worker_DP4_TP0_EP8 pid=337905) INFO 07-27 19:30:00 [model_runner_v1.py:3864] Loading model weights took 51.1023 GB
(Worker_DP4_TP0_EP8 pid=337905) INFO 07-27 19:30:00 [model_runner_v1.py:3890] Model runner load_model total time: 77.53 seconds
(Worker_DP1_TP0_EP2 pid=337900) INFO 07-27 19:30:00 [fused_moe.py:510] [fused_moe/layer] Shared expert split computation validation passed. Integrated and split-path results are consistent.
(Worker_DP5_TP0_EP10 pid=337899) INFO 07-27 19:30:00 [compilation.py:1067] Using OOT custom backend for compilation.
(Worker_DP5_TP0_EP10 pid=337899) INFO 07-27 19:30:00 [weight_utils.py:857] Filesystem type for checkpoints: EXT4. Checkpoint size: 646.43 GiB. Available RAM: 1804.39 GiB.
(Worker_DP0_TP0_EP0 pid=337906) INFO 07-27 19:30:01 [model_runner_v1.py:3813] Loading drafter model...
(Worker_DP0_TP0_EP0 pid=337906) INFO 07-27 19:30:01 [vllm.py:1090] Asynchronous scheduling is enabled.
(Worker_DP0_TP0_EP0 pid=337906) WARNING 07-27 19:30:01 [vllm.py:1114] Disabling cascade attention (not yet compatible with async speculative decoding).
(Worker_DP0_TP0_EP0 pid=337906) INFO 07-27 19:30:01 [kernel.py:292] Final IR op priority after setting platform defaults: IrOpPriorityConfig(rms_norm=['native'], fused_add_rms_norm=['native'])
(Worker_DP0_TP0_EP0 pid=337906) WARNING 07-27 19:30:01 [vllm.py:1697] max_num_scheduled_tokens is set to 256 based on the speculative decoding settings. This may lead to suboptimal performance. Consider increasing max_num_batched_tokens to accommodate the additional draft token slots, or decrease num_speculative_tokens or max_num_seqs.
(Worker_DP0_TP0_EP0 pid=337906) WARNING 07-27 19:30:01 [platform.py:1043] GPU-specific parameter is not supported on Ascend. parameter=disable_cascade_attn, value=True, action: resetting to False.
(Worker_DP0_TP0_EP0 pid=337906) INFO 07-27 19:30:01 [ascend_config.py:490] finegrained_tp_config enabled: lmhead_tensor_parallel_size=2
(Worker_DP0_TP0_EP0 pid=337906) INFO 07-27 19:30:01 [ascend_config.py:824] Dynamic EPLB is False
(Worker_DP0_TP0_EP0 pid=337906) INFO 07-27 19:30:01 [ascend_config.py:825] The number of redundant experts is 0
(Worker_DP7_TP1_EP15 pid=338311) INFO 07-27 19:30:01 [model_runner_v1.py:3864] Loading model weights took 51.1023 GB
(Worker_DP7_TP1_EP15 pid=338311) INFO 07-27 19:30:01 [model_runner_v1.py:3890] Model runner load_model total time: 78.61 seconds
(Worker_DP0_TP0_EP0 pid=337906) INFO 07-27 19:30:01 [platform.py:770] Set PYTORCH_NPU_ALLOC_CONF=expandable_segments:True
(Worker_DP0_TP0_EP0 pid=337906) INFO 07-27 19:30:01 [compilation.py:312] Enabled custom fusions: norm_quant, act_quant
(Worker_DP0_TP0_EP0 pid=337906) INFO 07-27 19:30:01 [llm_base_proposer.py:298] [spec_decode/base] Loading draft model: method=mtp, load_format=None, model=/mnt/weights/DeepSeek-V3.1-Terminus-w8a8-QuaRot-lfs
(Worker_DP0_TP0_EP0 pid=337906) INFO 07-27 19:30:01 [compilation.py:1067] Using OOT custom backend for compilation.
(Worker_DP0_TP0_EP0 pid=337906) INFO 07-27 19:30:01 [weight_utils.py:857] Filesystem type for checkpoints: EXT4. Checkpoint size: 646.43 GiB. Available RAM: 1797.23 GiB.
(Worker_DP0_TP0_EP0 pid=337906) 
Loading safetensors checkpoint shards:   0% Completed | 0/162 [00:00<?, ?it/s]
(Worker_DP0_TP0_EP0 pid=337906) 
Loading safetensors checkpoint shards:   2% Completed | 4/162 [00:00<00:04, 31.86it/s]
(Worker_DP0_TP0_EP0 pid=337906) 
Loading safetensors checkpoint shards:   5% Completed | 8/162 [00:00<00:05, 28.09it/s]
(Worker_DP0_TP0_EP0 pid=337906) 
Loading safetensors checkpoint shards:   7% Completed | 12/162 [00:00<00:05, 29.35it/s]
(Worker_DP0_TP0_EP0 pid=337906) 
Loading safetensors checkpoint shards:  10% Completed | 16/162 [00:00<00:04, 30.34it/s]
(Worker_DP0_TP0_EP0 pid=337906) 
Loading safetensors checkpoint shards:  12% Completed | 20/162 [00:00<00:04, 31.01it/s]
(Worker_DP0_TP0_EP0 pid=337906) 
Loading safetensors checkpoint shards:  15% Completed | 24/162 [00:00<00:04, 31.79it/s]
(Worker_DP0_TP0_EP0 pid=337906) 
Loading safetensors checkpoint shards:  17% Completed | 28/162 [00:00<00:04, 31.57it/s]
(Worker_DP0_TP0_EP0 pid=337906) 
Loading safetensors checkpoint shards:  20% Completed | 32/162 [00:01<00:04, 31.62it/s]
(Worker_DP5_TP1_EP11 pid=338277) INFO 07-27 19:30:02 [llm_base_proposer.py:461] [spec_decode/base] Detected MTP model. Sharing target model embedding weights with the draft model.
(Worker_DP5_TP1_EP11 pid=338277) INFO 07-27 19:30:02 [llm_base_proposer.py:522] [spec_decode/base] Wrapping draft model with ACLGraphWrapper: runtime_mode=FULL, use_eagle=True, enable_enpu=False
(Worker_DP0_TP0_EP0 pid=337906) 
Loading safetensors checkpoint shards:  22% Completed | 36/162 [00:01<00:03, 31.68it/s]
(Worker_DP0_TP0_EP0 pid=337906) 
Loading safetensors checkpoint shards:  25% Completed | 40/162 [00:01<00:03, 31.95it/s]
(Worker_DP0_TP1_EP1 pid=338280) INFO 07-27 19:30:02 [llm_base_proposer.py:461] [spec_decode/base] Detected MTP model. Sharing target model embedding weights with the draft model.
(Worker_DP0_TP1_EP1 pid=338280) INFO 07-27 19:30:03 [llm_base_proposer.py:522] [spec_decode/base] Wrapping draft model with ACLGraphWrapper: runtime_mode=FULL, use_eagle=True, enable_enpu=False
(Worker_DP0_TP0_EP0 pid=337906) 
Loading safetensors checkpoint shards:  27% Completed | 44/162 [00:01<00:03, 32.18it/s]
(Worker_DP0_TP0_EP0 pid=337906) 
Loading safetensors checkpoint shards:  30% Completed | 48/162 [00:01<00:03, 32.19it/s]
(Worker_DP0_TP0_EP0 pid=337906) 
Loading safetensors checkpoint shards:  32% Completed | 52/162 [00:01<00:03, 32.00it/s]
(Worker_DP0_TP0_EP0 pid=337906) 
Loading safetensors checkpoint shards:  35% Completed | 56/162 [00:01<00:03, 32.27it/s]
(Worker_DP0_TP0_EP0 pid=337906) 
Loading safetensors checkpoint shards:  37% Completed | 60/162 [00:01<00:03, 32.65it/s]
(Worker_DP0_TP0_EP0 pid=337906) 
Loading safetensors checkpoint shards:  40% Completed | 64/162 [00:02<00:03, 32.54it/s]
(Worker_DP1_TP0_EP2 pid=337900) INFO 07-27 19:30:03 [model_runner_v1.py:3813] Loading drafter model...
(Worker_DP1_TP0_EP2 pid=337900) INFO 07-27 19:30:03 [vllm.py:1090] Asynchronous scheduling is enabled.
(Worker_DP1_TP0_EP2 pid=337900) WARNING 07-27 19:30:03 [vllm.py:1114] Disabling cascade attention (not yet compatible with async speculative decoding).
(Worker_DP1_TP0_EP2 pid=337900) INFO 07-27 19:30:03 [kernel.py:292] Final IR op priority after setting platform defaults: IrOpPriorityConfig(rms_norm=['native'], fused_add_rms_norm=['native'])
(Worker_DP1_TP0_EP2 pid=337900) WARNING 07-27 19:30:03 [vllm.py:1697] max_num_scheduled_tokens is set to 256 based on the speculative decoding settings. This may lead to suboptimal performance. Consider increasing max_num_batched_tokens to accommodate the additional draft token slots, or decrease num_speculative_tokens or max_num_seqs.
(Worker_DP1_TP0_EP2 pid=337900) WARNING 07-27 19:30:03 [platform.py:1043] GPU-specific parameter is not supported on Ascend. parameter=disable_cascade_attn, value=True, action: resetting to False.
(Worker_DP1_TP0_EP2 pid=337900) INFO 07-27 19:30:03 [ascend_config.py:490] finegrained_tp_config enabled: lmhead_tensor_parallel_size=2
(Worker_DP1_TP0_EP2 pid=337900) INFO 07-27 19:30:03 [ascend_config.py:824] Dynamic EPLB is False
(Worker_DP1_TP0_EP2 pid=337900) INFO 07-27 19:30:03 [ascend_config.py:825] The number of redundant experts is 0
(Worker_DP1_TP0_EP2 pid=337900) INFO 07-27 19:30:03 [platform.py:770] Set PYTORCH_NPU_ALLOC_CONF=expandable_segments:True
(Worker_DP1_TP0_EP2 pid=337900) INFO 07-27 19:30:03 [llm_base_proposer.py:298] [spec_decode/base] Loading draft model: method=mtp, load_format=None, model=/mnt/weights/DeepSeek-V3.1-Terminus-w8a8-QuaRot-lfs
(Worker_DP0_TP0_EP0 pid=337906) 
Loading safetensors checkpoint shards:  42% Completed | 68/162 [00:02<00:02, 32.33it/s]
(Worker_DP3_TP1_EP7 pid=338316) INFO 07-27 19:30:03 [model_runner_v1.py:3813] Loading drafter model...
(Worker_DP3_TP1_EP7 pid=338316) INFO 07-27 19:30:03 [kernel.py:292] Final IR op priority after setting platform defaults: IrOpPriorityConfig(rms_norm=['native'], fused_add_rms_norm=['native'])
(Worker_DP3_TP1_EP7 pid=338316) WARNING 07-27 19:30:03 [platform.py:1043] GPU-specific parameter is not supported on Ascend. parameter=disable_cascade_attn, value=True, action: resetting to False.
(Worker_DP3_TP1_EP7 pid=338316) INFO 07-27 19:30:03 [ascend_config.py:490] finegrained_tp_config enabled: lmhead_tensor_parallel_size=2
(Worker_DP3_TP1_EP7 pid=338316) INFO 07-27 19:30:03 [ascend_config.py:824] Dynamic EPLB is False
(Worker_DP3_TP1_EP7 pid=338316) INFO 07-27 19:30:03 [ascend_config.py:825] The number of redundant experts is 0
(Worker_DP1_TP1_EP3 pid=338265) INFO 07-27 19:30:03 [model_runner_v1.py:3813] Loading drafter model...
(Worker_DP1_TP1_EP3 pid=338265) INFO 07-27 19:30:03 [kernel.py:292] Final IR op priority after setting platform defaults: IrOpPriorityConfig(rms_norm=['native'], fused_add_rms_norm=['native'])
(Worker_DP1_TP1_EP3 pid=338265) WARNING 07-27 19:30:03 [platform.py:1043] GPU-specific parameter is not supported on Ascend. parameter=disable_cascade_attn, value=True, action: resetting to False.
(Worker_DP1_TP1_EP3 pid=338265) INFO 07-27 19:30:03 [ascend_config.py:490] finegrained_tp_config enabled: lmhead_tensor_parallel_size=2
(Worker_DP1_TP1_EP3 pid=338265) INFO 07-27 19:30:03 [ascend_config.py:824] Dynamic EPLB is False
(Worker_DP1_TP1_EP3 pid=338265) INFO 07-27 19:30:03 [ascend_config.py:825] The number of redundant experts is 0
(Worker_DP3_TP1_EP7 pid=338316) INFO 07-27 19:30:03 [platform.py:770] Set PYTORCH_NPU_ALLOC_CONF=expandable_segments:True
(Worker_DP3_TP1_EP7 pid=338316) INFO 07-27 19:30:03 [llm_base_proposer.py:298] [spec_decode/base] Loading draft model: method=mtp, load_format=None, model=/mnt/weights/DeepSeek-V3.1-Terminus-w8a8-QuaRot-lfs
(Worker_DP0_TP0_EP0 pid=337906) 
Loading safetensors checkpoint shards:  44% Completed | 72/162 [00:02<00:02, 32.31it/s]
(Worker_DP1_TP1_EP3 pid=338265) INFO 07-27 19:30:03 [platform.py:770] Set PYTORCH_NPU_ALLOC_CONF=expandable_segments:True
(Worker_DP1_TP1_EP3 pid=338265) INFO 07-27 19:30:03 [llm_base_proposer.py:298] [spec_decode/base] Loading draft model: method=mtp, load_format=None, model=/mnt/weights/DeepSeek-V3.1-Terminus-w8a8-QuaRot-lfs
(Worker_DP0_TP0_EP0 pid=337906) 
Loading safetensors checkpoint shards:  47% Completed | 76/162 [00:02<00:02, 32.31it/s]
(Worker_DP1_TP0_EP2 pid=337900) INFO 07-27 19:30:04 [compilation.py:1067] Using OOT custom backend for compilation.
(Worker_DP1_TP0_EP2 pid=337900) INFO 07-27 19:30:04 [weight_utils.py:857] Filesystem type for checkpoints: EXT4. Checkpoint size: 646.43 GiB. Available RAM: 1786.67 GiB.
(Worker_DP3_TP1_EP7 pid=338316) INFO 07-27 19:30:04 [compilation.py:1067] Using OOT custom backend for compilation.
(Worker_DP0_TP0_EP0 pid=337906) 
Loading safetensors checkpoint shards:  49% Completed | 80/162 [00:02<00:02, 32.30it/s]
(Worker_DP5_TP1_EP11 pid=338277) INFO 07-27 19:30:04 [model_runner_v1.py:3864] Loading model weights took 51.1023 GB
(Worker_DP5_TP1_EP11 pid=338277) INFO 07-27 19:30:04 [model_runner_v1.py:3890] Model runner load_model total time: 81.64 seconds
(Worker_DP0_TP0_EP0 pid=337906) 
Loading safetensors checkpoint shards:  52% Completed | 84/162 [00:02<00:02, 32.57it/s]
(Worker_DP1_TP1_EP3 pid=338265) INFO 07-27 19:30:04 [compilation.py:1067] Using OOT custom backend for compilation.
(Worker_DP0_TP0_EP0 pid=337906) 
Loading safetensors checkpoint shards:  54% Completed | 88/162 [00:02<00:02, 32.96it/s]
(Worker_DP0_TP1_EP1 pid=338280) INFO 07-27 19:30:04 [model_runner_v1.py:3864] Loading model weights took 51.1023 GB
(Worker_DP0_TP1_EP1 pid=338280) INFO 07-27 19:30:04 [model_runner_v1.py:3890] Model runner load_model total time: 81.81 seconds
(Worker_DP0_TP0_EP0 pid=337906) 
Loading safetensors checkpoint shards:  57% Completed | 92/162 [00:02<00:02, 33.13it/s]
(Worker_DP0_TP0_EP0 pid=337906) 
Loading safetensors checkpoint shards:  59% Completed | 96/162 [00:02<00:01, 33.08it/s]
(Worker_DP0_TP0_EP0 pid=337906) 
Loading safetensors checkpoint shards:  62% Completed | 100/162 [00:03<00:01, 32.96it/s]
(Worker_DP0_TP0_EP0 pid=337906) 
Loading safetensors checkpoint shards:  64% Completed | 104/162 [00:03<00:01, 32.77it/s]
(Worker_DP0_TP0_EP0 pid=337906) 
Loading safetensors checkpoint shards:  67% Completed | 108/162 [00:03<00:01, 32.99it/s]
(Worker_DP0_TP0_EP0 pid=337906) 
Loading safetensors checkpoint shards:  69% Completed | 112/162 [00:03<00:01, 32.31it/s]
(Worker_DP0_TP0_EP0 pid=337906) 
Loading safetensors checkpoint shards:  72% Completed | 116/162 [00:03<00:01, 31.24it/s]
(Worker_DP0_TP0_EP0 pid=337906) 
Loading safetensors checkpoint shards:  74% Completed | 120/162 [00:03<00:01, 31.71it/s]
(Worker_DP7_TP0_EP14 pid=337902) INFO 07-27 19:30:05 [fused_moe.py:510] [fused_moe/layer] Shared expert split computation validation passed. Integrated and split-path results are consistent.
(Worker_DP0_TP0_EP0 pid=337906) 
Loading safetensors checkpoint shards:  77% Completed | 124/162 [00:03<00:01, 32.50it/s]
(Worker_DP0_TP0_EP0 pid=337906) 
Loading safetensors checkpoint shards:  79% Completed | 128/162 [00:03<00:01, 33.19it/s]
(Worker_DP0_TP0_EP0 pid=337906) 
Loading safetensors checkpoint shards:  81% Completed | 132/162 [00:04<00:00, 33.55it/s]
(Worker_DP0_TP0_EP0 pid=337906) 
Loading safetensors checkpoint shards:  84% Completed | 136/162 [00:04<00:00, 32.91it/s]
(Worker_DP0_TP0_EP0 pid=337906) 
Loading safetensors checkpoint shards:  86% Completed | 140/162 [00:04<00:00, 32.80it/s]
(Worker_DP0_TP0_EP0 pid=337906) 
Loading safetensors checkpoint shards:  89% Completed | 144/162 [00:04<00:00, 33.04it/s]
(Worker_DP2_TP1_EP5 pid=338341) INFO 07-27 19:30:06 [model_runner_v1.py:3813] Loading drafter model...
(Worker_DP2_TP1_EP5 pid=338341) INFO 07-27 19:30:06 [kernel.py:292] Final IR op priority after setting platform defaults: IrOpPriorityConfig(rms_norm=['native'], fused_add_rms_norm=['native'])
(Worker_DP2_TP1_EP5 pid=338341) WARNING 07-27 19:30:06 [platform.py:1043] GPU-specific parameter is not supported on Ascend. parameter=disable_cascade_attn, value=True, action: resetting to False.
(Worker_DP2_TP1_EP5 pid=338341) INFO 07-27 19:30:06 [ascend_config.py:490] finegrained_tp_config enabled: lmhead_tensor_parallel_size=2
(Worker_DP2_TP1_EP5 pid=338341) INFO 07-27 19:30:06 [ascend_config.py:824] Dynamic EPLB is False
(Worker_DP0_TP0_EP0 pid=337906) 
Loading safetensors checkpoint shards:  91% Completed | 148/162 [00:04<00:00, 32.68it/s]
(Worker_DP2_TP1_EP5 pid=338341) INFO 07-27 19:30:06 [ascend_config.py:825] The number of redundant experts is 0
(Worker_DP6_TP1_EP13 pid=338279) INFO 07-27 19:30:06 [llm_base_proposer.py:461] [spec_decode/base] Detected MTP model. Sharing target model embedding weights with the draft model.
(Worker_DP6_TP1_EP13 pid=338279) INFO 07-27 19:30:06 [llm_base_proposer.py:522] [spec_decode/base] Wrapping draft model with ACLGraphWrapper: runtime_mode=FULL, use_eagle=True, enable_enpu=False
(Worker_DP2_TP1_EP5 pid=338341) INFO 07-27 19:30:06 [platform.py:770] Set PYTORCH_NPU_ALLOC_CONF=expandable_segments:True
(Worker_DP2_TP1_EP5 pid=338341) INFO 07-27 19:30:06 [llm_base_proposer.py:298] [spec_decode/base] Loading draft model: method=mtp, load_format=None, model=/mnt/weights/DeepSeek-V3.1-Terminus-w8a8-QuaRot-lfs
(Worker_DP0_TP0_EP0 pid=337906) 
Loading safetensors checkpoint shards:  94% Completed | 152/162 [00:04<00:00, 31.82it/s]
(Worker_DP0_TP0_EP0 pid=337906) 
Loading safetensors checkpoint shards:  96% Completed | 156/162 [00:04<00:00, 31.90it/s]
(Worker_DP5_TP0_EP10 pid=337899) INFO 07-27 19:30:06 [default_loader.py:430] Loading weights took 6.04 seconds
(Worker_DP5_TP0_EP10 pid=337899) INFO 07-27 19:30:06 [llm_base_proposer.py:461] [spec_decode/base] Detected MTP model. Sharing target model embedding weights with the draft model.
(Worker_DP2_TP1_EP5 pid=338341) INFO 07-27 19:30:06 [compilation.py:1067] Using OOT custom backend for compilation.
(Worker_DP5_TP0_EP10 pid=337899) INFO 07-27 19:30:06 [llm_base_proposer.py:522] [spec_decode/base] Wrapping draft model with ACLGraphWrapper: runtime_mode=FULL, use_eagle=True, enable_enpu=False
(Worker_DP6_TP0_EP12 pid=337901) INFO 07-27 19:30:06 [fused_moe.py:510] [fused_moe/layer] Shared expert split computation validation passed. Integrated and split-path results are consistent.
(Worker_DP2_TP0_EP4 pid=337904) INFO 07-27 19:30:06 [fused_moe.py:510] [fused_moe/layer] Shared expert split computation validation passed. Integrated and split-path results are consistent.
(Worker_DP0_TP0_EP0 pid=337906) 
Loading safetensors checkpoint shards:  99% Completed | 160/162 [00:05<00:00, 14.59it/s]
(Worker_DP3_TP0_EP6 pid=337903) INFO 07-27 19:30:07 [fused_moe.py:510] [fused_moe/layer] Shared expert split computation validation passed. Integrated and split-path results are consistent.
(Worker_DP0_TP0_EP0 pid=337906) 
Loading safetensors checkpoint shards: 100% Completed | 162/162 [00:05<00:00, 28.15it/s]
(Worker_DP0_TP0_EP0 pid=337906) 
(Worker_DP0_TP0_EP0 pid=337906) INFO 07-27 19:30:07 [default_loader.py:430] Loading weights took 5.88 seconds
(Worker_DP0_TP0_EP0 pid=337906) INFO 07-27 19:30:07 [llm_base_proposer.py:461] [spec_decode/base] Detected MTP model. Sharing target model embedding weights with the draft model.
(Worker_DP0_TP0_EP0 pid=337906) INFO 07-27 19:30:07 [llm_base_proposer.py:522] [spec_decode/base] Wrapping draft model with ACLGraphWrapper: runtime_mode=FULL, use_eagle=True, enable_enpu=False
(Worker_DP6_TP1_EP13 pid=338279) INFO 07-27 19:30:08 [model_runner_v1.py:3864] Loading model weights took 51.1023 GB
(Worker_DP6_TP1_EP13 pid=338279) INFO 07-27 19:30:08 [model_runner_v1.py:3890] Model runner load_model total time: 85.35 seconds
(Worker_DP5_TP0_EP10 pid=337899) INFO 07-27 19:30:08 [model_runner_v1.py:3864] Loading model weights took 51.1023 GB
(Worker_DP5_TP0_EP10 pid=337899) INFO 07-27 19:30:08 [model_runner_v1.py:3890] Model runner load_model total time: 85.47 seconds
(Worker_DP0_TP0_EP0 pid=337906) INFO 07-27 19:30:08 [model_runner_v1.py:3864] Loading model weights took 51.1023 GB
(Worker_DP0_TP0_EP0 pid=337906) INFO 07-27 19:30:08 [model_runner_v1.py:3890] Model runner load_model total time: 85.96 seconds
(Worker_DP7_TP0_EP14 pid=337902) INFO 07-27 19:30:08 [model_runner_v1.py:3813] Loading drafter model...
(Worker_DP7_TP0_EP14 pid=337902) INFO 07-27 19:30:08 [vllm.py:1090] Asynchronous scheduling is enabled.
(Worker_DP7_TP0_EP14 pid=337902) WARNING 07-27 19:30:08 [vllm.py:1114] Disabling cascade attention (not yet compatible with async speculative decoding).
(Worker_DP7_TP0_EP14 pid=337902) INFO 07-27 19:30:08 [kernel.py:292] Final IR op priority after setting platform defaults: IrOpPriorityConfig(rms_norm=['native'], fused_add_rms_norm=['native'])
(Worker_DP7_TP0_EP14 pid=337902) WARNING 07-27 19:30:08 [vllm.py:1697] max_num_scheduled_tokens is set to 256 based on the speculative decoding settings. This may lead to suboptimal performance. Consider increasing max_num_batched_tokens to accommodate the additional draft token slots, or decrease num_speculative_tokens or max_num_seqs.
(Worker_DP7_TP0_EP14 pid=337902) WARNING 07-27 19:30:08 [platform.py:1043] GPU-specific parameter is not supported on Ascend. parameter=disable_cascade_attn, value=True, action: resetting to False.
(Worker_DP7_TP0_EP14 pid=337902) INFO 07-27 19:30:08 [ascend_config.py:490] finegrained_tp_config enabled: lmhead_tensor_parallel_size=2
(Worker_DP7_TP0_EP14 pid=337902) INFO 07-27 19:30:08 [ascend_config.py:824] Dynamic EPLB is False
(Worker_DP7_TP0_EP14 pid=337902) INFO 07-27 19:30:08 [ascend_config.py:825] The number of redundant experts is 0
(Worker_DP7_TP0_EP14 pid=337902) INFO 07-27 19:30:08 [platform.py:770] Set PYTORCH_NPU_ALLOC_CONF=expandable_segments:True
(Worker_DP7_TP0_EP14 pid=337902) INFO 07-27 19:30:08 [llm_base_proposer.py:298] [spec_decode/base] Loading draft model: method=mtp, load_format=None, model=/mnt/weights/DeepSeek-V3.1-Terminus-w8a8-QuaRot-lfs
(Worker_DP7_TP0_EP14 pid=337902) INFO 07-27 19:30:09 [compilation.py:1067] Using OOT custom backend for compilation.
(Worker_DP7_TP0_EP14 pid=337902) INFO 07-27 19:30:09 [weight_utils.py:857] Filesystem type for checkpoints: EXT4. Checkpoint size: 646.43 GiB. Available RAM: 1781.26 GiB.
(Worker_DP1_TP0_EP2 pid=337900) INFO 07-27 19:30:09 [default_loader.py:430] Loading weights took 5.66 seconds
(Worker_DP1_TP0_EP2 pid=337900) INFO 07-27 19:30:09 [llm_base_proposer.py:461] [spec_decode/base] Detected MTP model. Sharing target model embedding weights with the draft model.
(Worker_DP3_TP1_EP7 pid=338316) INFO 07-27 19:30:09 [llm_base_proposer.py:461] [spec_decode/base] Detected MTP model. Sharing target model embedding weights with the draft model.
(Worker_DP1_TP0_EP2 pid=337900) INFO 07-27 19:30:09 [llm_base_proposer.py:522] [spec_decode/base] Wrapping draft model with ACLGraphWrapper: runtime_mode=FULL, use_eagle=True, enable_enpu=False
(Worker_DP3_TP1_EP7 pid=338316) INFO 07-27 19:30:09 [llm_base_proposer.py:522] [spec_decode/base] Wrapping draft model with ACLGraphWrapper: runtime_mode=FULL, use_eagle=True, enable_enpu=False
(Worker_DP6_TP0_EP12 pid=337901) INFO 07-27 19:30:10 [model_runner_v1.py:3813] Loading drafter model...
(Worker_DP6_TP0_EP12 pid=337901) INFO 07-27 19:30:10 [vllm.py:1090] Asynchronous scheduling is enabled.
(Worker_DP6_TP0_EP12 pid=337901) WARNING 07-27 19:30:10 [vllm.py:1114] Disabling cascade attention (not yet compatible with async speculative decoding).
(Worker_DP6_TP0_EP12 pid=337901) INFO 07-27 19:30:10 [kernel.py:292] Final IR op priority after setting platform defaults: IrOpPriorityConfig(rms_norm=['native'], fused_add_rms_norm=['native'])
(Worker_DP6_TP0_EP12 pid=337901) WARNING 07-27 19:30:10 [vllm.py:1697] max_num_scheduled_tokens is set to 256 based on the speculative decoding settings. This may lead to suboptimal performance. Consider increasing max_num_batched_tokens to accommodate the additional draft token slots, or decrease num_speculative_tokens or max_num_seqs.
(Worker_DP6_TP0_EP12 pid=337901) WARNING 07-27 19:30:10 [platform.py:1043] GPU-specific parameter is not supported on Ascend. parameter=disable_cascade_attn, value=True, action: resetting to False.
(Worker_DP6_TP0_EP12 pid=337901) INFO 07-27 19:30:10 [ascend_config.py:490] finegrained_tp_config enabled: lmhead_tensor_parallel_size=2
(Worker_DP6_TP0_EP12 pid=337901) INFO 07-27 19:30:10 [ascend_config.py:824] Dynamic EPLB is False
(Worker_DP6_TP0_EP12 pid=337901) INFO 07-27 19:30:10 [ascend_config.py:825] The number of redundant experts is 0
(Worker_DP1_TP1_EP3 pid=338265) INFO 07-27 19:30:10 [llm_base_proposer.py:461] [spec_decode/base] Detected MTP model. Sharing target model embedding weights with the draft model.
(Worker_DP6_TP0_EP12 pid=337901) INFO 07-27 19:30:10 [platform.py:770] Set PYTORCH_NPU_ALLOC_CONF=expandable_segments:True
(Worker_DP6_TP0_EP12 pid=337901) INFO 07-27 19:30:10 [llm_base_proposer.py:298] [spec_decode/base] Loading draft model: method=mtp, load_format=None, model=/mnt/weights/DeepSeek-V3.1-Terminus-w8a8-QuaRot-lfs
(Worker_DP4_TP1_EP9 pid=338312) INFO 07-27 19:30:10 [model_runner_v1.py:3813] Loading drafter model...
(Worker_DP4_TP1_EP9 pid=338312) INFO 07-27 19:30:10 [kernel.py:292] Final IR op priority after setting platform defaults: IrOpPriorityConfig(rms_norm=['native'], fused_add_rms_norm=['native'])
(Worker_DP4_TP1_EP9 pid=338312) WARNING 07-27 19:30:10 [platform.py:1043] GPU-specific parameter is not supported on Ascend. parameter=disable_cascade_attn, value=True, action: resetting to False.
(Worker_DP4_TP1_EP9 pid=338312) INFO 07-27 19:30:10 [ascend_config.py:490] finegrained_tp_config enabled: lmhead_tensor_parallel_size=2
(Worker_DP4_TP1_EP9 pid=338312) INFO 07-27 19:30:10 [ascend_config.py:824] Dynamic EPLB is False
(Worker_DP4_TP1_EP9 pid=338312) INFO 07-27 19:30:10 [ascend_config.py:825] The number of redundant experts is 0
(Worker_DP1_TP1_EP3 pid=338265) INFO 07-27 19:30:10 [llm_base_proposer.py:522] [spec_decode/base] Wrapping draft model with ACLGraphWrapper: runtime_mode=FULL, use_eagle=True, enable_enpu=False
(Worker_DP2_TP0_EP4 pid=337904) INFO 07-27 19:30:10 [model_runner_v1.py:3813] Loading drafter model...
(Worker_DP2_TP0_EP4 pid=337904) INFO 07-27 19:30:10 [vllm.py:1090] Asynchronous scheduling is enabled.
(Worker_DP2_TP0_EP4 pid=337904) WARNING 07-27 19:30:10 [vllm.py:1114] Disabling cascade attention (not yet compatible with async speculative decoding).
(Worker_DP2_TP0_EP4 pid=337904) INFO 07-27 19:30:10 [kernel.py:292] Final IR op priority after setting platform defaults: IrOpPriorityConfig(rms_norm=['native'], fused_add_rms_norm=['native'])
(Worker_DP2_TP0_EP4 pid=337904) WARNING 07-27 19:30:10 [vllm.py:1697] max_num_scheduled_tokens is set to 256 based on the speculative decoding settings. This may lead to suboptimal performance. Consider increasing max_num_batched_tokens to accommodate the additional draft token slots, or decrease num_speculative_tokens or max_num_seqs.
(Worker_DP2_TP0_EP4 pid=337904) WARNING 07-27 19:30:10 [platform.py:1043] GPU-specific parameter is not supported on Ascend. parameter=disable_cascade_attn, value=True, action: resetting to False.
(Worker_DP2_TP0_EP4 pid=337904) INFO 07-27 19:30:10 [ascend_config.py:490] finegrained_tp_config enabled: lmhead_tensor_parallel_size=2
(Worker_DP2_TP0_EP4 pid=337904) INFO 07-27 19:30:10 [ascend_config.py:824] Dynamic EPLB is False
(Worker_DP2_TP0_EP4 pid=337904) INFO 07-27 19:30:10 [ascend_config.py:825] The number of redundant experts is 0
(Worker_DP4_TP1_EP9 pid=338312) INFO 07-27 19:30:10 [platform.py:770] Set PYTORCH_NPU_ALLOC_CONF=expandable_segments:True
(Worker_DP4_TP1_EP9 pid=338312) INFO 07-27 19:30:10 [llm_base_proposer.py:298] [spec_decode/base] Loading draft model: method=mtp, load_format=None, model=/mnt/weights/DeepSeek-V3.1-Terminus-w8a8-QuaRot-lfs
(Worker_DP2_TP0_EP4 pid=337904) INFO 07-27 19:30:10 [platform.py:770] Set PYTORCH_NPU_ALLOC_CONF=expandable_segments:True
(Worker_DP2_TP0_EP4 pid=337904) INFO 07-27 19:30:10 [llm_base_proposer.py:298] [spec_decode/base] Loading draft model: method=mtp, load_format=None, model=/mnt/weights/DeepSeek-V3.1-Terminus-w8a8-QuaRot-lfs
(Worker_DP6_TP0_EP12 pid=337901) INFO 07-27 19:30:10 [compilation.py:1067] Using OOT custom backend for compilation.
(Worker_DP6_TP0_EP12 pid=337901) INFO 07-27 19:30:10 [weight_utils.py:857] Filesystem type for checkpoints: EXT4. Checkpoint size: 646.43 GiB. Available RAM: 1781.30 GiB.
(Worker_DP4_TP1_EP9 pid=338312) INFO 07-27 19:30:10 [compilation.py:1067] Using OOT custom backend for compilation.
(Worker_DP2_TP0_EP4 pid=337904) INFO 07-27 19:30:10 [compilation.py:1067] Using OOT custom backend for compilation.
(Worker_DP2_TP0_EP4 pid=337904) INFO 07-27 19:30:10 [weight_utils.py:857] Filesystem type for checkpoints: EXT4. Checkpoint size: 646.43 GiB. Available RAM: 1781.28 GiB.
(Worker_DP3_TP0_EP6 pid=337903) INFO 07-27 19:30:10 [model_runner_v1.py:3813] Loading drafter model...
(Worker_DP3_TP0_EP6 pid=337903) INFO 07-27 19:30:10 [vllm.py:1090] Asynchronous scheduling is enabled.
(Worker_DP3_TP0_EP6 pid=337903) WARNING 07-27 19:30:10 [vllm.py:1114] Disabling cascade attention (not yet compatible with async speculative decoding).
(Worker_DP3_TP0_EP6 pid=337903) INFO 07-27 19:30:10 [kernel.py:292] Final IR op priority after setting platform defaults: IrOpPriorityConfig(rms_norm=['native'], fused_add_rms_norm=['native'])
(Worker_DP3_TP0_EP6 pid=337903) WARNING 07-27 19:30:10 [vllm.py:1697] max_num_scheduled_tokens is set to 256 based on the speculative decoding settings. This may lead to suboptimal performance. Consider increasing max_num_batched_tokens to accommodate the additional draft token slots, or decrease num_speculative_tokens or max_num_seqs.
(Worker_DP3_TP0_EP6 pid=337903) WARNING 07-27 19:30:10 [platform.py:1043] GPU-specific parameter is not supported on Ascend. parameter=disable_cascade_attn, value=True, action: resetting to False.
(Worker_DP3_TP0_EP6 pid=337903) INFO 07-27 19:30:10 [ascend_config.py:490] finegrained_tp_config enabled: lmhead_tensor_parallel_size=2
(Worker_DP3_TP0_EP6 pid=337903) INFO 07-27 19:30:10 [ascend_config.py:824] Dynamic EPLB is False
(Worker_DP3_TP0_EP6 pid=337903) INFO 07-27 19:30:10 [ascend_config.py:825] The number of redundant experts is 0
(Worker_DP3_TP0_EP6 pid=337903) INFO 07-27 19:30:10 [platform.py:770] Set PYTORCH_NPU_ALLOC_CONF=expandable_segments:True
(Worker_DP3_TP0_EP6 pid=337903) INFO 07-27 19:30:10 [llm_base_proposer.py:298] [spec_decode/base] Loading draft model: method=mtp, load_format=None, model=/mnt/weights/DeepSeek-V3.1-Terminus-w8a8-QuaRot-lfs
(Worker_DP3_TP1_EP7 pid=338316) INFO 07-27 19:30:10 [model_runner_v1.py:3864] Loading model weights took 51.1023 GB
(Worker_DP3_TP1_EP7 pid=338316) INFO 07-27 19:30:10 [model_runner_v1.py:3890] Model runner load_model total time: 88.09 seconds
(Worker_DP3_TP0_EP6 pid=337903) INFO 07-27 19:30:11 [compilation.py:1067] Using OOT custom backend for compilation.
(Worker_DP3_TP0_EP6 pid=337903) INFO 07-27 19:30:11 [weight_utils.py:857] Filesystem type for checkpoints: EXT4. Checkpoint size: 646.43 GiB. Available RAM: 1781.23 GiB.
(Worker_DP1_TP0_EP2 pid=337900) INFO 07-27 19:30:11 [model_runner_v1.py:3864] Loading model weights took 51.1023 GB
(Worker_DP1_TP0_EP2 pid=337900) INFO 07-27 19:30:11 [model_runner_v1.py:3890] Model runner load_model total time: 88.72 seconds
(Worker_DP1_TP1_EP3 pid=338265) INFO 07-27 19:30:11 [model_runner_v1.py:3864] Loading model weights took 51.1023 GB
(Worker_DP1_TP1_EP3 pid=338265) INFO 07-27 19:30:11 [model_runner_v1.py:3890] Model runner load_model total time: 88.85 seconds
(Worker_DP2_TP1_EP5 pid=338341) INFO 07-27 19:30:12 [llm_base_proposer.py:461] [spec_decode/base] Detected MTP model. Sharing target model embedding weights with the draft model.
(Worker_DP2_TP1_EP5 pid=338341) INFO 07-27 19:30:12 [llm_base_proposer.py:522] [spec_decode/base] Wrapping draft model with ACLGraphWrapper: runtime_mode=FULL, use_eagle=True, enable_enpu=False
(Worker_DP2_TP1_EP5 pid=338341) INFO 07-27 19:30:13 [model_runner_v1.py:3864] Loading model weights took 51.1023 GB
(Worker_DP2_TP1_EP5 pid=338341) INFO 07-27 19:30:13 [model_runner_v1.py:3890] Model runner load_model total time: 90.85 seconds
(Worker_DP7_TP0_EP14 pid=337902) INFO 07-27 19:30:14 [default_loader.py:430] Loading weights took 5.33 seconds
(Worker_DP7_TP0_EP14 pid=337902) INFO 07-27 19:30:14 [llm_base_proposer.py:461] [spec_decode/base] Detected MTP model. Sharing target model embedding weights with the draft model.
(Worker_DP7_TP0_EP14 pid=337902) INFO 07-27 19:30:14 [llm_base_proposer.py:522] [spec_decode/base] Wrapping draft model with ACLGraphWrapper: runtime_mode=FULL, use_eagle=True, enable_enpu=False
(Worker_DP2_TP0_EP4 pid=337904) INFO 07-27 19:30:15 [default_loader.py:430] Loading weights took 5.14 seconds
(Worker_DP2_TP0_EP4 pid=337904) INFO 07-27 19:30:15 [llm_base_proposer.py:461] [spec_decode/base] Detected MTP model. Sharing target model embedding weights with the draft model.
(Worker_DP2_TP0_EP4 pid=337904) INFO 07-27 19:30:15 [llm_base_proposer.py:522] [spec_decode/base] Wrapping draft model with ACLGraphWrapper: runtime_mode=FULL, use_eagle=True, enable_enpu=False
(Worker_DP7_TP0_EP14 pid=337902) INFO 07-27 19:30:15 [model_runner_v1.py:3864] Loading model weights took 51.1023 GB
(Worker_DP7_TP0_EP14 pid=337902) INFO 07-27 19:30:15 [model_runner_v1.py:3890] Model runner load_model total time: 93.21 seconds
(Worker_DP4_TP1_EP9 pid=338312) INFO 07-27 19:30:15 [llm_base_proposer.py:461] [spec_decode/base] Detected MTP model. Sharing target model embedding weights with the draft model.
(Worker_DP4_TP1_EP9 pid=338312) INFO 07-27 19:30:15 [llm_base_proposer.py:522] [spec_decode/base] Wrapping draft model with ACLGraphWrapper: runtime_mode=FULL, use_eagle=True, enable_enpu=False
(Worker_DP6_TP0_EP12 pid=337901) INFO 07-27 19:30:15 [default_loader.py:430] Loading weights took 5.55 seconds
(Worker_DP6_TP0_EP12 pid=337901) INFO 07-27 19:30:16 [llm_base_proposer.py:461] [spec_decode/base] Detected MTP model. Sharing target model embedding weights with the draft model.
(Worker_DP6_TP0_EP12 pid=337901) INFO 07-27 19:30:16 [llm_base_proposer.py:522] [spec_decode/base] Wrapping draft model with ACLGraphWrapper: runtime_mode=FULL, use_eagle=True, enable_enpu=False
(Worker_DP3_TP0_EP6 pid=337903) INFO 07-27 19:30:16 [default_loader.py:430] Loading weights took 5.22 seconds
(Worker_DP3_TP0_EP6 pid=337903) INFO 07-27 19:30:16 [llm_base_proposer.py:461] [spec_decode/base] Detected MTP model. Sharing target model embedding weights with the draft model.
(Worker_DP3_TP0_EP6 pid=337903) INFO 07-27 19:30:16 [llm_base_proposer.py:522] [spec_decode/base] Wrapping draft model with ACLGraphWrapper: runtime_mode=FULL, use_eagle=True, enable_enpu=False
(Worker_DP4_TP1_EP9 pid=338312) INFO 07-27 19:30:17 [model_runner_v1.py:3864] Loading model weights took 51.1023 GB
(Worker_DP4_TP1_EP9 pid=338312) INFO 07-27 19:30:17 [model_runner_v1.py:3890] Model runner load_model total time: 94.64 seconds
(Worker_DP2_TP0_EP4 pid=337904) INFO 07-27 19:30:17 [model_runner_v1.py:3864] Loading model weights took 51.1023 GB
(Worker_DP2_TP0_EP4 pid=337904) INFO 07-27 19:30:17 [model_runner_v1.py:3890] Model runner load_model total time: 94.66 seconds
(Worker_DP3_TP0_EP6 pid=337903) INFO 07-27 19:30:17 [model_runner_v1.py:3864] Loading model weights took 51.1023 GB
(Worker_DP3_TP0_EP6 pid=337903) INFO 07-27 19:30:17 [model_runner_v1.py:3890] Model runner load_model total time: 94.95 seconds
(Worker_DP6_TP0_EP12 pid=337901) INFO 07-27 19:30:17 [model_runner_v1.py:3864] Loading model weights took 51.1023 GB
(Worker_DP6_TP0_EP12 pid=337901) INFO 07-27 19:30:17 [model_runner_v1.py:3890] Model runner load_model total time: 95.14 seconds
(Worker_DP2_TP1_EP5 pid=338341) :0: UserWarning: /usr/local/lib/python3.11/site-packages/depyf/explain/enable_debugging.py:163: You are trying to debug `torch.compile`. Please make sure the code runs multiple times to cover all the possible branches.
(Worker_DP0_TP1_EP1 pid=338280) :0: UserWarning: /usr/local/lib/python3.11/site-packages/depyf/explain/enable_debugging.py:163: You are trying to debug `torch.compile`. Please make sure the code runs multiple times to cover all the possible branches.
(Worker_DP6_TP1_EP13 pid=338279) :0: UserWarning: /usr/local/lib/python3.11/site-packages/depyf/explain/enable_debugging.py:163: You are trying to debug `torch.compile`. Please make sure the code runs multiple times to cover all the possible branches.
(Worker_DP4_TP1_EP9 pid=338312) :0: UserWarning: /usr/local/lib/python3.11/site-packages/depyf/explain/enable_debugging.py:163: You are trying to debug `torch.compile`. Please make sure the code runs multiple times to cover all the possible branches.
(Worker_DP7_TP1_EP15 pid=338311) :0: UserWarning: /usr/local/lib/python3.11/site-packages/depyf/explain/enable_debugging.py:163: You are trying to debug `torch.compile`. Please make sure the code runs multiple times to cover all the possible branches.
(Worker_DP1_TP1_EP3 pid=338265) :0: UserWarning: /usr/local/lib/python3.11/site-packages/depyf/explain/enable_debugging.py:163: You are trying to debug `torch.compile`. Please make sure the code runs multiple times to cover all the possible branches.
(Worker_DP5_TP1_EP11 pid=338277) :0: UserWarning: /usr/local/lib/python3.11/site-packages/depyf/explain/enable_debugging.py:163: You are trying to debug `torch.compile`. Please make sure the code runs multiple times to cover all the possible branches.
(Worker_DP3_TP1_EP7 pid=338316) :0: UserWarning: /usr/local/lib/python3.11/site-packages/depyf/explain/enable_debugging.py:163: You are trying to debug `torch.compile`. Please make sure the code runs multiple times to cover all the possible branches.
(Worker_DP2_TP0_EP4 pid=337904) :0: UserWarning: /usr/local/lib/python3.11/site-packages/depyf/explain/enable_debugging.py:163: You are trying to debug `torch.compile`. Please make sure the code runs multiple times to cover all the possible branches.
(Worker_DP3_TP0_EP6 pid=337903) :0: UserWarning: /usr/local/lib/python3.11/site-packages/depyf/explain/enable_debugging.py:163: You are trying to debug `torch.compile`. Please make sure the code runs multiple times to cover all the possible branches.
(Worker_DP0_TP0_EP0 pid=337906) :0: UserWarning: /usr/local/lib/python3.11/site-packages/depyf/explain/enable_debugging.py:163: You are trying to debug `torch.compile`. Please make sure the code runs multiple times to cover all the possible branches.
(Worker_DP5_TP0_EP10 pid=337899) :0: UserWarning: /usr/local/lib/python3.11/site-packages/depyf/explain/enable_debugging.py:163: You are trying to debug `torch.compile`. Please make sure the code runs multiple times to cover all the possible branches.
(Worker_DP7_TP0_EP14 pid=337902) :0: UserWarning: /usr/local/lib/python3.11/site-packages/depyf/explain/enable_debugging.py:163: You are trying to debug `torch.compile`. Please make sure the code runs multiple times to cover all the possible branches.
(Worker_DP1_TP0_EP2 pid=337900) :0: UserWarning: /usr/local/lib/python3.11/site-packages/depyf/explain/enable_debugging.py:163: You are trying to debug `torch.compile`. Please make sure the code runs multiple times to cover all the possible branches.
(Worker_DP4_TP0_EP8 pid=337905) :0: UserWarning: /usr/local/lib/python3.11/site-packages/depyf/explain/enable_debugging.py:163: You are trying to debug `torch.compile`. Please make sure the code runs multiple times to cover all the possible branches.
(Worker_DP6_TP0_EP12 pid=337901) :0: UserWarning: /usr/local/lib/python3.11/site-packages/depyf/explain/enable_debugging.py:163: You are trying to debug `torch.compile`. Please make sure the code runs multiple times to cover all the possible branches.
(Worker_DP0_TP1_EP1 pid=338280) INFO 07-27 19:30:20 [compiler_interface.py:248] AscendCompiler hash factors: {'torch_npu_version': '2.10.0.post2', 'enable_npugraph_ex': True, 'enable_static_kernel': False}
(Worker_DP2_TP1_EP5 pid=338341) INFO 07-27 19:30:20 [compiler_interface.py:248] AscendCompiler hash factors: {'torch_npu_version': '2.10.0.post2', 'enable_npugraph_ex': True, 'enable_static_kernel': False}
(Worker_DP7_TP1_EP15 pid=338311) INFO 07-27 19:30:20 [compiler_interface.py:248] AscendCompiler hash factors: {'torch_npu_version': '2.10.0.post2', 'enable_npugraph_ex': True, 'enable_static_kernel': False}
(Worker_DP4_TP1_EP9 pid=338312) INFO 07-27 19:30:20 [compiler_interface.py:248] AscendCompiler hash factors: {'torch_npu_version': '2.10.0.post2', 'enable_npugraph_ex': True, 'enable_static_kernel': False}
(Worker_DP6_TP1_EP13 pid=338279) INFO 07-27 19:30:20 [compiler_interface.py:248] AscendCompiler hash factors: {'torch_npu_version': '2.10.0.post2', 'enable_npugraph_ex': True, 'enable_static_kernel': False}
(Worker_DP3_TP1_EP7 pid=338316) INFO 07-27 19:30:20 [compiler_interface.py:248] AscendCompiler hash factors: {'torch_npu_version': '2.10.0.post2', 'enable_npugraph_ex': True, 'enable_static_kernel': False}
(Worker_DP1_TP1_EP3 pid=338265) INFO 07-27 19:30:20 [compiler_interface.py:248] AscendCompiler hash factors: {'torch_npu_version': '2.10.0.post2', 'enable_npugraph_ex': True, 'enable_static_kernel': False}
(Worker_DP5_TP1_EP11 pid=338277) INFO 07-27 19:30:20 [compiler_interface.py:248] AscendCompiler hash factors: {'torch_npu_version': '2.10.0.post2', 'enable_npugraph_ex': True, 'enable_static_kernel': False}
(Worker_DP0_TP0_EP0 pid=337906) INFO 07-27 19:30:20 [compiler_interface.py:248] AscendCompiler hash factors: {'torch_npu_version': '2.10.0.post2', 'enable_npugraph_ex': True, 'enable_static_kernel': False}
(Worker_DP0_TP0_EP0 pid=337906) INFO 07-27 19:30:20 [backends.py:1089] Using cache directory: /root/.cache/vllm/torch_compile_cache/8239f7ade9/rank_0_0/backbone for vLLM's torch.compile
(Worker_DP0_TP0_EP0 pid=337906) INFO 07-27 19:30:20 [backends.py:1148] Dynamo bytecode transform time: 0.85 s
(Worker_DP2_TP0_EP4 pid=337904) INFO 07-27 19:30:20 [compiler_interface.py:248] AscendCompiler hash factors: {'torch_npu_version': '2.10.0.post2', 'enable_npugraph_ex': True, 'enable_static_kernel': False}
(Worker_DP2_TP0_EP4 pid=337904) INFO 07-27 19:30:20 [backends.py:1089] Using cache directory: /root/.cache/vllm/torch_compile_cache/bd73c0e17d/rank_0_2/backbone for vLLM's torch.compile
(Worker_DP2_TP0_EP4 pid=337904) INFO 07-27 19:30:20 [backends.py:1148] Dynamo bytecode transform time: 0.85 s
(Worker_DP7_TP0_EP14 pid=337902) INFO 07-27 19:30:20 [compiler_interface.py:248] AscendCompiler hash factors: {'torch_npu_version': '2.10.0.post2', 'enable_npugraph_ex': True, 'enable_static_kernel': False}
(Worker_DP7_TP0_EP14 pid=337902) INFO 07-27 19:30:20 [backends.py:1089] Using cache directory: /root/.cache/vllm/torch_compile_cache/08ecbe2311/rank_0_7/backbone for vLLM's torch.compile
(Worker_DP7_TP0_EP14 pid=337902) INFO 07-27 19:30:20 [backends.py:1148] Dynamo bytecode transform time: 0.86 s
(Worker_DP4_TP0_EP8 pid=337905) INFO 07-27 19:30:20 [compiler_interface.py:248] AscendCompiler hash factors: {'torch_npu_version': '2.10.0.post2', 'enable_npugraph_ex': True, 'enable_static_kernel': False}
(Worker_DP3_TP0_EP6 pid=337903) INFO 07-27 19:30:20 [compiler_interface.py:248] AscendCompiler hash factors: {'torch_npu_version': '2.10.0.post2', 'enable_npugraph_ex': True, 'enable_static_kernel': False}
(Worker_DP4_TP0_EP8 pid=337905) INFO 07-27 19:30:20 [backends.py:1089] Using cache directory: /root/.cache/vllm/torch_compile_cache/b44d35fc9c/rank_0_4/backbone for vLLM's torch.compile
(Worker_DP4_TP0_EP8 pid=337905) INFO 07-27 19:30:20 [backends.py:1148] Dynamo bytecode transform time: 0.87 s
(Worker_DP3_TP0_EP6 pid=337903) INFO 07-27 19:30:20 [backends.py:1089] Using cache directory: /root/.cache/vllm/torch_compile_cache/58e464d419/rank_0_3/backbone for vLLM's torch.compile
(Worker_DP3_TP0_EP6 pid=337903) INFO 07-27 19:30:20 [backends.py:1148] Dynamo bytecode transform time: 0.87 s
(Worker_DP6_TP0_EP12 pid=337901) INFO 07-27 19:30:20 [compiler_interface.py:248] AscendCompiler hash factors: {'torch_npu_version': '2.10.0.post2', 'enable_npugraph_ex': True, 'enable_static_kernel': False}
(Worker_DP5_TP0_EP10 pid=337899) INFO 07-27 19:30:20 [compiler_interface.py:248] AscendCompiler hash factors: {'torch_npu_version': '2.10.0.post2', 'enable_npugraph_ex': True, 'enable_static_kernel': False}
(Worker_DP6_TP0_EP12 pid=337901) INFO 07-27 19:30:20 [backends.py:1089] Using cache directory: /root/.cache/vllm/torch_compile_cache/951029537e/rank_0_6/backbone for vLLM's torch.compile
(Worker_DP6_TP0_EP12 pid=337901) INFO 07-27 19:30:20 [backends.py:1148] Dynamo bytecode transform time: 0.87 s
(Worker_DP5_TP0_EP10 pid=337899) INFO 07-27 19:30:20 [backends.py:1089] Using cache directory: /root/.cache/vllm/torch_compile_cache/310971ebec/rank_0_5/backbone for vLLM's torch.compile
(Worker_DP5_TP0_EP10 pid=337899) INFO 07-27 19:30:20 [backends.py:1148] Dynamo bytecode transform time: 0.87 s
(Worker_DP1_TP0_EP2 pid=337900) INFO 07-27 19:30:20 [compiler_interface.py:248] AscendCompiler hash factors: {'torch_npu_version': '2.10.0.post2', 'enable_npugraph_ex': True, 'enable_static_kernel': False}
(Worker_DP1_TP0_EP2 pid=337900) INFO 07-27 19:30:20 [backends.py:1089] Using cache directory: /root/.cache/vllm/torch_compile_cache/9f36470e39/rank_0_1/backbone for vLLM's torch.compile
(Worker_DP1_TP0_EP2 pid=337900) INFO 07-27 19:30:20 [backends.py:1148] Dynamo bytecode transform time: 0.88 s
(Worker_DP2_TP1_EP5 pid=338341) INFO 07-27 19:30:21 [compiler_interface.py:353] Loaded npugraph_ex compilation cache from /root/.cache/vllm/torch_compile_cache/bd73c0e17d/rank_1_2/backbone/artifact_compile_range_1_256_subgraph_0
(Worker_DP4_TP1_EP9 pid=338312) INFO 07-27 19:30:21 [compiler_interface.py:353] Loaded npugraph_ex compilation cache from /root/.cache/vllm/torch_compile_cache/b44d35fc9c/rank_1_4/backbone/artifact_compile_range_1_256_subgraph_0
(Worker_DP7_TP1_EP15 pid=338311) INFO 07-27 19:30:21 [compiler_interface.py:353] Loaded npugraph_ex compilation cache from /root/.cache/vllm/torch_compile_cache/08ecbe2311/rank_1_7/backbone/artifact_compile_range_1_256_subgraph_0
(Worker_DP0_TP1_EP1 pid=338280) INFO 07-27 19:30:21 [compiler_interface.py:353] Loaded npugraph_ex compilation cache from /root/.cache/vllm/torch_compile_cache/8239f7ade9/rank_1_0/backbone/artifact_compile_range_1_256_subgraph_0
(Worker_DP6_TP1_EP13 pid=338279) INFO 07-27 19:30:21 [compiler_interface.py:353] Loaded npugraph_ex compilation cache from /root/.cache/vllm/torch_compile_cache/951029537e/rank_1_6/backbone/artifact_compile_range_1_256_subgraph_0
(Worker_DP2_TP1_EP5 pid=338341) INFO 07-27 19:30:21 [decorators.py:311] Directly load AOT compilation from path /root/.cache/vllm/torch_compile_cache/torch_aot_compile/e08ba68f79a09450007c3781610f45bfe43051adb82691bb7f3748cc81ec0506/rank_1_2/model
(Worker_DP4_TP1_EP9 pid=338312) INFO 07-27 19:30:21 [decorators.py:311] Directly load AOT compilation from path /root/.cache/vllm/torch_compile_cache/torch_aot_compile/805b302de83182654dbf703071fc1fa75aa539c51d2e2cd7688fc26a402f87d7/rank_1_4/model
(Worker_DP7_TP1_EP15 pid=338311) INFO 07-27 19:30:21 [decorators.py:311] Directly load AOT compilation from path /root/.cache/vllm/torch_compile_cache/torch_aot_compile/958583ba7746b3e1e7fcf4a74fe0abb6511e28877401d8a27b1def91fd17516d/rank_1_7/model
(Worker_DP5_TP1_EP11 pid=338277) INFO 07-27 19:30:21 [compiler_interface.py:353] Loaded npugraph_ex compilation cache from /root/.cache/vllm/torch_compile_cache/310971ebec/rank_1_5/backbone/artifact_compile_range_1_256_subgraph_0
(Worker_DP1_TP1_EP3 pid=338265) INFO 07-27 19:30:21 [compiler_interface.py:353] Loaded npugraph_ex compilation cache from /root/.cache/vllm/torch_compile_cache/9f36470e39/rank_1_1/backbone/artifact_compile_range_1_256_subgraph_0
(Worker_DP0_TP1_EP1 pid=338280) INFO 07-27 19:30:21 [decorators.py:311] Directly load AOT compilation from path /root/.cache/vllm/torch_compile_cache/torch_aot_compile/e9375ed5f54695124483634c76db22782ed6dbfb366203c92ef9d41b90f9097d/rank_1_0/model
(Worker_DP6_TP1_EP13 pid=338279) INFO 07-27 19:30:21 [decorators.py:311] Directly load AOT compilation from path /root/.cache/vllm/torch_compile_cache/torch_aot_compile/45c51e56ca354382af3b97e8ab2b4fdfbd63e169d808993e2c2ba204b5d0a21d/rank_1_6/model
(Worker_DP5_TP1_EP11 pid=338277) INFO 07-27 19:30:21 [decorators.py:311] Directly load AOT compilation from path /root/.cache/vllm/torch_compile_cache/torch_aot_compile/3e42ab33d723c35b52edd03cf692655ebc412c5207cf42367d1d2b9a9b6f787a/rank_1_5/model
(Worker_DP3_TP1_EP7 pid=338316) INFO 07-27 19:30:21 [compiler_interface.py:353] Loaded npugraph_ex compilation cache from /root/.cache/vllm/torch_compile_cache/58e464d419/rank_1_3/backbone/artifact_compile_range_1_256_subgraph_0
(Worker_DP1_TP1_EP3 pid=338265) INFO 07-27 19:30:21 [decorators.py:311] Directly load AOT compilation from path /root/.cache/vllm/torch_compile_cache/torch_aot_compile/5cca10874856c19c05dbd6af0abbab2912333ecbaf8402b1edb5fba7bc6fbc07/rank_1_1/model
(Worker_DP3_TP0_EP6 pid=337903) INFO 07-27 19:30:21 [compiler_interface.py:353] Loaded npugraph_ex compilation cache from /root/.cache/vllm/torch_compile_cache/58e464d419/rank_0_3/backbone/artifact_compile_range_1_256_subgraph_0
(Worker_DP3_TP1_EP7 pid=338316) INFO 07-27 19:30:21 [decorators.py:311] Directly load AOT compilation from path /root/.cache/vllm/torch_compile_cache/torch_aot_compile/0b241a9fb64892b3a0535581ed2d6af3218b020cefb18a6ad28c9715235c6083/rank_1_3/model
(Worker_DP2_TP0_EP4 pid=337904) INFO 07-27 19:30:21 [compiler_interface.py:353] Loaded npugraph_ex compilation cache from /root/.cache/vllm/torch_compile_cache/bd73c0e17d/rank_0_2/backbone/artifact_compile_range_1_256_subgraph_0
(Worker_DP3_TP0_EP6 pid=337903) INFO 07-27 19:30:21 [backends.py:292] Directly load the compiled graph(s) for compile range (1, 256) from the cache, took 0.042 s
(Worker_DP4_TP0_EP8 pid=337905) INFO 07-27 19:30:21 [compiler_interface.py:353] Loaded npugraph_ex compilation cache from /root/.cache/vllm/torch_compile_cache/b44d35fc9c/rank_0_4/backbone/artifact_compile_range_1_256_subgraph_0
(Worker_DP3_TP0_EP6 pid=337903) INFO 07-27 19:30:21 [decorators.py:311] Directly load AOT compilation from path /root/.cache/vllm/torch_compile_cache/torch_aot_compile/0b241a9fb64892b3a0535581ed2d6af3218b020cefb18a6ad28c9715235c6083/rank_0_3/model
(Worker_DP3_TP0_EP6 pid=337903) INFO 07-27 19:30:21 [monitor.py:53] torch.compile took 1.97 s in total
(Worker_DP6_TP0_EP12 pid=337901) INFO 07-27 19:30:21 [compiler_interface.py:353] Loaded npugraph_ex compilation cache from /root/.cache/vllm/torch_compile_cache/951029537e/rank_0_6/backbone/artifact_compile_range_1_256_subgraph_0
(Worker_DP5_TP0_EP10 pid=337899) INFO 07-27 19:30:21 [compiler_interface.py:353] Loaded npugraph_ex compilation cache from /root/.cache/vllm/torch_compile_cache/310971ebec/rank_0_5/backbone/artifact_compile_range_1_256_subgraph_0
(Worker_DP2_TP0_EP4 pid=337904) INFO 07-27 19:30:21 [backends.py:292] Directly load the compiled graph(s) for compile range (1, 256) from the cache, took 0.048 s
(Worker_DP2_TP0_EP4 pid=337904) INFO 07-27 19:30:21 [decorators.py:311] Directly load AOT compilation from path /root/.cache/vllm/torch_compile_cache/torch_aot_compile/e08ba68f79a09450007c3781610f45bfe43051adb82691bb7f3748cc81ec0506/rank_0_2/model
(Worker_DP2_TP0_EP4 pid=337904) INFO 07-27 19:30:21 [monitor.py:53] torch.compile took 2.00 s in total
(Worker_DP0_TP0_EP0 pid=337906) INFO 07-27 19:30:21 [compiler_interface.py:353] Loaded npugraph_ex compilation cache from /root/.cache/vllm/torch_compile_cache/8239f7ade9/rank_0_0/backbone/artifact_compile_range_1_256_subgraph_0
(Worker_DP4_TP0_EP8 pid=337905) INFO 07-27 19:30:21 [backends.py:292] Directly load the compiled graph(s) for compile range (1, 256) from the cache, took 0.047 s
(Worker_DP4_TP0_EP8 pid=337905) INFO 07-27 19:30:21 [decorators.py:311] Directly load AOT compilation from path /root/.cache/vllm/torch_compile_cache/torch_aot_compile/805b302de83182654dbf703071fc1fa75aa539c51d2e2cd7688fc26a402f87d7/rank_0_4/model
(Worker_DP4_TP0_EP8 pid=337905) INFO 07-27 19:30:21 [monitor.py:53] torch.compile took 2.02 s in total
(Worker_DP6_TP0_EP12 pid=337901) INFO 07-27 19:30:21 [backends.py:292] Directly load the compiled graph(s) for compile range (1, 256) from the cache, took 0.046 s
(Worker_DP1_TP0_EP2 pid=337900) INFO 07-27 19:30:21 [compiler_interface.py:353] Loaded npugraph_ex compilation cache from /root/.cache/vllm/torch_compile_cache/9f36470e39/rank_0_1/backbone/artifact_compile_range_1_256_subgraph_0
(Worker_DP6_TP0_EP12 pid=337901) INFO 07-27 19:30:21 [decorators.py:311] Directly load AOT compilation from path /root/.cache/vllm/torch_compile_cache/torch_aot_compile/45c51e56ca354382af3b97e8ab2b4fdfbd63e169d808993e2c2ba204b5d0a21d/rank_0_6/model
(Worker_DP6_TP0_EP12 pid=337901) INFO 07-27 19:30:21 [monitor.py:53] torch.compile took 2.02 s in total
(Worker_DP5_TP0_EP10 pid=337899) INFO 07-27 19:30:21 [backends.py:292] Directly load the compiled graph(s) for compile range (1, 256) from the cache, took 0.044 s
(Worker_DP5_TP0_EP10 pid=337899) INFO 07-27 19:30:21 [decorators.py:311] Directly load AOT compilation from path /root/.cache/vllm/torch_compile_cache/torch_aot_compile/3e42ab33d723c35b52edd03cf692655ebc412c5207cf42367d1d2b9a9b6f787a/rank_0_5/model
(Worker_DP5_TP0_EP10 pid=337899) INFO 07-27 19:30:21 [monitor.py:53] torch.compile took 2.03 s in total
(Worker_DP0_TP0_EP0 pid=337906) INFO 07-27 19:30:21 [backends.py:292] Directly load the compiled graph(s) for compile range (1, 256) from the cache, took 0.045 s
(Worker_DP0_TP0_EP0 pid=337906) INFO 07-27 19:30:21 [decorators.py:311] Directly load AOT compilation from path /root/.cache/vllm/torch_compile_cache/torch_aot_compile/e9375ed5f54695124483634c76db22782ed6dbfb366203c92ef9d41b90f9097d/rank_0_0/model
(Worker_DP0_TP0_EP0 pid=337906) INFO 07-27 19:30:21 [monitor.py:53] torch.compile took 2.06 s in total
(Worker_DP1_TP0_EP2 pid=337900) INFO 07-27 19:30:21 [backends.py:292] Directly load the compiled graph(s) for compile range (1, 256) from the cache, took 0.044 s
(Worker_DP7_TP0_EP14 pid=337902) INFO 07-27 19:30:21 [compiler_interface.py:353] Loaded npugraph_ex compilation cache from /root/.cache/vllm/torch_compile_cache/08ecbe2311/rank_0_7/backbone/artifact_compile_range_1_256_subgraph_0
(Worker_DP1_TP0_EP2 pid=337900) INFO 07-27 19:30:21 [decorators.py:311] Directly load AOT compilation from path /root/.cache/vllm/torch_compile_cache/torch_aot_compile/5cca10874856c19c05dbd6af0abbab2912333ecbaf8402b1edb5fba7bc6fbc07/rank_0_1/model
(Worker_DP1_TP0_EP2 pid=337900) INFO 07-27 19:30:21 [monitor.py:53] torch.compile took 2.07 s in total
(Worker_DP7_TP0_EP14 pid=337902) INFO 07-27 19:30:21 [backends.py:292] Directly load the compiled graph(s) for compile range (1, 256) from the cache, took 0.049 s
(Worker_DP7_TP0_EP14 pid=337902) INFO 07-27 19:30:21 [decorators.py:311] Directly load AOT compilation from path /root/.cache/vllm/torch_compile_cache/torch_aot_compile/958583ba7746b3e1e7fcf4a74fe0abb6511e28877401d8a27b1def91fd17516d/rank_0_7/model
(Worker_DP7_TP0_EP14 pid=337902) INFO 07-27 19:30:21 [monitor.py:53] torch.compile took 2.12 s in total
(Worker_DP3_TP0_EP6 pid=337903) INFO 07-27 19:30:22 [monitor.py:81] Initial profiling/warmup run took 0.79 s
(Worker_DP5_TP0_EP10 pid=337899) INFO 07-27 19:30:22 [monitor.py:81] Initial profiling/warmup run took 0.82 s
(Worker_DP2_TP0_EP4 pid=337904) INFO 07-27 19:30:22 [monitor.py:81] Initial profiling/warmup run took 0.86 s
(Worker_DP4_TP0_EP8 pid=337905) INFO 07-27 19:30:22 [monitor.py:81] Initial profiling/warmup run took 0.84 s
(Worker_DP6_TP0_EP12 pid=337901) INFO 07-27 19:30:22 [monitor.py:81] Initial profiling/warmup run took 0.85 s
(Worker_DP0_TP0_EP0 pid=337906) INFO 07-27 19:30:22 [monitor.py:81] Initial profiling/warmup run took 0.83 s
(Worker_DP1_TP0_EP2 pid=337900) INFO 07-27 19:30:22 [monitor.py:81] Initial profiling/warmup run took 0.85 s
(Worker_DP7_TP0_EP14 pid=337902) INFO 07-27 19:30:22 [monitor.py:81] Initial profiling/warmup run took 0.86 s
(Worker_DP7_TP0_EP14 pid=337902) :0: UserWarning: /usr/local/lib/python3.11/site-packages/depyf/explain/enable_debugging.py:163: You are trying to debug `torch.compile`. Please make sure the code runs multiple times to cover all the possible branches.
(Worker_DP0_TP0_EP0 pid=337906) :0: UserWarning: /usr/local/lib/python3.11/site-packages/depyf/explain/enable_debugging.py:163: You are trying to debug `torch.compile`. Please make sure the code runs multiple times to cover all the possible branches.
(Worker_DP2_TP0_EP4 pid=337904) :0: UserWarning: /usr/local/lib/python3.11/site-packages/depyf/explain/enable_debugging.py:163: You are trying to debug `torch.compile`. Please make sure the code runs multiple times to cover all the possible branches.
(Worker_DP4_TP0_EP8 pid=337905) :0: UserWarning: /usr/local/lib/python3.11/site-packages/depyf/explain/enable_debugging.py:163: You are trying to debug `torch.compile`. Please make sure the code runs multiple times to cover all the possible branches.
(Worker_DP6_TP0_EP12 pid=337901) :0: UserWarning: /usr/local/lib/python3.11/site-packages/depyf/explain/enable_debugging.py:163: You are trying to debug `torch.compile`. Please make sure the code runs multiple times to cover all the possible branches.
(Worker_DP5_TP0_EP10 pid=337899) :0: UserWarning: /usr/local/lib/python3.11/site-packages/depyf/explain/enable_debugging.py:163: You are trying to debug `torch.compile`. Please make sure the code runs multiple times to cover all the possible branches.
(Worker_DP3_TP0_EP6 pid=337903) :0: UserWarning: /usr/local/lib/python3.11/site-packages/depyf/explain/enable_debugging.py:163: You are trying to debug `torch.compile`. Please make sure the code runs multiple times to cover all the possible branches.
(Worker_DP1_TP0_EP2 pid=337900) :0: UserWarning: /usr/local/lib/python3.11/site-packages/depyf/explain/enable_debugging.py:163: You are trying to debug `torch.compile`. Please make sure the code runs multiple times to cover all the possible branches.
(Worker_DP0_TP0_EP0 pid=337906) INFO 07-27 19:30:22 [compiler_interface.py:248] AscendCompiler hash factors: {'torch_npu_version': '2.10.0.post2', 'enable_npugraph_ex': True, 'enable_static_kernel': False}
(Worker_DP6_TP0_EP12 pid=337901) INFO 07-27 19:30:22 [compiler_interface.py:248] AscendCompiler hash factors: {'torch_npu_version': '2.10.0.post2', 'enable_npugraph_ex': True, 'enable_static_kernel': False}
(Worker_DP0_TP0_EP0 pid=337906) INFO 07-27 19:30:22 [backends.py:1089] Using cache directory: /root/.cache/vllm/torch_compile_cache/8239f7ade9/rank_0_0/eagle_head for vLLM's torch.compile
(Worker_DP0_TP0_EP0 pid=337906) INFO 07-27 19:30:22 [backends.py:1148] Dynamo bytecode transform time: 0.07 s
(Worker_DP4_TP0_EP8 pid=337905) INFO 07-27 19:30:22 [compiler_interface.py:248] AscendCompiler hash factors: {'torch_npu_version': '2.10.0.post2', 'enable_npugraph_ex': True, 'enable_static_kernel': False}
(Worker_DP3_TP0_EP6 pid=337903) INFO 07-27 19:30:22 [compiler_interface.py:248] AscendCompiler hash factors: {'torch_npu_version': '2.10.0.post2', 'enable_npugraph_ex': True, 'enable_static_kernel': False}
(Worker_DP1_TP0_EP2 pid=337900) INFO 07-27 19:30:22 [compiler_interface.py:248] AscendCompiler hash factors: {'torch_npu_version': '2.10.0.post2', 'enable_npugraph_ex': True, 'enable_static_kernel': False}
(Worker_DP6_TP0_EP12 pid=337901) INFO 07-27 19:30:22 [backends.py:1089] Using cache directory: /root/.cache/vllm/torch_compile_cache/951029537e/rank_0_6/eagle_head for vLLM's torch.compile
(Worker_DP6_TP0_EP12 pid=337901) INFO 07-27 19:30:22 [backends.py:1148] Dynamo bytecode transform time: 0.07 s
(Worker_DP4_TP0_EP8 pid=337905) INFO 07-27 19:30:22 [backends.py:1089] Using cache directory: /root/.cache/vllm/torch_compile_cache/b44d35fc9c/rank_0_4/eagle_head for vLLM's torch.compile
(Worker_DP4_TP0_EP8 pid=337905) INFO 07-27 19:30:22 [backends.py:1148] Dynamo bytecode transform time: 0.07 s
(Worker_DP3_TP0_EP6 pid=337903) INFO 07-27 19:30:22 [backends.py:1089] Using cache directory: /root/.cache/vllm/torch_compile_cache/58e464d419/rank_0_3/eagle_head for vLLM's torch.compile
(Worker_DP1_TP0_EP2 pid=337900) INFO 07-27 19:30:22 [backends.py:1089] Using cache directory: /root/.cache/vllm/torch_compile_cache/9f36470e39/rank_0_1/eagle_head for vLLM's torch.compile
(Worker_DP3_TP0_EP6 pid=337903) INFO 07-27 19:30:22 [backends.py:1148] Dynamo bytecode transform time: 0.07 s
(Worker_DP2_TP0_EP4 pid=337904) INFO 07-27 19:30:22 [compiler_interface.py:248] AscendCompiler hash factors: {'torch_npu_version': '2.10.0.post2', 'enable_npugraph_ex': True, 'enable_static_kernel': False}
(Worker_DP1_TP0_EP2 pid=337900) INFO 07-27 19:30:22 [backends.py:1148] Dynamo bytecode transform time: 0.07 s
(Worker_DP2_TP0_EP4 pid=337904) INFO 07-27 19:30:22 [backends.py:1089] Using cache directory: /root/.cache/vllm/torch_compile_cache/bd73c0e17d/rank_0_2/eagle_head for vLLM's torch.compile
(Worker_DP7_TP0_EP14 pid=337902) INFO 07-27 19:30:22 [compiler_interface.py:248] AscendCompiler hash factors: {'torch_npu_version': '2.10.0.post2', 'enable_npugraph_ex': True, 'enable_static_kernel': False}
(Worker_DP5_TP0_EP10 pid=337899) INFO 07-27 19:30:22 [compiler_interface.py:248] AscendCompiler hash factors: {'torch_npu_version': '2.10.0.post2', 'enable_npugraph_ex': True, 'enable_static_kernel': False}
(Worker_DP2_TP0_EP4 pid=337904) INFO 07-27 19:30:22 [backends.py:1148] Dynamo bytecode transform time: 0.08 s
(Worker_DP5_TP0_EP10 pid=337899) INFO 07-27 19:30:22 [backends.py:1089] Using cache directory: /root/.cache/vllm/torch_compile_cache/310971ebec/rank_0_5/eagle_head for vLLM's torch.compile
(Worker_DP7_TP0_EP14 pid=337902) INFO 07-27 19:30:22 [backends.py:1089] Using cache directory: /root/.cache/vllm/torch_compile_cache/08ecbe2311/rank_0_7/eagle_head for vLLM's torch.compile
(Worker_DP5_TP0_EP10 pid=337899) INFO 07-27 19:30:22 [backends.py:1148] Dynamo bytecode transform time: 0.08 s
(Worker_DP7_TP0_EP14 pid=337902) INFO 07-27 19:30:22 [backends.py:1148] Dynamo bytecode transform time: 0.09 s
(Worker_DP7_TP1_EP15 pid=338311) :0: UserWarning: /usr/local/lib/python3.11/site-packages/depyf/explain/enable_debugging.py:163: You are trying to debug `torch.compile`. Please make sure the code runs multiple times to cover all the possible branches.
(Worker_DP4_TP1_EP9 pid=338312) :0: UserWarning: /usr/local/lib/python3.11/site-packages/depyf/explain/enable_debugging.py:163: You are trying to debug `torch.compile`. Please make sure the code runs multiple times to cover all the possible branches.
(Worker_DP0_TP1_EP1 pid=338280) :0: UserWarning: /usr/local/lib/python3.11/site-packages/depyf/explain/enable_debugging.py:163: You are trying to debug `torch.compile`. Please make sure the code runs multiple times to cover all the possible branches.
(Worker_DP6_TP1_EP13 pid=338279) :0: UserWarning: /usr/local/lib/python3.11/site-packages/depyf/explain/enable_debugging.py:163: You are trying to debug `torch.compile`. Please make sure the code runs multiple times to cover all the possible branches.
(Worker_DP2_TP1_EP5 pid=338341) :0: UserWarning: /usr/local/lib/python3.11/site-packages/depyf/explain/enable_debugging.py:163: You are trying to debug `torch.compile`. Please make sure the code runs multiple times to cover all the possible branches.
(Worker_DP1_TP1_EP3 pid=338265) :0: UserWarning: /usr/local/lib/python3.11/site-packages/depyf/explain/enable_debugging.py:163: You are trying to debug `torch.compile`. Please make sure the code runs multiple times to cover all the possible branches.
(Worker_DP3_TP1_EP7 pid=338316) :0: UserWarning: /usr/local/lib/python3.11/site-packages/depyf/explain/enable_debugging.py:163: You are trying to debug `torch.compile`. Please make sure the code runs multiple times to cover all the possible branches.
(Worker_DP5_TP1_EP11 pid=338277) :0: UserWarning: /usr/local/lib/python3.11/site-packages/depyf/explain/enable_debugging.py:163: You are trying to debug `torch.compile`. Please make sure the code runs multiple times to cover all the possible branches.
(Worker_DP0_TP0_EP0 pid=337906) INFO 07-27 19:30:22 [compiler_interface.py:353] Loaded npugraph_ex compilation cache from /root/.cache/vllm/torch_compile_cache/8239f7ade9/rank_0_0/eagle_head/artifact_compile_range_1_256_subgraph_0
(Worker_DP0_TP0_EP0 pid=337906) INFO 07-27 19:30:22 [backends.py:292] Directly load the compiled graph(s) for compile range (1, 256) from the cache, took 0.002 s
(Worker_DP6_TP0_EP12 pid=337901) INFO 07-27 19:30:22 [compiler_interface.py:353] Loaded npugraph_ex compilation cache from /root/.cache/vllm/torch_compile_cache/951029537e/rank_0_6/eagle_head/artifact_compile_range_1_256_subgraph_0
(Worker_DP4_TP0_EP8 pid=337905) INFO 07-27 19:30:22 [compiler_interface.py:353] Loaded npugraph_ex compilation cache from /root/.cache/vllm/torch_compile_cache/b44d35fc9c/rank_0_4/eagle_head/artifact_compile_range_1_256_subgraph_0
(Worker_DP1_TP0_EP2 pid=337900) INFO 07-27 19:30:22 [compiler_interface.py:353] Loaded npugraph_ex compilation cache from /root/.cache/vllm/torch_compile_cache/9f36470e39/rank_0_1/eagle_head/artifact_compile_range_1_256_subgraph_0
(Worker_DP0_TP0_EP0 pid=337906) INFO 07-27 19:30:22 [decorators.py:311] Directly load AOT compilation from path /root/.cache/vllm/torch_compile_cache/torch_aot_compile/81184e566df09e062d2e9610e7c8fc9671c9c0fa98d2b596e20f93acbb078712/rank_0_0/model
(Worker_DP0_TP0_EP0 pid=337906) INFO 07-27 19:30:22 [monitor.py:53] torch.compile took 0.13 s in total
(Worker_DP3_TP0_EP6 pid=337903) INFO 07-27 19:30:22 [compiler_interface.py:353] Loaded npugraph_ex compilation cache from /root/.cache/vllm/torch_compile_cache/58e464d419/rank_0_3/eagle_head/artifact_compile_range_1_256_subgraph_0
(Worker_DP6_TP0_EP12 pid=337901) INFO 07-27 19:30:22 [backends.py:292] Directly load the compiled graph(s) for compile range (1, 256) from the cache, took 0.002 s
(Worker_DP4_TP0_EP8 pid=337905) INFO 07-27 19:30:22 [backends.py:292] Directly load the compiled graph(s) for compile range (1, 256) from the cache, took 0.002 s
(Worker_DP1_TP0_EP2 pid=337900) INFO 07-27 19:30:22 [backends.py:292] Directly load the compiled graph(s) for compile range (1, 256) from the cache, took 0.002 s
(Worker_DP6_TP0_EP12 pid=337901) INFO 07-27 19:30:22 [decorators.py:311] Directly load AOT compilation from path /root/.cache/vllm/torch_compile_cache/torch_aot_compile/7a3061973c39b05088e1c1a9c92d14bd7bbc34ab2bd94761831ce9f58b3d8fd8/rank_0_6/model
(Worker_DP6_TP0_EP12 pid=337901) INFO 07-27 19:30:22 [monitor.py:53] torch.compile took 0.13 s in total
(Worker_DP3_TP0_EP6 pid=337903) INFO 07-27 19:30:22 [backends.py:292] Directly load the compiled graph(s) for compile range (1, 256) from the cache, took 0.002 s
(Worker_DP4_TP0_EP8 pid=337905) INFO 07-27 19:30:22 [decorators.py:311] Directly load AOT compilation from path /root/.cache/vllm/torch_compile_cache/torch_aot_compile/47dae8d80555c713471caf5d4c99471ab7b27f518a27b39f5ef25388cca8aec3/rank_0_4/model
(Worker_DP1_TP0_EP2 pid=337900) INFO 07-27 19:30:22 [decorators.py:311] Directly load AOT compilation from path /root/.cache/vllm/torch_compile_cache/torch_aot_compile/6d800bbdc23db30b8be44fd16a0d7cac2230c03f4c3012bc715378f159eb1a26/rank_0_1/model
(Worker_DP4_TP0_EP8 pid=337905) INFO 07-27 19:30:22 [monitor.py:53] torch.compile took 0.13 s in total
(Worker_DP1_TP0_EP2 pid=337900) INFO 07-27 19:30:22 [monitor.py:53] torch.compile took 0.13 s in total
(Worker_DP3_TP0_EP6 pid=337903) INFO 07-27 19:30:22 [decorators.py:311] Directly load AOT compilation from path /root/.cache/vllm/torch_compile_cache/torch_aot_compile/576b0c93cc7a2d7c33a7a13d28859c55255bf09e1903de50557acc4055a70044/rank_0_3/model
(Worker_DP2_TP0_EP4 pid=337904) INFO 07-27 19:30:22 [compiler_interface.py:353] Loaded npugraph_ex compilation cache from /root/.cache/vllm/torch_compile_cache/bd73c0e17d/rank_0_2/eagle_head/artifact_compile_range_1_256_subgraph_0
(Worker_DP3_TP0_EP6 pid=337903) INFO 07-27 19:30:22 [monitor.py:53] torch.compile took 0.13 s in total
(Worker_DP5_TP0_EP10 pid=337899) INFO 07-27 19:30:22 [compiler_interface.py:353] Loaded npugraph_ex compilation cache from /root/.cache/vllm/torch_compile_cache/310971ebec/rank_0_5/eagle_head/artifact_compile_range_1_256_subgraph_0
(Worker_DP2_TP0_EP4 pid=337904) INFO 07-27 19:30:22 [backends.py:292] Directly load the compiled graph(s) for compile range (1, 256) from the cache, took 0.002 s
(Worker_DP2_TP0_EP4 pid=337904) INFO 07-27 19:30:22 [decorators.py:311] Directly load AOT compilation from path /root/.cache/vllm/torch_compile_cache/torch_aot_compile/d202a97807b9d28e5a015b7b96d53b6721fd9972bab939e14768ba1d6273c8c5/rank_0_2/model
(Worker_DP2_TP0_EP4 pid=337904) INFO 07-27 19:30:22 [monitor.py:53] torch.compile took 0.13 s in total
(Worker_DP5_TP0_EP10 pid=337899) INFO 07-27 19:30:22 [backends.py:292] Directly load the compiled graph(s) for compile range (1, 256) from the cache, took 0.003 s
(Worker_DP5_TP0_EP10 pid=337899) INFO 07-27 19:30:22 [decorators.py:311] Directly load AOT compilation from path /root/.cache/vllm/torch_compile_cache/torch_aot_compile/fe3d742f8973e0f38803b240a0bd29cb63b5d451bb0d00174bba0301a250b68c/rank_0_5/model
(Worker_DP5_TP0_EP10 pid=337899) INFO 07-27 19:30:22 [monitor.py:53] torch.compile took 0.13 s in total
(Worker_DP7_TP0_EP14 pid=337902) INFO 07-27 19:30:22 [compiler_interface.py:353] Loaded npugraph_ex compilation cache from /root/.cache/vllm/torch_compile_cache/08ecbe2311/rank_0_7/eagle_head/artifact_compile_range_1_256_subgraph_0
(Worker_DP7_TP0_EP14 pid=337902) INFO 07-27 19:30:22 [backends.py:292] Directly load the compiled graph(s) for compile range (1, 256) from the cache, took 0.003 s
(Worker_DP7_TP0_EP14 pid=337902) INFO 07-27 19:30:22 [decorators.py:311] Directly load AOT compilation from path /root/.cache/vllm/torch_compile_cache/torch_aot_compile/50f6e2ece0166a2f956bb44394e9ac60f7f1b3d5feb9d6b9fa6def8e784fda8b/rank_0_7/model
(Worker_DP7_TP0_EP14 pid=337902) INFO 07-27 19:30:22 [monitor.py:53] torch.compile took 0.14 s in total
(Worker_DP0_TP1_EP1 pid=338280) INFO 07-27 19:30:22 [compiler_interface.py:248] AscendCompiler hash factors: {'torch_npu_version': '2.10.0.post2', 'enable_npugraph_ex': True, 'enable_static_kernel': False}
(Worker_DP7_TP1_EP15 pid=338311) INFO 07-27 19:30:22 [compiler_interface.py:248] AscendCompiler hash factors: {'torch_npu_version': '2.10.0.post2', 'enable_npugraph_ex': True, 'enable_static_kernel': False}
(Worker_DP2_TP1_EP5 pid=338341) INFO 07-27 19:30:22 [compiler_interface.py:248] AscendCompiler hash factors: {'torch_npu_version': '2.10.0.post2', 'enable_npugraph_ex': True, 'enable_static_kernel': False}
(Worker_DP4_TP1_EP9 pid=338312) INFO 07-27 19:30:22 [compiler_interface.py:248] AscendCompiler hash factors: {'torch_npu_version': '2.10.0.post2', 'enable_npugraph_ex': True, 'enable_static_kernel': False}
(Worker_DP3_TP1_EP7 pid=338316) INFO 07-27 19:30:22 [compiler_interface.py:248] AscendCompiler hash factors: {'torch_npu_version': '2.10.0.post2', 'enable_npugraph_ex': True, 'enable_static_kernel': False}
(Worker_DP1_TP1_EP3 pid=338265) INFO 07-27 19:30:22 [compiler_interface.py:248] AscendCompiler hash factors: {'torch_npu_version': '2.10.0.post2', 'enable_npugraph_ex': True, 'enable_static_kernel': False}
(Worker_DP6_TP1_EP13 pid=338279) INFO 07-27 19:30:22 [compiler_interface.py:248] AscendCompiler hash factors: {'torch_npu_version': '2.10.0.post2', 'enable_npugraph_ex': True, 'enable_static_kernel': False}
(Worker_DP5_TP1_EP11 pid=338277) INFO 07-27 19:30:22 [compiler_interface.py:248] AscendCompiler hash factors: {'torch_npu_version': '2.10.0.post2', 'enable_npugraph_ex': True, 'enable_static_kernel': False}
(Worker_DP0_TP0_EP0 pid=337906) INFO 07-27 19:30:22 [monitor.py:81] Initial profiling/warmup run took 0.08 s
(Worker_DP1_TP0_EP2 pid=337900) INFO 07-27 19:30:22 [monitor.py:81] Initial profiling/warmup run took 0.08 s
(Worker_DP0_TP1_EP1 pid=338280) INFO 07-27 19:30:22 [compiler_interface.py:353] Loaded npugraph_ex compilation cache from /root/.cache/vllm/torch_compile_cache/8239f7ade9/rank_1_0/eagle_head/artifact_compile_range_1_256_subgraph_0
(Worker_DP0_TP1_EP1 pid=338280) INFO 07-27 19:30:22 [decorators.py:311] Directly load AOT compilation from path /root/.cache/vllm/torch_compile_cache/torch_aot_compile/81184e566df09e062d2e9610e7c8fc9671c9c0fa98d2b596e20f93acbb078712/rank_1_0/model
(Worker_DP7_TP1_EP15 pid=338311) INFO 07-27 19:30:22 [compiler_interface.py:353] Loaded npugraph_ex compilation cache from /root/.cache/vllm/torch_compile_cache/08ecbe2311/rank_1_7/eagle_head/artifact_compile_range_1_256_subgraph_0
(Worker_DP2_TP1_EP5 pid=338341) INFO 07-27 19:30:22 [compiler_interface.py:353] Loaded npugraph_ex compilation cache from /root/.cache/vllm/torch_compile_cache/bd73c0e17d/rank_1_2/eagle_head/artifact_compile_range_1_256_subgraph_0
(Worker_DP7_TP1_EP15 pid=338311) INFO 07-27 19:30:22 [decorators.py:311] Directly load AOT compilation from path /root/.cache/vllm/torch_compile_cache/torch_aot_compile/50f6e2ece0166a2f956bb44394e9ac60f7f1b3d5feb9d6b9fa6def8e784fda8b/rank_1_7/model
(Worker_DP4_TP1_EP9 pid=338312) INFO 07-27 19:30:22 [compiler_interface.py:353] Loaded npugraph_ex compilation cache from /root/.cache/vllm/torch_compile_cache/b44d35fc9c/rank_1_4/eagle_head/artifact_compile_range_1_256_subgraph_0
(Worker_DP2_TP1_EP5 pid=338341) INFO 07-27 19:30:22 [decorators.py:311] Directly load AOT compilation from path /root/.cache/vllm/torch_compile_cache/torch_aot_compile/d202a97807b9d28e5a015b7b96d53b6721fd9972bab939e14768ba1d6273c8c5/rank_1_2/model
(Worker_DP3_TP1_EP7 pid=338316) INFO 07-27 19:30:22 [compiler_interface.py:353] Loaded npugraph_ex compilation cache from /root/.cache/vllm/torch_compile_cache/58e464d419/rank_1_3/eagle_head/artifact_compile_range_1_256_subgraph_0
(Worker_DP6_TP1_EP13 pid=338279) INFO 07-27 19:30:22 [compiler_interface.py:353] Loaded npugraph_ex compilation cache from /root/.cache/vllm/torch_compile_cache/951029537e/rank_1_6/eagle_head/artifact_compile_range_1_256_subgraph_0
(Worker_DP1_TP1_EP3 pid=338265) INFO 07-27 19:30:22 [compiler_interface.py:353] Loaded npugraph_ex compilation cache from /root/.cache/vllm/torch_compile_cache/9f36470e39/rank_1_1/eagle_head/artifact_compile_range_1_256_subgraph_0
(Worker_DP4_TP1_EP9 pid=338312) INFO 07-27 19:30:22 [decorators.py:311] Directly load AOT compilation from path /root/.cache/vllm/torch_compile_cache/torch_aot_compile/47dae8d80555c713471caf5d4c99471ab7b27f518a27b39f5ef25388cca8aec3/rank_1_4/model
(Worker_DP4_TP0_EP8 pid=337905) INFO 07-27 19:30:22 [monitor.py:81] Initial profiling/warmup run took 0.10 s
(Worker_DP6_TP0_EP12 pid=337901) INFO 07-27 19:30:22 [monitor.py:81] Initial profiling/warmup run took 0.10 s
(Worker_DP3_TP1_EP7 pid=338316) INFO 07-27 19:30:22 [decorators.py:311] Directly load AOT compilation from path /root/.cache/vllm/torch_compile_cache/torch_aot_compile/576b0c93cc7a2d7c33a7a13d28859c55255bf09e1903de50557acc4055a70044/rank_1_3/model
(Worker_DP2_TP0_EP4 pid=337904) INFO 07-27 19:30:22 [monitor.py:81] Initial profiling/warmup run took 0.10 s
(Worker_DP7_TP0_EP14 pid=337902) INFO 07-27 19:30:22 [monitor.py:81] Initial profiling/warmup run took 0.09 s
(Worker_DP6_TP1_EP13 pid=338279) INFO 07-27 19:30:22 [decorators.py:311] Directly load AOT compilation from path /root/.cache/vllm/torch_compile_cache/torch_aot_compile/7a3061973c39b05088e1c1a9c92d14bd7bbc34ab2bd94761831ce9f58b3d8fd8/rank_1_6/model
(Worker_DP1_TP1_EP3 pid=338265) INFO 07-27 19:30:22 [decorators.py:311] Directly load AOT compilation from path /root/.cache/vllm/torch_compile_cache/torch_aot_compile/6d800bbdc23db30b8be44fd16a0d7cac2230c03f4c3012bc715378f159eb1a26/rank_1_1/model
(Worker_DP3_TP0_EP6 pid=337903) INFO 07-27 19:30:22 [monitor.py:81] Initial profiling/warmup run took 0.11 s
(Worker_DP5_TP1_EP11 pid=338277) INFO 07-27 19:30:22 [compiler_interface.py:353] Loaded npugraph_ex compilation cache from /root/.cache/vllm/torch_compile_cache/310971ebec/rank_1_5/eagle_head/artifact_compile_range_1_256_subgraph_0
(Worker_DP5_TP1_EP11 pid=338277) INFO 07-27 19:30:22 [decorators.py:311] Directly load AOT compilation from path /root/.cache/vllm/torch_compile_cache/torch_aot_compile/fe3d742f8973e0f38803b240a0bd29cb63b5d451bb0d00174bba0301a250b68c/rank_1_5/model
(Worker_DP5_TP0_EP10 pid=337899) INFO 07-27 19:30:22 [monitor.py:81] Initial profiling/warmup run took 0.13 s
(Worker_DP7_TP0_EP14 pid=337902) INFO 07-27 19:30:25 [gpu_model_runner.py:6571] Profiling CUDA graph memory: FULL=2 (largest=48)
(Worker_DP2_TP0_EP4 pid=337904) INFO 07-27 19:30:25 [gpu_model_runner.py:6571] Profiling CUDA graph memory: FULL=2 (largest=48)
(Worker_DP3_TP1_EP7 pid=338316) INFO 07-27 19:30:25 [gpu_model_runner.py:6571] Profiling CUDA graph memory: FULL=2 (largest=48)
(Worker_DP3_TP0_EP6 pid=337903) INFO 07-27 19:30:25 [gpu_model_runner.py:6571] Profiling CUDA graph memory: FULL=2 (largest=48)
(Worker_DP1_TP0_EP2 pid=337900) INFO 07-27 19:30:25 [gpu_model_runner.py:6571] Profiling CUDA graph memory: FULL=2 (largest=48)
(Worker_DP5_TP1_EP11 pid=338277) INFO 07-27 19:30:26 [gpu_model_runner.py:6571] Profiling CUDA graph memory: FULL=2 (largest=48)
(Worker_DP6_TP1_EP13 pid=338279) INFO 07-27 19:30:26 [gpu_model_runner.py:6571] Profiling CUDA graph memory: FULL=2 (largest=48)
(Worker_DP5_TP0_EP10 pid=337899) INFO 07-27 19:30:26 [gpu_model_runner.py:6571] Profiling CUDA graph memory: FULL=2 (largest=48)
(Worker_DP4_TP0_EP8 pid=337905) INFO 07-27 19:30:26 [gpu_model_runner.py:6571] Profiling CUDA graph memory: FULL=2 (largest=48)
(Worker_DP4_TP1_EP9 pid=338312) INFO 07-27 19:30:26 [gpu_model_runner.py:6571] Profiling CUDA graph memory: FULL=2 (largest=48)
(Worker_DP7_TP1_EP15 pid=338311) INFO 07-27 19:30:26 [gpu_model_runner.py:6571] Profiling CUDA graph memory: FULL=2 (largest=48)
(Worker_DP0_TP1_EP1 pid=338280) INFO 07-27 19:30:26 [gpu_model_runner.py:6571] Profiling CUDA graph memory: FULL=2 (largest=48)
(Worker_DP1_TP1_EP3 pid=338265) INFO 07-27 19:30:26 [gpu_model_runner.py:6571] Profiling CUDA graph memory: FULL=2 (largest=48)
(Worker_DP0_TP0_EP0 pid=337906) INFO 07-27 19:30:26 [gpu_model_runner.py:6571] Profiling CUDA graph memory: FULL=2 (largest=48)
(Worker_DP2_TP1_EP5 pid=338341) INFO 07-27 19:30:26 [gpu_model_runner.py:6571] Profiling CUDA graph memory: FULL=2 (largest=48)
(Worker_DP6_TP0_EP12 pid=337901) INFO 07-27 19:30:26 [gpu_model_runner.py:6571] Profiling CUDA graph memory: FULL=2 (largest=48)
(Worker_DP7_TP0_EP14 pid=337902) INFO 07-27 19:30:27 [model_runner_v1.py:3668] [ACLGraphMemoryProfile] Skipping LMHead TP logits in disposable pre-KV graph capture.
(Worker_DP2_TP0_EP4 pid=337904) INFO 07-27 19:30:27 [model_runner_v1.py:3668] [ACLGraphMemoryProfile] Skipping LMHead TP logits in disposable pre-KV graph capture.
(Worker_DP5_TP0_EP10 pid=337899) INFO 07-27 19:30:27 [model_runner_v1.py:3668] [ACLGraphMemoryProfile] Skipping LMHead TP logits in disposable pre-KV graph capture.
(Worker_DP1_TP0_EP2 pid=337900) INFO 07-27 19:30:27 [model_runner_v1.py:3668] [ACLGraphMemoryProfile] Skipping LMHead TP logits in disposable pre-KV graph capture.
(Worker_DP6_TP0_EP12 pid=337901) INFO 07-27 19:30:27 [model_runner_v1.py:3668] [ACLGraphMemoryProfile] Skipping LMHead TP logits in disposable pre-KV graph capture.
(Worker_DP4_TP0_EP8 pid=337905) INFO 07-27 19:30:27 [model_runner_v1.py:3668] [ACLGraphMemoryProfile] Skipping LMHead TP logits in disposable pre-KV graph capture.
(Worker_DP0_TP0_EP0 pid=337906) INFO 07-27 19:30:27 [model_runner_v1.py:3668] [ACLGraphMemoryProfile] Skipping LMHead TP logits in disposable pre-KV graph capture.
(Worker_DP3_TP0_EP6 pid=337903) INFO 07-27 19:30:27 [model_runner_v1.py:3668] [ACLGraphMemoryProfile] Skipping LMHead TP logits in disposable pre-KV graph capture.
[rank13]:[W727 19:30:27.756636240 NPUGraph.cpp:223] Warning: Waiting for pending NCCL work to finish before starting graph capture. (function operator())
[rank8]:[W727 19:30:27.756717900 NPUGraph.cpp:223] Warning: Waiting for pending NCCL work to finish before starting graph capture. (function operator())
[rank1]:[W727 19:30:27.757759170 NPUGraph.cpp:223] Warning: Waiting for pending NCCL work to finish before starting graph capture. (function operator())
[rank3]:[W727 19:30:27.758118260 NPUGraph.cpp:223] Warning: Waiting for pending NCCL work to finish before starting graph capture. (function operator())
[rank15]:[W727 19:30:27.758250920 NPUGraph.cpp:223] Warning: Waiting for pending NCCL work to finish before starting graph capture. (function operator())
[rank9]:[W727 19:30:27.758949760 NPUGraph.cpp:223] Warning: Waiting for pending NCCL work to finish before starting graph capture. (function operator())
[rank2]:[W727 19:30:27.758987510 NPUGraph.cpp:223] Warning: Waiting for pending NCCL work to finish before starting graph capture. (function operator())
[rank5]:[W727 19:30:27.759532080 NPUGraph.cpp:223] Warning: Waiting for pending NCCL work to finish before starting graph capture. (function operator())
[rank14]:[W727 19:30:27.759766860 NPUGraph.cpp:223] Warning: Waiting for pending NCCL work to finish before starting graph capture. (function operator())
[rank4]:[W727 19:30:27.759937740 NPUGraph.cpp:223] Warning: Waiting for pending NCCL work to finish before starting graph capture. (function operator())
[rank10]:[W727 19:30:27.760219880 NPUGraph.cpp:223] Warning: Waiting for pending NCCL work to finish before starting graph capture. (function operator())
[rank12]:[W727 19:30:27.760832830 NPUGraph.cpp:223] Warning: Waiting for pending NCCL work to finish before starting graph capture. (function operator())
[rank0]:[W727 19:30:27.761173580 NPUGraph.cpp:223] Warning: Waiting for pending NCCL work to finish before starting graph capture. (function operator())
[rank11]:[W727 19:30:27.764343090 NPUGraph.cpp:223] Warning: Waiting for pending NCCL work to finish before starting graph capture. (function operator())
[rank7]:[W727 19:30:27.765971290 NPUGraph.cpp:223] Warning: Waiting for pending NCCL work to finish before starting graph capture. (function operator())
[rank6]:[W727 19:30:27.767793740 NPUGraph.cpp:223] Warning: Waiting for pending NCCL work to finish before starting graph capture. (function operator())
(Worker_DP7_TP0_EP14 pid=337902) INFO 07-27 19:30:32 [gpu_model_runner.py:6676] Estimated CUDA graph memory: 0.52 GiB total
(Worker_DP2_TP0_EP4 pid=337904) INFO 07-27 19:30:32 [gpu_model_runner.py:6676] Estimated CUDA graph memory: 0.53 GiB total
(Worker_DP0_TP0_EP0 pid=337906) INFO 07-27 19:30:32 [gpu_model_runner.py:6676] Estimated CUDA graph memory: 0.53 GiB total
(Worker_DP5_TP0_EP10 pid=337899) INFO 07-27 19:30:32 [gpu_model_runner.py:6676] Estimated CUDA graph memory: 0.53 GiB total
(Worker_DP4_TP0_EP8 pid=337905) INFO 07-27 19:30:32 [gpu_model_runner.py:6676] Estimated CUDA graph memory: 0.53 GiB total
(Worker_DP3_TP1_EP7 pid=338316) INFO 07-27 19:30:32 [gpu_model_runner.py:6676] Estimated CUDA graph memory: 0.53 GiB total
(Worker_DP6_TP1_EP13 pid=338279) INFO 07-27 19:30:32 [gpu_model_runner.py:6676] Estimated CUDA graph memory: 0.53 GiB total
(Worker_DP1_TP0_EP2 pid=337900) INFO 07-27 19:30:32 [gpu_model_runner.py:6676] Estimated CUDA graph memory: 0.52 GiB total
(Worker_DP1_TP1_EP3 pid=338265) INFO 07-27 19:30:32 [gpu_model_runner.py:6676] Estimated CUDA graph memory: 0.53 GiB total
(Worker_DP4_TP1_EP9 pid=338312) INFO 07-27 19:30:32 [gpu_model_runner.py:6676] Estimated CUDA graph memory: 0.53 GiB total
(Worker_DP0_TP1_EP1 pid=338280) INFO 07-27 19:30:32 [gpu_model_runner.py:6676] Estimated CUDA graph memory: 0.53 GiB total
(Worker_DP2_TP1_EP5 pid=338341) INFO 07-27 19:30:32 [gpu_model_runner.py:6676] Estimated CUDA graph memory: 0.53 GiB total
(Worker_DP7_TP1_EP15 pid=338311) INFO 07-27 19:30:32 [gpu_model_runner.py:6676] Estimated CUDA graph memory: 0.53 GiB total
(Worker_DP3_TP0_EP6 pid=337903) INFO 07-27 19:30:32 [gpu_model_runner.py:6676] Estimated CUDA graph memory: 0.53 GiB total
(Worker_DP6_TP0_EP12 pid=337901) INFO 07-27 19:30:32 [gpu_model_runner.py:6676] Estimated CUDA graph memory: 0.53 GiB total
(Worker_DP5_TP1_EP11 pid=338277) INFO 07-27 19:30:33 [gpu_model_runner.py:6676] Estimated CUDA graph memory: 0.52 GiB total
(Worker_DP7_TP0_EP14 pid=337902) INFO 07-27 19:30:33 [worker.py:607] Available KV cache memory: 0.63 GiB
(Worker_DP7_TP0_EP14 pid=337902) INFO 07-27 19:30:33 [worker.py:623] ACL graph memory profiling is enabled (default since v0.22.1). The current --gpu-memory-utilization=0.9000 is equivalent to --gpu-memory-utilization=0.8914 without ACL graph memory profiling. To maintain the same effective KV cache size as before, increase --gpu-memory-utilization to 0.9086. To disable, set VLLM_MEMORY_PROFILER_ESTIMATE_CUDAGRAPHS=0.
(Worker_DP2_TP0_EP4 pid=337904) INFO 07-27 19:30:34 [worker.py:607] Available KV cache memory: 0.63 GiB
(Worker_DP2_TP0_EP4 pid=337904) INFO 07-27 19:30:34 [worker.py:623] ACL graph memory profiling is enabled (default since v0.22.1). The current --gpu-memory-utilization=0.9000 is equivalent to --gpu-memory-utilization=0.8914 without ACL graph memory profiling. To maintain the same effective KV cache size as before, increase --gpu-memory-utilization to 0.9086. To disable, set VLLM_MEMORY_PROFILER_ESTIMATE_CUDAGRAPHS=0.
(Worker_DP5_TP0_EP10 pid=337899) INFO 07-27 19:30:34 [worker.py:607] Available KV cache memory: 0.63 GiB
(Worker_DP5_TP0_EP10 pid=337899) INFO 07-27 19:30:34 [worker.py:623] ACL graph memory profiling is enabled (default since v0.22.1). The current --gpu-memory-utilization=0.9000 is equivalent to --gpu-memory-utilization=0.8914 without ACL graph memory profiling. To maintain the same effective KV cache size as before, increase --gpu-memory-utilization to 0.9086. To disable, set VLLM_MEMORY_PROFILER_ESTIMATE_CUDAGRAPHS=0.
(Worker_DP0_TP0_EP0 pid=337906) INFO 07-27 19:30:34 [worker.py:607] Available KV cache memory: 0.62 GiB
(Worker_DP0_TP0_EP0 pid=337906) INFO 07-27 19:30:34 [worker.py:623] ACL graph memory profiling is enabled (default since v0.22.1). The current --gpu-memory-utilization=0.9000 is equivalent to --gpu-memory-utilization=0.8914 without ACL graph memory profiling. To maintain the same effective KV cache size as before, increase --gpu-memory-utilization to 0.9086. To disable, set VLLM_MEMORY_PROFILER_ESTIMATE_CUDAGRAPHS=0.
(Worker_DP4_TP0_EP8 pid=337905) INFO 07-27 19:30:34 [worker.py:607] Available KV cache memory: 0.63 GiB
(Worker_DP4_TP0_EP8 pid=337905) INFO 07-27 19:30:34 [worker.py:623] ACL graph memory profiling is enabled (default since v0.22.1). The current --gpu-memory-utilization=0.9000 is equivalent to --gpu-memory-utilization=0.8914 without ACL graph memory profiling. To maintain the same effective KV cache size as before, increase --gpu-memory-utilization to 0.9086. To disable, set VLLM_MEMORY_PROFILER_ESTIMATE_CUDAGRAPHS=0.
(Worker_DP1_TP1_EP3 pid=338265) INFO 07-27 19:30:34 [worker.py:623] ACL graph memory profiling is enabled (default since v0.22.1). The current --gpu-memory-utilization=0.9000 is equivalent to --gpu-memory-utilization=0.8914 without ACL graph memory profiling. To maintain the same effective KV cache size as before, increase --gpu-memory-utilization to 0.9086. To disable, set VLLM_MEMORY_PROFILER_ESTIMATE_CUDAGRAPHS=0.
(Worker_DP6_TP1_EP13 pid=338279) INFO 07-27 19:30:34 [worker.py:623] ACL graph memory profiling is enabled (default since v0.22.1). The current --gpu-memory-utilization=0.9000 is equivalent to --gpu-memory-utilization=0.8914 without ACL graph memory profiling. To maintain the same effective KV cache size as before, increase --gpu-memory-utilization to 0.9086. To disable, set VLLM_MEMORY_PROFILER_ESTIMATE_CUDAGRAPHS=0.
(Worker_DP3_TP1_EP7 pid=338316) INFO 07-27 19:30:34 [worker.py:623] ACL graph memory profiling is enabled (default since v0.22.1). The current --gpu-memory-utilization=0.9000 is equivalent to --gpu-memory-utilization=0.8914 without ACL graph memory profiling. To maintain the same effective KV cache size as before, increase --gpu-memory-utilization to 0.9086. To disable, set VLLM_MEMORY_PROFILER_ESTIMATE_CUDAGRAPHS=0.
(Worker_DP1_TP0_EP2 pid=337900) INFO 07-27 19:30:34 [worker.py:607] Available KV cache memory: 0.63 GiB
(Worker_DP1_TP0_EP2 pid=337900) INFO 07-27 19:30:34 [worker.py:623] ACL graph memory profiling is enabled (default since v0.22.1). The current --gpu-memory-utilization=0.9000 is equivalent to --gpu-memory-utilization=0.8915 without ACL graph memory profiling. To maintain the same effective KV cache size as before, increase --gpu-memory-utilization to 0.9085. To disable, set VLLM_MEMORY_PROFILER_ESTIMATE_CUDAGRAPHS=0.
(EngineCore_DP1 pid=337444) INFO 07-27 19:30:34 [kv_cache_utils.py:2168] GPU KV cache size: 9,344 tokens
(EngineCore_DP1 pid=337444) INFO 07-27 19:30:34 [kv_cache_utils.py:2169] Maximum concurrency for 4,096 tokens per request: 2.28x
(Worker_DP0_TP1_EP1 pid=338280) INFO 07-27 19:30:34 [worker.py:623] ACL graph memory profiling is enabled (default since v0.22.1). The current --gpu-memory-utilization=0.9000 is equivalent to --gpu-memory-utilization=0.8914 without ACL graph memory profiling. To maintain the same effective KV cache size as before, increase --gpu-memory-utilization to 0.9086. To disable, set VLLM_MEMORY_PROFILER_ESTIMATE_CUDAGRAPHS=0.
(EngineCore_DP0 pid=337437) INFO 07-27 19:30:34 [kv_cache_utils.py:2168] GPU KV cache size: 9,216 tokens
(EngineCore_DP0 pid=337437) INFO 07-27 19:30:34 [kv_cache_utils.py:2169] Maximum concurrency for 4,096 tokens per request: 2.25x
(Worker_DP7_TP1_EP15 pid=338311) INFO 07-27 19:30:34 [worker.py:623] ACL graph memory profiling is enabled (default since v0.22.1). The current --gpu-memory-utilization=0.9000 is equivalent to --gpu-memory-utilization=0.8914 without ACL graph memory profiling. To maintain the same effective KV cache size as before, increase --gpu-memory-utilization to 0.9086. To disable, set VLLM_MEMORY_PROFILER_ESTIMATE_CUDAGRAPHS=0.
(EngineCore_DP7 pid=337464) INFO 07-27 19:30:34 [kv_cache_utils.py:2168] GPU KV cache size: 9,344 tokens
(EngineCore_DP7 pid=337464) INFO 07-27 19:30:34 [kv_cache_utils.py:2169] Maximum concurrency for 4,096 tokens per request: 2.28x
(Worker_DP4_TP1_EP9 pid=338312) INFO 07-27 19:30:34 [worker.py:623] ACL graph memory profiling is enabled (default since v0.22.1). The current --gpu-memory-utilization=0.9000 is equivalent to --gpu-memory-utilization=0.8914 without ACL graph memory profiling. To maintain the same effective KV cache size as before, increase --gpu-memory-utilization to 0.9086. To disable, set VLLM_MEMORY_PROFILER_ESTIMATE_CUDAGRAPHS=0.
(EngineCore_DP4 pid=337436) INFO 07-27 19:30:34 [kv_cache_utils.py:2168] GPU KV cache size: 9,344 tokens
(EngineCore_DP4 pid=337436) INFO 07-27 19:30:34 [kv_cache_utils.py:2169] Maximum concurrency for 4,096 tokens per request: 2.28x
(Worker_DP5_TP1_EP11 pid=338277) INFO 07-27 19:30:34 [worker.py:623] ACL graph memory profiling is enabled (default since v0.22.1). The current --gpu-memory-utilization=0.9000 is equivalent to --gpu-memory-utilization=0.8915 without ACL graph memory profiling. To maintain the same effective KV cache size as before, increase --gpu-memory-utilization to 0.9085. To disable, set VLLM_MEMORY_PROFILER_ESTIMATE_CUDAGRAPHS=0.
(EngineCore_DP5 pid=337465) INFO 07-27 19:30:34 [kv_cache_utils.py:2168] GPU KV cache size: 9,344 tokens
(EngineCore_DP5 pid=337465) INFO 07-27 19:30:34 [kv_cache_utils.py:2169] Maximum concurrency for 4,096 tokens per request: 2.28x
(Worker_DP2_TP1_EP5 pid=338341) INFO 07-27 19:30:34 [worker.py:623] ACL graph memory profiling is enabled (default since v0.22.1). The current --gpu-memory-utilization=0.9000 is equivalent to --gpu-memory-utilization=0.8914 without ACL graph memory profiling. To maintain the same effective KV cache size as before, increase --gpu-memory-utilization to 0.9086. To disable, set VLLM_MEMORY_PROFILER_ESTIMATE_CUDAGRAPHS=0.
(Worker_DP3_TP0_EP6 pid=337903) INFO 07-27 19:30:34 [worker.py:607] Available KV cache memory: 0.63 GiB
(Worker_DP3_TP0_EP6 pid=337903) INFO 07-27 19:30:34 [worker.py:623] ACL graph memory profiling is enabled (default since v0.22.1). The current --gpu-memory-utilization=0.9000 is equivalent to --gpu-memory-utilization=0.8914 without ACL graph memory profiling. To maintain the same effective KV cache size as before, increase --gpu-memory-utilization to 0.9086. To disable, set VLLM_MEMORY_PROFILER_ESTIMATE_CUDAGRAPHS=0.
(EngineCore_DP2 pid=337451) INFO 07-27 19:30:34 [kv_cache_utils.py:2168] GPU KV cache size: 9,344 tokens
(EngineCore_DP2 pid=337451) INFO 07-27 19:30:34 [kv_cache_utils.py:2169] Maximum concurrency for 4,096 tokens per request: 2.28x
(EngineCore_DP3 pid=337491) INFO 07-27 19:30:34 [kv_cache_utils.py:2168] GPU KV cache size: 9,344 tokens
(EngineCore_DP3 pid=337491) INFO 07-27 19:30:34 [kv_cache_utils.py:2169] Maximum concurrency for 4,096 tokens per request: 2.28x
(Worker_DP6_TP0_EP12 pid=337901) INFO 07-27 19:30:35 [worker.py:607] Available KV cache memory: 0.62 GiB
(Worker_DP6_TP0_EP12 pid=337901) INFO 07-27 19:30:35 [worker.py:623] ACL graph memory profiling is enabled (default since v0.22.1). The current --gpu-memory-utilization=0.9000 is equivalent to --gpu-memory-utilization=0.8913 without ACL graph memory profiling. To maintain the same effective KV cache size as before, increase --gpu-memory-utilization to 0.9087. To disable, set VLLM_MEMORY_PROFILER_ESTIMATE_CUDAGRAPHS=0.
(EngineCore_DP6 pid=337466) INFO 07-27 19:30:35 [kv_cache_utils.py:2168] GPU KV cache size: 9,344 tokens
(EngineCore_DP6 pid=337466) INFO 07-27 19:30:35 [kv_cache_utils.py:2169] Maximum concurrency for 4,096 tokens per request: 2.28x
(Worker_DP0_TP0_EP0 pid=337906) 
Capturing CUDA graphs (decode, FULL):   0%|          | 0/2 [00:00<?, ?it/s]
Capturing CUDA graphs (decode, FULL):   0%|          | 0/2 [00:02<?, ?it/s]
(Worker_DP4_TP1_EP9 pid=338312) ERROR 07-27 19:30:39 [multiproc_executor.py:1007] WorkerProc hit an exception.
(Worker_DP4_TP1_EP9 pid=338312) ERROR 07-27 19:30:39 [multiproc_executor.py:1007] Traceback (most recent call last):
(Worker_DP4_TP1_EP9 pid=338312) ERROR 07-27 19:30:39 [multiproc_executor.py:1007]   File "/home/l00838859/cann/my-project/vllm-ascend/vllm_ascend/worker/model_runner_v1.py", line 5242, in _replace_gpu_model_runner_function_wrapper
(Worker_DP4_TP1_EP9 pid=338312) ERROR 07-27 19:30:39 [multiproc_executor.py:1007]     yield
(Worker_DP4_TP1_EP9 pid=338312) ERROR 07-27 19:30:39 [multiproc_executor.py:1007]   File "/home/l00838859/cann/my-project/vllm-ascend/vllm_ascend/worker/model_runner_v1.py", line 5102, in capture_model
(Worker_DP4_TP1_EP9 pid=338312) ERROR 07-27 19:30:39 [multiproc_executor.py:1007]     cuda_graph_size = GPUModelRunner.capture_model(self)
(Worker_DP4_TP1_EP9 pid=338312) ERROR 07-27 19:30:39 [multiproc_executor.py:1007]                       ^^^^^^^^^^^^^^^^^^^^^^^^^^^^^^^^^^
(Worker_DP4_TP1_EP9 pid=338312) ERROR 07-27 19:30:39 [multiproc_executor.py:1007]   File "/home/l00838859/cann/my-project/vllm/vllm/tracing/otel.py", line 178, in sync_wrapper
(Worker_DP4_TP1_EP9 pid=338312) ERROR 07-27 19:30:39 [multiproc_executor.py:1007]     return func(*args, **kwargs)
(Worker_DP4_TP1_EP9 pid=338312) ERROR 07-27 19:30:39 [multiproc_executor.py:1007]            ^^^^^^^^^^^^^^^^^^^^^
(Worker_DP4_TP1_EP9 pid=338312) ERROR 07-27 19:30:39 [multiproc_executor.py:1007]   File "/home/l00838859/cann/my-project/vllm/vllm/v1/worker/gpu_model_runner.py", line 6712, in capture_model
(Worker_DP4_TP1_EP9 pid=338312) ERROR 07-27 19:30:39 [multiproc_executor.py:1007]     self._capture_cudagraphs(
(Worker_DP4_TP1_EP9 pid=338312) ERROR 07-27 19:30:39 [multiproc_executor.py:1007]   File "/home/l00838859/cann/my-project/vllm/vllm/v1/worker/gpu_model_runner.py", line 6828, in _capture_cudagraphs
(Worker_DP4_TP1_EP9 pid=338312) ERROR 07-27 19:30:39 [multiproc_executor.py:1007]     self._warmup_and_capture(
(Worker_DP4_TP1_EP9 pid=338312) ERROR 07-27 19:30:39 [multiproc_executor.py:1007]   File "/home/l00838859/cann/my-project/vllm/vllm/v1/worker/gpu_model_runner.py", line 6774, in _warmup_and_capture
(Worker_DP4_TP1_EP9 pid=338312) ERROR 07-27 19:30:39 [multiproc_executor.py:1007]     self._dummy_run(
(Worker_DP4_TP1_EP9 pid=338312) ERROR 07-27 19:30:39 [multiproc_executor.py:1007]   File "/usr/local/lib/python3.11/site-packages/torch/utils/_contextlib.py", line 124, in decorate_context
(Worker_DP4_TP1_EP9 pid=338312) ERROR 07-27 19:30:39 [multiproc_executor.py:1007]     return func(*args, **kwargs)
(Worker_DP4_TP1_EP9 pid=338312) ERROR 07-27 19:30:39 [multiproc_executor.py:1007]            ^^^^^^^^^^^^^^^^^^^^^
(Worker_DP4_TP1_EP9 pid=338312) ERROR 07-27 19:30:39 [multiproc_executor.py:1007]   File "/home/l00838859/cann/my-project/vllm-ascend/vllm_ascend/worker/model_runner_v1.py", line 3712, in _dummy_run
(Worker_DP4_TP1_EP9 pid=338312) ERROR 07-27 19:30:39 [multiproc_executor.py:1007]     self.drafter.dummy_run(
(Worker_DP4_TP1_EP9 pid=338312) ERROR 07-27 19:30:39 [multiproc_executor.py:1007]   File "/usr/local/lib/python3.11/site-packages/torch/utils/_contextlib.py", line 124, in decorate_context
(Worker_DP4_TP1_EP9 pid=338312) ERROR 07-27 19:30:39 [multiproc_executor.py:1007]     return func(*args, **kwargs)
(Worker_DP4_TP1_EP9 pid=338312) ERROR 07-27 19:30:39 [multiproc_executor.py:1007]            ^^^^^^^^^^^^^^^^^^^^^
(Worker_DP4_TP1_EP9 pid=338312) ERROR 07-27 19:30:39 [multiproc_executor.py:1007]   File "/home/l00838859/cann/my-project/vllm-ascend/vllm_ascend/spec_decode/llm_base_proposer.py", line 727, in dummy_run
(Worker_DP4_TP1_EP9 pid=338312) ERROR 07-27 19:30:39 [multiproc_executor.py:1007]     self._runnable(
(Worker_DP4_TP1_EP9 pid=338312) ERROR 07-27 19:30:39 [multiproc_executor.py:1007]   File "/home/l00838859/cann/my-project/vllm-ascend/vllm_ascend/compilation/acl_graph.py", line 205, in __call__
(Worker_DP4_TP1_EP9 pid=338312) ERROR 07-27 19:30:39 [multiproc_executor.py:1007]     output = self.runnable(*args, **kwargs)
(Worker_DP4_TP1_EP9 pid=338312) ERROR 07-27 19:30:39 [multiproc_executor.py:1007]              ^^^^^^^^^^^^^^^^^^^^^^^^^^^^^^
(Worker_DP4_TP1_EP9 pid=338312) ERROR 07-27 19:30:39 [multiproc_executor.py:1007]   File "/home/l00838859/cann/my-project/vllm-ascend/vllm_ascend/spec_decode/llm_base_proposer.py", line 1209, in _run_merged_draft
(Worker_DP4_TP1_EP9 pid=338312) ERROR 07-27 19:30:39 [multiproc_executor.py:1007]     else dummy_compute_logits(sample_hidden_states)
(Worker_DP4_TP1_EP9 pid=338312) ERROR 07-27 19:30:39 [multiproc_executor.py:1007]          ^^^^^^^^^^^^^^^^^^^^^^^^^^^^^^^^^^^^^^^^^^
(Worker_DP4_TP1_EP9 pid=338312) ERROR 07-27 19:30:39 [multiproc_executor.py:1007]   File "/home/l00838859/cann/my-project/vllm-ascend/vllm_ascend/worker/model_runner_v1.py", line 3685, in dummy_drafter_compute_logits
(Worker_DP4_TP1_EP9 pid=338312) ERROR 07-27 19:30:39 [multiproc_executor.py:1007]     hidden_states = hidden_states[dummy_indices]
(Worker_DP4_TP1_EP9 pid=338312) ERROR 07-27 19:30:39 [multiproc_executor.py:1007]                     ~~~~~~~~~~~~~^^^^^^^^^^^^^^^
(Worker_DP4_TP1_EP9 pid=338312) ERROR 07-27 19:30:39 [multiproc_executor.py:1007] RuntimeError: copy_between_host_and_device_opapi:../torch_npu/csrc/aten/ops/op_api/CopyKernelOpApi.cpp:55 NPU function error: aclrtMemcpy, error code is 107030
(Worker_DP4_TP1_EP9 pid=338312) ERROR 07-27 19:30:39 [multiproc_executor.py:1007] [ERROR] 2026-07-27-19:30:38 (PID:338312, Device:9, RankID:-1) ERR00100 PTA call acl api failed.
(Worker_DP4_TP1_EP9 pid=338312) ERROR 07-27 19:30:39 [multiproc_executor.py:1007] [PID: 338312] 2026-07-27-19:30:23.755.991 Communication_Error_Bind_IP_Port(EI0019): Failed to enable listening for the host network adapter socket. Reason: The IP address 10.10.1.44 and port 65536 have already been bound.
(Worker_DP4_TP1_EP9 pid=338312) ERROR 07-27 19:30:39 [multiproc_executor.py:1007]         Solution: 1. Check whether this port has been occupied by another process. If yes, you can make adjustment using the environment variable HCCL_IF_BASE_PORT and use sysctl -w net.ipv4.ip_local_reserved_ports=****-**** to adjust the scope of reserved ports. 2. Check whether the service process is started multiple times on a device during this service.
(Worker_DP4_TP1_EP9 pid=338312) ERROR 07-27 19:30:39 [multiproc_executor.py:1007]         TraceBack (most recent call last):
(Worker_DP4_TP1_EP9 pid=338312) ERROR 07-27 19:30:39 [multiproc_executor.py:1007]         Not allow to synchronize captured-stream, stream_id=32.[FUNC:StreamSynchronize][FILE:api_error.cc][LINE:1016]
(Worker_DP4_TP1_EP9 pid=338312) ERROR 07-27 19:30:39 [multiproc_executor.py:1007]         rtStreamSynchronize execution failed, reason=stream is captured[FUNC:FuncErrorReason][FILE:error_message_manage.cc][LINE:65]
(Worker_DP4_TP1_EP9 pid=338312) ERROR 07-27 19:30:39 [multiproc_executor.py:1007]         synchronize stream failed, runtime result = 107027[FUNC:ReportCallError][FILE:log_inner.cpp][LINE:148]
(Worker_DP4_TP1_EP9 pid=338312) ERROR 07-27 19:30:39 [multiproc_executor.py:1007]         rtMemcpy execution failed, reason=the current capture mode does not support this operation[FUNC:FuncErrorReason][FILE:error_message_manage.cc][LINE:65]
(Worker_DP4_TP1_EP9 pid=338312) ERROR 07-27 19:30:39 [multiproc_executor.py:1007]         synchronized memcpy failed, kind = 1, runtime result = 107030[FUNC:ReportCallError][FILE:log_inner.cpp][LINE:148]
(Worker_DP4_TP1_EP9 pid=338312) ERROR 07-27 19:30:39 [multiproc_executor.py:1007] 
(Worker_DP4_TP1_EP9 pid=338312) ERROR 07-27 19:30:39 [multiproc_executor.py:1007] 
(Worker_DP4_TP1_EP9 pid=338312) ERROR 07-27 19:30:39 [multiproc_executor.py:1007] During handling of the above exception, another exception occurred:
(Worker_DP4_TP1_EP9 pid=338312) ERROR 07-27 19:30:39 [multiproc_executor.py:1007] 
(Worker_DP4_TP1_EP9 pid=338312) ERROR 07-27 19:30:39 [multiproc_executor.py:1007] Traceback (most recent call last):
(Worker_DP4_TP1_EP9 pid=338312) ERROR 07-27 19:30:39 [multiproc_executor.py:1007]   File "/home/l00838859/cann/my-project/vllm-ascend/vllm_ascend/worker/model_runner_v1.py", line 5198, in _torch_cuda_wrapper
(Worker_DP4_TP1_EP9 pid=338312) ERROR 07-27 19:30:39 [multiproc_executor.py:1007]     yield
(Worker_DP4_TP1_EP9 pid=338312) ERROR 07-27 19:30:39 [multiproc_executor.py:1007]   File "/home/l00838859/cann/my-project/vllm-ascend/vllm_ascend/worker/model_runner_v1.py", line 5101, in capture_model
(Worker_DP4_TP1_EP9 pid=338312) ERROR 07-27 19:30:39 [multiproc_executor.py:1007]     with _torch_cuda_wrapper(), _replace_gpu_model_runner_function_wrapper(parent_module_name):
(Worker_DP4_TP1_EP9 pid=338312) ERROR 07-27 19:30:39 [multiproc_executor.py:1007]   File "/usr/local/lib/python3.11/contextlib.py", line 158, in __exit__
(Worker_DP4_TP1_EP9 pid=338312) ERROR 07-27 19:30:39 [multiproc_executor.py:1007]     self.gen.throw(typ, value, traceback)
(Worker_DP4_TP1_EP9 pid=338312) ERROR 07-27 19:30:39 [multiproc_executor.py:1007]   File "/home/l00838859/cann/my-project/vllm-ascend/vllm_ascend/worker/model_runner_v1.py", line 5244, in _replace_gpu_model_runner_function_wrapper
(Worker_DP4_TP1_EP9 pid=338312) ERROR 07-27 19:30:39 [multiproc_executor.py:1007]     raise RuntimeError(f"NPUModelRunner failed, error is {e}")
(Worker_DP4_TP1_EP9 pid=338312) ERROR 07-27 19:30:39 [multiproc_executor.py:1007] RuntimeError: NPUModelRunner failed, error is copy_between_host_and_device_opapi:../torch_npu/csrc/aten/ops/op_api/CopyKernelOpApi.cpp:55 NPU function error: aclrtMemcpy, error code is 107030
(Worker_DP4_TP1_EP9 pid=338312) ERROR 07-27 19:30:39 [multiproc_executor.py:1007] [ERROR] 2026-07-27-19:30:38 (PID:338312, Device:9, RankID:-1) ERR00100 PTA call acl api failed.
(Worker_DP4_TP1_EP9 pid=338312) ERROR 07-27 19:30:39 [multiproc_executor.py:1007] [PID: 338312] 2026-07-27-19:30:23.755.991 Communication_Error_Bind_IP_Port(EI0019): Failed to enable listening for the host network adapter socket. Reason: The IP address 10.10.1.44 and port 65536 have already been bound.
(Worker_DP4_TP1_EP9 pid=338312) ERROR 07-27 19:30:39 [multiproc_executor.py:1007]         Solution: 1. Check whether this port has been occupied by another process. If yes, you can make adjustment using the environment variable HCCL_IF_BASE_PORT and use sysctl -w net.ipv4.ip_local_reserved_ports=****-**** to adjust the scope of reserved ports. 2. Check whether the service process is started multiple times on a device during this service.
(Worker_DP4_TP1_EP9 pid=338312) ERROR 07-27 19:30:39 [multiproc_executor.py:1007]         TraceBack (most recent call last):
(Worker_DP4_TP1_EP9 pid=338312) ERROR 07-27 19:30:39 [multiproc_executor.py:1007]         Not allow to synchronize captured-stream, stream_id=32.[FUNC:StreamSynchronize][FILE:api_error.cc][LINE:1016]
(Worker_DP4_TP1_EP9 pid=338312) ERROR 07-27 19:30:39 [multiproc_executor.py:1007]         rtStreamSynchronize execution failed, reason=stream is captured[FUNC:FuncErrorReason][FILE:error_message_manage.cc][LINE:65]
(Worker_DP4_TP1_EP9 pid=338312) ERROR 07-27 19:30:39 [multiproc_executor.py:1007]         synchronize stream failed, runtime result = 107027[FUNC:ReportCallError][FILE:log_inner.cpp][LINE:148]
(Worker_DP4_TP1_EP9 pid=338312) ERROR 07-27 19:30:39 [multiproc_executor.py:1007]         rtMemcpy execution failed, reason=the current capture mode does not support this operation[FUNC:FuncErrorReason][FILE:error_message_manage.cc][LINE:65]
(Worker_DP4_TP1_EP9 pid=338312) ERROR 07-27 19:30:39 [multiproc_executor.py:1007]         synchronized memcpy failed, kind = 1, runtime result = 107030[FUNC:ReportCallError][FILE:log_inner.cpp][LINE:148]
(Worker_DP4_TP1_EP9 pid=338312) ERROR 07-27 19:30:39 [multiproc_executor.py:1007] 
(Worker_DP4_TP1_EP9 pid=338312) ERROR 07-27 19:30:39 [multiproc_executor.py:1007] 
(Worker_DP4_TP1_EP9 pid=338312) ERROR 07-27 19:30:39 [multiproc_executor.py:1007] During handling of the above exception, another exception occurred:
(Worker_DP4_TP1_EP9 pid=338312) ERROR 07-27 19:30:39 [multiproc_executor.py:1007] 
(Worker_DP4_TP1_EP9 pid=338312) ERROR 07-27 19:30:39 [multiproc_executor.py:1007] Traceback (most recent call last):
(Worker_DP4_TP1_EP9 pid=338312) ERROR 07-27 19:30:39 [multiproc_executor.py:1007]   File "/home/l00838859/cann/my-project/vllm/vllm/v1/executor/multiproc_executor.py", line 999, in worker_busy_loop
(Worker_DP4_TP1_EP9 pid=338312) ERROR 07-27 19:30:39 [multiproc_executor.py:1007]     output = func(*args, **kwargs)
(Worker_DP4_TP1_EP9 pid=338312) ERROR 07-27 19:30:39 [multiproc_executor.py:1007]              ^^^^^^^^^^^^^^^^^^^^^
(Worker_DP4_TP1_EP9 pid=338312) ERROR 07-27 19:30:39 [multiproc_executor.py:1007]   File "/home/l00838859/cann/my-project/vllm-ascend/vllm_ascend/worker/worker.py", line 770, in compile_or_warm_up_model
(Worker_DP4_TP1_EP9 pid=338312) ERROR 07-27 19:30:39 [multiproc_executor.py:1007]     npugraph_memory_bytes = self.model_runner.capture_model()
(Worker_DP4_TP1_EP9 pid=338312) ERROR 07-27 19:30:39 [multiproc_executor.py:1007]                             ^^^^^^^^^^^^^^^^^^^^^^^^^^^^^^^^^
(Worker_DP4_TP1_EP9 pid=338312) ERROR 07-27 19:30:39 [multiproc_executor.py:1007]   File "/home/l00838859/cann/my-project/vllm-ascend/vllm_ascend/worker/model_runner_v1.py", line 5101, in capture_model
(Worker_DP4_TP1_EP9 pid=338312) ERROR 07-27 19:30:39 [multiproc_executor.py:1007]     with _torch_cuda_wrapper(), _replace_gpu_model_runner_function_wrapper(parent_module_name):
(Worker_DP4_TP1_EP9 pid=338312) ERROR 07-27 19:30:39 [multiproc_executor.py:1007]   File "/usr/local/lib/python3.11/contextlib.py", line 158, in __exit__
(Worker_DP4_TP1_EP9 pid=338312) ERROR 07-27 19:30:39 [multiproc_executor.py:1007]     self.gen.throw(typ, value, traceback)
(Worker_DP4_TP1_EP9 pid=338312) ERROR 07-27 19:30:39 [multiproc_executor.py:1007]   File "/home/l00838859/cann/my-project/vllm-ascend/vllm_ascend/worker/model_runner_v1.py", line 5208, in _torch_cuda_wrapper
(Worker_DP4_TP1_EP9 pid=338312) ERROR 07-27 19:30:39 [multiproc_executor.py:1007]     raise RuntimeError(f"NPUModelRunner init failed, error is {e}")
(Worker_DP4_TP1_EP9 pid=338312) ERROR 07-27 19:30:39 [multiproc_executor.py:1007] RuntimeError: NPUModelRunner init failed, error is NPUModelRunner failed, error is copy_between_host_and_device_opapi:../torch_npu/csrc/aten/ops/op_api/CopyKernelOpApi.cpp:55 NPU function error: aclrtMemcpy, error code is 107030
(Worker_DP4_TP1_EP9 pid=338312) ERROR 07-27 19:30:39 [multiproc_executor.py:1007] [ERROR] 2026-07-27-19:30:38 (PID:338312, Device:9, RankID:-1) ERR00100 PTA call acl api failed.
(Worker_DP4_TP1_EP9 pid=338312) ERROR 07-27 19:30:39 [multiproc_executor.py:1007] [PID: 338312] 2026-07-27-19:30:23.755.991 Communication_Error_Bind_IP_Port(EI0019): Failed to enable listening for the host network adapter socket. Reason: The IP address 10.10.1.44 and port 65536 have already been bound.
(Worker_DP4_TP1_EP9 pid=338312) ERROR 07-27 19:30:39 [multiproc_executor.py:1007]         Solution: 1. Check whether this port has been occupied by another process. If yes, you can make adjustment using the environment variable HCCL_IF_BASE_PORT and use sysctl -w net.ipv4.ip_local_reserved_ports=****-**** to adjust the scope of reserved ports. 2. Check whether the service process is started multiple times on a device during this service.
(Worker_DP4_TP1_EP9 pid=338312) ERROR 07-27 19:30:39 [multiproc_executor.py:1007]         TraceBack (most recent call last):
(Worker_DP4_TP1_EP9 pid=338312) ERROR 07-27 19:30:39 [multiproc_executor.py:1007]         Not allow to synchronize captured-stream, stream_id=32.[FUNC:StreamSynchronize][FILE:api_error.cc][LINE:1016]
(Worker_DP4_TP1_EP9 pid=338312) ERROR 07-27 19:30:39 [multiproc_executor.py:1007]         rtStreamSynchronize execution failed, reason=stream is captured[FUNC:FuncErrorReason][FILE:error_message_manage.cc][LINE:65]
(Worker_DP4_TP1_EP9 pid=338312) ERROR 07-27 19:30:39 [multiproc_executor.py:1007]         synchronize stream failed, runtime result = 107027[FUNC:ReportCallError][FILE:log_inner.cpp][LINE:148]
(Worker_DP4_TP1_EP9 pid=338312) ERROR 07-27 19:30:39 [multiproc_executor.py:1007]         rtMemcpy execution failed, reason=the current capture mode does not support this operation[FUNC:FuncErrorReason][FILE:error_message_manage.cc][LINE:65]
(Worker_DP4_TP1_EP9 pid=338312) ERROR 07-27 19:30:39 [multiproc_executor.py:1007]         synchronized memcpy failed, kind = 1, runtime result = 107030[FUNC:ReportCallError][FILE:log_inner.cpp][LINE:148]
(Worker_DP4_TP1_EP9 pid=338312) ERROR 07-27 19:30:39 [multiproc_executor.py:1007] 
(Worker_DP4_TP1_EP9 pid=338312) ERROR 07-27 19:30:39 [multiproc_executor.py:1007] Traceback (most recent call last):
(Worker_DP4_TP1_EP9 pid=338312) ERROR 07-27 19:30:39 [multiproc_executor.py:1007]   File "/home/l00838859/cann/my-project/vllm-ascend/vllm_ascend/worker/model_runner_v1.py", line 5242, in _replace_gpu_model_runner_function_wrapper
(Worker_DP4_TP1_EP9 pid=338312) ERROR 07-27 19:30:39 [multiproc_executor.py:1007]     yield
(Worker_DP4_TP1_EP9 pid=338312) ERROR 07-27 19:30:39 [multiproc_executor.py:1007]   File "/home/l00838859/cann/my-project/vllm-ascend/vllm_ascend/worker/model_runner_v1.py", line 5102, in capture_model
(Worker_DP4_TP1_EP9 pid=338312) ERROR 07-27 19:30:39 [multiproc_executor.py:1007]     cuda_graph_size = GPUModelRunner.capture_model(self)
(Worker_DP4_TP1_EP9 pid=338312) ERROR 07-27 19:30:39 [multiproc_executor.py:1007]                       ^^^^^^^^^^^^^^^^^^^^^^^^^^^^^^^^^^
(Worker_DP4_TP1_EP9 pid=338312) ERROR 07-27 19:30:39 [multiproc_executor.py:1007]   File "/home/l00838859/cann/my-project/vllm/vllm/tracing/otel.py", line 178, in sync_wrapper
(Worker_DP4_TP1_EP9 pid=338312) ERROR 07-27 19:30:39 [multiproc_executor.py:1007]     return func(*args, **kwargs)
(Worker_DP4_TP1_EP9 pid=338312) ERROR 07-27 19:30:39 [multiproc_executor.py:1007]            ^^^^^^^^^^^^^^^^^^^^^
(Worker_DP4_TP1_EP9 pid=338312) ERROR 07-27 19:30:39 [multiproc_executor.py:1007]   File "/home/l00838859/cann/my-project/vllm/vllm/v1/worker/gpu_model_runner.py", line 6712, in capture_model
(Worker_DP4_TP1_EP9 pid=338312) ERROR 07-27 19:30:39 [multiproc_executor.py:1007]     self._capture_cudagraphs(
(Worker_DP4_TP1_EP9 pid=338312) ERROR 07-27 19:30:39 [multiproc_executor.py:1007]   File "/home/l00838859/cann/my-project/vllm/vllm/v1/worker/gpu_model_runner.py", line 6828, in _capture_cudagraphs
(Worker_DP4_TP1_EP9 pid=338312) ERROR 07-27 19:30:39 [multiproc_executor.py:1007]     self._warmup_and_capture(
(Worker_DP4_TP1_EP9 pid=338312) ERROR 07-27 19:30:39 [multiproc_executor.py:1007]   File "/home/l00838859/cann/my-project/vllm/vllm/v1/worker/gpu_model_runner.py", line 6774, in _warmup_and_capture
(Worker_DP4_TP1_EP9 pid=338312) ERROR 07-27 19:30:39 [multiproc_executor.py:1007]     self._dummy_run(
(Worker_DP4_TP1_EP9 pid=338312) ERROR 07-27 19:30:39 [multiproc_executor.py:1007]   File "/usr/local/lib/python3.11/site-packages/torch/utils/_contextlib.py", line 124, in decorate_context
(Worker_DP4_TP1_EP9 pid=338312) ERROR 07-27 19:30:39 [multiproc_executor.py:1007]     return func(*args, **kwargs)
(Worker_DP4_TP1_EP9 pid=338312) ERROR 07-27 19:30:39 [multiproc_executor.py:1007]            ^^^^^^^^^^^^^^^^^^^^^
(Worker_DP4_TP1_EP9 pid=338312) ERROR 07-27 19:30:39 [multiproc_executor.py:1007]   File "/home/l00838859/cann/my-project/vllm-ascend/vllm_ascend/worker/model_runner_v1.py", line 3712, in _dummy_run
(Worker_DP4_TP1_EP9 pid=338312) ERROR 07-27 19:30:39 [multiproc_executor.py:1007]     self.drafter.dummy_run(
(Worker_DP4_TP1_EP9 pid=338312) ERROR 07-27 19:30:39 [multiproc_executor.py:1007]   File "/usr/local/lib/python3.11/site-packages/torch/utils/_contextlib.py", line 124, in decorate_context
(Worker_DP4_TP1_EP9 pid=338312) ERROR 07-27 19:30:39 [multiproc_executor.py:1007]     return func(*args, **kwargs)
(Worker_DP4_TP1_EP9 pid=338312) ERROR 07-27 19:30:39 [multiproc_executor.py:1007]            ^^^^^^^^^^^^^^^^^^^^^
(Worker_DP4_TP1_EP9 pid=338312) ERROR 07-27 19:30:39 [multiproc_executor.py:1007]   File "/home/l00838859/cann/my-project/vllm-ascend/vllm_ascend/spec_decode/llm_base_proposer.py", line 727, in dummy_run
(Worker_DP4_TP1_EP9 pid=338312) ERROR 07-27 19:30:39 [multiproc_executor.py:1007]     self._runnable(
(Worker_DP4_TP1_EP9 pid=338312) ERROR 07-27 19:30:39 [multiproc_executor.py:1007]   File "/home/l00838859/cann/my-project/vllm-ascend/vllm_ascend/compilation/acl_graph.py", line 205, in __call__
(Worker_DP4_TP1_EP9 pid=338312) ERROR 07-27 19:30:39 [multiproc_executor.py:1007]     output = self.runnable(*args, **kwargs)
(Worker_DP4_TP1_EP9 pid=338312) ERROR 07-27 19:30:39 [multiproc_executor.py:1007]              ^^^^^^^^^^^^^^^^^^^^^^^^^^^^^^
(Worker_DP4_TP1_EP9 pid=338312) ERROR 07-27 19:30:39 [multiproc_executor.py:1007]   File "/home/l00838859/cann/my-project/vllm-ascend/vllm_ascend/spec_decode/llm_base_proposer.py", line 1209, in _run_merged_draft
(Worker_DP4_TP1_EP9 pid=338312) ERROR 07-27 19:30:39 [multiproc_executor.py:1007]     else dummy_compute_logits(sample_hidden_states)
(Worker_DP4_TP1_EP9 pid=338312) ERROR 07-27 19:30:39 [multiproc_executor.py:1007]          ^^^^^^^^^^^^^^^^^^^^^^^^^^^^^^^^^^^^^^^^^^
(Worker_DP4_TP1_EP9 pid=338312) ERROR 07-27 19:30:39 [multiproc_executor.py:1007]   File "/home/l00838859/cann/my-project/vllm-ascend/vllm_ascend/worker/model_runner_v1.py", line 3685, in dummy_drafter_compute_logits
(Worker_DP4_TP1_EP9 pid=338312) ERROR 07-27 19:30:39 [multiproc_executor.py:1007]     hidden_states = hidden_states[dummy_indices]
(Worker_DP4_TP1_EP9 pid=338312) ERROR 07-27 19:30:39 [multiproc_executor.py:1007]                     ~~~~~~~~~~~~~^^^^^^^^^^^^^^^
(Worker_DP4_TP1_EP9 pid=338312) ERROR 07-27 19:30:39 [multiproc_executor.py:1007] RuntimeError: copy_between_host_and_device_opapi:../torch_npu/csrc/aten/ops/op_api/CopyKernelOpApi.cpp:55 NPU function error: aclrtMemcpy, error code is 107030
(Worker_DP4_TP1_EP9 pid=338312) ERROR 07-27 19:30:39 [multiproc_executor.py:1007] [ERROR] 2026-07-27-19:30:38 (PID:338312, Device:9, RankID:-1) ERR00100 PTA call acl api failed.
(Worker_DP4_TP1_EP9 pid=338312) ERROR 07-27 19:30:39 [multiproc_executor.py:1007] [PID: 338312] 2026-07-27-19:30:23.755.991 Communication_Error_Bind_IP_Port(EI0019): Failed to enable listening for the host network adapter socket. Reason: The IP address 10.10.1.44 and port 65536 have already been bound.
(Worker_DP4_TP1_EP9 pid=338312) ERROR 07-27 19:30:39 [multiproc_executor.py:1007]         Solution: 1. Check whether this port has been occupied by another process. If yes, you can make adjustment using the environment variable HCCL_IF_BASE_PORT and use sysctl -w net.ipv4.ip_local_reserved_ports=****-**** to adjust the scope of reserved ports. 2. Check whether the service process is started multiple times on a device during this service.
(Worker_DP4_TP1_EP9 pid=338312) ERROR 07-27 19:30:39 [multiproc_executor.py:1007]         TraceBack (most recent call last):
(Worker_DP4_TP1_EP9 pid=338312) ERROR 07-27 19:30:39 [multiproc_executor.py:1007]         Not allow to synchronize captured-stream, stream_id=32.[FUNC:StreamSynchronize][FILE:api_error.cc][LINE:1016]
(Worker_DP4_TP1_EP9 pid=338312) ERROR 07-27 19:30:39 [multiproc_executor.py:1007]         rtStreamSynchronize execution failed, reason=stream is captured[FUNC:FuncErrorReason][FILE:error_message_manage.cc][LINE:65]
(Worker_DP4_TP1_EP9 pid=338312) ERROR 07-27 19:30:39 [multiproc_executor.py:1007]         synchronize stream failed, runtime result = 107027[FUNC:ReportCallError][FILE:log_inner.cpp][LINE:148]
(Worker_DP4_TP1_EP9 pid=338312) ERROR 07-27 19:30:39 [multiproc_executor.py:1007]         rtMemcpy execution failed, reason=the current capture mode does not support this operation[FUNC:FuncErrorReason][FILE:error_message_manage.cc][LINE:65]
(Worker_DP4_TP1_EP9 pid=338312) ERROR 07-27 19:30:39 [multiproc_executor.py:1007]         synchronized memcpy failed, kind = 1, runtime result = 107030[FUNC:ReportCallError][FILE:log_inner.cpp][LINE:148]
(Worker_DP4_TP1_EP9 pid=338312) ERROR 07-27 19:30:39 [multiproc_executor.py:1007] 
(Worker_DP4_TP1_EP9 pid=338312) ERROR 07-27 19:30:39 [multiproc_executor.py:1007] 
(Worker_DP4_TP1_EP9 pid=338312) ERROR 07-27 19:30:39 [multiproc_executor.py:1007] During handling of the above exception, another exception occurred:
(Worker_DP4_TP1_EP9 pid=338312) ERROR 07-27 19:30:39 [multiproc_executor.py:1007] 
(Worker_DP4_TP1_EP9 pid=338312) ERROR 07-27 19:30:39 [multiproc_executor.py:1007] Traceback (most recent call last):
(Worker_DP4_TP1_EP9 pid=338312) ERROR 07-27 19:30:39 [multiproc_executor.py:1007]   File "/home/l00838859/cann/my-project/vllm-ascend/vllm_ascend/worker/model_runner_v1.py", line 5198, in _torch_cuda_wrapper
(Worker_DP4_TP1_EP9 pid=338312) ERROR 07-27 19:30:39 [multiproc_executor.py:1007]     yield
(Worker_DP4_TP1_EP9 pid=338312) ERROR 07-27 19:30:39 [multiproc_executor.py:1007]   File "/home/l00838859/cann/my-project/vllm-ascend/vllm_ascend/worker/model_runner_v1.py", line 5101, in capture_model
(Worker_DP4_TP1_EP9 pid=338312) ERROR 07-27 19:30:39 [multiproc_executor.py:1007]     with _torch_cuda_wrapper(), _replace_gpu_model_runner_function_wrapper(parent_module_name):
(Worker_DP4_TP1_EP9 pid=338312) ERROR 07-27 19:30:39 [multiproc_executor.py:1007]   File "/usr/local/lib/python3.11/contextlib.py", line 158, in __exit__
(Worker_DP4_TP1_EP9 pid=338312) ERROR 07-27 19:30:39 [multiproc_executor.py:1007]     self.gen.throw(typ, value, traceback)
(Worker_DP4_TP1_EP9 pid=338312) ERROR 07-27 19:30:39 [multiproc_executor.py:1007]   File "/home/l00838859/cann/my-project/vllm-ascend/vllm_ascend/worker/model_runner_v1.py", line 5244, in _replace_gpu_model_runner_function_wrapper
(Worker_DP4_TP1_EP9 pid=338312) ERROR 07-27 19:30:39 [multiproc_executor.py:1007]     raise RuntimeError(f"NPUModelRunner failed, error is {e}")
(Worker_DP4_TP1_EP9 pid=338312) ERROR 07-27 19:30:39 [multiproc_executor.py:1007] RuntimeError: NPUModelRunner failed, error is copy_between_host_and_device_opapi:../torch_npu/csrc/aten/ops/op_api/CopyKernelOpApi.cpp:55 NPU function error: aclrtMemcpy, error code is 107030
(Worker_DP4_TP1_EP9 pid=338312) ERROR 07-27 19:30:39 [multiproc_executor.py:1007] [ERROR] 2026-07-27-19:30:38 (PID:338312, Device:9, RankID:-1) ERR00100 PTA call acl api failed.
(Worker_DP4_TP1_EP9 pid=338312) ERROR 07-27 19:30:39 [multiproc_executor.py:1007] [PID: 338312] 2026-07-27-19:30:23.755.991 Communication_Error_Bind_IP_Port(EI0019): Failed to enable listening for the host network adapter socket. Reason: The IP address 10.10.1.44 and port 65536 have already been bound.
(Worker_DP4_TP1_EP9 pid=338312) ERROR 07-27 19:30:39 [multiproc_executor.py:1007]         Solution: 1. Check whether this port has been occupied by another process. If yes, you can make adjustment using the environment variable HCCL_IF_BASE_PORT and use sysctl -w net.ipv4.ip_local_reserved_ports=****-**** to adjust the scope of reserved ports. 2. Check whether the service process is started multiple times on a device during this service.
(Worker_DP4_TP1_EP9 pid=338312) ERROR 07-27 19:30:39 [multiproc_executor.py:1007]         TraceBack (most recent call last):
(Worker_DP4_TP1_EP9 pid=338312) ERROR 07-27 19:30:39 [multiproc_executor.py:1007]         Not allow to synchronize captured-stream, stream_id=32.[FUNC:StreamSynchronize][FILE:api_error.cc][LINE:1016]
(Worker_DP4_TP1_EP9 pid=338312) ERROR 07-27 19:30:39 [multiproc_executor.py:1007]         rtStreamSynchronize execution failed, reason=stream is captured[FUNC:FuncErrorReason][FILE:error_message_manage.cc][LINE:65]
(Worker_DP4_TP1_EP9 pid=338312) ERROR 07-27 19:30:39 [multiproc_executor.py:1007]         synchronize stream failed, runtime result = 107027[FUNC:ReportCallError][FILE:log_inner.cpp][LINE:148]
(Worker_DP4_TP1_EP9 pid=338312) ERROR 07-27 19:30:39 [multiproc_executor.py:1007]         rtMemcpy execution failed, reason=the current capture mode does not support this operation[FUNC:FuncErrorReason][FILE:error_message_manage.cc][LINE:65]
(Worker_DP4_TP1_EP9 pid=338312) ERROR 07-27 19:30:39 [multiproc_executor.py:1007]         synchronized memcpy failed, kind = 1, runtime result = 107030[FUNC:ReportCallError][FILE:log_inner.cpp][LINE:148]
(Worker_DP4_TP1_EP9 pid=338312) ERROR 07-27 19:30:39 [multiproc_executor.py:1007] 
(Worker_DP4_TP1_EP9 pid=338312) ERROR 07-27 19:30:39 [multiproc_executor.py:1007] 
(Worker_DP4_TP1_EP9 pid=338312) ERROR 07-27 19:30:39 [multiproc_executor.py:1007] During handling of the above exception, another exception occurred:
(Worker_DP4_TP1_EP9 pid=338312) ERROR 07-27 19:30:39 [multiproc_executor.py:1007] 
(Worker_DP4_TP1_EP9 pid=338312) ERROR 07-27 19:30:39 [multiproc_executor.py:1007] Traceback (most recent call last):
(Worker_DP4_TP1_EP9 pid=338312) ERROR 07-27 19:30:39 [multiproc_executor.py:1007]   File "/home/l00838859/cann/my-project/vllm/vllm/v1/executor/multiproc_executor.py", line 999, in worker_busy_loop
(Worker_DP4_TP1_EP9 pid=338312) ERROR 07-27 19:30:39 [multiproc_executor.py:1007]     output = func(*args, **kwargs)
(Worker_DP4_TP1_EP9 pid=338312) ERROR 07-27 19:30:39 [multiproc_executor.py:1007]              ^^^^^^^^^^^^^^^^^^^^^
(Worker_DP4_TP1_EP9 pid=338312) ERROR 07-27 19:30:39 [multiproc_executor.py:1007]   File "/home/l00838859/cann/my-project/vllm-ascend/vllm_ascend/worker/worker.py", line 770, in compile_or_warm_up_model
(Worker_DP4_TP1_EP9 pid=338312) ERROR 07-27 19:30:39 [multiproc_executor.py:1007]     npugraph_memory_bytes = self.model_runner.capture_model()
(Worker_DP4_TP1_EP9 pid=338312) ERROR 07-27 19:30:39 [multiproc_executor.py:1007]                             ^^^^^^^^^^^^^^^^^^^^^^^^^^^^^^^^^
(Worker_DP4_TP1_EP9 pid=338312) ERROR 07-27 19:30:39 [multiproc_executor.py:1007]   File "/home/l00838859/cann/my-project/vllm-ascend/vllm_ascend/worker/model_runner_v1.py", line 5101, in capture_model
(Worker_DP4_TP1_EP9 pid=338312) ERROR 07-27 19:30:39 [multiproc_executor.py:1007]     with _torch_cuda_wrapper(), _replace_gpu_model_runner_function_wrapper(parent_module_name):
(Worker_DP4_TP1_EP9 pid=338312) ERROR 07-27 19:30:39 [multiproc_executor.py:1007]   File "/usr/local/lib/python3.11/contextlib.py", line 158, in __exit__
(Worker_DP4_TP1_EP9 pid=338312) ERROR 07-27 19:30:39 [multiproc_executor.py:1007]     self.gen.throw(typ, value, traceback)
(Worker_DP4_TP1_EP9 pid=338312) ERROR 07-27 19:30:39 [multiproc_executor.py:1007]   File "/home/l00838859/cann/my-project/vllm-ascend/vllm_ascend/worker/model_runner_v1.py", line 5208, in _torch_cuda_wrapper
(Worker_DP4_TP1_EP9 pid=338312) ERROR 07-27 19:30:39 [multiproc_executor.py:1007]     raise RuntimeError(f"NPUModelRunner init failed, error is {e}")
(Worker_DP4_TP1_EP9 pid=338312) ERROR 07-27 19:30:39 [multiproc_executor.py:1007] RuntimeError: NPUModelRunner init failed, error is NPUModelRunner failed, error is copy_between_host_and_device_opapi:../torch_npu/csrc/aten/ops/op_api/CopyKernelOpApi.cpp:55 NPU function error: aclrtMemcpy, error code is 107030
(Worker_DP4_TP1_EP9 pid=338312) ERROR 07-27 19:30:39 [multiproc_executor.py:1007] [ERROR] 2026-07-27-19:30:38 (PID:338312, Device:9, RankID:-1) ERR00100 PTA call acl api failed.
(Worker_DP4_TP1_EP9 pid=338312) ERROR 07-27 19:30:39 [multiproc_executor.py:1007] [PID: 338312] 2026-07-27-19:30:23.755.991 Communication_Error_Bind_IP_Port(EI0019): Failed to enable listening for the host network adapter socket. Reason: The IP address 10.10.1.44 and port 65536 have already been bound.
(Worker_DP4_TP1_EP9 pid=338312) ERROR 07-27 19:30:39 [multiproc_executor.py:1007]         Solution: 1. Check whether this port has been occupied by another process. If yes, you can make adjustment using the environment variable HCCL_IF_BASE_PORT and use sysctl -w net.ipv4.ip_local_reserved_ports=****-**** to adjust the scope of reserved ports. 2. Check whether the service process is started multiple times on a device during this service.
(Worker_DP4_TP1_EP9 pid=338312) ERROR 07-27 19:30:39 [multiproc_executor.py:1007]         TraceBack (most recent call last):
(Worker_DP4_TP1_EP9 pid=338312) ERROR 07-27 19:30:39 [multiproc_executor.py:1007]         Not allow to synchronize captured-stream, stream_id=32.[FUNC:StreamSynchronize][FILE:api_error.cc][LINE:1016]
(Worker_DP4_TP1_EP9 pid=338312) ERROR 07-27 19:30:39 [multiproc_executor.py:1007]         rtStreamSynchronize execution failed, reason=stream is captured[FUNC:FuncErrorReason][FILE:error_message_manage.cc][LINE:65]
(Worker_DP4_TP1_EP9 pid=338312) ERROR 07-27 19:30:39 [multiproc_executor.py:1007]         synchronize stream failed, runtime result = 107027[FUNC:ReportCallError][FILE:log_inner.cpp][LINE:148]
(Worker_DP4_TP1_EP9 pid=338312) ERROR 07-27 19:30:39 [multiproc_executor.py:1007]         rtMemcpy execution failed, reason=the current capture mode does not support this operation[FUNC:FuncErrorReason][FILE:error_message_manage.cc][LINE:65]
(Worker_DP4_TP1_EP9 pid=338312) ERROR 07-27 19:30:39 [multiproc_executor.py:1007]         synchronized memcpy failed, kind = 1, runtime result = 107030[FUNC:ReportCallError][FILE:log_inner.cpp][LINE:148]
(Worker_DP4_TP1_EP9 pid=338312) ERROR 07-27 19:30:39 [multiproc_executor.py:1007] 
(Worker_DP4_TP1_EP9 pid=338312) ERROR 07-27 19:30:39 [multiproc_executor.py:1007] 
(Worker_DP3_TP0_EP6 pid=337903) ERROR 07-27 19:30:39 [multiproc_executor.py:1007] WorkerProc hit an exception.
(Worker_DP3_TP0_EP6 pid=337903) ERROR 07-27 19:30:39 [multiproc_executor.py:1007] Traceback (most recent call last):
(Worker_DP3_TP0_EP6 pid=337903) ERROR 07-27 19:30:39 [multiproc_executor.py:1007]   File "/home/l00838859/cann/my-project/vllm-ascend/vllm_ascend/worker/model_runner_v1.py", line 5242, in _replace_gpu_model_runner_function_wrapper
(Worker_DP3_TP0_EP6 pid=337903) ERROR 07-27 19:30:39 [multiproc_executor.py:1007]     yield
(Worker_DP3_TP0_EP6 pid=337903) ERROR 07-27 19:30:39 [multiproc_executor.py:1007]   File "/home/l00838859/cann/my-project/vllm-ascend/vllm_ascend/worker/model_runner_v1.py", line 5102, in capture_model
(Worker_DP3_TP0_EP6 pid=337903) ERROR 07-27 19:30:39 [multiproc_executor.py:1007]     cuda_graph_size = GPUModelRunner.capture_model(self)
(Worker_DP3_TP0_EP6 pid=337903) ERROR 07-27 19:30:39 [multiproc_executor.py:1007]                       ^^^^^^^^^^^^^^^^^^^^^^^^^^^^^^^^^^
(Worker_DP3_TP0_EP6 pid=337903) ERROR 07-27 19:30:39 [multiproc_executor.py:1007]   File "/home/l00838859/cann/my-project/vllm/vllm/tracing/otel.py", line 178, in sync_wrapper
(Worker_DP3_TP0_EP6 pid=337903) ERROR 07-27 19:30:39 [multiproc_executor.py:1007]     return func(*args, **kwargs)
(Worker_DP3_TP0_EP6 pid=337903) ERROR 07-27 19:30:39 [multiproc_executor.py:1007]            ^^^^^^^^^^^^^^^^^^^^^
(Worker_DP3_TP0_EP6 pid=337903) ERROR 07-27 19:30:39 [multiproc_executor.py:1007]   File "/home/l00838859/cann/my-project/vllm/vllm/v1/worker/gpu_model_runner.py", line 6712, in capture_model
(Worker_DP3_TP0_EP6 pid=337903) ERROR 07-27 19:30:39 [multiproc_executor.py:1007]     self._capture_cudagraphs(
(Worker_DP3_TP0_EP6 pid=337903) ERROR 07-27 19:30:39 [multiproc_executor.py:1007]   File "/home/l00838859/cann/my-project/vllm/vllm/v1/worker/gpu_model_runner.py", line 6828, in _capture_cudagraphs
(Worker_DP3_TP0_EP6 pid=337903) ERROR 07-27 19:30:39 [multiproc_executor.py:1007]     self._warmup_and_capture(
(Worker_DP3_TP0_EP6 pid=337903) ERROR 07-27 19:30:39 [multiproc_executor.py:1007]   File "/home/l00838859/cann/my-project/vllm/vllm/v1/worker/gpu_model_runner.py", line 6774, in _warmup_and_capture
(Worker_DP3_TP0_EP6 pid=337903) ERROR 07-27 19:30:39 [multiproc_executor.py:1007]     self._dummy_run(
(Worker_DP3_TP0_EP6 pid=337903) ERROR 07-27 19:30:39 [multiproc_executor.py:1007]   File "/usr/local/lib/python3.11/site-packages/torch/utils/_contextlib.py", line 124, in decorate_context
(Worker_DP3_TP0_EP6 pid=337903) ERROR 07-27 19:30:39 [multiproc_executor.py:1007]     return func(*args, **kwargs)
(Worker_DP3_TP0_EP6 pid=337903) ERROR 07-27 19:30:39 [multiproc_executor.py:1007]            ^^^^^^^^^^^^^^^^^^^^^
(Worker_DP3_TP0_EP6 pid=337903) ERROR 07-27 19:30:39 [multiproc_executor.py:1007]   File "/home/l00838859/cann/my-project/vllm-ascend/vllm_ascend/worker/model_runner_v1.py", line 3712, in _dummy_run
(Worker_DP3_TP0_EP6 pid=337903) ERROR 07-27 19:30:39 [multiproc_executor.py:1007]     self.drafter.dummy_run(
(Worker_DP3_TP0_EP6 pid=337903) ERROR 07-27 19:30:39 [multiproc_executor.py:1007]   File "/usr/local/lib/python3.11/site-packages/torch/utils/_contextlib.py", line 124, in decorate_context
(Worker_DP3_TP0_EP6 pid=337903) ERROR 07-27 19:30:39 [multiproc_executor.py:1007]     return func(*args, **kwargs)
(Worker_DP3_TP0_EP6 pid=337903) ERROR 07-27 19:30:39 [multiproc_executor.py:1007]            ^^^^^^^^^^^^^^^^^^^^^
(Worker_DP3_TP0_EP6 pid=337903) ERROR 07-27 19:30:39 [multiproc_executor.py:1007]   File "/home/l00838859/cann/my-project/vllm-ascend/vllm_ascend/spec_decode/llm_base_proposer.py", line 727, in dummy_run
(Worker_DP3_TP0_EP6 pid=337903) ERROR 07-27 19:30:39 [multiproc_executor.py:1007]     self._runnable(
(Worker_DP3_TP0_EP6 pid=337903) ERROR 07-27 19:30:39 [multiproc_executor.py:1007]   File "/home/l00838859/cann/my-project/vllm-ascend/vllm_ascend/compilation/acl_graph.py", line 205, in __call__
(Worker_DP3_TP0_EP6 pid=337903) ERROR 07-27 19:30:39 [multiproc_executor.py:1007]     output = self.runnable(*args, **kwargs)
(Worker_DP3_TP0_EP6 pid=337903) ERROR 07-27 19:30:39 [multiproc_executor.py:1007]              ^^^^^^^^^^^^^^^^^^^^^^^^^^^^^^
(Worker_DP3_TP0_EP6 pid=337903) ERROR 07-27 19:30:39 [multiproc_executor.py:1007]   File "/home/l00838859/cann/my-project/vllm-ascend/vllm_ascend/spec_decode/llm_base_proposer.py", line 1209, in _run_merged_draft
(Worker_DP3_TP0_EP6 pid=337903) ERROR 07-27 19:30:39 [multiproc_executor.py:1007]     else dummy_compute_logits(sample_hidden_states)
(Worker_DP3_TP0_EP6 pid=337903) ERROR 07-27 19:30:39 [multiproc_executor.py:1007]          ^^^^^^^^^^^^^^^^^^^^^^^^^^^^^^^^^^^^^^^^^^
(Worker_DP3_TP0_EP6 pid=337903) ERROR 07-27 19:30:39 [multiproc_executor.py:1007]   File "/home/l00838859/cann/my-project/vllm-ascend/vllm_ascend/worker/model_runner_v1.py", line 3685, in dummy_drafter_compute_logits
(Worker_DP3_TP0_EP6 pid=337903) ERROR 07-27 19:30:39 [multiproc_executor.py:1007]     hidden_states = hidden_states[dummy_indices]
(Worker_DP3_TP0_EP6 pid=337903) ERROR 07-27 19:30:39 [multiproc_executor.py:1007]                     ~~~~~~~~~~~~~^^^^^^^^^^^^^^^
(Worker_DP3_TP0_EP6 pid=337903) ERROR 07-27 19:30:39 [multiproc_executor.py:1007] RuntimeError: copy_between_host_and_device_opapi:../torch_npu/csrc/aten/ops/op_api/CopyKernelOpApi.cpp:55 NPU function error: aclrtMemcpy, error code is 107030
(Worker_DP3_TP0_EP6 pid=337903) ERROR 07-27 19:30:39 [multiproc_executor.py:1007] [ERROR] 2026-07-27-19:30:38 (PID:337903, Device:6, RankID:-1) ERR00100 PTA call acl api failed.
(Worker_DP3_TP0_EP6 pid=337903) ERROR 07-27 19:30:39 [multiproc_executor.py:1007] EE9999: Inner Error!
(Worker_DP3_TP0_EP6 pid=337903) ERROR 07-27 19:30:39 [multiproc_executor.py:1007] EE9999[PID: 337903] 2026-07-27-19:30:38.525.164 (EE9999):  Not allow to synchronize captured-stream, stream_id=32.[FUNC:StreamSynchronize][FILE:api_error.cc][LINE:1016]
(Worker_DP3_TP0_EP6 pid=337903) ERROR 07-27 19:30:39 [multiproc_executor.py:1007]         TraceBack (most recent call last):
(Worker_DP3_TP0_EP6 pid=337903) ERROR 07-27 19:30:39 [multiproc_executor.py:1007]        rtStreamSynchronize execution failed, reason=stream is captured[FUNC:FuncErrorReason][FILE:error_message_manage.cc][LINE:65]
(Worker_DP3_TP0_EP6 pid=337903) ERROR 07-27 19:30:39 [multiproc_executor.py:1007]        synchronize stream failed, runtime result = 107027[FUNC:ReportCallError][FILE:log_inner.cpp][LINE:148]
(Worker_DP3_TP0_EP6 pid=337903) ERROR 07-27 19:30:39 [multiproc_executor.py:1007]        rtMemcpy execution failed, reason=the current capture mode does not support this operation[FUNC:FuncErrorReason][FILE:error_message_manage.cc][LINE:65]
(Worker_DP3_TP0_EP6 pid=337903) ERROR 07-27 19:30:39 [multiproc_executor.py:1007]        synchronized memcpy failed, kind = 1, runtime result = 107030[FUNC:ReportCallError][FILE:log_inner.cpp][LINE:148]
(Worker_DP3_TP0_EP6 pid=337903) ERROR 07-27 19:30:39 [multiproc_executor.py:1007] 
(Worker_DP3_TP0_EP6 pid=337903) ERROR 07-27 19:30:39 [multiproc_executor.py:1007] 
(Worker_DP3_TP0_EP6 pid=337903) ERROR 07-27 19:30:39 [multiproc_executor.py:1007] During handling of the above exception, another exception occurred:
(Worker_DP3_TP0_EP6 pid=337903) ERROR 07-27 19:30:39 [multiproc_executor.py:1007] 
(Worker_DP3_TP0_EP6 pid=337903) ERROR 07-27 19:30:39 [multiproc_executor.py:1007] Traceback (most recent call last):
(Worker_DP3_TP0_EP6 pid=337903) ERROR 07-27 19:30:39 [multiproc_executor.py:1007]   File "/home/l00838859/cann/my-project/vllm-ascend/vllm_ascend/worker/model_runner_v1.py", line 5198, in _torch_cuda_wrapper
(Worker_DP3_TP0_EP6 pid=337903) ERROR 07-27 19:30:39 [multiproc_executor.py:1007]     yield
(Worker_DP3_TP0_EP6 pid=337903) ERROR 07-27 19:30:39 [multiproc_executor.py:1007]   File "/home/l00838859/cann/my-project/vllm-ascend/vllm_ascend/worker/model_runner_v1.py", line 5101, in capture_model
(Worker_DP3_TP0_EP6 pid=337903) ERROR 07-27 19:30:39 [multiproc_executor.py:1007]     with _torch_cuda_wrapper(), _replace_gpu_model_runner_function_wrapper(parent_module_name):
(Worker_DP3_TP0_EP6 pid=337903) ERROR 07-27 19:30:39 [multiproc_executor.py:1007]   File "/usr/local/lib/python3.11/contextlib.py", line 158, in __exit__
(Worker_DP3_TP0_EP6 pid=337903) ERROR 07-27 19:30:39 [multiproc_executor.py:1007]     self.gen.throw(typ, value, traceback)
(Worker_DP3_TP0_EP6 pid=337903) ERROR 07-27 19:30:39 [multiproc_executor.py:1007]   File "/home/l00838859/cann/my-project/vllm-ascend/vllm_ascend/worker/model_runner_v1.py", line 5244, in _replace_gpu_model_runner_function_wrapper
(Worker_DP3_TP0_EP6 pid=337903) ERROR 07-27 19:30:39 [multiproc_executor.py:1007]     raise RuntimeError(f"NPUModelRunner failed, error is {e}")
(Worker_DP3_TP0_EP6 pid=337903) ERROR 07-27 19:30:39 [multiproc_executor.py:1007] RuntimeError: NPUModelRunner failed, error is copy_between_host_and_device_opapi:../torch_npu/csrc/aten/ops/op_api/CopyKernelOpApi.cpp:55 NPU function error: aclrtMemcpy, error code is 107030
(Worker_DP3_TP0_EP6 pid=337903) ERROR 07-27 19:30:39 [multiproc_executor.py:1007] [ERROR] 2026-07-27-19:30:38 (PID:337903, Device:6, RankID:-1) ERR00100 PTA call acl api failed.
(Worker_DP3_TP0_EP6 pid=337903) ERROR 07-27 19:30:39 [multiproc_executor.py:1007] EE9999: Inner Error!
(Worker_DP3_TP0_EP6 pid=337903) ERROR 07-27 19:30:39 [multiproc_executor.py:1007] EE9999[PID: 337903] 2026-07-27-19:30:38.525.164 (EE9999):  Not allow to synchronize captured-stream, stream_id=32.[FUNC:StreamSynchronize][FILE:api_error.cc][LINE:1016]
(Worker_DP3_TP0_EP6 pid=337903) ERROR 07-27 19:30:39 [multiproc_executor.py:1007]         TraceBack (most recent call last):
(Worker_DP3_TP0_EP6 pid=337903) ERROR 07-27 19:30:39 [multiproc_executor.py:1007]        rtStreamSynchronize execution failed, reason=stream is captured[FUNC:FuncErrorReason][FILE:error_message_manage.cc][LINE:65]
(Worker_DP3_TP0_EP6 pid=337903) ERROR 07-27 19:30:39 [multiproc_executor.py:1007]        synchronize stream failed, runtime result = 107027[FUNC:ReportCallError][FILE:log_inner.cpp][LINE:148]
(Worker_DP3_TP0_EP6 pid=337903) ERROR 07-27 19:30:39 [multiproc_executor.py:1007]        rtMemcpy execution failed, reason=the current capture mode does not support this operation[FUNC:FuncErrorReason][FILE:error_message_manage.cc][LINE:65]
(Worker_DP3_TP0_EP6 pid=337903) ERROR 07-27 19:30:39 [multiproc_executor.py:1007]        synchronized memcpy failed, kind = 1, runtime result = 107030[FUNC:ReportCallError][FILE:log_inner.cpp][LINE:148]
(Worker_DP3_TP0_EP6 pid=337903) ERROR 07-27 19:30:39 [multiproc_executor.py:1007] 
(Worker_DP3_TP0_EP6 pid=337903) ERROR 07-27 19:30:39 [multiproc_executor.py:1007] 
(Worker_DP3_TP0_EP6 pid=337903) ERROR 07-27 19:30:39 [multiproc_executor.py:1007] During handling of the above exception, another exception occurred:
(Worker_DP3_TP0_EP6 pid=337903) ERROR 07-27 19:30:39 [multiproc_executor.py:1007] 
(Worker_DP3_TP0_EP6 pid=337903) ERROR 07-27 19:30:39 [multiproc_executor.py:1007] Traceback (most recent call last):
(Worker_DP3_TP0_EP6 pid=337903) ERROR 07-27 19:30:39 [multiproc_executor.py:1007]   File "/home/l00838859/cann/my-project/vllm/vllm/v1/executor/multiproc_executor.py", line 999, in worker_busy_loop
(Worker_DP3_TP0_EP6 pid=337903) ERROR 07-27 19:30:39 [multiproc_executor.py:1007]     output = func(*args, **kwargs)
(Worker_DP3_TP0_EP6 pid=337903) ERROR 07-27 19:30:39 [multiproc_executor.py:1007]              ^^^^^^^^^^^^^^^^^^^^^
(Worker_DP3_TP0_EP6 pid=337903) ERROR 07-27 19:30:39 [multiproc_executor.py:1007]   File "/home/l00838859/cann/my-project/vllm-ascend/vllm_ascend/worker/worker.py", line 770, in compile_or_warm_up_model
(Worker_DP3_TP0_EP6 pid=337903) ERROR 07-27 19:30:39 [multiproc_executor.py:1007]     npugraph_memory_bytes = self.model_runner.capture_model()
(Worker_DP3_TP0_EP6 pid=337903) ERROR 07-27 19:30:39 [multiproc_executor.py:1007]                             ^^^^^^^^^^^^^^^^^^^^^^^^^^^^^^^^^
(Worker_DP3_TP0_EP6 pid=337903) ERROR 07-27 19:30:39 [multiproc_executor.py:1007]   File "/home/l00838859/cann/my-project/vllm-ascend/vllm_ascend/worker/model_runner_v1.py", line 5101, in capture_model
(Worker_DP3_TP0_EP6 pid=337903) ERROR 07-27 19:30:39 [multiproc_executor.py:1007]     with _torch_cuda_wrapper(), _replace_gpu_model_runner_function_wrapper(parent_module_name):
(Worker_DP3_TP0_EP6 pid=337903) ERROR 07-27 19:30:39 [multiproc_executor.py:1007]   File "/usr/local/lib/python3.11/contextlib.py", line 158, in __exit__
(Worker_DP3_TP0_EP6 pid=337903) ERROR 07-27 19:30:39 [multiproc_executor.py:1007]     self.gen.throw(typ, value, traceback)
(Worker_DP3_TP0_EP6 pid=337903) ERROR 07-27 19:30:39 [multiproc_executor.py:1007]   File "/home/l00838859/cann/my-project/vllm-ascend/vllm_ascend/worker/model_runner_v1.py", line 5208, in _torch_cuda_wrapper
(Worker_DP3_TP0_EP6 pid=337903) ERROR 07-27 19:30:39 [multiproc_executor.py:1007]     raise RuntimeError(f"NPUModelRunner init failed, error is {e}")
(Worker_DP3_TP0_EP6 pid=337903) ERROR 07-27 19:30:39 [multiproc_executor.py:1007] RuntimeError: NPUModelRunner init failed, error is NPUModelRunner failed, error is copy_between_host_and_device_opapi:../torch_npu/csrc/aten/ops/op_api/CopyKernelOpApi.cpp:55 NPU function error: aclrtMemcpy, error code is 107030
(Worker_DP3_TP0_EP6 pid=337903) ERROR 07-27 19:30:39 [multiproc_executor.py:1007] [ERROR] 2026-07-27-19:30:38 (PID:337903, Device:6, RankID:-1) ERR00100 PTA call acl api failed.
(Worker_DP3_TP0_EP6 pid=337903) ERROR 07-27 19:30:39 [multiproc_executor.py:1007] EE9999: Inner Error!
(Worker_DP3_TP0_EP6 pid=337903) ERROR 07-27 19:30:39 [multiproc_executor.py:1007] EE9999[PID: 337903] 2026-07-27-19:30:38.525.164 (EE9999):  Not allow to synchronize captured-stream, stream_id=32.[FUNC:StreamSynchronize][FILE:api_error.cc][LINE:1016]
(Worker_DP3_TP0_EP6 pid=337903) ERROR 07-27 19:30:39 [multiproc_executor.py:1007]         TraceBack (most recent call last):
(Worker_DP3_TP0_EP6 pid=337903) ERROR 07-27 19:30:39 [multiproc_executor.py:1007]        rtStreamSynchronize execution failed, reason=stream is captured[FUNC:FuncErrorReason][FILE:error_message_manage.cc][LINE:65]
(Worker_DP3_TP0_EP6 pid=337903) ERROR 07-27 19:30:39 [multiproc_executor.py:1007]        synchronize stream failed, runtime result = 107027[FUNC:ReportCallError][FILE:log_inner.cpp][LINE:148]
(Worker_DP3_TP0_EP6 pid=337903) ERROR 07-27 19:30:39 [multiproc_executor.py:1007]        rtMemcpy execution failed, reason=the current capture mode does not support this operation[FUNC:FuncErrorReason][FILE:error_message_manage.cc][LINE:65]
(Worker_DP3_TP0_EP6 pid=337903) ERROR 07-27 19:30:39 [multiproc_executor.py:1007]        synchronized memcpy failed, kind = 1, runtime result = 107030[FUNC:ReportCallError][FILE:log_inner.cpp][LINE:148]
(Worker_DP3_TP0_EP6 pid=337903) ERROR 07-27 19:30:39 [multiproc_executor.py:1007] 
(Worker_DP3_TP0_EP6 pid=337903) ERROR 07-27 19:30:39 [multiproc_executor.py:1007] Traceback (most recent call last):
(Worker_DP3_TP0_EP6 pid=337903) ERROR 07-27 19:30:39 [multiproc_executor.py:1007]   File "/home/l00838859/cann/my-project/vllm-ascend/vllm_ascend/worker/model_runner_v1.py", line 5242, in _replace_gpu_model_runner_function_wrapper
(Worker_DP3_TP0_EP6 pid=337903) ERROR 07-27 19:30:39 [multiproc_executor.py:1007]     yield
(Worker_DP3_TP0_EP6 pid=337903) ERROR 07-27 19:30:39 [multiproc_executor.py:1007]   File "/home/l00838859/cann/my-project/vllm-ascend/vllm_ascend/worker/model_runner_v1.py", line 5102, in capture_model
(Worker_DP3_TP0_EP6 pid=337903) ERROR 07-27 19:30:39 [multiproc_executor.py:1007]     cuda_graph_size = GPUModelRunner.capture_model(self)
(Worker_DP3_TP0_EP6 pid=337903) ERROR 07-27 19:30:39 [multiproc_executor.py:1007]                       ^^^^^^^^^^^^^^^^^^^^^^^^^^^^^^^^^^
(Worker_DP3_TP0_EP6 pid=337903) ERROR 07-27 19:30:39 [multiproc_executor.py:1007]   File "/home/l00838859/cann/my-project/vllm/vllm/tracing/otel.py", line 178, in sync_wrapper
(Worker_DP3_TP0_EP6 pid=337903) ERROR 07-27 19:30:39 [multiproc_executor.py:1007]     return func(*args, **kwargs)
(Worker_DP3_TP0_EP6 pid=337903) ERROR 07-27 19:30:39 [multiproc_executor.py:1007]            ^^^^^^^^^^^^^^^^^^^^^
(Worker_DP3_TP0_EP6 pid=337903) ERROR 07-27 19:30:39 [multiproc_executor.py:1007]   File "/home/l00838859/cann/my-project/vllm/vllm/v1/worker/gpu_model_runner.py", line 6712, in capture_model
(Worker_DP3_TP0_EP6 pid=337903) ERROR 07-27 19:30:39 [multiproc_executor.py:1007]     self._capture_cudagraphs(
(Worker_DP3_TP0_EP6 pid=337903) ERROR 07-27 19:30:39 [multiproc_executor.py:1007]   File "/home/l00838859/cann/my-project/vllm/vllm/v1/worker/gpu_model_runner.py", line 6828, in _capture_cudagraphs
(Worker_DP3_TP0_EP6 pid=337903) ERROR 07-27 19:30:39 [multiproc_executor.py:1007]     self._warmup_and_capture(
(Worker_DP3_TP0_EP6 pid=337903) ERROR 07-27 19:30:39 [multiproc_executor.py:1007]   File "/home/l00838859/cann/my-project/vllm/vllm/v1/worker/gpu_model_runner.py", line 6774, in _warmup_and_capture
(Worker_DP3_TP0_EP6 pid=337903) ERROR 07-27 19:30:39 [multiproc_executor.py:1007]     self._dummy_run(
(Worker_DP3_TP0_EP6 pid=337903) ERROR 07-27 19:30:39 [multiproc_executor.py:1007]   File "/usr/local/lib/python3.11/site-packages/torch/utils/_contextlib.py", line 124, in decorate_context
(Worker_DP3_TP0_EP6 pid=337903) ERROR 07-27 19:30:39 [multiproc_executor.py:1007]     return func(*args, **kwargs)
(Worker_DP3_TP0_EP6 pid=337903) ERROR 07-27 19:30:39 [multiproc_executor.py:1007]            ^^^^^^^^^^^^^^^^^^^^^
(Worker_DP3_TP0_EP6 pid=337903) ERROR 07-27 19:30:39 [multiproc_executor.py:1007]   File "/home/l00838859/cann/my-project/vllm-ascend/vllm_ascend/worker/model_runner_v1.py", line 3712, in _dummy_run
(Worker_DP3_TP0_EP6 pid=337903) ERROR 07-27 19:30:39 [multiproc_executor.py:1007]     self.drafter.dummy_run(
(Worker_DP3_TP0_EP6 pid=337903) ERROR 07-27 19:30:39 [multiproc_executor.py:1007]   File "/usr/local/lib/python3.11/site-packages/torch/utils/_contextlib.py", line 124, in decorate_context
(Worker_DP3_TP0_EP6 pid=337903) ERROR 07-27 19:30:39 [multiproc_executor.py:1007]     return func(*args, **kwargs)
(Worker_DP3_TP0_EP6 pid=337903) ERROR 07-27 19:30:39 [multiproc_executor.py:1007]            ^^^^^^^^^^^^^^^^^^^^^
(Worker_DP3_TP0_EP6 pid=337903) ERROR 07-27 19:30:39 [multiproc_executor.py:1007]   File "/home/l00838859/cann/my-project/vllm-ascend/vllm_ascend/spec_decode/llm_base_proposer.py", line 727, in dummy_run
(Worker_DP3_TP0_EP6 pid=337903) ERROR 07-27 19:30:39 [multiproc_executor.py:1007]     self._runnable(
(Worker_DP3_TP0_EP6 pid=337903) ERROR 07-27 19:30:39 [multiproc_executor.py:1007]   File "/home/l00838859/cann/my-project/vllm-ascend/vllm_ascend/compilation/acl_graph.py", line 205, in __call__
(Worker_DP3_TP0_EP6 pid=337903) ERROR 07-27 19:30:39 [multiproc_executor.py:1007]     output = self.runnable(*args, **kwargs)
(Worker_DP3_TP0_EP6 pid=337903) ERROR 07-27 19:30:39 [multiproc_executor.py:1007]              ^^^^^^^^^^^^^^^^^^^^^^^^^^^^^^
(Worker_DP3_TP0_EP6 pid=337903) ERROR 07-27 19:30:39 [multiproc_executor.py:1007]   File "/home/l00838859/cann/my-project/vllm-ascend/vllm_ascend/spec_decode/llm_base_proposer.py", line 1209, in _run_merged_draft
(Worker_DP3_TP0_EP6 pid=337903) ERROR 07-27 19:30:39 [multiproc_executor.py:1007]     else dummy_compute_logits(sample_hidden_states)
(Worker_DP3_TP0_EP6 pid=337903) ERROR 07-27 19:30:39 [multiproc_executor.py:1007]          ^^^^^^^^^^^^^^^^^^^^^^^^^^^^^^^^^^^^^^^^^^
(Worker_DP3_TP0_EP6 pid=337903) ERROR 07-27 19:30:39 [multiproc_executor.py:1007]   File "/home/l00838859/cann/my-project/vllm-ascend/vllm_ascend/worker/model_runner_v1.py", line 3685, in dummy_drafter_compute_logits
(Worker_DP3_TP0_EP6 pid=337903) ERROR 07-27 19:30:39 [multiproc_executor.py:1007]     hidden_states = hidden_states[dummy_indices]
(Worker_DP3_TP0_EP6 pid=337903) ERROR 07-27 19:30:39 [multiproc_executor.py:1007]                     ~~~~~~~~~~~~~^^^^^^^^^^^^^^^
(Worker_DP3_TP0_EP6 pid=337903) ERROR 07-27 19:30:39 [multiproc_executor.py:1007] RuntimeError: copy_between_host_and_device_opapi:../torch_npu/csrc/aten/ops/op_api/CopyKernelOpApi.cpp:55 NPU function error: aclrtMemcpy, error code is 107030
(Worker_DP3_TP0_EP6 pid=337903) ERROR 07-27 19:30:39 [multiproc_executor.py:1007] [ERROR] 2026-07-27-19:30:38 (PID:337903, Device:6, RankID:-1) ERR00100 PTA call acl api failed.
(Worker_DP3_TP0_EP6 pid=337903) ERROR 07-27 19:30:39 [multiproc_executor.py:1007] EE9999: Inner Error!
(Worker_DP3_TP0_EP6 pid=337903) ERROR 07-27 19:30:39 [multiproc_executor.py:1007] EE9999[PID: 337903] 2026-07-27-19:30:38.525.164 (EE9999):  Not allow to synchronize captured-stream, stream_id=32.[FUNC:StreamSynchronize][FILE:api_error.cc][LINE:1016]
(Worker_DP3_TP0_EP6 pid=337903) ERROR 07-27 19:30:39 [multiproc_executor.py:1007]         TraceBack (most recent call last):
(Worker_DP3_TP0_EP6 pid=337903) ERROR 07-27 19:30:39 [multiproc_executor.py:1007]        rtStreamSynchronize execution failed, reason=stream is captured[FUNC:FuncErrorReason][FILE:error_message_manage.cc][LINE:65]
(Worker_DP3_TP0_EP6 pid=337903) ERROR 07-27 19:30:39 [multiproc_executor.py:1007]        synchronize stream failed, runtime result = 107027[FUNC:ReportCallError][FILE:log_inner.cpp][LINE:148]
(Worker_DP3_TP0_EP6 pid=337903) ERROR 07-27 19:30:39 [multiproc_executor.py:1007]        rtMemcpy execution failed, reason=the current capture mode does not support this operation[FUNC:FuncErrorReason][FILE:error_message_manage.cc][LINE:65]
(Worker_DP3_TP0_EP6 pid=337903) ERROR 07-27 19:30:39 [multiproc_executor.py:1007]        synchronized memcpy failed, kind = 1, runtime result = 107030[FUNC:ReportCallError][FILE:log_inner.cpp][LINE:148]
(Worker_DP3_TP0_EP6 pid=337903) ERROR 07-27 19:30:39 [multiproc_executor.py:1007] 
(Worker_DP3_TP0_EP6 pid=337903) ERROR 07-27 19:30:39 [multiproc_executor.py:1007] 
(Worker_DP3_TP0_EP6 pid=337903) ERROR 07-27 19:30:39 [multiproc_executor.py:1007] During handling of the above exception, another exception occurred:
(Worker_DP3_TP0_EP6 pid=337903) ERROR 07-27 19:30:39 [multiproc_executor.py:1007] 
(Worker_DP3_TP0_EP6 pid=337903) ERROR 07-27 19:30:39 [multiproc_executor.py:1007] Traceback (most recent call last):
(Worker_DP3_TP0_EP6 pid=337903) ERROR 07-27 19:30:39 [multiproc_executor.py:1007]   File "/home/l00838859/cann/my-project/vllm-ascend/vllm_ascend/worker/model_runner_v1.py", line 5198, in _torch_cuda_wrapper
(Worker_DP3_TP0_EP6 pid=337903) ERROR 07-27 19:30:39 [multiproc_executor.py:1007]     yield
(Worker_DP3_TP0_EP6 pid=337903) ERROR 07-27 19:30:39 [multiproc_executor.py:1007]   File "/home/l00838859/cann/my-project/vllm-ascend/vllm_ascend/worker/model_runner_v1.py", line 5101, in capture_model
(Worker_DP3_TP0_EP6 pid=337903) ERROR 07-27 19:30:39 [multiproc_executor.py:1007]     with _torch_cuda_wrapper(), _replace_gpu_model_runner_function_wrapper(parent_module_name):
(Worker_DP3_TP0_EP6 pid=337903) ERROR 07-27 19:30:39 [multiproc_executor.py:1007]   File "/usr/local/lib/python3.11/contextlib.py", line 158, in __exit__
(Worker_DP3_TP0_EP6 pid=337903) ERROR 07-27 19:30:39 [multiproc_executor.py:1007]     self.gen.throw(typ, value, traceback)
(Worker_DP3_TP0_EP6 pid=337903) ERROR 07-27 19:30:39 [multiproc_executor.py:1007]   File "/home/l00838859/cann/my-project/vllm-ascend/vllm_ascend/worker/model_runner_v1.py", line 5244, in _replace_gpu_model_runner_function_wrapper
(Worker_DP3_TP0_EP6 pid=337903) ERROR 07-27 19:30:39 [multiproc_executor.py:1007]     raise RuntimeError(f"NPUModelRunner failed, error is {e}")
(Worker_DP3_TP0_EP6 pid=337903) ERROR 07-27 19:30:39 [multiproc_executor.py:1007] RuntimeError: NPUModelRunner failed, error is copy_between_host_and_device_opapi:../torch_npu/csrc/aten/ops/op_api/CopyKernelOpApi.cpp:55 NPU function error: aclrtMemcpy, error code is 107030
(Worker_DP3_TP0_EP6 pid=337903) ERROR 07-27 19:30:39 [multiproc_executor.py:1007] [ERROR] 2026-07-27-19:30:38 (PID:337903, Device:6, RankID:-1) ERR00100 PTA call acl api failed.
(Worker_DP3_TP0_EP6 pid=337903) ERROR 07-27 19:30:39 [multiproc_executor.py:1007] EE9999: Inner Error!
(Worker_DP3_TP0_EP6 pid=337903) ERROR 07-27 19:30:39 [multiproc_executor.py:1007] EE9999[PID: 337903] 2026-07-27-19:30:38.525.164 (EE9999):  Not allow to synchronize captured-stream, stream_id=32.[FUNC:StreamSynchronize][FILE:api_error.cc][LINE:1016]
(Worker_DP3_TP0_EP6 pid=337903) ERROR 07-27 19:30:39 [multiproc_executor.py:1007]         TraceBack (most recent call last):
(Worker_DP3_TP0_EP6 pid=337903) ERROR 07-27 19:30:39 [multiproc_executor.py:1007]        rtStreamSynchronize execution failed, reason=stream is captured[FUNC:FuncErrorReason][FILE:error_message_manage.cc][LINE:65]
(Worker_DP3_TP0_EP6 pid=337903) ERROR 07-27 19:30:39 [multiproc_executor.py:1007]        synchronize stream failed, runtime result = 107027[FUNC:ReportCallError][FILE:log_inner.cpp][LINE:148]
(Worker_DP3_TP0_EP6 pid=337903) ERROR 07-27 19:30:39 [multiproc_executor.py:1007]        rtMemcpy execution failed, reason=the current capture mode does not support this operation[FUNC:FuncErrorReason][FILE:error_message_manage.cc][LINE:65]
(Worker_DP3_TP0_EP6 pid=337903) ERROR 07-27 19:30:39 [multiproc_executor.py:1007]        synchronized memcpy failed, kind = 1, runtime result = 107030[FUNC:ReportCallError][FILE:log_inner.cpp][LINE:148]
(Worker_DP3_TP0_EP6 pid=337903) ERROR 07-27 19:30:39 [multiproc_executor.py:1007] 
(Worker_DP3_TP0_EP6 pid=337903) ERROR 07-27 19:30:39 [multiproc_executor.py:1007] 
(Worker_DP3_TP0_EP6 pid=337903) ERROR 07-27 19:30:39 [multiproc_executor.py:1007] During handling of the above exception, another exception occurred:
(Worker_DP3_TP0_EP6 pid=337903) ERROR 07-27 19:30:39 [multiproc_executor.py:1007] 
(Worker_DP3_TP0_EP6 pid=337903) ERROR 07-27 19:30:39 [multiproc_executor.py:1007] Traceback (most recent call last):
(Worker_DP3_TP0_EP6 pid=337903) ERROR 07-27 19:30:39 [multiproc_executor.py:1007]   File "/home/l00838859/cann/my-project/vllm/vllm/v1/executor/multiproc_executor.py", line 999, in worker_busy_loop
(Worker_DP3_TP0_EP6 pid=337903) ERROR 07-27 19:30:39 [multiproc_executor.py:1007]     output = func(*args, **kwargs)
(Worker_DP3_TP0_EP6 pid=337903) ERROR 07-27 19:30:39 [multiproc_executor.py:1007]              ^^^^^^^^^^^^^^^^^^^^^
(Worker_DP3_TP0_EP6 pid=337903) ERROR 07-27 19:30:39 [multiproc_executor.py:1007]   File "/home/l00838859/cann/my-project/vllm-ascend/vllm_ascend/worker/worker.py", line 770, in compile_or_warm_up_model
(Worker_DP3_TP0_EP6 pid=337903) ERROR 07-27 19:30:39 [multiproc_executor.py:1007]     npugraph_memory_bytes = self.model_runner.capture_model()
(Worker_DP3_TP0_EP6 pid=337903) ERROR 07-27 19:30:39 [multiproc_executor.py:1007]                             ^^^^^^^^^^^^^^^^^^^^^^^^^^^^^^^^^
(Worker_DP3_TP0_EP6 pid=337903) ERROR 07-27 19:30:39 [multiproc_executor.py:1007]   File "/home/l00838859/cann/my-project/vllm-ascend/vllm_ascend/worker/model_runner_v1.py", line 5101, in capture_model
(Worker_DP3_TP0_EP6 pid=337903) ERROR 07-27 19:30:39 [multiproc_executor.py:1007]     with _torch_cuda_wrapper(), _replace_gpu_model_runner_function_wrapper(parent_module_name):
(Worker_DP3_TP0_EP6 pid=337903) ERROR 07-27 19:30:39 [multiproc_executor.py:1007]   File "/usr/local/lib/python3.11/contextlib.py", line 158, in __exit__
(Worker_DP3_TP0_EP6 pid=337903) ERROR 07-27 19:30:39 [multiproc_executor.py:1007]     self.gen.throw(typ, value, traceback)
(Worker_DP3_TP0_EP6 pid=337903) ERROR 07-27 19:30:39 [multiproc_executor.py:1007]   File "/home/l00838859/cann/my-project/vllm-ascend/vllm_ascend/worker/model_runner_v1.py", line 5208, in _torch_cuda_wrapper
(Worker_DP3_TP0_EP6 pid=337903) ERROR 07-27 19:30:39 [multiproc_executor.py:1007]     raise RuntimeError(f"NPUModelRunner init failed, error is {e}")
(Worker_DP3_TP0_EP6 pid=337903) ERROR 07-27 19:30:39 [multiproc_executor.py:1007] RuntimeError: NPUModelRunner init failed, error is NPUModelRunner failed, error is copy_between_host_and_device_opapi:../torch_npu/csrc/aten/ops/op_api/CopyKernelOpApi.cpp:55 NPU function error: aclrtMemcpy, error code is 107030
(Worker_DP3_TP0_EP6 pid=337903) ERROR 07-27 19:30:39 [multiproc_executor.py:1007] [ERROR] 2026-07-27-19:30:38 (PID:337903, Device:6, RankID:-1) ERR00100 PTA call acl api failed.
(Worker_DP3_TP0_EP6 pid=337903) ERROR 07-27 19:30:39 [multiproc_executor.py:1007] EE9999: Inner Error!
(Worker_DP3_TP0_EP6 pid=337903) ERROR 07-27 19:30:39 [multiproc_executor.py:1007] EE9999[PID: 337903] 2026-07-27-19:30:38.525.164 (EE9999):  Not allow to synchronize captured-stream, stream_id=32.[FUNC:StreamSynchronize][FILE:api_error.cc][LINE:1016]
(Worker_DP3_TP0_EP6 pid=337903) ERROR 07-27 19:30:39 [multiproc_executor.py:1007]         TraceBack (most recent call last):
(Worker_DP3_TP0_EP6 pid=337903) ERROR 07-27 19:30:39 [multiproc_executor.py:1007]        rtStreamSynchronize execution failed, reason=stream is captured[FUNC:FuncErrorReason][FILE:error_message_manage.cc][LINE:65]
(Worker_DP3_TP0_EP6 pid=337903) ERROR 07-27 19:30:39 [multiproc_executor.py:1007]        synchronize stream failed, runtime result = 107027[FUNC:ReportCallError][FILE:log_inner.cpp][LINE:148]
(Worker_DP3_TP0_EP6 pid=337903) ERROR 07-27 19:30:39 [multiproc_executor.py:1007]        rtMemcpy execution failed, reason=the current capture mode does not support this operation[FUNC:FuncErrorReason][FILE:error_message_manage.cc][LINE:65]
(Worker_DP3_TP0_EP6 pid=337903) ERROR 07-27 19:30:39 [multiproc_executor.py:1007]        synchronized memcpy failed, kind = 1, runtime result = 107030[FUNC:ReportCallError][FILE:log_inner.cpp][LINE:148]
(Worker_DP3_TP0_EP6 pid=337903) ERROR 07-27 19:30:39 [multiproc_executor.py:1007] 
(Worker_DP3_TP0_EP6 pid=337903) ERROR 07-27 19:30:39 [multiproc_executor.py:1007] 
(EngineCore_DP3 pid=337491) ERROR 07-27 19:30:39 [core.py:1231] EngineCore failed to start.
(EngineCore_DP3 pid=337491) ERROR 07-27 19:30:39 [core.py:1231] Traceback (most recent call last):
(EngineCore_DP3 pid=337491) ERROR 07-27 19:30:39 [core.py:1231]   File "/home/l00838859/cann/my-project/vllm/vllm/v1/engine/core.py", line 1192, in run_engine_core
(EngineCore_DP3 pid=337491) ERROR 07-27 19:30:39 [core.py:1231]     engine_core = DPEngineCoreProc(*args, **kwargs)
(EngineCore_DP3 pid=337491) ERROR 07-27 19:30:39 [core.py:1231]                   ^^^^^^^^^^^^^^^^^^^^^^^^^^^^^^^^^
(EngineCore_DP3 pid=337491) ERROR 07-27 19:30:39 [core.py:1231]   File "/home/l00838859/cann/my-project/vllm/vllm/v1/engine/core.py", line 1786, in __init__
(EngineCore_DP3 pid=337491) ERROR 07-27 19:30:39 [core.py:1231]     super().__init__(
(EngineCore_DP3 pid=337491) ERROR 07-27 19:30:39 [core.py:1231]   File "/home/l00838859/cann/my-project/vllm/vllm/tracing/otel.py", line 178, in sync_wrapper
(EngineCore_DP3 pid=337491) ERROR 07-27 19:30:39 [core.py:1231]     return func(*args, **kwargs)
(EngineCore_DP3 pid=337491) ERROR 07-27 19:30:39 [core.py:1231]            ^^^^^^^^^^^^^^^^^^^^^
(EngineCore_DP3 pid=337491) ERROR 07-27 19:30:39 [core.py:1231]   File "/home/l00838859/cann/my-project/vllm/vllm/v1/engine/core.py", line 966, in __init__
(EngineCore_DP3 pid=337491) ERROR 07-27 19:30:39 [core.py:1231]     super().__init__(
(EngineCore_DP3 pid=337491) ERROR 07-27 19:30:39 [core.py:1231]   File "/home/l00838859/cann/my-project/vllm/vllm/v1/engine/core.py", line 133, in __init__
(EngineCore_DP3 pid=337491) ERROR 07-27 19:30:39 [core.py:1231]     kv_cache_config = self._initialize_kv_caches(vllm_config)
(EngineCore_DP3 pid=337491) ERROR 07-27 19:30:39 [core.py:1231]                       ^^^^^^^^^^^^^^^^^^^^^^^^^^^^^^^^^^^^^^^
(EngineCore_DP3 pid=337491) ERROR 07-27 19:30:39 [core.py:1231]   File "/home/l00838859/cann/my-project/vllm/vllm/tracing/otel.py", line 178, in sync_wrapper
(EngineCore_DP3 pid=337491) ERROR 07-27 19:30:39 [core.py:1231]     return func(*args, **kwargs)
(EngineCore_DP3 pid=337491) ERROR 07-27 19:30:39 [core.py:1231]            ^^^^^^^^^^^^^^^^^^^^^
(EngineCore_DP3 pid=337491) ERROR 07-27 19:30:39 [core.py:1231]   File "/home/l00838859/cann/my-project/vllm/vllm/v1/engine/core.py", line 321, in _initialize_kv_caches
(EngineCore_DP3 pid=337491) ERROR 07-27 19:30:39 [core.py:1231]     self.model_executor.initialize_from_config(kv_cache_configs)
(EngineCore_DP3 pid=337491) ERROR 07-27 19:30:39 [core.py:1231]   File "/home/l00838859/cann/my-project/vllm/vllm/v1/executor/abstract.py", line 124, in initialize_from_config
(EngineCore_DP3 pid=337491) ERROR 07-27 19:30:39 [core.py:1231]     compilation_times: list[CompilationTimes] = self.collective_rpc(
(EngineCore_DP3 pid=337491) ERROR 07-27 19:30:39 [core.py:1231]                                                 ^^^^^^^^^^^^^^^^^^^^
(EngineCore_DP3 pid=337491) ERROR 07-27 19:30:39 [core.py:1231]   File "/home/l00838859/cann/my-project/vllm/vllm/v1/executor/multiproc_executor.py", line 405, in collective_rpc
(EngineCore_DP3 pid=337491) ERROR 07-27 19:30:39 [core.py:1231]     return future if non_block else future.result()
(EngineCore_DP3 pid=337491) ERROR 07-27 19:30:39 [core.py:1231]                                     ^^^^^^^^^^^^^^^
(EngineCore_DP3 pid=337491) ERROR 07-27 19:30:39 [core.py:1231]   File "/home/l00838859/cann/my-project/vllm/vllm/v1/executor/multiproc_executor.py", line 91, in result
(EngineCore_DP3 pid=337491) ERROR 07-27 19:30:39 [core.py:1231]     return super().result()
(EngineCore_DP3 pid=337491) ERROR 07-27 19:30:39 [core.py:1231]            ^^^^^^^^^^^^^^^^
(EngineCore_DP3 pid=337491) ERROR 07-27 19:30:39 [core.py:1231]   File "/usr/local/lib/python3.11/concurrent/futures/_base.py", line 449, in result
(EngineCore_DP3 pid=337491) ERROR 07-27 19:30:39 [core.py:1231]     return self.__get_result()
(EngineCore_DP3 pid=337491) ERROR 07-27 19:30:39 [core.py:1231]            ^^^^^^^^^^^^^^^^^^^
(EngineCore_DP3 pid=337491) ERROR 07-27 19:30:39 [core.py:1231]   File "/usr/local/lib/python3.11/concurrent/futures/_base.py", line 401, in __get_result
(EngineCore_DP3 pid=337491) ERROR 07-27 19:30:39 [core.py:1231]     raise self._exception
(EngineCore_DP3 pid=337491) ERROR 07-27 19:30:39 [core.py:1231]   File "/home/l00838859/cann/my-project/vllm/vllm/v1/executor/multiproc_executor.py", line 95, in _wait_for_response
(EngineCore_DP3 pid=337491) ERROR 07-27 19:30:39 [core.py:1231]     response = self.aggregate(self.get_response())
(EngineCore_DP3 pid=337491) ERROR 07-27 19:30:39 [core.py:1231]                               ^^^^^^^^^^^^^^^^^^^
(EngineCore_DP3 pid=337491) ERROR 07-27 19:30:39 [core.py:1231]   File "/home/l00838859/cann/my-project/vllm/vllm/v1/executor/multiproc_executor.py", line 394, in get_response
(EngineCore_DP3 pid=337491) ERROR 07-27 19:30:39 [core.py:1231]     raise RuntimeError(
(EngineCore_DP3 pid=337491) ERROR 07-27 19:30:39 [core.py:1231] RuntimeError: Worker failed with error 'NPUModelRunner init failed, error is NPUModelRunner failed, error is copy_between_host_and_device_opapi:../torch_npu/csrc/aten/ops/op_api/CopyKernelOpApi.cpp:55 NPU function error: aclrtMemcpy, error code is 107030
(EngineCore_DP3 pid=337491) ERROR 07-27 19:30:39 [core.py:1231] [ERROR] 2026-07-27-19:30:38 (PID:337903, Device:6, RankID:-1) ERR00100 PTA call acl api failed.
(EngineCore_DP3 pid=337491) ERROR 07-27 19:30:39 [core.py:1231] EE9999: Inner Error!
(EngineCore_DP3 pid=337491) ERROR 07-27 19:30:39 [core.py:1231] EE9999[PID: 337903] 2026-07-27-19:30:38.525.164 (EE9999):  Not allow to synchronize captured-stream, stream_id=32.[FUNC:StreamSynchronize][FILE:api_error.cc][LINE:1016]
(EngineCore_DP3 pid=337491) ERROR 07-27 19:30:39 [core.py:1231]         TraceBack (most recent call last):
(EngineCore_DP3 pid=337491) ERROR 07-27 19:30:39 [core.py:1231]        rtStreamSynchronize execution failed, reason=stream is captured[FUNC:FuncErrorReason][FILE:error_message_manage.cc][LINE:65]
(EngineCore_DP3 pid=337491) ERROR 07-27 19:30:39 [core.py:1231]        synchronize stream failed, runtime result = 107027[FUNC:ReportCallError][FILE:log_inner.cpp][LINE:148]
(EngineCore_DP3 pid=337491) ERROR 07-27 19:30:39 [core.py:1231]        rtMemcpy execution failed, reason=the current capture mode does not support this operation[FUNC:FuncErrorReason][FILE:error_message_manage.cc][LINE:65]
(EngineCore_DP3 pid=337491) ERROR 07-27 19:30:39 [core.py:1231]        synchronized memcpy failed, kind = 1, runtime result = 107030[FUNC:ReportCallError][FILE:log_inner.cpp][LINE:148]
(EngineCore_DP3 pid=337491) ERROR 07-27 19:30:39 [core.py:1231] ', please check the stack trace above for the root cause
(Worker_DP0_TP1_EP1 pid=338280) ERROR 07-27 19:30:39 [multiproc_executor.py:1007] WorkerProc hit an exception.
(Worker_DP0_TP1_EP1 pid=338280) ERROR 07-27 19:30:39 [multiproc_executor.py:1007] Traceback (most recent call last):
(Worker_DP0_TP1_EP1 pid=338280) ERROR 07-27 19:30:39 [multiproc_executor.py:1007]   File "/home/l00838859/cann/my-project/vllm-ascend/vllm_ascend/worker/model_runner_v1.py", line 5242, in _replace_gpu_model_runner_function_wrapper
(Worker_DP0_TP1_EP1 pid=338280) ERROR 07-27 19:30:39 [multiproc_executor.py:1007]     yield
(Worker_DP0_TP1_EP1 pid=338280) ERROR 07-27 19:30:39 [multiproc_executor.py:1007]   File "/home/l00838859/cann/my-project/vllm-ascend/vllm_ascend/worker/model_runner_v1.py", line 5102, in capture_model
(Worker_DP0_TP1_EP1 pid=338280) ERROR 07-27 19:30:39 [multiproc_executor.py:1007]     cuda_graph_size = GPUModelRunner.capture_model(self)
(Worker_DP0_TP1_EP1 pid=338280) ERROR 07-27 19:30:39 [multiproc_executor.py:1007]                       ^^^^^^^^^^^^^^^^^^^^^^^^^^^^^^^^^^
(Worker_DP0_TP1_EP1 pid=338280) ERROR 07-27 19:30:39 [multiproc_executor.py:1007]   File "/home/l00838859/cann/my-project/vllm/vllm/tracing/otel.py", line 178, in sync_wrapper
(Worker_DP0_TP1_EP1 pid=338280) ERROR 07-27 19:30:39 [multiproc_executor.py:1007]     return func(*args, **kwargs)
(Worker_DP0_TP1_EP1 pid=338280) ERROR 07-27 19:30:39 [multiproc_executor.py:1007]            ^^^^^^^^^^^^^^^^^^^^^
(Worker_DP0_TP1_EP1 pid=338280) ERROR 07-27 19:30:39 [multiproc_executor.py:1007]   File "/home/l00838859/cann/my-project/vllm/vllm/v1/worker/gpu_model_runner.py", line 6712, in capture_model
(Worker_DP0_TP1_EP1 pid=338280) ERROR 07-27 19:30:39 [multiproc_executor.py:1007]     self._capture_cudagraphs(
(Worker_DP0_TP1_EP1 pid=338280) ERROR 07-27 19:30:39 [multiproc_executor.py:1007]   File "/home/l00838859/cann/my-project/vllm/vllm/v1/worker/gpu_model_runner.py", line 6828, in _capture_cudagraphs
(Worker_DP0_TP1_EP1 pid=338280) ERROR 07-27 19:30:39 [multiproc_executor.py:1007]     self._warmup_and_capture(
(Worker_DP0_TP1_EP1 pid=338280) ERROR 07-27 19:30:39 [multiproc_executor.py:1007]   File "/home/l00838859/cann/my-project/vllm/vllm/v1/worker/gpu_model_runner.py", line 6774, in _warmup_and_capture
(Worker_DP0_TP1_EP1 pid=338280) ERROR 07-27 19:30:39 [multiproc_executor.py:1007]     self._dummy_run(
(Worker_DP0_TP1_EP1 pid=338280) ERROR 07-27 19:30:39 [multiproc_executor.py:1007]   File "/usr/local/lib/python3.11/site-packages/torch/utils/_contextlib.py", line 124, in decorate_context
(Worker_DP0_TP1_EP1 pid=338280) ERROR 07-27 19:30:39 [multiproc_executor.py:1007]     return func(*args, **kwargs)
(Worker_DP0_TP1_EP1 pid=338280) ERROR 07-27 19:30:39 [multiproc_executor.py:1007]            ^^^^^^^^^^^^^^^^^^^^^
(Worker_DP0_TP1_EP1 pid=338280) ERROR 07-27 19:30:39 [multiproc_executor.py:1007]   File "/home/l00838859/cann/my-project/vllm-ascend/vllm_ascend/worker/model_runner_v1.py", line 3712, in _dummy_run
(Worker_DP0_TP1_EP1 pid=338280) ERROR 07-27 19:30:39 [multiproc_executor.py:1007]     self.drafter.dummy_run(
(Worker_DP0_TP1_EP1 pid=338280) ERROR 07-27 19:30:39 [multiproc_executor.py:1007]   File "/usr/local/lib/python3.11/site-packages/torch/utils/_contextlib.py", line 124, in decorate_context
(Worker_DP0_TP1_EP1 pid=338280) ERROR 07-27 19:30:39 [multiproc_executor.py:1007]     return func(*args, **kwargs)
(Worker_DP0_TP1_EP1 pid=338280) ERROR 07-27 19:30:39 [multiproc_executor.py:1007]            ^^^^^^^^^^^^^^^^^^^^^
(Worker_DP0_TP1_EP1 pid=338280) ERROR 07-27 19:30:39 [multiproc_executor.py:1007]   File "/home/l00838859/cann/my-project/vllm-ascend/vllm_ascend/spec_decode/llm_base_proposer.py", line 727, in dummy_run
(Worker_DP0_TP1_EP1 pid=338280) ERROR 07-27 19:30:39 [multiproc_executor.py:1007]     self._runnable(
(Worker_DP0_TP1_EP1 pid=338280) ERROR 07-27 19:30:39 [multiproc_executor.py:1007]   File "/home/l00838859/cann/my-project/vllm-ascend/vllm_ascend/compilation/acl_graph.py", line 205, in __call__
(Worker_DP0_TP1_EP1 pid=338280) ERROR 07-27 19:30:39 [multiproc_executor.py:1007]     output = self.runnable(*args, **kwargs)
(Worker_DP0_TP1_EP1 pid=338280) ERROR 07-27 19:30:39 [multiproc_executor.py:1007]              ^^^^^^^^^^^^^^^^^^^^^^^^^^^^^^
(Worker_DP0_TP1_EP1 pid=338280) ERROR 07-27 19:30:39 [multiproc_executor.py:1007]   File "/home/l00838859/cann/my-project/vllm-ascend/vllm_ascend/spec_decode/llm_base_proposer.py", line 1209, in _run_merged_draft
(Worker_DP0_TP1_EP1 pid=338280) ERROR 07-27 19:30:39 [multiproc_executor.py:1007]     else dummy_compute_logits(sample_hidden_states)
(Worker_DP0_TP1_EP1 pid=338280) ERROR 07-27 19:30:39 [multiproc_executor.py:1007]          ^^^^^^^^^^^^^^^^^^^^^^^^^^^^^^^^^^^^^^^^^^
(Worker_DP0_TP1_EP1 pid=338280) ERROR 07-27 19:30:39 [multiproc_executor.py:1007]   File "/home/l00838859/cann/my-project/vllm-ascend/vllm_ascend/worker/model_runner_v1.py", line 3685, in dummy_drafter_compute_logits
(Worker_DP0_TP1_EP1 pid=338280) ERROR 07-27 19:30:39 [multiproc_executor.py:1007]     hidden_states = hidden_states[dummy_indices]
(Worker_DP0_TP1_EP1 pid=338280) ERROR 07-27 19:30:39 [multiproc_executor.py:1007]                     ~~~~~~~~~~~~~^^^^^^^^^^^^^^^
(Worker_DP0_TP1_EP1 pid=338280) ERROR 07-27 19:30:39 [multiproc_executor.py:1007] RuntimeError: copy_between_host_and_device_opapi:../torch_npu/csrc/aten/ops/op_api/CopyKernelOpApi.cpp:55 NPU function error: aclrtMemcpy, error code is 107030
(Worker_DP0_TP1_EP1 pid=338280) ERROR 07-27 19:30:39 [multiproc_executor.py:1007] [ERROR] 2026-07-27-19:30:38 (PID:338280, Device:1, RankID:-1) ERR00100 PTA call acl api failed.
(Worker_DP0_TP1_EP1 pid=338280) ERROR 07-27 19:30:39 [multiproc_executor.py:1007] [PID: 338280] 2026-07-27-19:30:23.755.993 Communication_Error_Bind_IP_Port(EI0019): Failed to enable listening for the host network adapter socket. Reason: The IP address 10.10.1.44 and port 65536 have already been bound.
(Worker_DP0_TP1_EP1 pid=338280) ERROR 07-27 19:30:39 [multiproc_executor.py:1007]         Solution: 1. Check whether this port has been occupied by another process. If yes, you can make adjustment using the environment variable HCCL_IF_BASE_PORT and use sysctl -w net.ipv4.ip_local_reserved_ports=****-**** to adjust the scope of reserved ports. 2. Check whether the service process is started multiple times on a device during this service.
(Worker_DP0_TP1_EP1 pid=338280) ERROR 07-27 19:30:39 [multiproc_executor.py:1007]         TraceBack (most recent call last):
(Worker_DP0_TP1_EP1 pid=338280) ERROR 07-27 19:30:39 [multiproc_executor.py:1007]         Not allow to synchronize captured-stream, stream_id=2028.[FUNC:StreamSynchronize][FILE:api_error.cc][LINE:1016]
(Worker_DP0_TP1_EP1 pid=338280) ERROR 07-27 19:30:39 [multiproc_executor.py:1007]         rtStreamSynchronize execution failed, reason=stream is captured[FUNC:FuncErrorReason][FILE:error_message_manage.cc][LINE:65]
(Worker_DP0_TP1_EP1 pid=338280) ERROR 07-27 19:30:39 [multiproc_executor.py:1007]         synchronize stream failed, runtime result = 107027[FUNC:ReportCallError][FILE:log_inner.cpp][LINE:148]
(Worker_DP0_TP1_EP1 pid=338280) ERROR 07-27 19:30:39 [multiproc_executor.py:1007]         rtMemcpy execution failed, reason=the current capture mode does not support this operation[FUNC:FuncErrorReason][FILE:error_message_manage.cc][LINE:65]
(Worker_DP0_TP1_EP1 pid=338280) ERROR 07-27 19:30:39 [multiproc_executor.py:1007]         synchronized memcpy failed, kind = 1, runtime result = 107030[FUNC:ReportCallError][FILE:log_inner.cpp][LINE:148]
(Worker_DP0_TP1_EP1 pid=338280) ERROR 07-27 19:30:39 [multiproc_executor.py:1007] 
(Worker_DP0_TP1_EP1 pid=338280) ERROR 07-27 19:30:39 [multiproc_executor.py:1007] 
(Worker_DP0_TP1_EP1 pid=338280) ERROR 07-27 19:30:39 [multiproc_executor.py:1007] During handling of the above exception, another exception occurred:
(Worker_DP0_TP1_EP1 pid=338280) ERROR 07-27 19:30:39 [multiproc_executor.py:1007] 
(Worker_DP0_TP1_EP1 pid=338280) ERROR 07-27 19:30:39 [multiproc_executor.py:1007] Traceback (most recent call last):
(Worker_DP0_TP1_EP1 pid=338280) ERROR 07-27 19:30:39 [multiproc_executor.py:1007]   File "/home/l00838859/cann/my-project/vllm-ascend/vllm_ascend/worker/model_runner_v1.py", line 5198, in _torch_cuda_wrapper
(Worker_DP0_TP1_EP1 pid=338280) ERROR 07-27 19:30:39 [multiproc_executor.py:1007]     yield
(Worker_DP0_TP1_EP1 pid=338280) ERROR 07-27 19:30:39 [multiproc_executor.py:1007]   File "/home/l00838859/cann/my-project/vllm-ascend/vllm_ascend/worker/model_runner_v1.py", line 5101, in capture_model
(Worker_DP0_TP1_EP1 pid=338280) ERROR 07-27 19:30:39 [multiproc_executor.py:1007]     with _torch_cuda_wrapper(), _replace_gpu_model_runner_function_wrapper(parent_module_name):
(Worker_DP0_TP1_EP1 pid=338280) ERROR 07-27 19:30:39 [multiproc_executor.py:1007]   File "/usr/local/lib/python3.11/contextlib.py", line 158, in __exit__
(Worker_DP0_TP1_EP1 pid=338280) ERROR 07-27 19:30:39 [multiproc_executor.py:1007]     self.gen.throw(typ, value, traceback)
(Worker_DP0_TP1_EP1 pid=338280) ERROR 07-27 19:30:39 [multiproc_executor.py:1007]   File "/home/l00838859/cann/my-project/vllm-ascend/vllm_ascend/worker/model_runner_v1.py", line 5244, in _replace_gpu_model_runner_function_wrapper
(Worker_DP0_TP1_EP1 pid=338280) ERROR 07-27 19:30:39 [multiproc_executor.py:1007]     raise RuntimeError(f"NPUModelRunner failed, error is {e}")
(Worker_DP0_TP1_EP1 pid=338280) ERROR 07-27 19:30:39 [multiproc_executor.py:1007] RuntimeError: NPUModelRunner failed, error is copy_between_host_and_device_opapi:../torch_npu/csrc/aten/ops/op_api/CopyKernelOpApi.cpp:55 NPU function error: aclrtMemcpy, error code is 107030
(Worker_DP0_TP1_EP1 pid=338280) ERROR 07-27 19:30:39 [multiproc_executor.py:1007] [ERROR] 2026-07-27-19:30:38 (PID:338280, Device:1, RankID:-1) ERR00100 PTA call acl api failed.
(Worker_DP0_TP1_EP1 pid=338280) ERROR 07-27 19:30:39 [multiproc_executor.py:1007] [PID: 338280] 2026-07-27-19:30:23.755.993 Communication_Error_Bind_IP_Port(EI0019): Failed to enable listening for the host network adapter socket. Reason: The IP address 10.10.1.44 and port 65536 have already been bound.
(Worker_DP0_TP1_EP1 pid=338280) ERROR 07-27 19:30:39 [multiproc_executor.py:1007]         Solution: 1. Check whether this port has been occupied by another process. If yes, you can make adjustment using the environment variable HCCL_IF_BASE_PORT and use sysctl -w net.ipv4.ip_local_reserved_ports=****-**** to adjust the scope of reserved ports. 2. Check whether the service process is started multiple times on a device during this service.
(Worker_DP0_TP1_EP1 pid=338280) ERROR 07-27 19:30:39 [multiproc_executor.py:1007]         TraceBack (most recent call last):
(Worker_DP0_TP1_EP1 pid=338280) ERROR 07-27 19:30:39 [multiproc_executor.py:1007]         Not allow to synchronize captured-stream, stream_id=2028.[FUNC:StreamSynchronize][FILE:api_error.cc][LINE:1016]
(Worker_DP0_TP1_EP1 pid=338280) ERROR 07-27 19:30:39 [multiproc_executor.py:1007]         rtStreamSynchronize execution failed, reason=stream is captured[FUNC:FuncErrorReason][FILE:error_message_manage.cc][LINE:65]
(Worker_DP0_TP1_EP1 pid=338280) ERROR 07-27 19:30:39 [multiproc_executor.py:1007]         synchronize stream failed, runtime result = 107027[FUNC:ReportCallError][FILE:log_inner.cpp][LINE:148]
(Worker_DP0_TP1_EP1 pid=338280) ERROR 07-27 19:30:39 [multiproc_executor.py:1007]         rtMemcpy execution failed, reason=the current capture mode does not support this operation[FUNC:FuncErrorReason][FILE:error_message_manage.cc][LINE:65]
(Worker_DP0_TP1_EP1 pid=338280) ERROR 07-27 19:30:39 [multiproc_executor.py:1007]         synchronized memcpy failed, kind = 1, runtime result = 107030[FUNC:ReportCallError][FILE:log_inner.cpp][LINE:148]
(Worker_DP0_TP1_EP1 pid=338280) ERROR 07-27 19:30:39 [multiproc_executor.py:1007] 
(Worker_DP0_TP1_EP1 pid=338280) ERROR 07-27 19:30:39 [multiproc_executor.py:1007] 
(Worker_DP0_TP1_EP1 pid=338280) ERROR 07-27 19:30:39 [multiproc_executor.py:1007] During handling of the above exception, another exception occurred:
(Worker_DP0_TP1_EP1 pid=338280) ERROR 07-27 19:30:39 [multiproc_executor.py:1007] 
(Worker_DP0_TP1_EP1 pid=338280) ERROR 07-27 19:30:39 [multiproc_executor.py:1007] Traceback (most recent call last):
(Worker_DP0_TP1_EP1 pid=338280) ERROR 07-27 19:30:39 [multiproc_executor.py:1007]   File "/home/l00838859/cann/my-project/vllm/vllm/v1/executor/multiproc_executor.py", line 999, in worker_busy_loop
(Worker_DP0_TP1_EP1 pid=338280) ERROR 07-27 19:30:39 [multiproc_executor.py:1007]     output = func(*args, **kwargs)
(Worker_DP0_TP1_EP1 pid=338280) ERROR 07-27 19:30:39 [multiproc_executor.py:1007]              ^^^^^^^^^^^^^^^^^^^^^
(Worker_DP0_TP1_EP1 pid=338280) ERROR 07-27 19:30:39 [multiproc_executor.py:1007]   File "/home/l00838859/cann/my-project/vllm-ascend/vllm_ascend/worker/worker.py", line 770, in compile_or_warm_up_model
(Worker_DP0_TP1_EP1 pid=338280) ERROR 07-27 19:30:39 [multiproc_executor.py:1007]     npugraph_memory_bytes = self.model_runner.capture_model()
(Worker_DP0_TP1_EP1 pid=338280) ERROR 07-27 19:30:39 [multiproc_executor.py:1007]                             ^^^^^^^^^^^^^^^^^^^^^^^^^^^^^^^^^
(Worker_DP0_TP1_EP1 pid=338280) ERROR 07-27 19:30:39 [multiproc_executor.py:1007]   File "/home/l00838859/cann/my-project/vllm-ascend/vllm_ascend/worker/model_runner_v1.py", line 5101, in capture_model
(Worker_DP0_TP1_EP1 pid=338280) ERROR 07-27 19:30:39 [multiproc_executor.py:1007]     with _torch_cuda_wrapper(), _replace_gpu_model_runner_function_wrapper(parent_module_name):
(Worker_DP0_TP1_EP1 pid=338280) ERROR 07-27 19:30:39 [multiproc_executor.py:1007]   File "/usr/local/lib/python3.11/contextlib.py", line 158, in __exit__
(Worker_DP0_TP1_EP1 pid=338280) ERROR 07-27 19:30:39 [multiproc_executor.py:1007]     self.gen.throw(typ, value, traceback)
(Worker_DP0_TP1_EP1 pid=338280) ERROR 07-27 19:30:39 [multiproc_executor.py:1007]   File "/home/l00838859/cann/my-project/vllm-ascend/vllm_ascend/worker/model_runner_v1.py", line 5208, in _torch_cuda_wrapper
(Worker_DP0_TP1_EP1 pid=338280) ERROR 07-27 19:30:39 [multiproc_executor.py:1007]     raise RuntimeError(f"NPUModelRunner init failed, error is {e}")
(Worker_DP0_TP1_EP1 pid=338280) ERROR 07-27 19:30:39 [multiproc_executor.py:1007] RuntimeError: NPUModelRunner init failed, error is NPUModelRunner failed, error is copy_between_host_and_device_opapi:../torch_npu/csrc/aten/ops/op_api/CopyKernelOpApi.cpp:55 NPU function error: aclrtMemcpy, error code is 107030
(Worker_DP0_TP1_EP1 pid=338280) ERROR 07-27 19:30:39 [multiproc_executor.py:1007] [ERROR] 2026-07-27-19:30:38 (PID:338280, Device:1, RankID:-1) ERR00100 PTA call acl api failed.
(Worker_DP0_TP1_EP1 pid=338280) ERROR 07-27 19:30:39 [multiproc_executor.py:1007] [PID: 338280] 2026-07-27-19:30:23.755.993 Communication_Error_Bind_IP_Port(EI0019): Failed to enable listening for the host network adapter socket. Reason: The IP address 10.10.1.44 and port 65536 have already been bound.
(Worker_DP0_TP1_EP1 pid=338280) ERROR 07-27 19:30:39 [multiproc_executor.py:1007]         Solution: 1. Check whether this port has been occupied by another process. If yes, you can make adjustment using the environment variable HCCL_IF_BASE_PORT and use sysctl -w net.ipv4.ip_local_reserved_ports=****-**** to adjust the scope of reserved ports. 2. Check whether the service process is started multiple times on a device during this service.
(Worker_DP0_TP1_EP1 pid=338280) ERROR 07-27 19:30:39 [multiproc_executor.py:1007]         TraceBack (most recent call last):
(Worker_DP0_TP1_EP1 pid=338280) ERROR 07-27 19:30:39 [multiproc_executor.py:1007]         Not allow to synchronize captured-stream, stream_id=2028.[FUNC:StreamSynchronize][FILE:api_error.cc][LINE:1016]
(Worker_DP0_TP1_EP1 pid=338280) ERROR 07-27 19:30:39 [multiproc_executor.py:1007]         rtStreamSynchronize execution failed, reason=stream is captured[FUNC:FuncErrorReason][FILE:error_message_manage.cc][LINE:65]
(Worker_DP0_TP1_EP1 pid=338280) ERROR 07-27 19:30:39 [multiproc_executor.py:1007]         synchronize stream failed, runtime result = 107027[FUNC:ReportCallError][FILE:log_inner.cpp][LINE:148]
(Worker_DP0_TP1_EP1 pid=338280) ERROR 07-27 19:30:39 [multiproc_executor.py:1007]         rtMemcpy execution failed, reason=the current capture mode does not support this operation[FUNC:FuncErrorReason][FILE:error_message_manage.cc][LINE:65]
(Worker_DP0_TP1_EP1 pid=338280) ERROR 07-27 19:30:39 [multiproc_executor.py:1007]         synchronized memcpy failed, kind = 1, runtime result = 107030[FUNC:ReportCallError][FILE:log_inner.cpp][LINE:148]
(Worker_DP0_TP1_EP1 pid=338280) ERROR 07-27 19:30:39 [multiproc_executor.py:1007] 
(Worker_DP0_TP1_EP1 pid=338280) ERROR 07-27 19:30:39 [multiproc_executor.py:1007] Traceback (most recent call last):
(Worker_DP0_TP1_EP1 pid=338280) ERROR 07-27 19:30:39 [multiproc_executor.py:1007]   File "/home/l00838859/cann/my-project/vllm-ascend/vllm_ascend/worker/model_runner_v1.py", line 5242, in _replace_gpu_model_runner_function_wrapper
(Worker_DP0_TP1_EP1 pid=338280) ERROR 07-27 19:30:39 [multiproc_executor.py:1007]     yield
(Worker_DP0_TP1_EP1 pid=338280) ERROR 07-27 19:30:39 [multiproc_executor.py:1007]   File "/home/l00838859/cann/my-project/vllm-ascend/vllm_ascend/worker/model_runner_v1.py", line 5102, in capture_model
(Worker_DP0_TP1_EP1 pid=338280) ERROR 07-27 19:30:39 [multiproc_executor.py:1007]     cuda_graph_size = GPUModelRunner.capture_model(self)
(Worker_DP0_TP1_EP1 pid=338280) ERROR 07-27 19:30:39 [multiproc_executor.py:1007]                       ^^^^^^^^^^^^^^^^^^^^^^^^^^^^^^^^^^
(Worker_DP0_TP1_EP1 pid=338280) ERROR 07-27 19:30:39 [multiproc_executor.py:1007]   File "/home/l00838859/cann/my-project/vllm/vllm/tracing/otel.py", line 178, in sync_wrapper
(Worker_DP0_TP1_EP1 pid=338280) ERROR 07-27 19:30:39 [multiproc_executor.py:1007]     return func(*args, **kwargs)
(Worker_DP0_TP1_EP1 pid=338280) ERROR 07-27 19:30:39 [multiproc_executor.py:1007]            ^^^^^^^^^^^^^^^^^^^^^
(Worker_DP0_TP1_EP1 pid=338280) ERROR 07-27 19:30:39 [multiproc_executor.py:1007]   File "/home/l00838859/cann/my-project/vllm/vllm/v1/worker/gpu_model_runner.py", line 6712, in capture_model
(Worker_DP0_TP1_EP1 pid=338280) ERROR 07-27 19:30:39 [multiproc_executor.py:1007]     self._capture_cudagraphs(
(Worker_DP0_TP1_EP1 pid=338280) ERROR 07-27 19:30:39 [multiproc_executor.py:1007]   File "/home/l00838859/cann/my-project/vllm/vllm/v1/worker/gpu_model_runner.py", line 6828, in _capture_cudagraphs
(Worker_DP0_TP1_EP1 pid=338280) ERROR 07-27 19:30:39 [multiproc_executor.py:1007]     self._warmup_and_capture(
(Worker_DP0_TP1_EP1 pid=338280) ERROR 07-27 19:30:39 [multiproc_executor.py:1007]   File "/home/l00838859/cann/my-project/vllm/vllm/v1/worker/gpu_model_runner.py", line 6774, in _warmup_and_capture
(Worker_DP0_TP1_EP1 pid=338280) ERROR 07-27 19:30:39 [multiproc_executor.py:1007]     self._dummy_run(
(Worker_DP0_TP1_EP1 pid=338280) ERROR 07-27 19:30:39 [multiproc_executor.py:1007]   File "/usr/local/lib/python3.11/site-packages/torch/utils/_contextlib.py", line 124, in decorate_context
(Worker_DP0_TP1_EP1 pid=338280) ERROR 07-27 19:30:39 [multiproc_executor.py:1007]     return func(*args, **kwargs)
(Worker_DP0_TP1_EP1 pid=338280) ERROR 07-27 19:30:39 [multiproc_executor.py:1007]            ^^^^^^^^^^^^^^^^^^^^^
(Worker_DP0_TP1_EP1 pid=338280) ERROR 07-27 19:30:39 [multiproc_executor.py:1007]   File "/home/l00838859/cann/my-project/vllm-ascend/vllm_ascend/worker/model_runner_v1.py", line 3712, in _dummy_run
(Worker_DP0_TP1_EP1 pid=338280) ERROR 07-27 19:30:39 [multiproc_executor.py:1007]     self.drafter.dummy_run(
(Worker_DP0_TP1_EP1 pid=338280) ERROR 07-27 19:30:39 [multiproc_executor.py:1007]   File "/usr/local/lib/python3.11/site-packages/torch/utils/_contextlib.py", line 124, in decorate_context
(Worker_DP0_TP1_EP1 pid=338280) ERROR 07-27 19:30:39 [multiproc_executor.py:1007]     return func(*args, **kwargs)
(Worker_DP0_TP1_EP1 pid=338280) ERROR 07-27 19:30:39 [multiproc_executor.py:1007]            ^^^^^^^^^^^^^^^^^^^^^
(Worker_DP0_TP1_EP1 pid=338280) ERROR 07-27 19:30:39 [multiproc_executor.py:1007]   File "/home/l00838859/cann/my-project/vllm-ascend/vllm_ascend/spec_decode/llm_base_proposer.py", line 727, in dummy_run
(Worker_DP0_TP1_EP1 pid=338280) ERROR 07-27 19:30:39 [multiproc_executor.py:1007]     self._runnable(
(Worker_DP0_TP1_EP1 pid=338280) ERROR 07-27 19:30:39 [multiproc_executor.py:1007]   File "/home/l00838859/cann/my-project/vllm-ascend/vllm_ascend/compilation/acl_graph.py", line 205, in __call__
(Worker_DP0_TP1_EP1 pid=338280) ERROR 07-27 19:30:39 [multiproc_executor.py:1007]     output = self.runnable(*args, **kwargs)
(Worker_DP0_TP1_EP1 pid=338280) ERROR 07-27 19:30:39 [multiproc_executor.py:1007]              ^^^^^^^^^^^^^^^^^^^^^^^^^^^^^^
(Worker_DP0_TP1_EP1 pid=338280) ERROR 07-27 19:30:39 [multiproc_executor.py:1007]   File "/home/l00838859/cann/my-project/vllm-ascend/vllm_ascend/spec_decode/llm_base_proposer.py", line 1209, in _run_merged_draft
(Worker_DP0_TP1_EP1 pid=338280) ERROR 07-27 19:30:39 [multiproc_executor.py:1007]     else dummy_compute_logits(sample_hidden_states)
(Worker_DP0_TP1_EP1 pid=338280) ERROR 07-27 19:30:39 [multiproc_executor.py:1007]          ^^^^^^^^^^^^^^^^^^^^^^^^^^^^^^^^^^^^^^^^^^
(Worker_DP0_TP1_EP1 pid=338280) ERROR 07-27 19:30:39 [multiproc_executor.py:1007]   File "/home/l00838859/cann/my-project/vllm-ascend/vllm_ascend/worker/model_runner_v1.py", line 3685, in dummy_drafter_compute_logits
(Worker_DP0_TP1_EP1 pid=338280) ERROR 07-27 19:30:39 [multiproc_executor.py:1007]     hidden_states = hidden_states[dummy_indices]
(Worker_DP0_TP1_EP1 pid=338280) ERROR 07-27 19:30:39 [multiproc_executor.py:1007]                     ~~~~~~~~~~~~~^^^^^^^^^^^^^^^
(Worker_DP0_TP1_EP1 pid=338280) ERROR 07-27 19:30:39 [multiproc_executor.py:1007] RuntimeError: copy_between_host_and_device_opapi:../torch_npu/csrc/aten/ops/op_api/CopyKernelOpApi.cpp:55 NPU function error: aclrtMemcpy, error code is 107030
(Worker_DP0_TP1_EP1 pid=338280) ERROR 07-27 19:30:39 [multiproc_executor.py:1007] [ERROR] 2026-07-27-19:30:38 (PID:338280, Device:1, RankID:-1) ERR00100 PTA call acl api failed.
(Worker_DP0_TP1_EP1 pid=338280) ERROR 07-27 19:30:39 [multiproc_executor.py:1007] [PID: 338280] 2026-07-27-19:30:23.755.993 Communication_Error_Bind_IP_Port(EI0019): Failed to enable listening for the host network adapter socket. Reason: The IP address 10.10.1.44 and port 65536 have already been bound.
(Worker_DP0_TP1_EP1 pid=338280) ERROR 07-27 19:30:39 [multiproc_executor.py:1007]         Solution: 1. Check whether this port has been occupied by another process. If yes, you can make adjustment using the environment variable HCCL_IF_BASE_PORT and use sysctl -w net.ipv4.ip_local_reserved_ports=****-**** to adjust the scope of reserved ports. 2. Check whether the service process is started multiple times on a device during this service.
(Worker_DP0_TP1_EP1 pid=338280) ERROR 07-27 19:30:39 [multiproc_executor.py:1007]         TraceBack (most recent call last):
(Worker_DP0_TP1_EP1 pid=338280) ERROR 07-27 19:30:39 [multiproc_executor.py:1007]         Not allow to synchronize captured-stream, stream_id=2028.[FUNC:StreamSynchronize][FILE:api_error.cc][LINE:1016]
(Worker_DP0_TP1_EP1 pid=338280) ERROR 07-27 19:30:39 [multiproc_executor.py:1007]         rtStreamSynchronize execution failed, reason=stream is captured[FUNC:FuncErrorReason][FILE:error_message_manage.cc][LINE:65]
(Worker_DP0_TP1_EP1 pid=338280) ERROR 07-27 19:30:39 [multiproc_executor.py:1007]         synchronize stream failed, runtime result = 107027[FUNC:ReportCallError][FILE:log_inner.cpp][LINE:148]
(Worker_DP0_TP1_EP1 pid=338280) ERROR 07-27 19:30:39 [multiproc_executor.py:1007]         rtMemcpy execution failed, reason=the current capture mode does not support this operation[FUNC:FuncErrorReason][FILE:error_message_manage.cc][LINE:65]
(Worker_DP0_TP1_EP1 pid=338280) ERROR 07-27 19:30:39 [multiproc_executor.py:1007]         synchronized memcpy failed, kind = 1, runtime result = 107030[FUNC:ReportCallError][FILE:log_inner.cpp][LINE:148]
(Worker_DP0_TP1_EP1 pid=338280) ERROR 07-27 19:30:39 [multiproc_executor.py:1007] 
(Worker_DP0_TP1_EP1 pid=338280) ERROR 07-27 19:30:39 [multiproc_executor.py:1007] 
(Worker_DP0_TP1_EP1 pid=338280) ERROR 07-27 19:30:39 [multiproc_executor.py:1007] During handling of the above exception, another exception occurred:
(Worker_DP0_TP1_EP1 pid=338280) ERROR 07-27 19:30:39 [multiproc_executor.py:1007] 
(Worker_DP0_TP1_EP1 pid=338280) ERROR 07-27 19:30:39 [multiproc_executor.py:1007] Traceback (most recent call last):
(Worker_DP0_TP1_EP1 pid=338280) ERROR 07-27 19:30:39 [multiproc_executor.py:1007]   File "/home/l00838859/cann/my-project/vllm-ascend/vllm_ascend/worker/model_runner_v1.py", line 5198, in _torch_cuda_wrapper
(Worker_DP0_TP1_EP1 pid=338280) ERROR 07-27 19:30:39 [multiproc_executor.py:1007]     yield
(Worker_DP0_TP1_EP1 pid=338280) ERROR 07-27 19:30:39 [multiproc_executor.py:1007]   File "/home/l00838859/cann/my-project/vllm-ascend/vllm_ascend/worker/model_runner_v1.py", line 5101, in capture_model
(Worker_DP0_TP1_EP1 pid=338280) ERROR 07-27 19:30:39 [multiproc_executor.py:1007]     with _torch_cuda_wrapper(), _replace_gpu_model_runner_function_wrapper(parent_module_name):
(Worker_DP0_TP1_EP1 pid=338280) ERROR 07-27 19:30:39 [multiproc_executor.py:1007]   File "/usr/local/lib/python3.11/contextlib.py", line 158, in __exit__
(Worker_DP0_TP1_EP1 pid=338280) ERROR 07-27 19:30:39 [multiproc_executor.py:1007]     self.gen.throw(typ, value, traceback)
(Worker_DP0_TP1_EP1 pid=338280) ERROR 07-27 19:30:39 [multiproc_executor.py:1007]   File "/home/l00838859/cann/my-project/vllm-ascend/vllm_ascend/worker/model_runner_v1.py", line 5244, in _replace_gpu_model_runner_function_wrapper
(Worker_DP0_TP1_EP1 pid=338280) ERROR 07-27 19:30:39 [multiproc_executor.py:1007]     raise RuntimeError(f"NPUModelRunner failed, error is {e}")
(Worker_DP0_TP1_EP1 pid=338280) ERROR 07-27 19:30:39 [multiproc_executor.py:1007] RuntimeError: NPUModelRunner failed, error is copy_between_host_and_device_opapi:../torch_npu/csrc/aten/ops/op_api/CopyKernelOpApi.cpp:55 NPU function error: aclrtMemcpy, error code is 107030
(Worker_DP0_TP1_EP1 pid=338280) ERROR 07-27 19:30:39 [multiproc_executor.py:1007] [ERROR] 2026-07-27-19:30:38 (PID:338280, Device:1, RankID:-1) ERR00100 PTA call acl api failed.
(Worker_DP0_TP1_EP1 pid=338280) ERROR 07-27 19:30:39 [multiproc_executor.py:1007] [PID: 338280] 2026-07-27-19:30:23.755.993 Communication_Error_Bind_IP_Port(EI0019): Failed to enable listening for the host network adapter socket. Reason: The IP address 10.10.1.44 and port 65536 have already been bound.
(Worker_DP0_TP1_EP1 pid=338280) ERROR 07-27 19:30:39 [multiproc_executor.py:1007]         Solution: 1. Check whether this port has been occupied by another process. If yes, you can make adjustment using the environment variable HCCL_IF_BASE_PORT and use sysctl -w net.ipv4.ip_local_reserved_ports=****-**** to adjust the scope of reserved ports. 2. Check whether the service process is started multiple times on a device during this service.
(Worker_DP0_TP1_EP1 pid=338280) ERROR 07-27 19:30:39 [multiproc_executor.py:1007]         TraceBack (most recent call last):
(Worker_DP0_TP1_EP1 pid=338280) ERROR 07-27 19:30:39 [multiproc_executor.py:1007]         Not allow to synchronize captured-stream, stream_id=2028.[FUNC:StreamSynchronize][FILE:api_error.cc][LINE:1016]
(Worker_DP0_TP1_EP1 pid=338280) ERROR 07-27 19:30:39 [multiproc_executor.py:1007]         rtStreamSynchronize execution failed, reason=stream is captured[FUNC:FuncErrorReason][FILE:error_message_manage.cc][LINE:65]
(Worker_DP0_TP1_EP1 pid=338280) ERROR 07-27 19:30:39 [multiproc_executor.py:1007]         synchronize stream failed, runtime result = 107027[FUNC:ReportCallError][FILE:log_inner.cpp][LINE:148]
(Worker_DP0_TP1_EP1 pid=338280) ERROR 07-27 19:30:39 [multiproc_executor.py:1007]         rtMemcpy execution failed, reason=the current capture mode does not support this operation[FUNC:FuncErrorReason][FILE:error_message_manage.cc][LINE:65]
(Worker_DP0_TP1_EP1 pid=338280) ERROR 07-27 19:30:39 [multiproc_executor.py:1007]         synchronized memcpy failed, kind = 1, runtime result = 107030[FUNC:ReportCallError][FILE:log_inner.cpp][LINE:148]
(Worker_DP0_TP1_EP1 pid=338280) ERROR 07-27 19:30:39 [multiproc_executor.py:1007] 
(Worker_DP0_TP1_EP1 pid=338280) ERROR 07-27 19:30:39 [multiproc_executor.py:1007] 
(Worker_DP0_TP1_EP1 pid=338280) ERROR 07-27 19:30:39 [multiproc_executor.py:1007] During handling of the above exception, another exception occurred:
(Worker_DP0_TP1_EP1 pid=338280) ERROR 07-27 19:30:39 [multiproc_executor.py:1007] 
(Worker_DP0_TP1_EP1 pid=338280) ERROR 07-27 19:30:39 [multiproc_executor.py:1007] Traceback (most recent call last):
(Worker_DP0_TP1_EP1 pid=338280) ERROR 07-27 19:30:39 [multiproc_executor.py:1007]   File "/home/l00838859/cann/my-project/vllm/vllm/v1/executor/multiproc_executor.py", line 999, in worker_busy_loop
(Worker_DP0_TP1_EP1 pid=338280) ERROR 07-27 19:30:39 [multiproc_executor.py:1007]     output = func(*args, **kwargs)
(Worker_DP0_TP1_EP1 pid=338280) ERROR 07-27 19:30:39 [multiproc_executor.py:1007]              ^^^^^^^^^^^^^^^^^^^^^
(Worker_DP0_TP1_EP1 pid=338280) ERROR 07-27 19:30:39 [multiproc_executor.py:1007]   File "/home/l00838859/cann/my-project/vllm-ascend/vllm_ascend/worker/worker.py", line 770, in compile_or_warm_up_model
(Worker_DP0_TP1_EP1 pid=338280) ERROR 07-27 19:30:39 [multiproc_executor.py:1007]     npugraph_memory_bytes = self.model_runner.capture_model()
(Worker_DP0_TP1_EP1 pid=338280) ERROR 07-27 19:30:39 [multiproc_executor.py:1007]                             ^^^^^^^^^^^^^^^^^^^^^^^^^^^^^^^^^
(Worker_DP0_TP1_EP1 pid=338280) ERROR 07-27 19:30:39 [multiproc_executor.py:1007]   File "/home/l00838859/cann/my-project/vllm-ascend/vllm_ascend/worker/model_runner_v1.py", line 5101, in capture_model
(Worker_DP0_TP1_EP1 pid=338280) ERROR 07-27 19:30:39 [multiproc_executor.py:1007]     with _torch_cuda_wrapper(), _replace_gpu_model_runner_function_wrapper(parent_module_name):
(Worker_DP0_TP1_EP1 pid=338280) ERROR 07-27 19:30:39 [multiproc_executor.py:1007]   File "/usr/local/lib/python3.11/contextlib.py", line 158, in __exit__
(Worker_DP0_TP1_EP1 pid=338280) ERROR 07-27 19:30:39 [multiproc_executor.py:1007]     self.gen.throw(typ, value, traceback)
(Worker_DP0_TP1_EP1 pid=338280) ERROR 07-27 19:30:39 [multiproc_executor.py:1007]   File "/home/l00838859/cann/my-project/vllm-ascend/vllm_ascend/worker/model_runner_v1.py", line 5208, in _torch_cuda_wrapper
(Worker_DP0_TP1_EP1 pid=338280) ERROR 07-27 19:30:39 [multiproc_executor.py:1007]     raise RuntimeError(f"NPUModelRunner init failed, error is {e}")
(Worker_DP0_TP1_EP1 pid=338280) ERROR 07-27 19:30:39 [multiproc_executor.py:1007] RuntimeError: NPUModelRunner init failed, error is NPUModelRunner failed, error is copy_between_host_and_device_opapi:../torch_npu/csrc/aten/ops/op_api/CopyKernelOpApi.cpp:55 NPU function error: aclrtMemcpy, error code is 107030
(Worker_DP0_TP1_EP1 pid=338280) ERROR 07-27 19:30:39 [multiproc_executor.py:1007] [ERROR] 2026-07-27-19:30:38 (PID:338280, Device:1, RankID:-1) ERR00100 PTA call acl api failed.
(Worker_DP0_TP1_EP1 pid=338280) ERROR 07-27 19:30:39 [multiproc_executor.py:1007] [PID: 338280] 2026-07-27-19:30:23.755.993 Communication_Error_Bind_IP_Port(EI0019): Failed to enable listening for the host network adapter socket. Reason: The IP address 10.10.1.44 and port 65536 have already been bound.
(Worker_DP0_TP1_EP1 pid=338280) ERROR 07-27 19:30:39 [multiproc_executor.py:1007]         Solution: 1. Check whether this port has been occupied by another process. If yes, you can make adjustment using the environment variable HCCL_IF_BASE_PORT and use sysctl -w net.ipv4.ip_local_reserved_ports=****-**** to adjust the scope of reserved ports. 2. Check whether the service process is started multiple times on a device during this service.
(Worker_DP0_TP1_EP1 pid=338280) ERROR 07-27 19:30:39 [multiproc_executor.py:1007]         TraceBack (most recent call last):
(Worker_DP0_TP1_EP1 pid=338280) ERROR 07-27 19:30:39 [multiproc_executor.py:1007]         Not allow to synchronize captured-stream, stream_id=2028.[FUNC:StreamSynchronize][FILE:api_error.cc][LINE:1016]
(Worker_DP0_TP1_EP1 pid=338280) ERROR 07-27 19:30:39 [multiproc_executor.py:1007]         rtStreamSynchronize execution failed, reason=stream is captured[FUNC:FuncErrorReason][FILE:error_message_manage.cc][LINE:65]
(Worker_DP0_TP1_EP1 pid=338280) ERROR 07-27 19:30:39 [multiproc_executor.py:1007]         synchronize stream failed, runtime result = 107027[FUNC:ReportCallError][FILE:log_inner.cpp][LINE:148]
(Worker_DP0_TP1_EP1 pid=338280) ERROR 07-27 19:30:39 [multiproc_executor.py:1007]         rtMemcpy execution failed, reason=the current capture mode does not support this operation[FUNC:FuncErrorReason][FILE:error_message_manage.cc][LINE:65]
(Worker_DP0_TP1_EP1 pid=338280) ERROR 07-27 19:30:39 [multiproc_executor.py:1007]         synchronized memcpy failed, kind = 1, runtime result = 107030[FUNC:ReportCallError][FILE:log_inner.cpp][LINE:148]
(Worker_DP0_TP1_EP1 pid=338280) ERROR 07-27 19:30:39 [multiproc_executor.py:1007] 
(Worker_DP0_TP1_EP1 pid=338280) ERROR 07-27 19:30:39 [multiproc_executor.py:1007] 
(Worker_DP7_TP0_EP14 pid=337902) ERROR 07-27 19:30:39 [multiproc_executor.py:1007] WorkerProc hit an exception.
(Worker_DP7_TP0_EP14 pid=337902) ERROR 07-27 19:30:39 [multiproc_executor.py:1007] Traceback (most recent call last):
(Worker_DP7_TP0_EP14 pid=337902) ERROR 07-27 19:30:39 [multiproc_executor.py:1007]   File "/home/l00838859/cann/my-project/vllm-ascend/vllm_ascend/worker/model_runner_v1.py", line 5242, in _replace_gpu_model_runner_function_wrapper
(Worker_DP7_TP0_EP14 pid=337902) ERROR 07-27 19:30:39 [multiproc_executor.py:1007]     yield
(Worker_DP7_TP0_EP14 pid=337902) ERROR 07-27 19:30:39 [multiproc_executor.py:1007]   File "/home/l00838859/cann/my-project/vllm-ascend/vllm_ascend/worker/model_runner_v1.py", line 5102, in capture_model
(Worker_DP7_TP0_EP14 pid=337902) ERROR 07-27 19:30:39 [multiproc_executor.py:1007]     cuda_graph_size = GPUModelRunner.capture_model(self)
(Worker_DP7_TP0_EP14 pid=337902) ERROR 07-27 19:30:39 [multiproc_executor.py:1007]                       ^^^^^^^^^^^^^^^^^^^^^^^^^^^^^^^^^^
(Worker_DP7_TP0_EP14 pid=337902) ERROR 07-27 19:30:39 [multiproc_executor.py:1007]   File "/home/l00838859/cann/my-project/vllm/vllm/tracing/otel.py", line 178, in sync_wrapper
(Worker_DP7_TP0_EP14 pid=337902) ERROR 07-27 19:30:39 [multiproc_executor.py:1007]     return func(*args, **kwargs)
(Worker_DP7_TP0_EP14 pid=337902) ERROR 07-27 19:30:39 [multiproc_executor.py:1007]            ^^^^^^^^^^^^^^^^^^^^^
(Worker_DP7_TP0_EP14 pid=337902) ERROR 07-27 19:30:39 [multiproc_executor.py:1007]   File "/home/l00838859/cann/my-project/vllm/vllm/v1/worker/gpu_model_runner.py", line 6712, in capture_model
(Worker_DP7_TP0_EP14 pid=337902) ERROR 07-27 19:30:39 [multiproc_executor.py:1007]     self._capture_cudagraphs(
(Worker_DP7_TP0_EP14 pid=337902) ERROR 07-27 19:30:39 [multiproc_executor.py:1007]   File "/home/l00838859/cann/my-project/vllm/vllm/v1/worker/gpu_model_runner.py", line 6828, in _capture_cudagraphs
(Worker_DP7_TP0_EP14 pid=337902) ERROR 07-27 19:30:39 [multiproc_executor.py:1007]     self._warmup_and_capture(
(Worker_DP7_TP0_EP14 pid=337902) ERROR 07-27 19:30:39 [multiproc_executor.py:1007]   File "/home/l00838859/cann/my-project/vllm/vllm/v1/worker/gpu_model_runner.py", line 6774, in _warmup_and_capture
(Worker_DP7_TP0_EP14 pid=337902) ERROR 07-27 19:30:39 [multiproc_executor.py:1007]     self._dummy_run(
(Worker_DP7_TP0_EP14 pid=337902) ERROR 07-27 19:30:39 [multiproc_executor.py:1007]   File "/usr/local/lib/python3.11/site-packages/torch/utils/_contextlib.py", line 124, in decorate_context
(Worker_DP7_TP0_EP14 pid=337902) ERROR 07-27 19:30:39 [multiproc_executor.py:1007]     return func(*args, **kwargs)
(Worker_DP7_TP0_EP14 pid=337902) ERROR 07-27 19:30:39 [multiproc_executor.py:1007]            ^^^^^^^^^^^^^^^^^^^^^
(Worker_DP7_TP0_EP14 pid=337902) ERROR 07-27 19:30:39 [multiproc_executor.py:1007]   File "/home/l00838859/cann/my-project/vllm-ascend/vllm_ascend/worker/model_runner_v1.py", line 3712, in _dummy_run
(Worker_DP7_TP0_EP14 pid=337902) ERROR 07-27 19:30:39 [multiproc_executor.py:1007]     self.drafter.dummy_run(
(Worker_DP7_TP0_EP14 pid=337902) ERROR 07-27 19:30:39 [multiproc_executor.py:1007]   File "/usr/local/lib/python3.11/site-packages/torch/utils/_contextlib.py", line 124, in decorate_context
(Worker_DP7_TP0_EP14 pid=337902) ERROR 07-27 19:30:39 [multiproc_executor.py:1007]     return func(*args, **kwargs)
(Worker_DP7_TP0_EP14 pid=337902) ERROR 07-27 19:30:39 [multiproc_executor.py:1007]            ^^^^^^^^^^^^^^^^^^^^^
(Worker_DP7_TP0_EP14 pid=337902) ERROR 07-27 19:30:39 [multiproc_executor.py:1007]   File "/home/l00838859/cann/my-project/vllm-ascend/vllm_ascend/spec_decode/llm_base_proposer.py", line 727, in dummy_run
(Worker_DP7_TP0_EP14 pid=337902) ERROR 07-27 19:30:39 [multiproc_executor.py:1007]     self._runnable(
(Worker_DP7_TP0_EP14 pid=337902) ERROR 07-27 19:30:39 [multiproc_executor.py:1007]   File "/home/l00838859/cann/my-project/vllm-ascend/vllm_ascend/compilation/acl_graph.py", line 205, in __call__
(Worker_DP7_TP0_EP14 pid=337902) ERROR 07-27 19:30:39 [multiproc_executor.py:1007]     output = self.runnable(*args, **kwargs)
(Worker_DP7_TP0_EP14 pid=337902) ERROR 07-27 19:30:39 [multiproc_executor.py:1007]              ^^^^^^^^^^^^^^^^^^^^^^^^^^^^^^
(Worker_DP7_TP0_EP14 pid=337902) ERROR 07-27 19:30:39 [multiproc_executor.py:1007]   File "/home/l00838859/cann/my-project/vllm-ascend/vllm_ascend/spec_decode/llm_base_proposer.py", line 1209, in _run_merged_draft
(Worker_DP7_TP0_EP14 pid=337902) ERROR 07-27 19:30:39 [multiproc_executor.py:1007]     else dummy_compute_logits(sample_hidden_states)
(Worker_DP7_TP0_EP14 pid=337902) ERROR 07-27 19:30:39 [multiproc_executor.py:1007]          ^^^^^^^^^^^^^^^^^^^^^^^^^^^^^^^^^^^^^^^^^^
(Worker_DP7_TP0_EP14 pid=337902) ERROR 07-27 19:30:39 [multiproc_executor.py:1007]   File "/home/l00838859/cann/my-project/vllm-ascend/vllm_ascend/worker/model_runner_v1.py", line 3685, in dummy_drafter_compute_logits
(Worker_DP7_TP0_EP14 pid=337902) ERROR 07-27 19:30:39 [multiproc_executor.py:1007]     hidden_states = hidden_states[dummy_indices]
(Worker_DP7_TP0_EP14 pid=337902) ERROR 07-27 19:30:39 [multiproc_executor.py:1007]                     ~~~~~~~~~~~~~^^^^^^^^^^^^^^^
(Worker_DP7_TP0_EP14 pid=337902) ERROR 07-27 19:30:39 [multiproc_executor.py:1007] RuntimeError: copy_between_host_and_device_opapi:../torch_npu/csrc/aten/ops/op_api/CopyKernelOpApi.cpp:55 NPU function error: aclrtMemcpy, error code is 107030
(Worker_DP7_TP0_EP14 pid=337902) ERROR 07-27 19:30:39 [multiproc_executor.py:1007] [ERROR] 2026-07-27-19:30:38 (PID:337902, Device:14, RankID:-1) ERR00100 PTA call acl api failed.
(Worker_DP7_TP0_EP14 pid=337902) ERROR 07-27 19:30:39 [multiproc_executor.py:1007] EE9999: Inner Error!
(Worker_DP7_TP0_EP14 pid=337902) ERROR 07-27 19:30:39 [multiproc_executor.py:1007] EE9999[PID: 337902] 2026-07-27-19:30:38.529.126 (EE9999):  Not allow to synchronize captured-stream, stream_id=32.[FUNC:StreamSynchronize][FILE:api_error.cc][LINE:1016]
(Worker_DP7_TP0_EP14 pid=337902) ERROR 07-27 19:30:39 [multiproc_executor.py:1007]         TraceBack (most recent call last):
(Worker_DP7_TP0_EP14 pid=337902) ERROR 07-27 19:30:39 [multiproc_executor.py:1007]        rtStreamSynchronize execution failed, reason=stream is captured[FUNC:FuncErrorReason][FILE:error_message_manage.cc][LINE:65]
(Worker_DP7_TP0_EP14 pid=337902) ERROR 07-27 19:30:39 [multiproc_executor.py:1007]        synchronize stream failed, runtime result = 107027[FUNC:ReportCallError][FILE:log_inner.cpp][LINE:148]
(Worker_DP7_TP0_EP14 pid=337902) ERROR 07-27 19:30:39 [multiproc_executor.py:1007]        rtMemcpy execution failed, reason=the current capture mode does not support this operation[FUNC:FuncErrorReason][FILE:error_message_manage.cc][LINE:65]
(Worker_DP7_TP0_EP14 pid=337902) ERROR 07-27 19:30:39 [multiproc_executor.py:1007]        synchronized memcpy failed, kind = 1, runtime result = 107030[FUNC:ReportCallError][FILE:log_inner.cpp][LINE:148]
(Worker_DP7_TP0_EP14 pid=337902) ERROR 07-27 19:30:39 [multiproc_executor.py:1007] 
(Worker_DP7_TP0_EP14 pid=337902) ERROR 07-27 19:30:39 [multiproc_executor.py:1007] 
(Worker_DP7_TP0_EP14 pid=337902) ERROR 07-27 19:30:39 [multiproc_executor.py:1007] During handling of the above exception, another exception occurred:
(Worker_DP7_TP0_EP14 pid=337902) ERROR 07-27 19:30:39 [multiproc_executor.py:1007] 
(Worker_DP7_TP0_EP14 pid=337902) ERROR 07-27 19:30:39 [multiproc_executor.py:1007] Traceback (most recent call last):
(Worker_DP7_TP0_EP14 pid=337902) ERROR 07-27 19:30:39 [multiproc_executor.py:1007]   File "/home/l00838859/cann/my-project/vllm-ascend/vllm_ascend/worker/model_runner_v1.py", line 5198, in _torch_cuda_wrapper
(Worker_DP7_TP0_EP14 pid=337902) ERROR 07-27 19:30:39 [multiproc_executor.py:1007]     yield
(Worker_DP7_TP0_EP14 pid=337902) ERROR 07-27 19:30:39 [multiproc_executor.py:1007]   File "/home/l00838859/cann/my-project/vllm-ascend/vllm_ascend/worker/model_runner_v1.py", line 5101, in capture_model
(Worker_DP7_TP0_EP14 pid=337902) ERROR 07-27 19:30:39 [multiproc_executor.py:1007]     with _torch_cuda_wrapper(), _replace_gpu_model_runner_function_wrapper(parent_module_name):
(Worker_DP7_TP0_EP14 pid=337902) ERROR 07-27 19:30:39 [multiproc_executor.py:1007]   File "/usr/local/lib/python3.11/contextlib.py", line 158, in __exit__
(Worker_DP7_TP0_EP14 pid=337902) ERROR 07-27 19:30:39 [multiproc_executor.py:1007]     self.gen.throw(typ, value, traceback)
(Worker_DP7_TP0_EP14 pid=337902) ERROR 07-27 19:30:39 [multiproc_executor.py:1007]   File "/home/l00838859/cann/my-project/vllm-ascend/vllm_ascend/worker/model_runner_v1.py", line 5244, in _replace_gpu_model_runner_function_wrapper
(Worker_DP7_TP0_EP14 pid=337902) ERROR 07-27 19:30:39 [multiproc_executor.py:1007]     raise RuntimeError(f"NPUModelRunner failed, error is {e}")
(Worker_DP7_TP0_EP14 pid=337902) ERROR 07-27 19:30:39 [multiproc_executor.py:1007] RuntimeError: NPUModelRunner failed, error is copy_between_host_and_device_opapi:../torch_npu/csrc/aten/ops/op_api/CopyKernelOpApi.cpp:55 NPU function error: aclrtMemcpy, error code is 107030
(Worker_DP7_TP0_EP14 pid=337902) ERROR 07-27 19:30:39 [multiproc_executor.py:1007] [ERROR] 2026-07-27-19:30:38 (PID:337902, Device:14, RankID:-1) ERR00100 PTA call acl api failed.
(Worker_DP7_TP0_EP14 pid=337902) ERROR 07-27 19:30:39 [multiproc_executor.py:1007] EE9999: Inner Error!
(Worker_DP7_TP0_EP14 pid=337902) ERROR 07-27 19:30:39 [multiproc_executor.py:1007] EE9999[PID: 337902] 2026-07-27-19:30:38.529.126 (EE9999):  Not allow to synchronize captured-stream, stream_id=32.[FUNC:StreamSynchronize][FILE:api_error.cc][LINE:1016]
(Worker_DP7_TP0_EP14 pid=337902) ERROR 07-27 19:30:39 [multiproc_executor.py:1007]         TraceBack (most recent call last):
(Worker_DP7_TP0_EP14 pid=337902) ERROR 07-27 19:30:39 [multiproc_executor.py:1007]        rtStreamSynchronize execution failed, reason=stream is captured[FUNC:FuncErrorReason][FILE:error_message_manage.cc][LINE:65]
(Worker_DP7_TP0_EP14 pid=337902) ERROR 07-27 19:30:39 [multiproc_executor.py:1007]        synchronize stream failed, runtime result = 107027[FUNC:ReportCallError][FILE:log_inner.cpp][LINE:148]
(Worker_DP7_TP0_EP14 pid=337902) ERROR 07-27 19:30:39 [multiproc_executor.py:1007]        rtMemcpy execution failed, reason=the current capture mode does not support this operation[FUNC:FuncErrorReason][FILE:error_message_manage.cc][LINE:65]
(Worker_DP7_TP0_EP14 pid=337902) ERROR 07-27 19:30:39 [multiproc_executor.py:1007]        synchronized memcpy failed, kind = 1, runtime result = 107030[FUNC:ReportCallError][FILE:log_inner.cpp][LINE:148]
(Worker_DP7_TP0_EP14 pid=337902) ERROR 07-27 19:30:39 [multiproc_executor.py:1007] 
(Worker_DP7_TP0_EP14 pid=337902) ERROR 07-27 19:30:39 [multiproc_executor.py:1007] 
(Worker_DP7_TP0_EP14 pid=337902) ERROR 07-27 19:30:39 [multiproc_executor.py:1007] During handling of the above exception, another exception occurred:
(Worker_DP7_TP0_EP14 pid=337902) ERROR 07-27 19:30:39 [multiproc_executor.py:1007] 
(Worker_DP7_TP0_EP14 pid=337902) ERROR 07-27 19:30:39 [multiproc_executor.py:1007] Traceback (most recent call last):
(Worker_DP7_TP0_EP14 pid=337902) ERROR 07-27 19:30:39 [multiproc_executor.py:1007]   File "/home/l00838859/cann/my-project/vllm/vllm/v1/executor/multiproc_executor.py", line 999, in worker_busy_loop
(Worker_DP7_TP0_EP14 pid=337902) ERROR 07-27 19:30:39 [multiproc_executor.py:1007]     output = func(*args, **kwargs)
(Worker_DP7_TP0_EP14 pid=337902) ERROR 07-27 19:30:39 [multiproc_executor.py:1007]              ^^^^^^^^^^^^^^^^^^^^^
(Worker_DP7_TP0_EP14 pid=337902) ERROR 07-27 19:30:39 [multiproc_executor.py:1007]   File "/home/l00838859/cann/my-project/vllm-ascend/vllm_ascend/worker/worker.py", line 770, in compile_or_warm_up_model
(Worker_DP7_TP0_EP14 pid=337902) ERROR 07-27 19:30:39 [multiproc_executor.py:1007]     npugraph_memory_bytes = self.model_runner.capture_model()
(Worker_DP7_TP0_EP14 pid=337902) ERROR 07-27 19:30:39 [multiproc_executor.py:1007]                             ^^^^^^^^^^^^^^^^^^^^^^^^^^^^^^^^^
(Worker_DP7_TP0_EP14 pid=337902) ERROR 07-27 19:30:39 [multiproc_executor.py:1007]   File "/home/l00838859/cann/my-project/vllm-ascend/vllm_ascend/worker/model_runner_v1.py", line 5101, in capture_model
(Worker_DP7_TP0_EP14 pid=337902) ERROR 07-27 19:30:39 [multiproc_executor.py:1007]     with _torch_cuda_wrapper(), _replace_gpu_model_runner_function_wrapper(parent_module_name):
(Worker_DP7_TP0_EP14 pid=337902) ERROR 07-27 19:30:39 [multiproc_executor.py:1007]   File "/usr/local/lib/python3.11/contextlib.py", line 158, in __exit__
(Worker_DP7_TP0_EP14 pid=337902) ERROR 07-27 19:30:39 [multiproc_executor.py:1007]     self.gen.throw(typ, value, traceback)
(Worker_DP7_TP0_EP14 pid=337902) ERROR 07-27 19:30:39 [multiproc_executor.py:1007]   File "/home/l00838859/cann/my-project/vllm-ascend/vllm_ascend/worker/model_runner_v1.py", line 5208, in _torch_cuda_wrapper
(Worker_DP7_TP0_EP14 pid=337902) ERROR 07-27 19:30:39 [multiproc_executor.py:1007]     raise RuntimeError(f"NPUModelRunner init failed, error is {e}")
(Worker_DP7_TP0_EP14 pid=337902) ERROR 07-27 19:30:39 [multiproc_executor.py:1007] RuntimeError: NPUModelRunner init failed, error is NPUModelRunner failed, error is copy_between_host_and_device_opapi:../torch_npu/csrc/aten/ops/op_api/CopyKernelOpApi.cpp:55 NPU function error: aclrtMemcpy, error code is 107030
(Worker_DP7_TP0_EP14 pid=337902) ERROR 07-27 19:30:39 [multiproc_executor.py:1007] [ERROR] 2026-07-27-19:30:38 (PID:337902, Device:14, RankID:-1) ERR00100 PTA call acl api failed.
(Worker_DP7_TP0_EP14 pid=337902) ERROR 07-27 19:30:39 [multiproc_executor.py:1007] EE9999: Inner Error!
(Worker_DP7_TP0_EP14 pid=337902) ERROR 07-27 19:30:39 [multiproc_executor.py:1007] EE9999[PID: 337902] 2026-07-27-19:30:38.529.126 (EE9999):  Not allow to synchronize captured-stream, stream_id=32.[FUNC:StreamSynchronize][FILE:api_error.cc][LINE:1016]
(Worker_DP7_TP0_EP14 pid=337902) ERROR 07-27 19:30:39 [multiproc_executor.py:1007]         TraceBack (most recent call last):
(Worker_DP7_TP0_EP14 pid=337902) ERROR 07-27 19:30:39 [multiproc_executor.py:1007]        rtStreamSynchronize execution failed, reason=stream is captured[FUNC:FuncErrorReason][FILE:error_message_manage.cc][LINE:65]
(Worker_DP7_TP0_EP14 pid=337902) ERROR 07-27 19:30:39 [multiproc_executor.py:1007]        synchronize stream failed, runtime result = 107027[FUNC:ReportCallError][FILE:log_inner.cpp][LINE:148]
(Worker_DP7_TP0_EP14 pid=337902) ERROR 07-27 19:30:39 [multiproc_executor.py:1007]        rtMemcpy execution failed, reason=the current capture mode does not support this operation[FUNC:FuncErrorReason][FILE:error_message_manage.cc][LINE:65]
(Worker_DP7_TP0_EP14 pid=337902) ERROR 07-27 19:30:39 [multiproc_executor.py:1007]        synchronized memcpy failed, kind = 1, runtime result = 107030[FUNC:ReportCallError][FILE:log_inner.cpp][LINE:148]
(Worker_DP7_TP0_EP14 pid=337902) ERROR 07-27 19:30:39 [multiproc_executor.py:1007] 
(Worker_DP7_TP0_EP14 pid=337902) ERROR 07-27 19:30:39 [multiproc_executor.py:1007] Traceback (most recent call last):
(Worker_DP7_TP0_EP14 pid=337902) ERROR 07-27 19:30:39 [multiproc_executor.py:1007]   File "/home/l00838859/cann/my-project/vllm-ascend/vllm_ascend/worker/model_runner_v1.py", line 5242, in _replace_gpu_model_runner_function_wrapper
(Worker_DP7_TP0_EP14 pid=337902) ERROR 07-27 19:30:39 [multiproc_executor.py:1007]     yield
(Worker_DP7_TP0_EP14 pid=337902) ERROR 07-27 19:30:39 [multiproc_executor.py:1007]   File "/home/l00838859/cann/my-project/vllm-ascend/vllm_ascend/worker/model_runner_v1.py", line 5102, in capture_model
(Worker_DP7_TP0_EP14 pid=337902) ERROR 07-27 19:30:39 [multiproc_executor.py:1007]     cuda_graph_size = GPUModelRunner.capture_model(self)
(Worker_DP7_TP0_EP14 pid=337902) ERROR 07-27 19:30:39 [multiproc_executor.py:1007]                       ^^^^^^^^^^^^^^^^^^^^^^^^^^^^^^^^^^
(Worker_DP7_TP0_EP14 pid=337902) ERROR 07-27 19:30:39 [multiproc_executor.py:1007]   File "/home/l00838859/cann/my-project/vllm/vllm/tracing/otel.py", line 178, in sync_wrapper
(Worker_DP7_TP0_EP14 pid=337902) ERROR 07-27 19:30:39 [multiproc_executor.py:1007]     return func(*args, **kwargs)
(Worker_DP7_TP0_EP14 pid=337902) ERROR 07-27 19:30:39 [multiproc_executor.py:1007]            ^^^^^^^^^^^^^^^^^^^^^
(Worker_DP7_TP0_EP14 pid=337902) ERROR 07-27 19:30:39 [multiproc_executor.py:1007]   File "/home/l00838859/cann/my-project/vllm/vllm/v1/worker/gpu_model_runner.py", line 6712, in capture_model
(Worker_DP7_TP0_EP14 pid=337902) ERROR 07-27 19:30:39 [multiproc_executor.py:1007]     self._capture_cudagraphs(
(Worker_DP7_TP0_EP14 pid=337902) ERROR 07-27 19:30:39 [multiproc_executor.py:1007]   File "/home/l00838859/cann/my-project/vllm/vllm/v1/worker/gpu_model_runner.py", line 6828, in _capture_cudagraphs
(Worker_DP7_TP0_EP14 pid=337902) ERROR 07-27 19:30:39 [multiproc_executor.py:1007]     self._warmup_and_capture(
(Worker_DP7_TP0_EP14 pid=337902) ERROR 07-27 19:30:39 [multiproc_executor.py:1007]   File "/home/l00838859/cann/my-project/vllm/vllm/v1/worker/gpu_model_runner.py", line 6774, in _warmup_and_capture
(Worker_DP7_TP0_EP14 pid=337902) ERROR 07-27 19:30:39 [multiproc_executor.py:1007]     self._dummy_run(
(Worker_DP7_TP0_EP14 pid=337902) ERROR 07-27 19:30:39 [multiproc_executor.py:1007]   File "/usr/local/lib/python3.11/site-packages/torch/utils/_contextlib.py", line 124, in decorate_context
(Worker_DP7_TP0_EP14 pid=337902) ERROR 07-27 19:30:39 [multiproc_executor.py:1007]     return func(*args, **kwargs)
(Worker_DP7_TP0_EP14 pid=337902) ERROR 07-27 19:30:39 [multiproc_executor.py:1007]            ^^^^^^^^^^^^^^^^^^^^^
(Worker_DP7_TP0_EP14 pid=337902) ERROR 07-27 19:30:39 [multiproc_executor.py:1007]   File "/home/l00838859/cann/my-project/vllm-ascend/vllm_ascend/worker/model_runner_v1.py", line 3712, in _dummy_run
(Worker_DP7_TP0_EP14 pid=337902) ERROR 07-27 19:30:39 [multiproc_executor.py:1007]     self.drafter.dummy_run(
(Worker_DP7_TP0_EP14 pid=337902) ERROR 07-27 19:30:39 [multiproc_executor.py:1007]   File "/usr/local/lib/python3.11/site-packages/torch/utils/_contextlib.py", line 124, in decorate_context
(Worker_DP7_TP0_EP14 pid=337902) ERROR 07-27 19:30:39 [multiproc_executor.py:1007]     return func(*args, **kwargs)
(Worker_DP7_TP0_EP14 pid=337902) ERROR 07-27 19:30:39 [multiproc_executor.py:1007]            ^^^^^^^^^^^^^^^^^^^^^
(Worker_DP7_TP0_EP14 pid=337902) ERROR 07-27 19:30:39 [multiproc_executor.py:1007]   File "/home/l00838859/cann/my-project/vllm-ascend/vllm_ascend/spec_decode/llm_base_proposer.py", line 727, in dummy_run
(Worker_DP7_TP0_EP14 pid=337902) ERROR 07-27 19:30:39 [multiproc_executor.py:1007]     self._runnable(
(Worker_DP7_TP0_EP14 pid=337902) ERROR 07-27 19:30:39 [multiproc_executor.py:1007]   File "/home/l00838859/cann/my-project/vllm-ascend/vllm_ascend/compilation/acl_graph.py", line 205, in __call__
(Worker_DP7_TP0_EP14 pid=337902) ERROR 07-27 19:30:39 [multiproc_executor.py:1007]     output = self.runnable(*args, **kwargs)
(Worker_DP7_TP0_EP14 pid=337902) ERROR 07-27 19:30:39 [multiproc_executor.py:1007]              ^^^^^^^^^^^^^^^^^^^^^^^^^^^^^^
(Worker_DP7_TP0_EP14 pid=337902) ERROR 07-27 19:30:39 [multiproc_executor.py:1007]   File "/home/l00838859/cann/my-project/vllm-ascend/vllm_ascend/spec_decode/llm_base_proposer.py", line 1209, in _run_merged_draft
(Worker_DP7_TP0_EP14 pid=337902) ERROR 07-27 19:30:39 [multiproc_executor.py:1007]     else dummy_compute_logits(sample_hidden_states)
(Worker_DP7_TP0_EP14 pid=337902) ERROR 07-27 19:30:39 [multiproc_executor.py:1007]          ^^^^^^^^^^^^^^^^^^^^^^^^^^^^^^^^^^^^^^^^^^
(Worker_DP7_TP0_EP14 pid=337902) ERROR 07-27 19:30:39 [multiproc_executor.py:1007]   File "/home/l00838859/cann/my-project/vllm-ascend/vllm_ascend/worker/model_runner_v1.py", line 3685, in dummy_drafter_compute_logits
(Worker_DP7_TP0_EP14 pid=337902) ERROR 07-27 19:30:39 [multiproc_executor.py:1007]     hidden_states = hidden_states[dummy_indices]
(Worker_DP7_TP0_EP14 pid=337902) ERROR 07-27 19:30:39 [multiproc_executor.py:1007]                     ~~~~~~~~~~~~~^^^^^^^^^^^^^^^
(Worker_DP7_TP0_EP14 pid=337902) ERROR 07-27 19:30:39 [multiproc_executor.py:1007] RuntimeError: copy_between_host_and_device_opapi:../torch_npu/csrc/aten/ops/op_api/CopyKernelOpApi.cpp:55 NPU function error: aclrtMemcpy, error code is 107030
(Worker_DP7_TP0_EP14 pid=337902) ERROR 07-27 19:30:39 [multiproc_executor.py:1007] [ERROR] 2026-07-27-19:30:38 (PID:337902, Device:14, RankID:-1) ERR00100 PTA call acl api failed.
(Worker_DP7_TP0_EP14 pid=337902) ERROR 07-27 19:30:39 [multiproc_executor.py:1007] EE9999: Inner Error!
(Worker_DP7_TP0_EP14 pid=337902) ERROR 07-27 19:30:39 [multiproc_executor.py:1007] EE9999[PID: 337902] 2026-07-27-19:30:38.529.126 (EE9999):  Not allow to synchronize captured-stream, stream_id=32.[FUNC:StreamSynchronize][FILE:api_error.cc][LINE:1016]
(Worker_DP7_TP0_EP14 pid=337902) ERROR 07-27 19:30:39 [multiproc_executor.py:1007]         TraceBack (most recent call last):
(Worker_DP7_TP0_EP14 pid=337902) ERROR 07-27 19:30:39 [multiproc_executor.py:1007]        rtStreamSynchronize execution failed, reason=stream is captured[FUNC:FuncErrorReason][FILE:error_message_manage.cc][LINE:65]
(Worker_DP7_TP0_EP14 pid=337902) ERROR 07-27 19:30:39 [multiproc_executor.py:1007]        synchronize stream failed, runtime result = 107027[FUNC:ReportCallError][FILE:log_inner.cpp][LINE:148]
(Worker_DP7_TP0_EP14 pid=337902) ERROR 07-27 19:30:39 [multiproc_executor.py:1007]        rtMemcpy execution failed, reason=the current capture mode does not support this operation[FUNC:FuncErrorReason][FILE:error_message_manage.cc][LINE:65]
(Worker_DP7_TP0_EP14 pid=337902) ERROR 07-27 19:30:39 [multiproc_executor.py:1007]        synchronized memcpy failed, kind = 1, runtime result = 107030[FUNC:ReportCallError][FILE:log_inner.cpp][LINE:148]
(Worker_DP7_TP0_EP14 pid=337902) ERROR 07-27 19:30:39 [multiproc_executor.py:1007] 
(Worker_DP7_TP0_EP14 pid=337902) ERROR 07-27 19:30:39 [multiproc_executor.py:1007] 
(Worker_DP7_TP0_EP14 pid=337902) ERROR 07-27 19:30:39 [multiproc_executor.py:1007] During handling of the above exception, another exception occurred:
(Worker_DP7_TP0_EP14 pid=337902) ERROR 07-27 19:30:39 [multiproc_executor.py:1007] 
(Worker_DP7_TP0_EP14 pid=337902) ERROR 07-27 19:30:39 [multiproc_executor.py:1007] Traceback (most recent call last):
(Worker_DP7_TP0_EP14 pid=337902) ERROR 07-27 19:30:39 [multiproc_executor.py:1007]   File "/home/l00838859/cann/my-project/vllm-ascend/vllm_ascend/worker/model_runner_v1.py", line 5198, in _torch_cuda_wrapper
(Worker_DP7_TP0_EP14 pid=337902) ERROR 07-27 19:30:39 [multiproc_executor.py:1007]     yield
(Worker_DP7_TP0_EP14 pid=337902) ERROR 07-27 19:30:39 [multiproc_executor.py:1007]   File "/home/l00838859/cann/my-project/vllm-ascend/vllm_ascend/worker/model_runner_v1.py", line 5101, in capture_model
(Worker_DP7_TP0_EP14 pid=337902) ERROR 07-27 19:30:39 [multiproc_executor.py:1007]     with _torch_cuda_wrapper(), _replace_gpu_model_runner_function_wrapper(parent_module_name):
(Worker_DP7_TP0_EP14 pid=337902) ERROR 07-27 19:30:39 [multiproc_executor.py:1007]   File "/usr/local/lib/python3.11/contextlib.py", line 158, in __exit__
(Worker_DP7_TP0_EP14 pid=337902) ERROR 07-27 19:30:39 [multiproc_executor.py:1007]     self.gen.throw(typ, value, traceback)
(Worker_DP7_TP0_EP14 pid=337902) ERROR 07-27 19:30:39 [multiproc_executor.py:1007]   File "/home/l00838859/cann/my-project/vllm-ascend/vllm_ascend/worker/model_runner_v1.py", line 5244, in _replace_gpu_model_runner_function_wrapper
(Worker_DP7_TP0_EP14 pid=337902) ERROR 07-27 19:30:39 [multiproc_executor.py:1007]     raise RuntimeError(f"NPUModelRunner failed, error is {e}")
(Worker_DP7_TP0_EP14 pid=337902) ERROR 07-27 19:30:39 [multiproc_executor.py:1007] RuntimeError: NPUModelRunner failed, error is copy_between_host_and_device_opapi:../torch_npu/csrc/aten/ops/op_api/CopyKernelOpApi.cpp:55 NPU function error: aclrtMemcpy, error code is 107030
(Worker_DP7_TP0_EP14 pid=337902) ERROR 07-27 19:30:39 [multiproc_executor.py:1007] [ERROR] 2026-07-27-19:30:38 (PID:337902, Device:14, RankID:-1) ERR00100 PTA call acl api failed.
(Worker_DP7_TP0_EP14 pid=337902) ERROR 07-27 19:30:39 [multiproc_executor.py:1007] EE9999: Inner Error!
(Worker_DP7_TP0_EP14 pid=337902) ERROR 07-27 19:30:39 [multiproc_executor.py:1007] EE9999[PID: 337902] 2026-07-27-19:30:38.529.126 (EE9999):  Not allow to synchronize captured-stream, stream_id=32.[FUNC:StreamSynchronize][FILE:api_error.cc][LINE:1016]
(Worker_DP7_TP0_EP14 pid=337902) ERROR 07-27 19:30:39 [multiproc_executor.py:1007]         TraceBack (most recent call last):
(Worker_DP7_TP0_EP14 pid=337902) ERROR 07-27 19:30:39 [multiproc_executor.py:1007]        rtStreamSynchronize execution failed, reason=stream is captured[FUNC:FuncErrorReason][FILE:error_message_manage.cc][LINE:65]
(Worker_DP7_TP0_EP14 pid=337902) ERROR 07-27 19:30:39 [multiproc_executor.py:1007]        synchronize stream failed, runtime result = 107027[FUNC:ReportCallError][FILE:log_inner.cpp][LINE:148]
(Worker_DP7_TP0_EP14 pid=337902) ERROR 07-27 19:30:39 [multiproc_executor.py:1007]        rtMemcpy execution failed, reason=the current capture mode does not support this operation[FUNC:FuncErrorReason][FILE:error_message_manage.cc][LINE:65]
(Worker_DP7_TP0_EP14 pid=337902) ERROR 07-27 19:30:39 [multiproc_executor.py:1007]        synchronized memcpy failed, kind = 1, runtime result = 107030[FUNC:ReportCallError][FILE:log_inner.cpp][LINE:148]
(Worker_DP7_TP0_EP14 pid=337902) ERROR 07-27 19:30:39 [multiproc_executor.py:1007] 
(Worker_DP7_TP0_EP14 pid=337902) ERROR 07-27 19:30:39 [multiproc_executor.py:1007] 
(Worker_DP7_TP0_EP14 pid=337902) ERROR 07-27 19:30:39 [multiproc_executor.py:1007] During handling of the above exception, another exception occurred:
(Worker_DP7_TP0_EP14 pid=337902) ERROR 07-27 19:30:39 [multiproc_executor.py:1007] 
(Worker_DP7_TP0_EP14 pid=337902) ERROR 07-27 19:30:39 [multiproc_executor.py:1007] Traceback (most recent call last):
(Worker_DP7_TP0_EP14 pid=337902) ERROR 07-27 19:30:39 [multiproc_executor.py:1007]   File "/home/l00838859/cann/my-project/vllm/vllm/v1/executor/multiproc_executor.py", line 999, in worker_busy_loop
(Worker_DP7_TP0_EP14 pid=337902) ERROR 07-27 19:30:39 [multiproc_executor.py:1007]     output = func(*args, **kwargs)
(Worker_DP7_TP0_EP14 pid=337902) ERROR 07-27 19:30:39 [multiproc_executor.py:1007]              ^^^^^^^^^^^^^^^^^^^^^
(Worker_DP7_TP0_EP14 pid=337902) ERROR 07-27 19:30:39 [multiproc_executor.py:1007]   File "/home/l00838859/cann/my-project/vllm-ascend/vllm_ascend/worker/worker.py", line 770, in compile_or_warm_up_model
(Worker_DP7_TP0_EP14 pid=337902) ERROR 07-27 19:30:39 [multiproc_executor.py:1007]     npugraph_memory_bytes = self.model_runner.capture_model()
(Worker_DP7_TP0_EP14 pid=337902) ERROR 07-27 19:30:39 [multiproc_executor.py:1007]                             ^^^^^^^^^^^^^^^^^^^^^^^^^^^^^^^^^
(Worker_DP7_TP0_EP14 pid=337902) ERROR 07-27 19:30:39 [multiproc_executor.py:1007]   File "/home/l00838859/cann/my-project/vllm-ascend/vllm_ascend/worker/model_runner_v1.py", line 5101, in capture_model
(Worker_DP7_TP0_EP14 pid=337902) ERROR 07-27 19:30:39 [multiproc_executor.py:1007]     with _torch_cuda_wrapper(), _replace_gpu_model_runner_function_wrapper(parent_module_name):
(Worker_DP7_TP0_EP14 pid=337902) ERROR 07-27 19:30:39 [multiproc_executor.py:1007]   File "/usr/local/lib/python3.11/contextlib.py", line 158, in __exit__
(Worker_DP7_TP0_EP14 pid=337902) ERROR 07-27 19:30:39 [multiproc_executor.py:1007]     self.gen.throw(typ, value, traceback)
(Worker_DP7_TP0_EP14 pid=337902) ERROR 07-27 19:30:39 [multiproc_executor.py:1007]   File "/home/l00838859/cann/my-project/vllm-ascend/vllm_ascend/worker/model_runner_v1.py", line 5208, in _torch_cuda_wrapper
(Worker_DP7_TP0_EP14 pid=337902) ERROR 07-27 19:30:39 [multiproc_executor.py:1007]     raise RuntimeError(f"NPUModelRunner init failed, error is {e}")
(Worker_DP7_TP0_EP14 pid=337902) ERROR 07-27 19:30:39 [multiproc_executor.py:1007] RuntimeError: NPUModelRunner init failed, error is NPUModelRunner failed, error is copy_between_host_and_device_opapi:../torch_npu/csrc/aten/ops/op_api/CopyKernelOpApi.cpp:55 NPU function error: aclrtMemcpy, error code is 107030
(Worker_DP7_TP0_EP14 pid=337902) ERROR 07-27 19:30:39 [multiproc_executor.py:1007] [ERROR] 2026-07-27-19:30:38 (PID:337902, Device:14, RankID:-1) ERR00100 PTA call acl api failed.
(Worker_DP7_TP0_EP14 pid=337902) ERROR 07-27 19:30:39 [multiproc_executor.py:1007] EE9999: Inner Error!
(Worker_DP7_TP0_EP14 pid=337902) ERROR 07-27 19:30:39 [multiproc_executor.py:1007] EE9999[PID: 337902] 2026-07-27-19:30:38.529.126 (EE9999):  Not allow to synchronize captured-stream, stream_id=32.[FUNC:StreamSynchronize][FILE:api_error.cc][LINE:1016]
(Worker_DP7_TP0_EP14 pid=337902) ERROR 07-27 19:30:39 [multiproc_executor.py:1007]         TraceBack (most recent call last):
(Worker_DP7_TP0_EP14 pid=337902) ERROR 07-27 19:30:39 [multiproc_executor.py:1007]        rtStreamSynchronize execution failed, reason=stream is captured[FUNC:FuncErrorReason][FILE:error_message_manage.cc][LINE:65]
(Worker_DP7_TP0_EP14 pid=337902) ERROR 07-27 19:30:39 [multiproc_executor.py:1007]        synchronize stream failed, runtime result = 107027[FUNC:ReportCallError][FILE:log_inner.cpp][LINE:148]
(Worker_DP7_TP0_EP14 pid=337902) ERROR 07-27 19:30:39 [multiproc_executor.py:1007]        rtMemcpy execution failed, reason=the current capture mode does not support this operation[FUNC:FuncErrorReason][FILE:error_message_manage.cc][LINE:65]
(Worker_DP7_TP0_EP14 pid=337902) ERROR 07-27 19:30:39 [multiproc_executor.py:1007]        synchronized memcpy failed, kind = 1, runtime result = 107030[FUNC:ReportCallError][FILE:log_inner.cpp][LINE:148]
(Worker_DP7_TP0_EP14 pid=337902) ERROR 07-27 19:30:39 [multiproc_executor.py:1007] 
(Worker_DP7_TP0_EP14 pid=337902) ERROR 07-27 19:30:39 [multiproc_executor.py:1007] 
(EngineCore_DP7 pid=337464) ERROR 07-27 19:30:39 [core.py:1231] EngineCore failed to start.
(EngineCore_DP7 pid=337464) ERROR 07-27 19:30:39 [core.py:1231] Traceback (most recent call last):
(EngineCore_DP7 pid=337464) ERROR 07-27 19:30:39 [core.py:1231]   File "/home/l00838859/cann/my-project/vllm/vllm/v1/engine/core.py", line 1192, in run_engine_core
(EngineCore_DP7 pid=337464) ERROR 07-27 19:30:39 [core.py:1231]     engine_core = DPEngineCoreProc(*args, **kwargs)
(EngineCore_DP7 pid=337464) ERROR 07-27 19:30:39 [core.py:1231]                   ^^^^^^^^^^^^^^^^^^^^^^^^^^^^^^^^^
(EngineCore_DP7 pid=337464) ERROR 07-27 19:30:39 [core.py:1231]   File "/home/l00838859/cann/my-project/vllm/vllm/v1/engine/core.py", line 1786, in __init__
(EngineCore_DP7 pid=337464) ERROR 07-27 19:30:39 [core.py:1231]     super().__init__(
(EngineCore_DP7 pid=337464) ERROR 07-27 19:30:39 [core.py:1231]   File "/home/l00838859/cann/my-project/vllm/vllm/tracing/otel.py", line 178, in sync_wrapper
(EngineCore_DP7 pid=337464) ERROR 07-27 19:30:39 [core.py:1231]     return func(*args, **kwargs)
(EngineCore_DP7 pid=337464) ERROR 07-27 19:30:39 [core.py:1231]            ^^^^^^^^^^^^^^^^^^^^^
(EngineCore_DP7 pid=337464) ERROR 07-27 19:30:39 [core.py:1231]   File "/home/l00838859/cann/my-project/vllm/vllm/v1/engine/core.py", line 966, in __init__
(EngineCore_DP7 pid=337464) ERROR 07-27 19:30:39 [core.py:1231]     super().__init__(
(EngineCore_DP7 pid=337464) ERROR 07-27 19:30:39 [core.py:1231]   File "/home/l00838859/cann/my-project/vllm/vllm/v1/engine/core.py", line 133, in __init__
(EngineCore_DP7 pid=337464) ERROR 07-27 19:30:39 [core.py:1231]     kv_cache_config = self._initialize_kv_caches(vllm_config)
(EngineCore_DP7 pid=337464) ERROR 07-27 19:30:39 [core.py:1231]                       ^^^^^^^^^^^^^^^^^^^^^^^^^^^^^^^^^^^^^^^
(EngineCore_DP7 pid=337464) ERROR 07-27 19:30:39 [core.py:1231]   File "/home/l00838859/cann/my-project/vllm/vllm/tracing/otel.py", line 178, in sync_wrapper
(EngineCore_DP7 pid=337464) ERROR 07-27 19:30:39 [core.py:1231]     return func(*args, **kwargs)
(EngineCore_DP7 pid=337464) ERROR 07-27 19:30:39 [core.py:1231]            ^^^^^^^^^^^^^^^^^^^^^
(EngineCore_DP7 pid=337464) ERROR 07-27 19:30:39 [core.py:1231]   File "/home/l00838859/cann/my-project/vllm/vllm/v1/engine/core.py", line 321, in _initialize_kv_caches
(EngineCore_DP7 pid=337464) ERROR 07-27 19:30:39 [core.py:1231]     self.model_executor.initialize_from_config(kv_cache_configs)
(EngineCore_DP7 pid=337464) ERROR 07-27 19:30:39 [core.py:1231]   File "/home/l00838859/cann/my-project/vllm/vllm/v1/executor/abstract.py", line 124, in initialize_from_config
(EngineCore_DP7 pid=337464) ERROR 07-27 19:30:39 [core.py:1231]     compilation_times: list[CompilationTimes] = self.collective_rpc(
(EngineCore_DP7 pid=337464) ERROR 07-27 19:30:39 [core.py:1231]                                                 ^^^^^^^^^^^^^^^^^^^^
(EngineCore_DP7 pid=337464) ERROR 07-27 19:30:39 [core.py:1231]   File "/home/l00838859/cann/my-project/vllm/vllm/v1/executor/multiproc_executor.py", line 405, in collective_rpc
(EngineCore_DP7 pid=337464) ERROR 07-27 19:30:39 [core.py:1231]     return future if non_block else future.result()
(EngineCore_DP7 pid=337464) ERROR 07-27 19:30:39 [core.py:1231]                                     ^^^^^^^^^^^^^^^
(EngineCore_DP7 pid=337464) ERROR 07-27 19:30:39 [core.py:1231]   File "/home/l00838859/cann/my-project/vllm/vllm/v1/executor/multiproc_executor.py", line 91, in result
(EngineCore_DP7 pid=337464) ERROR 07-27 19:30:39 [core.py:1231]     return super().result()
(EngineCore_DP7 pid=337464) ERROR 07-27 19:30:39 [core.py:1231]            ^^^^^^^^^^^^^^^^
(EngineCore_DP7 pid=337464) ERROR 07-27 19:30:39 [core.py:1231]   File "/usr/local/lib/python3.11/concurrent/futures/_base.py", line 449, in result
(EngineCore_DP7 pid=337464) ERROR 07-27 19:30:39 [core.py:1231]     return self.__get_result()
(EngineCore_DP7 pid=337464) ERROR 07-27 19:30:39 [core.py:1231]            ^^^^^^^^^^^^^^^^^^^
(EngineCore_DP7 pid=337464) ERROR 07-27 19:30:39 [core.py:1231]   File "/usr/local/lib/python3.11/concurrent/futures/_base.py", line 401, in __get_result
(EngineCore_DP7 pid=337464) ERROR 07-27 19:30:39 [core.py:1231]     raise self._exception
(EngineCore_DP7 pid=337464) ERROR 07-27 19:30:39 [core.py:1231]   File "/home/l00838859/cann/my-project/vllm/vllm/v1/executor/multiproc_executor.py", line 95, in _wait_for_response
(EngineCore_DP7 pid=337464) ERROR 07-27 19:30:39 [core.py:1231]     response = self.aggregate(self.get_response())
(EngineCore_DP7 pid=337464) ERROR 07-27 19:30:39 [core.py:1231]                               ^^^^^^^^^^^^^^^^^^^
(EngineCore_DP7 pid=337464) ERROR 07-27 19:30:39 [core.py:1231]   File "/home/l00838859/cann/my-project/vllm/vllm/v1/executor/multiproc_executor.py", line 394, in get_response
(EngineCore_DP7 pid=337464) ERROR 07-27 19:30:39 [core.py:1231]     raise RuntimeError(
(EngineCore_DP7 pid=337464) ERROR 07-27 19:30:39 [core.py:1231] RuntimeError: Worker failed with error 'NPUModelRunner init failed, error is NPUModelRunner failed, error is copy_between_host_and_device_opapi:../torch_npu/csrc/aten/ops/op_api/CopyKernelOpApi.cpp:55 NPU function error: aclrtMemcpy, error code is 107030
(EngineCore_DP7 pid=337464) ERROR 07-27 19:30:39 [core.py:1231] [ERROR] 2026-07-27-19:30:38 (PID:337902, Device:14, RankID:-1) ERR00100 PTA call acl api failed.
(EngineCore_DP7 pid=337464) ERROR 07-27 19:30:39 [core.py:1231] EE9999: Inner Error!
(EngineCore_DP7 pid=337464) ERROR 07-27 19:30:39 [core.py:1231] EE9999[PID: 337902] 2026-07-27-19:30:38.529.126 (EE9999):  Not allow to synchronize captured-stream, stream_id=32.[FUNC:StreamSynchronize][FILE:api_error.cc][LINE:1016]
(EngineCore_DP7 pid=337464) ERROR 07-27 19:30:39 [core.py:1231]         TraceBack (most recent call last):
(EngineCore_DP7 pid=337464) ERROR 07-27 19:30:39 [core.py:1231]        rtStreamSynchronize execution failed, reason=stream is captured[FUNC:FuncErrorReason][FILE:error_message_manage.cc][LINE:65]
(EngineCore_DP7 pid=337464) ERROR 07-27 19:30:39 [core.py:1231]        synchronize stream failed, runtime result = 107027[FUNC:ReportCallError][FILE:log_inner.cpp][LINE:148]
(EngineCore_DP7 pid=337464) ERROR 07-27 19:30:39 [core.py:1231]        rtMemcpy execution failed, reason=the current capture mode does not support this operation[FUNC:FuncErrorReason][FILE:error_message_manage.cc][LINE:65]
(EngineCore_DP7 pid=337464) ERROR 07-27 19:30:39 [core.py:1231]        synchronized memcpy failed, kind = 1, runtime result = 107030[FUNC:ReportCallError][FILE:log_inner.cpp][LINE:148]
(EngineCore_DP7 pid=337464) ERROR 07-27 19:30:39 [core.py:1231] ', please check the stack trace above for the root cause
(Worker_DP5_TP1_EP11 pid=338277) ERROR 07-27 19:30:39 [multiproc_executor.py:1007] WorkerProc hit an exception.
(Worker_DP5_TP1_EP11 pid=338277) ERROR 07-27 19:30:39 [multiproc_executor.py:1007] Traceback (most recent call last):
(Worker_DP5_TP1_EP11 pid=338277) ERROR 07-27 19:30:39 [multiproc_executor.py:1007]   File "/home/l00838859/cann/my-project/vllm-ascend/vllm_ascend/worker/model_runner_v1.py", line 5242, in _replace_gpu_model_runner_function_wrapper
(Worker_DP5_TP1_EP11 pid=338277) ERROR 07-27 19:30:39 [multiproc_executor.py:1007]     yield
(Worker_DP5_TP1_EP11 pid=338277) ERROR 07-27 19:30:39 [multiproc_executor.py:1007]   File "/home/l00838859/cann/my-project/vllm-ascend/vllm_ascend/worker/model_runner_v1.py", line 5102, in capture_model
(Worker_DP5_TP1_EP11 pid=338277) ERROR 07-27 19:30:39 [multiproc_executor.py:1007]     cuda_graph_size = GPUModelRunner.capture_model(self)
(Worker_DP5_TP1_EP11 pid=338277) ERROR 07-27 19:30:39 [multiproc_executor.py:1007]                       ^^^^^^^^^^^^^^^^^^^^^^^^^^^^^^^^^^
(Worker_DP5_TP1_EP11 pid=338277) ERROR 07-27 19:30:39 [multiproc_executor.py:1007]   File "/home/l00838859/cann/my-project/vllm/vllm/tracing/otel.py", line 178, in sync_wrapper
(Worker_DP5_TP1_EP11 pid=338277) ERROR 07-27 19:30:39 [multiproc_executor.py:1007]     return func(*args, **kwargs)
(Worker_DP5_TP1_EP11 pid=338277) ERROR 07-27 19:30:39 [multiproc_executor.py:1007]            ^^^^^^^^^^^^^^^^^^^^^
(Worker_DP5_TP1_EP11 pid=338277) ERROR 07-27 19:30:39 [multiproc_executor.py:1007]   File "/home/l00838859/cann/my-project/vllm/vllm/v1/worker/gpu_model_runner.py", line 6712, in capture_model
(Worker_DP5_TP1_EP11 pid=338277) ERROR 07-27 19:30:39 [multiproc_executor.py:1007]     self._capture_cudagraphs(
(Worker_DP5_TP1_EP11 pid=338277) ERROR 07-27 19:30:39 [multiproc_executor.py:1007]   File "/home/l00838859/cann/my-project/vllm/vllm/v1/worker/gpu_model_runner.py", line 6828, in _capture_cudagraphs
(Worker_DP5_TP1_EP11 pid=338277) ERROR 07-27 19:30:39 [multiproc_executor.py:1007]     self._warmup_and_capture(
(Worker_DP5_TP1_EP11 pid=338277) ERROR 07-27 19:30:39 [multiproc_executor.py:1007]   File "/home/l00838859/cann/my-project/vllm/vllm/v1/worker/gpu_model_runner.py", line 6774, in _warmup_and_capture
(Worker_DP5_TP1_EP11 pid=338277) ERROR 07-27 19:30:39 [multiproc_executor.py:1007]     self._dummy_run(
(Worker_DP5_TP1_EP11 pid=338277) ERROR 07-27 19:30:39 [multiproc_executor.py:1007]   File "/usr/local/lib/python3.11/site-packages/torch/utils/_contextlib.py", line 124, in decorate_context
(Worker_DP5_TP1_EP11 pid=338277) ERROR 07-27 19:30:39 [multiproc_executor.py:1007]     return func(*args, **kwargs)
(Worker_DP5_TP1_EP11 pid=338277) ERROR 07-27 19:30:39 [multiproc_executor.py:1007]            ^^^^^^^^^^^^^^^^^^^^^
(Worker_DP5_TP1_EP11 pid=338277) ERROR 07-27 19:30:39 [multiproc_executor.py:1007]   File "/home/l00838859/cann/my-project/vllm-ascend/vllm_ascend/worker/model_runner_v1.py", line 3712, in _dummy_run
(Worker_DP5_TP1_EP11 pid=338277) ERROR 07-27 19:30:39 [multiproc_executor.py:1007]     self.drafter.dummy_run(
(Worker_DP5_TP1_EP11 pid=338277) ERROR 07-27 19:30:39 [multiproc_executor.py:1007]   File "/usr/local/lib/python3.11/site-packages/torch/utils/_contextlib.py", line 124, in decorate_context
(Worker_DP5_TP1_EP11 pid=338277) ERROR 07-27 19:30:39 [multiproc_executor.py:1007]     return func(*args, **kwargs)
(Worker_DP5_TP1_EP11 pid=338277) ERROR 07-27 19:30:39 [multiproc_executor.py:1007]            ^^^^^^^^^^^^^^^^^^^^^
(Worker_DP5_TP1_EP11 pid=338277) ERROR 07-27 19:30:39 [multiproc_executor.py:1007]   File "/home/l00838859/cann/my-project/vllm-ascend/vllm_ascend/spec_decode/llm_base_proposer.py", line 727, in dummy_run
(Worker_DP5_TP1_EP11 pid=338277) ERROR 07-27 19:30:39 [multiproc_executor.py:1007]     self._runnable(
(Worker_DP5_TP1_EP11 pid=338277) ERROR 07-27 19:30:39 [multiproc_executor.py:1007]   File "/home/l00838859/cann/my-project/vllm-ascend/vllm_ascend/compilation/acl_graph.py", line 205, in __call__
(Worker_DP5_TP1_EP11 pid=338277) ERROR 07-27 19:30:39 [multiproc_executor.py:1007]     output = self.runnable(*args, **kwargs)
(Worker_DP5_TP1_EP11 pid=338277) ERROR 07-27 19:30:39 [multiproc_executor.py:1007]              ^^^^^^^^^^^^^^^^^^^^^^^^^^^^^^
(Worker_DP5_TP1_EP11 pid=338277) ERROR 07-27 19:30:39 [multiproc_executor.py:1007]   File "/home/l00838859/cann/my-project/vllm-ascend/vllm_ascend/spec_decode/llm_base_proposer.py", line 1209, in _run_merged_draft
(Worker_DP5_TP1_EP11 pid=338277) ERROR 07-27 19:30:39 [multiproc_executor.py:1007]     else dummy_compute_logits(sample_hidden_states)
(Worker_DP5_TP1_EP11 pid=338277) ERROR 07-27 19:30:39 [multiproc_executor.py:1007]          ^^^^^^^^^^^^^^^^^^^^^^^^^^^^^^^^^^^^^^^^^^
(Worker_DP5_TP1_EP11 pid=338277) ERROR 07-27 19:30:39 [multiproc_executor.py:1007]   File "/home/l00838859/cann/my-project/vllm-ascend/vllm_ascend/worker/model_runner_v1.py", line 3685, in dummy_drafter_compute_logits
(Worker_DP5_TP1_EP11 pid=338277) ERROR 07-27 19:30:39 [multiproc_executor.py:1007]     hidden_states = hidden_states[dummy_indices]
(Worker_DP5_TP1_EP11 pid=338277) ERROR 07-27 19:30:39 [multiproc_executor.py:1007]                     ~~~~~~~~~~~~~^^^^^^^^^^^^^^^
(Worker_DP5_TP1_EP11 pid=338277) ERROR 07-27 19:30:39 [multiproc_executor.py:1007] RuntimeError: copy_between_host_and_device_opapi:../torch_npu/csrc/aten/ops/op_api/CopyKernelOpApi.cpp:55 NPU function error: aclrtMemcpy, error code is 107030
(Worker_DP5_TP1_EP11 pid=338277) ERROR 07-27 19:30:39 [multiproc_executor.py:1007] [ERROR] 2026-07-27-19:30:38 (PID:338277, Device:11, RankID:-1) ERR00100 PTA call acl api failed.
(Worker_DP5_TP1_EP11 pid=338277) ERROR 07-27 19:30:39 [multiproc_executor.py:1007] EE9999: Inner Error!
(Worker_DP5_TP1_EP11 pid=338277) ERROR 07-27 19:30:39 [multiproc_executor.py:1007] EE9999[PID: 338277] 2026-07-27-19:30:38.518.442 (EE9999):  Not allow to synchronize captured-stream, stream_id=32.[FUNC:StreamSynchronize][FILE:api_error.cc][LINE:1016]
(Worker_DP5_TP1_EP11 pid=338277) ERROR 07-27 19:30:39 [multiproc_executor.py:1007]         TraceBack (most recent call last):
(Worker_DP5_TP1_EP11 pid=338277) ERROR 07-27 19:30:39 [multiproc_executor.py:1007]        rtStreamSynchronize execution failed, reason=stream is captured[FUNC:FuncErrorReason][FILE:error_message_manage.cc][LINE:65]
(Worker_DP5_TP1_EP11 pid=338277) ERROR 07-27 19:30:39 [multiproc_executor.py:1007]        synchronize stream failed, runtime result = 107027[FUNC:ReportCallError][FILE:log_inner.cpp][LINE:148]
(Worker_DP5_TP1_EP11 pid=338277) ERROR 07-27 19:30:39 [multiproc_executor.py:1007]        rtMemcpy execution failed, reason=the current capture mode does not support this operation[FUNC:FuncErrorReason][FILE:error_message_manage.cc][LINE:65]
(Worker_DP5_TP1_EP11 pid=338277) ERROR 07-27 19:30:39 [multiproc_executor.py:1007]        synchronized memcpy failed, kind = 1, runtime result = 107030[FUNC:ReportCallError][FILE:log_inner.cpp][LINE:148]
(Worker_DP5_TP1_EP11 pid=338277) ERROR 07-27 19:30:39 [multiproc_executor.py:1007] 
(Worker_DP5_TP1_EP11 pid=338277) ERROR 07-27 19:30:39 [multiproc_executor.py:1007] 
(Worker_DP5_TP1_EP11 pid=338277) ERROR 07-27 19:30:39 [multiproc_executor.py:1007] During handling of the above exception, another exception occurred:
(Worker_DP5_TP1_EP11 pid=338277) ERROR 07-27 19:30:39 [multiproc_executor.py:1007] 
(Worker_DP5_TP1_EP11 pid=338277) ERROR 07-27 19:30:39 [multiproc_executor.py:1007] Traceback (most recent call last):
(Worker_DP5_TP1_EP11 pid=338277) ERROR 07-27 19:30:39 [multiproc_executor.py:1007]   File "/home/l00838859/cann/my-project/vllm-ascend/vllm_ascend/worker/model_runner_v1.py", line 5198, in _torch_cuda_wrapper
(Worker_DP5_TP1_EP11 pid=338277) ERROR 07-27 19:30:39 [multiproc_executor.py:1007]     yield
(Worker_DP5_TP1_EP11 pid=338277) ERROR 07-27 19:30:39 [multiproc_executor.py:1007]   File "/home/l00838859/cann/my-project/vllm-ascend/vllm_ascend/worker/model_runner_v1.py", line 5101, in capture_model
(Worker_DP5_TP1_EP11 pid=338277) ERROR 07-27 19:30:39 [multiproc_executor.py:1007]     with _torch_cuda_wrapper(), _replace_gpu_model_runner_function_wrapper(parent_module_name):
(Worker_DP5_TP1_EP11 pid=338277) ERROR 07-27 19:30:39 [multiproc_executor.py:1007]   File "/usr/local/lib/python3.11/contextlib.py", line 158, in __exit__
(Worker_DP5_TP1_EP11 pid=338277) ERROR 07-27 19:30:39 [multiproc_executor.py:1007]     self.gen.throw(typ, value, traceback)
(Worker_DP5_TP1_EP11 pid=338277) ERROR 07-27 19:30:39 [multiproc_executor.py:1007]   File "/home/l00838859/cann/my-project/vllm-ascend/vllm_ascend/worker/model_runner_v1.py", line 5244, in _replace_gpu_model_runner_function_wrapper
(Worker_DP5_TP1_EP11 pid=338277) ERROR 07-27 19:30:39 [multiproc_executor.py:1007]     raise RuntimeError(f"NPUModelRunner failed, error is {e}")
(Worker_DP5_TP1_EP11 pid=338277) ERROR 07-27 19:30:39 [multiproc_executor.py:1007] RuntimeError: NPUModelRunner failed, error is copy_between_host_and_device_opapi:../torch_npu/csrc/aten/ops/op_api/CopyKernelOpApi.cpp:55 NPU function error: aclrtMemcpy, error code is 107030
(Worker_DP5_TP1_EP11 pid=338277) ERROR 07-27 19:30:39 [multiproc_executor.py:1007] [ERROR] 2026-07-27-19:30:38 (PID:338277, Device:11, RankID:-1) ERR00100 PTA call acl api failed.
(Worker_DP5_TP1_EP11 pid=338277) ERROR 07-27 19:30:39 [multiproc_executor.py:1007] EE9999: Inner Error!
(Worker_DP5_TP1_EP11 pid=338277) ERROR 07-27 19:30:39 [multiproc_executor.py:1007] EE9999[PID: 338277] 2026-07-27-19:30:38.518.442 (EE9999):  Not allow to synchronize captured-stream, stream_id=32.[FUNC:StreamSynchronize][FILE:api_error.cc][LINE:1016]
(Worker_DP5_TP1_EP11 pid=338277) ERROR 07-27 19:30:39 [multiproc_executor.py:1007]         TraceBack (most recent call last):
(Worker_DP5_TP1_EP11 pid=338277) ERROR 07-27 19:30:39 [multiproc_executor.py:1007]        rtStreamSynchronize execution failed, reason=stream is captured[FUNC:FuncErrorReason][FILE:error_message_manage.cc][LINE:65]
(Worker_DP5_TP1_EP11 pid=338277) ERROR 07-27 19:30:39 [multiproc_executor.py:1007]        synchronize stream failed, runtime result = 107027[FUNC:ReportCallError][FILE:log_inner.cpp][LINE:148]
(Worker_DP5_TP1_EP11 pid=338277) ERROR 07-27 19:30:39 [multiproc_executor.py:1007]        rtMemcpy execution failed, reason=the current capture mode does not support this operation[FUNC:FuncErrorReason][FILE:error_message_manage.cc][LINE:65]
(Worker_DP5_TP1_EP11 pid=338277) ERROR 07-27 19:30:39 [multiproc_executor.py:1007]        synchronized memcpy failed, kind = 1, runtime result = 107030[FUNC:ReportCallError][FILE:log_inner.cpp][LINE:148]
(Worker_DP5_TP1_EP11 pid=338277) ERROR 07-27 19:30:39 [multiproc_executor.py:1007] 
(Worker_DP5_TP1_EP11 pid=338277) ERROR 07-27 19:30:39 [multiproc_executor.py:1007] 
(Worker_DP5_TP1_EP11 pid=338277) ERROR 07-27 19:30:39 [multiproc_executor.py:1007] During handling of the above exception, another exception occurred:
(Worker_DP5_TP1_EP11 pid=338277) ERROR 07-27 19:30:39 [multiproc_executor.py:1007] 
(Worker_DP5_TP1_EP11 pid=338277) ERROR 07-27 19:30:39 [multiproc_executor.py:1007] Traceback (most recent call last):
(Worker_DP5_TP1_EP11 pid=338277) ERROR 07-27 19:30:39 [multiproc_executor.py:1007]   File "/home/l00838859/cann/my-project/vllm/vllm/v1/executor/multiproc_executor.py", line 999, in worker_busy_loop
(Worker_DP5_TP1_EP11 pid=338277) ERROR 07-27 19:30:39 [multiproc_executor.py:1007]     output = func(*args, **kwargs)
(Worker_DP5_TP1_EP11 pid=338277) ERROR 07-27 19:30:39 [multiproc_executor.py:1007]              ^^^^^^^^^^^^^^^^^^^^^
(Worker_DP5_TP1_EP11 pid=338277) ERROR 07-27 19:30:39 [multiproc_executor.py:1007]   File "/home/l00838859/cann/my-project/vllm-ascend/vllm_ascend/worker/worker.py", line 770, in compile_or_warm_up_model
(Worker_DP5_TP1_EP11 pid=338277) ERROR 07-27 19:30:39 [multiproc_executor.py:1007]     npugraph_memory_bytes = self.model_runner.capture_model()
(Worker_DP5_TP1_EP11 pid=338277) ERROR 07-27 19:30:39 [multiproc_executor.py:1007]                             ^^^^^^^^^^^^^^^^^^^^^^^^^^^^^^^^^
(Worker_DP5_TP1_EP11 pid=338277) ERROR 07-27 19:30:39 [multiproc_executor.py:1007]   File "/home/l00838859/cann/my-project/vllm-ascend/vllm_ascend/worker/model_runner_v1.py", line 5101, in capture_model
(Worker_DP5_TP1_EP11 pid=338277) ERROR 07-27 19:30:39 [multiproc_executor.py:1007]     with _torch_cuda_wrapper(), _replace_gpu_model_runner_function_wrapper(parent_module_name):
(Worker_DP5_TP1_EP11 pid=338277) ERROR 07-27 19:30:39 [multiproc_executor.py:1007]   File "/usr/local/lib/python3.11/contextlib.py", line 158, in __exit__
(Worker_DP5_TP1_EP11 pid=338277) ERROR 07-27 19:30:39 [multiproc_executor.py:1007]     self.gen.throw(typ, value, traceback)
(Worker_DP5_TP1_EP11 pid=338277) ERROR 07-27 19:30:39 [multiproc_executor.py:1007]   File "/home/l00838859/cann/my-project/vllm-ascend/vllm_ascend/worker/model_runner_v1.py", line 5208, in _torch_cuda_wrapper
(Worker_DP5_TP1_EP11 pid=338277) ERROR 07-27 19:30:39 [multiproc_executor.py:1007]     raise RuntimeError(f"NPUModelRunner init failed, error is {e}")
(Worker_DP5_TP1_EP11 pid=338277) ERROR 07-27 19:30:39 [multiproc_executor.py:1007] RuntimeError: NPUModelRunner init failed, error is NPUModelRunner failed, error is copy_between_host_and_device_opapi:../torch_npu/csrc/aten/ops/op_api/CopyKernelOpApi.cpp:55 NPU function error: aclrtMemcpy, error code is 107030
(Worker_DP5_TP1_EP11 pid=338277) ERROR 07-27 19:30:39 [multiproc_executor.py:1007] [ERROR] 2026-07-27-19:30:38 (PID:338277, Device:11, RankID:-1) ERR00100 PTA call acl api failed.
(Worker_DP5_TP1_EP11 pid=338277) ERROR 07-27 19:30:39 [multiproc_executor.py:1007] EE9999: Inner Error!
(Worker_DP5_TP1_EP11 pid=338277) ERROR 07-27 19:30:39 [multiproc_executor.py:1007] EE9999[PID: 338277] 2026-07-27-19:30:38.518.442 (EE9999):  Not allow to synchronize captured-stream, stream_id=32.[FUNC:StreamSynchronize][FILE:api_error.cc][LINE:1016]
(Worker_DP5_TP1_EP11 pid=338277) ERROR 07-27 19:30:39 [multiproc_executor.py:1007]         TraceBack (most recent call last):
(Worker_DP5_TP1_EP11 pid=338277) ERROR 07-27 19:30:39 [multiproc_executor.py:1007]        rtStreamSynchronize execution failed, reason=stream is captured[FUNC:FuncErrorReason][FILE:error_message_manage.cc][LINE:65]
(Worker_DP5_TP1_EP11 pid=338277) ERROR 07-27 19:30:39 [multiproc_executor.py:1007]        synchronize stream failed, runtime result = 107027[FUNC:ReportCallError][FILE:log_inner.cpp][LINE:148]
(Worker_DP5_TP1_EP11 pid=338277) ERROR 07-27 19:30:39 [multiproc_executor.py:1007]        rtMemcpy execution failed, reason=the current capture mode does not support this operation[FUNC:FuncErrorReason][FILE:error_message_manage.cc][LINE:65]
(Worker_DP5_TP1_EP11 pid=338277) ERROR 07-27 19:30:39 [multiproc_executor.py:1007]        synchronized memcpy failed, kind = 1, runtime result = 107030[FUNC:ReportCallError][FILE:log_inner.cpp][LINE:148]
(Worker_DP5_TP1_EP11 pid=338277) ERROR 07-27 19:30:39 [multiproc_executor.py:1007] 
(Worker_DP5_TP1_EP11 pid=338277) ERROR 07-27 19:30:39 [multiproc_executor.py:1007] Traceback (most recent call last):
(Worker_DP5_TP1_EP11 pid=338277) ERROR 07-27 19:30:39 [multiproc_executor.py:1007]   File "/home/l00838859/cann/my-project/vllm-ascend/vllm_ascend/worker/model_runner_v1.py", line 5242, in _replace_gpu_model_runner_function_wrapper
(Worker_DP5_TP1_EP11 pid=338277) ERROR 07-27 19:30:39 [multiproc_executor.py:1007]     yield
(Worker_DP5_TP1_EP11 pid=338277) ERROR 07-27 19:30:39 [multiproc_executor.py:1007]   File "/home/l00838859/cann/my-project/vllm-ascend/vllm_ascend/worker/model_runner_v1.py", line 5102, in capture_model
(Worker_DP5_TP1_EP11 pid=338277) ERROR 07-27 19:30:39 [multiproc_executor.py:1007]     cuda_graph_size = GPUModelRunner.capture_model(self)
(Worker_DP5_TP1_EP11 pid=338277) ERROR 07-27 19:30:39 [multiproc_executor.py:1007]                       ^^^^^^^^^^^^^^^^^^^^^^^^^^^^^^^^^^
(Worker_DP5_TP1_EP11 pid=338277) ERROR 07-27 19:30:39 [multiproc_executor.py:1007]   File "/home/l00838859/cann/my-project/vllm/vllm/tracing/otel.py", line 178, in sync_wrapper
(Worker_DP5_TP1_EP11 pid=338277) ERROR 07-27 19:30:39 [multiproc_executor.py:1007]     return func(*args, **kwargs)
(Worker_DP5_TP1_EP11 pid=338277) ERROR 07-27 19:30:39 [multiproc_executor.py:1007]            ^^^^^^^^^^^^^^^^^^^^^
(Worker_DP5_TP1_EP11 pid=338277) ERROR 07-27 19:30:39 [multiproc_executor.py:1007]   File "/home/l00838859/cann/my-project/vllm/vllm/v1/worker/gpu_model_runner.py", line 6712, in capture_model
(Worker_DP5_TP1_EP11 pid=338277) ERROR 07-27 19:30:39 [multiproc_executor.py:1007]     self._capture_cudagraphs(
(Worker_DP5_TP1_EP11 pid=338277) ERROR 07-27 19:30:39 [multiproc_executor.py:1007]   File "/home/l00838859/cann/my-project/vllm/vllm/v1/worker/gpu_model_runner.py", line 6828, in _capture_cudagraphs
(Worker_DP5_TP1_EP11 pid=338277) ERROR 07-27 19:30:39 [multiproc_executor.py:1007]     self._warmup_and_capture(
(Worker_DP5_TP1_EP11 pid=338277) ERROR 07-27 19:30:39 [multiproc_executor.py:1007]   File "/home/l00838859/cann/my-project/vllm/vllm/v1/worker/gpu_model_runner.py", line 6774, in _warmup_and_capture
(Worker_DP5_TP1_EP11 pid=338277) ERROR 07-27 19:30:39 [multiproc_executor.py:1007]     self._dummy_run(
(Worker_DP5_TP1_EP11 pid=338277) ERROR 07-27 19:30:39 [multiproc_executor.py:1007]   File "/usr/local/lib/python3.11/site-packages/torch/utils/_contextlib.py", line 124, in decorate_context
(Worker_DP5_TP1_EP11 pid=338277) ERROR 07-27 19:30:39 [multiproc_executor.py:1007]     return func(*args, **kwargs)
(Worker_DP5_TP1_EP11 pid=338277) ERROR 07-27 19:30:39 [multiproc_executor.py:1007]            ^^^^^^^^^^^^^^^^^^^^^
(Worker_DP5_TP1_EP11 pid=338277) ERROR 07-27 19:30:39 [multiproc_executor.py:1007]   File "/home/l00838859/cann/my-project/vllm-ascend/vllm_ascend/worker/model_runner_v1.py", line 3712, in _dummy_run
(Worker_DP5_TP1_EP11 pid=338277) ERROR 07-27 19:30:39 [multiproc_executor.py:1007]     self.drafter.dummy_run(
(Worker_DP5_TP1_EP11 pid=338277) ERROR 07-27 19:30:39 [multiproc_executor.py:1007]   File "/usr/local/lib/python3.11/site-packages/torch/utils/_contextlib.py", line 124, in decorate_context
(Worker_DP5_TP1_EP11 pid=338277) ERROR 07-27 19:30:39 [multiproc_executor.py:1007]     return func(*args, **kwargs)
(Worker_DP5_TP1_EP11 pid=338277) ERROR 07-27 19:30:39 [multiproc_executor.py:1007]            ^^^^^^^^^^^^^^^^^^^^^
(Worker_DP5_TP1_EP11 pid=338277) ERROR 07-27 19:30:39 [multiproc_executor.py:1007]   File "/home/l00838859/cann/my-project/vllm-ascend/vllm_ascend/spec_decode/llm_base_proposer.py", line 727, in dummy_run
(Worker_DP5_TP1_EP11 pid=338277) ERROR 07-27 19:30:39 [multiproc_executor.py:1007]     self._runnable(
(Worker_DP5_TP1_EP11 pid=338277) ERROR 07-27 19:30:39 [multiproc_executor.py:1007]   File "/home/l00838859/cann/my-project/vllm-ascend/vllm_ascend/compilation/acl_graph.py", line 205, in __call__
(Worker_DP5_TP1_EP11 pid=338277) ERROR 07-27 19:30:39 [multiproc_executor.py:1007]     output = self.runnable(*args, **kwargs)
(Worker_DP5_TP1_EP11 pid=338277) ERROR 07-27 19:30:39 [multiproc_executor.py:1007]              ^^^^^^^^^^^^^^^^^^^^^^^^^^^^^^
(Worker_DP5_TP1_EP11 pid=338277) ERROR 07-27 19:30:39 [multiproc_executor.py:1007]   File "/home/l00838859/cann/my-project/vllm-ascend/vllm_ascend/spec_decode/llm_base_proposer.py", line 1209, in _run_merged_draft
(Worker_DP5_TP1_EP11 pid=338277) ERROR 07-27 19:30:39 [multiproc_executor.py:1007]     else dummy_compute_logits(sample_hidden_states)
(Worker_DP5_TP1_EP11 pid=338277) ERROR 07-27 19:30:39 [multiproc_executor.py:1007]          ^^^^^^^^^^^^^^^^^^^^^^^^^^^^^^^^^^^^^^^^^^
(Worker_DP5_TP1_EP11 pid=338277) ERROR 07-27 19:30:39 [multiproc_executor.py:1007]   File "/home/l00838859/cann/my-project/vllm-ascend/vllm_ascend/worker/model_runner_v1.py", line 3685, in dummy_drafter_compute_logits
(Worker_DP5_TP1_EP11 pid=338277) ERROR 07-27 19:30:39 [multiproc_executor.py:1007]     hidden_states = hidden_states[dummy_indices]
(Worker_DP5_TP1_EP11 pid=338277) ERROR 07-27 19:30:39 [multiproc_executor.py:1007]                     ~~~~~~~~~~~~~^^^^^^^^^^^^^^^
(Worker_DP5_TP1_EP11 pid=338277) ERROR 07-27 19:30:39 [multiproc_executor.py:1007] RuntimeError: copy_between_host_and_device_opapi:../torch_npu/csrc/aten/ops/op_api/CopyKernelOpApi.cpp:55 NPU function error: aclrtMemcpy, error code is 107030
(Worker_DP5_TP1_EP11 pid=338277) ERROR 07-27 19:30:39 [multiproc_executor.py:1007] [ERROR] 2026-07-27-19:30:38 (PID:338277, Device:11, RankID:-1) ERR00100 PTA call acl api failed.
(Worker_DP5_TP1_EP11 pid=338277) ERROR 07-27 19:30:39 [multiproc_executor.py:1007] EE9999: Inner Error!
(Worker_DP5_TP1_EP11 pid=338277) ERROR 07-27 19:30:39 [multiproc_executor.py:1007] EE9999[PID: 338277] 2026-07-27-19:30:38.518.442 (EE9999):  Not allow to synchronize captured-stream, stream_id=32.[FUNC:StreamSynchronize][FILE:api_error.cc][LINE:1016]
(Worker_DP5_TP1_EP11 pid=338277) ERROR 07-27 19:30:39 [multiproc_executor.py:1007]         TraceBack (most recent call last):
(Worker_DP5_TP1_EP11 pid=338277) ERROR 07-27 19:30:39 [multiproc_executor.py:1007]        rtStreamSynchronize execution failed, reason=stream is captured[FUNC:FuncErrorReason][FILE:error_message_manage.cc][LINE:65]
(Worker_DP5_TP1_EP11 pid=338277) ERROR 07-27 19:30:39 [multiproc_executor.py:1007]        synchronize stream failed, runtime result = 107027[FUNC:ReportCallError][FILE:log_inner.cpp][LINE:148]
(Worker_DP5_TP1_EP11 pid=338277) ERROR 07-27 19:30:39 [multiproc_executor.py:1007]        rtMemcpy execution failed, reason=the current capture mode does not support this operation[FUNC:FuncErrorReason][FILE:error_message_manage.cc][LINE:65]
(Worker_DP5_TP1_EP11 pid=338277) ERROR 07-27 19:30:39 [multiproc_executor.py:1007]        synchronized memcpy failed, kind = 1, runtime result = 107030[FUNC:ReportCallError][FILE:log_inner.cpp][LINE:148]
(Worker_DP5_TP1_EP11 pid=338277) ERROR 07-27 19:30:39 [multiproc_executor.py:1007] 
(Worker_DP5_TP1_EP11 pid=338277) ERROR 07-27 19:30:39 [multiproc_executor.py:1007] 
(Worker_DP5_TP1_EP11 pid=338277) ERROR 07-27 19:30:39 [multiproc_executor.py:1007] During handling of the above exception, another exception occurred:
(Worker_DP5_TP1_EP11 pid=338277) ERROR 07-27 19:30:39 [multiproc_executor.py:1007] 
(Worker_DP5_TP1_EP11 pid=338277) ERROR 07-27 19:30:39 [multiproc_executor.py:1007] Traceback (most recent call last):
(Worker_DP5_TP1_EP11 pid=338277) ERROR 07-27 19:30:39 [multiproc_executor.py:1007]   File "/home/l00838859/cann/my-project/vllm-ascend/vllm_ascend/worker/model_runner_v1.py", line 5198, in _torch_cuda_wrapper
(Worker_DP5_TP1_EP11 pid=338277) ERROR 07-27 19:30:39 [multiproc_executor.py:1007]     yield
(Worker_DP5_TP1_EP11 pid=338277) ERROR 07-27 19:30:39 [multiproc_executor.py:1007]   File "/home/l00838859/cann/my-project/vllm-ascend/vllm_ascend/worker/model_runner_v1.py", line 5101, in capture_model
(Worker_DP5_TP1_EP11 pid=338277) ERROR 07-27 19:30:39 [multiproc_executor.py:1007]     with _torch_cuda_wrapper(), _replace_gpu_model_runner_function_wrapper(parent_module_name):
(Worker_DP5_TP1_EP11 pid=338277) ERROR 07-27 19:30:39 [multiproc_executor.py:1007]   File "/usr/local/lib/python3.11/contextlib.py", line 158, in __exit__
(Worker_DP5_TP1_EP11 pid=338277) ERROR 07-27 19:30:39 [multiproc_executor.py:1007]     self.gen.throw(typ, value, traceback)
(Worker_DP5_TP1_EP11 pid=338277) ERROR 07-27 19:30:39 [multiproc_executor.py:1007]   File "/home/l00838859/cann/my-project/vllm-ascend/vllm_ascend/worker/model_runner_v1.py", line 5244, in _replace_gpu_model_runner_function_wrapper
(Worker_DP5_TP1_EP11 pid=338277) ERROR 07-27 19:30:39 [multiproc_executor.py:1007]     raise RuntimeError(f"NPUModelRunner failed, error is {e}")
(Worker_DP5_TP1_EP11 pid=338277) ERROR 07-27 19:30:39 [multiproc_executor.py:1007] RuntimeError: NPUModelRunner failed, error is copy_between_host_and_device_opapi:../torch_npu/csrc/aten/ops/op_api/CopyKernelOpApi.cpp:55 NPU function error: aclrtMemcpy, error code is 107030
(Worker_DP5_TP1_EP11 pid=338277) ERROR 07-27 19:30:39 [multiproc_executor.py:1007] [ERROR] 2026-07-27-19:30:38 (PID:338277, Device:11, RankID:-1) ERR00100 PTA call acl api failed.
(Worker_DP5_TP1_EP11 pid=338277) ERROR 07-27 19:30:39 [multiproc_executor.py:1007] EE9999: Inner Error!
(Worker_DP5_TP1_EP11 pid=338277) ERROR 07-27 19:30:39 [multiproc_executor.py:1007] EE9999[PID: 338277] 2026-07-27-19:30:38.518.442 (EE9999):  Not allow to synchronize captured-stream, stream_id=32.[FUNC:StreamSynchronize][FILE:api_error.cc][LINE:1016]
(Worker_DP5_TP1_EP11 pid=338277) ERROR 07-27 19:30:39 [multiproc_executor.py:1007]         TraceBack (most recent call last):
(Worker_DP5_TP1_EP11 pid=338277) ERROR 07-27 19:30:39 [multiproc_executor.py:1007]        rtStreamSynchronize execution failed, reason=stream is captured[FUNC:FuncErrorReason][FILE:error_message_manage.cc][LINE:65]
(Worker_DP5_TP1_EP11 pid=338277) ERROR 07-27 19:30:39 [multiproc_executor.py:1007]        synchronize stream failed, runtime result = 107027[FUNC:ReportCallError][FILE:log_inner.cpp][LINE:148]
(Worker_DP5_TP1_EP11 pid=338277) ERROR 07-27 19:30:39 [multiproc_executor.py:1007]        rtMemcpy execution failed, reason=the current capture mode does not support this operation[FUNC:FuncErrorReason][FILE:error_message_manage.cc][LINE:65]
(Worker_DP5_TP1_EP11 pid=338277) ERROR 07-27 19:30:39 [multiproc_executor.py:1007]        synchronized memcpy failed, kind = 1, runtime result = 107030[FUNC:ReportCallError][FILE:log_inner.cpp][LINE:148]
(Worker_DP5_TP1_EP11 pid=338277) ERROR 07-27 19:30:39 [multiproc_executor.py:1007] 
(Worker_DP5_TP1_EP11 pid=338277) ERROR 07-27 19:30:39 [multiproc_executor.py:1007] 
(Worker_DP5_TP1_EP11 pid=338277) ERROR 07-27 19:30:39 [multiproc_executor.py:1007] During handling of the above exception, another exception occurred:
(Worker_DP5_TP1_EP11 pid=338277) ERROR 07-27 19:30:39 [multiproc_executor.py:1007] 
(Worker_DP5_TP1_EP11 pid=338277) ERROR 07-27 19:30:39 [multiproc_executor.py:1007] Traceback (most recent call last):
(Worker_DP5_TP1_EP11 pid=338277) ERROR 07-27 19:30:39 [multiproc_executor.py:1007]   File "/home/l00838859/cann/my-project/vllm/vllm/v1/executor/multiproc_executor.py", line 999, in worker_busy_loop
(Worker_DP5_TP1_EP11 pid=338277) ERROR 07-27 19:30:39 [multiproc_executor.py:1007]     output = func(*args, **kwargs)
(Worker_DP5_TP1_EP11 pid=338277) ERROR 07-27 19:30:39 [multiproc_executor.py:1007]              ^^^^^^^^^^^^^^^^^^^^^
(Worker_DP5_TP1_EP11 pid=338277) ERROR 07-27 19:30:39 [multiproc_executor.py:1007]   File "/home/l00838859/cann/my-project/vllm-ascend/vllm_ascend/worker/worker.py", line 770, in compile_or_warm_up_model
(Worker_DP5_TP1_EP11 pid=338277) ERROR 07-27 19:30:39 [multiproc_executor.py:1007]     npugraph_memory_bytes = self.model_runner.capture_model()
(Worker_DP5_TP1_EP11 pid=338277) ERROR 07-27 19:30:39 [multiproc_executor.py:1007]                             ^^^^^^^^^^^^^^^^^^^^^^^^^^^^^^^^^
(Worker_DP5_TP1_EP11 pid=338277) ERROR 07-27 19:30:39 [multiproc_executor.py:1007]   File "/home/l00838859/cann/my-project/vllm-ascend/vllm_ascend/worker/model_runner_v1.py", line 5101, in capture_model
(Worker_DP5_TP1_EP11 pid=338277) ERROR 07-27 19:30:39 [multiproc_executor.py:1007]     with _torch_cuda_wrapper(), _replace_gpu_model_runner_function_wrapper(parent_module_name):
(Worker_DP5_TP1_EP11 pid=338277) ERROR 07-27 19:30:39 [multiproc_executor.py:1007]   File "/usr/local/lib/python3.11/contextlib.py", line 158, in __exit__
(Worker_DP5_TP1_EP11 pid=338277) ERROR 07-27 19:30:39 [multiproc_executor.py:1007]     self.gen.throw(typ, value, traceback)
(Worker_DP5_TP1_EP11 pid=338277) ERROR 07-27 19:30:39 [multiproc_executor.py:1007]   File "/home/l00838859/cann/my-project/vllm-ascend/vllm_ascend/worker/model_runner_v1.py", line 5208, in _torch_cuda_wrapper
(Worker_DP5_TP1_EP11 pid=338277) ERROR 07-27 19:30:39 [multiproc_executor.py:1007]     raise RuntimeError(f"NPUModelRunner init failed, error is {e}")
(Worker_DP5_TP1_EP11 pid=338277) ERROR 07-27 19:30:39 [multiproc_executor.py:1007] RuntimeError: NPUModelRunner init failed, error is NPUModelRunner failed, error is copy_between_host_and_device_opapi:../torch_npu/csrc/aten/ops/op_api/CopyKernelOpApi.cpp:55 NPU function error: aclrtMemcpy, error code is 107030
(Worker_DP5_TP1_EP11 pid=338277) ERROR 07-27 19:30:39 [multiproc_executor.py:1007] [ERROR] 2026-07-27-19:30:38 (PID:338277, Device:11, RankID:-1) ERR00100 PTA call acl api failed.
(Worker_DP5_TP1_EP11 pid=338277) ERROR 07-27 19:30:39 [multiproc_executor.py:1007] EE9999: Inner Error!
(Worker_DP5_TP1_EP11 pid=338277) ERROR 07-27 19:30:39 [multiproc_executor.py:1007] EE9999[PID: 338277] 2026-07-27-19:30:38.518.442 (EE9999):  Not allow to synchronize captured-stream, stream_id=32.[FUNC:StreamSynchronize][FILE:api_error.cc][LINE:1016]
(Worker_DP5_TP1_EP11 pid=338277) ERROR 07-27 19:30:39 [multiproc_executor.py:1007]         TraceBack (most recent call last):
(Worker_DP5_TP1_EP11 pid=338277) ERROR 07-27 19:30:39 [multiproc_executor.py:1007]        rtStreamSynchronize execution failed, reason=stream is captured[FUNC:FuncErrorReason][FILE:error_message_manage.cc][LINE:65]
(Worker_DP5_TP1_EP11 pid=338277) ERROR 07-27 19:30:39 [multiproc_executor.py:1007]        synchronize stream failed, runtime result = 107027[FUNC:ReportCallError][FILE:log_inner.cpp][LINE:148]
(Worker_DP5_TP1_EP11 pid=338277) ERROR 07-27 19:30:39 [multiproc_executor.py:1007]        rtMemcpy execution failed, reason=the current capture mode does not support this operation[FUNC:FuncErrorReason][FILE:error_message_manage.cc][LINE:65]
(Worker_DP5_TP1_EP11 pid=338277) ERROR 07-27 19:30:39 [multiproc_executor.py:1007]        synchronized memcpy failed, kind = 1, runtime result = 107030[FUNC:ReportCallError][FILE:log_inner.cpp][LINE:148]
(Worker_DP5_TP1_EP11 pid=338277) ERROR 07-27 19:30:39 [multiproc_executor.py:1007] 
(Worker_DP5_TP1_EP11 pid=338277) ERROR 07-27 19:30:39 [multiproc_executor.py:1007] 
(Worker_DP1_TP0_EP2 pid=337900) ERROR 07-27 19:30:39 [multiproc_executor.py:1007] WorkerProc hit an exception.
(Worker_DP1_TP0_EP2 pid=337900) ERROR 07-27 19:30:39 [multiproc_executor.py:1007] Traceback (most recent call last):
(Worker_DP1_TP0_EP2 pid=337900) ERROR 07-27 19:30:39 [multiproc_executor.py:1007]   File "/home/l00838859/cann/my-project/vllm-ascend/vllm_ascend/worker/model_runner_v1.py", line 5242, in _replace_gpu_model_runner_function_wrapper
(Worker_DP1_TP0_EP2 pid=337900) ERROR 07-27 19:30:39 [multiproc_executor.py:1007]     yield
(Worker_DP1_TP0_EP2 pid=337900) ERROR 07-27 19:30:39 [multiproc_executor.py:1007]   File "/home/l00838859/cann/my-project/vllm-ascend/vllm_ascend/worker/model_runner_v1.py", line 5102, in capture_model
(Worker_DP1_TP0_EP2 pid=337900) ERROR 07-27 19:30:39 [multiproc_executor.py:1007]     cuda_graph_size = GPUModelRunner.capture_model(self)
(Worker_DP1_TP0_EP2 pid=337900) ERROR 07-27 19:30:39 [multiproc_executor.py:1007]                       ^^^^^^^^^^^^^^^^^^^^^^^^^^^^^^^^^^
(Worker_DP1_TP0_EP2 pid=337900) ERROR 07-27 19:30:39 [multiproc_executor.py:1007]   File "/home/l00838859/cann/my-project/vllm/vllm/tracing/otel.py", line 178, in sync_wrapper
(Worker_DP1_TP0_EP2 pid=337900) ERROR 07-27 19:30:39 [multiproc_executor.py:1007]     return func(*args, **kwargs)
(Worker_DP1_TP0_EP2 pid=337900) ERROR 07-27 19:30:39 [multiproc_executor.py:1007]            ^^^^^^^^^^^^^^^^^^^^^
(Worker_DP1_TP0_EP2 pid=337900) ERROR 07-27 19:30:39 [multiproc_executor.py:1007]   File "/home/l00838859/cann/my-project/vllm/vllm/v1/worker/gpu_model_runner.py", line 6712, in capture_model
(Worker_DP1_TP0_EP2 pid=337900) ERROR 07-27 19:30:39 [multiproc_executor.py:1007]     self._capture_cudagraphs(
(Worker_DP1_TP0_EP2 pid=337900) ERROR 07-27 19:30:39 [multiproc_executor.py:1007]   File "/home/l00838859/cann/my-project/vllm/vllm/v1/worker/gpu_model_runner.py", line 6828, in _capture_cudagraphs
(Worker_DP1_TP0_EP2 pid=337900) ERROR 07-27 19:30:39 [multiproc_executor.py:1007]     self._warmup_and_capture(
(Worker_DP1_TP0_EP2 pid=337900) ERROR 07-27 19:30:39 [multiproc_executor.py:1007]   File "/home/l00838859/cann/my-project/vllm/vllm/v1/worker/gpu_model_runner.py", line 6774, in _warmup_and_capture
(Worker_DP1_TP0_EP2 pid=337900) ERROR 07-27 19:30:39 [multiproc_executor.py:1007]     self._dummy_run(
(Worker_DP1_TP0_EP2 pid=337900) ERROR 07-27 19:30:39 [multiproc_executor.py:1007]   File "/usr/local/lib/python3.11/site-packages/torch/utils/_contextlib.py", line 124, in decorate_context
(Worker_DP1_TP0_EP2 pid=337900) ERROR 07-27 19:30:39 [multiproc_executor.py:1007]     return func(*args, **kwargs)
(Worker_DP1_TP0_EP2 pid=337900) ERROR 07-27 19:30:39 [multiproc_executor.py:1007]            ^^^^^^^^^^^^^^^^^^^^^
(Worker_DP1_TP0_EP2 pid=337900) ERROR 07-27 19:30:39 [multiproc_executor.py:1007]   File "/home/l00838859/cann/my-project/vllm-ascend/vllm_ascend/worker/model_runner_v1.py", line 3712, in _dummy_run
(Worker_DP1_TP0_EP2 pid=337900) ERROR 07-27 19:30:39 [multiproc_executor.py:1007]     self.drafter.dummy_run(
(Worker_DP1_TP0_EP2 pid=337900) ERROR 07-27 19:30:39 [multiproc_executor.py:1007]   File "/usr/local/lib/python3.11/site-packages/torch/utils/_contextlib.py", line 124, in decorate_context
(Worker_DP1_TP0_EP2 pid=337900) ERROR 07-27 19:30:39 [multiproc_executor.py:1007]     return func(*args, **kwargs)
(Worker_DP1_TP0_EP2 pid=337900) ERROR 07-27 19:30:39 [multiproc_executor.py:1007]            ^^^^^^^^^^^^^^^^^^^^^
(Worker_DP1_TP0_EP2 pid=337900) ERROR 07-27 19:30:39 [multiproc_executor.py:1007]   File "/home/l00838859/cann/my-project/vllm-ascend/vllm_ascend/spec_decode/llm_base_proposer.py", line 727, in dummy_run
(Worker_DP1_TP0_EP2 pid=337900) ERROR 07-27 19:30:39 [multiproc_executor.py:1007]     self._runnable(
(Worker_DP1_TP0_EP2 pid=337900) ERROR 07-27 19:30:39 [multiproc_executor.py:1007]   File "/home/l00838859/cann/my-project/vllm-ascend/vllm_ascend/compilation/acl_graph.py", line 205, in __call__
(Worker_DP1_TP0_EP2 pid=337900) ERROR 07-27 19:30:39 [multiproc_executor.py:1007]     output = self.runnable(*args, **kwargs)
(Worker_DP1_TP0_EP2 pid=337900) ERROR 07-27 19:30:39 [multiproc_executor.py:1007]              ^^^^^^^^^^^^^^^^^^^^^^^^^^^^^^
(Worker_DP1_TP0_EP2 pid=337900) ERROR 07-27 19:30:39 [multiproc_executor.py:1007]   File "/home/l00838859/cann/my-project/vllm-ascend/vllm_ascend/spec_decode/llm_base_proposer.py", line 1209, in _run_merged_draft
(Worker_DP1_TP0_EP2 pid=337900) ERROR 07-27 19:30:39 [multiproc_executor.py:1007]     else dummy_compute_logits(sample_hidden_states)
(Worker_DP1_TP0_EP2 pid=337900) ERROR 07-27 19:30:39 [multiproc_executor.py:1007]          ^^^^^^^^^^^^^^^^^^^^^^^^^^^^^^^^^^^^^^^^^^
(Worker_DP1_TP0_EP2 pid=337900) ERROR 07-27 19:30:39 [multiproc_executor.py:1007]   File "/home/l00838859/cann/my-project/vllm-ascend/vllm_ascend/worker/model_runner_v1.py", line 3685, in dummy_drafter_compute_logits
(Worker_DP1_TP0_EP2 pid=337900) ERROR 07-27 19:30:39 [multiproc_executor.py:1007]     hidden_states = hidden_states[dummy_indices]
(Worker_DP1_TP0_EP2 pid=337900) ERROR 07-27 19:30:39 [multiproc_executor.py:1007]                     ~~~~~~~~~~~~~^^^^^^^^^^^^^^^
(Worker_DP1_TP0_EP2 pid=337900) ERROR 07-27 19:30:39 [multiproc_executor.py:1007] RuntimeError: copy_between_host_and_device_opapi:../torch_npu/csrc/aten/ops/op_api/CopyKernelOpApi.cpp:55 NPU function error: aclrtMemcpy, error code is 107030
(Worker_DP1_TP0_EP2 pid=337900) ERROR 07-27 19:30:39 [multiproc_executor.py:1007] [ERROR] 2026-07-27-19:30:38 (PID:337900, Device:2, RankID:-1) ERR00100 PTA call acl api failed.
(Worker_DP1_TP0_EP2 pid=337900) ERROR 07-27 19:30:39 [multiproc_executor.py:1007] [PID: 337900] 2026-07-27-19:30:21.789.798 Communication_Error_Bind_IP_Port(EI0019): Failed to enable listening for the host network adapter socket. Reason: The IP address 10.10.1.44 and port 65536 have already been bound.
(Worker_DP1_TP0_EP2 pid=337900) ERROR 07-27 19:30:39 [multiproc_executor.py:1007]         Solution: 1. Check whether this port has been occupied by another process. If yes, you can make adjustment using the environment variable HCCL_IF_BASE_PORT and use sysctl -w net.ipv4.ip_local_reserved_ports=****-**** to adjust the scope of reserved ports. 2. Check whether the service process is started multiple times on a device during this service.
(Worker_DP1_TP0_EP2 pid=337900) ERROR 07-27 19:30:39 [multiproc_executor.py:1007]         TraceBack (most recent call last):
(Worker_DP1_TP0_EP2 pid=337900) ERROR 07-27 19:30:39 [multiproc_executor.py:1007]         Not allow to synchronize captured-stream, stream_id=32.[FUNC:StreamSynchronize][FILE:api_error.cc][LINE:1016]
(Worker_DP1_TP0_EP2 pid=337900) ERROR 07-27 19:30:39 [multiproc_executor.py:1007]         rtStreamSynchronize execution failed, reason=stream is captured[FUNC:FuncErrorReason][FILE:error_message_manage.cc][LINE:65]
(Worker_DP1_TP0_EP2 pid=337900) ERROR 07-27 19:30:39 [multiproc_executor.py:1007]         synchronize stream failed, runtime result = 107027[FUNC:ReportCallError][FILE:log_inner.cpp][LINE:148]
(Worker_DP1_TP0_EP2 pid=337900) ERROR 07-27 19:30:39 [multiproc_executor.py:1007]         rtMemcpy execution failed, reason=the current capture mode does not support this operation[FUNC:FuncErrorReason][FILE:error_message_manage.cc][LINE:65]
(Worker_DP1_TP0_EP2 pid=337900) ERROR 07-27 19:30:39 [multiproc_executor.py:1007]         synchronized memcpy failed, kind = 1, runtime result = 107030[FUNC:ReportCallError][FILE:log_inner.cpp][LINE:148]
(Worker_DP1_TP0_EP2 pid=337900) ERROR 07-27 19:30:39 [multiproc_executor.py:1007] 
(Worker_DP1_TP0_EP2 pid=337900) ERROR 07-27 19:30:39 [multiproc_executor.py:1007] 
(Worker_DP1_TP0_EP2 pid=337900) ERROR 07-27 19:30:39 [multiproc_executor.py:1007] During handling of the above exception, another exception occurred:
(Worker_DP1_TP0_EP2 pid=337900) ERROR 07-27 19:30:39 [multiproc_executor.py:1007] 
(Worker_DP1_TP0_EP2 pid=337900) ERROR 07-27 19:30:39 [multiproc_executor.py:1007] Traceback (most recent call last):
(Worker_DP1_TP0_EP2 pid=337900) ERROR 07-27 19:30:39 [multiproc_executor.py:1007]   File "/home/l00838859/cann/my-project/vllm-ascend/vllm_ascend/worker/model_runner_v1.py", line 5198, in _torch_cuda_wrapper
(Worker_DP1_TP0_EP2 pid=337900) ERROR 07-27 19:30:39 [multiproc_executor.py:1007]     yield
(Worker_DP1_TP0_EP2 pid=337900) ERROR 07-27 19:30:39 [multiproc_executor.py:1007]   File "/home/l00838859/cann/my-project/vllm-ascend/vllm_ascend/worker/model_runner_v1.py", line 5101, in capture_model
(Worker_DP1_TP0_EP2 pid=337900) ERROR 07-27 19:30:39 [multiproc_executor.py:1007]     with _torch_cuda_wrapper(), _replace_gpu_model_runner_function_wrapper(parent_module_name):
(Worker_DP1_TP0_EP2 pid=337900) ERROR 07-27 19:30:39 [multiproc_executor.py:1007]   File "/usr/local/lib/python3.11/contextlib.py", line 158, in __exit__
(Worker_DP1_TP0_EP2 pid=337900) ERROR 07-27 19:30:39 [multiproc_executor.py:1007]     self.gen.throw(typ, value, traceback)
(Worker_DP1_TP0_EP2 pid=337900) ERROR 07-27 19:30:39 [multiproc_executor.py:1007]   File "/home/l00838859/cann/my-project/vllm-ascend/vllm_ascend/worker/model_runner_v1.py", line 5244, in _replace_gpu_model_runner_function_wrapper
(Worker_DP1_TP0_EP2 pid=337900) ERROR 07-27 19:30:39 [multiproc_executor.py:1007]     raise RuntimeError(f"NPUModelRunner failed, error is {e}")
(Worker_DP1_TP0_EP2 pid=337900) ERROR 07-27 19:30:39 [multiproc_executor.py:1007] RuntimeError: NPUModelRunner failed, error is copy_between_host_and_device_opapi:../torch_npu/csrc/aten/ops/op_api/CopyKernelOpApi.cpp:55 NPU function error: aclrtMemcpy, error code is 107030
(Worker_DP1_TP0_EP2 pid=337900) ERROR 07-27 19:30:39 [multiproc_executor.py:1007] [ERROR] 2026-07-27-19:30:38 (PID:337900, Device:2, RankID:-1) ERR00100 PTA call acl api failed.
(Worker_DP1_TP0_EP2 pid=337900) ERROR 07-27 19:30:39 [multiproc_executor.py:1007] [PID: 337900] 2026-07-27-19:30:21.789.798 Communication_Error_Bind_IP_Port(EI0019): Failed to enable listening for the host network adapter socket. Reason: The IP address 10.10.1.44 and port 65536 have already been bound.
(Worker_DP1_TP0_EP2 pid=337900) ERROR 07-27 19:30:39 [multiproc_executor.py:1007]         Solution: 1. Check whether this port has been occupied by another process. If yes, you can make adjustment using the environment variable HCCL_IF_BASE_PORT and use sysctl -w net.ipv4.ip_local_reserved_ports=****-**** to adjust the scope of reserved ports. 2. Check whether the service process is started multiple times on a device during this service.
(Worker_DP1_TP0_EP2 pid=337900) ERROR 07-27 19:30:39 [multiproc_executor.py:1007]         TraceBack (most recent call last):
(Worker_DP1_TP0_EP2 pid=337900) ERROR 07-27 19:30:39 [multiproc_executor.py:1007]         Not allow to synchronize captured-stream, stream_id=32.[FUNC:StreamSynchronize][FILE:api_error.cc][LINE:1016]
(Worker_DP1_TP0_EP2 pid=337900) ERROR 07-27 19:30:39 [multiproc_executor.py:1007]         rtStreamSynchronize execution failed, reason=stream is captured[FUNC:FuncErrorReason][FILE:error_message_manage.cc][LINE:65]
(Worker_DP1_TP0_EP2 pid=337900) ERROR 07-27 19:30:39 [multiproc_executor.py:1007]         synchronize stream failed, runtime result = 107027[FUNC:ReportCallError][FILE:log_inner.cpp][LINE:148]
(Worker_DP1_TP0_EP2 pid=337900) ERROR 07-27 19:30:39 [multiproc_executor.py:1007]         rtMemcpy execution failed, reason=the current capture mode does not support this operation[FUNC:FuncErrorReason][FILE:error_message_manage.cc][LINE:65]
(Worker_DP1_TP0_EP2 pid=337900) ERROR 07-27 19:30:39 [multiproc_executor.py:1007]         synchronized memcpy failed, kind = 1, runtime result = 107030[FUNC:ReportCallError][FILE:log_inner.cpp][LINE:148]
(Worker_DP1_TP0_EP2 pid=337900) ERROR 07-27 19:30:39 [multiproc_executor.py:1007] 
(Worker_DP1_TP0_EP2 pid=337900) ERROR 07-27 19:30:39 [multiproc_executor.py:1007] 
(Worker_DP1_TP0_EP2 pid=337900) ERROR 07-27 19:30:39 [multiproc_executor.py:1007] During handling of the above exception, another exception occurred:
(Worker_DP1_TP0_EP2 pid=337900) ERROR 07-27 19:30:39 [multiproc_executor.py:1007] 
(Worker_DP1_TP0_EP2 pid=337900) ERROR 07-27 19:30:39 [multiproc_executor.py:1007] Traceback (most recent call last):
(Worker_DP1_TP0_EP2 pid=337900) ERROR 07-27 19:30:39 [multiproc_executor.py:1007]   File "/home/l00838859/cann/my-project/vllm/vllm/v1/executor/multiproc_executor.py", line 999, in worker_busy_loop
(Worker_DP1_TP0_EP2 pid=337900) ERROR 07-27 19:30:39 [multiproc_executor.py:1007]     output = func(*args, **kwargs)
(Worker_DP1_TP0_EP2 pid=337900) ERROR 07-27 19:30:39 [multiproc_executor.py:1007]              ^^^^^^^^^^^^^^^^^^^^^
(Worker_DP1_TP0_EP2 pid=337900) ERROR 07-27 19:30:39 [multiproc_executor.py:1007]   File "/home/l00838859/cann/my-project/vllm-ascend/vllm_ascend/worker/worker.py", line 770, in compile_or_warm_up_model
(Worker_DP1_TP0_EP2 pid=337900) ERROR 07-27 19:30:39 [multiproc_executor.py:1007]     npugraph_memory_bytes = self.model_runner.capture_model()
(Worker_DP1_TP0_EP2 pid=337900) ERROR 07-27 19:30:39 [multiproc_executor.py:1007]                             ^^^^^^^^^^^^^^^^^^^^^^^^^^^^^^^^^
(Worker_DP1_TP0_EP2 pid=337900) ERROR 07-27 19:30:39 [multiproc_executor.py:1007]   File "/home/l00838859/cann/my-project/vllm-ascend/vllm_ascend/worker/model_runner_v1.py", line 5101, in capture_model
(Worker_DP1_TP0_EP2 pid=337900) ERROR 07-27 19:30:39 [multiproc_executor.py:1007]     with _torch_cuda_wrapper(), _replace_gpu_model_runner_function_wrapper(parent_module_name):
(Worker_DP1_TP0_EP2 pid=337900) ERROR 07-27 19:30:39 [multiproc_executor.py:1007]   File "/usr/local/lib/python3.11/contextlib.py", line 158, in __exit__
(Worker_DP1_TP0_EP2 pid=337900) ERROR 07-27 19:30:39 [multiproc_executor.py:1007]     self.gen.throw(typ, value, traceback)
(Worker_DP1_TP0_EP2 pid=337900) ERROR 07-27 19:30:39 [multiproc_executor.py:1007]   File "/home/l00838859/cann/my-project/vllm-ascend/vllm_ascend/worker/model_runner_v1.py", line 5208, in _torch_cuda_wrapper
(Worker_DP1_TP0_EP2 pid=337900) ERROR 07-27 19:30:39 [multiproc_executor.py:1007]     raise RuntimeError(f"NPUModelRunner init failed, error is {e}")
(Worker_DP1_TP0_EP2 pid=337900) ERROR 07-27 19:30:39 [multiproc_executor.py:1007] RuntimeError: NPUModelRunner init failed, error is NPUModelRunner failed, error is copy_between_host_and_device_opapi:../torch_npu/csrc/aten/ops/op_api/CopyKernelOpApi.cpp:55 NPU function error: aclrtMemcpy, error code is 107030
(Worker_DP1_TP0_EP2 pid=337900) ERROR 07-27 19:30:39 [multiproc_executor.py:1007] [ERROR] 2026-07-27-19:30:38 (PID:337900, Device:2, RankID:-1) ERR00100 PTA call acl api failed.
(Worker_DP1_TP0_EP2 pid=337900) ERROR 07-27 19:30:39 [multiproc_executor.py:1007] [PID: 337900] 2026-07-27-19:30:21.789.798 Communication_Error_Bind_IP_Port(EI0019): Failed to enable listening for the host network adapter socket. Reason: The IP address 10.10.1.44 and port 65536 have already been bound.
(Worker_DP1_TP0_EP2 pid=337900) ERROR 07-27 19:30:39 [multiproc_executor.py:1007]         Solution: 1. Check whether this port has been occupied by another process. If yes, you can make adjustment using the environment variable HCCL_IF_BASE_PORT and use sysctl -w net.ipv4.ip_local_reserved_ports=****-**** to adjust the scope of reserved ports. 2. Check whether the service process is started multiple times on a device during this service.
(Worker_DP1_TP0_EP2 pid=337900) ERROR 07-27 19:30:39 [multiproc_executor.py:1007]         TraceBack (most recent call last):
(Worker_DP1_TP0_EP2 pid=337900) ERROR 07-27 19:30:39 [multiproc_executor.py:1007]         Not allow to synchronize captured-stream, stream_id=32.[FUNC:StreamSynchronize][FILE:api_error.cc][LINE:1016]
(Worker_DP1_TP0_EP2 pid=337900) ERROR 07-27 19:30:39 [multiproc_executor.py:1007]         rtStreamSynchronize execution failed, reason=stream is captured[FUNC:FuncErrorReason][FILE:error_message_manage.cc][LINE:65]
(Worker_DP1_TP0_EP2 pid=337900) ERROR 07-27 19:30:39 [multiproc_executor.py:1007]         synchronize stream failed, runtime result = 107027[FUNC:ReportCallError][FILE:log_inner.cpp][LINE:148]
(Worker_DP1_TP0_EP2 pid=337900) ERROR 07-27 19:30:39 [multiproc_executor.py:1007]         rtMemcpy execution failed, reason=the current capture mode does not support this operation[FUNC:FuncErrorReason][FILE:error_message_manage.cc][LINE:65]
(Worker_DP1_TP0_EP2 pid=337900) ERROR 07-27 19:30:39 [multiproc_executor.py:1007]         synchronized memcpy failed, kind = 1, runtime result = 107030[FUNC:ReportCallError][FILE:log_inner.cpp][LINE:148]
(Worker_DP1_TP0_EP2 pid=337900) ERROR 07-27 19:30:39 [multiproc_executor.py:1007] 
(Worker_DP1_TP0_EP2 pid=337900) ERROR 07-27 19:30:39 [multiproc_executor.py:1007] Traceback (most recent call last):
(Worker_DP1_TP0_EP2 pid=337900) ERROR 07-27 19:30:39 [multiproc_executor.py:1007]   File "/home/l00838859/cann/my-project/vllm-ascend/vllm_ascend/worker/model_runner_v1.py", line 5242, in _replace_gpu_model_runner_function_wrapper
(Worker_DP1_TP0_EP2 pid=337900) ERROR 07-27 19:30:39 [multiproc_executor.py:1007]     yield
(Worker_DP1_TP0_EP2 pid=337900) ERROR 07-27 19:30:39 [multiproc_executor.py:1007]   File "/home/l00838859/cann/my-project/vllm-ascend/vllm_ascend/worker/model_runner_v1.py", line 5102, in capture_model
(Worker_DP1_TP0_EP2 pid=337900) ERROR 07-27 19:30:39 [multiproc_executor.py:1007]     cuda_graph_size = GPUModelRunner.capture_model(self)
(Worker_DP1_TP0_EP2 pid=337900) ERROR 07-27 19:30:39 [multiproc_executor.py:1007]                       ^^^^^^^^^^^^^^^^^^^^^^^^^^^^^^^^^^
(Worker_DP1_TP0_EP2 pid=337900) ERROR 07-27 19:30:39 [multiproc_executor.py:1007]   File "/home/l00838859/cann/my-project/vllm/vllm/tracing/otel.py", line 178, in sync_wrapper
(Worker_DP1_TP0_EP2 pid=337900) ERROR 07-27 19:30:39 [multiproc_executor.py:1007]     return func(*args, **kwargs)
(Worker_DP1_TP0_EP2 pid=337900) ERROR 07-27 19:30:39 [multiproc_executor.py:1007]            ^^^^^^^^^^^^^^^^^^^^^
(Worker_DP1_TP0_EP2 pid=337900) ERROR 07-27 19:30:39 [multiproc_executor.py:1007]   File "/home/l00838859/cann/my-project/vllm/vllm/v1/worker/gpu_model_runner.py", line 6712, in capture_model
(Worker_DP1_TP0_EP2 pid=337900) ERROR 07-27 19:30:39 [multiproc_executor.py:1007]     self._capture_cudagraphs(
(Worker_DP1_TP0_EP2 pid=337900) ERROR 07-27 19:30:39 [multiproc_executor.py:1007]   File "/home/l00838859/cann/my-project/vllm/vllm/v1/worker/gpu_model_runner.py", line 6828, in _capture_cudagraphs
(Worker_DP1_TP0_EP2 pid=337900) ERROR 07-27 19:30:39 [multiproc_executor.py:1007]     self._warmup_and_capture(
(Worker_DP1_TP0_EP2 pid=337900) ERROR 07-27 19:30:39 [multiproc_executor.py:1007]   File "/home/l00838859/cann/my-project/vllm/vllm/v1/worker/gpu_model_runner.py", line 6774, in _warmup_and_capture
(Worker_DP1_TP0_EP2 pid=337900) ERROR 07-27 19:30:39 [multiproc_executor.py:1007]     self._dummy_run(
(Worker_DP1_TP0_EP2 pid=337900) ERROR 07-27 19:30:39 [multiproc_executor.py:1007]   File "/usr/local/lib/python3.11/site-packages/torch/utils/_contextlib.py", line 124, in decorate_context
(Worker_DP1_TP0_EP2 pid=337900) ERROR 07-27 19:30:39 [multiproc_executor.py:1007]     return func(*args, **kwargs)
(Worker_DP1_TP0_EP2 pid=337900) ERROR 07-27 19:30:39 [multiproc_executor.py:1007]            ^^^^^^^^^^^^^^^^^^^^^
(Worker_DP1_TP0_EP2 pid=337900) ERROR 07-27 19:30:39 [multiproc_executor.py:1007]   File "/home/l00838859/cann/my-project/vllm-ascend/vllm_ascend/worker/model_runner_v1.py", line 3712, in _dummy_run
(Worker_DP1_TP0_EP2 pid=337900) ERROR 07-27 19:30:39 [multiproc_executor.py:1007]     self.drafter.dummy_run(
(Worker_DP1_TP0_EP2 pid=337900) ERROR 07-27 19:30:39 [multiproc_executor.py:1007]   File "/usr/local/lib/python3.11/site-packages/torch/utils/_contextlib.py", line 124, in decorate_context
(Worker_DP1_TP0_EP2 pid=337900) ERROR 07-27 19:30:39 [multiproc_executor.py:1007]     return func(*args, **kwargs)
(Worker_DP1_TP0_EP2 pid=337900) ERROR 07-27 19:30:39 [multiproc_executor.py:1007]            ^^^^^^^^^^^^^^^^^^^^^
(Worker_DP1_TP0_EP2 pid=337900) ERROR 07-27 19:30:39 [multiproc_executor.py:1007]   File "/home/l00838859/cann/my-project/vllm-ascend/vllm_ascend/spec_decode/llm_base_proposer.py", line 727, in dummy_run
(Worker_DP1_TP0_EP2 pid=337900) ERROR 07-27 19:30:39 [multiproc_executor.py:1007]     self._runnable(
(Worker_DP1_TP0_EP2 pid=337900) ERROR 07-27 19:30:39 [multiproc_executor.py:1007]   File "/home/l00838859/cann/my-project/vllm-ascend/vllm_ascend/compilation/acl_graph.py", line 205, in __call__
(Worker_DP1_TP0_EP2 pid=337900) ERROR 07-27 19:30:39 [multiproc_executor.py:1007]     output = self.runnable(*args, **kwargs)
(Worker_DP1_TP0_EP2 pid=337900) ERROR 07-27 19:30:39 [multiproc_executor.py:1007]              ^^^^^^^^^^^^^^^^^^^^^^^^^^^^^^
(Worker_DP1_TP0_EP2 pid=337900) ERROR 07-27 19:30:39 [multiproc_executor.py:1007]   File "/home/l00838859/cann/my-project/vllm-ascend/vllm_ascend/spec_decode/llm_base_proposer.py", line 1209, in _run_merged_draft
(Worker_DP1_TP0_EP2 pid=337900) ERROR 07-27 19:30:39 [multiproc_executor.py:1007]     else dummy_compute_logits(sample_hidden_states)
(Worker_DP1_TP0_EP2 pid=337900) ERROR 07-27 19:30:39 [multiproc_executor.py:1007]          ^^^^^^^^^^^^^^^^^^^^^^^^^^^^^^^^^^^^^^^^^^
(Worker_DP1_TP0_EP2 pid=337900) ERROR 07-27 19:30:39 [multiproc_executor.py:1007]   File "/home/l00838859/cann/my-project/vllm-ascend/vllm_ascend/worker/model_runner_v1.py", line 3685, in dummy_drafter_compute_logits
(Worker_DP1_TP0_EP2 pid=337900) ERROR 07-27 19:30:39 [multiproc_executor.py:1007]     hidden_states = hidden_states[dummy_indices]
(Worker_DP1_TP0_EP2 pid=337900) ERROR 07-27 19:30:39 [multiproc_executor.py:1007]                     ~~~~~~~~~~~~~^^^^^^^^^^^^^^^
(Worker_DP1_TP0_EP2 pid=337900) ERROR 07-27 19:30:39 [multiproc_executor.py:1007] RuntimeError: copy_between_host_and_device_opapi:../torch_npu/csrc/aten/ops/op_api/CopyKernelOpApi.cpp:55 NPU function error: aclrtMemcpy, error code is 107030
(Worker_DP1_TP0_EP2 pid=337900) ERROR 07-27 19:30:39 [multiproc_executor.py:1007] [ERROR] 2026-07-27-19:30:38 (PID:337900, Device:2, RankID:-1) ERR00100 PTA call acl api failed.
(Worker_DP1_TP0_EP2 pid=337900) ERROR 07-27 19:30:39 [multiproc_executor.py:1007] [PID: 337900] 2026-07-27-19:30:21.789.798 Communication_Error_Bind_IP_Port(EI0019): Failed to enable listening for the host network adapter socket. Reason: The IP address 10.10.1.44 and port 65536 have already been bound.
(Worker_DP1_TP0_EP2 pid=337900) ERROR 07-27 19:30:39 [multiproc_executor.py:1007]         Solution: 1. Check whether this port has been occupied by another process. If yes, you can make adjustment using the environment variable HCCL_IF_BASE_PORT and use sysctl -w net.ipv4.ip_local_reserved_ports=****-**** to adjust the scope of reserved ports. 2. Check whether the service process is started multiple times on a device during this service.
(Worker_DP1_TP0_EP2 pid=337900) ERROR 07-27 19:30:39 [multiproc_executor.py:1007]         TraceBack (most recent call last):
(Worker_DP1_TP0_EP2 pid=337900) ERROR 07-27 19:30:39 [multiproc_executor.py:1007]         Not allow to synchronize captured-stream, stream_id=32.[FUNC:StreamSynchronize][FILE:api_error.cc][LINE:1016]
(Worker_DP1_TP0_EP2 pid=337900) ERROR 07-27 19:30:39 [multiproc_executor.py:1007]         rtStreamSynchronize execution failed, reason=stream is captured[FUNC:FuncErrorReason][FILE:error_message_manage.cc][LINE:65]
(Worker_DP1_TP0_EP2 pid=337900) ERROR 07-27 19:30:39 [multiproc_executor.py:1007]         synchronize stream failed, runtime result = 107027[FUNC:ReportCallError][FILE:log_inner.cpp][LINE:148]
(Worker_DP1_TP0_EP2 pid=337900) ERROR 07-27 19:30:39 [multiproc_executor.py:1007]         rtMemcpy execution failed, reason=the current capture mode does not support this operation[FUNC:FuncErrorReason][FILE:error_message_manage.cc][LINE:65]
(Worker_DP1_TP0_EP2 pid=337900) ERROR 07-27 19:30:39 [multiproc_executor.py:1007]         synchronized memcpy failed, kind = 1, runtime result = 107030[FUNC:ReportCallError][FILE:log_inner.cpp][LINE:148]
(Worker_DP1_TP0_EP2 pid=337900) ERROR 07-27 19:30:39 [multiproc_executor.py:1007] 
(Worker_DP1_TP0_EP2 pid=337900) ERROR 07-27 19:30:39 [multiproc_executor.py:1007] 
(Worker_DP1_TP0_EP2 pid=337900) ERROR 07-27 19:30:39 [multiproc_executor.py:1007] During handling of the above exception, another exception occurred:
(Worker_DP1_TP0_EP2 pid=337900) ERROR 07-27 19:30:39 [multiproc_executor.py:1007] 
(Worker_DP1_TP0_EP2 pid=337900) ERROR 07-27 19:30:39 [multiproc_executor.py:1007] Traceback (most recent call last):
(Worker_DP1_TP0_EP2 pid=337900) ERROR 07-27 19:30:39 [multiproc_executor.py:1007]   File "/home/l00838859/cann/my-project/vllm-ascend/vllm_ascend/worker/model_runner_v1.py", line 5198, in _torch_cuda_wrapper
(Worker_DP1_TP0_EP2 pid=337900) ERROR 07-27 19:30:39 [multiproc_executor.py:1007]     yield
(Worker_DP1_TP0_EP2 pid=337900) ERROR 07-27 19:30:39 [multiproc_executor.py:1007]   File "/home/l00838859/cann/my-project/vllm-ascend/vllm_ascend/worker/model_runner_v1.py", line 5101, in capture_model
(Worker_DP1_TP0_EP2 pid=337900) ERROR 07-27 19:30:39 [multiproc_executor.py:1007]     with _torch_cuda_wrapper(), _replace_gpu_model_runner_function_wrapper(parent_module_name):
(Worker_DP1_TP0_EP2 pid=337900) ERROR 07-27 19:30:39 [multiproc_executor.py:1007]   File "/usr/local/lib/python3.11/contextlib.py", line 158, in __exit__
(Worker_DP1_TP0_EP2 pid=337900) ERROR 07-27 19:30:39 [multiproc_executor.py:1007]     self.gen.throw(typ, value, traceback)
(Worker_DP1_TP0_EP2 pid=337900) ERROR 07-27 19:30:39 [multiproc_executor.py:1007]   File "/home/l00838859/cann/my-project/vllm-ascend/vllm_ascend/worker/model_runner_v1.py", line 5244, in _replace_gpu_model_runner_function_wrapper
(Worker_DP1_TP0_EP2 pid=337900) ERROR 07-27 19:30:39 [multiproc_executor.py:1007]     raise RuntimeError(f"NPUModelRunner failed, error is {e}")
(Worker_DP1_TP0_EP2 pid=337900) ERROR 07-27 19:30:39 [multiproc_executor.py:1007] RuntimeError: NPUModelRunner failed, error is copy_between_host_and_device_opapi:../torch_npu/csrc/aten/ops/op_api/CopyKernelOpApi.cpp:55 NPU function error: aclrtMemcpy, error code is 107030
(Worker_DP1_TP0_EP2 pid=337900) ERROR 07-27 19:30:39 [multiproc_executor.py:1007] [ERROR] 2026-07-27-19:30:38 (PID:337900, Device:2, RankID:-1) ERR00100 PTA call acl api failed.
(Worker_DP1_TP0_EP2 pid=337900) ERROR 07-27 19:30:39 [multiproc_executor.py:1007] [PID: 337900] 2026-07-27-19:30:21.789.798 Communication_Error_Bind_IP_Port(EI0019): Failed to enable listening for the host network adapter socket. Reason: The IP address 10.10.1.44 and port 65536 have already been bound.
(Worker_DP1_TP0_EP2 pid=337900) ERROR 07-27 19:30:39 [multiproc_executor.py:1007]         Solution: 1. Check whether this port has been occupied by another process. If yes, you can make adjustment using the environment variable HCCL_IF_BASE_PORT and use sysctl -w net.ipv4.ip_local_reserved_ports=****-**** to adjust the scope of reserved ports. 2. Check whether the service process is started multiple times on a device during this service.
(Worker_DP1_TP0_EP2 pid=337900) ERROR 07-27 19:30:39 [multiproc_executor.py:1007]         TraceBack (most recent call last):
(Worker_DP1_TP0_EP2 pid=337900) ERROR 07-27 19:30:39 [multiproc_executor.py:1007]         Not allow to synchronize captured-stream, stream_id=32.[FUNC:StreamSynchronize][FILE:api_error.cc][LINE:1016]
(Worker_DP1_TP0_EP2 pid=337900) ERROR 07-27 19:30:39 [multiproc_executor.py:1007]         rtStreamSynchronize execution failed, reason=stream is captured[FUNC:FuncErrorReason][FILE:error_message_manage.cc][LINE:65]
(Worker_DP1_TP0_EP2 pid=337900) ERROR 07-27 19:30:39 [multiproc_executor.py:1007]         synchronize stream failed, runtime result = 107027[FUNC:ReportCallError][FILE:log_inner.cpp][LINE:148]
(Worker_DP1_TP0_EP2 pid=337900) ERROR 07-27 19:30:39 [multiproc_executor.py:1007]         rtMemcpy execution failed, reason=the current capture mode does not support this operation[FUNC:FuncErrorReason][FILE:error_message_manage.cc][LINE:65]
(Worker_DP1_TP0_EP2 pid=337900) ERROR 07-27 19:30:39 [multiproc_executor.py:1007]         synchronized memcpy failed, kind = 1, runtime result = 107030[FUNC:ReportCallError][FILE:log_inner.cpp][LINE:148]
(Worker_DP1_TP0_EP2 pid=337900) ERROR 07-27 19:30:39 [multiproc_executor.py:1007] 
(Worker_DP1_TP0_EP2 pid=337900) ERROR 07-27 19:30:39 [multiproc_executor.py:1007] 
(Worker_DP1_TP0_EP2 pid=337900) ERROR 07-27 19:30:39 [multiproc_executor.py:1007] During handling of the above exception, another exception occurred:
(Worker_DP1_TP0_EP2 pid=337900) ERROR 07-27 19:30:39 [multiproc_executor.py:1007] 
(Worker_DP1_TP0_EP2 pid=337900) ERROR 07-27 19:30:39 [multiproc_executor.py:1007] Traceback (most recent call last):
(Worker_DP1_TP0_EP2 pid=337900) ERROR 07-27 19:30:39 [multiproc_executor.py:1007]   File "/home/l00838859/cann/my-project/vllm/vllm/v1/executor/multiproc_executor.py", line 999, in worker_busy_loop
(Worker_DP1_TP0_EP2 pid=337900) ERROR 07-27 19:30:39 [multiproc_executor.py:1007]     output = func(*args, **kwargs)
(Worker_DP1_TP0_EP2 pid=337900) ERROR 07-27 19:30:39 [multiproc_executor.py:1007]              ^^^^^^^^^^^^^^^^^^^^^
(Worker_DP1_TP0_EP2 pid=337900) ERROR 07-27 19:30:39 [multiproc_executor.py:1007]   File "/home/l00838859/cann/my-project/vllm-ascend/vllm_ascend/worker/worker.py", line 770, in compile_or_warm_up_model
(Worker_DP1_TP0_EP2 pid=337900) ERROR 07-27 19:30:39 [multiproc_executor.py:1007]     npugraph_memory_bytes = self.model_runner.capture_model()
(Worker_DP1_TP0_EP2 pid=337900) ERROR 07-27 19:30:39 [multiproc_executor.py:1007]                             ^^^^^^^^^^^^^^^^^^^^^^^^^^^^^^^^^
(Worker_DP1_TP0_EP2 pid=337900) ERROR 07-27 19:30:39 [multiproc_executor.py:1007]   File "/home/l00838859/cann/my-project/vllm-ascend/vllm_ascend/worker/model_runner_v1.py", line 5101, in capture_model
(Worker_DP1_TP0_EP2 pid=337900) ERROR 07-27 19:30:39 [multiproc_executor.py:1007]     with _torch_cuda_wrapper(), _replace_gpu_model_runner_function_wrapper(parent_module_name):
(Worker_DP1_TP0_EP2 pid=337900) ERROR 07-27 19:30:39 [multiproc_executor.py:1007]   File "/usr/local/lib/python3.11/contextlib.py", line 158, in __exit__
(Worker_DP1_TP0_EP2 pid=337900) ERROR 07-27 19:30:39 [multiproc_executor.py:1007]     self.gen.throw(typ, value, traceback)
(Worker_DP1_TP0_EP2 pid=337900) ERROR 07-27 19:30:39 [multiproc_executor.py:1007]   File "/home/l00838859/cann/my-project/vllm-ascend/vllm_ascend/worker/model_runner_v1.py", line 5208, in _torch_cuda_wrapper
(Worker_DP1_TP0_EP2 pid=337900) ERROR 07-27 19:30:39 [multiproc_executor.py:1007]     raise RuntimeError(f"NPUModelRunner init failed, error is {e}")
(Worker_DP1_TP0_EP2 pid=337900) ERROR 07-27 19:30:39 [multiproc_executor.py:1007] RuntimeError: NPUModelRunner init failed, error is NPUModelRunner failed, error is copy_between_host_and_device_opapi:../torch_npu/csrc/aten/ops/op_api/CopyKernelOpApi.cpp:55 NPU function error: aclrtMemcpy, error code is 107030
(Worker_DP1_TP0_EP2 pid=337900) ERROR 07-27 19:30:39 [multiproc_executor.py:1007] [ERROR] 2026-07-27-19:30:38 (PID:337900, Device:2, RankID:-1) ERR00100 PTA call acl api failed.
(Worker_DP1_TP0_EP2 pid=337900) ERROR 07-27 19:30:39 [multiproc_executor.py:1007] [PID: 337900] 2026-07-27-19:30:21.789.798 Communication_Error_Bind_IP_Port(EI0019): Failed to enable listening for the host network adapter socket. Reason: The IP address 10.10.1.44 and port 65536 have already been bound.
(Worker_DP1_TP0_EP2 pid=337900) ERROR 07-27 19:30:39 [multiproc_executor.py:1007]         Solution: 1. Check whether this port has been occupied by another process. If yes, you can make adjustment using the environment variable HCCL_IF_BASE_PORT and use sysctl -w net.ipv4.ip_local_reserved_ports=****-**** to adjust the scope of reserved ports. 2. Check whether the service process is started multiple times on a device during this service.
(Worker_DP1_TP0_EP2 pid=337900) ERROR 07-27 19:30:39 [multiproc_executor.py:1007]         TraceBack (most recent call last):
(Worker_DP1_TP0_EP2 pid=337900) ERROR 07-27 19:30:39 [multiproc_executor.py:1007]         Not allow to synchronize captured-stream, stream_id=32.[FUNC:StreamSynchronize][FILE:api_error.cc][LINE:1016]
(Worker_DP1_TP0_EP2 pid=337900) ERROR 07-27 19:30:39 [multiproc_executor.py:1007]         rtStreamSynchronize execution failed, reason=stream is captured[FUNC:FuncErrorReason][FILE:error_message_manage.cc][LINE:65]
(Worker_DP1_TP0_EP2 pid=337900) ERROR 07-27 19:30:39 [multiproc_executor.py:1007]         synchronize stream failed, runtime result = 107027[FUNC:ReportCallError][FILE:log_inner.cpp][LINE:148]
(Worker_DP1_TP0_EP2 pid=337900) ERROR 07-27 19:30:39 [multiproc_executor.py:1007]         rtMemcpy execution failed, reason=the current capture mode does not support this operation[FUNC:FuncErrorReason][FILE:error_message_manage.cc][LINE:65]
(Worker_DP1_TP0_EP2 pid=337900) ERROR 07-27 19:30:39 [multiproc_executor.py:1007]         synchronized memcpy failed, kind = 1, runtime result = 107030[FUNC:ReportCallError][FILE:log_inner.cpp][LINE:148]
(Worker_DP1_TP0_EP2 pid=337900) ERROR 07-27 19:30:39 [multiproc_executor.py:1007] 
(Worker_DP1_TP0_EP2 pid=337900) ERROR 07-27 19:30:39 [multiproc_executor.py:1007] 
(EngineCore_DP1 pid=337444) ERROR 07-27 19:30:39 [core.py:1231] EngineCore failed to start.
(EngineCore_DP1 pid=337444) ERROR 07-27 19:30:39 [core.py:1231] Traceback (most recent call last):
(EngineCore_DP1 pid=337444) ERROR 07-27 19:30:39 [core.py:1231]   File "/home/l00838859/cann/my-project/vllm/vllm/v1/engine/core.py", line 1192, in run_engine_core
(EngineCore_DP1 pid=337444) ERROR 07-27 19:30:39 [core.py:1231]     engine_core = DPEngineCoreProc(*args, **kwargs)
(EngineCore_DP1 pid=337444) ERROR 07-27 19:30:39 [core.py:1231]                   ^^^^^^^^^^^^^^^^^^^^^^^^^^^^^^^^^
(EngineCore_DP1 pid=337444) ERROR 07-27 19:30:39 [core.py:1231]   File "/home/l00838859/cann/my-project/vllm/vllm/v1/engine/core.py", line 1786, in __init__
(EngineCore_DP1 pid=337444) ERROR 07-27 19:30:39 [core.py:1231]     super().__init__(
(EngineCore_DP1 pid=337444) ERROR 07-27 19:30:39 [core.py:1231]   File "/home/l00838859/cann/my-project/vllm/vllm/tracing/otel.py", line 178, in sync_wrapper
(EngineCore_DP1 pid=337444) ERROR 07-27 19:30:39 [core.py:1231]     return func(*args, **kwargs)
(EngineCore_DP1 pid=337444) ERROR 07-27 19:30:39 [core.py:1231]            ^^^^^^^^^^^^^^^^^^^^^
(EngineCore_DP1 pid=337444) ERROR 07-27 19:30:39 [core.py:1231]   File "/home/l00838859/cann/my-project/vllm/vllm/v1/engine/core.py", line 966, in __init__
(EngineCore_DP1 pid=337444) ERROR 07-27 19:30:39 [core.py:1231]     super().__init__(
(EngineCore_DP1 pid=337444) ERROR 07-27 19:30:39 [core.py:1231]   File "/home/l00838859/cann/my-project/vllm/vllm/v1/engine/core.py", line 133, in __init__
(EngineCore_DP1 pid=337444) ERROR 07-27 19:30:39 [core.py:1231]     kv_cache_config = self._initialize_kv_caches(vllm_config)
(EngineCore_DP1 pid=337444) ERROR 07-27 19:30:39 [core.py:1231]                       ^^^^^^^^^^^^^^^^^^^^^^^^^^^^^^^^^^^^^^^
(EngineCore_DP1 pid=337444) ERROR 07-27 19:30:39 [core.py:1231]   File "/home/l00838859/cann/my-project/vllm/vllm/tracing/otel.py", line 178, in sync_wrapper
(EngineCore_DP1 pid=337444) ERROR 07-27 19:30:39 [core.py:1231]     return func(*args, **kwargs)
(EngineCore_DP1 pid=337444) ERROR 07-27 19:30:39 [core.py:1231]            ^^^^^^^^^^^^^^^^^^^^^
(EngineCore_DP1 pid=337444) ERROR 07-27 19:30:39 [core.py:1231]   File "/home/l00838859/cann/my-project/vllm/vllm/v1/engine/core.py", line 321, in _initialize_kv_caches
(EngineCore_DP1 pid=337444) ERROR 07-27 19:30:39 [core.py:1231]     self.model_executor.initialize_from_config(kv_cache_configs)
(EngineCore_DP1 pid=337444) ERROR 07-27 19:30:39 [core.py:1231]   File "/home/l00838859/cann/my-project/vllm/vllm/v1/executor/abstract.py", line 124, in initialize_from_config
(EngineCore_DP1 pid=337444) ERROR 07-27 19:30:39 [core.py:1231]     compilation_times: list[CompilationTimes] = self.collective_rpc(
(EngineCore_DP1 pid=337444) ERROR 07-27 19:30:39 [core.py:1231]                                                 ^^^^^^^^^^^^^^^^^^^^
(EngineCore_DP1 pid=337444) ERROR 07-27 19:30:39 [core.py:1231]   File "/home/l00838859/cann/my-project/vllm/vllm/v1/executor/multiproc_executor.py", line 405, in collective_rpc
(EngineCore_DP1 pid=337444) ERROR 07-27 19:30:39 [core.py:1231]     return future if non_block else future.result()
(EngineCore_DP1 pid=337444) ERROR 07-27 19:30:39 [core.py:1231]                                     ^^^^^^^^^^^^^^^
(EngineCore_DP1 pid=337444) ERROR 07-27 19:30:39 [core.py:1231]   File "/home/l00838859/cann/my-project/vllm/vllm/v1/executor/multiproc_executor.py", line 91, in result
(EngineCore_DP1 pid=337444) ERROR 07-27 19:30:39 [core.py:1231]     return super().result()
(EngineCore_DP1 pid=337444) ERROR 07-27 19:30:39 [core.py:1231]            ^^^^^^^^^^^^^^^^
(EngineCore_DP1 pid=337444) ERROR 07-27 19:30:39 [core.py:1231]   File "/usr/local/lib/python3.11/concurrent/futures/_base.py", line 449, in result
(EngineCore_DP1 pid=337444) ERROR 07-27 19:30:39 [core.py:1231]     return self.__get_result()
(EngineCore_DP1 pid=337444) ERROR 07-27 19:30:39 [core.py:1231]            ^^^^^^^^^^^^^^^^^^^
(EngineCore_DP1 pid=337444) ERROR 07-27 19:30:39 [core.py:1231]   File "/usr/local/lib/python3.11/concurrent/futures/_base.py", line 401, in __get_result
(EngineCore_DP1 pid=337444) ERROR 07-27 19:30:39 [core.py:1231]     raise self._exception
(EngineCore_DP1 pid=337444) ERROR 07-27 19:30:39 [core.py:1231]   File "/home/l00838859/cann/my-project/vllm/vllm/v1/executor/multiproc_executor.py", line 95, in _wait_for_response
(EngineCore_DP1 pid=337444) ERROR 07-27 19:30:39 [core.py:1231]     response = self.aggregate(self.get_response())
(EngineCore_DP1 pid=337444) ERROR 07-27 19:30:39 [core.py:1231]                               ^^^^^^^^^^^^^^^^^^^
(EngineCore_DP1 pid=337444) ERROR 07-27 19:30:39 [core.py:1231]   File "/home/l00838859/cann/my-project/vllm/vllm/v1/executor/multiproc_executor.py", line 394, in get_response
(EngineCore_DP1 pid=337444) ERROR 07-27 19:30:39 [core.py:1231]     raise RuntimeError(
(EngineCore_DP1 pid=337444) ERROR 07-27 19:30:39 [core.py:1231] RuntimeError: Worker failed with error 'NPUModelRunner init failed, error is NPUModelRunner failed, error is copy_between_host_and_device_opapi:../torch_npu/csrc/aten/ops/op_api/CopyKernelOpApi.cpp:55 NPU function error: aclrtMemcpy, error code is 107030
(EngineCore_DP1 pid=337444) ERROR 07-27 19:30:39 [core.py:1231] [ERROR] 2026-07-27-19:30:38 (PID:337900, Device:2, RankID:-1) ERR00100 PTA call acl api failed.
(EngineCore_DP1 pid=337444) ERROR 07-27 19:30:39 [core.py:1231] [PID: 337900] 2026-07-27-19:30:21.789.798 Communication_Error_Bind_IP_Port(EI0019): Failed to enable listening for the host network adapter socket. Reason: The IP address 10.10.1.44 and port 65536 have already been bound.
(EngineCore_DP1 pid=337444) ERROR 07-27 19:30:39 [core.py:1231]         Solution: 1. Check whether this port has been occupied by another process. If yes, you can make adjustment using the environment variable HCCL_IF_BASE_PORT and use sysctl -w net.ipv4.ip_local_reserved_ports=****-**** to adjust the scope of reserved ports. 2. Check whether the service process is started multiple times on a device during this service.
(EngineCore_DP1 pid=337444) ERROR 07-27 19:30:39 [core.py:1231]         TraceBack (most recent call last):
(EngineCore_DP1 pid=337444) ERROR 07-27 19:30:39 [core.py:1231]         Not allow to synchronize captured-stream, stream_id=32.[FUNC:StreamSynchronize][FILE:api_error.cc][LINE:1016]
(EngineCore_DP1 pid=337444) ERROR 07-27 19:30:39 [core.py:1231]         rtStreamSynchronize execution failed, reason=stream is captured[FUNC:FuncErrorReason][FILE:error_message_manage.cc][LINE:65]
(EngineCore_DP1 pid=337444) ERROR 07-27 19:30:39 [core.py:1231]         synchronize stream failed, runtime result = 107027[FUNC:ReportCallError][FILE:log_inner.cpp][LINE:148]
(EngineCore_DP1 pid=337444) ERROR 07-27 19:30:39 [core.py:1231]         rtMemcpy execution failed, reason=the current capture mode does not support this operation[FUNC:FuncErrorReason][FILE:error_message_manage.cc][LINE:65]
(EngineCore_DP1 pid=337444) ERROR 07-27 19:30:39 [core.py:1231]         synchronized memcpy failed, kind = 1, runtime result = 107030[FUNC:ReportCallError][FILE:log_inner.cpp][LINE:148]
(EngineCore_DP1 pid=337444) ERROR 07-27 19:30:39 [core.py:1231] ', please check the stack trace above for the root cause
(Worker_DP2_TP0_EP4 pid=337904) ERROR 07-27 19:30:39 [multiproc_executor.py:1007] WorkerProc hit an exception.
(Worker_DP2_TP0_EP4 pid=337904) ERROR 07-27 19:30:39 [multiproc_executor.py:1007] Traceback (most recent call last):
(Worker_DP2_TP0_EP4 pid=337904) ERROR 07-27 19:30:39 [multiproc_executor.py:1007]   File "/home/l00838859/cann/my-project/vllm-ascend/vllm_ascend/worker/model_runner_v1.py", line 5242, in _replace_gpu_model_runner_function_wrapper
(Worker_DP2_TP0_EP4 pid=337904) ERROR 07-27 19:30:39 [multiproc_executor.py:1007]     yield
(Worker_DP2_TP0_EP4 pid=337904) ERROR 07-27 19:30:39 [multiproc_executor.py:1007]   File "/home/l00838859/cann/my-project/vllm-ascend/vllm_ascend/worker/model_runner_v1.py", line 5102, in capture_model
(Worker_DP2_TP0_EP4 pid=337904) ERROR 07-27 19:30:39 [multiproc_executor.py:1007]     cuda_graph_size = GPUModelRunner.capture_model(self)
(Worker_DP2_TP0_EP4 pid=337904) ERROR 07-27 19:30:39 [multiproc_executor.py:1007]                       ^^^^^^^^^^^^^^^^^^^^^^^^^^^^^^^^^^
(Worker_DP2_TP0_EP4 pid=337904) ERROR 07-27 19:30:39 [multiproc_executor.py:1007]   File "/home/l00838859/cann/my-project/vllm/vllm/tracing/otel.py", line 178, in sync_wrapper
(Worker_DP2_TP0_EP4 pid=337904) ERROR 07-27 19:30:39 [multiproc_executor.py:1007]     return func(*args, **kwargs)
(Worker_DP2_TP0_EP4 pid=337904) ERROR 07-27 19:30:39 [multiproc_executor.py:1007]            ^^^^^^^^^^^^^^^^^^^^^
(Worker_DP2_TP0_EP4 pid=337904) ERROR 07-27 19:30:39 [multiproc_executor.py:1007]   File "/home/l00838859/cann/my-project/vllm/vllm/v1/worker/gpu_model_runner.py", line 6712, in capture_model
(Worker_DP2_TP0_EP4 pid=337904) ERROR 07-27 19:30:39 [multiproc_executor.py:1007]     self._capture_cudagraphs(
(Worker_DP2_TP0_EP4 pid=337904) ERROR 07-27 19:30:39 [multiproc_executor.py:1007]   File "/home/l00838859/cann/my-project/vllm/vllm/v1/worker/gpu_model_runner.py", line 6828, in _capture_cudagraphs
(Worker_DP2_TP0_EP4 pid=337904) ERROR 07-27 19:30:39 [multiproc_executor.py:1007]     self._warmup_and_capture(
(Worker_DP2_TP0_EP4 pid=337904) ERROR 07-27 19:30:39 [multiproc_executor.py:1007]   File "/home/l00838859/cann/my-project/vllm/vllm/v1/worker/gpu_model_runner.py", line 6774, in _warmup_and_capture
(Worker_DP2_TP0_EP4 pid=337904) ERROR 07-27 19:30:39 [multiproc_executor.py:1007]     self._dummy_run(
(Worker_DP2_TP0_EP4 pid=337904) ERROR 07-27 19:30:39 [multiproc_executor.py:1007]   File "/usr/local/lib/python3.11/site-packages/torch/utils/_contextlib.py", line 124, in decorate_context
(Worker_DP2_TP0_EP4 pid=337904) ERROR 07-27 19:30:39 [multiproc_executor.py:1007]     return func(*args, **kwargs)
(Worker_DP2_TP0_EP4 pid=337904) ERROR 07-27 19:30:39 [multiproc_executor.py:1007]            ^^^^^^^^^^^^^^^^^^^^^
(Worker_DP2_TP0_EP4 pid=337904) ERROR 07-27 19:30:39 [multiproc_executor.py:1007]   File "/home/l00838859/cann/my-project/vllm-ascend/vllm_ascend/worker/model_runner_v1.py", line 3712, in _dummy_run
(Worker_DP2_TP0_EP4 pid=337904) ERROR 07-27 19:30:39 [multiproc_executor.py:1007]     self.drafter.dummy_run(
(Worker_DP2_TP0_EP4 pid=337904) ERROR 07-27 19:30:39 [multiproc_executor.py:1007]   File "/usr/local/lib/python3.11/site-packages/torch/utils/_contextlib.py", line 124, in decorate_context
(Worker_DP2_TP0_EP4 pid=337904) ERROR 07-27 19:30:39 [multiproc_executor.py:1007]     return func(*args, **kwargs)
(Worker_DP2_TP0_EP4 pid=337904) ERROR 07-27 19:30:39 [multiproc_executor.py:1007]            ^^^^^^^^^^^^^^^^^^^^^
(Worker_DP2_TP0_EP4 pid=337904) ERROR 07-27 19:30:39 [multiproc_executor.py:1007]   File "/home/l00838859/cann/my-project/vllm-ascend/vllm_ascend/spec_decode/llm_base_proposer.py", line 727, in dummy_run
(Worker_DP2_TP0_EP4 pid=337904) ERROR 07-27 19:30:39 [multiproc_executor.py:1007]     self._runnable(
(Worker_DP2_TP0_EP4 pid=337904) ERROR 07-27 19:30:39 [multiproc_executor.py:1007]   File "/home/l00838859/cann/my-project/vllm-ascend/vllm_ascend/compilation/acl_graph.py", line 205, in __call__
(Worker_DP2_TP0_EP4 pid=337904) ERROR 07-27 19:30:39 [multiproc_executor.py:1007]     output = self.runnable(*args, **kwargs)
(Worker_DP2_TP0_EP4 pid=337904) ERROR 07-27 19:30:39 [multiproc_executor.py:1007]              ^^^^^^^^^^^^^^^^^^^^^^^^^^^^^^
(Worker_DP2_TP0_EP4 pid=337904) ERROR 07-27 19:30:39 [multiproc_executor.py:1007]   File "/home/l00838859/cann/my-project/vllm-ascend/vllm_ascend/spec_decode/llm_base_proposer.py", line 1209, in _run_merged_draft
(Worker_DP2_TP0_EP4 pid=337904) ERROR 07-27 19:30:39 [multiproc_executor.py:1007]     else dummy_compute_logits(sample_hidden_states)
(Worker_DP2_TP0_EP4 pid=337904) ERROR 07-27 19:30:39 [multiproc_executor.py:1007]          ^^^^^^^^^^^^^^^^^^^^^^^^^^^^^^^^^^^^^^^^^^
(Worker_DP2_TP0_EP4 pid=337904) ERROR 07-27 19:30:39 [multiproc_executor.py:1007]   File "/home/l00838859/cann/my-project/vllm-ascend/vllm_ascend/worker/model_runner_v1.py", line 3685, in dummy_drafter_compute_logits
(Worker_DP2_TP0_EP4 pid=337904) ERROR 07-27 19:30:39 [multiproc_executor.py:1007]     hidden_states = hidden_states[dummy_indices]
(Worker_DP2_TP0_EP4 pid=337904) ERROR 07-27 19:30:39 [multiproc_executor.py:1007]                     ~~~~~~~~~~~~~^^^^^^^^^^^^^^^
(Worker_DP2_TP0_EP4 pid=337904) ERROR 07-27 19:30:39 [multiproc_executor.py:1007] RuntimeError: copy_between_host_and_device_opapi:../torch_npu/csrc/aten/ops/op_api/CopyKernelOpApi.cpp:55 NPU function error: aclrtMemcpy, error code is 107030
(Worker_DP2_TP0_EP4 pid=337904) ERROR 07-27 19:30:39 [multiproc_executor.py:1007] [ERROR] 2026-07-27-19:30:38 (PID:337904, Device:4, RankID:-1) ERR00100 PTA call acl api failed.
(Worker_DP2_TP0_EP4 pid=337904) ERROR 07-27 19:30:39 [multiproc_executor.py:1007] [PID: 337904] 2026-07-27-19:30:23.756.004 Communication_Error_Bind_IP_Port(EI0019): Failed to enable listening for the host network adapter socket. Reason: The IP address 10.10.1.44 and port 65536 have already been bound.
(Worker_DP2_TP0_EP4 pid=337904) ERROR 07-27 19:30:39 [multiproc_executor.py:1007]         Solution: 1. Check whether this port has been occupied by another process. If yes, you can make adjustment using the environment variable HCCL_IF_BASE_PORT and use sysctl -w net.ipv4.ip_local_reserved_ports=****-**** to adjust the scope of reserved ports. 2. Check whether the service process is started multiple times on a device during this service.
(Worker_DP2_TP0_EP4 pid=337904) ERROR 07-27 19:30:39 [multiproc_executor.py:1007]         TraceBack (most recent call last):
(Worker_DP2_TP0_EP4 pid=337904) ERROR 07-27 19:30:39 [multiproc_executor.py:1007]         Not allow to synchronize captured-stream, stream_id=1276.[FUNC:StreamSynchronize][FILE:api_error.cc][LINE:1016]
(Worker_DP2_TP0_EP4 pid=337904) ERROR 07-27 19:30:39 [multiproc_executor.py:1007]         rtStreamSynchronize execution failed, reason=stream is captured[FUNC:FuncErrorReason][FILE:error_message_manage.cc][LINE:65]
(Worker_DP2_TP0_EP4 pid=337904) ERROR 07-27 19:30:39 [multiproc_executor.py:1007]         synchronize stream failed, runtime result = 107027[FUNC:ReportCallError][FILE:log_inner.cpp][LINE:148]
(Worker_DP2_TP0_EP4 pid=337904) ERROR 07-27 19:30:39 [multiproc_executor.py:1007]         rtMemcpy execution failed, reason=the current capture mode does not support this operation[FUNC:FuncErrorReason][FILE:error_message_manage.cc][LINE:65]
(Worker_DP2_TP0_EP4 pid=337904) ERROR 07-27 19:30:39 [multiproc_executor.py:1007]         synchronized memcpy failed, kind = 1, runtime result = 107030[FUNC:ReportCallError][FILE:log_inner.cpp][LINE:148]
(Worker_DP2_TP0_EP4 pid=337904) ERROR 07-27 19:30:39 [multiproc_executor.py:1007] 
(Worker_DP2_TP0_EP4 pid=337904) ERROR 07-27 19:30:39 [multiproc_executor.py:1007] 
(Worker_DP2_TP0_EP4 pid=337904) ERROR 07-27 19:30:39 [multiproc_executor.py:1007] During handling of the above exception, another exception occurred:
(Worker_DP2_TP0_EP4 pid=337904) ERROR 07-27 19:30:39 [multiproc_executor.py:1007] 
(Worker_DP2_TP0_EP4 pid=337904) ERROR 07-27 19:30:39 [multiproc_executor.py:1007] Traceback (most recent call last):
(Worker_DP2_TP0_EP4 pid=337904) ERROR 07-27 19:30:39 [multiproc_executor.py:1007]   File "/home/l00838859/cann/my-project/vllm-ascend/vllm_ascend/worker/model_runner_v1.py", line 5198, in _torch_cuda_wrapper
(Worker_DP2_TP0_EP4 pid=337904) ERROR 07-27 19:30:39 [multiproc_executor.py:1007]     yield
(Worker_DP2_TP0_EP4 pid=337904) ERROR 07-27 19:30:39 [multiproc_executor.py:1007]   File "/home/l00838859/cann/my-project/vllm-ascend/vllm_ascend/worker/model_runner_v1.py", line 5101, in capture_model
(Worker_DP2_TP0_EP4 pid=337904) ERROR 07-27 19:30:39 [multiproc_executor.py:1007]     with _torch_cuda_wrapper(), _replace_gpu_model_runner_function_wrapper(parent_module_name):
(Worker_DP2_TP0_EP4 pid=337904) ERROR 07-27 19:30:39 [multiproc_executor.py:1007]   File "/usr/local/lib/python3.11/contextlib.py", line 158, in __exit__
(Worker_DP2_TP0_EP4 pid=337904) ERROR 07-27 19:30:39 [multiproc_executor.py:1007]     self.gen.throw(typ, value, traceback)
(Worker_DP2_TP0_EP4 pid=337904) ERROR 07-27 19:30:39 [multiproc_executor.py:1007]   File "/home/l00838859/cann/my-project/vllm-ascend/vllm_ascend/worker/model_runner_v1.py", line 5244, in _replace_gpu_model_runner_function_wrapper
(Worker_DP2_TP0_EP4 pid=337904) ERROR 07-27 19:30:39 [multiproc_executor.py:1007]     raise RuntimeError(f"NPUModelRunner failed, error is {e}")
(Worker_DP2_TP0_EP4 pid=337904) ERROR 07-27 19:30:39 [multiproc_executor.py:1007] RuntimeError: NPUModelRunner failed, error is copy_between_host_and_device_opapi:../torch_npu/csrc/aten/ops/op_api/CopyKernelOpApi.cpp:55 NPU function error: aclrtMemcpy, error code is 107030
(Worker_DP2_TP0_EP4 pid=337904) ERROR 07-27 19:30:39 [multiproc_executor.py:1007] [ERROR] 2026-07-27-19:30:38 (PID:337904, Device:4, RankID:-1) ERR00100 PTA call acl api failed.
(Worker_DP2_TP0_EP4 pid=337904) ERROR 07-27 19:30:39 [multiproc_executor.py:1007] [PID: 337904] 2026-07-27-19:30:23.756.004 Communication_Error_Bind_IP_Port(EI0019): Failed to enable listening for the host network adapter socket. Reason: The IP address 10.10.1.44 and port 65536 have already been bound.
(Worker_DP2_TP0_EP4 pid=337904) ERROR 07-27 19:30:39 [multiproc_executor.py:1007]         Solution: 1. Check whether this port has been occupied by another process. If yes, you can make adjustment using the environment variable HCCL_IF_BASE_PORT and use sysctl -w net.ipv4.ip_local_reserved_ports=****-**** to adjust the scope of reserved ports. 2. Check whether the service process is started multiple times on a device during this service.
(Worker_DP2_TP0_EP4 pid=337904) ERROR 07-27 19:30:39 [multiproc_executor.py:1007]         TraceBack (most recent call last):
(Worker_DP2_TP0_EP4 pid=337904) ERROR 07-27 19:30:39 [multiproc_executor.py:1007]         Not allow to synchronize captured-stream, stream_id=1276.[FUNC:StreamSynchronize][FILE:api_error.cc][LINE:1016]
(Worker_DP2_TP0_EP4 pid=337904) ERROR 07-27 19:30:39 [multiproc_executor.py:1007]         rtStreamSynchronize execution failed, reason=stream is captured[FUNC:FuncErrorReason][FILE:error_message_manage.cc][LINE:65]
(Worker_DP2_TP0_EP4 pid=337904) ERROR 07-27 19:30:39 [multiproc_executor.py:1007]         synchronize stream failed, runtime result = 107027[FUNC:ReportCallError][FILE:log_inner.cpp][LINE:148]
(Worker_DP2_TP0_EP4 pid=337904) ERROR 07-27 19:30:39 [multiproc_executor.py:1007]         rtMemcpy execution failed, reason=the current capture mode does not support this operation[FUNC:FuncErrorReason][FILE:error_message_manage.cc][LINE:65]
(Worker_DP2_TP0_EP4 pid=337904) ERROR 07-27 19:30:39 [multiproc_executor.py:1007]         synchronized memcpy failed, kind = 1, runtime result = 107030[FUNC:ReportCallError][FILE:log_inner.cpp][LINE:148]
(Worker_DP2_TP0_EP4 pid=337904) ERROR 07-27 19:30:39 [multiproc_executor.py:1007] 
(Worker_DP2_TP0_EP4 pid=337904) ERROR 07-27 19:30:39 [multiproc_executor.py:1007] 
(Worker_DP2_TP0_EP4 pid=337904) ERROR 07-27 19:30:39 [multiproc_executor.py:1007] During handling of the above exception, another exception occurred:
(Worker_DP2_TP0_EP4 pid=337904) ERROR 07-27 19:30:39 [multiproc_executor.py:1007] 
(Worker_DP2_TP0_EP4 pid=337904) ERROR 07-27 19:30:39 [multiproc_executor.py:1007] Traceback (most recent call last):
(Worker_DP2_TP0_EP4 pid=337904) ERROR 07-27 19:30:39 [multiproc_executor.py:1007]   File "/home/l00838859/cann/my-project/vllm/vllm/v1/executor/multiproc_executor.py", line 999, in worker_busy_loop
(Worker_DP2_TP0_EP4 pid=337904) ERROR 07-27 19:30:39 [multiproc_executor.py:1007]     output = func(*args, **kwargs)
(Worker_DP2_TP0_EP4 pid=337904) ERROR 07-27 19:30:39 [multiproc_executor.py:1007]              ^^^^^^^^^^^^^^^^^^^^^
(Worker_DP2_TP0_EP4 pid=337904) ERROR 07-27 19:30:39 [multiproc_executor.py:1007]   File "/home/l00838859/cann/my-project/vllm-ascend/vllm_ascend/worker/worker.py", line 770, in compile_or_warm_up_model
(Worker_DP2_TP0_EP4 pid=337904) ERROR 07-27 19:30:39 [multiproc_executor.py:1007]     npugraph_memory_bytes = self.model_runner.capture_model()
(Worker_DP2_TP0_EP4 pid=337904) ERROR 07-27 19:30:39 [multiproc_executor.py:1007]                             ^^^^^^^^^^^^^^^^^^^^^^^^^^^^^^^^^
(Worker_DP2_TP0_EP4 pid=337904) ERROR 07-27 19:30:39 [multiproc_executor.py:1007]   File "/home/l00838859/cann/my-project/vllm-ascend/vllm_ascend/worker/model_runner_v1.py", line 5101, in capture_model
(Worker_DP2_TP0_EP4 pid=337904) ERROR 07-27 19:30:39 [multiproc_executor.py:1007]     with _torch_cuda_wrapper(), _replace_gpu_model_runner_function_wrapper(parent_module_name):
(Worker_DP2_TP0_EP4 pid=337904) ERROR 07-27 19:30:39 [multiproc_executor.py:1007]   File "/usr/local/lib/python3.11/contextlib.py", line 158, in __exit__
(Worker_DP2_TP0_EP4 pid=337904) ERROR 07-27 19:30:39 [multiproc_executor.py:1007]     self.gen.throw(typ, value, traceback)
(Worker_DP2_TP0_EP4 pid=337904) ERROR 07-27 19:30:39 [multiproc_executor.py:1007]   File "/home/l00838859/cann/my-project/vllm-ascend/vllm_ascend/worker/model_runner_v1.py", line 5208, in _torch_cuda_wrapper
(Worker_DP2_TP0_EP4 pid=337904) ERROR 07-27 19:30:39 [multiproc_executor.py:1007]     raise RuntimeError(f"NPUModelRunner init failed, error is {e}")
(Worker_DP2_TP0_EP4 pid=337904) ERROR 07-27 19:30:39 [multiproc_executor.py:1007] RuntimeError: NPUModelRunner init failed, error is NPUModelRunner failed, error is copy_between_host_and_device_opapi:../torch_npu/csrc/aten/ops/op_api/CopyKernelOpApi.cpp:55 NPU function error: aclrtMemcpy, error code is 107030
(Worker_DP2_TP0_EP4 pid=337904) ERROR 07-27 19:30:39 [multiproc_executor.py:1007] [ERROR] 2026-07-27-19:30:38 (PID:337904, Device:4, RankID:-1) ERR00100 PTA call acl api failed.
(Worker_DP2_TP0_EP4 pid=337904) ERROR 07-27 19:30:39 [multiproc_executor.py:1007] [PID: 337904] 2026-07-27-19:30:23.756.004 Communication_Error_Bind_IP_Port(EI0019): Failed to enable listening for the host network adapter socket. Reason: The IP address 10.10.1.44 and port 65536 have already been bound.
(Worker_DP2_TP0_EP4 pid=337904) ERROR 07-27 19:30:39 [multiproc_executor.py:1007]         Solution: 1. Check whether this port has been occupied by another process. If yes, you can make adjustment using the environment variable HCCL_IF_BASE_PORT and use sysctl -w net.ipv4.ip_local_reserved_ports=****-**** to adjust the scope of reserved ports. 2. Check whether the service process is started multiple times on a device during this service.
(Worker_DP2_TP0_EP4 pid=337904) ERROR 07-27 19:30:39 [multiproc_executor.py:1007]         TraceBack (most recent call last):
(Worker_DP2_TP0_EP4 pid=337904) ERROR 07-27 19:30:39 [multiproc_executor.py:1007]         Not allow to synchronize captured-stream, stream_id=1276.[FUNC:StreamSynchronize][FILE:api_error.cc][LINE:1016]
(Worker_DP2_TP0_EP4 pid=337904) ERROR 07-27 19:30:39 [multiproc_executor.py:1007]         rtStreamSynchronize execution failed, reason=stream is captured[FUNC:FuncErrorReason][FILE:error_message_manage.cc][LINE:65]
(Worker_DP2_TP0_EP4 pid=337904) ERROR 07-27 19:30:39 [multiproc_executor.py:1007]         synchronize stream failed, runtime result = 107027[FUNC:ReportCallError][FILE:log_inner.cpp][LINE:148]
(Worker_DP2_TP0_EP4 pid=337904) ERROR 07-27 19:30:39 [multiproc_executor.py:1007]         rtMemcpy execution failed, reason=the current capture mode does not support this operation[FUNC:FuncErrorReason][FILE:error_message_manage.cc][LINE:65]
(Worker_DP2_TP0_EP4 pid=337904) ERROR 07-27 19:30:39 [multiproc_executor.py:1007]         synchronized memcpy failed, kind = 1, runtime result = 107030[FUNC:ReportCallError][FILE:log_inner.cpp][LINE:148]
(Worker_DP2_TP0_EP4 pid=337904) ERROR 07-27 19:30:39 [multiproc_executor.py:1007] 
(Worker_DP2_TP0_EP4 pid=337904) ERROR 07-27 19:30:39 [multiproc_executor.py:1007] Traceback (most recent call last):
(Worker_DP2_TP0_EP4 pid=337904) ERROR 07-27 19:30:39 [multiproc_executor.py:1007]   File "/home/l00838859/cann/my-project/vllm-ascend/vllm_ascend/worker/model_runner_v1.py", line 5242, in _replace_gpu_model_runner_function_wrapper
(Worker_DP2_TP0_EP4 pid=337904) ERROR 07-27 19:30:39 [multiproc_executor.py:1007]     yield
(Worker_DP2_TP0_EP4 pid=337904) ERROR 07-27 19:30:39 [multiproc_executor.py:1007]   File "/home/l00838859/cann/my-project/vllm-ascend/vllm_ascend/worker/model_runner_v1.py", line 5102, in capture_model
(Worker_DP2_TP0_EP4 pid=337904) ERROR 07-27 19:30:39 [multiproc_executor.py:1007]     cuda_graph_size = GPUModelRunner.capture_model(self)
(Worker_DP2_TP0_EP4 pid=337904) ERROR 07-27 19:30:39 [multiproc_executor.py:1007]                       ^^^^^^^^^^^^^^^^^^^^^^^^^^^^^^^^^^
(Worker_DP2_TP0_EP4 pid=337904) ERROR 07-27 19:30:39 [multiproc_executor.py:1007]   File "/home/l00838859/cann/my-project/vllm/vllm/tracing/otel.py", line 178, in sync_wrapper
(Worker_DP2_TP0_EP4 pid=337904) ERROR 07-27 19:30:39 [multiproc_executor.py:1007]     return func(*args, **kwargs)
(Worker_DP2_TP0_EP4 pid=337904) ERROR 07-27 19:30:39 [multiproc_executor.py:1007]            ^^^^^^^^^^^^^^^^^^^^^
(Worker_DP2_TP0_EP4 pid=337904) ERROR 07-27 19:30:39 [multiproc_executor.py:1007]   File "/home/l00838859/cann/my-project/vllm/vllm/v1/worker/gpu_model_runner.py", line 6712, in capture_model
(Worker_DP2_TP0_EP4 pid=337904) ERROR 07-27 19:30:39 [multiproc_executor.py:1007]     self._capture_cudagraphs(
(Worker_DP2_TP0_EP4 pid=337904) ERROR 07-27 19:30:39 [multiproc_executor.py:1007]   File "/home/l00838859/cann/my-project/vllm/vllm/v1/worker/gpu_model_runner.py", line 6828, in _capture_cudagraphs
(Worker_DP2_TP0_EP4 pid=337904) ERROR 07-27 19:30:39 [multiproc_executor.py:1007]     self._warmup_and_capture(
(Worker_DP2_TP0_EP4 pid=337904) ERROR 07-27 19:30:39 [multiproc_executor.py:1007]   File "/home/l00838859/cann/my-project/vllm/vllm/v1/worker/gpu_model_runner.py", line 6774, in _warmup_and_capture
(Worker_DP2_TP0_EP4 pid=337904) ERROR 07-27 19:30:39 [multiproc_executor.py:1007]     self._dummy_run(
(Worker_DP2_TP0_EP4 pid=337904) ERROR 07-27 19:30:39 [multiproc_executor.py:1007]   File "/usr/local/lib/python3.11/site-packages/torch/utils/_contextlib.py", line 124, in decorate_context
(Worker_DP2_TP0_EP4 pid=337904) ERROR 07-27 19:30:39 [multiproc_executor.py:1007]     return func(*args, **kwargs)
(Worker_DP2_TP0_EP4 pid=337904) ERROR 07-27 19:30:39 [multiproc_executor.py:1007]            ^^^^^^^^^^^^^^^^^^^^^
(Worker_DP2_TP0_EP4 pid=337904) ERROR 07-27 19:30:39 [multiproc_executor.py:1007]   File "/home/l00838859/cann/my-project/vllm-ascend/vllm_ascend/worker/model_runner_v1.py", line 3712, in _dummy_run
(Worker_DP2_TP0_EP4 pid=337904) ERROR 07-27 19:30:39 [multiproc_executor.py:1007]     self.drafter.dummy_run(
(Worker_DP2_TP0_EP4 pid=337904) ERROR 07-27 19:30:39 [multiproc_executor.py:1007]   File "/usr/local/lib/python3.11/site-packages/torch/utils/_contextlib.py", line 124, in decorate_context
(Worker_DP2_TP0_EP4 pid=337904) ERROR 07-27 19:30:39 [multiproc_executor.py:1007]     return func(*args, **kwargs)
(Worker_DP2_TP0_EP4 pid=337904) ERROR 07-27 19:30:39 [multiproc_executor.py:1007]            ^^^^^^^^^^^^^^^^^^^^^
(Worker_DP2_TP0_EP4 pid=337904) ERROR 07-27 19:30:39 [multiproc_executor.py:1007]   File "/home/l00838859/cann/my-project/vllm-ascend/vllm_ascend/spec_decode/llm_base_proposer.py", line 727, in dummy_run
(Worker_DP2_TP0_EP4 pid=337904) ERROR 07-27 19:30:39 [multiproc_executor.py:1007]     self._runnable(
(Worker_DP2_TP0_EP4 pid=337904) ERROR 07-27 19:30:39 [multiproc_executor.py:1007]   File "/home/l00838859/cann/my-project/vllm-ascend/vllm_ascend/compilation/acl_graph.py", line 205, in __call__
(Worker_DP2_TP0_EP4 pid=337904) ERROR 07-27 19:30:39 [multiproc_executor.py:1007]     output = self.runnable(*args, **kwargs)
(Worker_DP2_TP0_EP4 pid=337904) ERROR 07-27 19:30:39 [multiproc_executor.py:1007]              ^^^^^^^^^^^^^^^^^^^^^^^^^^^^^^
(Worker_DP2_TP0_EP4 pid=337904) ERROR 07-27 19:30:39 [multiproc_executor.py:1007]   File "/home/l00838859/cann/my-project/vllm-ascend/vllm_ascend/spec_decode/llm_base_proposer.py", line 1209, in _run_merged_draft
(Worker_DP2_TP0_EP4 pid=337904) ERROR 07-27 19:30:39 [multiproc_executor.py:1007]     else dummy_compute_logits(sample_hidden_states)
(Worker_DP2_TP0_EP4 pid=337904) ERROR 07-27 19:30:39 [multiproc_executor.py:1007]          ^^^^^^^^^^^^^^^^^^^^^^^^^^^^^^^^^^^^^^^^^^
(Worker_DP2_TP0_EP4 pid=337904) ERROR 07-27 19:30:39 [multiproc_executor.py:1007]   File "/home/l00838859/cann/my-project/vllm-ascend/vllm_ascend/worker/model_runner_v1.py", line 3685, in dummy_drafter_compute_logits
(Worker_DP2_TP0_EP4 pid=337904) ERROR 07-27 19:30:39 [multiproc_executor.py:1007]     hidden_states = hidden_states[dummy_indices]
(Worker_DP2_TP0_EP4 pid=337904) ERROR 07-27 19:30:39 [multiproc_executor.py:1007]                     ~~~~~~~~~~~~~^^^^^^^^^^^^^^^
(Worker_DP2_TP0_EP4 pid=337904) ERROR 07-27 19:30:39 [multiproc_executor.py:1007] RuntimeError: copy_between_host_and_device_opapi:../torch_npu/csrc/aten/ops/op_api/CopyKernelOpApi.cpp:55 NPU function error: aclrtMemcpy, error code is 107030
(Worker_DP2_TP0_EP4 pid=337904) ERROR 07-27 19:30:39 [multiproc_executor.py:1007] [ERROR] 2026-07-27-19:30:38 (PID:337904, Device:4, RankID:-1) ERR00100 PTA call acl api failed.
(Worker_DP2_TP0_EP4 pid=337904) ERROR 07-27 19:30:39 [multiproc_executor.py:1007] [PID: 337904] 2026-07-27-19:30:23.756.004 Communication_Error_Bind_IP_Port(EI0019): Failed to enable listening for the host network adapter socket. Reason: The IP address 10.10.1.44 and port 65536 have already been bound.
(Worker_DP2_TP0_EP4 pid=337904) ERROR 07-27 19:30:39 [multiproc_executor.py:1007]         Solution: 1. Check whether this port has been occupied by another process. If yes, you can make adjustment using the environment variable HCCL_IF_BASE_PORT and use sysctl -w net.ipv4.ip_local_reserved_ports=****-**** to adjust the scope of reserved ports. 2. Check whether the service process is started multiple times on a device during this service.
(Worker_DP2_TP0_EP4 pid=337904) ERROR 07-27 19:30:39 [multiproc_executor.py:1007]         TraceBack (most recent call last):
(Worker_DP2_TP0_EP4 pid=337904) ERROR 07-27 19:30:39 [multiproc_executor.py:1007]         Not allow to synchronize captured-stream, stream_id=1276.[FUNC:StreamSynchronize][FILE:api_error.cc][LINE:1016]
(Worker_DP2_TP0_EP4 pid=337904) ERROR 07-27 19:30:39 [multiproc_executor.py:1007]         rtStreamSynchronize execution failed, reason=stream is captured[FUNC:FuncErrorReason][FILE:error_message_manage.cc][LINE:65]
(Worker_DP2_TP0_EP4 pid=337904) ERROR 07-27 19:30:39 [multiproc_executor.py:1007]         synchronize stream failed, runtime result = 107027[FUNC:ReportCallError][FILE:log_inner.cpp][LINE:148]
(Worker_DP2_TP0_EP4 pid=337904) ERROR 07-27 19:30:39 [multiproc_executor.py:1007]         rtMemcpy execution failed, reason=the current capture mode does not support this operation[FUNC:FuncErrorReason][FILE:error_message_manage.cc][LINE:65]
(Worker_DP2_TP0_EP4 pid=337904) ERROR 07-27 19:30:39 [multiproc_executor.py:1007]         synchronized memcpy failed, kind = 1, runtime result = 107030[FUNC:ReportCallError][FILE:log_inner.cpp][LINE:148]
(Worker_DP2_TP0_EP4 pid=337904) ERROR 07-27 19:30:39 [multiproc_executor.py:1007] 
(Worker_DP2_TP0_EP4 pid=337904) ERROR 07-27 19:30:39 [multiproc_executor.py:1007] 
(Worker_DP2_TP0_EP4 pid=337904) ERROR 07-27 19:30:39 [multiproc_executor.py:1007] During handling of the above exception, another exception occurred:
(Worker_DP2_TP0_EP4 pid=337904) ERROR 07-27 19:30:39 [multiproc_executor.py:1007] 
(Worker_DP2_TP0_EP4 pid=337904) ERROR 07-27 19:30:39 [multiproc_executor.py:1007] Traceback (most recent call last):
(Worker_DP2_TP0_EP4 pid=337904) ERROR 07-27 19:30:39 [multiproc_executor.py:1007]   File "/home/l00838859/cann/my-project/vllm-ascend/vllm_ascend/worker/model_runner_v1.py", line 5198, in _torch_cuda_wrapper
(Worker_DP2_TP0_EP4 pid=337904) ERROR 07-27 19:30:39 [multiproc_executor.py:1007]     yield
(Worker_DP2_TP0_EP4 pid=337904) ERROR 07-27 19:30:39 [multiproc_executor.py:1007]   File "/home/l00838859/cann/my-project/vllm-ascend/vllm_ascend/worker/model_runner_v1.py", line 5101, in capture_model
(Worker_DP2_TP0_EP4 pid=337904) ERROR 07-27 19:30:39 [multiproc_executor.py:1007]     with _torch_cuda_wrapper(), _replace_gpu_model_runner_function_wrapper(parent_module_name):
(Worker_DP2_TP0_EP4 pid=337904) ERROR 07-27 19:30:39 [multiproc_executor.py:1007]   File "/usr/local/lib/python3.11/contextlib.py", line 158, in __exit__
(Worker_DP2_TP0_EP4 pid=337904) ERROR 07-27 19:30:39 [multiproc_executor.py:1007]     self.gen.throw(typ, value, traceback)
(Worker_DP2_TP0_EP4 pid=337904) ERROR 07-27 19:30:39 [multiproc_executor.py:1007]   File "/home/l00838859/cann/my-project/vllm-ascend/vllm_ascend/worker/model_runner_v1.py", line 5244, in _replace_gpu_model_runner_function_wrapper
(Worker_DP2_TP0_EP4 pid=337904) ERROR 07-27 19:30:39 [multiproc_executor.py:1007]     raise RuntimeError(f"NPUModelRunner failed, error is {e}")
(Worker_DP2_TP0_EP4 pid=337904) ERROR 07-27 19:30:39 [multiproc_executor.py:1007] RuntimeError: NPUModelRunner failed, error is copy_between_host_and_device_opapi:../torch_npu/csrc/aten/ops/op_api/CopyKernelOpApi.cpp:55 NPU function error: aclrtMemcpy, error code is 107030
(Worker_DP2_TP0_EP4 pid=337904) ERROR 07-27 19:30:39 [multiproc_executor.py:1007] [ERROR] 2026-07-27-19:30:38 (PID:337904, Device:4, RankID:-1) ERR00100 PTA call acl api failed.
(Worker_DP2_TP0_EP4 pid=337904) ERROR 07-27 19:30:39 [multiproc_executor.py:1007] [PID: 337904] 2026-07-27-19:30:23.756.004 Communication_Error_Bind_IP_Port(EI0019): Failed to enable listening for the host network adapter socket. Reason: The IP address 10.10.1.44 and port 65536 have already been bound.
(Worker_DP2_TP0_EP4 pid=337904) ERROR 07-27 19:30:39 [multiproc_executor.py:1007]         Solution: 1. Check whether this port has been occupied by another process. If yes, you can make adjustment using the environment variable HCCL_IF_BASE_PORT and use sysctl -w net.ipv4.ip_local_reserved_ports=****-**** to adjust the scope of reserved ports. 2. Check whether the service process is started multiple times on a device during this service.
(Worker_DP2_TP0_EP4 pid=337904) ERROR 07-27 19:30:39 [multiproc_executor.py:1007]         TraceBack (most recent call last):
(Worker_DP2_TP0_EP4 pid=337904) ERROR 07-27 19:30:39 [multiproc_executor.py:1007]         Not allow to synchronize captured-stream, stream_id=1276.[FUNC:StreamSynchronize][FILE:api_error.cc][LINE:1016]
(Worker_DP2_TP0_EP4 pid=337904) ERROR 07-27 19:30:39 [multiproc_executor.py:1007]         rtStreamSynchronize execution failed, reason=stream is captured[FUNC:FuncErrorReason][FILE:error_message_manage.cc][LINE:65]
(Worker_DP2_TP0_EP4 pid=337904) ERROR 07-27 19:30:39 [multiproc_executor.py:1007]         synchronize stream failed, runtime result = 107027[FUNC:ReportCallError][FILE:log_inner.cpp][LINE:148]
(Worker_DP2_TP0_EP4 pid=337904) ERROR 07-27 19:30:39 [multiproc_executor.py:1007]         rtMemcpy execution failed, reason=the current capture mode does not support this operation[FUNC:FuncErrorReason][FILE:error_message_manage.cc][LINE:65]
(Worker_DP2_TP0_EP4 pid=337904) ERROR 07-27 19:30:39 [multiproc_executor.py:1007]         synchronized memcpy failed, kind = 1, runtime result = 107030[FUNC:ReportCallError][FILE:log_inner.cpp][LINE:148]
(Worker_DP2_TP0_EP4 pid=337904) ERROR 07-27 19:30:39 [multiproc_executor.py:1007] 
(Worker_DP2_TP0_EP4 pid=337904) ERROR 07-27 19:30:39 [multiproc_executor.py:1007] 
(Worker_DP2_TP0_EP4 pid=337904) ERROR 07-27 19:30:39 [multiproc_executor.py:1007] During handling of the above exception, another exception occurred:
(Worker_DP2_TP0_EP4 pid=337904) ERROR 07-27 19:30:39 [multiproc_executor.py:1007] 
(Worker_DP2_TP0_EP4 pid=337904) ERROR 07-27 19:30:39 [multiproc_executor.py:1007] Traceback (most recent call last):
(Worker_DP2_TP0_EP4 pid=337904) ERROR 07-27 19:30:39 [multiproc_executor.py:1007]   File "/home/l00838859/cann/my-project/vllm/vllm/v1/executor/multiproc_executor.py", line 999, in worker_busy_loop
(Worker_DP2_TP0_EP4 pid=337904) ERROR 07-27 19:30:39 [multiproc_executor.py:1007]     output = func(*args, **kwargs)
(Worker_DP2_TP0_EP4 pid=337904) ERROR 07-27 19:30:39 [multiproc_executor.py:1007]              ^^^^^^^^^^^^^^^^^^^^^
(Worker_DP2_TP0_EP4 pid=337904) ERROR 07-27 19:30:39 [multiproc_executor.py:1007]   File "/home/l00838859/cann/my-project/vllm-ascend/vllm_ascend/worker/worker.py", line 770, in compile_or_warm_up_model
(Worker_DP2_TP0_EP4 pid=337904) ERROR 07-27 19:30:39 [multiproc_executor.py:1007]     npugraph_memory_bytes = self.model_runner.capture_model()
(Worker_DP2_TP0_EP4 pid=337904) ERROR 07-27 19:30:39 [multiproc_executor.py:1007]                             ^^^^^^^^^^^^^^^^^^^^^^^^^^^^^^^^^
(Worker_DP2_TP0_EP4 pid=337904) ERROR 07-27 19:30:39 [multiproc_executor.py:1007]   File "/home/l00838859/cann/my-project/vllm-ascend/vllm_ascend/worker/model_runner_v1.py", line 5101, in capture_model
(Worker_DP2_TP0_EP4 pid=337904) ERROR 07-27 19:30:39 [multiproc_executor.py:1007]     with _torch_cuda_wrapper(), _replace_gpu_model_runner_function_wrapper(parent_module_name):
(Worker_DP2_TP0_EP4 pid=337904) ERROR 07-27 19:30:39 [multiproc_executor.py:1007]   File "/usr/local/lib/python3.11/contextlib.py", line 158, in __exit__
(Worker_DP2_TP0_EP4 pid=337904) ERROR 07-27 19:30:39 [multiproc_executor.py:1007]     self.gen.throw(typ, value, traceback)
(Worker_DP2_TP0_EP4 pid=337904) ERROR 07-27 19:30:39 [multiproc_executor.py:1007]   File "/home/l00838859/cann/my-project/vllm-ascend/vllm_ascend/worker/model_runner_v1.py", line 5208, in _torch_cuda_wrapper
(Worker_DP2_TP0_EP4 pid=337904) ERROR 07-27 19:30:39 [multiproc_executor.py:1007]     raise RuntimeError(f"NPUModelRunner init failed, error is {e}")
(Worker_DP2_TP0_EP4 pid=337904) ERROR 07-27 19:30:39 [multiproc_executor.py:1007] RuntimeError: NPUModelRunner init failed, error is NPUModelRunner failed, error is copy_between_host_and_device_opapi:../torch_npu/csrc/aten/ops/op_api/CopyKernelOpApi.cpp:55 NPU function error: aclrtMemcpy, error code is 107030
(Worker_DP2_TP0_EP4 pid=337904) ERROR 07-27 19:30:39 [multiproc_executor.py:1007] [ERROR] 2026-07-27-19:30:38 (PID:337904, Device:4, RankID:-1) ERR00100 PTA call acl api failed.
(Worker_DP2_TP0_EP4 pid=337904) ERROR 07-27 19:30:39 [multiproc_executor.py:1007] [PID: 337904] 2026-07-27-19:30:23.756.004 Communication_Error_Bind_IP_Port(EI0019): Failed to enable listening for the host network adapter socket. Reason: The IP address 10.10.1.44 and port 65536 have already been bound.
(Worker_DP2_TP0_EP4 pid=337904) ERROR 07-27 19:30:39 [multiproc_executor.py:1007]         Solution: 1. Check whether this port has been occupied by another process. If yes, you can make adjustment using the environment variable HCCL_IF_BASE_PORT and use sysctl -w net.ipv4.ip_local_reserved_ports=****-**** to adjust the scope of reserved ports. 2. Check whether the service process is started multiple times on a device during this service.
(Worker_DP2_TP0_EP4 pid=337904) ERROR 07-27 19:30:39 [multiproc_executor.py:1007]         TraceBack (most recent call last):
(Worker_DP2_TP0_EP4 pid=337904) ERROR 07-27 19:30:39 [multiproc_executor.py:1007]         Not allow to synchronize captured-stream, stream_id=1276.[FUNC:StreamSynchronize][FILE:api_error.cc][LINE:1016]
(Worker_DP2_TP0_EP4 pid=337904) ERROR 07-27 19:30:39 [multiproc_executor.py:1007]         rtStreamSynchronize execution failed, reason=stream is captured[FUNC:FuncErrorReason][FILE:error_message_manage.cc][LINE:65]
(Worker_DP2_TP0_EP4 pid=337904) ERROR 07-27 19:30:39 [multiproc_executor.py:1007]         synchronize stream failed, runtime result = 107027[FUNC:ReportCallError][FILE:log_inner.cpp][LINE:148]
(Worker_DP2_TP0_EP4 pid=337904) ERROR 07-27 19:30:39 [multiproc_executor.py:1007]         rtMemcpy execution failed, reason=the current capture mode does not support this operation[FUNC:FuncErrorReason][FILE:error_message_manage.cc][LINE:65]
(Worker_DP2_TP0_EP4 pid=337904) ERROR 07-27 19:30:39 [multiproc_executor.py:1007]         synchronized memcpy failed, kind = 1, runtime result = 107030[FUNC:ReportCallError][FILE:log_inner.cpp][LINE:148]
(Worker_DP2_TP0_EP4 pid=337904) ERROR 07-27 19:30:39 [multiproc_executor.py:1007] 
(Worker_DP2_TP0_EP4 pid=337904) ERROR 07-27 19:30:39 [multiproc_executor.py:1007] 
(EngineCore_DP2 pid=337451) ERROR 07-27 19:30:39 [core.py:1231] EngineCore failed to start.
(EngineCore_DP2 pid=337451) ERROR 07-27 19:30:39 [core.py:1231] Traceback (most recent call last):
(EngineCore_DP2 pid=337451) ERROR 07-27 19:30:39 [core.py:1231]   File "/home/l00838859/cann/my-project/vllm/vllm/v1/engine/core.py", line 1192, in run_engine_core
(EngineCore_DP2 pid=337451) ERROR 07-27 19:30:39 [core.py:1231]     engine_core = DPEngineCoreProc(*args, **kwargs)
(EngineCore_DP2 pid=337451) ERROR 07-27 19:30:39 [core.py:1231]                   ^^^^^^^^^^^^^^^^^^^^^^^^^^^^^^^^^
(EngineCore_DP2 pid=337451) ERROR 07-27 19:30:39 [core.py:1231]   File "/home/l00838859/cann/my-project/vllm/vllm/v1/engine/core.py", line 1786, in __init__
(EngineCore_DP2 pid=337451) ERROR 07-27 19:30:39 [core.py:1231]     super().__init__(
(EngineCore_DP2 pid=337451) ERROR 07-27 19:30:39 [core.py:1231]   File "/home/l00838859/cann/my-project/vllm/vllm/tracing/otel.py", line 178, in sync_wrapper
(EngineCore_DP2 pid=337451) ERROR 07-27 19:30:39 [core.py:1231]     return func(*args, **kwargs)
(EngineCore_DP2 pid=337451) ERROR 07-27 19:30:39 [core.py:1231]            ^^^^^^^^^^^^^^^^^^^^^
(EngineCore_DP2 pid=337451) ERROR 07-27 19:30:39 [core.py:1231]   File "/home/l00838859/cann/my-project/vllm/vllm/v1/engine/core.py", line 966, in __init__
(EngineCore_DP2 pid=337451) ERROR 07-27 19:30:39 [core.py:1231]     super().__init__(
(EngineCore_DP2 pid=337451) ERROR 07-27 19:30:39 [core.py:1231]   File "/home/l00838859/cann/my-project/vllm/vllm/v1/engine/core.py", line 133, in __init__
(EngineCore_DP2 pid=337451) ERROR 07-27 19:30:39 [core.py:1231]     kv_cache_config = self._initialize_kv_caches(vllm_config)
(EngineCore_DP2 pid=337451) ERROR 07-27 19:30:39 [core.py:1231]                       ^^^^^^^^^^^^^^^^^^^^^^^^^^^^^^^^^^^^^^^
(EngineCore_DP2 pid=337451) ERROR 07-27 19:30:39 [core.py:1231]   File "/home/l00838859/cann/my-project/vllm/vllm/tracing/otel.py", line 178, in sync_wrapper
(EngineCore_DP2 pid=337451) ERROR 07-27 19:30:39 [core.py:1231]     return func(*args, **kwargs)
(EngineCore_DP2 pid=337451) ERROR 07-27 19:30:39 [core.py:1231]            ^^^^^^^^^^^^^^^^^^^^^
(EngineCore_DP2 pid=337451) ERROR 07-27 19:30:39 [core.py:1231]   File "/home/l00838859/cann/my-project/vllm/vllm/v1/engine/core.py", line 321, in _initialize_kv_caches
(EngineCore_DP2 pid=337451) ERROR 07-27 19:30:39 [core.py:1231]     self.model_executor.initialize_from_config(kv_cache_configs)
(EngineCore_DP2 pid=337451) ERROR 07-27 19:30:39 [core.py:1231]   File "/home/l00838859/cann/my-project/vllm/vllm/v1/executor/abstract.py", line 124, in initialize_from_config
(EngineCore_DP2 pid=337451) ERROR 07-27 19:30:39 [core.py:1231]     compilation_times: list[CompilationTimes] = self.collective_rpc(
(EngineCore_DP2 pid=337451) ERROR 07-27 19:30:39 [core.py:1231]                                                 ^^^^^^^^^^^^^^^^^^^^
(EngineCore_DP2 pid=337451) ERROR 07-27 19:30:39 [core.py:1231]   File "/home/l00838859/cann/my-project/vllm/vllm/v1/executor/multiproc_executor.py", line 405, in collective_rpc
(EngineCore_DP2 pid=337451) ERROR 07-27 19:30:39 [core.py:1231]     return future if non_block else future.result()
(EngineCore_DP2 pid=337451) ERROR 07-27 19:30:39 [core.py:1231]                                     ^^^^^^^^^^^^^^^
(EngineCore_DP2 pid=337451) ERROR 07-27 19:30:39 [core.py:1231]   File "/home/l00838859/cann/my-project/vllm/vllm/v1/executor/multiproc_executor.py", line 91, in result
(EngineCore_DP2 pid=337451) ERROR 07-27 19:30:39 [core.py:1231]     return super().result()
(EngineCore_DP2 pid=337451) ERROR 07-27 19:30:39 [core.py:1231]            ^^^^^^^^^^^^^^^^
(EngineCore_DP2 pid=337451) ERROR 07-27 19:30:39 [core.py:1231]   File "/usr/local/lib/python3.11/concurrent/futures/_base.py", line 449, in result
(EngineCore_DP2 pid=337451) ERROR 07-27 19:30:39 [core.py:1231]     return self.__get_result()
(EngineCore_DP2 pid=337451) ERROR 07-27 19:30:39 [core.py:1231]            ^^^^^^^^^^^^^^^^^^^
(EngineCore_DP2 pid=337451) ERROR 07-27 19:30:39 [core.py:1231]   File "/usr/local/lib/python3.11/concurrent/futures/_base.py", line 401, in __get_result
(EngineCore_DP2 pid=337451) ERROR 07-27 19:30:39 [core.py:1231]     raise self._exception
(EngineCore_DP2 pid=337451) ERROR 07-27 19:30:39 [core.py:1231]   File "/home/l00838859/cann/my-project/vllm/vllm/v1/executor/multiproc_executor.py", line 95, in _wait_for_response
(EngineCore_DP2 pid=337451) ERROR 07-27 19:30:39 [core.py:1231]     response = self.aggregate(self.get_response())
(EngineCore_DP2 pid=337451) ERROR 07-27 19:30:39 [core.py:1231]                               ^^^^^^^^^^^^^^^^^^^
(EngineCore_DP2 pid=337451) ERROR 07-27 19:30:39 [core.py:1231]   File "/home/l00838859/cann/my-project/vllm/vllm/v1/executor/multiproc_executor.py", line 394, in get_response
(EngineCore_DP2 pid=337451) ERROR 07-27 19:30:39 [core.py:1231]     raise RuntimeError(
(EngineCore_DP2 pid=337451) ERROR 07-27 19:30:39 [core.py:1231] RuntimeError: Worker failed with error 'NPUModelRunner init failed, error is NPUModelRunner failed, error is copy_between_host_and_device_opapi:../torch_npu/csrc/aten/ops/op_api/CopyKernelOpApi.cpp:55 NPU function error: aclrtMemcpy, error code is 107030
(EngineCore_DP2 pid=337451) ERROR 07-27 19:30:39 [core.py:1231] [ERROR] 2026-07-27-19:30:38 (PID:337904, Device:4, RankID:-1) ERR00100 PTA call acl api failed.
(EngineCore_DP2 pid=337451) ERROR 07-27 19:30:39 [core.py:1231] [PID: 337904] 2026-07-27-19:30:23.756.004 Communication_Error_Bind_IP_Port(EI0019): Failed to enable listening for the host network adapter socket. Reason: The IP address 10.10.1.44 and port 65536 have already been bound.
(EngineCore_DP2 pid=337451) ERROR 07-27 19:30:39 [core.py:1231]         Solution: 1. Check whether this port has been occupied by another process. If yes, you can make adjustment using the environment variable HCCL_IF_BASE_PORT and use sysctl -w net.ipv4.ip_local_reserved_ports=****-**** to adjust the scope of reserved ports. 2. Check whether the service process is started multiple times on a device during this service.
(EngineCore_DP2 pid=337451) ERROR 07-27 19:30:39 [core.py:1231]         TraceBack (most recent call last):
(EngineCore_DP2 pid=337451) ERROR 07-27 19:30:39 [core.py:1231]         Not allow to synchronize captured-stream, stream_id=1276.[FUNC:StreamSynchronize][FILE:api_error.cc][LINE:1016]
(EngineCore_DP2 pid=337451) ERROR 07-27 19:30:39 [core.py:1231]         rtStreamSynchronize execution failed, reason=stream is captured[FUNC:FuncErrorReason][FILE:error_message_manage.cc][LINE:65]
(EngineCore_DP2 pid=337451) ERROR 07-27 19:30:39 [core.py:1231]         synchronize stream failed, runtime result = 107027[FUNC:ReportCallError][FILE:log_inner.cpp][LINE:148]
(EngineCore_DP2 pid=337451) ERROR 07-27 19:30:39 [core.py:1231]         rtMemcpy execution failed, reason=the current capture mode does not support this operation[FUNC:FuncErrorReason][FILE:error_message_manage.cc][LINE:65]
(EngineCore_DP2 pid=337451) ERROR 07-27 19:30:39 [core.py:1231]         synchronized memcpy failed, kind = 1, runtime result = 107030[FUNC:ReportCallError][FILE:log_inner.cpp][LINE:148]
(EngineCore_DP2 pid=337451) ERROR 07-27 19:30:39 [core.py:1231] ', please check the stack trace above for the root cause
(Worker_DP0_TP0_EP0 pid=337906) ERROR 07-27 19:30:39 [multiproc_executor.py:1007] WorkerProc hit an exception.
(Worker_DP0_TP0_EP0 pid=337906) ERROR 07-27 19:30:39 [multiproc_executor.py:1007] Traceback (most recent call last):
(Worker_DP0_TP0_EP0 pid=337906) ERROR 07-27 19:30:39 [multiproc_executor.py:1007]   File "/home/l00838859/cann/my-project/vllm-ascend/vllm_ascend/worker/model_runner_v1.py", line 5242, in _replace_gpu_model_runner_function_wrapper
(Worker_DP0_TP0_EP0 pid=337906) ERROR 07-27 19:30:39 [multiproc_executor.py:1007]     yield
(Worker_DP0_TP0_EP0 pid=337906) ERROR 07-27 19:30:39 [multiproc_executor.py:1007]   File "/home/l00838859/cann/my-project/vllm-ascend/vllm_ascend/worker/model_runner_v1.py", line 5102, in capture_model
(Worker_DP0_TP0_EP0 pid=337906) ERROR 07-27 19:30:39 [multiproc_executor.py:1007]     cuda_graph_size = GPUModelRunner.capture_model(self)
(Worker_DP0_TP0_EP0 pid=337906) ERROR 07-27 19:30:39 [multiproc_executor.py:1007]                       ^^^^^^^^^^^^^^^^^^^^^^^^^^^^^^^^^^
(Worker_DP0_TP0_EP0 pid=337906) ERROR 07-27 19:30:39 [multiproc_executor.py:1007]   File "/home/l00838859/cann/my-project/vllm/vllm/tracing/otel.py", line 178, in sync_wrapper
(Worker_DP0_TP0_EP0 pid=337906) ERROR 07-27 19:30:39 [multiproc_executor.py:1007]     return func(*args, **kwargs)
(Worker_DP0_TP0_EP0 pid=337906) ERROR 07-27 19:30:39 [multiproc_executor.py:1007]            ^^^^^^^^^^^^^^^^^^^^^
(Worker_DP0_TP0_EP0 pid=337906) ERROR 07-27 19:30:39 [multiproc_executor.py:1007]   File "/home/l00838859/cann/my-project/vllm/vllm/v1/worker/gpu_model_runner.py", line 6712, in capture_model
(Worker_DP0_TP0_EP0 pid=337906) ERROR 07-27 19:30:39 [multiproc_executor.py:1007]     self._capture_cudagraphs(
(Worker_DP0_TP0_EP0 pid=337906) ERROR 07-27 19:30:39 [multiproc_executor.py:1007]   File "/home/l00838859/cann/my-project/vllm/vllm/v1/worker/gpu_model_runner.py", line 6828, in _capture_cudagraphs
(Worker_DP0_TP0_EP0 pid=337906) ERROR 07-27 19:30:39 [multiproc_executor.py:1007]     self._warmup_and_capture(
(Worker_DP0_TP0_EP0 pid=337906) ERROR 07-27 19:30:39 [multiproc_executor.py:1007]   File "/home/l00838859/cann/my-project/vllm/vllm/v1/worker/gpu_model_runner.py", line 6774, in _warmup_and_capture
(Worker_DP0_TP0_EP0 pid=337906) ERROR 07-27 19:30:39 [multiproc_executor.py:1007]     self._dummy_run(
(Worker_DP0_TP0_EP0 pid=337906) ERROR 07-27 19:30:39 [multiproc_executor.py:1007]   File "/usr/local/lib/python3.11/site-packages/torch/utils/_contextlib.py", line 124, in decorate_context
(Worker_DP0_TP0_EP0 pid=337906) ERROR 07-27 19:30:39 [multiproc_executor.py:1007]     return func(*args, **kwargs)
(Worker_DP0_TP0_EP0 pid=337906) ERROR 07-27 19:30:39 [multiproc_executor.py:1007]            ^^^^^^^^^^^^^^^^^^^^^
(Worker_DP0_TP0_EP0 pid=337906) ERROR 07-27 19:30:39 [multiproc_executor.py:1007]   File "/home/l00838859/cann/my-project/vllm-ascend/vllm_ascend/worker/model_runner_v1.py", line 3712, in _dummy_run
(Worker_DP0_TP0_EP0 pid=337906) ERROR 07-27 19:30:39 [multiproc_executor.py:1007]     self.drafter.dummy_run(
(Worker_DP0_TP0_EP0 pid=337906) ERROR 07-27 19:30:39 [multiproc_executor.py:1007]   File "/usr/local/lib/python3.11/site-packages/torch/utils/_contextlib.py", line 124, in decorate_context
(Worker_DP0_TP0_EP0 pid=337906) ERROR 07-27 19:30:39 [multiproc_executor.py:1007]     return func(*args, **kwargs)
(Worker_DP0_TP0_EP0 pid=337906) ERROR 07-27 19:30:39 [multiproc_executor.py:1007]            ^^^^^^^^^^^^^^^^^^^^^
(Worker_DP0_TP0_EP0 pid=337906) ERROR 07-27 19:30:39 [multiproc_executor.py:1007]   File "/home/l00838859/cann/my-project/vllm-ascend/vllm_ascend/spec_decode/llm_base_proposer.py", line 727, in dummy_run
(Worker_DP0_TP0_EP0 pid=337906) ERROR 07-27 19:30:39 [multiproc_executor.py:1007]     self._runnable(
(Worker_DP0_TP0_EP0 pid=337906) ERROR 07-27 19:30:39 [multiproc_executor.py:1007]   File "/home/l00838859/cann/my-project/vllm-ascend/vllm_ascend/compilation/acl_graph.py", line 205, in __call__
(Worker_DP0_TP0_EP0 pid=337906) ERROR 07-27 19:30:39 [multiproc_executor.py:1007]     output = self.runnable(*args, **kwargs)
(Worker_DP0_TP0_EP0 pid=337906) ERROR 07-27 19:30:39 [multiproc_executor.py:1007]              ^^^^^^^^^^^^^^^^^^^^^^^^^^^^^^
(Worker_DP0_TP0_EP0 pid=337906) ERROR 07-27 19:30:39 [multiproc_executor.py:1007]   File "/home/l00838859/cann/my-project/vllm-ascend/vllm_ascend/spec_decode/llm_base_proposer.py", line 1209, in _run_merged_draft
(Worker_DP0_TP0_EP0 pid=337906) ERROR 07-27 19:30:39 [multiproc_executor.py:1007]     else dummy_compute_logits(sample_hidden_states)
(Worker_DP0_TP0_EP0 pid=337906) ERROR 07-27 19:30:39 [multiproc_executor.py:1007]          ^^^^^^^^^^^^^^^^^^^^^^^^^^^^^^^^^^^^^^^^^^
(Worker_DP0_TP0_EP0 pid=337906) ERROR 07-27 19:30:39 [multiproc_executor.py:1007]   File "/home/l00838859/cann/my-project/vllm-ascend/vllm_ascend/worker/model_runner_v1.py", line 3685, in dummy_drafter_compute_logits
(Worker_DP0_TP0_EP0 pid=337906) ERROR 07-27 19:30:39 [multiproc_executor.py:1007]     hidden_states = hidden_states[dummy_indices]
(Worker_DP0_TP0_EP0 pid=337906) ERROR 07-27 19:30:39 [multiproc_executor.py:1007]                     ~~~~~~~~~~~~~^^^^^^^^^^^^^^^
(Worker_DP0_TP0_EP0 pid=337906) ERROR 07-27 19:30:39 [multiproc_executor.py:1007] RuntimeError: copy_between_host_and_device_opapi:../torch_npu/csrc/aten/ops/op_api/CopyKernelOpApi.cpp:55 NPU function error: aclrtMemcpy, error code is 107030
(Worker_DP0_TP0_EP0 pid=337906) ERROR 07-27 19:30:39 [multiproc_executor.py:1007] [ERROR] 2026-07-27-19:30:38 (PID:337906, Device:0, RankID:-1) ERR00100 PTA call acl api failed.
(Worker_DP0_TP0_EP0 pid=337906) ERROR 07-27 19:30:39 [multiproc_executor.py:1007] [PID: 337906] 2026-07-27-19:30:23.756.043 Communication_Error_Bind_IP_Port(EI0019): Failed to enable listening for the host network adapter socket. Reason: The IP address 10.10.1.44 and port 65536 have already been bound.
(Worker_DP0_TP0_EP0 pid=337906) ERROR 07-27 19:30:39 [multiproc_executor.py:1007]         Solution: 1. Check whether this port has been occupied by another process. If yes, you can make adjustment using the environment variable HCCL_IF_BASE_PORT and use sysctl -w net.ipv4.ip_local_reserved_ports=****-**** to adjust the scope of reserved ports. 2. Check whether the service process is started multiple times on a device during this service.
(Worker_DP0_TP0_EP0 pid=337906) ERROR 07-27 19:30:39 [multiproc_executor.py:1007]         TraceBack (most recent call last):
(Worker_DP0_TP0_EP0 pid=337906) ERROR 07-27 19:30:39 [multiproc_executor.py:1007]         Not allow to synchronize captured-stream, stream_id=32.[FUNC:StreamSynchronize][FILE:api_error.cc][LINE:1016]
(Worker_DP0_TP0_EP0 pid=337906) ERROR 07-27 19:30:39 [multiproc_executor.py:1007]         rtStreamSynchronize execution failed, reason=stream is captured[FUNC:FuncErrorReason][FILE:error_message_manage.cc][LINE:65]
(Worker_DP0_TP0_EP0 pid=337906) ERROR 07-27 19:30:39 [multiproc_executor.py:1007]         synchronize stream failed, runtime result = 107027[FUNC:ReportCallError][FILE:log_inner.cpp][LINE:148]
(Worker_DP0_TP0_EP0 pid=337906) ERROR 07-27 19:30:39 [multiproc_executor.py:1007]         rtMemcpy execution failed, reason=the current capture mode does not support this operation[FUNC:FuncErrorReason][FILE:error_message_manage.cc][LINE:65]
(Worker_DP0_TP0_EP0 pid=337906) ERROR 07-27 19:30:39 [multiproc_executor.py:1007]         synchronized memcpy failed, kind = 1, runtime result = 107030[FUNC:ReportCallError][FILE:log_inner.cpp][LINE:148]
(Worker_DP0_TP0_EP0 pid=337906) ERROR 07-27 19:30:39 [multiproc_executor.py:1007] 
(Worker_DP0_TP0_EP0 pid=337906) ERROR 07-27 19:30:39 [multiproc_executor.py:1007] 
(Worker_DP0_TP0_EP0 pid=337906) ERROR 07-27 19:30:39 [multiproc_executor.py:1007] During handling of the above exception, another exception occurred:
(Worker_DP0_TP0_EP0 pid=337906) ERROR 07-27 19:30:39 [multiproc_executor.py:1007] 
(Worker_DP0_TP0_EP0 pid=337906) ERROR 07-27 19:30:39 [multiproc_executor.py:1007] Traceback (most recent call last):
(Worker_DP0_TP0_EP0 pid=337906) ERROR 07-27 19:30:39 [multiproc_executor.py:1007]   File "/home/l00838859/cann/my-project/vllm-ascend/vllm_ascend/worker/model_runner_v1.py", line 5198, in _torch_cuda_wrapper
(Worker_DP0_TP0_EP0 pid=337906) ERROR 07-27 19:30:39 [multiproc_executor.py:1007]     yield
(Worker_DP0_TP0_EP0 pid=337906) ERROR 07-27 19:30:39 [multiproc_executor.py:1007]   File "/home/l00838859/cann/my-project/vllm-ascend/vllm_ascend/worker/model_runner_v1.py", line 5101, in capture_model
(Worker_DP0_TP0_EP0 pid=337906) ERROR 07-27 19:30:39 [multiproc_executor.py:1007]     with _torch_cuda_wrapper(), _replace_gpu_model_runner_function_wrapper(parent_module_name):
(Worker_DP0_TP0_EP0 pid=337906) ERROR 07-27 19:30:39 [multiproc_executor.py:1007]   File "/usr/local/lib/python3.11/contextlib.py", line 158, in __exit__
(Worker_DP0_TP0_EP0 pid=337906) ERROR 07-27 19:30:39 [multiproc_executor.py:1007]     self.gen.throw(typ, value, traceback)
(Worker_DP0_TP0_EP0 pid=337906) ERROR 07-27 19:30:39 [multiproc_executor.py:1007]   File "/home/l00838859/cann/my-project/vllm-ascend/vllm_ascend/worker/model_runner_v1.py", line 5244, in _replace_gpu_model_runner_function_wrapper
(Worker_DP0_TP0_EP0 pid=337906) ERROR 07-27 19:30:39 [multiproc_executor.py:1007]     raise RuntimeError(f"NPUModelRunner failed, error is {e}")
(Worker_DP0_TP0_EP0 pid=337906) ERROR 07-27 19:30:39 [multiproc_executor.py:1007] RuntimeError: NPUModelRunner failed, error is copy_between_host_and_device_opapi:../torch_npu/csrc/aten/ops/op_api/CopyKernelOpApi.cpp:55 NPU function error: aclrtMemcpy, error code is 107030
(Worker_DP0_TP0_EP0 pid=337906) ERROR 07-27 19:30:39 [multiproc_executor.py:1007] [ERROR] 2026-07-27-19:30:38 (PID:337906, Device:0, RankID:-1) ERR00100 PTA call acl api failed.
(Worker_DP0_TP0_EP0 pid=337906) ERROR 07-27 19:30:39 [multiproc_executor.py:1007] [PID: 337906] 2026-07-27-19:30:23.756.043 Communication_Error_Bind_IP_Port(EI0019): Failed to enable listening for the host network adapter socket. Reason: The IP address 10.10.1.44 and port 65536 have already been bound.
(Worker_DP0_TP0_EP0 pid=337906) ERROR 07-27 19:30:39 [multiproc_executor.py:1007]         Solution: 1. Check whether this port has been occupied by another process. If yes, you can make adjustment using the environment variable HCCL_IF_BASE_PORT and use sysctl -w net.ipv4.ip_local_reserved_ports=****-**** to adjust the scope of reserved ports. 2. Check whether the service process is started multiple times on a device during this service.
(Worker_DP0_TP0_EP0 pid=337906) ERROR 07-27 19:30:39 [multiproc_executor.py:1007]         TraceBack (most recent call last):
(Worker_DP0_TP0_EP0 pid=337906) ERROR 07-27 19:30:39 [multiproc_executor.py:1007]         Not allow to synchronize captured-stream, stream_id=32.[FUNC:StreamSynchronize][FILE:api_error.cc][LINE:1016]
(Worker_DP0_TP0_EP0 pid=337906) ERROR 07-27 19:30:39 [multiproc_executor.py:1007]         rtStreamSynchronize execution failed, reason=stream is captured[FUNC:FuncErrorReason][FILE:error_message_manage.cc][LINE:65]
(Worker_DP0_TP0_EP0 pid=337906) ERROR 07-27 19:30:39 [multiproc_executor.py:1007]         synchronize stream failed, runtime result = 107027[FUNC:ReportCallError][FILE:log_inner.cpp][LINE:148]
(Worker_DP0_TP0_EP0 pid=337906) ERROR 07-27 19:30:39 [multiproc_executor.py:1007]         rtMemcpy execution failed, reason=the current capture mode does not support this operation[FUNC:FuncErrorReason][FILE:error_message_manage.cc][LINE:65]
(Worker_DP0_TP0_EP0 pid=337906) ERROR 07-27 19:30:39 [multiproc_executor.py:1007]         synchronized memcpy failed, kind = 1, runtime result = 107030[FUNC:ReportCallError][FILE:log_inner.cpp][LINE:148]
(Worker_DP0_TP0_EP0 pid=337906) ERROR 07-27 19:30:39 [multiproc_executor.py:1007] 
(Worker_DP0_TP0_EP0 pid=337906) ERROR 07-27 19:30:39 [multiproc_executor.py:1007] 
(Worker_DP0_TP0_EP0 pid=337906) ERROR 07-27 19:30:39 [multiproc_executor.py:1007] During handling of the above exception, another exception occurred:
(Worker_DP0_TP0_EP0 pid=337906) ERROR 07-27 19:30:39 [multiproc_executor.py:1007] 
(Worker_DP0_TP0_EP0 pid=337906) ERROR 07-27 19:30:39 [multiproc_executor.py:1007] Traceback (most recent call last):
(Worker_DP0_TP0_EP0 pid=337906) ERROR 07-27 19:30:39 [multiproc_executor.py:1007]   File "/home/l00838859/cann/my-project/vllm/vllm/v1/executor/multiproc_executor.py", line 999, in worker_busy_loop
(Worker_DP0_TP0_EP0 pid=337906) ERROR 07-27 19:30:39 [multiproc_executor.py:1007]     output = func(*args, **kwargs)
(Worker_DP0_TP0_EP0 pid=337906) ERROR 07-27 19:30:39 [multiproc_executor.py:1007]              ^^^^^^^^^^^^^^^^^^^^^
(Worker_DP0_TP0_EP0 pid=337906) ERROR 07-27 19:30:39 [multiproc_executor.py:1007]   File "/home/l00838859/cann/my-project/vllm-ascend/vllm_ascend/worker/worker.py", line 770, in compile_or_warm_up_model
(Worker_DP0_TP0_EP0 pid=337906) ERROR 07-27 19:30:39 [multiproc_executor.py:1007]     npugraph_memory_bytes = self.model_runner.capture_model()
(Worker_DP0_TP0_EP0 pid=337906) ERROR 07-27 19:30:39 [multiproc_executor.py:1007]                             ^^^^^^^^^^^^^^^^^^^^^^^^^^^^^^^^^
(Worker_DP0_TP0_EP0 pid=337906) ERROR 07-27 19:30:39 [multiproc_executor.py:1007]   File "/home/l00838859/cann/my-project/vllm-ascend/vllm_ascend/worker/model_runner_v1.py", line 5101, in capture_model
(Worker_DP0_TP0_EP0 pid=337906) ERROR 07-27 19:30:39 [multiproc_executor.py:1007]     with _torch_cuda_wrapper(), _replace_gpu_model_runner_function_wrapper(parent_module_name):
(Worker_DP0_TP0_EP0 pid=337906) ERROR 07-27 19:30:39 [multiproc_executor.py:1007]   File "/usr/local/lib/python3.11/contextlib.py", line 158, in __exit__
(Worker_DP0_TP0_EP0 pid=337906) ERROR 07-27 19:30:39 [multiproc_executor.py:1007]     self.gen.throw(typ, value, traceback)
(Worker_DP0_TP0_EP0 pid=337906) ERROR 07-27 19:30:39 [multiproc_executor.py:1007]   File "/home/l00838859/cann/my-project/vllm-ascend/vllm_ascend/worker/model_runner_v1.py", line 5208, in _torch_cuda_wrapper
(Worker_DP0_TP0_EP0 pid=337906) ERROR 07-27 19:30:39 [multiproc_executor.py:1007]     raise RuntimeError(f"NPUModelRunner init failed, error is {e}")
(Worker_DP0_TP0_EP0 pid=337906) ERROR 07-27 19:30:39 [multiproc_executor.py:1007] RuntimeError: NPUModelRunner init failed, error is NPUModelRunner failed, error is copy_between_host_and_device_opapi:../torch_npu/csrc/aten/ops/op_api/CopyKernelOpApi.cpp:55 NPU function error: aclrtMemcpy, error code is 107030
(Worker_DP0_TP0_EP0 pid=337906) ERROR 07-27 19:30:39 [multiproc_executor.py:1007] [ERROR] 2026-07-27-19:30:38 (PID:337906, Device:0, RankID:-1) ERR00100 PTA call acl api failed.
(Worker_DP0_TP0_EP0 pid=337906) ERROR 07-27 19:30:39 [multiproc_executor.py:1007] [PID: 337906] 2026-07-27-19:30:23.756.043 Communication_Error_Bind_IP_Port(EI0019): Failed to enable listening for the host network adapter socket. Reason: The IP address 10.10.1.44 and port 65536 have already been bound.
(Worker_DP0_TP0_EP0 pid=337906) ERROR 07-27 19:30:39 [multiproc_executor.py:1007]         Solution: 1. Check whether this port has been occupied by another process. If yes, you can make adjustment using the environment variable HCCL_IF_BASE_PORT and use sysctl -w net.ipv4.ip_local_reserved_ports=****-**** to adjust the scope of reserved ports. 2. Check whether the service process is started multiple times on a device during this service.
(Worker_DP0_TP0_EP0 pid=337906) ERROR 07-27 19:30:39 [multiproc_executor.py:1007]         TraceBack (most recent call last):
(Worker_DP0_TP0_EP0 pid=337906) ERROR 07-27 19:30:39 [multiproc_executor.py:1007]         Not allow to synchronize captured-stream, stream_id=32.[FUNC:StreamSynchronize][FILE:api_error.cc][LINE:1016]
(Worker_DP0_TP0_EP0 pid=337906) ERROR 07-27 19:30:39 [multiproc_executor.py:1007]         rtStreamSynchronize execution failed, reason=stream is captured[FUNC:FuncErrorReason][FILE:error_message_manage.cc][LINE:65]
(Worker_DP0_TP0_EP0 pid=337906) ERROR 07-27 19:30:39 [multiproc_executor.py:1007]         synchronize stream failed, runtime result = 107027[FUNC:ReportCallError][FILE:log_inner.cpp][LINE:148]
(Worker_DP0_TP0_EP0 pid=337906) ERROR 07-27 19:30:39 [multiproc_executor.py:1007]         rtMemcpy execution failed, reason=the current capture mode does not support this operation[FUNC:FuncErrorReason][FILE:error_message_manage.cc][LINE:65]
(Worker_DP0_TP0_EP0 pid=337906) ERROR 07-27 19:30:39 [multiproc_executor.py:1007]         synchronized memcpy failed, kind = 1, runtime result = 107030[FUNC:ReportCallError][FILE:log_inner.cpp][LINE:148]
(Worker_DP0_TP0_EP0 pid=337906) ERROR 07-27 19:30:39 [multiproc_executor.py:1007] 
(Worker_DP0_TP0_EP0 pid=337906) ERROR 07-27 19:30:39 [multiproc_executor.py:1007] Traceback (most recent call last):
(Worker_DP0_TP0_EP0 pid=337906) ERROR 07-27 19:30:39 [multiproc_executor.py:1007]   File "/home/l00838859/cann/my-project/vllm-ascend/vllm_ascend/worker/model_runner_v1.py", line 5242, in _replace_gpu_model_runner_function_wrapper
(Worker_DP0_TP0_EP0 pid=337906) ERROR 07-27 19:30:39 [multiproc_executor.py:1007]     yield
(Worker_DP0_TP0_EP0 pid=337906) ERROR 07-27 19:30:39 [multiproc_executor.py:1007]   File "/home/l00838859/cann/my-project/vllm-ascend/vllm_ascend/worker/model_runner_v1.py", line 5102, in capture_model
(Worker_DP0_TP0_EP0 pid=337906) ERROR 07-27 19:30:39 [multiproc_executor.py:1007]     cuda_graph_size = GPUModelRunner.capture_model(self)
(Worker_DP0_TP0_EP0 pid=337906) ERROR 07-27 19:30:39 [multiproc_executor.py:1007]                       ^^^^^^^^^^^^^^^^^^^^^^^^^^^^^^^^^^
(Worker_DP0_TP0_EP0 pid=337906) ERROR 07-27 19:30:39 [multiproc_executor.py:1007]   File "/home/l00838859/cann/my-project/vllm/vllm/tracing/otel.py", line 178, in sync_wrapper
(Worker_DP0_TP0_EP0 pid=337906) ERROR 07-27 19:30:39 [multiproc_executor.py:1007]     return func(*args, **kwargs)
(Worker_DP0_TP0_EP0 pid=337906) ERROR 07-27 19:30:39 [multiproc_executor.py:1007]            ^^^^^^^^^^^^^^^^^^^^^
(Worker_DP0_TP0_EP0 pid=337906) ERROR 07-27 19:30:39 [multiproc_executor.py:1007]   File "/home/l00838859/cann/my-project/vllm/vllm/v1/worker/gpu_model_runner.py", line 6712, in capture_model
(Worker_DP0_TP0_EP0 pid=337906) ERROR 07-27 19:30:39 [multiproc_executor.py:1007]     self._capture_cudagraphs(
(Worker_DP0_TP0_EP0 pid=337906) ERROR 07-27 19:30:39 [multiproc_executor.py:1007]   File "/home/l00838859/cann/my-project/vllm/vllm/v1/worker/gpu_model_runner.py", line 6828, in _capture_cudagraphs
(Worker_DP0_TP0_EP0 pid=337906) ERROR 07-27 19:30:39 [multiproc_executor.py:1007]     self._warmup_and_capture(
(Worker_DP0_TP0_EP0 pid=337906) ERROR 07-27 19:30:39 [multiproc_executor.py:1007]   File "/home/l00838859/cann/my-project/vllm/vllm/v1/worker/gpu_model_runner.py", line 6774, in _warmup_and_capture
(Worker_DP0_TP0_EP0 pid=337906) ERROR 07-27 19:30:39 [multiproc_executor.py:1007]     self._dummy_run(
(Worker_DP0_TP0_EP0 pid=337906) ERROR 07-27 19:30:39 [multiproc_executor.py:1007]   File "/usr/local/lib/python3.11/site-packages/torch/utils/_contextlib.py", line 124, in decorate_context
(Worker_DP0_TP0_EP0 pid=337906) ERROR 07-27 19:30:39 [multiproc_executor.py:1007]     return func(*args, **kwargs)
(Worker_DP0_TP0_EP0 pid=337906) ERROR 07-27 19:30:39 [multiproc_executor.py:1007]            ^^^^^^^^^^^^^^^^^^^^^
(Worker_DP0_TP0_EP0 pid=337906) ERROR 07-27 19:30:39 [multiproc_executor.py:1007]   File "/home/l00838859/cann/my-project/vllm-ascend/vllm_ascend/worker/model_runner_v1.py", line 3712, in _dummy_run
(Worker_DP0_TP0_EP0 pid=337906) ERROR 07-27 19:30:39 [multiproc_executor.py:1007]     self.drafter.dummy_run(
(Worker_DP0_TP0_EP0 pid=337906) ERROR 07-27 19:30:39 [multiproc_executor.py:1007]   File "/usr/local/lib/python3.11/site-packages/torch/utils/_contextlib.py", line 124, in decorate_context
(Worker_DP0_TP0_EP0 pid=337906) ERROR 07-27 19:30:39 [multiproc_executor.py:1007]     return func(*args, **kwargs)
(Worker_DP0_TP0_EP0 pid=337906) ERROR 07-27 19:30:39 [multiproc_executor.py:1007]            ^^^^^^^^^^^^^^^^^^^^^
(Worker_DP0_TP0_EP0 pid=337906) ERROR 07-27 19:30:39 [multiproc_executor.py:1007]   File "/home/l00838859/cann/my-project/vllm-ascend/vllm_ascend/spec_decode/llm_base_proposer.py", line 727, in dummy_run
(Worker_DP0_TP0_EP0 pid=337906) ERROR 07-27 19:30:39 [multiproc_executor.py:1007]     self._runnable(
(Worker_DP0_TP0_EP0 pid=337906) ERROR 07-27 19:30:39 [multiproc_executor.py:1007]   File "/home/l00838859/cann/my-project/vllm-ascend/vllm_ascend/compilation/acl_graph.py", line 205, in __call__
(Worker_DP0_TP0_EP0 pid=337906) ERROR 07-27 19:30:39 [multiproc_executor.py:1007]     output = self.runnable(*args, **kwargs)
(Worker_DP0_TP0_EP0 pid=337906) ERROR 07-27 19:30:39 [multiproc_executor.py:1007]              ^^^^^^^^^^^^^^^^^^^^^^^^^^^^^^
(Worker_DP0_TP0_EP0 pid=337906) ERROR 07-27 19:30:39 [multiproc_executor.py:1007]   File "/home/l00838859/cann/my-project/vllm-ascend/vllm_ascend/spec_decode/llm_base_proposer.py", line 1209, in _run_merged_draft
(Worker_DP0_TP0_EP0 pid=337906) ERROR 07-27 19:30:39 [multiproc_executor.py:1007]     else dummy_compute_logits(sample_hidden_states)
(Worker_DP0_TP0_EP0 pid=337906) ERROR 07-27 19:30:39 [multiproc_executor.py:1007]          ^^^^^^^^^^^^^^^^^^^^^^^^^^^^^^^^^^^^^^^^^^
(Worker_DP0_TP0_EP0 pid=337906) ERROR 07-27 19:30:39 [multiproc_executor.py:1007]   File "/home/l00838859/cann/my-project/vllm-ascend/vllm_ascend/worker/model_runner_v1.py", line 3685, in dummy_drafter_compute_logits
(Worker_DP0_TP0_EP0 pid=337906) ERROR 07-27 19:30:39 [multiproc_executor.py:1007]     hidden_states = hidden_states[dummy_indices]
(Worker_DP0_TP0_EP0 pid=337906) ERROR 07-27 19:30:39 [multiproc_executor.py:1007]                     ~~~~~~~~~~~~~^^^^^^^^^^^^^^^
(Worker_DP0_TP0_EP0 pid=337906) ERROR 07-27 19:30:39 [multiproc_executor.py:1007] RuntimeError: copy_between_host_and_device_opapi:../torch_npu/csrc/aten/ops/op_api/CopyKernelOpApi.cpp:55 NPU function error: aclrtMemcpy, error code is 107030
(Worker_DP0_TP0_EP0 pid=337906) ERROR 07-27 19:30:39 [multiproc_executor.py:1007] [ERROR] 2026-07-27-19:30:38 (PID:337906, Device:0, RankID:-1) ERR00100 PTA call acl api failed.
(Worker_DP0_TP0_EP0 pid=337906) ERROR 07-27 19:30:39 [multiproc_executor.py:1007] [PID: 337906] 2026-07-27-19:30:23.756.043 Communication_Error_Bind_IP_Port(EI0019): Failed to enable listening for the host network adapter socket. Reason: The IP address 10.10.1.44 and port 65536 have already been bound.
(Worker_DP0_TP0_EP0 pid=337906) ERROR 07-27 19:30:39 [multiproc_executor.py:1007]         Solution: 1. Check whether this port has been occupied by another process. If yes, you can make adjustment using the environment variable HCCL_IF_BASE_PORT and use sysctl -w net.ipv4.ip_local_reserved_ports=****-**** to adjust the scope of reserved ports. 2. Check whether the service process is started multiple times on a device during this service.
(Worker_DP0_TP0_EP0 pid=337906) ERROR 07-27 19:30:39 [multiproc_executor.py:1007]         TraceBack (most recent call last):
(Worker_DP0_TP0_EP0 pid=337906) ERROR 07-27 19:30:39 [multiproc_executor.py:1007]         Not allow to synchronize captured-stream, stream_id=32.[FUNC:StreamSynchronize][FILE:api_error.cc][LINE:1016]
(Worker_DP0_TP0_EP0 pid=337906) ERROR 07-27 19:30:39 [multiproc_executor.py:1007]         rtStreamSynchronize execution failed, reason=stream is captured[FUNC:FuncErrorReason][FILE:error_message_manage.cc][LINE:65]
(Worker_DP0_TP0_EP0 pid=337906) ERROR 07-27 19:30:39 [multiproc_executor.py:1007]         synchronize stream failed, runtime result = 107027[FUNC:ReportCallError][FILE:log_inner.cpp][LINE:148]
(Worker_DP0_TP0_EP0 pid=337906) ERROR 07-27 19:30:39 [multiproc_executor.py:1007]         rtMemcpy execution failed, reason=the current capture mode does not support this operation[FUNC:FuncErrorReason][FILE:error_message_manage.cc][LINE:65]
(Worker_DP0_TP0_EP0 pid=337906) ERROR 07-27 19:30:39 [multiproc_executor.py:1007]         synchronized memcpy failed, kind = 1, runtime result = 107030[FUNC:ReportCallError][FILE:log_inner.cpp][LINE:148]
(Worker_DP0_TP0_EP0 pid=337906) ERROR 07-27 19:30:39 [multiproc_executor.py:1007] 
(Worker_DP0_TP0_EP0 pid=337906) ERROR 07-27 19:30:39 [multiproc_executor.py:1007] 
(Worker_DP0_TP0_EP0 pid=337906) ERROR 07-27 19:30:39 [multiproc_executor.py:1007] During handling of the above exception, another exception occurred:
(Worker_DP0_TP0_EP0 pid=337906) ERROR 07-27 19:30:39 [multiproc_executor.py:1007] 
(Worker_DP0_TP0_EP0 pid=337906) ERROR 07-27 19:30:39 [multiproc_executor.py:1007] Traceback (most recent call last):
(Worker_DP0_TP0_EP0 pid=337906) ERROR 07-27 19:30:39 [multiproc_executor.py:1007]   File "/home/l00838859/cann/my-project/vllm-ascend/vllm_ascend/worker/model_runner_v1.py", line 5198, in _torch_cuda_wrapper
(Worker_DP0_TP0_EP0 pid=337906) ERROR 07-27 19:30:39 [multiproc_executor.py:1007]     yield
(Worker_DP0_TP0_EP0 pid=337906) ERROR 07-27 19:30:39 [multiproc_executor.py:1007]   File "/home/l00838859/cann/my-project/vllm-ascend/vllm_ascend/worker/model_runner_v1.py", line 5101, in capture_model
(Worker_DP0_TP0_EP0 pid=337906) ERROR 07-27 19:30:39 [multiproc_executor.py:1007]     with _torch_cuda_wrapper(), _replace_gpu_model_runner_function_wrapper(parent_module_name):
(Worker_DP0_TP0_EP0 pid=337906) ERROR 07-27 19:30:39 [multiproc_executor.py:1007]   File "/usr/local/lib/python3.11/contextlib.py", line 158, in __exit__
(Worker_DP0_TP0_EP0 pid=337906) ERROR 07-27 19:30:39 [multiproc_executor.py:1007]     self.gen.throw(typ, value, traceback)
(Worker_DP0_TP0_EP0 pid=337906) ERROR 07-27 19:30:39 [multiproc_executor.py:1007]   File "/home/l00838859/cann/my-project/vllm-ascend/vllm_ascend/worker/model_runner_v1.py", line 5244, in _replace_gpu_model_runner_function_wrapper
(Worker_DP0_TP0_EP0 pid=337906) ERROR 07-27 19:30:39 [multiproc_executor.py:1007]     raise RuntimeError(f"NPUModelRunner failed, error is {e}")
(Worker_DP0_TP0_EP0 pid=337906) ERROR 07-27 19:30:39 [multiproc_executor.py:1007] RuntimeError: NPUModelRunner failed, error is copy_between_host_and_device_opapi:../torch_npu/csrc/aten/ops/op_api/CopyKernelOpApi.cpp:55 NPU function error: aclrtMemcpy, error code is 107030
(Worker_DP0_TP0_EP0 pid=337906) ERROR 07-27 19:30:39 [multiproc_executor.py:1007] [ERROR] 2026-07-27-19:30:38 (PID:337906, Device:0, RankID:-1) ERR00100 PTA call acl api failed.
(Worker_DP0_TP0_EP0 pid=337906) ERROR 07-27 19:30:39 [multiproc_executor.py:1007] [PID: 337906] 2026-07-27-19:30:23.756.043 Communication_Error_Bind_IP_Port(EI0019): Failed to enable listening for the host network adapter socket. Reason: The IP address 10.10.1.44 and port 65536 have already been bound.
(Worker_DP0_TP0_EP0 pid=337906) ERROR 07-27 19:30:39 [multiproc_executor.py:1007]         Solution: 1. Check whether this port has been occupied by another process. If yes, you can make adjustment using the environment variable HCCL_IF_BASE_PORT and use sysctl -w net.ipv4.ip_local_reserved_ports=****-**** to adjust the scope of reserved ports. 2. Check whether the service process is started multiple times on a device during this service.
(Worker_DP0_TP0_EP0 pid=337906) ERROR 07-27 19:30:39 [multiproc_executor.py:1007]         TraceBack (most recent call last):
(Worker_DP0_TP0_EP0 pid=337906) ERROR 07-27 19:30:39 [multiproc_executor.py:1007]         Not allow to synchronize captured-stream, stream_id=32.[FUNC:StreamSynchronize][FILE:api_error.cc][LINE:1016]
(Worker_DP0_TP0_EP0 pid=337906) ERROR 07-27 19:30:39 [multiproc_executor.py:1007]         rtStreamSynchronize execution failed, reason=stream is captured[FUNC:FuncErrorReason][FILE:error_message_manage.cc][LINE:65]
(Worker_DP0_TP0_EP0 pid=337906) ERROR 07-27 19:30:39 [multiproc_executor.py:1007]         synchronize stream failed, runtime result = 107027[FUNC:ReportCallError][FILE:log_inner.cpp][LINE:148]
(Worker_DP0_TP0_EP0 pid=337906) ERROR 07-27 19:30:39 [multiproc_executor.py:1007]         rtMemcpy execution failed, reason=the current capture mode does not support this operation[FUNC:FuncErrorReason][FILE:error_message_manage.cc][LINE:65]
(Worker_DP0_TP0_EP0 pid=337906) ERROR 07-27 19:30:39 [multiproc_executor.py:1007]         synchronized memcpy failed, kind = 1, runtime result = 107030[FUNC:ReportCallError][FILE:log_inner.cpp][LINE:148]
(Worker_DP0_TP0_EP0 pid=337906) ERROR 07-27 19:30:39 [multiproc_executor.py:1007] 
(Worker_DP0_TP0_EP0 pid=337906) ERROR 07-27 19:30:39 [multiproc_executor.py:1007] 
(Worker_DP0_TP0_EP0 pid=337906) ERROR 07-27 19:30:39 [multiproc_executor.py:1007] During handling of the above exception, another exception occurred:
(Worker_DP0_TP0_EP0 pid=337906) ERROR 07-27 19:30:39 [multiproc_executor.py:1007] 
(Worker_DP0_TP0_EP0 pid=337906) ERROR 07-27 19:30:39 [multiproc_executor.py:1007] Traceback (most recent call last):
(Worker_DP0_TP0_EP0 pid=337906) ERROR 07-27 19:30:39 [multiproc_executor.py:1007]   File "/home/l00838859/cann/my-project/vllm/vllm/v1/executor/multiproc_executor.py", line 999, in worker_busy_loop
(Worker_DP0_TP0_EP0 pid=337906) ERROR 07-27 19:30:39 [multiproc_executor.py:1007]     output = func(*args, **kwargs)
(Worker_DP0_TP0_EP0 pid=337906) ERROR 07-27 19:30:39 [multiproc_executor.py:1007]              ^^^^^^^^^^^^^^^^^^^^^
(Worker_DP0_TP0_EP0 pid=337906) ERROR 07-27 19:30:39 [multiproc_executor.py:1007]   File "/home/l00838859/cann/my-project/vllm-ascend/vllm_ascend/worker/worker.py", line 770, in compile_or_warm_up_model
(Worker_DP0_TP0_EP0 pid=337906) ERROR 07-27 19:30:39 [multiproc_executor.py:1007]     npugraph_memory_bytes = self.model_runner.capture_model()
(Worker_DP0_TP0_EP0 pid=337906) ERROR 07-27 19:30:39 [multiproc_executor.py:1007]                             ^^^^^^^^^^^^^^^^^^^^^^^^^^^^^^^^^
(Worker_DP0_TP0_EP0 pid=337906) ERROR 07-27 19:30:39 [multiproc_executor.py:1007]   File "/home/l00838859/cann/my-project/vllm-ascend/vllm_ascend/worker/model_runner_v1.py", line 5101, in capture_model
(Worker_DP0_TP0_EP0 pid=337906) ERROR 07-27 19:30:39 [multiproc_executor.py:1007]     with _torch_cuda_wrapper(), _replace_gpu_model_runner_function_wrapper(parent_module_name):
(Worker_DP0_TP0_EP0 pid=337906) ERROR 07-27 19:30:39 [multiproc_executor.py:1007]   File "/usr/local/lib/python3.11/contextlib.py", line 158, in __exit__
(Worker_DP0_TP0_EP0 pid=337906) ERROR 07-27 19:30:39 [multiproc_executor.py:1007]     self.gen.throw(typ, value, traceback)
(Worker_DP0_TP0_EP0 pid=337906) ERROR 07-27 19:30:39 [multiproc_executor.py:1007]   File "/home/l00838859/cann/my-project/vllm-ascend/vllm_ascend/worker/model_runner_v1.py", line 5208, in _torch_cuda_wrapper
(Worker_DP0_TP0_EP0 pid=337906) ERROR 07-27 19:30:39 [multiproc_executor.py:1007]     raise RuntimeError(f"NPUModelRunner init failed, error is {e}")
(Worker_DP0_TP0_EP0 pid=337906) ERROR 07-27 19:30:39 [multiproc_executor.py:1007] RuntimeError: NPUModelRunner init failed, error is NPUModelRunner failed, error is copy_between_host_and_device_opapi:../torch_npu/csrc/aten/ops/op_api/CopyKernelOpApi.cpp:55 NPU function error: aclrtMemcpy, error code is 107030
(Worker_DP0_TP0_EP0 pid=337906) ERROR 07-27 19:30:39 [multiproc_executor.py:1007] [ERROR] 2026-07-27-19:30:38 (PID:337906, Device:0, RankID:-1) ERR00100 PTA call acl api failed.
(Worker_DP0_TP0_EP0 pid=337906) ERROR 07-27 19:30:39 [multiproc_executor.py:1007] [PID: 337906] 2026-07-27-19:30:23.756.043 Communication_Error_Bind_IP_Port(EI0019): Failed to enable listening for the host network adapter socket. Reason: The IP address 10.10.1.44 and port 65536 have already been bound.
(Worker_DP0_TP0_EP0 pid=337906) ERROR 07-27 19:30:39 [multiproc_executor.py:1007]         Solution: 1. Check whether this port has been occupied by another process. If yes, you can make adjustment using the environment variable HCCL_IF_BASE_PORT and use sysctl -w net.ipv4.ip_local_reserved_ports=****-**** to adjust the scope of reserved ports. 2. Check whether the service process is started multiple times on a device during this service.
(Worker_DP0_TP0_EP0 pid=337906) ERROR 07-27 19:30:39 [multiproc_executor.py:1007]         TraceBack (most recent call last):
(Worker_DP0_TP0_EP0 pid=337906) ERROR 07-27 19:30:39 [multiproc_executor.py:1007]         Not allow to synchronize captured-stream, stream_id=32.[FUNC:StreamSynchronize][FILE:api_error.cc][LINE:1016]
(Worker_DP0_TP0_EP0 pid=337906) ERROR 07-27 19:30:39 [multiproc_executor.py:1007]         rtStreamSynchronize execution failed, reason=stream is captured[FUNC:FuncErrorReason][FILE:error_message_manage.cc][LINE:65]
(Worker_DP0_TP0_EP0 pid=337906) ERROR 07-27 19:30:39 [multiproc_executor.py:1007]         synchronize stream failed, runtime result = 107027[FUNC:ReportCallError][FILE:log_inner.cpp][LINE:148]
(Worker_DP0_TP0_EP0 pid=337906) ERROR 07-27 19:30:39 [multiproc_executor.py:1007]         rtMemcpy execution failed, reason=the current capture mode does not support this operation[FUNC:FuncErrorReason][FILE:error_message_manage.cc][LINE:65]
(Worker_DP0_TP0_EP0 pid=337906) ERROR 07-27 19:30:39 [multiproc_executor.py:1007]         synchronized memcpy failed, kind = 1, runtime result = 107030[FUNC:ReportCallError][FILE:log_inner.cpp][LINE:148]
(Worker_DP0_TP0_EP0 pid=337906) ERROR 07-27 19:30:39 [multiproc_executor.py:1007] 
(Worker_DP0_TP0_EP0 pid=337906) ERROR 07-27 19:30:39 [multiproc_executor.py:1007] 
(Worker_DP4_TP0_EP8 pid=337905) ERROR 07-27 19:30:39 [multiproc_executor.py:1007] WorkerProc hit an exception.
(Worker_DP4_TP0_EP8 pid=337905) ERROR 07-27 19:30:39 [multiproc_executor.py:1007] Traceback (most recent call last):
(Worker_DP4_TP0_EP8 pid=337905) ERROR 07-27 19:30:39 [multiproc_executor.py:1007]   File "/home/l00838859/cann/my-project/vllm-ascend/vllm_ascend/worker/model_runner_v1.py", line 5242, in _replace_gpu_model_runner_function_wrapper
(Worker_DP4_TP0_EP8 pid=337905) ERROR 07-27 19:30:39 [multiproc_executor.py:1007]     yield
(Worker_DP4_TP0_EP8 pid=337905) ERROR 07-27 19:30:39 [multiproc_executor.py:1007]   File "/home/l00838859/cann/my-project/vllm-ascend/vllm_ascend/worker/model_runner_v1.py", line 5102, in capture_model
(Worker_DP4_TP0_EP8 pid=337905) ERROR 07-27 19:30:39 [multiproc_executor.py:1007]     cuda_graph_size = GPUModelRunner.capture_model(self)
(Worker_DP4_TP0_EP8 pid=337905) ERROR 07-27 19:30:39 [multiproc_executor.py:1007]                       ^^^^^^^^^^^^^^^^^^^^^^^^^^^^^^^^^^
(Worker_DP4_TP0_EP8 pid=337905) ERROR 07-27 19:30:39 [multiproc_executor.py:1007]   File "/home/l00838859/cann/my-project/vllm/vllm/tracing/otel.py", line 178, in sync_wrapper
(Worker_DP4_TP0_EP8 pid=337905) ERROR 07-27 19:30:39 [multiproc_executor.py:1007]     return func(*args, **kwargs)
(Worker_DP4_TP0_EP8 pid=337905) ERROR 07-27 19:30:39 [multiproc_executor.py:1007]            ^^^^^^^^^^^^^^^^^^^^^
(Worker_DP4_TP0_EP8 pid=337905) ERROR 07-27 19:30:39 [multiproc_executor.py:1007]   File "/home/l00838859/cann/my-project/vllm/vllm/v1/worker/gpu_model_runner.py", line 6712, in capture_model
(Worker_DP4_TP0_EP8 pid=337905) ERROR 07-27 19:30:39 [multiproc_executor.py:1007]     self._capture_cudagraphs(
(Worker_DP4_TP0_EP8 pid=337905) ERROR 07-27 19:30:39 [multiproc_executor.py:1007]   File "/home/l00838859/cann/my-project/vllm/vllm/v1/worker/gpu_model_runner.py", line 6828, in _capture_cudagraphs
(Worker_DP4_TP0_EP8 pid=337905) ERROR 07-27 19:30:39 [multiproc_executor.py:1007]     self._warmup_and_capture(
(Worker_DP4_TP0_EP8 pid=337905) ERROR 07-27 19:30:39 [multiproc_executor.py:1007]   File "/home/l00838859/cann/my-project/vllm/vllm/v1/worker/gpu_model_runner.py", line 6774, in _warmup_and_capture
(Worker_DP4_TP0_EP8 pid=337905) ERROR 07-27 19:30:39 [multiproc_executor.py:1007]     self._dummy_run(
(Worker_DP4_TP0_EP8 pid=337905) ERROR 07-27 19:30:39 [multiproc_executor.py:1007]   File "/usr/local/lib/python3.11/site-packages/torch/utils/_contextlib.py", line 124, in decorate_context
(Worker_DP4_TP0_EP8 pid=337905) ERROR 07-27 19:30:39 [multiproc_executor.py:1007]     return func(*args, **kwargs)
(Worker_DP4_TP0_EP8 pid=337905) ERROR 07-27 19:30:39 [multiproc_executor.py:1007]            ^^^^^^^^^^^^^^^^^^^^^
(Worker_DP4_TP0_EP8 pid=337905) ERROR 07-27 19:30:39 [multiproc_executor.py:1007]   File "/home/l00838859/cann/my-project/vllm-ascend/vllm_ascend/worker/model_runner_v1.py", line 3712, in _dummy_run
(Worker_DP4_TP0_EP8 pid=337905) ERROR 07-27 19:30:39 [multiproc_executor.py:1007]     self.drafter.dummy_run(
(Worker_DP4_TP0_EP8 pid=337905) ERROR 07-27 19:30:39 [multiproc_executor.py:1007]   File "/usr/local/lib/python3.11/site-packages/torch/utils/_contextlib.py", line 124, in decorate_context
(Worker_DP4_TP0_EP8 pid=337905) ERROR 07-27 19:30:39 [multiproc_executor.py:1007]     return func(*args, **kwargs)
(Worker_DP4_TP0_EP8 pid=337905) ERROR 07-27 19:30:39 [multiproc_executor.py:1007]            ^^^^^^^^^^^^^^^^^^^^^
(Worker_DP4_TP0_EP8 pid=337905) ERROR 07-27 19:30:39 [multiproc_executor.py:1007]   File "/home/l00838859/cann/my-project/vllm-ascend/vllm_ascend/spec_decode/llm_base_proposer.py", line 727, in dummy_run
(Worker_DP4_TP0_EP8 pid=337905) ERROR 07-27 19:30:39 [multiproc_executor.py:1007]     self._runnable(
(Worker_DP4_TP0_EP8 pid=337905) ERROR 07-27 19:30:39 [multiproc_executor.py:1007]   File "/home/l00838859/cann/my-project/vllm-ascend/vllm_ascend/compilation/acl_graph.py", line 205, in __call__
(Worker_DP4_TP0_EP8 pid=337905) ERROR 07-27 19:30:39 [multiproc_executor.py:1007]     output = self.runnable(*args, **kwargs)
(Worker_DP4_TP0_EP8 pid=337905) ERROR 07-27 19:30:39 [multiproc_executor.py:1007]              ^^^^^^^^^^^^^^^^^^^^^^^^^^^^^^
(Worker_DP4_TP0_EP8 pid=337905) ERROR 07-27 19:30:39 [multiproc_executor.py:1007]   File "/home/l00838859/cann/my-project/vllm-ascend/vllm_ascend/spec_decode/llm_base_proposer.py", line 1209, in _run_merged_draft
(Worker_DP4_TP0_EP8 pid=337905) ERROR 07-27 19:30:39 [multiproc_executor.py:1007]     else dummy_compute_logits(sample_hidden_states)
(Worker_DP4_TP0_EP8 pid=337905) ERROR 07-27 19:30:39 [multiproc_executor.py:1007]          ^^^^^^^^^^^^^^^^^^^^^^^^^^^^^^^^^^^^^^^^^^
(Worker_DP4_TP0_EP8 pid=337905) ERROR 07-27 19:30:39 [multiproc_executor.py:1007]   File "/home/l00838859/cann/my-project/vllm-ascend/vllm_ascend/worker/model_runner_v1.py", line 3685, in dummy_drafter_compute_logits
(Worker_DP4_TP0_EP8 pid=337905) ERROR 07-27 19:30:39 [multiproc_executor.py:1007]     hidden_states = hidden_states[dummy_indices]
(Worker_DP4_TP0_EP8 pid=337905) ERROR 07-27 19:30:39 [multiproc_executor.py:1007]                     ~~~~~~~~~~~~~^^^^^^^^^^^^^^^
(Worker_DP4_TP0_EP8 pid=337905) ERROR 07-27 19:30:39 [multiproc_executor.py:1007] RuntimeError: copy_between_host_and_device_opapi:../torch_npu/csrc/aten/ops/op_api/CopyKernelOpApi.cpp:55 NPU function error: aclrtMemcpy, error code is 107030
(Worker_DP4_TP0_EP8 pid=337905) ERROR 07-27 19:30:39 [multiproc_executor.py:1007] [ERROR] 2026-07-27-19:30:38 (PID:337905, Device:8, RankID:-1) ERR00100 PTA call acl api failed.
(Worker_DP4_TP0_EP8 pid=337905) ERROR 07-27 19:30:39 [multiproc_executor.py:1007] [PID: 337905] 2026-07-27-19:30:23.755.994 Communication_Error_Bind_IP_Port(EI0019): Failed to enable listening for the host network adapter socket. Reason: The IP address 10.10.1.44 and port 65536 have already been bound.
(Worker_DP4_TP0_EP8 pid=337905) ERROR 07-27 19:30:39 [multiproc_executor.py:1007]         Solution: 1. Check whether this port has been occupied by another process. If yes, you can make adjustment using the environment variable HCCL_IF_BASE_PORT and use sysctl -w net.ipv4.ip_local_reserved_ports=****-**** to adjust the scope of reserved ports. 2. Check whether the service process is started multiple times on a device during this service.
(Worker_DP4_TP0_EP8 pid=337905) ERROR 07-27 19:30:39 [multiproc_executor.py:1007]         TraceBack (most recent call last):
(Worker_DP4_TP0_EP8 pid=337905) ERROR 07-27 19:30:39 [multiproc_executor.py:1007]         Not allow to synchronize captured-stream, stream_id=32.[FUNC:StreamSynchronize][FILE:api_error.cc][LINE:1016]
(Worker_DP4_TP0_EP8 pid=337905) ERROR 07-27 19:30:39 [multiproc_executor.py:1007]         rtStreamSynchronize execution failed, reason=stream is captured[FUNC:FuncErrorReason][FILE:error_message_manage.cc][LINE:65]
(Worker_DP4_TP0_EP8 pid=337905) ERROR 07-27 19:30:39 [multiproc_executor.py:1007]         synchronize stream failed, runtime result = 107027[FUNC:ReportCallError][FILE:log_inner.cpp][LINE:148]
(Worker_DP4_TP0_EP8 pid=337905) ERROR 07-27 19:30:39 [multiproc_executor.py:1007]         rtMemcpy execution failed, reason=the current capture mode does not support this operation[FUNC:FuncErrorReason][FILE:error_message_manage.cc][LINE:65]
(Worker_DP4_TP0_EP8 pid=337905) ERROR 07-27 19:30:39 [multiproc_executor.py:1007]         synchronized memcpy failed, kind = 1, runtime result = 107030[FUNC:ReportCallError][FILE:log_inner.cpp][LINE:148]
(Worker_DP4_TP0_EP8 pid=337905) ERROR 07-27 19:30:39 [multiproc_executor.py:1007] 
(Worker_DP4_TP0_EP8 pid=337905) ERROR 07-27 19:30:39 [multiproc_executor.py:1007] 
(Worker_DP4_TP0_EP8 pid=337905) ERROR 07-27 19:30:39 [multiproc_executor.py:1007] During handling of the above exception, another exception occurred:
(Worker_DP4_TP0_EP8 pid=337905) ERROR 07-27 19:30:39 [multiproc_executor.py:1007] 
(Worker_DP4_TP0_EP8 pid=337905) ERROR 07-27 19:30:39 [multiproc_executor.py:1007] Traceback (most recent call last):
(Worker_DP4_TP0_EP8 pid=337905) ERROR 07-27 19:30:39 [multiproc_executor.py:1007]   File "/home/l00838859/cann/my-project/vllm-ascend/vllm_ascend/worker/model_runner_v1.py", line 5198, in _torch_cuda_wrapper
(Worker_DP4_TP0_EP8 pid=337905) ERROR 07-27 19:30:39 [multiproc_executor.py:1007]     yield
(Worker_DP4_TP0_EP8 pid=337905) ERROR 07-27 19:30:39 [multiproc_executor.py:1007]   File "/home/l00838859/cann/my-project/vllm-ascend/vllm_ascend/worker/model_runner_v1.py", line 5101, in capture_model
(Worker_DP4_TP0_EP8 pid=337905) ERROR 07-27 19:30:39 [multiproc_executor.py:1007]     with _torch_cuda_wrapper(), _replace_gpu_model_runner_function_wrapper(parent_module_name):
(Worker_DP4_TP0_EP8 pid=337905) ERROR 07-27 19:30:39 [multiproc_executor.py:1007]   File "/usr/local/lib/python3.11/contextlib.py", line 158, in __exit__
(Worker_DP4_TP0_EP8 pid=337905) ERROR 07-27 19:30:39 [multiproc_executor.py:1007]     self.gen.throw(typ, value, traceback)
(Worker_DP4_TP0_EP8 pid=337905) ERROR 07-27 19:30:39 [multiproc_executor.py:1007]   File "/home/l00838859/cann/my-project/vllm-ascend/vllm_ascend/worker/model_runner_v1.py", line 5244, in _replace_gpu_model_runner_function_wrapper
(Worker_DP4_TP0_EP8 pid=337905) ERROR 07-27 19:30:39 [multiproc_executor.py:1007]     raise RuntimeError(f"NPUModelRunner failed, error is {e}")
(Worker_DP4_TP0_EP8 pid=337905) ERROR 07-27 19:30:39 [multiproc_executor.py:1007] RuntimeError: NPUModelRunner failed, error is copy_between_host_and_device_opapi:../torch_npu/csrc/aten/ops/op_api/CopyKernelOpApi.cpp:55 NPU function error: aclrtMemcpy, error code is 107030
(Worker_DP4_TP0_EP8 pid=337905) ERROR 07-27 19:30:39 [multiproc_executor.py:1007] [ERROR] 2026-07-27-19:30:38 (PID:337905, Device:8, RankID:-1) ERR00100 PTA call acl api failed.
(Worker_DP4_TP0_EP8 pid=337905) ERROR 07-27 19:30:39 [multiproc_executor.py:1007] [PID: 337905] 2026-07-27-19:30:23.755.994 Communication_Error_Bind_IP_Port(EI0019): Failed to enable listening for the host network adapter socket. Reason: The IP address 10.10.1.44 and port 65536 have already been bound.
(Worker_DP4_TP0_EP8 pid=337905) ERROR 07-27 19:30:39 [multiproc_executor.py:1007]         Solution: 1. Check whether this port has been occupied by another process. If yes, you can make adjustment using the environment variable HCCL_IF_BASE_PORT and use sysctl -w net.ipv4.ip_local_reserved_ports=****-**** to adjust the scope of reserved ports. 2. Check whether the service process is started multiple times on a device during this service.
(Worker_DP4_TP0_EP8 pid=337905) ERROR 07-27 19:30:39 [multiproc_executor.py:1007]         TraceBack (most recent call last):
(Worker_DP4_TP0_EP8 pid=337905) ERROR 07-27 19:30:39 [multiproc_executor.py:1007]         Not allow to synchronize captured-stream, stream_id=32.[FUNC:StreamSynchronize][FILE:api_error.cc][LINE:1016]
(Worker_DP4_TP0_EP8 pid=337905) ERROR 07-27 19:30:39 [multiproc_executor.py:1007]         rtStreamSynchronize execution failed, reason=stream is captured[FUNC:FuncErrorReason][FILE:error_message_manage.cc][LINE:65]
(Worker_DP4_TP0_EP8 pid=337905) ERROR 07-27 19:30:39 [multiproc_executor.py:1007]         synchronize stream failed, runtime result = 107027[FUNC:ReportCallError][FILE:log_inner.cpp][LINE:148]
(Worker_DP4_TP0_EP8 pid=337905) ERROR 07-27 19:30:39 [multiproc_executor.py:1007]         rtMemcpy execution failed, reason=the current capture mode does not support this operation[FUNC:FuncErrorReason][FILE:error_message_manage.cc][LINE:65]
(Worker_DP4_TP0_EP8 pid=337905) ERROR 07-27 19:30:39 [multiproc_executor.py:1007]         synchronized memcpy failed, kind = 1, runtime result = 107030[FUNC:ReportCallError][FILE:log_inner.cpp][LINE:148]
(Worker_DP4_TP0_EP8 pid=337905) ERROR 07-27 19:30:39 [multiproc_executor.py:1007] 
(Worker_DP4_TP0_EP8 pid=337905) ERROR 07-27 19:30:39 [multiproc_executor.py:1007] 
(Worker_DP4_TP0_EP8 pid=337905) ERROR 07-27 19:30:39 [multiproc_executor.py:1007] During handling of the above exception, another exception occurred:
(Worker_DP4_TP0_EP8 pid=337905) ERROR 07-27 19:30:39 [multiproc_executor.py:1007] 
(Worker_DP4_TP0_EP8 pid=337905) ERROR 07-27 19:30:39 [multiproc_executor.py:1007] Traceback (most recent call last):
(Worker_DP4_TP0_EP8 pid=337905) ERROR 07-27 19:30:39 [multiproc_executor.py:1007]   File "/home/l00838859/cann/my-project/vllm/vllm/v1/executor/multiproc_executor.py", line 999, in worker_busy_loop
(Worker_DP4_TP0_EP8 pid=337905) ERROR 07-27 19:30:39 [multiproc_executor.py:1007]     output = func(*args, **kwargs)
(Worker_DP4_TP0_EP8 pid=337905) ERROR 07-27 19:30:39 [multiproc_executor.py:1007]              ^^^^^^^^^^^^^^^^^^^^^
(Worker_DP4_TP0_EP8 pid=337905) ERROR 07-27 19:30:39 [multiproc_executor.py:1007]   File "/home/l00838859/cann/my-project/vllm-ascend/vllm_ascend/worker/worker.py", line 770, in compile_or_warm_up_model
(Worker_DP4_TP0_EP8 pid=337905) ERROR 07-27 19:30:39 [multiproc_executor.py:1007]     npugraph_memory_bytes = self.model_runner.capture_model()
(Worker_DP4_TP0_EP8 pid=337905) ERROR 07-27 19:30:39 [multiproc_executor.py:1007]                             ^^^^^^^^^^^^^^^^^^^^^^^^^^^^^^^^^
(Worker_DP4_TP0_EP8 pid=337905) ERROR 07-27 19:30:39 [multiproc_executor.py:1007]   File "/home/l00838859/cann/my-project/vllm-ascend/vllm_ascend/worker/model_runner_v1.py", line 5101, in capture_model
(Worker_DP4_TP0_EP8 pid=337905) ERROR 07-27 19:30:39 [multiproc_executor.py:1007]     with _torch_cuda_wrapper(), _replace_gpu_model_runner_function_wrapper(parent_module_name):
(Worker_DP4_TP0_EP8 pid=337905) ERROR 07-27 19:30:39 [multiproc_executor.py:1007]   File "/usr/local/lib/python3.11/contextlib.py", line 158, in __exit__
(Worker_DP4_TP0_EP8 pid=337905) ERROR 07-27 19:30:39 [multiproc_executor.py:1007]     self.gen.throw(typ, value, traceback)
(Worker_DP4_TP0_EP8 pid=337905) ERROR 07-27 19:30:39 [multiproc_executor.py:1007]   File "/home/l00838859/cann/my-project/vllm-ascend/vllm_ascend/worker/model_runner_v1.py", line 5208, in _torch_cuda_wrapper
(Worker_DP4_TP0_EP8 pid=337905) ERROR 07-27 19:30:39 [multiproc_executor.py:1007]     raise RuntimeError(f"NPUModelRunner init failed, error is {e}")
(Worker_DP4_TP0_EP8 pid=337905) ERROR 07-27 19:30:39 [multiproc_executor.py:1007] RuntimeError: NPUModelRunner init failed, error is NPUModelRunner failed, error is copy_between_host_and_device_opapi:../torch_npu/csrc/aten/ops/op_api/CopyKernelOpApi.cpp:55 NPU function error: aclrtMemcpy, error code is 107030
(Worker_DP4_TP0_EP8 pid=337905) ERROR 07-27 19:30:39 [multiproc_executor.py:1007] [ERROR] 2026-07-27-19:30:38 (PID:337905, Device:8, RankID:-1) ERR00100 PTA call acl api failed.
(Worker_DP4_TP0_EP8 pid=337905) ERROR 07-27 19:30:39 [multiproc_executor.py:1007] [PID: 337905] 2026-07-27-19:30:23.755.994 Communication_Error_Bind_IP_Port(EI0019): Failed to enable listening for the host network adapter socket. Reason: The IP address 10.10.1.44 and port 65536 have already been bound.
(Worker_DP4_TP0_EP8 pid=337905) ERROR 07-27 19:30:39 [multiproc_executor.py:1007]         Solution: 1. Check whether this port has been occupied by another process. If yes, you can make adjustment using the environment variable HCCL_IF_BASE_PORT and use sysctl -w net.ipv4.ip_local_reserved_ports=****-**** to adjust the scope of reserved ports. 2. Check whether the service process is started multiple times on a device during this service.
(Worker_DP4_TP0_EP8 pid=337905) ERROR 07-27 19:30:39 [multiproc_executor.py:1007]         TraceBack (most recent call last):
(Worker_DP4_TP0_EP8 pid=337905) ERROR 07-27 19:30:39 [multiproc_executor.py:1007]         Not allow to synchronize captured-stream, stream_id=32.[FUNC:StreamSynchronize][FILE:api_error.cc][LINE:1016]
(Worker_DP4_TP0_EP8 pid=337905) ERROR 07-27 19:30:39 [multiproc_executor.py:1007]         rtStreamSynchronize execution failed, reason=stream is captured[FUNC:FuncErrorReason][FILE:error_message_manage.cc][LINE:65]
(Worker_DP4_TP0_EP8 pid=337905) ERROR 07-27 19:30:39 [multiproc_executor.py:1007]         synchronize stream failed, runtime result = 107027[FUNC:ReportCallError][FILE:log_inner.cpp][LINE:148]
(Worker_DP4_TP0_EP8 pid=337905) ERROR 07-27 19:30:39 [multiproc_executor.py:1007]         rtMemcpy execution failed, reason=the current capture mode does not support this operation[FUNC:FuncErrorReason][FILE:error_message_manage.cc][LINE:65]
(Worker_DP4_TP0_EP8 pid=337905) ERROR 07-27 19:30:39 [multiproc_executor.py:1007]         synchronized memcpy failed, kind = 1, runtime result = 107030[FUNC:ReportCallError][FILE:log_inner.cpp][LINE:148]
(Worker_DP4_TP0_EP8 pid=337905) ERROR 07-27 19:30:39 [multiproc_executor.py:1007] 
(Worker_DP4_TP0_EP8 pid=337905) ERROR 07-27 19:30:39 [multiproc_executor.py:1007] Traceback (most recent call last):
(Worker_DP4_TP0_EP8 pid=337905) ERROR 07-27 19:30:39 [multiproc_executor.py:1007]   File "/home/l00838859/cann/my-project/vllm-ascend/vllm_ascend/worker/model_runner_v1.py", line 5242, in _replace_gpu_model_runner_function_wrapper
(Worker_DP4_TP0_EP8 pid=337905) ERROR 07-27 19:30:39 [multiproc_executor.py:1007]     yield
(Worker_DP4_TP0_EP8 pid=337905) ERROR 07-27 19:30:39 [multiproc_executor.py:1007]   File "/home/l00838859/cann/my-project/vllm-ascend/vllm_ascend/worker/model_runner_v1.py", line 5102, in capture_model
(Worker_DP4_TP0_EP8 pid=337905) ERROR 07-27 19:30:39 [multiproc_executor.py:1007]     cuda_graph_size = GPUModelRunner.capture_model(self)
(Worker_DP4_TP0_EP8 pid=337905) ERROR 07-27 19:30:39 [multiproc_executor.py:1007]                       ^^^^^^^^^^^^^^^^^^^^^^^^^^^^^^^^^^
(Worker_DP4_TP0_EP8 pid=337905) ERROR 07-27 19:30:39 [multiproc_executor.py:1007]   File "/home/l00838859/cann/my-project/vllm/vllm/tracing/otel.py", line 178, in sync_wrapper
(Worker_DP4_TP0_EP8 pid=337905) ERROR 07-27 19:30:39 [multiproc_executor.py:1007]     return func(*args, **kwargs)
(Worker_DP4_TP0_EP8 pid=337905) ERROR 07-27 19:30:39 [multiproc_executor.py:1007]            ^^^^^^^^^^^^^^^^^^^^^
(Worker_DP4_TP0_EP8 pid=337905) ERROR 07-27 19:30:39 [multiproc_executor.py:1007]   File "/home/l00838859/cann/my-project/vllm/vllm/v1/worker/gpu_model_runner.py", line 6712, in capture_model
(Worker_DP4_TP0_EP8 pid=337905) ERROR 07-27 19:30:39 [multiproc_executor.py:1007]     self._capture_cudagraphs(
(Worker_DP4_TP0_EP8 pid=337905) ERROR 07-27 19:30:39 [multiproc_executor.py:1007]   File "/home/l00838859/cann/my-project/vllm/vllm/v1/worker/gpu_model_runner.py", line 6828, in _capture_cudagraphs
(Worker_DP4_TP0_EP8 pid=337905) ERROR 07-27 19:30:39 [multiproc_executor.py:1007]     self._warmup_and_capture(
(Worker_DP4_TP0_EP8 pid=337905) ERROR 07-27 19:30:39 [multiproc_executor.py:1007]   File "/home/l00838859/cann/my-project/vllm/vllm/v1/worker/gpu_model_runner.py", line 6774, in _warmup_and_capture
(Worker_DP4_TP0_EP8 pid=337905) ERROR 07-27 19:30:39 [multiproc_executor.py:1007]     self._dummy_run(
(Worker_DP4_TP0_EP8 pid=337905) ERROR 07-27 19:30:39 [multiproc_executor.py:1007]   File "/usr/local/lib/python3.11/site-packages/torch/utils/_contextlib.py", line 124, in decorate_context
(Worker_DP4_TP0_EP8 pid=337905) ERROR 07-27 19:30:39 [multiproc_executor.py:1007]     return func(*args, **kwargs)
(Worker_DP4_TP0_EP8 pid=337905) ERROR 07-27 19:30:39 [multiproc_executor.py:1007]            ^^^^^^^^^^^^^^^^^^^^^
(Worker_DP4_TP0_EP8 pid=337905) ERROR 07-27 19:30:39 [multiproc_executor.py:1007]   File "/home/l00838859/cann/my-project/vllm-ascend/vllm_ascend/worker/model_runner_v1.py", line 3712, in _dummy_run
(Worker_DP4_TP0_EP8 pid=337905) ERROR 07-27 19:30:39 [multiproc_executor.py:1007]     self.drafter.dummy_run(
(Worker_DP4_TP0_EP8 pid=337905) ERROR 07-27 19:30:39 [multiproc_executor.py:1007]   File "/usr/local/lib/python3.11/site-packages/torch/utils/_contextlib.py", line 124, in decorate_context
(Worker_DP4_TP0_EP8 pid=337905) ERROR 07-27 19:30:39 [multiproc_executor.py:1007]     return func(*args, **kwargs)
(Worker_DP4_TP0_EP8 pid=337905) ERROR 07-27 19:30:39 [multiproc_executor.py:1007]            ^^^^^^^^^^^^^^^^^^^^^
(Worker_DP4_TP0_EP8 pid=337905) ERROR 07-27 19:30:39 [multiproc_executor.py:1007]   File "/home/l00838859/cann/my-project/vllm-ascend/vllm_ascend/spec_decode/llm_base_proposer.py", line 727, in dummy_run
(Worker_DP4_TP0_EP8 pid=337905) ERROR 07-27 19:30:39 [multiproc_executor.py:1007]     self._runnable(
(Worker_DP4_TP0_EP8 pid=337905) ERROR 07-27 19:30:39 [multiproc_executor.py:1007]   File "/home/l00838859/cann/my-project/vllm-ascend/vllm_ascend/compilation/acl_graph.py", line 205, in __call__
(Worker_DP4_TP0_EP8 pid=337905) ERROR 07-27 19:30:39 [multiproc_executor.py:1007]     output = self.runnable(*args, **kwargs)
(Worker_DP4_TP0_EP8 pid=337905) ERROR 07-27 19:30:39 [multiproc_executor.py:1007]              ^^^^^^^^^^^^^^^^^^^^^^^^^^^^^^
(Worker_DP4_TP0_EP8 pid=337905) ERROR 07-27 19:30:39 [multiproc_executor.py:1007]   File "/home/l00838859/cann/my-project/vllm-ascend/vllm_ascend/spec_decode/llm_base_proposer.py", line 1209, in _run_merged_draft
(Worker_DP4_TP0_EP8 pid=337905) ERROR 07-27 19:30:39 [multiproc_executor.py:1007]     else dummy_compute_logits(sample_hidden_states)
(Worker_DP4_TP0_EP8 pid=337905) ERROR 07-27 19:30:39 [multiproc_executor.py:1007]          ^^^^^^^^^^^^^^^^^^^^^^^^^^^^^^^^^^^^^^^^^^
(Worker_DP4_TP0_EP8 pid=337905) ERROR 07-27 19:30:39 [multiproc_executor.py:1007]   File "/home/l00838859/cann/my-project/vllm-ascend/vllm_ascend/worker/model_runner_v1.py", line 3685, in dummy_drafter_compute_logits
(Worker_DP4_TP0_EP8 pid=337905) ERROR 07-27 19:30:39 [multiproc_executor.py:1007]     hidden_states = hidden_states[dummy_indices]
(Worker_DP4_TP0_EP8 pid=337905) ERROR 07-27 19:30:39 [multiproc_executor.py:1007]                     ~~~~~~~~~~~~~^^^^^^^^^^^^^^^
(Worker_DP4_TP0_EP8 pid=337905) ERROR 07-27 19:30:39 [multiproc_executor.py:1007] RuntimeError: copy_between_host_and_device_opapi:../torch_npu/csrc/aten/ops/op_api/CopyKernelOpApi.cpp:55 NPU function error: aclrtMemcpy, error code is 107030
(Worker_DP4_TP0_EP8 pid=337905) ERROR 07-27 19:30:39 [multiproc_executor.py:1007] [ERROR] 2026-07-27-19:30:38 (PID:337905, Device:8, RankID:-1) ERR00100 PTA call acl api failed.
(Worker_DP4_TP0_EP8 pid=337905) ERROR 07-27 19:30:39 [multiproc_executor.py:1007] [PID: 337905] 2026-07-27-19:30:23.755.994 Communication_Error_Bind_IP_Port(EI0019): Failed to enable listening for the host network adapter socket. Reason: The IP address 10.10.1.44 and port 65536 have already been bound.
(Worker_DP4_TP0_EP8 pid=337905) ERROR 07-27 19:30:39 [multiproc_executor.py:1007]         Solution: 1. Check whether this port has been occupied by another process. If yes, you can make adjustment using the environment variable HCCL_IF_BASE_PORT and use sysctl -w net.ipv4.ip_local_reserved_ports=****-**** to adjust the scope of reserved ports. 2. Check whether the service process is started multiple times on a device during this service.
(Worker_DP4_TP0_EP8 pid=337905) ERROR 07-27 19:30:39 [multiproc_executor.py:1007]         TraceBack (most recent call last):
(Worker_DP4_TP0_EP8 pid=337905) ERROR 07-27 19:30:39 [multiproc_executor.py:1007]         Not allow to synchronize captured-stream, stream_id=32.[FUNC:StreamSynchronize][FILE:api_error.cc][LINE:1016]
(Worker_DP4_TP0_EP8 pid=337905) ERROR 07-27 19:30:39 [multiproc_executor.py:1007]         rtStreamSynchronize execution failed, reason=stream is captured[FUNC:FuncErrorReason][FILE:error_message_manage.cc][LINE:65]
(Worker_DP4_TP0_EP8 pid=337905) ERROR 07-27 19:30:39 [multiproc_executor.py:1007]         synchronize stream failed, runtime result = 107027[FUNC:ReportCallError][FILE:log_inner.cpp][LINE:148]
(Worker_DP4_TP0_EP8 pid=337905) ERROR 07-27 19:30:39 [multiproc_executor.py:1007]         rtMemcpy execution failed, reason=the current capture mode does not support this operation[FUNC:FuncErrorReason][FILE:error_message_manage.cc][LINE:65]
(Worker_DP4_TP0_EP8 pid=337905) ERROR 07-27 19:30:39 [multiproc_executor.py:1007]         synchronized memcpy failed, kind = 1, runtime result = 107030[FUNC:ReportCallError][FILE:log_inner.cpp][LINE:148]
(Worker_DP4_TP0_EP8 pid=337905) ERROR 07-27 19:30:39 [multiproc_executor.py:1007] 
(Worker_DP4_TP0_EP8 pid=337905) ERROR 07-27 19:30:39 [multiproc_executor.py:1007] 
(Worker_DP4_TP0_EP8 pid=337905) ERROR 07-27 19:30:39 [multiproc_executor.py:1007] During handling of the above exception, another exception occurred:
(Worker_DP4_TP0_EP8 pid=337905) ERROR 07-27 19:30:39 [multiproc_executor.py:1007] 
(Worker_DP4_TP0_EP8 pid=337905) ERROR 07-27 19:30:39 [multiproc_executor.py:1007] Traceback (most recent call last):
(Worker_DP4_TP0_EP8 pid=337905) ERROR 07-27 19:30:39 [multiproc_executor.py:1007]   File "/home/l00838859/cann/my-project/vllm-ascend/vllm_ascend/worker/model_runner_v1.py", line 5198, in _torch_cuda_wrapper
(Worker_DP4_TP0_EP8 pid=337905) ERROR 07-27 19:30:39 [multiproc_executor.py:1007]     yield
(Worker_DP4_TP0_EP8 pid=337905) ERROR 07-27 19:30:39 [multiproc_executor.py:1007]   File "/home/l00838859/cann/my-project/vllm-ascend/vllm_ascend/worker/model_runner_v1.py", line 5101, in capture_model
(Worker_DP4_TP0_EP8 pid=337905) ERROR 07-27 19:30:39 [multiproc_executor.py:1007]     with _torch_cuda_wrapper(), _replace_gpu_model_runner_function_wrapper(parent_module_name):
(Worker_DP4_TP0_EP8 pid=337905) ERROR 07-27 19:30:39 [multiproc_executor.py:1007]   File "/usr/local/lib/python3.11/contextlib.py", line 158, in __exit__
(Worker_DP4_TP0_EP8 pid=337905) ERROR 07-27 19:30:39 [multiproc_executor.py:1007]     self.gen.throw(typ, value, traceback)
(Worker_DP4_TP0_EP8 pid=337905) ERROR 07-27 19:30:39 [multiproc_executor.py:1007]   File "/home/l00838859/cann/my-project/vllm-ascend/vllm_ascend/worker/model_runner_v1.py", line 5244, in _replace_gpu_model_runner_function_wrapper
(Worker_DP4_TP0_EP8 pid=337905) ERROR 07-27 19:30:39 [multiproc_executor.py:1007]     raise RuntimeError(f"NPUModelRunner failed, error is {e}")
(Worker_DP4_TP0_EP8 pid=337905) ERROR 07-27 19:30:39 [multiproc_executor.py:1007] RuntimeError: NPUModelRunner failed, error is copy_between_host_and_device_opapi:../torch_npu/csrc/aten/ops/op_api/CopyKernelOpApi.cpp:55 NPU function error: aclrtMemcpy, error code is 107030
(Worker_DP4_TP0_EP8 pid=337905) ERROR 07-27 19:30:39 [multiproc_executor.py:1007] [ERROR] 2026-07-27-19:30:38 (PID:337905, Device:8, RankID:-1) ERR00100 PTA call acl api failed.
(Worker_DP4_TP0_EP8 pid=337905) ERROR 07-27 19:30:39 [multiproc_executor.py:1007] [PID: 337905] 2026-07-27-19:30:23.755.994 Communication_Error_Bind_IP_Port(EI0019): Failed to enable listening for the host network adapter socket. Reason: The IP address 10.10.1.44 and port 65536 have already been bound.
(Worker_DP4_TP0_EP8 pid=337905) ERROR 07-27 19:30:39 [multiproc_executor.py:1007]         Solution: 1. Check whether this port has been occupied by another process. If yes, you can make adjustment using the environment variable HCCL_IF_BASE_PORT and use sysctl -w net.ipv4.ip_local_reserved_ports=****-**** to adjust the scope of reserved ports. 2. Check whether the service process is started multiple times on a device during this service.
(Worker_DP4_TP0_EP8 pid=337905) ERROR 07-27 19:30:39 [multiproc_executor.py:1007]         TraceBack (most recent call last):
(Worker_DP4_TP0_EP8 pid=337905) ERROR 07-27 19:30:39 [multiproc_executor.py:1007]         Not allow to synchronize captured-stream, stream_id=32.[FUNC:StreamSynchronize][FILE:api_error.cc][LINE:1016]
(Worker_DP4_TP0_EP8 pid=337905) ERROR 07-27 19:30:39 [multiproc_executor.py:1007]         rtStreamSynchronize execution failed, reason=stream is captured[FUNC:FuncErrorReason][FILE:error_message_manage.cc][LINE:65]
(Worker_DP4_TP0_EP8 pid=337905) ERROR 07-27 19:30:39 [multiproc_executor.py:1007]         synchronize stream failed, runtime result = 107027[FUNC:ReportCallError][FILE:log_inner.cpp][LINE:148]
(Worker_DP4_TP0_EP8 pid=337905) ERROR 07-27 19:30:39 [multiproc_executor.py:1007]         rtMemcpy execution failed, reason=the current capture mode does not support this operation[FUNC:FuncErrorReason][FILE:error_message_manage.cc][LINE:65]
(Worker_DP4_TP0_EP8 pid=337905) ERROR 07-27 19:30:39 [multiproc_executor.py:1007]         synchronized memcpy failed, kind = 1, runtime result = 107030[FUNC:ReportCallError][FILE:log_inner.cpp][LINE:148]
(Worker_DP4_TP0_EP8 pid=337905) ERROR 07-27 19:30:39 [multiproc_executor.py:1007] 
(Worker_DP4_TP0_EP8 pid=337905) ERROR 07-27 19:30:39 [multiproc_executor.py:1007] 
(Worker_DP4_TP0_EP8 pid=337905) ERROR 07-27 19:30:39 [multiproc_executor.py:1007] During handling of the above exception, another exception occurred:
(Worker_DP4_TP0_EP8 pid=337905) ERROR 07-27 19:30:39 [multiproc_executor.py:1007] 
(Worker_DP4_TP0_EP8 pid=337905) ERROR 07-27 19:30:39 [multiproc_executor.py:1007] Traceback (most recent call last):
(Worker_DP4_TP0_EP8 pid=337905) ERROR 07-27 19:30:39 [multiproc_executor.py:1007]   File "/home/l00838859/cann/my-project/vllm/vllm/v1/executor/multiproc_executor.py", line 999, in worker_busy_loop
(Worker_DP4_TP0_EP8 pid=337905) ERROR 07-27 19:30:39 [multiproc_executor.py:1007]     output = func(*args, **kwargs)
(Worker_DP4_TP0_EP8 pid=337905) ERROR 07-27 19:30:39 [multiproc_executor.py:1007]              ^^^^^^^^^^^^^^^^^^^^^
(Worker_DP4_TP0_EP8 pid=337905) ERROR 07-27 19:30:39 [multiproc_executor.py:1007]   File "/home/l00838859/cann/my-project/vllm-ascend/vllm_ascend/worker/worker.py", line 770, in compile_or_warm_up_model
(Worker_DP4_TP0_EP8 pid=337905) ERROR 07-27 19:30:39 [multiproc_executor.py:1007]     npugraph_memory_bytes = self.model_runner.capture_model()
(Worker_DP4_TP0_EP8 pid=337905) ERROR 07-27 19:30:39 [multiproc_executor.py:1007]                             ^^^^^^^^^^^^^^^^^^^^^^^^^^^^^^^^^
(Worker_DP4_TP0_EP8 pid=337905) ERROR 07-27 19:30:39 [multiproc_executor.py:1007]   File "/home/l00838859/cann/my-project/vllm-ascend/vllm_ascend/worker/model_runner_v1.py", line 5101, in capture_model
(Worker_DP4_TP0_EP8 pid=337905) ERROR 07-27 19:30:39 [multiproc_executor.py:1007]     with _torch_cuda_wrapper(), _replace_gpu_model_runner_function_wrapper(parent_module_name):
(Worker_DP4_TP0_EP8 pid=337905) ERROR 07-27 19:30:39 [multiproc_executor.py:1007]   File "/usr/local/lib/python3.11/contextlib.py", line 158, in __exit__
(Worker_DP4_TP0_EP8 pid=337905) ERROR 07-27 19:30:39 [multiproc_executor.py:1007]     self.gen.throw(typ, value, traceback)
(Worker_DP4_TP0_EP8 pid=337905) ERROR 07-27 19:30:39 [multiproc_executor.py:1007]   File "/home/l00838859/cann/my-project/vllm-ascend/vllm_ascend/worker/model_runner_v1.py", line 5208, in _torch_cuda_wrapper
(Worker_DP4_TP0_EP8 pid=337905) ERROR 07-27 19:30:39 [multiproc_executor.py:1007]     raise RuntimeError(f"NPUModelRunner init failed, error is {e}")
(Worker_DP4_TP0_EP8 pid=337905) ERROR 07-27 19:30:39 [multiproc_executor.py:1007] RuntimeError: NPUModelRunner init failed, error is NPUModelRunner failed, error is copy_between_host_and_device_opapi:../torch_npu/csrc/aten/ops/op_api/CopyKernelOpApi.cpp:55 NPU function error: aclrtMemcpy, error code is 107030
(Worker_DP4_TP0_EP8 pid=337905) ERROR 07-27 19:30:39 [multiproc_executor.py:1007] [ERROR] 2026-07-27-19:30:38 (PID:337905, Device:8, RankID:-1) ERR00100 PTA call acl api failed.
(Worker_DP4_TP0_EP8 pid=337905) ERROR 07-27 19:30:39 [multiproc_executor.py:1007] [PID: 337905] 2026-07-27-19:30:23.755.994 Communication_Error_Bind_IP_Port(EI0019): Failed to enable listening for the host network adapter socket. Reason: The IP address 10.10.1.44 and port 65536 have already been bound.
(Worker_DP4_TP0_EP8 pid=337905) ERROR 07-27 19:30:39 [multiproc_executor.py:1007]         Solution: 1. Check whether this port has been occupied by another process. If yes, you can make adjustment using the environment variable HCCL_IF_BASE_PORT and use sysctl -w net.ipv4.ip_local_reserved_ports=****-**** to adjust the scope of reserved ports. 2. Check whether the service process is started multiple times on a device during this service.
(Worker_DP4_TP0_EP8 pid=337905) ERROR 07-27 19:30:39 [multiproc_executor.py:1007]         TraceBack (most recent call last):
(Worker_DP4_TP0_EP8 pid=337905) ERROR 07-27 19:30:39 [multiproc_executor.py:1007]         Not allow to synchronize captured-stream, stream_id=32.[FUNC:StreamSynchronize][FILE:api_error.cc][LINE:1016]
(Worker_DP4_TP0_EP8 pid=337905) ERROR 07-27 19:30:39 [multiproc_executor.py:1007]         rtStreamSynchronize execution failed, reason=stream is captured[FUNC:FuncErrorReason][FILE:error_message_manage.cc][LINE:65]
(Worker_DP4_TP0_EP8 pid=337905) ERROR 07-27 19:30:39 [multiproc_executor.py:1007]         synchronize stream failed, runtime result = 107027[FUNC:ReportCallError][FILE:log_inner.cpp][LINE:148]
(Worker_DP4_TP0_EP8 pid=337905) ERROR 07-27 19:30:39 [multiproc_executor.py:1007]         rtMemcpy execution failed, reason=the current capture mode does not support this operation[FUNC:FuncErrorReason][FILE:error_message_manage.cc][LINE:65]
(Worker_DP4_TP0_EP8 pid=337905) ERROR 07-27 19:30:39 [multiproc_executor.py:1007]         synchronized memcpy failed, kind = 1, runtime result = 107030[FUNC:ReportCallError][FILE:log_inner.cpp][LINE:148]
(Worker_DP4_TP0_EP8 pid=337905) ERROR 07-27 19:30:39 [multiproc_executor.py:1007] 
(Worker_DP4_TP0_EP8 pid=337905) ERROR 07-27 19:30:39 [multiproc_executor.py:1007] 
(EngineCore_DP0 pid=337437) ERROR 07-27 19:30:39 [core.py:1231] EngineCore failed to start.
(EngineCore_DP0 pid=337437) ERROR 07-27 19:30:39 [core.py:1231] Traceback (most recent call last):
(EngineCore_DP0 pid=337437) ERROR 07-27 19:30:39 [core.py:1231]   File "/home/l00838859/cann/my-project/vllm/vllm/v1/engine/core.py", line 1192, in run_engine_core
(EngineCore_DP0 pid=337437) ERROR 07-27 19:30:39 [core.py:1231]     engine_core = DPEngineCoreProc(*args, **kwargs)
(EngineCore_DP0 pid=337437) ERROR 07-27 19:30:39 [core.py:1231]                   ^^^^^^^^^^^^^^^^^^^^^^^^^^^^^^^^^
(EngineCore_DP0 pid=337437) ERROR 07-27 19:30:39 [core.py:1231]   File "/home/l00838859/cann/my-project/vllm/vllm/v1/engine/core.py", line 1786, in __init__
(EngineCore_DP0 pid=337437) ERROR 07-27 19:30:39 [core.py:1231]     super().__init__(
(EngineCore_DP0 pid=337437) ERROR 07-27 19:30:39 [core.py:1231]   File "/home/l00838859/cann/my-project/vllm/vllm/tracing/otel.py", line 178, in sync_wrapper
(EngineCore_DP0 pid=337437) ERROR 07-27 19:30:39 [core.py:1231]     return func(*args, **kwargs)
(EngineCore_DP0 pid=337437) ERROR 07-27 19:30:39 [core.py:1231]            ^^^^^^^^^^^^^^^^^^^^^
(EngineCore_DP0 pid=337437) ERROR 07-27 19:30:39 [core.py:1231]   File "/home/l00838859/cann/my-project/vllm/vllm/v1/engine/core.py", line 966, in __init__
(EngineCore_DP0 pid=337437) ERROR 07-27 19:30:39 [core.py:1231]     super().__init__(
(EngineCore_DP0 pid=337437) ERROR 07-27 19:30:39 [core.py:1231]   File "/home/l00838859/cann/my-project/vllm/vllm/v1/engine/core.py", line 133, in __init__
(EngineCore_DP0 pid=337437) ERROR 07-27 19:30:39 [core.py:1231]     kv_cache_config = self._initialize_kv_caches(vllm_config)
(EngineCore_DP0 pid=337437) ERROR 07-27 19:30:39 [core.py:1231]                       ^^^^^^^^^^^^^^^^^^^^^^^^^^^^^^^^^^^^^^^
(EngineCore_DP0 pid=337437) ERROR 07-27 19:30:39 [core.py:1231]   File "/home/l00838859/cann/my-project/vllm/vllm/tracing/otel.py", line 178, in sync_wrapper
(EngineCore_DP0 pid=337437) ERROR 07-27 19:30:39 [core.py:1231]     return func(*args, **kwargs)
(EngineCore_DP0 pid=337437) ERROR 07-27 19:30:39 [core.py:1231]            ^^^^^^^^^^^^^^^^^^^^^
(EngineCore_DP0 pid=337437) ERROR 07-27 19:30:39 [core.py:1231]   File "/home/l00838859/cann/my-project/vllm/vllm/v1/engine/core.py", line 321, in _initialize_kv_caches
(EngineCore_DP0 pid=337437) ERROR 07-27 19:30:39 [core.py:1231]     self.model_executor.initialize_from_config(kv_cache_configs)
(EngineCore_DP0 pid=337437) ERROR 07-27 19:30:39 [core.py:1231]   File "/home/l00838859/cann/my-project/vllm/vllm/v1/executor/abstract.py", line 124, in initialize_from_config
(EngineCore_DP0 pid=337437) ERROR 07-27 19:30:39 [core.py:1231]     compilation_times: list[CompilationTimes] = self.collective_rpc(
(EngineCore_DP0 pid=337437) ERROR 07-27 19:30:39 [core.py:1231]                                                 ^^^^^^^^^^^^^^^^^^^^
(EngineCore_DP0 pid=337437) ERROR 07-27 19:30:39 [core.py:1231]   File "/home/l00838859/cann/my-project/vllm/vllm/v1/executor/multiproc_executor.py", line 405, in collective_rpc
(EngineCore_DP0 pid=337437) ERROR 07-27 19:30:39 [core.py:1231]     return future if non_block else future.result()
(EngineCore_DP0 pid=337437) ERROR 07-27 19:30:39 [core.py:1231]                                     ^^^^^^^^^^^^^^^
(EngineCore_DP0 pid=337437) ERROR 07-27 19:30:39 [core.py:1231]   File "/home/l00838859/cann/my-project/vllm/vllm/v1/executor/multiproc_executor.py", line 91, in result
(EngineCore_DP0 pid=337437) ERROR 07-27 19:30:39 [core.py:1231]     return super().result()
(EngineCore_DP0 pid=337437) ERROR 07-27 19:30:39 [core.py:1231]            ^^^^^^^^^^^^^^^^
(EngineCore_DP0 pid=337437) ERROR 07-27 19:30:39 [core.py:1231]   File "/usr/local/lib/python3.11/concurrent/futures/_base.py", line 449, in result
(EngineCore_DP0 pid=337437) ERROR 07-27 19:30:39 [core.py:1231]     return self.__get_result()
(EngineCore_DP0 pid=337437) ERROR 07-27 19:30:39 [core.py:1231]            ^^^^^^^^^^^^^^^^^^^
(EngineCore_DP0 pid=337437) ERROR 07-27 19:30:39 [core.py:1231]   File "/usr/local/lib/python3.11/concurrent/futures/_base.py", line 401, in __get_result
(EngineCore_DP0 pid=337437) ERROR 07-27 19:30:39 [core.py:1231]     raise self._exception
(EngineCore_DP0 pid=337437) ERROR 07-27 19:30:39 [core.py:1231]   File "/home/l00838859/cann/my-project/vllm/vllm/v1/executor/multiproc_executor.py", line 95, in _wait_for_response
(EngineCore_DP0 pid=337437) ERROR 07-27 19:30:39 [core.py:1231]     response = self.aggregate(self.get_response())
(EngineCore_DP0 pid=337437) ERROR 07-27 19:30:39 [core.py:1231]                               ^^^^^^^^^^^^^^^^^^^
(EngineCore_DP0 pid=337437) ERROR 07-27 19:30:39 [core.py:1231]   File "/home/l00838859/cann/my-project/vllm/vllm/v1/executor/multiproc_executor.py", line 394, in get_response
(EngineCore_DP0 pid=337437) ERROR 07-27 19:30:39 [core.py:1231]     raise RuntimeError(
(EngineCore_DP0 pid=337437) ERROR 07-27 19:30:39 [core.py:1231] RuntimeError: Worker failed with error 'NPUModelRunner init failed, error is NPUModelRunner failed, error is copy_between_host_and_device_opapi:../torch_npu/csrc/aten/ops/op_api/CopyKernelOpApi.cpp:55 NPU function error: aclrtMemcpy, error code is 107030
(EngineCore_DP0 pid=337437) ERROR 07-27 19:30:39 [core.py:1231] [ERROR] 2026-07-27-19:30:38 (PID:337906, Device:0, RankID:-1) ERR00100 PTA call acl api failed.
(EngineCore_DP0 pid=337437) ERROR 07-27 19:30:39 [core.py:1231] [PID: 337906] 2026-07-27-19:30:23.756.043 Communication_Error_Bind_IP_Port(EI0019): Failed to enable listening for the host network adapter socket. Reason: The IP address 10.10.1.44 and port 65536 have already been bound.
(EngineCore_DP0 pid=337437) ERROR 07-27 19:30:39 [core.py:1231]         Solution: 1. Check whether this port has been occupied by another process. If yes, you can make adjustment using the environment variable HCCL_IF_BASE_PORT and use sysctl -w net.ipv4.ip_local_reserved_ports=****-**** to adjust the scope of reserved ports. 2. Check whether the service process is started multiple times on a device during this service.
(EngineCore_DP0 pid=337437) ERROR 07-27 19:30:39 [core.py:1231]         TraceBack (most recent call last):
(EngineCore_DP0 pid=337437) ERROR 07-27 19:30:39 [core.py:1231]         Not allow to synchronize captured-stream, stream_id=32.[FUNC:StreamSynchronize][FILE:api_error.cc][LINE:1016]
(EngineCore_DP0 pid=337437) ERROR 07-27 19:30:39 [core.py:1231]         rtStreamSynchronize execution failed, reason=stream is captured[FUNC:FuncErrorReason][FILE:error_message_manage.cc][LINE:65]
(EngineCore_DP0 pid=337437) ERROR 07-27 19:30:39 [core.py:1231]         synchronize stream failed, runtime result = 107027[FUNC:ReportCallError][FILE:log_inner.cpp][LINE:148]
(EngineCore_DP0 pid=337437) ERROR 07-27 19:30:39 [core.py:1231]         rtMemcpy execution failed, reason=the current capture mode does not support this operation[FUNC:FuncErrorReason][FILE:error_message_manage.cc][LINE:65]
(EngineCore_DP0 pid=337437) ERROR 07-27 19:30:39 [core.py:1231]         synchronized memcpy failed, kind = 1, runtime result = 107030[FUNC:ReportCallError][FILE:log_inner.cpp][LINE:148]
(EngineCore_DP0 pid=337437) ERROR 07-27 19:30:39 [core.py:1231] ', please check the stack trace above for the root cause
(EngineCore_DP4 pid=337436) ERROR 07-27 19:30:39 [core.py:1231] EngineCore failed to start.
(EngineCore_DP4 pid=337436) ERROR 07-27 19:30:39 [core.py:1231] Traceback (most recent call last):
(EngineCore_DP4 pid=337436) ERROR 07-27 19:30:39 [core.py:1231]   File "/home/l00838859/cann/my-project/vllm/vllm/v1/engine/core.py", line 1192, in run_engine_core
(EngineCore_DP4 pid=337436) ERROR 07-27 19:30:39 [core.py:1231]     engine_core = DPEngineCoreProc(*args, **kwargs)
(EngineCore_DP4 pid=337436) ERROR 07-27 19:30:39 [core.py:1231]                   ^^^^^^^^^^^^^^^^^^^^^^^^^^^^^^^^^
(EngineCore_DP4 pid=337436) ERROR 07-27 19:30:39 [core.py:1231]   File "/home/l00838859/cann/my-project/vllm/vllm/v1/engine/core.py", line 1786, in __init__
(EngineCore_DP4 pid=337436) ERROR 07-27 19:30:39 [core.py:1231]     super().__init__(
(EngineCore_DP4 pid=337436) ERROR 07-27 19:30:39 [core.py:1231]   File "/home/l00838859/cann/my-project/vllm/vllm/tracing/otel.py", line 178, in sync_wrapper
(EngineCore_DP4 pid=337436) ERROR 07-27 19:30:39 [core.py:1231]     return func(*args, **kwargs)
(EngineCore_DP4 pid=337436) ERROR 07-27 19:30:39 [core.py:1231]            ^^^^^^^^^^^^^^^^^^^^^
(EngineCore_DP4 pid=337436) ERROR 07-27 19:30:39 [core.py:1231]   File "/home/l00838859/cann/my-project/vllm/vllm/v1/engine/core.py", line 966, in __init__
(EngineCore_DP4 pid=337436) ERROR 07-27 19:30:39 [core.py:1231]     super().__init__(
(EngineCore_DP4 pid=337436) ERROR 07-27 19:30:39 [core.py:1231]   File "/home/l00838859/cann/my-project/vllm/vllm/v1/engine/core.py", line 133, in __init__
(EngineCore_DP4 pid=337436) ERROR 07-27 19:30:39 [core.py:1231]     kv_cache_config = self._initialize_kv_caches(vllm_config)
(EngineCore_DP4 pid=337436) ERROR 07-27 19:30:39 [core.py:1231]                       ^^^^^^^^^^^^^^^^^^^^^^^^^^^^^^^^^^^^^^^
(EngineCore_DP4 pid=337436) ERROR 07-27 19:30:39 [core.py:1231]   File "/home/l00838859/cann/my-project/vllm/vllm/tracing/otel.py", line 178, in sync_wrapper
(EngineCore_DP4 pid=337436) ERROR 07-27 19:30:39 [core.py:1231]     return func(*args, **kwargs)
(EngineCore_DP4 pid=337436) ERROR 07-27 19:30:39 [core.py:1231]            ^^^^^^^^^^^^^^^^^^^^^
(EngineCore_DP4 pid=337436) ERROR 07-27 19:30:39 [core.py:1231]   File "/home/l00838859/cann/my-project/vllm/vllm/v1/engine/core.py", line 321, in _initialize_kv_caches
(EngineCore_DP4 pid=337436) ERROR 07-27 19:30:39 [core.py:1231]     self.model_executor.initialize_from_config(kv_cache_configs)
(EngineCore_DP4 pid=337436) ERROR 07-27 19:30:39 [core.py:1231]   File "/home/l00838859/cann/my-project/vllm/vllm/v1/executor/abstract.py", line 124, in initialize_from_config
(EngineCore_DP4 pid=337436) ERROR 07-27 19:30:39 [core.py:1231]     compilation_times: list[CompilationTimes] = self.collective_rpc(
(EngineCore_DP4 pid=337436) ERROR 07-27 19:30:39 [core.py:1231]                                                 ^^^^^^^^^^^^^^^^^^^^
(EngineCore_DP4 pid=337436) ERROR 07-27 19:30:39 [core.py:1231]   File "/home/l00838859/cann/my-project/vllm/vllm/v1/executor/multiproc_executor.py", line 405, in collective_rpc
(EngineCore_DP4 pid=337436) ERROR 07-27 19:30:39 [core.py:1231]     return future if non_block else future.result()
(EngineCore_DP4 pid=337436) ERROR 07-27 19:30:39 [core.py:1231]                                     ^^^^^^^^^^^^^^^
(EngineCore_DP4 pid=337436) ERROR 07-27 19:30:39 [core.py:1231]   File "/home/l00838859/cann/my-project/vllm/vllm/v1/executor/multiproc_executor.py", line 91, in result
(EngineCore_DP4 pid=337436) ERROR 07-27 19:30:39 [core.py:1231]     return super().result()
(EngineCore_DP4 pid=337436) ERROR 07-27 19:30:39 [core.py:1231]            ^^^^^^^^^^^^^^^^
(EngineCore_DP4 pid=337436) ERROR 07-27 19:30:39 [core.py:1231]   File "/usr/local/lib/python3.11/concurrent/futures/_base.py", line 449, in result
(EngineCore_DP4 pid=337436) ERROR 07-27 19:30:39 [core.py:1231]     return self.__get_result()
(EngineCore_DP4 pid=337436) ERROR 07-27 19:30:39 [core.py:1231]            ^^^^^^^^^^^^^^^^^^^
(EngineCore_DP4 pid=337436) ERROR 07-27 19:30:39 [core.py:1231]   File "/usr/local/lib/python3.11/concurrent/futures/_base.py", line 401, in __get_result
(EngineCore_DP4 pid=337436) ERROR 07-27 19:30:39 [core.py:1231]     raise self._exception
(EngineCore_DP4 pid=337436) ERROR 07-27 19:30:39 [core.py:1231]   File "/home/l00838859/cann/my-project/vllm/vllm/v1/executor/multiproc_executor.py", line 95, in _wait_for_response
(EngineCore_DP4 pid=337436) ERROR 07-27 19:30:39 [core.py:1231]     response = self.aggregate(self.get_response())
(EngineCore_DP4 pid=337436) ERROR 07-27 19:30:39 [core.py:1231]                               ^^^^^^^^^^^^^^^^^^^
(EngineCore_DP4 pid=337436) ERROR 07-27 19:30:39 [core.py:1231]   File "/home/l00838859/cann/my-project/vllm/vllm/v1/executor/multiproc_executor.py", line 394, in get_response
(EngineCore_DP4 pid=337436) ERROR 07-27 19:30:39 [core.py:1231]     raise RuntimeError(
(EngineCore_DP4 pid=337436) ERROR 07-27 19:30:39 [core.py:1231] RuntimeError: Worker failed with error 'NPUModelRunner init failed, error is NPUModelRunner failed, error is copy_between_host_and_device_opapi:../torch_npu/csrc/aten/ops/op_api/CopyKernelOpApi.cpp:55 NPU function error: aclrtMemcpy, error code is 107030
(EngineCore_DP4 pid=337436) ERROR 07-27 19:30:39 [core.py:1231] [ERROR] 2026-07-27-19:30:38 (PID:337905, Device:8, RankID:-1) ERR00100 PTA call acl api failed.
(EngineCore_DP4 pid=337436) ERROR 07-27 19:30:39 [core.py:1231] [PID: 337905] 2026-07-27-19:30:23.755.994 Communication_Error_Bind_IP_Port(EI0019): Failed to enable listening for the host network adapter socket. Reason: The IP address 10.10.1.44 and port 65536 have already been bound.
(EngineCore_DP4 pid=337436) ERROR 07-27 19:30:39 [core.py:1231]         Solution: 1. Check whether this port has been occupied by another process. If yes, you can make adjustment using the environment variable HCCL_IF_BASE_PORT and use sysctl -w net.ipv4.ip_local_reserved_ports=****-**** to adjust the scope of reserved ports. 2. Check whether the service process is started multiple times on a device during this service.
(EngineCore_DP4 pid=337436) ERROR 07-27 19:30:39 [core.py:1231]         TraceBack (most recent call last):
(EngineCore_DP4 pid=337436) ERROR 07-27 19:30:39 [core.py:1231]         Not allow to synchronize captured-stream, stream_id=32.[FUNC:StreamSynchronize][FILE:api_error.cc][LINE:1016]
(EngineCore_DP4 pid=337436) ERROR 07-27 19:30:39 [core.py:1231]         rtStreamSynchronize execution failed, reason=stream is captured[FUNC:FuncErrorReason][FILE:error_message_manage.cc][LINE:65]
(EngineCore_DP4 pid=337436) ERROR 07-27 19:30:39 [core.py:1231]         synchronize stream failed, runtime result = 107027[FUNC:ReportCallError][FILE:log_inner.cpp][LINE:148]
(EngineCore_DP4 pid=337436) ERROR 07-27 19:30:39 [core.py:1231]         rtMemcpy execution failed, reason=the current capture mode does not support this operation[FUNC:FuncErrorReason][FILE:error_message_manage.cc][LINE:65]
(EngineCore_DP4 pid=337436) ERROR 07-27 19:30:39 [core.py:1231]         synchronized memcpy failed, kind = 1, runtime result = 107030[FUNC:ReportCallError][FILE:log_inner.cpp][LINE:148]
(EngineCore_DP4 pid=337436) ERROR 07-27 19:30:39 [core.py:1231] ', please check the stack trace above for the root cause
(Worker_DP6_TP1_EP13 pid=338279) ERROR 07-27 19:30:39 [multiproc_executor.py:1007] WorkerProc hit an exception.
(Worker_DP6_TP1_EP13 pid=338279) ERROR 07-27 19:30:39 [multiproc_executor.py:1007] Traceback (most recent call last):
(Worker_DP6_TP1_EP13 pid=338279) ERROR 07-27 19:30:39 [multiproc_executor.py:1007]   File "/home/l00838859/cann/my-project/vllm-ascend/vllm_ascend/worker/model_runner_v1.py", line 5242, in _replace_gpu_model_runner_function_wrapper
(Worker_DP6_TP1_EP13 pid=338279) ERROR 07-27 19:30:39 [multiproc_executor.py:1007]     yield
(Worker_DP6_TP1_EP13 pid=338279) ERROR 07-27 19:30:39 [multiproc_executor.py:1007]   File "/home/l00838859/cann/my-project/vllm-ascend/vllm_ascend/worker/model_runner_v1.py", line 5102, in capture_model
(Worker_DP6_TP1_EP13 pid=338279) ERROR 07-27 19:30:39 [multiproc_executor.py:1007]     cuda_graph_size = GPUModelRunner.capture_model(self)
(Worker_DP6_TP1_EP13 pid=338279) ERROR 07-27 19:30:39 [multiproc_executor.py:1007]                       ^^^^^^^^^^^^^^^^^^^^^^^^^^^^^^^^^^
(Worker_DP6_TP1_EP13 pid=338279) ERROR 07-27 19:30:39 [multiproc_executor.py:1007]   File "/home/l00838859/cann/my-project/vllm/vllm/tracing/otel.py", line 178, in sync_wrapper
(Worker_DP6_TP1_EP13 pid=338279) ERROR 07-27 19:30:39 [multiproc_executor.py:1007]     return func(*args, **kwargs)
(Worker_DP6_TP1_EP13 pid=338279) ERROR 07-27 19:30:39 [multiproc_executor.py:1007]            ^^^^^^^^^^^^^^^^^^^^^
(Worker_DP6_TP1_EP13 pid=338279) ERROR 07-27 19:30:39 [multiproc_executor.py:1007]   File "/home/l00838859/cann/my-project/vllm/vllm/v1/worker/gpu_model_runner.py", line 6712, in capture_model
(Worker_DP6_TP1_EP13 pid=338279) ERROR 07-27 19:30:39 [multiproc_executor.py:1007]     self._capture_cudagraphs(
(Worker_DP6_TP1_EP13 pid=338279) ERROR 07-27 19:30:39 [multiproc_executor.py:1007]   File "/home/l00838859/cann/my-project/vllm/vllm/v1/worker/gpu_model_runner.py", line 6828, in _capture_cudagraphs
(Worker_DP6_TP1_EP13 pid=338279) ERROR 07-27 19:30:39 [multiproc_executor.py:1007]     self._warmup_and_capture(
(Worker_DP6_TP1_EP13 pid=338279) ERROR 07-27 19:30:39 [multiproc_executor.py:1007]   File "/home/l00838859/cann/my-project/vllm/vllm/v1/worker/gpu_model_runner.py", line 6774, in _warmup_and_capture
(Worker_DP6_TP1_EP13 pid=338279) ERROR 07-27 19:30:39 [multiproc_executor.py:1007]     self._dummy_run(
(Worker_DP6_TP1_EP13 pid=338279) ERROR 07-27 19:30:39 [multiproc_executor.py:1007]   File "/usr/local/lib/python3.11/site-packages/torch/utils/_contextlib.py", line 124, in decorate_context
(Worker_DP6_TP1_EP13 pid=338279) ERROR 07-27 19:30:39 [multiproc_executor.py:1007]     return func(*args, **kwargs)
(Worker_DP6_TP1_EP13 pid=338279) ERROR 07-27 19:30:39 [multiproc_executor.py:1007]            ^^^^^^^^^^^^^^^^^^^^^
(Worker_DP6_TP1_EP13 pid=338279) ERROR 07-27 19:30:39 [multiproc_executor.py:1007]   File "/home/l00838859/cann/my-project/vllm-ascend/vllm_ascend/worker/model_runner_v1.py", line 3712, in _dummy_run
(Worker_DP6_TP1_EP13 pid=338279) ERROR 07-27 19:30:39 [multiproc_executor.py:1007]     self.drafter.dummy_run(
(Worker_DP6_TP1_EP13 pid=338279) ERROR 07-27 19:30:39 [multiproc_executor.py:1007]   File "/usr/local/lib/python3.11/site-packages/torch/utils/_contextlib.py", line 124, in decorate_context
(Worker_DP6_TP1_EP13 pid=338279) ERROR 07-27 19:30:39 [multiproc_executor.py:1007]     return func(*args, **kwargs)
(Worker_DP6_TP1_EP13 pid=338279) ERROR 07-27 19:30:39 [multiproc_executor.py:1007]            ^^^^^^^^^^^^^^^^^^^^^
(Worker_DP6_TP1_EP13 pid=338279) ERROR 07-27 19:30:39 [multiproc_executor.py:1007]   File "/home/l00838859/cann/my-project/vllm-ascend/vllm_ascend/spec_decode/llm_base_proposer.py", line 727, in dummy_run
(Worker_DP6_TP1_EP13 pid=338279) ERROR 07-27 19:30:39 [multiproc_executor.py:1007]     self._runnable(
(Worker_DP6_TP1_EP13 pid=338279) ERROR 07-27 19:30:39 [multiproc_executor.py:1007]   File "/home/l00838859/cann/my-project/vllm-ascend/vllm_ascend/compilation/acl_graph.py", line 205, in __call__
(Worker_DP6_TP1_EP13 pid=338279) ERROR 07-27 19:30:39 [multiproc_executor.py:1007]     output = self.runnable(*args, **kwargs)
(Worker_DP6_TP1_EP13 pid=338279) ERROR 07-27 19:30:39 [multiproc_executor.py:1007]              ^^^^^^^^^^^^^^^^^^^^^^^^^^^^^^
(Worker_DP6_TP1_EP13 pid=338279) ERROR 07-27 19:30:39 [multiproc_executor.py:1007]   File "/home/l00838859/cann/my-project/vllm-ascend/vllm_ascend/spec_decode/llm_base_proposer.py", line 1209, in _run_merged_draft
(Worker_DP6_TP1_EP13 pid=338279) ERROR 07-27 19:30:39 [multiproc_executor.py:1007]     else dummy_compute_logits(sample_hidden_states)
(Worker_DP6_TP1_EP13 pid=338279) ERROR 07-27 19:30:39 [multiproc_executor.py:1007]          ^^^^^^^^^^^^^^^^^^^^^^^^^^^^^^^^^^^^^^^^^^
(Worker_DP6_TP1_EP13 pid=338279) ERROR 07-27 19:30:39 [multiproc_executor.py:1007]   File "/home/l00838859/cann/my-project/vllm-ascend/vllm_ascend/worker/model_runner_v1.py", line 3685, in dummy_drafter_compute_logits
(Worker_DP6_TP1_EP13 pid=338279) ERROR 07-27 19:30:39 [multiproc_executor.py:1007]     hidden_states = hidden_states[dummy_indices]
(Worker_DP6_TP1_EP13 pid=338279) ERROR 07-27 19:30:39 [multiproc_executor.py:1007]                     ~~~~~~~~~~~~~^^^^^^^^^^^^^^^
(Worker_DP6_TP1_EP13 pid=338279) ERROR 07-27 19:30:39 [multiproc_executor.py:1007] RuntimeError: copy_between_host_and_device_opapi:../torch_npu/csrc/aten/ops/op_api/CopyKernelOpApi.cpp:55 NPU function error: aclrtMemcpy, error code is 107030
(Worker_DP6_TP1_EP13 pid=338279) ERROR 07-27 19:30:39 [multiproc_executor.py:1007] [ERROR] 2026-07-27-19:30:38 (PID:338279, Device:13, RankID:-1) ERR00100 PTA call acl api failed.
(Worker_DP6_TP1_EP13 pid=338279) ERROR 07-27 19:30:39 [multiproc_executor.py:1007] [PID: 338279] 2026-07-27-19:30:23.755.995 Communication_Error_Bind_IP_Port(EI0019): Failed to enable listening for the host network adapter socket. Reason: The IP address 10.10.1.44 and port 65536 have already been bound.
(Worker_DP6_TP1_EP13 pid=338279) ERROR 07-27 19:30:39 [multiproc_executor.py:1007]         Solution: 1. Check whether this port has been occupied by another process. If yes, you can make adjustment using the environment variable HCCL_IF_BASE_PORT and use sysctl -w net.ipv4.ip_local_reserved_ports=****-**** to adjust the scope of reserved ports. 2. Check whether the service process is started multiple times on a device during this service.
(Worker_DP6_TP1_EP13 pid=338279) ERROR 07-27 19:30:39 [multiproc_executor.py:1007]         TraceBack (most recent call last):
(Worker_DP6_TP1_EP13 pid=338279) ERROR 07-27 19:30:39 [multiproc_executor.py:1007]         Not allow to synchronize captured-stream, stream_id=32.[FUNC:StreamSynchronize][FILE:api_error.cc][LINE:1016]
(Worker_DP6_TP1_EP13 pid=338279) ERROR 07-27 19:30:39 [multiproc_executor.py:1007]         rtStreamSynchronize execution failed, reason=stream is captured[FUNC:FuncErrorReason][FILE:error_message_manage.cc][LINE:65]
(Worker_DP6_TP1_EP13 pid=338279) ERROR 07-27 19:30:39 [multiproc_executor.py:1007]         synchronize stream failed, runtime result = 107027[FUNC:ReportCallError][FILE:log_inner.cpp][LINE:148]
(Worker_DP6_TP1_EP13 pid=338279) ERROR 07-27 19:30:39 [multiproc_executor.py:1007]         rtMemcpy execution failed, reason=the current capture mode does not support this operation[FUNC:FuncErrorReason][FILE:error_message_manage.cc][LINE:65]
(Worker_DP6_TP1_EP13 pid=338279) ERROR 07-27 19:30:39 [multiproc_executor.py:1007]         synchronized memcpy failed, kind = 1, runtime result = 107030[FUNC:ReportCallError][FILE:log_inner.cpp][LINE:148]
(Worker_DP6_TP1_EP13 pid=338279) ERROR 07-27 19:30:39 [multiproc_executor.py:1007] 
(Worker_DP6_TP1_EP13 pid=338279) ERROR 07-27 19:30:39 [multiproc_executor.py:1007] 
(Worker_DP6_TP1_EP13 pid=338279) ERROR 07-27 19:30:39 [multiproc_executor.py:1007] During handling of the above exception, another exception occurred:
(Worker_DP6_TP1_EP13 pid=338279) ERROR 07-27 19:30:39 [multiproc_executor.py:1007] 
(Worker_DP6_TP1_EP13 pid=338279) ERROR 07-27 19:30:39 [multiproc_executor.py:1007] Traceback (most recent call last):
(Worker_DP6_TP1_EP13 pid=338279) ERROR 07-27 19:30:39 [multiproc_executor.py:1007]   File "/home/l00838859/cann/my-project/vllm-ascend/vllm_ascend/worker/model_runner_v1.py", line 5198, in _torch_cuda_wrapper
(Worker_DP6_TP1_EP13 pid=338279) ERROR 07-27 19:30:39 [multiproc_executor.py:1007]     yield
(Worker_DP6_TP1_EP13 pid=338279) ERROR 07-27 19:30:39 [multiproc_executor.py:1007]   File "/home/l00838859/cann/my-project/vllm-ascend/vllm_ascend/worker/model_runner_v1.py", line 5101, in capture_model
(Worker_DP6_TP1_EP13 pid=338279) ERROR 07-27 19:30:39 [multiproc_executor.py:1007]     with _torch_cuda_wrapper(), _replace_gpu_model_runner_function_wrapper(parent_module_name):
(Worker_DP6_TP1_EP13 pid=338279) ERROR 07-27 19:30:39 [multiproc_executor.py:1007]   File "/usr/local/lib/python3.11/contextlib.py", line 158, in __exit__
(Worker_DP6_TP1_EP13 pid=338279) ERROR 07-27 19:30:39 [multiproc_executor.py:1007]     self.gen.throw(typ, value, traceback)
(Worker_DP6_TP1_EP13 pid=338279) ERROR 07-27 19:30:39 [multiproc_executor.py:1007]   File "/home/l00838859/cann/my-project/vllm-ascend/vllm_ascend/worker/model_runner_v1.py", line 5244, in _replace_gpu_model_runner_function_wrapper
(Worker_DP6_TP1_EP13 pid=338279) ERROR 07-27 19:30:39 [multiproc_executor.py:1007]     raise RuntimeError(f"NPUModelRunner failed, error is {e}")
(Worker_DP6_TP1_EP13 pid=338279) ERROR 07-27 19:30:39 [multiproc_executor.py:1007] RuntimeError: NPUModelRunner failed, error is copy_between_host_and_device_opapi:../torch_npu/csrc/aten/ops/op_api/CopyKernelOpApi.cpp:55 NPU function error: aclrtMemcpy, error code is 107030
(Worker_DP6_TP1_EP13 pid=338279) ERROR 07-27 19:30:39 [multiproc_executor.py:1007] [ERROR] 2026-07-27-19:30:38 (PID:338279, Device:13, RankID:-1) ERR00100 PTA call acl api failed.
(Worker_DP6_TP1_EP13 pid=338279) ERROR 07-27 19:30:39 [multiproc_executor.py:1007] [PID: 338279] 2026-07-27-19:30:23.755.995 Communication_Error_Bind_IP_Port(EI0019): Failed to enable listening for the host network adapter socket. Reason: The IP address 10.10.1.44 and port 65536 have already been bound.
(Worker_DP6_TP1_EP13 pid=338279) ERROR 07-27 19:30:39 [multiproc_executor.py:1007]         Solution: 1. Check whether this port has been occupied by another process. If yes, you can make adjustment using the environment variable HCCL_IF_BASE_PORT and use sysctl -w net.ipv4.ip_local_reserved_ports=****-**** to adjust the scope of reserved ports. 2. Check whether the service process is started multiple times on a device during this service.
(Worker_DP6_TP1_EP13 pid=338279) ERROR 07-27 19:30:39 [multiproc_executor.py:1007]         TraceBack (most recent call last):
(Worker_DP6_TP1_EP13 pid=338279) ERROR 07-27 19:30:39 [multiproc_executor.py:1007]         Not allow to synchronize captured-stream, stream_id=32.[FUNC:StreamSynchronize][FILE:api_error.cc][LINE:1016]
(Worker_DP6_TP1_EP13 pid=338279) ERROR 07-27 19:30:39 [multiproc_executor.py:1007]         rtStreamSynchronize execution failed, reason=stream is captured[FUNC:FuncErrorReason][FILE:error_message_manage.cc][LINE:65]
(Worker_DP6_TP1_EP13 pid=338279) ERROR 07-27 19:30:39 [multiproc_executor.py:1007]         synchronize stream failed, runtime result = 107027[FUNC:ReportCallError][FILE:log_inner.cpp][LINE:148]
(Worker_DP6_TP1_EP13 pid=338279) ERROR 07-27 19:30:39 [multiproc_executor.py:1007]         rtMemcpy execution failed, reason=the current capture mode does not support this operation[FUNC:FuncErrorReason][FILE:error_message_manage.cc][LINE:65]
(Worker_DP6_TP1_EP13 pid=338279) ERROR 07-27 19:30:39 [multiproc_executor.py:1007]         synchronized memcpy failed, kind = 1, runtime result = 107030[FUNC:ReportCallError][FILE:log_inner.cpp][LINE:148]
(Worker_DP6_TP1_EP13 pid=338279) ERROR 07-27 19:30:39 [multiproc_executor.py:1007] 
(Worker_DP6_TP1_EP13 pid=338279) ERROR 07-27 19:30:39 [multiproc_executor.py:1007] 
(Worker_DP6_TP1_EP13 pid=338279) ERROR 07-27 19:30:39 [multiproc_executor.py:1007] During handling of the above exception, another exception occurred:
(Worker_DP6_TP1_EP13 pid=338279) ERROR 07-27 19:30:39 [multiproc_executor.py:1007] 
(Worker_DP6_TP1_EP13 pid=338279) ERROR 07-27 19:30:39 [multiproc_executor.py:1007] Traceback (most recent call last):
(Worker_DP6_TP1_EP13 pid=338279) ERROR 07-27 19:30:39 [multiproc_executor.py:1007]   File "/home/l00838859/cann/my-project/vllm/vllm/v1/executor/multiproc_executor.py", line 999, in worker_busy_loop
(Worker_DP6_TP1_EP13 pid=338279) ERROR 07-27 19:30:39 [multiproc_executor.py:1007]     output = func(*args, **kwargs)
(Worker_DP6_TP1_EP13 pid=338279) ERROR 07-27 19:30:39 [multiproc_executor.py:1007]              ^^^^^^^^^^^^^^^^^^^^^
(Worker_DP6_TP1_EP13 pid=338279) ERROR 07-27 19:30:39 [multiproc_executor.py:1007]   File "/home/l00838859/cann/my-project/vllm-ascend/vllm_ascend/worker/worker.py", line 770, in compile_or_warm_up_model
(Worker_DP6_TP1_EP13 pid=338279) ERROR 07-27 19:30:39 [multiproc_executor.py:1007]     npugraph_memory_bytes = self.model_runner.capture_model()
(Worker_DP6_TP1_EP13 pid=338279) ERROR 07-27 19:30:39 [multiproc_executor.py:1007]                             ^^^^^^^^^^^^^^^^^^^^^^^^^^^^^^^^^
(Worker_DP6_TP1_EP13 pid=338279) ERROR 07-27 19:30:39 [multiproc_executor.py:1007]   File "/home/l00838859/cann/my-project/vllm-ascend/vllm_ascend/worker/model_runner_v1.py", line 5101, in capture_model
(Worker_DP6_TP1_EP13 pid=338279) ERROR 07-27 19:30:39 [multiproc_executor.py:1007]     with _torch_cuda_wrapper(), _replace_gpu_model_runner_function_wrapper(parent_module_name):
(Worker_DP6_TP1_EP13 pid=338279) ERROR 07-27 19:30:39 [multiproc_executor.py:1007]   File "/usr/local/lib/python3.11/contextlib.py", line 158, in __exit__
(Worker_DP6_TP1_EP13 pid=338279) ERROR 07-27 19:30:39 [multiproc_executor.py:1007]     self.gen.throw(typ, value, traceback)
(Worker_DP6_TP1_EP13 pid=338279) ERROR 07-27 19:30:39 [multiproc_executor.py:1007]   File "/home/l00838859/cann/my-project/vllm-ascend/vllm_ascend/worker/model_runner_v1.py", line 5208, in _torch_cuda_wrapper
(Worker_DP6_TP1_EP13 pid=338279) ERROR 07-27 19:30:39 [multiproc_executor.py:1007]     raise RuntimeError(f"NPUModelRunner init failed, error is {e}")
(Worker_DP6_TP1_EP13 pid=338279) ERROR 07-27 19:30:39 [multiproc_executor.py:1007] RuntimeError: NPUModelRunner init failed, error is NPUModelRunner failed, error is copy_between_host_and_device_opapi:../torch_npu/csrc/aten/ops/op_api/CopyKernelOpApi.cpp:55 NPU function error: aclrtMemcpy, error code is 107030
(Worker_DP6_TP1_EP13 pid=338279) ERROR 07-27 19:30:39 [multiproc_executor.py:1007] [ERROR] 2026-07-27-19:30:38 (PID:338279, Device:13, RankID:-1) ERR00100 PTA call acl api failed.
(Worker_DP6_TP1_EP13 pid=338279) ERROR 07-27 19:30:39 [multiproc_executor.py:1007] [PID: 338279] 2026-07-27-19:30:23.755.995 Communication_Error_Bind_IP_Port(EI0019): Failed to enable listening for the host network adapter socket. Reason: The IP address 10.10.1.44 and port 65536 have already been bound.
(Worker_DP6_TP1_EP13 pid=338279) ERROR 07-27 19:30:39 [multiproc_executor.py:1007]         Solution: 1. Check whether this port has been occupied by another process. If yes, you can make adjustment using the environment variable HCCL_IF_BASE_PORT and use sysctl -w net.ipv4.ip_local_reserved_ports=****-**** to adjust the scope of reserved ports. 2. Check whether the service process is started multiple times on a device during this service.
(Worker_DP6_TP1_EP13 pid=338279) ERROR 07-27 19:30:39 [multiproc_executor.py:1007]         TraceBack (most recent call last):
(Worker_DP6_TP1_EP13 pid=338279) ERROR 07-27 19:30:39 [multiproc_executor.py:1007]         Not allow to synchronize captured-stream, stream_id=32.[FUNC:StreamSynchronize][FILE:api_error.cc][LINE:1016]
(Worker_DP6_TP1_EP13 pid=338279) ERROR 07-27 19:30:39 [multiproc_executor.py:1007]         rtStreamSynchronize execution failed, reason=stream is captured[FUNC:FuncErrorReason][FILE:error_message_manage.cc][LINE:65]
(Worker_DP6_TP1_EP13 pid=338279) ERROR 07-27 19:30:39 [multiproc_executor.py:1007]         synchronize stream failed, runtime result = 107027[FUNC:ReportCallError][FILE:log_inner.cpp][LINE:148]
(Worker_DP6_TP1_EP13 pid=338279) ERROR 07-27 19:30:39 [multiproc_executor.py:1007]         rtMemcpy execution failed, reason=the current capture mode does not support this operation[FUNC:FuncErrorReason][FILE:error_message_manage.cc][LINE:65]
(Worker_DP6_TP1_EP13 pid=338279) ERROR 07-27 19:30:39 [multiproc_executor.py:1007]         synchronized memcpy failed, kind = 1, runtime result = 107030[FUNC:ReportCallError][FILE:log_inner.cpp][LINE:148]
(Worker_DP6_TP1_EP13 pid=338279) ERROR 07-27 19:30:39 [multiproc_executor.py:1007] 
(Worker_DP6_TP1_EP13 pid=338279) ERROR 07-27 19:30:39 [multiproc_executor.py:1007] Traceback (most recent call last):
(Worker_DP6_TP1_EP13 pid=338279) ERROR 07-27 19:30:39 [multiproc_executor.py:1007]   File "/home/l00838859/cann/my-project/vllm-ascend/vllm_ascend/worker/model_runner_v1.py", line 5242, in _replace_gpu_model_runner_function_wrapper
(Worker_DP6_TP1_EP13 pid=338279) ERROR 07-27 19:30:39 [multiproc_executor.py:1007]     yield
(Worker_DP6_TP1_EP13 pid=338279) ERROR 07-27 19:30:39 [multiproc_executor.py:1007]   File "/home/l00838859/cann/my-project/vllm-ascend/vllm_ascend/worker/model_runner_v1.py", line 5102, in capture_model
(Worker_DP6_TP1_EP13 pid=338279) ERROR 07-27 19:30:39 [multiproc_executor.py:1007]     cuda_graph_size = GPUModelRunner.capture_model(self)
(Worker_DP6_TP1_EP13 pid=338279) ERROR 07-27 19:30:39 [multiproc_executor.py:1007]                       ^^^^^^^^^^^^^^^^^^^^^^^^^^^^^^^^^^
(Worker_DP6_TP1_EP13 pid=338279) ERROR 07-27 19:30:39 [multiproc_executor.py:1007]   File "/home/l00838859/cann/my-project/vllm/vllm/tracing/otel.py", line 178, in sync_wrapper
(Worker_DP6_TP1_EP13 pid=338279) ERROR 07-27 19:30:39 [multiproc_executor.py:1007]     return func(*args, **kwargs)
(Worker_DP6_TP1_EP13 pid=338279) ERROR 07-27 19:30:39 [multiproc_executor.py:1007]            ^^^^^^^^^^^^^^^^^^^^^
(Worker_DP6_TP1_EP13 pid=338279) ERROR 07-27 19:30:39 [multiproc_executor.py:1007]   File "/home/l00838859/cann/my-project/vllm/vllm/v1/worker/gpu_model_runner.py", line 6712, in capture_model
(Worker_DP6_TP1_EP13 pid=338279) ERROR 07-27 19:30:39 [multiproc_executor.py:1007]     self._capture_cudagraphs(
(Worker_DP6_TP1_EP13 pid=338279) ERROR 07-27 19:30:39 [multiproc_executor.py:1007]   File "/home/l00838859/cann/my-project/vllm/vllm/v1/worker/gpu_model_runner.py", line 6828, in _capture_cudagraphs
(Worker_DP6_TP1_EP13 pid=338279) ERROR 07-27 19:30:39 [multiproc_executor.py:1007]     self._warmup_and_capture(
(Worker_DP6_TP1_EP13 pid=338279) ERROR 07-27 19:30:39 [multiproc_executor.py:1007]   File "/home/l00838859/cann/my-project/vllm/vllm/v1/worker/gpu_model_runner.py", line 6774, in _warmup_and_capture
(Worker_DP6_TP1_EP13 pid=338279) ERROR 07-27 19:30:39 [multiproc_executor.py:1007]     self._dummy_run(
(Worker_DP6_TP1_EP13 pid=338279) ERROR 07-27 19:30:39 [multiproc_executor.py:1007]   File "/usr/local/lib/python3.11/site-packages/torch/utils/_contextlib.py", line 124, in decorate_context
(Worker_DP6_TP1_EP13 pid=338279) ERROR 07-27 19:30:39 [multiproc_executor.py:1007]     return func(*args, **kwargs)
(Worker_DP6_TP1_EP13 pid=338279) ERROR 07-27 19:30:39 [multiproc_executor.py:1007]            ^^^^^^^^^^^^^^^^^^^^^
(Worker_DP6_TP1_EP13 pid=338279) ERROR 07-27 19:30:39 [multiproc_executor.py:1007]   File "/home/l00838859/cann/my-project/vllm-ascend/vllm_ascend/worker/model_runner_v1.py", line 3712, in _dummy_run
(Worker_DP6_TP1_EP13 pid=338279) ERROR 07-27 19:30:39 [multiproc_executor.py:1007]     self.drafter.dummy_run(
(Worker_DP6_TP1_EP13 pid=338279) ERROR 07-27 19:30:39 [multiproc_executor.py:1007]   File "/usr/local/lib/python3.11/site-packages/torch/utils/_contextlib.py", line 124, in decorate_context
(Worker_DP6_TP1_EP13 pid=338279) ERROR 07-27 19:30:39 [multiproc_executor.py:1007]     return func(*args, **kwargs)
(Worker_DP6_TP1_EP13 pid=338279) ERROR 07-27 19:30:39 [multiproc_executor.py:1007]            ^^^^^^^^^^^^^^^^^^^^^
(Worker_DP6_TP1_EP13 pid=338279) ERROR 07-27 19:30:39 [multiproc_executor.py:1007]   File "/home/l00838859/cann/my-project/vllm-ascend/vllm_ascend/spec_decode/llm_base_proposer.py", line 727, in dummy_run
(Worker_DP6_TP1_EP13 pid=338279) ERROR 07-27 19:30:39 [multiproc_executor.py:1007]     self._runnable(
(Worker_DP6_TP1_EP13 pid=338279) ERROR 07-27 19:30:39 [multiproc_executor.py:1007]   File "/home/l00838859/cann/my-project/vllm-ascend/vllm_ascend/compilation/acl_graph.py", line 205, in __call__
(Worker_DP6_TP1_EP13 pid=338279) ERROR 07-27 19:30:39 [multiproc_executor.py:1007]     output = self.runnable(*args, **kwargs)
(Worker_DP6_TP1_EP13 pid=338279) ERROR 07-27 19:30:39 [multiproc_executor.py:1007]              ^^^^^^^^^^^^^^^^^^^^^^^^^^^^^^
(Worker_DP6_TP1_EP13 pid=338279) ERROR 07-27 19:30:39 [multiproc_executor.py:1007]   File "/home/l00838859/cann/my-project/vllm-ascend/vllm_ascend/spec_decode/llm_base_proposer.py", line 1209, in _run_merged_draft
(Worker_DP6_TP1_EP13 pid=338279) ERROR 07-27 19:30:39 [multiproc_executor.py:1007]     else dummy_compute_logits(sample_hidden_states)
(Worker_DP6_TP1_EP13 pid=338279) ERROR 07-27 19:30:39 [multiproc_executor.py:1007]          ^^^^^^^^^^^^^^^^^^^^^^^^^^^^^^^^^^^^^^^^^^
(Worker_DP6_TP1_EP13 pid=338279) ERROR 07-27 19:30:39 [multiproc_executor.py:1007]   File "/home/l00838859/cann/my-project/vllm-ascend/vllm_ascend/worker/model_runner_v1.py", line 3685, in dummy_drafter_compute_logits
(Worker_DP6_TP1_EP13 pid=338279) ERROR 07-27 19:30:39 [multiproc_executor.py:1007]     hidden_states = hidden_states[dummy_indices]
(Worker_DP6_TP1_EP13 pid=338279) ERROR 07-27 19:30:39 [multiproc_executor.py:1007]                     ~~~~~~~~~~~~~^^^^^^^^^^^^^^^
(Worker_DP6_TP1_EP13 pid=338279) ERROR 07-27 19:30:39 [multiproc_executor.py:1007] RuntimeError: copy_between_host_and_device_opapi:../torch_npu/csrc/aten/ops/op_api/CopyKernelOpApi.cpp:55 NPU function error: aclrtMemcpy, error code is 107030
(Worker_DP6_TP1_EP13 pid=338279) ERROR 07-27 19:30:39 [multiproc_executor.py:1007] [ERROR] 2026-07-27-19:30:38 (PID:338279, Device:13, RankID:-1) ERR00100 PTA call acl api failed.
(Worker_DP6_TP1_EP13 pid=338279) ERROR 07-27 19:30:39 [multiproc_executor.py:1007] [PID: 338279] 2026-07-27-19:30:23.755.995 Communication_Error_Bind_IP_Port(EI0019): Failed to enable listening for the host network adapter socket. Reason: The IP address 10.10.1.44 and port 65536 have already been bound.
(Worker_DP6_TP1_EP13 pid=338279) ERROR 07-27 19:30:39 [multiproc_executor.py:1007]         Solution: 1. Check whether this port has been occupied by another process. If yes, you can make adjustment using the environment variable HCCL_IF_BASE_PORT and use sysctl -w net.ipv4.ip_local_reserved_ports=****-**** to adjust the scope of reserved ports. 2. Check whether the service process is started multiple times on a device during this service.
(Worker_DP6_TP1_EP13 pid=338279) ERROR 07-27 19:30:39 [multiproc_executor.py:1007]         TraceBack (most recent call last):
(Worker_DP6_TP1_EP13 pid=338279) ERROR 07-27 19:30:39 [multiproc_executor.py:1007]         Not allow to synchronize captured-stream, stream_id=32.[FUNC:StreamSynchronize][FILE:api_error.cc][LINE:1016]
(Worker_DP6_TP1_EP13 pid=338279) ERROR 07-27 19:30:39 [multiproc_executor.py:1007]         rtStreamSynchronize execution failed, reason=stream is captured[FUNC:FuncErrorReason][FILE:error_message_manage.cc][LINE:65]
(Worker_DP6_TP1_EP13 pid=338279) ERROR 07-27 19:30:39 [multiproc_executor.py:1007]         synchronize stream failed, runtime result = 107027[FUNC:ReportCallError][FILE:log_inner.cpp][LINE:148]
(Worker_DP6_TP1_EP13 pid=338279) ERROR 07-27 19:30:39 [multiproc_executor.py:1007]         rtMemcpy execution failed, reason=the current capture mode does not support this operation[FUNC:FuncErrorReason][FILE:error_message_manage.cc][LINE:65]
(Worker_DP6_TP1_EP13 pid=338279) ERROR 07-27 19:30:39 [multiproc_executor.py:1007]         synchronized memcpy failed, kind = 1, runtime result = 107030[FUNC:ReportCallError][FILE:log_inner.cpp][LINE:148]
(Worker_DP6_TP1_EP13 pid=338279) ERROR 07-27 19:30:39 [multiproc_executor.py:1007] 
(Worker_DP6_TP1_EP13 pid=338279) ERROR 07-27 19:30:39 [multiproc_executor.py:1007] 
(Worker_DP6_TP1_EP13 pid=338279) ERROR 07-27 19:30:39 [multiproc_executor.py:1007] During handling of the above exception, another exception occurred:
(Worker_DP6_TP1_EP13 pid=338279) ERROR 07-27 19:30:39 [multiproc_executor.py:1007] 
(Worker_DP6_TP1_EP13 pid=338279) ERROR 07-27 19:30:39 [multiproc_executor.py:1007] Traceback (most recent call last):
(Worker_DP6_TP1_EP13 pid=338279) ERROR 07-27 19:30:39 [multiproc_executor.py:1007]   File "/home/l00838859/cann/my-project/vllm-ascend/vllm_ascend/worker/model_runner_v1.py", line 5198, in _torch_cuda_wrapper
(Worker_DP6_TP1_EP13 pid=338279) ERROR 07-27 19:30:39 [multiproc_executor.py:1007]     yield
(Worker_DP6_TP1_EP13 pid=338279) ERROR 07-27 19:30:39 [multiproc_executor.py:1007]   File "/home/l00838859/cann/my-project/vllm-ascend/vllm_ascend/worker/model_runner_v1.py", line 5101, in capture_model
(Worker_DP6_TP1_EP13 pid=338279) ERROR 07-27 19:30:39 [multiproc_executor.py:1007]     with _torch_cuda_wrapper(), _replace_gpu_model_runner_function_wrapper(parent_module_name):
(Worker_DP6_TP1_EP13 pid=338279) ERROR 07-27 19:30:39 [multiproc_executor.py:1007]   File "/usr/local/lib/python3.11/contextlib.py", line 158, in __exit__
(Worker_DP6_TP1_EP13 pid=338279) ERROR 07-27 19:30:39 [multiproc_executor.py:1007]     self.gen.throw(typ, value, traceback)
(Worker_DP6_TP1_EP13 pid=338279) ERROR 07-27 19:30:39 [multiproc_executor.py:1007]   File "/home/l00838859/cann/my-project/vllm-ascend/vllm_ascend/worker/model_runner_v1.py", line 5244, in _replace_gpu_model_runner_function_wrapper
(Worker_DP6_TP1_EP13 pid=338279) ERROR 07-27 19:30:39 [multiproc_executor.py:1007]     raise RuntimeError(f"NPUModelRunner failed, error is {e}")
(Worker_DP6_TP1_EP13 pid=338279) ERROR 07-27 19:30:39 [multiproc_executor.py:1007] RuntimeError: NPUModelRunner failed, error is copy_between_host_and_device_opapi:../torch_npu/csrc/aten/ops/op_api/CopyKernelOpApi.cpp:55 NPU function error: aclrtMemcpy, error code is 107030
(Worker_DP6_TP1_EP13 pid=338279) ERROR 07-27 19:30:39 [multiproc_executor.py:1007] [ERROR] 2026-07-27-19:30:38 (PID:338279, Device:13, RankID:-1) ERR00100 PTA call acl api failed.
(Worker_DP6_TP1_EP13 pid=338279) ERROR 07-27 19:30:39 [multiproc_executor.py:1007] [PID: 338279] 2026-07-27-19:30:23.755.995 Communication_Error_Bind_IP_Port(EI0019): Failed to enable listening for the host network adapter socket. Reason: The IP address 10.10.1.44 and port 65536 have already been bound.
(Worker_DP6_TP1_EP13 pid=338279) ERROR 07-27 19:30:39 [multiproc_executor.py:1007]         Solution: 1. Check whether this port has been occupied by another process. If yes, you can make adjustment using the environment variable HCCL_IF_BASE_PORT and use sysctl -w net.ipv4.ip_local_reserved_ports=****-**** to adjust the scope of reserved ports. 2. Check whether the service process is started multiple times on a device during this service.
(Worker_DP6_TP1_EP13 pid=338279) ERROR 07-27 19:30:39 [multiproc_executor.py:1007]         TraceBack (most recent call last):
(Worker_DP6_TP1_EP13 pid=338279) ERROR 07-27 19:30:39 [multiproc_executor.py:1007]         Not allow to synchronize captured-stream, stream_id=32.[FUNC:StreamSynchronize][FILE:api_error.cc][LINE:1016]
(Worker_DP6_TP1_EP13 pid=338279) ERROR 07-27 19:30:39 [multiproc_executor.py:1007]         rtStreamSynchronize execution failed, reason=stream is captured[FUNC:FuncErrorReason][FILE:error_message_manage.cc][LINE:65]
(Worker_DP6_TP1_EP13 pid=338279) ERROR 07-27 19:30:39 [multiproc_executor.py:1007]         synchronize stream failed, runtime result = 107027[FUNC:ReportCallError][FILE:log_inner.cpp][LINE:148]
(Worker_DP6_TP1_EP13 pid=338279) ERROR 07-27 19:30:39 [multiproc_executor.py:1007]         rtMemcpy execution failed, reason=the current capture mode does not support this operation[FUNC:FuncErrorReason][FILE:error_message_manage.cc][LINE:65]
(Worker_DP6_TP1_EP13 pid=338279) ERROR 07-27 19:30:39 [multiproc_executor.py:1007]         synchronized memcpy failed, kind = 1, runtime result = 107030[FUNC:ReportCallError][FILE:log_inner.cpp][LINE:148]
(Worker_DP6_TP1_EP13 pid=338279) ERROR 07-27 19:30:39 [multiproc_executor.py:1007] 
(Worker_DP6_TP1_EP13 pid=338279) ERROR 07-27 19:30:39 [multiproc_executor.py:1007] 
(Worker_DP6_TP1_EP13 pid=338279) ERROR 07-27 19:30:39 [multiproc_executor.py:1007] During handling of the above exception, another exception occurred:
(Worker_DP6_TP1_EP13 pid=338279) ERROR 07-27 19:30:39 [multiproc_executor.py:1007] 
(Worker_DP6_TP1_EP13 pid=338279) ERROR 07-27 19:30:39 [multiproc_executor.py:1007] Traceback (most recent call last):
(Worker_DP6_TP1_EP13 pid=338279) ERROR 07-27 19:30:39 [multiproc_executor.py:1007]   File "/home/l00838859/cann/my-project/vllm/vllm/v1/executor/multiproc_executor.py", line 999, in worker_busy_loop
(Worker_DP6_TP1_EP13 pid=338279) ERROR 07-27 19:30:39 [multiproc_executor.py:1007]     output = func(*args, **kwargs)
(Worker_DP6_TP1_EP13 pid=338279) ERROR 07-27 19:30:39 [multiproc_executor.py:1007]              ^^^^^^^^^^^^^^^^^^^^^
(Worker_DP6_TP1_EP13 pid=338279) ERROR 07-27 19:30:39 [multiproc_executor.py:1007]   File "/home/l00838859/cann/my-project/vllm-ascend/vllm_ascend/worker/worker.py", line 770, in compile_or_warm_up_model
(Worker_DP6_TP1_EP13 pid=338279) ERROR 07-27 19:30:39 [multiproc_executor.py:1007]     npugraph_memory_bytes = self.model_runner.capture_model()
(Worker_DP6_TP1_EP13 pid=338279) ERROR 07-27 19:30:39 [multiproc_executor.py:1007]                             ^^^^^^^^^^^^^^^^^^^^^^^^^^^^^^^^^
(Worker_DP6_TP1_EP13 pid=338279) ERROR 07-27 19:30:39 [multiproc_executor.py:1007]   File "/home/l00838859/cann/my-project/vllm-ascend/vllm_ascend/worker/model_runner_v1.py", line 5101, in capture_model
(Worker_DP6_TP1_EP13 pid=338279) ERROR 07-27 19:30:39 [multiproc_executor.py:1007]     with _torch_cuda_wrapper(), _replace_gpu_model_runner_function_wrapper(parent_module_name):
(Worker_DP6_TP1_EP13 pid=338279) ERROR 07-27 19:30:39 [multiproc_executor.py:1007]   File "/usr/local/lib/python3.11/contextlib.py", line 158, in __exit__
(Worker_DP6_TP1_EP13 pid=338279) ERROR 07-27 19:30:39 [multiproc_executor.py:1007]     self.gen.throw(typ, value, traceback)
(Worker_DP6_TP1_EP13 pid=338279) ERROR 07-27 19:30:39 [multiproc_executor.py:1007]   File "/home/l00838859/cann/my-project/vllm-ascend/vllm_ascend/worker/model_runner_v1.py", line 5208, in _torch_cuda_wrapper
(Worker_DP6_TP1_EP13 pid=338279) ERROR 07-27 19:30:39 [multiproc_executor.py:1007]     raise RuntimeError(f"NPUModelRunner init failed, error is {e}")
(Worker_DP6_TP1_EP13 pid=338279) ERROR 07-27 19:30:39 [multiproc_executor.py:1007] RuntimeError: NPUModelRunner init failed, error is NPUModelRunner failed, error is copy_between_host_and_device_opapi:../torch_npu/csrc/aten/ops/op_api/CopyKernelOpApi.cpp:55 NPU function error: aclrtMemcpy, error code is 107030
(Worker_DP6_TP1_EP13 pid=338279) ERROR 07-27 19:30:39 [multiproc_executor.py:1007] [ERROR] 2026-07-27-19:30:38 (PID:338279, Device:13, RankID:-1) ERR00100 PTA call acl api failed.
(Worker_DP6_TP1_EP13 pid=338279) ERROR 07-27 19:30:39 [multiproc_executor.py:1007] [PID: 338279] 2026-07-27-19:30:23.755.995 Communication_Error_Bind_IP_Port(EI0019): Failed to enable listening for the host network adapter socket. Reason: The IP address 10.10.1.44 and port 65536 have already been bound.
(Worker_DP6_TP1_EP13 pid=338279) ERROR 07-27 19:30:39 [multiproc_executor.py:1007]         Solution: 1. Check whether this port has been occupied by another process. If yes, you can make adjustment using the environment variable HCCL_IF_BASE_PORT and use sysctl -w net.ipv4.ip_local_reserved_ports=****-**** to adjust the scope of reserved ports. 2. Check whether the service process is started multiple times on a device during this service.
(Worker_DP6_TP1_EP13 pid=338279) ERROR 07-27 19:30:39 [multiproc_executor.py:1007]         TraceBack (most recent call last):
(Worker_DP6_TP1_EP13 pid=338279) ERROR 07-27 19:30:39 [multiproc_executor.py:1007]         Not allow to synchronize captured-stream, stream_id=32.[FUNC:StreamSynchronize][FILE:api_error.cc][LINE:1016]
(Worker_DP6_TP1_EP13 pid=338279) ERROR 07-27 19:30:39 [multiproc_executor.py:1007]         rtStreamSynchronize execution failed, reason=stream is captured[FUNC:FuncErrorReason][FILE:error_message_manage.cc][LINE:65]
(Worker_DP6_TP1_EP13 pid=338279) ERROR 07-27 19:30:39 [multiproc_executor.py:1007]         synchronize stream failed, runtime result = 107027[FUNC:ReportCallError][FILE:log_inner.cpp][LINE:148]
(Worker_DP6_TP1_EP13 pid=338279) ERROR 07-27 19:30:39 [multiproc_executor.py:1007]         rtMemcpy execution failed, reason=the current capture mode does not support this operation[FUNC:FuncErrorReason][FILE:error_message_manage.cc][LINE:65]
(Worker_DP6_TP1_EP13 pid=338279) ERROR 07-27 19:30:39 [multiproc_executor.py:1007]         synchronized memcpy failed, kind = 1, runtime result = 107030[FUNC:ReportCallError][FILE:log_inner.cpp][LINE:148]
(Worker_DP6_TP1_EP13 pid=338279) ERROR 07-27 19:30:39 [multiproc_executor.py:1007] 
(Worker_DP6_TP1_EP13 pid=338279) ERROR 07-27 19:30:39 [multiproc_executor.py:1007] 
(Worker_DP6_TP0_EP12 pid=337901) ERROR 07-27 19:30:39 [multiproc_executor.py:1007] WorkerProc hit an exception.
(Worker_DP6_TP0_EP12 pid=337901) ERROR 07-27 19:30:39 [multiproc_executor.py:1007] Traceback (most recent call last):
(Worker_DP6_TP0_EP12 pid=337901) ERROR 07-27 19:30:39 [multiproc_executor.py:1007]   File "/home/l00838859/cann/my-project/vllm-ascend/vllm_ascend/worker/model_runner_v1.py", line 5242, in _replace_gpu_model_runner_function_wrapper
(Worker_DP6_TP0_EP12 pid=337901) ERROR 07-27 19:30:39 [multiproc_executor.py:1007]     yield
(Worker_DP6_TP0_EP12 pid=337901) ERROR 07-27 19:30:39 [multiproc_executor.py:1007]   File "/home/l00838859/cann/my-project/vllm-ascend/vllm_ascend/worker/model_runner_v1.py", line 5102, in capture_model
(Worker_DP6_TP0_EP12 pid=337901) ERROR 07-27 19:30:39 [multiproc_executor.py:1007]     cuda_graph_size = GPUModelRunner.capture_model(self)
(Worker_DP6_TP0_EP12 pid=337901) ERROR 07-27 19:30:39 [multiproc_executor.py:1007]                       ^^^^^^^^^^^^^^^^^^^^^^^^^^^^^^^^^^
(Worker_DP6_TP0_EP12 pid=337901) ERROR 07-27 19:30:39 [multiproc_executor.py:1007]   File "/home/l00838859/cann/my-project/vllm/vllm/tracing/otel.py", line 178, in sync_wrapper
(Worker_DP6_TP0_EP12 pid=337901) ERROR 07-27 19:30:39 [multiproc_executor.py:1007]     return func(*args, **kwargs)
(Worker_DP6_TP0_EP12 pid=337901) ERROR 07-27 19:30:39 [multiproc_executor.py:1007]            ^^^^^^^^^^^^^^^^^^^^^
(Worker_DP6_TP0_EP12 pid=337901) ERROR 07-27 19:30:39 [multiproc_executor.py:1007]   File "/home/l00838859/cann/my-project/vllm/vllm/v1/worker/gpu_model_runner.py", line 6712, in capture_model
(Worker_DP6_TP0_EP12 pid=337901) ERROR 07-27 19:30:39 [multiproc_executor.py:1007]     self._capture_cudagraphs(
(Worker_DP6_TP0_EP12 pid=337901) ERROR 07-27 19:30:39 [multiproc_executor.py:1007]   File "/home/l00838859/cann/my-project/vllm/vllm/v1/worker/gpu_model_runner.py", line 6828, in _capture_cudagraphs
(Worker_DP6_TP0_EP12 pid=337901) ERROR 07-27 19:30:39 [multiproc_executor.py:1007]     self._warmup_and_capture(
(Worker_DP6_TP0_EP12 pid=337901) ERROR 07-27 19:30:39 [multiproc_executor.py:1007]   File "/home/l00838859/cann/my-project/vllm/vllm/v1/worker/gpu_model_runner.py", line 6774, in _warmup_and_capture
(Worker_DP6_TP0_EP12 pid=337901) ERROR 07-27 19:30:39 [multiproc_executor.py:1007]     self._dummy_run(
(Worker_DP6_TP0_EP12 pid=337901) ERROR 07-27 19:30:39 [multiproc_executor.py:1007]   File "/usr/local/lib/python3.11/site-packages/torch/utils/_contextlib.py", line 124, in decorate_context
(Worker_DP6_TP0_EP12 pid=337901) ERROR 07-27 19:30:39 [multiproc_executor.py:1007]     return func(*args, **kwargs)
(Worker_DP6_TP0_EP12 pid=337901) ERROR 07-27 19:30:39 [multiproc_executor.py:1007]            ^^^^^^^^^^^^^^^^^^^^^
(Worker_DP6_TP0_EP12 pid=337901) ERROR 07-27 19:30:39 [multiproc_executor.py:1007]   File "/home/l00838859/cann/my-project/vllm-ascend/vllm_ascend/worker/model_runner_v1.py", line 3712, in _dummy_run
(Worker_DP6_TP0_EP12 pid=337901) ERROR 07-27 19:30:39 [multiproc_executor.py:1007]     self.drafter.dummy_run(
(Worker_DP6_TP0_EP12 pid=337901) ERROR 07-27 19:30:39 [multiproc_executor.py:1007]   File "/usr/local/lib/python3.11/site-packages/torch/utils/_contextlib.py", line 124, in decorate_context
(Worker_DP6_TP0_EP12 pid=337901) ERROR 07-27 19:30:39 [multiproc_executor.py:1007]     return func(*args, **kwargs)
(Worker_DP6_TP0_EP12 pid=337901) ERROR 07-27 19:30:39 [multiproc_executor.py:1007]            ^^^^^^^^^^^^^^^^^^^^^
(Worker_DP6_TP0_EP12 pid=337901) ERROR 07-27 19:30:39 [multiproc_executor.py:1007]   File "/home/l00838859/cann/my-project/vllm-ascend/vllm_ascend/spec_decode/llm_base_proposer.py", line 727, in dummy_run
(Worker_DP6_TP0_EP12 pid=337901) ERROR 07-27 19:30:39 [multiproc_executor.py:1007]     self._runnable(
(Worker_DP6_TP0_EP12 pid=337901) ERROR 07-27 19:30:39 [multiproc_executor.py:1007]   File "/home/l00838859/cann/my-project/vllm-ascend/vllm_ascend/compilation/acl_graph.py", line 205, in __call__
(Worker_DP6_TP0_EP12 pid=337901) ERROR 07-27 19:30:39 [multiproc_executor.py:1007]     output = self.runnable(*args, **kwargs)
(Worker_DP6_TP0_EP12 pid=337901) ERROR 07-27 19:30:39 [multiproc_executor.py:1007]              ^^^^^^^^^^^^^^^^^^^^^^^^^^^^^^
(Worker_DP6_TP0_EP12 pid=337901) ERROR 07-27 19:30:39 [multiproc_executor.py:1007]   File "/home/l00838859/cann/my-project/vllm-ascend/vllm_ascend/spec_decode/llm_base_proposer.py", line 1209, in _run_merged_draft
(Worker_DP6_TP0_EP12 pid=337901) ERROR 07-27 19:30:39 [multiproc_executor.py:1007]     else dummy_compute_logits(sample_hidden_states)
(Worker_DP6_TP0_EP12 pid=337901) ERROR 07-27 19:30:39 [multiproc_executor.py:1007]          ^^^^^^^^^^^^^^^^^^^^^^^^^^^^^^^^^^^^^^^^^^
(Worker_DP6_TP0_EP12 pid=337901) ERROR 07-27 19:30:39 [multiproc_executor.py:1007]   File "/home/l00838859/cann/my-project/vllm-ascend/vllm_ascend/worker/model_runner_v1.py", line 3685, in dummy_drafter_compute_logits
(Worker_DP6_TP0_EP12 pid=337901) ERROR 07-27 19:30:39 [multiproc_executor.py:1007]     hidden_states = hidden_states[dummy_indices]
(Worker_DP6_TP0_EP12 pid=337901) ERROR 07-27 19:30:39 [multiproc_executor.py:1007]                     ~~~~~~~~~~~~~^^^^^^^^^^^^^^^
(Worker_DP6_TP0_EP12 pid=337901) ERROR 07-27 19:30:39 [multiproc_executor.py:1007] RuntimeError: copy_between_host_and_device_opapi:../torch_npu/csrc/aten/ops/op_api/CopyKernelOpApi.cpp:55 NPU function error: aclrtMemcpy, error code is 107030
(Worker_DP6_TP0_EP12 pid=337901) ERROR 07-27 19:30:39 [multiproc_executor.py:1007] [ERROR] 2026-07-27-19:30:38 (PID:337901, Device:12, RankID:-1) ERR00100 PTA call acl api failed.
(Worker_DP6_TP0_EP12 pid=337901) ERROR 07-27 19:30:39 [multiproc_executor.py:1007] [PID: 337901] 2026-07-27-19:30:21.745.696 Communication_Error_Bind_IP_Port(EI0019): Failed to enable listening for the host network adapter socket. Reason: The IP address 10.10.1.44 and port 65536 have already been bound.
(Worker_DP6_TP0_EP12 pid=337901) ERROR 07-27 19:30:39 [multiproc_executor.py:1007]         Solution: 1. Check whether this port has been occupied by another process. If yes, you can make adjustment using the environment variable HCCL_IF_BASE_PORT and use sysctl -w net.ipv4.ip_local_reserved_ports=****-**** to adjust the scope of reserved ports. 2. Check whether the service process is started multiple times on a device during this service.
(Worker_DP6_TP0_EP12 pid=337901) ERROR 07-27 19:30:39 [multiproc_executor.py:1007]         TraceBack (most recent call last):
(Worker_DP6_TP0_EP12 pid=337901) ERROR 07-27 19:30:39 [multiproc_executor.py:1007]         Not allow to synchronize captured-stream, stream_id=32.[FUNC:StreamSynchronize][FILE:api_error.cc][LINE:1016]
(Worker_DP6_TP0_EP12 pid=337901) ERROR 07-27 19:30:39 [multiproc_executor.py:1007]         rtStreamSynchronize execution failed, reason=stream is captured[FUNC:FuncErrorReason][FILE:error_message_manage.cc][LINE:65]
(Worker_DP6_TP0_EP12 pid=337901) ERROR 07-27 19:30:39 [multiproc_executor.py:1007]         synchronize stream failed, runtime result = 107027[FUNC:ReportCallError][FILE:log_inner.cpp][LINE:148]
(Worker_DP6_TP0_EP12 pid=337901) ERROR 07-27 19:30:39 [multiproc_executor.py:1007]         rtMemcpy execution failed, reason=the current capture mode does not support this operation[FUNC:FuncErrorReason][FILE:error_message_manage.cc][LINE:65]
(Worker_DP6_TP0_EP12 pid=337901) ERROR 07-27 19:30:39 [multiproc_executor.py:1007]         synchronized memcpy failed, kind = 1, runtime result = 107030[FUNC:ReportCallError][FILE:log_inner.cpp][LINE:148]
(Worker_DP6_TP0_EP12 pid=337901) ERROR 07-27 19:30:39 [multiproc_executor.py:1007] 
(Worker_DP6_TP0_EP12 pid=337901) ERROR 07-27 19:30:39 [multiproc_executor.py:1007] 
(Worker_DP6_TP0_EP12 pid=337901) ERROR 07-27 19:30:39 [multiproc_executor.py:1007] During handling of the above exception, another exception occurred:
(Worker_DP6_TP0_EP12 pid=337901) ERROR 07-27 19:30:39 [multiproc_executor.py:1007] 
(Worker_DP6_TP0_EP12 pid=337901) ERROR 07-27 19:30:39 [multiproc_executor.py:1007] Traceback (most recent call last):
(Worker_DP6_TP0_EP12 pid=337901) ERROR 07-27 19:30:39 [multiproc_executor.py:1007]   File "/home/l00838859/cann/my-project/vllm-ascend/vllm_ascend/worker/model_runner_v1.py", line 5198, in _torch_cuda_wrapper
(Worker_DP6_TP0_EP12 pid=337901) ERROR 07-27 19:30:39 [multiproc_executor.py:1007]     yield
(Worker_DP6_TP0_EP12 pid=337901) ERROR 07-27 19:30:39 [multiproc_executor.py:1007]   File "/home/l00838859/cann/my-project/vllm-ascend/vllm_ascend/worker/model_runner_v1.py", line 5101, in capture_model
(Worker_DP6_TP0_EP12 pid=337901) ERROR 07-27 19:30:39 [multiproc_executor.py:1007]     with _torch_cuda_wrapper(), _replace_gpu_model_runner_function_wrapper(parent_module_name):
(Worker_DP6_TP0_EP12 pid=337901) ERROR 07-27 19:30:39 [multiproc_executor.py:1007]   File "/usr/local/lib/python3.11/contextlib.py", line 158, in __exit__
(Worker_DP6_TP0_EP12 pid=337901) ERROR 07-27 19:30:39 [multiproc_executor.py:1007]     self.gen.throw(typ, value, traceback)
(Worker_DP6_TP0_EP12 pid=337901) ERROR 07-27 19:30:39 [multiproc_executor.py:1007]   File "/home/l00838859/cann/my-project/vllm-ascend/vllm_ascend/worker/model_runner_v1.py", line 5244, in _replace_gpu_model_runner_function_wrapper
(Worker_DP6_TP0_EP12 pid=337901) ERROR 07-27 19:30:39 [multiproc_executor.py:1007]     raise RuntimeError(f"NPUModelRunner failed, error is {e}")
(Worker_DP6_TP0_EP12 pid=337901) ERROR 07-27 19:30:39 [multiproc_executor.py:1007] RuntimeError: NPUModelRunner failed, error is copy_between_host_and_device_opapi:../torch_npu/csrc/aten/ops/op_api/CopyKernelOpApi.cpp:55 NPU function error: aclrtMemcpy, error code is 107030
(Worker_DP6_TP0_EP12 pid=337901) ERROR 07-27 19:30:39 [multiproc_executor.py:1007] [ERROR] 2026-07-27-19:30:38 (PID:337901, Device:12, RankID:-1) ERR00100 PTA call acl api failed.
(Worker_DP6_TP0_EP12 pid=337901) ERROR 07-27 19:30:39 [multiproc_executor.py:1007] [PID: 337901] 2026-07-27-19:30:21.745.696 Communication_Error_Bind_IP_Port(EI0019): Failed to enable listening for the host network adapter socket. Reason: The IP address 10.10.1.44 and port 65536 have already been bound.
(Worker_DP6_TP0_EP12 pid=337901) ERROR 07-27 19:30:39 [multiproc_executor.py:1007]         Solution: 1. Check whether this port has been occupied by another process. If yes, you can make adjustment using the environment variable HCCL_IF_BASE_PORT and use sysctl -w net.ipv4.ip_local_reserved_ports=****-**** to adjust the scope of reserved ports. 2. Check whether the service process is started multiple times on a device during this service.
(Worker_DP6_TP0_EP12 pid=337901) ERROR 07-27 19:30:39 [multiproc_executor.py:1007]         TraceBack (most recent call last):
(Worker_DP6_TP0_EP12 pid=337901) ERROR 07-27 19:30:39 [multiproc_executor.py:1007]         Not allow to synchronize captured-stream, stream_id=32.[FUNC:StreamSynchronize][FILE:api_error.cc][LINE:1016]
(Worker_DP6_TP0_EP12 pid=337901) ERROR 07-27 19:30:39 [multiproc_executor.py:1007]         rtStreamSynchronize execution failed, reason=stream is captured[FUNC:FuncErrorReason][FILE:error_message_manage.cc][LINE:65]
(Worker_DP6_TP0_EP12 pid=337901) ERROR 07-27 19:30:39 [multiproc_executor.py:1007]         synchronize stream failed, runtime result = 107027[FUNC:ReportCallError][FILE:log_inner.cpp][LINE:148]
(Worker_DP6_TP0_EP12 pid=337901) ERROR 07-27 19:30:39 [multiproc_executor.py:1007]         rtMemcpy execution failed, reason=the current capture mode does not support this operation[FUNC:FuncErrorReason][FILE:error_message_manage.cc][LINE:65]
(Worker_DP6_TP0_EP12 pid=337901) ERROR 07-27 19:30:39 [multiproc_executor.py:1007]         synchronized memcpy failed, kind = 1, runtime result = 107030[FUNC:ReportCallError][FILE:log_inner.cpp][LINE:148]
(Worker_DP6_TP0_EP12 pid=337901) ERROR 07-27 19:30:39 [multiproc_executor.py:1007] 
(Worker_DP6_TP0_EP12 pid=337901) ERROR 07-27 19:30:39 [multiproc_executor.py:1007] 
(Worker_DP6_TP0_EP12 pid=337901) ERROR 07-27 19:30:39 [multiproc_executor.py:1007] During handling of the above exception, another exception occurred:
(Worker_DP6_TP0_EP12 pid=337901) ERROR 07-27 19:30:39 [multiproc_executor.py:1007] 
(Worker_DP6_TP0_EP12 pid=337901) ERROR 07-27 19:30:39 [multiproc_executor.py:1007] Traceback (most recent call last):
(Worker_DP6_TP0_EP12 pid=337901) ERROR 07-27 19:30:39 [multiproc_executor.py:1007]   File "/home/l00838859/cann/my-project/vllm/vllm/v1/executor/multiproc_executor.py", line 999, in worker_busy_loop
(Worker_DP6_TP0_EP12 pid=337901) ERROR 07-27 19:30:39 [multiproc_executor.py:1007]     output = func(*args, **kwargs)
(Worker_DP6_TP0_EP12 pid=337901) ERROR 07-27 19:30:39 [multiproc_executor.py:1007]              ^^^^^^^^^^^^^^^^^^^^^
(Worker_DP6_TP0_EP12 pid=337901) ERROR 07-27 19:30:39 [multiproc_executor.py:1007]   File "/home/l00838859/cann/my-project/vllm-ascend/vllm_ascend/worker/worker.py", line 770, in compile_or_warm_up_model
(Worker_DP6_TP0_EP12 pid=337901) ERROR 07-27 19:30:39 [multiproc_executor.py:1007]     npugraph_memory_bytes = self.model_runner.capture_model()
(Worker_DP6_TP0_EP12 pid=337901) ERROR 07-27 19:30:39 [multiproc_executor.py:1007]                             ^^^^^^^^^^^^^^^^^^^^^^^^^^^^^^^^^
(Worker_DP6_TP0_EP12 pid=337901) ERROR 07-27 19:30:39 [multiproc_executor.py:1007]   File "/home/l00838859/cann/my-project/vllm-ascend/vllm_ascend/worker/model_runner_v1.py", line 5101, in capture_model
(Worker_DP6_TP0_EP12 pid=337901) ERROR 07-27 19:30:39 [multiproc_executor.py:1007]     with _torch_cuda_wrapper(), _replace_gpu_model_runner_function_wrapper(parent_module_name):
(Worker_DP6_TP0_EP12 pid=337901) ERROR 07-27 19:30:39 [multiproc_executor.py:1007]   File "/usr/local/lib/python3.11/contextlib.py", line 158, in __exit__
(Worker_DP6_TP0_EP12 pid=337901) ERROR 07-27 19:30:39 [multiproc_executor.py:1007]     self.gen.throw(typ, value, traceback)
(Worker_DP6_TP0_EP12 pid=337901) ERROR 07-27 19:30:39 [multiproc_executor.py:1007]   File "/home/l00838859/cann/my-project/vllm-ascend/vllm_ascend/worker/model_runner_v1.py", line 5208, in _torch_cuda_wrapper
(Worker_DP6_TP0_EP12 pid=337901) ERROR 07-27 19:30:39 [multiproc_executor.py:1007]     raise RuntimeError(f"NPUModelRunner init failed, error is {e}")
(Worker_DP6_TP0_EP12 pid=337901) ERROR 07-27 19:30:39 [multiproc_executor.py:1007] RuntimeError: NPUModelRunner init failed, error is NPUModelRunner failed, error is copy_between_host_and_device_opapi:../torch_npu/csrc/aten/ops/op_api/CopyKernelOpApi.cpp:55 NPU function error: aclrtMemcpy, error code is 107030
(Worker_DP6_TP0_EP12 pid=337901) ERROR 07-27 19:30:39 [multiproc_executor.py:1007] [ERROR] 2026-07-27-19:30:38 (PID:337901, Device:12, RankID:-1) ERR00100 PTA call acl api failed.
(Worker_DP6_TP0_EP12 pid=337901) ERROR 07-27 19:30:39 [multiproc_executor.py:1007] [PID: 337901] 2026-07-27-19:30:21.745.696 Communication_Error_Bind_IP_Port(EI0019): Failed to enable listening for the host network adapter socket. Reason: The IP address 10.10.1.44 and port 65536 have already been bound.
(Worker_DP6_TP0_EP12 pid=337901) ERROR 07-27 19:30:39 [multiproc_executor.py:1007]         Solution: 1. Check whether this port has been occupied by another process. If yes, you can make adjustment using the environment variable HCCL_IF_BASE_PORT and use sysctl -w net.ipv4.ip_local_reserved_ports=****-**** to adjust the scope of reserved ports. 2. Check whether the service process is started multiple times on a device during this service.
(Worker_DP6_TP0_EP12 pid=337901) ERROR 07-27 19:30:39 [multiproc_executor.py:1007]         TraceBack (most recent call last):
(Worker_DP6_TP0_EP12 pid=337901) ERROR 07-27 19:30:39 [multiproc_executor.py:1007]         Not allow to synchronize captured-stream, stream_id=32.[FUNC:StreamSynchronize][FILE:api_error.cc][LINE:1016]
(Worker_DP6_TP0_EP12 pid=337901) ERROR 07-27 19:30:39 [multiproc_executor.py:1007]         rtStreamSynchronize execution failed, reason=stream is captured[FUNC:FuncErrorReason][FILE:error_message_manage.cc][LINE:65]
(Worker_DP6_TP0_EP12 pid=337901) ERROR 07-27 19:30:39 [multiproc_executor.py:1007]         synchronize stream failed, runtime result = 107027[FUNC:ReportCallError][FILE:log_inner.cpp][LINE:148]
(Worker_DP6_TP0_EP12 pid=337901) ERROR 07-27 19:30:39 [multiproc_executor.py:1007]         rtMemcpy execution failed, reason=the current capture mode does not support this operation[FUNC:FuncErrorReason][FILE:error_message_manage.cc][LINE:65]
(Worker_DP6_TP0_EP12 pid=337901) ERROR 07-27 19:30:39 [multiproc_executor.py:1007]         synchronized memcpy failed, kind = 1, runtime result = 107030[FUNC:ReportCallError][FILE:log_inner.cpp][LINE:148]
(Worker_DP6_TP0_EP12 pid=337901) ERROR 07-27 19:30:39 [multiproc_executor.py:1007] 
(Worker_DP6_TP0_EP12 pid=337901) ERROR 07-27 19:30:39 [multiproc_executor.py:1007] Traceback (most recent call last):
(Worker_DP6_TP0_EP12 pid=337901) ERROR 07-27 19:30:39 [multiproc_executor.py:1007]   File "/home/l00838859/cann/my-project/vllm-ascend/vllm_ascend/worker/model_runner_v1.py", line 5242, in _replace_gpu_model_runner_function_wrapper
(Worker_DP6_TP0_EP12 pid=337901) ERROR 07-27 19:30:39 [multiproc_executor.py:1007]     yield
(Worker_DP6_TP0_EP12 pid=337901) ERROR 07-27 19:30:39 [multiproc_executor.py:1007]   File "/home/l00838859/cann/my-project/vllm-ascend/vllm_ascend/worker/model_runner_v1.py", line 5102, in capture_model
(Worker_DP6_TP0_EP12 pid=337901) ERROR 07-27 19:30:39 [multiproc_executor.py:1007]     cuda_graph_size = GPUModelRunner.capture_model(self)
(Worker_DP6_TP0_EP12 pid=337901) ERROR 07-27 19:30:39 [multiproc_executor.py:1007]                       ^^^^^^^^^^^^^^^^^^^^^^^^^^^^^^^^^^
(Worker_DP6_TP0_EP12 pid=337901) ERROR 07-27 19:30:39 [multiproc_executor.py:1007]   File "/home/l00838859/cann/my-project/vllm/vllm/tracing/otel.py", line 178, in sync_wrapper
(Worker_DP6_TP0_EP12 pid=337901) ERROR 07-27 19:30:39 [multiproc_executor.py:1007]     return func(*args, **kwargs)
(Worker_DP6_TP0_EP12 pid=337901) ERROR 07-27 19:30:39 [multiproc_executor.py:1007]            ^^^^^^^^^^^^^^^^^^^^^
(Worker_DP6_TP0_EP12 pid=337901) ERROR 07-27 19:30:39 [multiproc_executor.py:1007]   File "/home/l00838859/cann/my-project/vllm/vllm/v1/worker/gpu_model_runner.py", line 6712, in capture_model
(Worker_DP6_TP0_EP12 pid=337901) ERROR 07-27 19:30:39 [multiproc_executor.py:1007]     self._capture_cudagraphs(
(Worker_DP6_TP0_EP12 pid=337901) ERROR 07-27 19:30:39 [multiproc_executor.py:1007]   File "/home/l00838859/cann/my-project/vllm/vllm/v1/worker/gpu_model_runner.py", line 6828, in _capture_cudagraphs
(Worker_DP6_TP0_EP12 pid=337901) ERROR 07-27 19:30:39 [multiproc_executor.py:1007]     self._warmup_and_capture(
(Worker_DP6_TP0_EP12 pid=337901) ERROR 07-27 19:30:39 [multiproc_executor.py:1007]   File "/home/l00838859/cann/my-project/vllm/vllm/v1/worker/gpu_model_runner.py", line 6774, in _warmup_and_capture
(Worker_DP6_TP0_EP12 pid=337901) ERROR 07-27 19:30:39 [multiproc_executor.py:1007]     self._dummy_run(
(Worker_DP6_TP0_EP12 pid=337901) ERROR 07-27 19:30:39 [multiproc_executor.py:1007]   File "/usr/local/lib/python3.11/site-packages/torch/utils/_contextlib.py", line 124, in decorate_context
(Worker_DP6_TP0_EP12 pid=337901) ERROR 07-27 19:30:39 [multiproc_executor.py:1007]     return func(*args, **kwargs)
(Worker_DP6_TP0_EP12 pid=337901) ERROR 07-27 19:30:39 [multiproc_executor.py:1007]            ^^^^^^^^^^^^^^^^^^^^^
(Worker_DP6_TP0_EP12 pid=337901) ERROR 07-27 19:30:39 [multiproc_executor.py:1007]   File "/home/l00838859/cann/my-project/vllm-ascend/vllm_ascend/worker/model_runner_v1.py", line 3712, in _dummy_run
(Worker_DP6_TP0_EP12 pid=337901) ERROR 07-27 19:30:39 [multiproc_executor.py:1007]     self.drafter.dummy_run(
(Worker_DP6_TP0_EP12 pid=337901) ERROR 07-27 19:30:39 [multiproc_executor.py:1007]   File "/usr/local/lib/python3.11/site-packages/torch/utils/_contextlib.py", line 124, in decorate_context
(Worker_DP6_TP0_EP12 pid=337901) ERROR 07-27 19:30:39 [multiproc_executor.py:1007]     return func(*args, **kwargs)
(Worker_DP6_TP0_EP12 pid=337901) ERROR 07-27 19:30:39 [multiproc_executor.py:1007]            ^^^^^^^^^^^^^^^^^^^^^
(Worker_DP6_TP0_EP12 pid=337901) ERROR 07-27 19:30:39 [multiproc_executor.py:1007]   File "/home/l00838859/cann/my-project/vllm-ascend/vllm_ascend/spec_decode/llm_base_proposer.py", line 727, in dummy_run
(Worker_DP6_TP0_EP12 pid=337901) ERROR 07-27 19:30:39 [multiproc_executor.py:1007]     self._runnable(
(Worker_DP6_TP0_EP12 pid=337901) ERROR 07-27 19:30:39 [multiproc_executor.py:1007]   File "/home/l00838859/cann/my-project/vllm-ascend/vllm_ascend/compilation/acl_graph.py", line 205, in __call__
(Worker_DP6_TP0_EP12 pid=337901) ERROR 07-27 19:30:39 [multiproc_executor.py:1007]     output = self.runnable(*args, **kwargs)
(Worker_DP6_TP0_EP12 pid=337901) ERROR 07-27 19:30:39 [multiproc_executor.py:1007]              ^^^^^^^^^^^^^^^^^^^^^^^^^^^^^^
(Worker_DP6_TP0_EP12 pid=337901) ERROR 07-27 19:30:39 [multiproc_executor.py:1007]   File "/home/l00838859/cann/my-project/vllm-ascend/vllm_ascend/spec_decode/llm_base_proposer.py", line 1209, in _run_merged_draft
(Worker_DP6_TP0_EP12 pid=337901) ERROR 07-27 19:30:39 [multiproc_executor.py:1007]     else dummy_compute_logits(sample_hidden_states)
(Worker_DP6_TP0_EP12 pid=337901) ERROR 07-27 19:30:39 [multiproc_executor.py:1007]          ^^^^^^^^^^^^^^^^^^^^^^^^^^^^^^^^^^^^^^^^^^
(Worker_DP6_TP0_EP12 pid=337901) ERROR 07-27 19:30:39 [multiproc_executor.py:1007]   File "/home/l00838859/cann/my-project/vllm-ascend/vllm_ascend/worker/model_runner_v1.py", line 3685, in dummy_drafter_compute_logits
(Worker_DP6_TP0_EP12 pid=337901) ERROR 07-27 19:30:39 [multiproc_executor.py:1007]     hidden_states = hidden_states[dummy_indices]
(Worker_DP6_TP0_EP12 pid=337901) ERROR 07-27 19:30:39 [multiproc_executor.py:1007]                     ~~~~~~~~~~~~~^^^^^^^^^^^^^^^
(Worker_DP6_TP0_EP12 pid=337901) ERROR 07-27 19:30:39 [multiproc_executor.py:1007] RuntimeError: copy_between_host_and_device_opapi:../torch_npu/csrc/aten/ops/op_api/CopyKernelOpApi.cpp:55 NPU function error: aclrtMemcpy, error code is 107030
(Worker_DP6_TP0_EP12 pid=337901) ERROR 07-27 19:30:39 [multiproc_executor.py:1007] [ERROR] 2026-07-27-19:30:38 (PID:337901, Device:12, RankID:-1) ERR00100 PTA call acl api failed.
(Worker_DP6_TP0_EP12 pid=337901) ERROR 07-27 19:30:39 [multiproc_executor.py:1007] [PID: 337901] 2026-07-27-19:30:21.745.696 Communication_Error_Bind_IP_Port(EI0019): Failed to enable listening for the host network adapter socket. Reason: The IP address 10.10.1.44 and port 65536 have already been bound.
(Worker_DP6_TP0_EP12 pid=337901) ERROR 07-27 19:30:39 [multiproc_executor.py:1007]         Solution: 1. Check whether this port has been occupied by another process. If yes, you can make adjustment using the environment variable HCCL_IF_BASE_PORT and use sysctl -w net.ipv4.ip_local_reserved_ports=****-**** to adjust the scope of reserved ports. 2. Check whether the service process is started multiple times on a device during this service.
(Worker_DP6_TP0_EP12 pid=337901) ERROR 07-27 19:30:39 [multiproc_executor.py:1007]         TraceBack (most recent call last):
(Worker_DP6_TP0_EP12 pid=337901) ERROR 07-27 19:30:39 [multiproc_executor.py:1007]         Not allow to synchronize captured-stream, stream_id=32.[FUNC:StreamSynchronize][FILE:api_error.cc][LINE:1016]
(Worker_DP6_TP0_EP12 pid=337901) ERROR 07-27 19:30:39 [multiproc_executor.py:1007]         rtStreamSynchronize execution failed, reason=stream is captured[FUNC:FuncErrorReason][FILE:error_message_manage.cc][LINE:65]
(Worker_DP6_TP0_EP12 pid=337901) ERROR 07-27 19:30:39 [multiproc_executor.py:1007]         synchronize stream failed, runtime result = 107027[FUNC:ReportCallError][FILE:log_inner.cpp][LINE:148]
(Worker_DP6_TP0_EP12 pid=337901) ERROR 07-27 19:30:39 [multiproc_executor.py:1007]         rtMemcpy execution failed, reason=the current capture mode does not support this operation[FUNC:FuncErrorReason][FILE:error_message_manage.cc][LINE:65]
(Worker_DP6_TP0_EP12 pid=337901) ERROR 07-27 19:30:39 [multiproc_executor.py:1007]         synchronized memcpy failed, kind = 1, runtime result = 107030[FUNC:ReportCallError][FILE:log_inner.cpp][LINE:148]
(Worker_DP6_TP0_EP12 pid=337901) ERROR 07-27 19:30:39 [multiproc_executor.py:1007] 
(Worker_DP6_TP0_EP12 pid=337901) ERROR 07-27 19:30:39 [multiproc_executor.py:1007] 
(Worker_DP6_TP0_EP12 pid=337901) ERROR 07-27 19:30:39 [multiproc_executor.py:1007] During handling of the above exception, another exception occurred:
(Worker_DP6_TP0_EP12 pid=337901) ERROR 07-27 19:30:39 [multiproc_executor.py:1007] 
(Worker_DP6_TP0_EP12 pid=337901) ERROR 07-27 19:30:39 [multiproc_executor.py:1007] Traceback (most recent call last):
(Worker_DP6_TP0_EP12 pid=337901) ERROR 07-27 19:30:39 [multiproc_executor.py:1007]   File "/home/l00838859/cann/my-project/vllm-ascend/vllm_ascend/worker/model_runner_v1.py", line 5198, in _torch_cuda_wrapper
(Worker_DP6_TP0_EP12 pid=337901) ERROR 07-27 19:30:39 [multiproc_executor.py:1007]     yield
(Worker_DP6_TP0_EP12 pid=337901) ERROR 07-27 19:30:39 [multiproc_executor.py:1007]   File "/home/l00838859/cann/my-project/vllm-ascend/vllm_ascend/worker/model_runner_v1.py", line 5101, in capture_model
(Worker_DP6_TP0_EP12 pid=337901) ERROR 07-27 19:30:39 [multiproc_executor.py:1007]     with _torch_cuda_wrapper(), _replace_gpu_model_runner_function_wrapper(parent_module_name):
(Worker_DP6_TP0_EP12 pid=337901) ERROR 07-27 19:30:39 [multiproc_executor.py:1007]   File "/usr/local/lib/python3.11/contextlib.py", line 158, in __exit__
(Worker_DP6_TP0_EP12 pid=337901) ERROR 07-27 19:30:39 [multiproc_executor.py:1007]     self.gen.throw(typ, value, traceback)
(Worker_DP6_TP0_EP12 pid=337901) ERROR 07-27 19:30:39 [multiproc_executor.py:1007]   File "/home/l00838859/cann/my-project/vllm-ascend/vllm_ascend/worker/model_runner_v1.py", line 5244, in _replace_gpu_model_runner_function_wrapper
(Worker_DP6_TP0_EP12 pid=337901) ERROR 07-27 19:30:39 [multiproc_executor.py:1007]     raise RuntimeError(f"NPUModelRunner failed, error is {e}")
(Worker_DP6_TP0_EP12 pid=337901) ERROR 07-27 19:30:39 [multiproc_executor.py:1007] RuntimeError: NPUModelRunner failed, error is copy_between_host_and_device_opapi:../torch_npu/csrc/aten/ops/op_api/CopyKernelOpApi.cpp:55 NPU function error: aclrtMemcpy, error code is 107030
(Worker_DP6_TP0_EP12 pid=337901) ERROR 07-27 19:30:39 [multiproc_executor.py:1007] [ERROR] 2026-07-27-19:30:38 (PID:337901, Device:12, RankID:-1) ERR00100 PTA call acl api failed.
(Worker_DP6_TP0_EP12 pid=337901) ERROR 07-27 19:30:39 [multiproc_executor.py:1007] [PID: 337901] 2026-07-27-19:30:21.745.696 Communication_Error_Bind_IP_Port(EI0019): Failed to enable listening for the host network adapter socket. Reason: The IP address 10.10.1.44 and port 65536 have already been bound.
(Worker_DP6_TP0_EP12 pid=337901) ERROR 07-27 19:30:39 [multiproc_executor.py:1007]         Solution: 1. Check whether this port has been occupied by another process. If yes, you can make adjustment using the environment variable HCCL_IF_BASE_PORT and use sysctl -w net.ipv4.ip_local_reserved_ports=****-**** to adjust the scope of reserved ports. 2. Check whether the service process is started multiple times on a device during this service.
(Worker_DP6_TP0_EP12 pid=337901) ERROR 07-27 19:30:39 [multiproc_executor.py:1007]         TraceBack (most recent call last):
(Worker_DP6_TP0_EP12 pid=337901) ERROR 07-27 19:30:39 [multiproc_executor.py:1007]         Not allow to synchronize captured-stream, stream_id=32.[FUNC:StreamSynchronize][FILE:api_error.cc][LINE:1016]
(Worker_DP6_TP0_EP12 pid=337901) ERROR 07-27 19:30:39 [multiproc_executor.py:1007]         rtStreamSynchronize execution failed, reason=stream is captured[FUNC:FuncErrorReason][FILE:error_message_manage.cc][LINE:65]
(Worker_DP6_TP0_EP12 pid=337901) ERROR 07-27 19:30:39 [multiproc_executor.py:1007]         synchronize stream failed, runtime result = 107027[FUNC:ReportCallError][FILE:log_inner.cpp][LINE:148]
(Worker_DP6_TP0_EP12 pid=337901) ERROR 07-27 19:30:39 [multiproc_executor.py:1007]         rtMemcpy execution failed, reason=the current capture mode does not support this operation[FUNC:FuncErrorReason][FILE:error_message_manage.cc][LINE:65]
(Worker_DP6_TP0_EP12 pid=337901) ERROR 07-27 19:30:39 [multiproc_executor.py:1007]         synchronized memcpy failed, kind = 1, runtime result = 107030[FUNC:ReportCallError][FILE:log_inner.cpp][LINE:148]
(Worker_DP6_TP0_EP12 pid=337901) ERROR 07-27 19:30:39 [multiproc_executor.py:1007] 
(Worker_DP6_TP0_EP12 pid=337901) ERROR 07-27 19:30:39 [multiproc_executor.py:1007] 
(Worker_DP6_TP0_EP12 pid=337901) ERROR 07-27 19:30:39 [multiproc_executor.py:1007] During handling of the above exception, another exception occurred:
(Worker_DP6_TP0_EP12 pid=337901) ERROR 07-27 19:30:39 [multiproc_executor.py:1007] 
(Worker_DP6_TP0_EP12 pid=337901) ERROR 07-27 19:30:39 [multiproc_executor.py:1007] Traceback (most recent call last):
(Worker_DP6_TP0_EP12 pid=337901) ERROR 07-27 19:30:39 [multiproc_executor.py:1007]   File "/home/l00838859/cann/my-project/vllm/vllm/v1/executor/multiproc_executor.py", line 999, in worker_busy_loop
(Worker_DP6_TP0_EP12 pid=337901) ERROR 07-27 19:30:39 [multiproc_executor.py:1007]     output = func(*args, **kwargs)
(Worker_DP6_TP0_EP12 pid=337901) ERROR 07-27 19:30:39 [multiproc_executor.py:1007]              ^^^^^^^^^^^^^^^^^^^^^
(Worker_DP6_TP0_EP12 pid=337901) ERROR 07-27 19:30:39 [multiproc_executor.py:1007]   File "/home/l00838859/cann/my-project/vllm-ascend/vllm_ascend/worker/worker.py", line 770, in compile_or_warm_up_model
(Worker_DP6_TP0_EP12 pid=337901) ERROR 07-27 19:30:39 [multiproc_executor.py:1007]     npugraph_memory_bytes = self.model_runner.capture_model()
(Worker_DP6_TP0_EP12 pid=337901) ERROR 07-27 19:30:39 [multiproc_executor.py:1007]                             ^^^^^^^^^^^^^^^^^^^^^^^^^^^^^^^^^
(Worker_DP6_TP0_EP12 pid=337901) ERROR 07-27 19:30:39 [multiproc_executor.py:1007]   File "/home/l00838859/cann/my-project/vllm-ascend/vllm_ascend/worker/model_runner_v1.py", line 5101, in capture_model
(Worker_DP6_TP0_EP12 pid=337901) ERROR 07-27 19:30:39 [multiproc_executor.py:1007]     with _torch_cuda_wrapper(), _replace_gpu_model_runner_function_wrapper(parent_module_name):
(Worker_DP6_TP0_EP12 pid=337901) ERROR 07-27 19:30:39 [multiproc_executor.py:1007]   File "/usr/local/lib/python3.11/contextlib.py", line 158, in __exit__
(Worker_DP6_TP0_EP12 pid=337901) ERROR 07-27 19:30:39 [multiproc_executor.py:1007]     self.gen.throw(typ, value, traceback)
(Worker_DP6_TP0_EP12 pid=337901) ERROR 07-27 19:30:39 [multiproc_executor.py:1007]   File "/home/l00838859/cann/my-project/vllm-ascend/vllm_ascend/worker/model_runner_v1.py", line 5208, in _torch_cuda_wrapper
(Worker_DP6_TP0_EP12 pid=337901) ERROR 07-27 19:30:39 [multiproc_executor.py:1007]     raise RuntimeError(f"NPUModelRunner init failed, error is {e}")
(Worker_DP6_TP0_EP12 pid=337901) ERROR 07-27 19:30:39 [multiproc_executor.py:1007] RuntimeError: NPUModelRunner init failed, error is NPUModelRunner failed, error is copy_between_host_and_device_opapi:../torch_npu/csrc/aten/ops/op_api/CopyKernelOpApi.cpp:55 NPU function error: aclrtMemcpy, error code is 107030
(Worker_DP6_TP0_EP12 pid=337901) ERROR 07-27 19:30:39 [multiproc_executor.py:1007] [ERROR] 2026-07-27-19:30:38 (PID:337901, Device:12, RankID:-1) ERR00100 PTA call acl api failed.
(Worker_DP6_TP0_EP12 pid=337901) ERROR 07-27 19:30:39 [multiproc_executor.py:1007] [PID: 337901] 2026-07-27-19:30:21.745.696 Communication_Error_Bind_IP_Port(EI0019): Failed to enable listening for the host network adapter socket. Reason: The IP address 10.10.1.44 and port 65536 have already been bound.
(Worker_DP6_TP0_EP12 pid=337901) ERROR 07-27 19:30:39 [multiproc_executor.py:1007]         Solution: 1. Check whether this port has been occupied by another process. If yes, you can make adjustment using the environment variable HCCL_IF_BASE_PORT and use sysctl -w net.ipv4.ip_local_reserved_ports=****-**** to adjust the scope of reserved ports. 2. Check whether the service process is started multiple times on a device during this service.
(Worker_DP6_TP0_EP12 pid=337901) ERROR 07-27 19:30:39 [multiproc_executor.py:1007]         TraceBack (most recent call last):
(Worker_DP6_TP0_EP12 pid=337901) ERROR 07-27 19:30:39 [multiproc_executor.py:1007]         Not allow to synchronize captured-stream, stream_id=32.[FUNC:StreamSynchronize][FILE:api_error.cc][LINE:1016]
(Worker_DP6_TP0_EP12 pid=337901) ERROR 07-27 19:30:39 [multiproc_executor.py:1007]         rtStreamSynchronize execution failed, reason=stream is captured[FUNC:FuncErrorReason][FILE:error_message_manage.cc][LINE:65]
(Worker_DP6_TP0_EP12 pid=337901) ERROR 07-27 19:30:39 [multiproc_executor.py:1007]         synchronize stream failed, runtime result = 107027[FUNC:ReportCallError][FILE:log_inner.cpp][LINE:148]
(Worker_DP6_TP0_EP12 pid=337901) ERROR 07-27 19:30:39 [multiproc_executor.py:1007]         rtMemcpy execution failed, reason=the current capture mode does not support this operation[FUNC:FuncErrorReason][FILE:error_message_manage.cc][LINE:65]
(Worker_DP6_TP0_EP12 pid=337901) ERROR 07-27 19:30:39 [multiproc_executor.py:1007]         synchronized memcpy failed, kind = 1, runtime result = 107030[FUNC:ReportCallError][FILE:log_inner.cpp][LINE:148]
(Worker_DP6_TP0_EP12 pid=337901) ERROR 07-27 19:30:39 [multiproc_executor.py:1007] 
(Worker_DP6_TP0_EP12 pid=337901) ERROR 07-27 19:30:39 [multiproc_executor.py:1007] 
(EngineCore_DP6 pid=337466) ERROR 07-27 19:30:39 [core.py:1231] EngineCore failed to start.
(EngineCore_DP6 pid=337466) ERROR 07-27 19:30:39 [core.py:1231] Traceback (most recent call last):
(EngineCore_DP6 pid=337466) ERROR 07-27 19:30:39 [core.py:1231]   File "/home/l00838859/cann/my-project/vllm/vllm/v1/engine/core.py", line 1192, in run_engine_core
(EngineCore_DP6 pid=337466) ERROR 07-27 19:30:39 [core.py:1231]     engine_core = DPEngineCoreProc(*args, **kwargs)
(EngineCore_DP6 pid=337466) ERROR 07-27 19:30:39 [core.py:1231]                   ^^^^^^^^^^^^^^^^^^^^^^^^^^^^^^^^^
(EngineCore_DP6 pid=337466) ERROR 07-27 19:30:39 [core.py:1231]   File "/home/l00838859/cann/my-project/vllm/vllm/v1/engine/core.py", line 1786, in __init__
(EngineCore_DP6 pid=337466) ERROR 07-27 19:30:39 [core.py:1231]     super().__init__(
(EngineCore_DP6 pid=337466) ERROR 07-27 19:30:39 [core.py:1231]   File "/home/l00838859/cann/my-project/vllm/vllm/tracing/otel.py", line 178, in sync_wrapper
(EngineCore_DP6 pid=337466) ERROR 07-27 19:30:39 [core.py:1231]     return func(*args, **kwargs)
(EngineCore_DP6 pid=337466) ERROR 07-27 19:30:39 [core.py:1231]            ^^^^^^^^^^^^^^^^^^^^^
(EngineCore_DP6 pid=337466) ERROR 07-27 19:30:39 [core.py:1231]   File "/home/l00838859/cann/my-project/vllm/vllm/v1/engine/core.py", line 966, in __init__
(EngineCore_DP6 pid=337466) ERROR 07-27 19:30:39 [core.py:1231]     super().__init__(
(EngineCore_DP6 pid=337466) ERROR 07-27 19:30:39 [core.py:1231]   File "/home/l00838859/cann/my-project/vllm/vllm/v1/engine/core.py", line 133, in __init__
(EngineCore_DP6 pid=337466) ERROR 07-27 19:30:39 [core.py:1231]     kv_cache_config = self._initialize_kv_caches(vllm_config)
(EngineCore_DP6 pid=337466) ERROR 07-27 19:30:39 [core.py:1231]                       ^^^^^^^^^^^^^^^^^^^^^^^^^^^^^^^^^^^^^^^
(EngineCore_DP6 pid=337466) ERROR 07-27 19:30:39 [core.py:1231]   File "/home/l00838859/cann/my-project/vllm/vllm/tracing/otel.py", line 178, in sync_wrapper
(EngineCore_DP6 pid=337466) ERROR 07-27 19:30:39 [core.py:1231]     return func(*args, **kwargs)
(EngineCore_DP6 pid=337466) ERROR 07-27 19:30:39 [core.py:1231]            ^^^^^^^^^^^^^^^^^^^^^
(EngineCore_DP6 pid=337466) ERROR 07-27 19:30:39 [core.py:1231]   File "/home/l00838859/cann/my-project/vllm/vllm/v1/engine/core.py", line 321, in _initialize_kv_caches
(EngineCore_DP6 pid=337466) ERROR 07-27 19:30:39 [core.py:1231]     self.model_executor.initialize_from_config(kv_cache_configs)
(EngineCore_DP6 pid=337466) ERROR 07-27 19:30:39 [core.py:1231]   File "/home/l00838859/cann/my-project/vllm/vllm/v1/executor/abstract.py", line 124, in initialize_from_config
(EngineCore_DP6 pid=337466) ERROR 07-27 19:30:39 [core.py:1231]     compilation_times: list[CompilationTimes] = self.collective_rpc(
(EngineCore_DP6 pid=337466) ERROR 07-27 19:30:39 [core.py:1231]                                                 ^^^^^^^^^^^^^^^^^^^^
(EngineCore_DP6 pid=337466) ERROR 07-27 19:30:39 [core.py:1231]   File "/home/l00838859/cann/my-project/vllm/vllm/v1/executor/multiproc_executor.py", line 405, in collective_rpc
(EngineCore_DP6 pid=337466) ERROR 07-27 19:30:39 [core.py:1231]     return future if non_block else future.result()
(EngineCore_DP6 pid=337466) ERROR 07-27 19:30:39 [core.py:1231]                                     ^^^^^^^^^^^^^^^
(EngineCore_DP6 pid=337466) ERROR 07-27 19:30:39 [core.py:1231]   File "/home/l00838859/cann/my-project/vllm/vllm/v1/executor/multiproc_executor.py", line 91, in result
(EngineCore_DP6 pid=337466) ERROR 07-27 19:30:39 [core.py:1231]     return super().result()
(EngineCore_DP6 pid=337466) ERROR 07-27 19:30:39 [core.py:1231]            ^^^^^^^^^^^^^^^^
(EngineCore_DP6 pid=337466) ERROR 07-27 19:30:39 [core.py:1231]   File "/usr/local/lib/python3.11/concurrent/futures/_base.py", line 449, in result
(EngineCore_DP6 pid=337466) ERROR 07-27 19:30:39 [core.py:1231]     return self.__get_result()
(EngineCore_DP6 pid=337466) ERROR 07-27 19:30:39 [core.py:1231]            ^^^^^^^^^^^^^^^^^^^
(EngineCore_DP6 pid=337466) ERROR 07-27 19:30:39 [core.py:1231]   File "/usr/local/lib/python3.11/concurrent/futures/_base.py", line 401, in __get_result
(EngineCore_DP6 pid=337466) ERROR 07-27 19:30:39 [core.py:1231]     raise self._exception
(EngineCore_DP6 pid=337466) ERROR 07-27 19:30:39 [core.py:1231]   File "/home/l00838859/cann/my-project/vllm/vllm/v1/executor/multiproc_executor.py", line 95, in _wait_for_response
(EngineCore_DP6 pid=337466) ERROR 07-27 19:30:39 [core.py:1231]     response = self.aggregate(self.get_response())
(EngineCore_DP6 pid=337466) ERROR 07-27 19:30:39 [core.py:1231]                               ^^^^^^^^^^^^^^^^^^^
(EngineCore_DP6 pid=337466) ERROR 07-27 19:30:39 [core.py:1231]   File "/home/l00838859/cann/my-project/vllm/vllm/v1/executor/multiproc_executor.py", line 394, in get_response
(EngineCore_DP6 pid=337466) ERROR 07-27 19:30:39 [core.py:1231]     raise RuntimeError(
(EngineCore_DP6 pid=337466) ERROR 07-27 19:30:39 [core.py:1231] RuntimeError: Worker failed with error 'NPUModelRunner init failed, error is NPUModelRunner failed, error is copy_between_host_and_device_opapi:../torch_npu/csrc/aten/ops/op_api/CopyKernelOpApi.cpp:55 NPU function error: aclrtMemcpy, error code is 107030
(EngineCore_DP6 pid=337466) ERROR 07-27 19:30:39 [core.py:1231] [ERROR] 2026-07-27-19:30:38 (PID:337901, Device:12, RankID:-1) ERR00100 PTA call acl api failed.
(EngineCore_DP6 pid=337466) ERROR 07-27 19:30:39 [core.py:1231] [PID: 337901] 2026-07-27-19:30:21.745.696 Communication_Error_Bind_IP_Port(EI0019): Failed to enable listening for the host network adapter socket. Reason: The IP address 10.10.1.44 and port 65536 have already been bound.
(EngineCore_DP6 pid=337466) ERROR 07-27 19:30:39 [core.py:1231]         Solution: 1. Check whether this port has been occupied by another process. If yes, you can make adjustment using the environment variable HCCL_IF_BASE_PORT and use sysctl -w net.ipv4.ip_local_reserved_ports=****-**** to adjust the scope of reserved ports. 2. Check whether the service process is started multiple times on a device during this service.
(EngineCore_DP6 pid=337466) ERROR 07-27 19:30:39 [core.py:1231]         TraceBack (most recent call last):
(EngineCore_DP6 pid=337466) ERROR 07-27 19:30:39 [core.py:1231]         Not allow to synchronize captured-stream, stream_id=32.[FUNC:StreamSynchronize][FILE:api_error.cc][LINE:1016]
(EngineCore_DP6 pid=337466) ERROR 07-27 19:30:39 [core.py:1231]         rtStreamSynchronize execution failed, reason=stream is captured[FUNC:FuncErrorReason][FILE:error_message_manage.cc][LINE:65]
(EngineCore_DP6 pid=337466) ERROR 07-27 19:30:39 [core.py:1231]         synchronize stream failed, runtime result = 107027[FUNC:ReportCallError][FILE:log_inner.cpp][LINE:148]
(EngineCore_DP6 pid=337466) ERROR 07-27 19:30:39 [core.py:1231]         rtMemcpy execution failed, reason=the current capture mode does not support this operation[FUNC:FuncErrorReason][FILE:error_message_manage.cc][LINE:65]
(EngineCore_DP6 pid=337466) ERROR 07-27 19:30:39 [core.py:1231]         synchronized memcpy failed, kind = 1, runtime result = 107030[FUNC:ReportCallError][FILE:log_inner.cpp][LINE:148]
(EngineCore_DP6 pid=337466) ERROR 07-27 19:30:39 [core.py:1231] ', please check the stack trace above for the root cause
(Worker_DP5_TP0_EP10 pid=337899) ERROR 07-27 19:30:39 [multiproc_executor.py:1007] WorkerProc hit an exception.
(Worker_DP5_TP0_EP10 pid=337899) ERROR 07-27 19:30:39 [multiproc_executor.py:1007] Traceback (most recent call last):
(Worker_DP5_TP0_EP10 pid=337899) ERROR 07-27 19:30:39 [multiproc_executor.py:1007]   File "/home/l00838859/cann/my-project/vllm-ascend/vllm_ascend/worker/model_runner_v1.py", line 5242, in _replace_gpu_model_runner_function_wrapper
(Worker_DP5_TP0_EP10 pid=337899) ERROR 07-27 19:30:39 [multiproc_executor.py:1007]     yield
(Worker_DP5_TP0_EP10 pid=337899) ERROR 07-27 19:30:39 [multiproc_executor.py:1007]   File "/home/l00838859/cann/my-project/vllm-ascend/vllm_ascend/worker/model_runner_v1.py", line 5102, in capture_model
(Worker_DP5_TP0_EP10 pid=337899) ERROR 07-27 19:30:39 [multiproc_executor.py:1007]     cuda_graph_size = GPUModelRunner.capture_model(self)
(Worker_DP5_TP0_EP10 pid=337899) ERROR 07-27 19:30:39 [multiproc_executor.py:1007]                       ^^^^^^^^^^^^^^^^^^^^^^^^^^^^^^^^^^
(Worker_DP5_TP0_EP10 pid=337899) ERROR 07-27 19:30:39 [multiproc_executor.py:1007]   File "/home/l00838859/cann/my-project/vllm/vllm/tracing/otel.py", line 178, in sync_wrapper
(Worker_DP5_TP0_EP10 pid=337899) ERROR 07-27 19:30:39 [multiproc_executor.py:1007]     return func(*args, **kwargs)
(Worker_DP5_TP0_EP10 pid=337899) ERROR 07-27 19:30:39 [multiproc_executor.py:1007]            ^^^^^^^^^^^^^^^^^^^^^
(Worker_DP5_TP0_EP10 pid=337899) ERROR 07-27 19:30:39 [multiproc_executor.py:1007]   File "/home/l00838859/cann/my-project/vllm/vllm/v1/worker/gpu_model_runner.py", line 6712, in capture_model
(Worker_DP5_TP0_EP10 pid=337899) ERROR 07-27 19:30:39 [multiproc_executor.py:1007]     self._capture_cudagraphs(
(Worker_DP5_TP0_EP10 pid=337899) ERROR 07-27 19:30:39 [multiproc_executor.py:1007]   File "/home/l00838859/cann/my-project/vllm/vllm/v1/worker/gpu_model_runner.py", line 6828, in _capture_cudagraphs
(Worker_DP5_TP0_EP10 pid=337899) ERROR 07-27 19:30:39 [multiproc_executor.py:1007]     self._warmup_and_capture(
(Worker_DP5_TP0_EP10 pid=337899) ERROR 07-27 19:30:39 [multiproc_executor.py:1007]   File "/home/l00838859/cann/my-project/vllm/vllm/v1/worker/gpu_model_runner.py", line 6774, in _warmup_and_capture
(Worker_DP5_TP0_EP10 pid=337899) ERROR 07-27 19:30:39 [multiproc_executor.py:1007]     self._dummy_run(
(Worker_DP5_TP0_EP10 pid=337899) ERROR 07-27 19:30:39 [multiproc_executor.py:1007]   File "/usr/local/lib/python3.11/site-packages/torch/utils/_contextlib.py", line 124, in decorate_context
(Worker_DP5_TP0_EP10 pid=337899) ERROR 07-27 19:30:39 [multiproc_executor.py:1007]     return func(*args, **kwargs)
(Worker_DP5_TP0_EP10 pid=337899) ERROR 07-27 19:30:39 [multiproc_executor.py:1007]            ^^^^^^^^^^^^^^^^^^^^^
(Worker_DP5_TP0_EP10 pid=337899) ERROR 07-27 19:30:39 [multiproc_executor.py:1007]   File "/home/l00838859/cann/my-project/vllm-ascend/vllm_ascend/worker/model_runner_v1.py", line 3712, in _dummy_run
(Worker_DP5_TP0_EP10 pid=337899) ERROR 07-27 19:30:39 [multiproc_executor.py:1007]     self.drafter.dummy_run(
(Worker_DP5_TP0_EP10 pid=337899) ERROR 07-27 19:30:39 [multiproc_executor.py:1007]   File "/usr/local/lib/python3.11/site-packages/torch/utils/_contextlib.py", line 124, in decorate_context
(Worker_DP5_TP0_EP10 pid=337899) ERROR 07-27 19:30:39 [multiproc_executor.py:1007]     return func(*args, **kwargs)
(Worker_DP5_TP0_EP10 pid=337899) ERROR 07-27 19:30:39 [multiproc_executor.py:1007]            ^^^^^^^^^^^^^^^^^^^^^
(Worker_DP5_TP0_EP10 pid=337899) ERROR 07-27 19:30:39 [multiproc_executor.py:1007]   File "/home/l00838859/cann/my-project/vllm-ascend/vllm_ascend/spec_decode/llm_base_proposer.py", line 727, in dummy_run
(Worker_DP5_TP0_EP10 pid=337899) ERROR 07-27 19:30:39 [multiproc_executor.py:1007]     self._runnable(
(Worker_DP5_TP0_EP10 pid=337899) ERROR 07-27 19:30:39 [multiproc_executor.py:1007]   File "/home/l00838859/cann/my-project/vllm-ascend/vllm_ascend/compilation/acl_graph.py", line 205, in __call__
(Worker_DP5_TP0_EP10 pid=337899) ERROR 07-27 19:30:39 [multiproc_executor.py:1007]     output = self.runnable(*args, **kwargs)
(Worker_DP5_TP0_EP10 pid=337899) ERROR 07-27 19:30:39 [multiproc_executor.py:1007]              ^^^^^^^^^^^^^^^^^^^^^^^^^^^^^^
(Worker_DP5_TP0_EP10 pid=337899) ERROR 07-27 19:30:39 [multiproc_executor.py:1007]   File "/home/l00838859/cann/my-project/vllm-ascend/vllm_ascend/spec_decode/llm_base_proposer.py", line 1209, in _run_merged_draft
(Worker_DP5_TP0_EP10 pid=337899) ERROR 07-27 19:30:39 [multiproc_executor.py:1007]     else dummy_compute_logits(sample_hidden_states)
(Worker_DP5_TP0_EP10 pid=337899) ERROR 07-27 19:30:39 [multiproc_executor.py:1007]          ^^^^^^^^^^^^^^^^^^^^^^^^^^^^^^^^^^^^^^^^^^
(Worker_DP5_TP0_EP10 pid=337899) ERROR 07-27 19:30:39 [multiproc_executor.py:1007]   File "/home/l00838859/cann/my-project/vllm-ascend/vllm_ascend/worker/model_runner_v1.py", line 3685, in dummy_drafter_compute_logits
(Worker_DP5_TP0_EP10 pid=337899) ERROR 07-27 19:30:39 [multiproc_executor.py:1007]     hidden_states = hidden_states[dummy_indices]
(Worker_DP5_TP0_EP10 pid=337899) ERROR 07-27 19:30:39 [multiproc_executor.py:1007]                     ~~~~~~~~~~~~~^^^^^^^^^^^^^^^
(Worker_DP5_TP0_EP10 pid=337899) ERROR 07-27 19:30:39 [multiproc_executor.py:1007] RuntimeError: copy_between_host_and_device_opapi:../torch_npu/csrc/aten/ops/op_api/CopyKernelOpApi.cpp:55 NPU function error: aclrtMemcpy, error code is 107030
(Worker_DP5_TP0_EP10 pid=337899) ERROR 07-27 19:30:39 [multiproc_executor.py:1007] [ERROR] 2026-07-27-19:30:38 (PID:337899, Device:10, RankID:-1) ERR00100 PTA call acl api failed.
(Worker_DP5_TP0_EP10 pid=337899) ERROR 07-27 19:30:39 [multiproc_executor.py:1007] EE9999: Inner Error!
(Worker_DP5_TP0_EP10 pid=337899) ERROR 07-27 19:30:39 [multiproc_executor.py:1007] EE9999[PID: 337899] 2026-07-27-19:30:38.518.933 (EE9999):  Not allow to synchronize captured-stream, stream_id=32.[FUNC:StreamSynchronize][FILE:api_error.cc][LINE:1016]
(Worker_DP5_TP0_EP10 pid=337899) ERROR 07-27 19:30:39 [multiproc_executor.py:1007]         TraceBack (most recent call last):
(Worker_DP5_TP0_EP10 pid=337899) ERROR 07-27 19:30:39 [multiproc_executor.py:1007]        rtStreamSynchronize execution failed, reason=stream is captured[FUNC:FuncErrorReason][FILE:error_message_manage.cc][LINE:65]
(Worker_DP5_TP0_EP10 pid=337899) ERROR 07-27 19:30:39 [multiproc_executor.py:1007]        synchronize stream failed, runtime result = 107027[FUNC:ReportCallError][FILE:log_inner.cpp][LINE:148]
(Worker_DP5_TP0_EP10 pid=337899) ERROR 07-27 19:30:39 [multiproc_executor.py:1007]        rtMemcpy execution failed, reason=the current capture mode does not support this operation[FUNC:FuncErrorReason][FILE:error_message_manage.cc][LINE:65]
(Worker_DP5_TP0_EP10 pid=337899) ERROR 07-27 19:30:39 [multiproc_executor.py:1007]        synchronized memcpy failed, kind = 1, runtime result = 107030[FUNC:ReportCallError][FILE:log_inner.cpp][LINE:148]
(Worker_DP5_TP0_EP10 pid=337899) ERROR 07-27 19:30:39 [multiproc_executor.py:1007] 
(Worker_DP5_TP0_EP10 pid=337899) ERROR 07-27 19:30:39 [multiproc_executor.py:1007] 
(Worker_DP5_TP0_EP10 pid=337899) ERROR 07-27 19:30:39 [multiproc_executor.py:1007] During handling of the above exception, another exception occurred:
(Worker_DP5_TP0_EP10 pid=337899) ERROR 07-27 19:30:39 [multiproc_executor.py:1007] 
(Worker_DP5_TP0_EP10 pid=337899) ERROR 07-27 19:30:39 [multiproc_executor.py:1007] Traceback (most recent call last):
(Worker_DP5_TP0_EP10 pid=337899) ERROR 07-27 19:30:39 [multiproc_executor.py:1007]   File "/home/l00838859/cann/my-project/vllm-ascend/vllm_ascend/worker/model_runner_v1.py", line 5198, in _torch_cuda_wrapper
(Worker_DP5_TP0_EP10 pid=337899) ERROR 07-27 19:30:39 [multiproc_executor.py:1007]     yield
(Worker_DP5_TP0_EP10 pid=337899) ERROR 07-27 19:30:39 [multiproc_executor.py:1007]   File "/home/l00838859/cann/my-project/vllm-ascend/vllm_ascend/worker/model_runner_v1.py", line 5101, in capture_model
(Worker_DP5_TP0_EP10 pid=337899) ERROR 07-27 19:30:39 [multiproc_executor.py:1007]     with _torch_cuda_wrapper(), _replace_gpu_model_runner_function_wrapper(parent_module_name):
(Worker_DP5_TP0_EP10 pid=337899) ERROR 07-27 19:30:39 [multiproc_executor.py:1007]   File "/usr/local/lib/python3.11/contextlib.py", line 158, in __exit__
(Worker_DP5_TP0_EP10 pid=337899) ERROR 07-27 19:30:39 [multiproc_executor.py:1007]     self.gen.throw(typ, value, traceback)
(Worker_DP5_TP0_EP10 pid=337899) ERROR 07-27 19:30:39 [multiproc_executor.py:1007]   File "/home/l00838859/cann/my-project/vllm-ascend/vllm_ascend/worker/model_runner_v1.py", line 5244, in _replace_gpu_model_runner_function_wrapper
(Worker_DP5_TP0_EP10 pid=337899) ERROR 07-27 19:30:39 [multiproc_executor.py:1007]     raise RuntimeError(f"NPUModelRunner failed, error is {e}")
(Worker_DP5_TP0_EP10 pid=337899) ERROR 07-27 19:30:39 [multiproc_executor.py:1007] RuntimeError: NPUModelRunner failed, error is copy_between_host_and_device_opapi:../torch_npu/csrc/aten/ops/op_api/CopyKernelOpApi.cpp:55 NPU function error: aclrtMemcpy, error code is 107030
(Worker_DP5_TP0_EP10 pid=337899) ERROR 07-27 19:30:39 [multiproc_executor.py:1007] [ERROR] 2026-07-27-19:30:38 (PID:337899, Device:10, RankID:-1) ERR00100 PTA call acl api failed.
(Worker_DP5_TP0_EP10 pid=337899) ERROR 07-27 19:30:39 [multiproc_executor.py:1007] EE9999: Inner Error!
(Worker_DP5_TP0_EP10 pid=337899) ERROR 07-27 19:30:39 [multiproc_executor.py:1007] EE9999[PID: 337899] 2026-07-27-19:30:38.518.933 (EE9999):  Not allow to synchronize captured-stream, stream_id=32.[FUNC:StreamSynchronize][FILE:api_error.cc][LINE:1016]
(Worker_DP5_TP0_EP10 pid=337899) ERROR 07-27 19:30:39 [multiproc_executor.py:1007]         TraceBack (most recent call last):
(Worker_DP5_TP0_EP10 pid=337899) ERROR 07-27 19:30:39 [multiproc_executor.py:1007]        rtStreamSynchronize execution failed, reason=stream is captured[FUNC:FuncErrorReason][FILE:error_message_manage.cc][LINE:65]
(Worker_DP5_TP0_EP10 pid=337899) ERROR 07-27 19:30:39 [multiproc_executor.py:1007]        synchronize stream failed, runtime result = 107027[FUNC:ReportCallError][FILE:log_inner.cpp][LINE:148]
(Worker_DP5_TP0_EP10 pid=337899) ERROR 07-27 19:30:39 [multiproc_executor.py:1007]        rtMemcpy execution failed, reason=the current capture mode does not support this operation[FUNC:FuncErrorReason][FILE:error_message_manage.cc][LINE:65]
(Worker_DP5_TP0_EP10 pid=337899) ERROR 07-27 19:30:39 [multiproc_executor.py:1007]        synchronized memcpy failed, kind = 1, runtime result = 107030[FUNC:ReportCallError][FILE:log_inner.cpp][LINE:148]
(Worker_DP5_TP0_EP10 pid=337899) ERROR 07-27 19:30:39 [multiproc_executor.py:1007] 
(Worker_DP5_TP0_EP10 pid=337899) ERROR 07-27 19:30:39 [multiproc_executor.py:1007] 
(Worker_DP5_TP0_EP10 pid=337899) ERROR 07-27 19:30:39 [multiproc_executor.py:1007] During handling of the above exception, another exception occurred:
(Worker_DP5_TP0_EP10 pid=337899) ERROR 07-27 19:30:39 [multiproc_executor.py:1007] 
(Worker_DP5_TP0_EP10 pid=337899) ERROR 07-27 19:30:39 [multiproc_executor.py:1007] Traceback (most recent call last):
(Worker_DP5_TP0_EP10 pid=337899) ERROR 07-27 19:30:39 [multiproc_executor.py:1007]   File "/home/l00838859/cann/my-project/vllm/vllm/v1/executor/multiproc_executor.py", line 999, in worker_busy_loop
(Worker_DP5_TP0_EP10 pid=337899) ERROR 07-27 19:30:39 [multiproc_executor.py:1007]     output = func(*args, **kwargs)
(Worker_DP5_TP0_EP10 pid=337899) ERROR 07-27 19:30:39 [multiproc_executor.py:1007]              ^^^^^^^^^^^^^^^^^^^^^
(Worker_DP5_TP0_EP10 pid=337899) ERROR 07-27 19:30:39 [multiproc_executor.py:1007]   File "/home/l00838859/cann/my-project/vllm-ascend/vllm_ascend/worker/worker.py", line 770, in compile_or_warm_up_model
(Worker_DP5_TP0_EP10 pid=337899) ERROR 07-27 19:30:39 [multiproc_executor.py:1007]     npugraph_memory_bytes = self.model_runner.capture_model()
(Worker_DP5_TP0_EP10 pid=337899) ERROR 07-27 19:30:39 [multiproc_executor.py:1007]                             ^^^^^^^^^^^^^^^^^^^^^^^^^^^^^^^^^
(Worker_DP5_TP0_EP10 pid=337899) ERROR 07-27 19:30:39 [multiproc_executor.py:1007]   File "/home/l00838859/cann/my-project/vllm-ascend/vllm_ascend/worker/model_runner_v1.py", line 5101, in capture_model
(Worker_DP5_TP0_EP10 pid=337899) ERROR 07-27 19:30:39 [multiproc_executor.py:1007]     with _torch_cuda_wrapper(), _replace_gpu_model_runner_function_wrapper(parent_module_name):
(Worker_DP5_TP0_EP10 pid=337899) ERROR 07-27 19:30:39 [multiproc_executor.py:1007]   File "/usr/local/lib/python3.11/contextlib.py", line 158, in __exit__
(Worker_DP5_TP0_EP10 pid=337899) ERROR 07-27 19:30:39 [multiproc_executor.py:1007]     self.gen.throw(typ, value, traceback)
(Worker_DP5_TP0_EP10 pid=337899) ERROR 07-27 19:30:39 [multiproc_executor.py:1007]   File "/home/l00838859/cann/my-project/vllm-ascend/vllm_ascend/worker/model_runner_v1.py", line 5208, in _torch_cuda_wrapper
(Worker_DP5_TP0_EP10 pid=337899) ERROR 07-27 19:30:39 [multiproc_executor.py:1007]     raise RuntimeError(f"NPUModelRunner init failed, error is {e}")
(Worker_DP5_TP0_EP10 pid=337899) ERROR 07-27 19:30:39 [multiproc_executor.py:1007] RuntimeError: NPUModelRunner init failed, error is NPUModelRunner failed, error is copy_between_host_and_device_opapi:../torch_npu/csrc/aten/ops/op_api/CopyKernelOpApi.cpp:55 NPU function error: aclrtMemcpy, error code is 107030
(Worker_DP5_TP0_EP10 pid=337899) ERROR 07-27 19:30:39 [multiproc_executor.py:1007] [ERROR] 2026-07-27-19:30:38 (PID:337899, Device:10, RankID:-1) ERR00100 PTA call acl api failed.
(Worker_DP5_TP0_EP10 pid=337899) ERROR 07-27 19:30:39 [multiproc_executor.py:1007] EE9999: Inner Error!
(Worker_DP5_TP0_EP10 pid=337899) ERROR 07-27 19:30:39 [multiproc_executor.py:1007] EE9999[PID: 337899] 2026-07-27-19:30:38.518.933 (EE9999):  Not allow to synchronize captured-stream, stream_id=32.[FUNC:StreamSynchronize][FILE:api_error.cc][LINE:1016]
(Worker_DP5_TP0_EP10 pid=337899) ERROR 07-27 19:30:39 [multiproc_executor.py:1007]         TraceBack (most recent call last):
(Worker_DP5_TP0_EP10 pid=337899) ERROR 07-27 19:30:39 [multiproc_executor.py:1007]        rtStreamSynchronize execution failed, reason=stream is captured[FUNC:FuncErrorReason][FILE:error_message_manage.cc][LINE:65]
(Worker_DP5_TP0_EP10 pid=337899) ERROR 07-27 19:30:39 [multiproc_executor.py:1007]        synchronize stream failed, runtime result = 107027[FUNC:ReportCallError][FILE:log_inner.cpp][LINE:148]
(Worker_DP5_TP0_EP10 pid=337899) ERROR 07-27 19:30:39 [multiproc_executor.py:1007]        rtMemcpy execution failed, reason=the current capture mode does not support this operation[FUNC:FuncErrorReason][FILE:error_message_manage.cc][LINE:65]
(Worker_DP5_TP0_EP10 pid=337899) ERROR 07-27 19:30:39 [multiproc_executor.py:1007]        synchronized memcpy failed, kind = 1, runtime result = 107030[FUNC:ReportCallError][FILE:log_inner.cpp][LINE:148]
(Worker_DP5_TP0_EP10 pid=337899) ERROR 07-27 19:30:39 [multiproc_executor.py:1007] 
(Worker_DP5_TP0_EP10 pid=337899) ERROR 07-27 19:30:39 [multiproc_executor.py:1007] Traceback (most recent call last):
(Worker_DP5_TP0_EP10 pid=337899) ERROR 07-27 19:30:39 [multiproc_executor.py:1007]   File "/home/l00838859/cann/my-project/vllm-ascend/vllm_ascend/worker/model_runner_v1.py", line 5242, in _replace_gpu_model_runner_function_wrapper
(Worker_DP5_TP0_EP10 pid=337899) ERROR 07-27 19:30:39 [multiproc_executor.py:1007]     yield
(Worker_DP5_TP0_EP10 pid=337899) ERROR 07-27 19:30:39 [multiproc_executor.py:1007]   File "/home/l00838859/cann/my-project/vllm-ascend/vllm_ascend/worker/model_runner_v1.py", line 5102, in capture_model
(Worker_DP5_TP0_EP10 pid=337899) ERROR 07-27 19:30:39 [multiproc_executor.py:1007]     cuda_graph_size = GPUModelRunner.capture_model(self)
(Worker_DP5_TP0_EP10 pid=337899) ERROR 07-27 19:30:39 [multiproc_executor.py:1007]                       ^^^^^^^^^^^^^^^^^^^^^^^^^^^^^^^^^^
(Worker_DP5_TP0_EP10 pid=337899) ERROR 07-27 19:30:39 [multiproc_executor.py:1007]   File "/home/l00838859/cann/my-project/vllm/vllm/tracing/otel.py", line 178, in sync_wrapper
(Worker_DP5_TP0_EP10 pid=337899) ERROR 07-27 19:30:39 [multiproc_executor.py:1007]     return func(*args, **kwargs)
(Worker_DP5_TP0_EP10 pid=337899) ERROR 07-27 19:30:39 [multiproc_executor.py:1007]            ^^^^^^^^^^^^^^^^^^^^^
(Worker_DP5_TP0_EP10 pid=337899) ERROR 07-27 19:30:39 [multiproc_executor.py:1007]   File "/home/l00838859/cann/my-project/vllm/vllm/v1/worker/gpu_model_runner.py", line 6712, in capture_model
(Worker_DP5_TP0_EP10 pid=337899) ERROR 07-27 19:30:39 [multiproc_executor.py:1007]     self._capture_cudagraphs(
(Worker_DP5_TP0_EP10 pid=337899) ERROR 07-27 19:30:39 [multiproc_executor.py:1007]   File "/home/l00838859/cann/my-project/vllm/vllm/v1/worker/gpu_model_runner.py", line 6828, in _capture_cudagraphs
(Worker_DP5_TP0_EP10 pid=337899) ERROR 07-27 19:30:39 [multiproc_executor.py:1007]     self._warmup_and_capture(
(Worker_DP5_TP0_EP10 pid=337899) ERROR 07-27 19:30:39 [multiproc_executor.py:1007]   File "/home/l00838859/cann/my-project/vllm/vllm/v1/worker/gpu_model_runner.py", line 6774, in _warmup_and_capture
(Worker_DP5_TP0_EP10 pid=337899) ERROR 07-27 19:30:39 [multiproc_executor.py:1007]     self._dummy_run(
(Worker_DP5_TP0_EP10 pid=337899) ERROR 07-27 19:30:39 [multiproc_executor.py:1007]   File "/usr/local/lib/python3.11/site-packages/torch/utils/_contextlib.py", line 124, in decorate_context
(Worker_DP5_TP0_EP10 pid=337899) ERROR 07-27 19:30:39 [multiproc_executor.py:1007]     return func(*args, **kwargs)
(Worker_DP5_TP0_EP10 pid=337899) ERROR 07-27 19:30:39 [multiproc_executor.py:1007]            ^^^^^^^^^^^^^^^^^^^^^
(Worker_DP5_TP0_EP10 pid=337899) ERROR 07-27 19:30:39 [multiproc_executor.py:1007]   File "/home/l00838859/cann/my-project/vllm-ascend/vllm_ascend/worker/model_runner_v1.py", line 3712, in _dummy_run
(Worker_DP5_TP0_EP10 pid=337899) ERROR 07-27 19:30:39 [multiproc_executor.py:1007]     self.drafter.dummy_run(
(Worker_DP5_TP0_EP10 pid=337899) ERROR 07-27 19:30:39 [multiproc_executor.py:1007]   File "/usr/local/lib/python3.11/site-packages/torch/utils/_contextlib.py", line 124, in decorate_context
(Worker_DP5_TP0_EP10 pid=337899) ERROR 07-27 19:30:39 [multiproc_executor.py:1007]     return func(*args, **kwargs)
(Worker_DP5_TP0_EP10 pid=337899) ERROR 07-27 19:30:39 [multiproc_executor.py:1007]            ^^^^^^^^^^^^^^^^^^^^^
(Worker_DP5_TP0_EP10 pid=337899) ERROR 07-27 19:30:39 [multiproc_executor.py:1007]   File "/home/l00838859/cann/my-project/vllm-ascend/vllm_ascend/spec_decode/llm_base_proposer.py", line 727, in dummy_run
(Worker_DP5_TP0_EP10 pid=337899) ERROR 07-27 19:30:39 [multiproc_executor.py:1007]     self._runnable(
(Worker_DP5_TP0_EP10 pid=337899) ERROR 07-27 19:30:39 [multiproc_executor.py:1007]   File "/home/l00838859/cann/my-project/vllm-ascend/vllm_ascend/compilation/acl_graph.py", line 205, in __call__
(Worker_DP5_TP0_EP10 pid=337899) ERROR 07-27 19:30:39 [multiproc_executor.py:1007]     output = self.runnable(*args, **kwargs)
(Worker_DP5_TP0_EP10 pid=337899) ERROR 07-27 19:30:39 [multiproc_executor.py:1007]              ^^^^^^^^^^^^^^^^^^^^^^^^^^^^^^
(Worker_DP5_TP0_EP10 pid=337899) ERROR 07-27 19:30:39 [multiproc_executor.py:1007]   File "/home/l00838859/cann/my-project/vllm-ascend/vllm_ascend/spec_decode/llm_base_proposer.py", line 1209, in _run_merged_draft
(Worker_DP5_TP0_EP10 pid=337899) ERROR 07-27 19:30:39 [multiproc_executor.py:1007]     else dummy_compute_logits(sample_hidden_states)
(Worker_DP5_TP0_EP10 pid=337899) ERROR 07-27 19:30:39 [multiproc_executor.py:1007]          ^^^^^^^^^^^^^^^^^^^^^^^^^^^^^^^^^^^^^^^^^^
(Worker_DP5_TP0_EP10 pid=337899) ERROR 07-27 19:30:39 [multiproc_executor.py:1007]   File "/home/l00838859/cann/my-project/vllm-ascend/vllm_ascend/worker/model_runner_v1.py", line 3685, in dummy_drafter_compute_logits
(Worker_DP5_TP0_EP10 pid=337899) ERROR 07-27 19:30:39 [multiproc_executor.py:1007]     hidden_states = hidden_states[dummy_indices]
(Worker_DP5_TP0_EP10 pid=337899) ERROR 07-27 19:30:39 [multiproc_executor.py:1007]                     ~~~~~~~~~~~~~^^^^^^^^^^^^^^^
(Worker_DP5_TP0_EP10 pid=337899) ERROR 07-27 19:30:39 [multiproc_executor.py:1007] RuntimeError: copy_between_host_and_device_opapi:../torch_npu/csrc/aten/ops/op_api/CopyKernelOpApi.cpp:55 NPU function error: aclrtMemcpy, error code is 107030
(Worker_DP5_TP0_EP10 pid=337899) ERROR 07-27 19:30:39 [multiproc_executor.py:1007] [ERROR] 2026-07-27-19:30:38 (PID:337899, Device:10, RankID:-1) ERR00100 PTA call acl api failed.
(Worker_DP5_TP0_EP10 pid=337899) ERROR 07-27 19:30:39 [multiproc_executor.py:1007] EE9999: Inner Error!
(Worker_DP5_TP0_EP10 pid=337899) ERROR 07-27 19:30:39 [multiproc_executor.py:1007] EE9999[PID: 337899] 2026-07-27-19:30:38.518.933 (EE9999):  Not allow to synchronize captured-stream, stream_id=32.[FUNC:StreamSynchronize][FILE:api_error.cc][LINE:1016]
(Worker_DP5_TP0_EP10 pid=337899) ERROR 07-27 19:30:39 [multiproc_executor.py:1007]         TraceBack (most recent call last):
(Worker_DP5_TP0_EP10 pid=337899) ERROR 07-27 19:30:39 [multiproc_executor.py:1007]        rtStreamSynchronize execution failed, reason=stream is captured[FUNC:FuncErrorReason][FILE:error_message_manage.cc][LINE:65]
(Worker_DP5_TP0_EP10 pid=337899) ERROR 07-27 19:30:39 [multiproc_executor.py:1007]        synchronize stream failed, runtime result = 107027[FUNC:ReportCallError][FILE:log_inner.cpp][LINE:148]
(Worker_DP5_TP0_EP10 pid=337899) ERROR 07-27 19:30:39 [multiproc_executor.py:1007]        rtMemcpy execution failed, reason=the current capture mode does not support this operation[FUNC:FuncErrorReason][FILE:error_message_manage.cc][LINE:65]
(Worker_DP5_TP0_EP10 pid=337899) ERROR 07-27 19:30:39 [multiproc_executor.py:1007]        synchronized memcpy failed, kind = 1, runtime result = 107030[FUNC:ReportCallError][FILE:log_inner.cpp][LINE:148]
(Worker_DP5_TP0_EP10 pid=337899) ERROR 07-27 19:30:39 [multiproc_executor.py:1007] 
(Worker_DP5_TP0_EP10 pid=337899) ERROR 07-27 19:30:39 [multiproc_executor.py:1007] 
(Worker_DP5_TP0_EP10 pid=337899) ERROR 07-27 19:30:39 [multiproc_executor.py:1007] During handling of the above exception, another exception occurred:
(Worker_DP5_TP0_EP10 pid=337899) ERROR 07-27 19:30:39 [multiproc_executor.py:1007] 
(Worker_DP5_TP0_EP10 pid=337899) ERROR 07-27 19:30:39 [multiproc_executor.py:1007] Traceback (most recent call last):
(Worker_DP5_TP0_EP10 pid=337899) ERROR 07-27 19:30:39 [multiproc_executor.py:1007]   File "/home/l00838859/cann/my-project/vllm-ascend/vllm_ascend/worker/model_runner_v1.py", line 5198, in _torch_cuda_wrapper
(Worker_DP5_TP0_EP10 pid=337899) ERROR 07-27 19:30:39 [multiproc_executor.py:1007]     yield
(Worker_DP5_TP0_EP10 pid=337899) ERROR 07-27 19:30:39 [multiproc_executor.py:1007]   File "/home/l00838859/cann/my-project/vllm-ascend/vllm_ascend/worker/model_runner_v1.py", line 5101, in capture_model
(Worker_DP5_TP0_EP10 pid=337899) ERROR 07-27 19:30:39 [multiproc_executor.py:1007]     with _torch_cuda_wrapper(), _replace_gpu_model_runner_function_wrapper(parent_module_name):
(Worker_DP5_TP0_EP10 pid=337899) ERROR 07-27 19:30:39 [multiproc_executor.py:1007]   File "/usr/local/lib/python3.11/contextlib.py", line 158, in __exit__
(Worker_DP5_TP0_EP10 pid=337899) ERROR 07-27 19:30:39 [multiproc_executor.py:1007]     self.gen.throw(typ, value, traceback)
(Worker_DP5_TP0_EP10 pid=337899) ERROR 07-27 19:30:39 [multiproc_executor.py:1007]   File "/home/l00838859/cann/my-project/vllm-ascend/vllm_ascend/worker/model_runner_v1.py", line 5244, in _replace_gpu_model_runner_function_wrapper
(Worker_DP5_TP0_EP10 pid=337899) ERROR 07-27 19:30:39 [multiproc_executor.py:1007]     raise RuntimeError(f"NPUModelRunner failed, error is {e}")
(Worker_DP5_TP0_EP10 pid=337899) ERROR 07-27 19:30:39 [multiproc_executor.py:1007] RuntimeError: NPUModelRunner failed, error is copy_between_host_and_device_opapi:../torch_npu/csrc/aten/ops/op_api/CopyKernelOpApi.cpp:55 NPU function error: aclrtMemcpy, error code is 107030
(Worker_DP5_TP0_EP10 pid=337899) ERROR 07-27 19:30:39 [multiproc_executor.py:1007] [ERROR] 2026-07-27-19:30:38 (PID:337899, Device:10, RankID:-1) ERR00100 PTA call acl api failed.
(Worker_DP5_TP0_EP10 pid=337899) ERROR 07-27 19:30:39 [multiproc_executor.py:1007] EE9999: Inner Error!
(Worker_DP5_TP0_EP10 pid=337899) ERROR 07-27 19:30:39 [multiproc_executor.py:1007] EE9999[PID: 337899] 2026-07-27-19:30:38.518.933 (EE9999):  Not allow to synchronize captured-stream, stream_id=32.[FUNC:StreamSynchronize][FILE:api_error.cc][LINE:1016]
(Worker_DP5_TP0_EP10 pid=337899) ERROR 07-27 19:30:39 [multiproc_executor.py:1007]         TraceBack (most recent call last):
(Worker_DP5_TP0_EP10 pid=337899) ERROR 07-27 19:30:39 [multiproc_executor.py:1007]        rtStreamSynchronize execution failed, reason=stream is captured[FUNC:FuncErrorReason][FILE:error_message_manage.cc][LINE:65]
(Worker_DP5_TP0_EP10 pid=337899) ERROR 07-27 19:30:39 [multiproc_executor.py:1007]        synchronize stream failed, runtime result = 107027[FUNC:ReportCallError][FILE:log_inner.cpp][LINE:148]
(Worker_DP5_TP0_EP10 pid=337899) ERROR 07-27 19:30:39 [multiproc_executor.py:1007]        rtMemcpy execution failed, reason=the current capture mode does not support this operation[FUNC:FuncErrorReason][FILE:error_message_manage.cc][LINE:65]
(Worker_DP5_TP0_EP10 pid=337899) ERROR 07-27 19:30:39 [multiproc_executor.py:1007]        synchronized memcpy failed, kind = 1, runtime result = 107030[FUNC:ReportCallError][FILE:log_inner.cpp][LINE:148]
(Worker_DP5_TP0_EP10 pid=337899) ERROR 07-27 19:30:39 [multiproc_executor.py:1007] 
(Worker_DP5_TP0_EP10 pid=337899) ERROR 07-27 19:30:39 [multiproc_executor.py:1007] 
(Worker_DP5_TP0_EP10 pid=337899) ERROR 07-27 19:30:39 [multiproc_executor.py:1007] During handling of the above exception, another exception occurred:
(Worker_DP5_TP0_EP10 pid=337899) ERROR 07-27 19:30:39 [multiproc_executor.py:1007] 
(Worker_DP5_TP0_EP10 pid=337899) ERROR 07-27 19:30:39 [multiproc_executor.py:1007] Traceback (most recent call last):
(Worker_DP5_TP0_EP10 pid=337899) ERROR 07-27 19:30:39 [multiproc_executor.py:1007]   File "/home/l00838859/cann/my-project/vllm/vllm/v1/executor/multiproc_executor.py", line 999, in worker_busy_loop
(Worker_DP5_TP0_EP10 pid=337899) ERROR 07-27 19:30:39 [multiproc_executor.py:1007]     output = func(*args, **kwargs)
(Worker_DP5_TP0_EP10 pid=337899) ERROR 07-27 19:30:39 [multiproc_executor.py:1007]              ^^^^^^^^^^^^^^^^^^^^^
(Worker_DP5_TP0_EP10 pid=337899) ERROR 07-27 19:30:39 [multiproc_executor.py:1007]   File "/home/l00838859/cann/my-project/vllm-ascend/vllm_ascend/worker/worker.py", line 770, in compile_or_warm_up_model
(Worker_DP5_TP0_EP10 pid=337899) ERROR 07-27 19:30:39 [multiproc_executor.py:1007]     npugraph_memory_bytes = self.model_runner.capture_model()
(Worker_DP5_TP0_EP10 pid=337899) ERROR 07-27 19:30:39 [multiproc_executor.py:1007]                             ^^^^^^^^^^^^^^^^^^^^^^^^^^^^^^^^^
(Worker_DP5_TP0_EP10 pid=337899) ERROR 07-27 19:30:39 [multiproc_executor.py:1007]   File "/home/l00838859/cann/my-project/vllm-ascend/vllm_ascend/worker/model_runner_v1.py", line 5101, in capture_model
(Worker_DP5_TP0_EP10 pid=337899) ERROR 07-27 19:30:39 [multiproc_executor.py:1007]     with _torch_cuda_wrapper(), _replace_gpu_model_runner_function_wrapper(parent_module_name):
(Worker_DP5_TP0_EP10 pid=337899) ERROR 07-27 19:30:39 [multiproc_executor.py:1007]   File "/usr/local/lib/python3.11/contextlib.py", line 158, in __exit__
(Worker_DP5_TP0_EP10 pid=337899) ERROR 07-27 19:30:39 [multiproc_executor.py:1007]     self.gen.throw(typ, value, traceback)
(Worker_DP5_TP0_EP10 pid=337899) ERROR 07-27 19:30:39 [multiproc_executor.py:1007]   File "/home/l00838859/cann/my-project/vllm-ascend/vllm_ascend/worker/model_runner_v1.py", line 5208, in _torch_cuda_wrapper
(Worker_DP5_TP0_EP10 pid=337899) ERROR 07-27 19:30:39 [multiproc_executor.py:1007]     raise RuntimeError(f"NPUModelRunner init failed, error is {e}")
(Worker_DP5_TP0_EP10 pid=337899) ERROR 07-27 19:30:39 [multiproc_executor.py:1007] RuntimeError: NPUModelRunner init failed, error is NPUModelRunner failed, error is copy_between_host_and_device_opapi:../torch_npu/csrc/aten/ops/op_api/CopyKernelOpApi.cpp:55 NPU function error: aclrtMemcpy, error code is 107030
(Worker_DP5_TP0_EP10 pid=337899) ERROR 07-27 19:30:39 [multiproc_executor.py:1007] [ERROR] 2026-07-27-19:30:38 (PID:337899, Device:10, RankID:-1) ERR00100 PTA call acl api failed.
(Worker_DP5_TP0_EP10 pid=337899) ERROR 07-27 19:30:39 [multiproc_executor.py:1007] EE9999: Inner Error!
(Worker_DP5_TP0_EP10 pid=337899) ERROR 07-27 19:30:39 [multiproc_executor.py:1007] EE9999[PID: 337899] 2026-07-27-19:30:38.518.933 (EE9999):  Not allow to synchronize captured-stream, stream_id=32.[FUNC:StreamSynchronize][FILE:api_error.cc][LINE:1016]
(Worker_DP5_TP0_EP10 pid=337899) ERROR 07-27 19:30:39 [multiproc_executor.py:1007]         TraceBack (most recent call last):
(Worker_DP5_TP0_EP10 pid=337899) ERROR 07-27 19:30:39 [multiproc_executor.py:1007]        rtStreamSynchronize execution failed, reason=stream is captured[FUNC:FuncErrorReason][FILE:error_message_manage.cc][LINE:65]
(Worker_DP5_TP0_EP10 pid=337899) ERROR 07-27 19:30:39 [multiproc_executor.py:1007]        synchronize stream failed, runtime result = 107027[FUNC:ReportCallError][FILE:log_inner.cpp][LINE:148]
(Worker_DP5_TP0_EP10 pid=337899) ERROR 07-27 19:30:39 [multiproc_executor.py:1007]        rtMemcpy execution failed, reason=the current capture mode does not support this operation[FUNC:FuncErrorReason][FILE:error_message_manage.cc][LINE:65]
(Worker_DP5_TP0_EP10 pid=337899) ERROR 07-27 19:30:39 [multiproc_executor.py:1007]        synchronized memcpy failed, kind = 1, runtime result = 107030[FUNC:ReportCallError][FILE:log_inner.cpp][LINE:148]
(Worker_DP5_TP0_EP10 pid=337899) ERROR 07-27 19:30:39 [multiproc_executor.py:1007] 
(Worker_DP5_TP0_EP10 pid=337899) ERROR 07-27 19:30:39 [multiproc_executor.py:1007] 
(EngineCore_DP5 pid=337465) ERROR 07-27 19:30:39 [core.py:1231] EngineCore failed to start.
(EngineCore_DP5 pid=337465) ERROR 07-27 19:30:39 [core.py:1231] Traceback (most recent call last):
(EngineCore_DP5 pid=337465) ERROR 07-27 19:30:39 [core.py:1231]   File "/home/l00838859/cann/my-project/vllm/vllm/v1/engine/core.py", line 1192, in run_engine_core
(EngineCore_DP5 pid=337465) ERROR 07-27 19:30:39 [core.py:1231]     engine_core = DPEngineCoreProc(*args, **kwargs)
(EngineCore_DP5 pid=337465) ERROR 07-27 19:30:39 [core.py:1231]                   ^^^^^^^^^^^^^^^^^^^^^^^^^^^^^^^^^
(EngineCore_DP5 pid=337465) ERROR 07-27 19:30:39 [core.py:1231]   File "/home/l00838859/cann/my-project/vllm/vllm/v1/engine/core.py", line 1786, in __init__
(EngineCore_DP5 pid=337465) ERROR 07-27 19:30:39 [core.py:1231]     super().__init__(
(EngineCore_DP5 pid=337465) ERROR 07-27 19:30:39 [core.py:1231]   File "/home/l00838859/cann/my-project/vllm/vllm/tracing/otel.py", line 178, in sync_wrapper
(EngineCore_DP5 pid=337465) ERROR 07-27 19:30:39 [core.py:1231]     return func(*args, **kwargs)
(EngineCore_DP5 pid=337465) ERROR 07-27 19:30:39 [core.py:1231]            ^^^^^^^^^^^^^^^^^^^^^
(EngineCore_DP5 pid=337465) ERROR 07-27 19:30:39 [core.py:1231]   File "/home/l00838859/cann/my-project/vllm/vllm/v1/engine/core.py", line 966, in __init__
(EngineCore_DP5 pid=337465) ERROR 07-27 19:30:39 [core.py:1231]     super().__init__(
(EngineCore_DP5 pid=337465) ERROR 07-27 19:30:39 [core.py:1231]   File "/home/l00838859/cann/my-project/vllm/vllm/v1/engine/core.py", line 133, in __init__
(EngineCore_DP5 pid=337465) ERROR 07-27 19:30:39 [core.py:1231]     kv_cache_config = self._initialize_kv_caches(vllm_config)
(EngineCore_DP5 pid=337465) ERROR 07-27 19:30:39 [core.py:1231]                       ^^^^^^^^^^^^^^^^^^^^^^^^^^^^^^^^^^^^^^^
(EngineCore_DP5 pid=337465) ERROR 07-27 19:30:39 [core.py:1231]   File "/home/l00838859/cann/my-project/vllm/vllm/tracing/otel.py", line 178, in sync_wrapper
(EngineCore_DP5 pid=337465) ERROR 07-27 19:30:39 [core.py:1231]     return func(*args, **kwargs)
(EngineCore_DP5 pid=337465) ERROR 07-27 19:30:39 [core.py:1231]            ^^^^^^^^^^^^^^^^^^^^^
(EngineCore_DP5 pid=337465) ERROR 07-27 19:30:39 [core.py:1231]   File "/home/l00838859/cann/my-project/vllm/vllm/v1/engine/core.py", line 321, in _initialize_kv_caches
(EngineCore_DP5 pid=337465) ERROR 07-27 19:30:39 [core.py:1231]     self.model_executor.initialize_from_config(kv_cache_configs)
(EngineCore_DP5 pid=337465) ERROR 07-27 19:30:39 [core.py:1231]   File "/home/l00838859/cann/my-project/vllm/vllm/v1/executor/abstract.py", line 124, in initialize_from_config
(EngineCore_DP5 pid=337465) ERROR 07-27 19:30:39 [core.py:1231]     compilation_times: list[CompilationTimes] = self.collective_rpc(
(EngineCore_DP5 pid=337465) ERROR 07-27 19:30:39 [core.py:1231]                                                 ^^^^^^^^^^^^^^^^^^^^
(EngineCore_DP5 pid=337465) ERROR 07-27 19:30:39 [core.py:1231]   File "/home/l00838859/cann/my-project/vllm/vllm/v1/executor/multiproc_executor.py", line 405, in collective_rpc
(EngineCore_DP5 pid=337465) ERROR 07-27 19:30:39 [core.py:1231]     return future if non_block else future.result()
(EngineCore_DP5 pid=337465) ERROR 07-27 19:30:39 [core.py:1231]                                     ^^^^^^^^^^^^^^^
(EngineCore_DP5 pid=337465) ERROR 07-27 19:30:39 [core.py:1231]   File "/home/l00838859/cann/my-project/vllm/vllm/v1/executor/multiproc_executor.py", line 91, in result
(EngineCore_DP5 pid=337465) ERROR 07-27 19:30:39 [core.py:1231]     return super().result()
(EngineCore_DP5 pid=337465) ERROR 07-27 19:30:39 [core.py:1231]            ^^^^^^^^^^^^^^^^
(EngineCore_DP5 pid=337465) ERROR 07-27 19:30:39 [core.py:1231]   File "/usr/local/lib/python3.11/concurrent/futures/_base.py", line 449, in result
(EngineCore_DP5 pid=337465) ERROR 07-27 19:30:39 [core.py:1231]     return self.__get_result()
(EngineCore_DP5 pid=337465) ERROR 07-27 19:30:39 [core.py:1231]            ^^^^^^^^^^^^^^^^^^^
(EngineCore_DP5 pid=337465) ERROR 07-27 19:30:39 [core.py:1231]   File "/usr/local/lib/python3.11/concurrent/futures/_base.py", line 401, in __get_result
(EngineCore_DP5 pid=337465) ERROR 07-27 19:30:39 [core.py:1231]     raise self._exception
(EngineCore_DP5 pid=337465) ERROR 07-27 19:30:39 [core.py:1231]   File "/home/l00838859/cann/my-project/vllm/vllm/v1/executor/multiproc_executor.py", line 95, in _wait_for_response
(EngineCore_DP5 pid=337465) ERROR 07-27 19:30:39 [core.py:1231]     response = self.aggregate(self.get_response())
(EngineCore_DP5 pid=337465) ERROR 07-27 19:30:39 [core.py:1231]                               ^^^^^^^^^^^^^^^^^^^
(EngineCore_DP5 pid=337465) ERROR 07-27 19:30:39 [core.py:1231]   File "/home/l00838859/cann/my-project/vllm/vllm/v1/executor/multiproc_executor.py", line 394, in get_response
(EngineCore_DP5 pid=337465) ERROR 07-27 19:30:39 [core.py:1231]     raise RuntimeError(
(EngineCore_DP5 pid=337465) ERROR 07-27 19:30:39 [core.py:1231] RuntimeError: Worker failed with error 'NPUModelRunner init failed, error is NPUModelRunner failed, error is copy_between_host_and_device_opapi:../torch_npu/csrc/aten/ops/op_api/CopyKernelOpApi.cpp:55 NPU function error: aclrtMemcpy, error code is 107030
(EngineCore_DP5 pid=337465) ERROR 07-27 19:30:39 [core.py:1231] [ERROR] 2026-07-27-19:30:38 (PID:337899, Device:10, RankID:-1) ERR00100 PTA call acl api failed.
(EngineCore_DP5 pid=337465) ERROR 07-27 19:30:39 [core.py:1231] EE9999: Inner Error!
(EngineCore_DP5 pid=337465) ERROR 07-27 19:30:39 [core.py:1231] EE9999[PID: 337899] 2026-07-27-19:30:38.518.933 (EE9999):  Not allow to synchronize captured-stream, stream_id=32.[FUNC:StreamSynchronize][FILE:api_error.cc][LINE:1016]
(EngineCore_DP5 pid=337465) ERROR 07-27 19:30:39 [core.py:1231]         TraceBack (most recent call last):
(EngineCore_DP5 pid=337465) ERROR 07-27 19:30:39 [core.py:1231]        rtStreamSynchronize execution failed, reason=stream is captured[FUNC:FuncErrorReason][FILE:error_message_manage.cc][LINE:65]
(EngineCore_DP5 pid=337465) ERROR 07-27 19:30:39 [core.py:1231]        synchronize stream failed, runtime result = 107027[FUNC:ReportCallError][FILE:log_inner.cpp][LINE:148]
(EngineCore_DP5 pid=337465) ERROR 07-27 19:30:39 [core.py:1231]        rtMemcpy execution failed, reason=the current capture mode does not support this operation[FUNC:FuncErrorReason][FILE:error_message_manage.cc][LINE:65]
(EngineCore_DP5 pid=337465) ERROR 07-27 19:30:39 [core.py:1231]        synchronized memcpy failed, kind = 1, runtime result = 107030[FUNC:ReportCallError][FILE:log_inner.cpp][LINE:148]
(EngineCore_DP5 pid=337465) ERROR 07-27 19:30:39 [core.py:1231] ', please check the stack trace above for the root cause
(EngineCore_DP2 pid=337451) ERROR 07-27 19:31:03 [multiproc_executor.py:284] Worker proc VllmWorker-1 died unexpectedly (exit code: None), shutting down executor.
(EngineCore_DP2 pid=337451) INFO 07-27 19:31:03 [multiproc_executor.py:429] [shutdown] Executor: waiting for worker exit count=1
(EngineCore_DP4 pid=337436) ERROR 07-27 19:31:03 [multiproc_executor.py:284] Worker proc VllmWorker-0 died unexpectedly (exit code: None), shutting down executor.
(EngineCore_DP4 pid=337436) INFO 07-27 19:31:03 [multiproc_executor.py:429] [shutdown] Executor: waiting for worker exit count=2
(EngineCore_DP5 pid=337465) ERROR 07-27 19:31:03 [multiproc_executor.py:284] Worker proc VllmWorker-1 died unexpectedly (exit code: None), shutting down executor.
(EngineCore_DP5 pid=337465) INFO 07-27 19:31:03 [multiproc_executor.py:429] [shutdown] Executor: waiting for worker exit count=2
(EngineCore_DP7 pid=337464) ERROR 07-27 19:31:03 [multiproc_executor.py:284] Worker proc VllmWorker-0 died unexpectedly (exit code: None), shutting down executor.
(EngineCore_DP7 pid=337464) INFO 07-27 19:31:03 [multiproc_executor.py:429] [shutdown] Executor: waiting for worker exit count=2
(EngineCore_DP1 pid=337444) ERROR 07-27 19:31:04 [multiproc_executor.py:284] Worker proc VllmWorker-0 died unexpectedly (exit code: None), shutting down executor.
(EngineCore_DP1 pid=337444) INFO 07-27 19:31:04 [multiproc_executor.py:429] [shutdown] Executor: waiting for worker exit count=2
(EngineCore_DP6 pid=337466) ERROR 07-27 19:31:04 [multiproc_executor.py:284] Worker proc VllmWorker-0 died unexpectedly (exit code: None), shutting down executor.
(EngineCore_DP6 pid=337466) INFO 07-27 19:31:04 [multiproc_executor.py:429] [shutdown] Executor: waiting for worker exit count=2
(EngineCore_DP0 pid=337437) ERROR 07-27 19:31:06 [multiproc_executor.py:284] Worker proc VllmWorker-1 died unexpectedly (exit code: None), shutting down executor.
(EngineCore_DP0 pid=337437) INFO 07-27 19:31:06 [multiproc_executor.py:429] [shutdown] Executor: waiting for worker exit count=1
(EngineCore_DP3 pid=337491) ERROR 07-27 19:31:06 [multiproc_executor.py:284] Worker proc VllmWorker-0 died unexpectedly (exit code: None), shutting down executor.
(EngineCore_DP3 pid=337491) INFO 07-27 19:31:06 [multiproc_executor.py:429] [shutdown] Executor: waiting for worker exit count=1
(EngineCore_DP2 pid=337451) WARNING 07-27 19:31:08 [multiproc_executor.py:441] [shutdown] Executor: workers still running after grace period; sending SIGTERM count=1
(EngineCore_DP4 pid=337436) WARNING 07-27 19:31:08 [multiproc_executor.py:441] [shutdown] Executor: workers still running after grace period; sending SIGTERM count=1
(EngineCore_DP5 pid=337465) WARNING 07-27 19:31:08 [multiproc_executor.py:441] [shutdown] Executor: workers still running after grace period; sending SIGTERM count=1
(EngineCore_DP7 pid=337464) WARNING 07-27 19:31:08 [multiproc_executor.py:441] [shutdown] Executor: workers still running after grace period; sending SIGTERM count=1
(EngineCore_DP2 pid=337451) Process EngineCore_DP2:
(EngineCore_DP2 pid=337451) Traceback (most recent call last):
(EngineCore_DP2 pid=337451)   File "/usr/local/lib/python3.11/multiprocessing/process.py", line 314, in _bootstrap
(EngineCore_DP2 pid=337451)     self.run()
(EngineCore_DP2 pid=337451)   File "/usr/local/lib/python3.11/multiprocessing/process.py", line 108, in run
(EngineCore_DP2 pid=337451)     self._target(*self._args, **self._kwargs)
(EngineCore_DP2 pid=337451)   File "/home/l00838859/cann/my-project/vllm-ascend/vllm_ascend/patch/platform/patch_balance_schedule.py", line 896, in _balance_run_engine_core
(EngineCore_DP2 pid=337451)     return _OriginalRunEngineCore(*args, dp_rank=dp_rank, local_dp_rank=local_dp_rank, **kwargs)
(EngineCore_DP2 pid=337451)            ^^^^^^^^^^^^^^^^^^^^^^^^^^^^^^^^^^^^^^^^^^^^^^^^^^^^^^^^^^^^^^^^^^^^^^^^^^^^^^^^^^^^^
(EngineCore_DP2 pid=337451)   File "/home/l00838859/cann/my-project/vllm/vllm/v1/engine/core.py", line 1235, in run_engine_core
(EngineCore_DP2 pid=337451)     raise e
(EngineCore_DP2 pid=337451)   File "/home/l00838859/cann/my-project/vllm/vllm/v1/engine/core.py", line 1192, in run_engine_core
(EngineCore_DP2 pid=337451)     engine_core = DPEngineCoreProc(*args, **kwargs)
(EngineCore_DP2 pid=337451)                   ^^^^^^^^^^^^^^^^^^^^^^^^^^^^^^^^^
(EngineCore_DP2 pid=337451)   File "/home/l00838859/cann/my-project/vllm/vllm/v1/engine/core.py", line 1786, in __init__
(EngineCore_DP2 pid=337451)     super().__init__(
(EngineCore_DP2 pid=337451)   File "/home/l00838859/cann/my-project/vllm/vllm/tracing/otel.py", line 178, in sync_wrapper
(EngineCore_DP2 pid=337451)     return func(*args, **kwargs)
(EngineCore_DP2 pid=337451)            ^^^^^^^^^^^^^^^^^^^^^
(EngineCore_DP2 pid=337451)   File "/home/l00838859/cann/my-project/vllm/vllm/v1/engine/core.py", line 966, in __init__
(EngineCore_DP2 pid=337451)     super().__init__(
(EngineCore_DP2 pid=337451)   File "/home/l00838859/cann/my-project/vllm/vllm/v1/engine/core.py", line 133, in __init__
(EngineCore_DP2 pid=337451)     kv_cache_config = self._initialize_kv_caches(vllm_config)
(EngineCore_DP2 pid=337451)                       ^^^^^^^^^^^^^^^^^^^^^^^^^^^^^^^^^^^^^^^
(EngineCore_DP2 pid=337451)   File "/home/l00838859/cann/my-project/vllm/vllm/tracing/otel.py", line 178, in sync_wrapper
(EngineCore_DP2 pid=337451)     return func(*args, **kwargs)
(EngineCore_DP2 pid=337451)            ^^^^^^^^^^^^^^^^^^^^^
(EngineCore_DP2 pid=337451)   File "/home/l00838859/cann/my-project/vllm/vllm/v1/engine/core.py", line 321, in _initialize_kv_caches
(EngineCore_DP2 pid=337451)     self.model_executor.initialize_from_config(kv_cache_configs)
(EngineCore_DP2 pid=337451)   File "/home/l00838859/cann/my-project/vllm/vllm/v1/executor/abstract.py", line 124, in initialize_from_config
(EngineCore_DP2 pid=337451)     compilation_times: list[CompilationTimes] = self.collective_rpc(
(EngineCore_DP2 pid=337451)                                                 ^^^^^^^^^^^^^^^^^^^^
(EngineCore_DP2 pid=337451)   File "/home/l00838859/cann/my-project/vllm/vllm/v1/executor/multiproc_executor.py", line 405, in collective_rpc
(EngineCore_DP2 pid=337451)     return future if non_block else future.result()
(EngineCore_DP2 pid=337451)                                     ^^^^^^^^^^^^^^^
(EngineCore_DP2 pid=337451)   File "/home/l00838859/cann/my-project/vllm/vllm/v1/executor/multiproc_executor.py", line 91, in result
(EngineCore_DP2 pid=337451)     return super().result()
(EngineCore_DP2 pid=337451)            ^^^^^^^^^^^^^^^^
(EngineCore_DP2 pid=337451)   File "/usr/local/lib/python3.11/concurrent/futures/_base.py", line 449, in result
(EngineCore_DP2 pid=337451)     return self.__get_result()
(EngineCore_DP2 pid=337451)            ^^^^^^^^^^^^^^^^^^^
(EngineCore_DP2 pid=337451)   File "/usr/local/lib/python3.11/concurrent/futures/_base.py", line 401, in __get_result
(EngineCore_DP2 pid=337451)     raise self._exception
(EngineCore_DP2 pid=337451)   File "/home/l00838859/cann/my-project/vllm/vllm/v1/executor/multiproc_executor.py", line 95, in _wait_for_response
(EngineCore_DP2 pid=337451)     response = self.aggregate(self.get_response())
(EngineCore_DP2 pid=337451)                               ^^^^^^^^^^^^^^^^^^^
(EngineCore_DP2 pid=337451)   File "/home/l00838859/cann/my-project/vllm/vllm/v1/executor/multiproc_executor.py", line 394, in get_response
(EngineCore_DP2 pid=337451)     raise RuntimeError(
(EngineCore_DP2 pid=337451) RuntimeError: Worker failed with error 'NPUModelRunner init failed, error is NPUModelRunner failed, error is copy_between_host_and_device_opapi:../torch_npu/csrc/aten/ops/op_api/CopyKernelOpApi.cpp:55 NPU function error: aclrtMemcpy, error code is 107030
(EngineCore_DP2 pid=337451) [ERROR] 2026-07-27-19:30:38 (PID:337904, Device:4, RankID:-1) ERR00100 PTA call acl api failed.
(EngineCore_DP2 pid=337451) [PID: 337904] 2026-07-27-19:30:23.756.004 Communication_Error_Bind_IP_Port(EI0019): Failed to enable listening for the host network adapter socket. Reason: The IP address 10.10.1.44 and port 65536 have already been bound.
(EngineCore_DP2 pid=337451)         Solution: 1. Check whether this port has been occupied by another process. If yes, you can make adjustment using the environment variable HCCL_IF_BASE_PORT and use sysctl -w net.ipv4.ip_local_reserved_ports=****-**** to adjust the scope of reserved ports. 2. Check whether the service process is started multiple times on a device during this service.
(EngineCore_DP2 pid=337451)         TraceBack (most recent call last):
(EngineCore_DP2 pid=337451)         Not allow to synchronize captured-stream, stream_id=1276.[FUNC:StreamSynchronize][FILE:api_error.cc][LINE:1016]
(EngineCore_DP2 pid=337451)         rtStreamSynchronize execution failed, reason=stream is captured[FUNC:FuncErrorReason][FILE:error_message_manage.cc][LINE:65]
(EngineCore_DP2 pid=337451)         synchronize stream failed, runtime result = 107027[FUNC:ReportCallError][FILE:log_inner.cpp][LINE:148]
(EngineCore_DP2 pid=337451)         rtMemcpy execution failed, reason=the current capture mode does not support this operation[FUNC:FuncErrorReason][FILE:error_message_manage.cc][LINE:65]
(EngineCore_DP2 pid=337451)         synchronized memcpy failed, kind = 1, runtime result = 107030[FUNC:ReportCallError][FILE:log_inner.cpp][LINE:148]
(EngineCore_DP2 pid=337451) ', please check the stack trace above for the root cause
(EngineCore_DP1 pid=337444) WARNING 07-27 19:31:09 [multiproc_executor.py:441] [shutdown] Executor: workers still running after grace period; sending SIGTERM count=1
(EngineCore_DP4 pid=337436) Process EngineCore_DP4:
(EngineCore_DP4 pid=337436) Traceback (most recent call last):
(EngineCore_DP4 pid=337436)   File "/usr/local/lib/python3.11/multiprocessing/process.py", line 314, in _bootstrap
(EngineCore_DP4 pid=337436)     self.run()
(EngineCore_DP4 pid=337436)   File "/usr/local/lib/python3.11/multiprocessing/process.py", line 108, in run
(EngineCore_DP4 pid=337436)     self._target(*self._args, **self._kwargs)
(EngineCore_DP4 pid=337436)   File "/home/l00838859/cann/my-project/vllm-ascend/vllm_ascend/patch/platform/patch_balance_schedule.py", line 896, in _balance_run_engine_core
(EngineCore_DP4 pid=337436)     return _OriginalRunEngineCore(*args, dp_rank=dp_rank, local_dp_rank=local_dp_rank, **kwargs)
(EngineCore_DP4 pid=337436)            ^^^^^^^^^^^^^^^^^^^^^^^^^^^^^^^^^^^^^^^^^^^^^^^^^^^^^^^^^^^^^^^^^^^^^^^^^^^^^^^^^^^^^
(EngineCore_DP4 pid=337436)   File "/home/l00838859/cann/my-project/vllm/vllm/v1/engine/core.py", line 1235, in run_engine_core
(EngineCore_DP4 pid=337436)     raise e
(EngineCore_DP4 pid=337436)   File "/home/l00838859/cann/my-project/vllm/vllm/v1/engine/core.py", line 1192, in run_engine_core
(EngineCore_DP4 pid=337436)     engine_core = DPEngineCoreProc(*args, **kwargs)
(EngineCore_DP4 pid=337436)                   ^^^^^^^^^^^^^^^^^^^^^^^^^^^^^^^^^
(EngineCore_DP4 pid=337436)   File "/home/l00838859/cann/my-project/vllm/vllm/v1/engine/core.py", line 1786, in __init__
(EngineCore_DP4 pid=337436)     super().__init__(
(EngineCore_DP4 pid=337436)   File "/home/l00838859/cann/my-project/vllm/vllm/tracing/otel.py", line 178, in sync_wrapper
(EngineCore_DP4 pid=337436)     return func(*args, **kwargs)
(EngineCore_DP4 pid=337436)            ^^^^^^^^^^^^^^^^^^^^^
(EngineCore_DP4 pid=337436)   File "/home/l00838859/cann/my-project/vllm/vllm/v1/engine/core.py", line 966, in __init__
(EngineCore_DP4 pid=337436)     super().__init__(
(EngineCore_DP4 pid=337436)   File "/home/l00838859/cann/my-project/vllm/vllm/v1/engine/core.py", line 133, in __init__
(EngineCore_DP4 pid=337436)     kv_cache_config = self._initialize_kv_caches(vllm_config)
(EngineCore_DP4 pid=337436)                       ^^^^^^^^^^^^^^^^^^^^^^^^^^^^^^^^^^^^^^^
(EngineCore_DP4 pid=337436)   File "/home/l00838859/cann/my-project/vllm/vllm/tracing/otel.py", line 178, in sync_wrapper
(EngineCore_DP4 pid=337436)     return func(*args, **kwargs)
(EngineCore_DP4 pid=337436)            ^^^^^^^^^^^^^^^^^^^^^
(EngineCore_DP4 pid=337436)   File "/home/l00838859/cann/my-project/vllm/vllm/v1/engine/core.py", line 321, in _initialize_kv_caches
(EngineCore_DP4 pid=337436)     self.model_executor.initialize_from_config(kv_cache_configs)
(EngineCore_DP4 pid=337436)   File "/home/l00838859/cann/my-project/vllm/vllm/v1/executor/abstract.py", line 124, in initialize_from_config
(EngineCore_DP4 pid=337436)     compilation_times: list[CompilationTimes] = self.collective_rpc(
(EngineCore_DP4 pid=337436)                                                 ^^^^^^^^^^^^^^^^^^^^
(EngineCore_DP4 pid=337436)   File "/home/l00838859/cann/my-project/vllm/vllm/v1/executor/multiproc_executor.py", line 405, in collective_rpc
(EngineCore_DP4 pid=337436)     return future if non_block else future.result()
(EngineCore_DP4 pid=337436)                                     ^^^^^^^^^^^^^^^
(EngineCore_DP4 pid=337436)   File "/home/l00838859/cann/my-project/vllm/vllm/v1/executor/multiproc_executor.py", line 91, in result
(EngineCore_DP4 pid=337436)     return super().result()
(EngineCore_DP4 pid=337436)            ^^^^^^^^^^^^^^^^
(EngineCore_DP4 pid=337436)   File "/usr/local/lib/python3.11/concurrent/futures/_base.py", line 449, in result
(EngineCore_DP4 pid=337436)     return self.__get_result()
(EngineCore_DP4 pid=337436)            ^^^^^^^^^^^^^^^^^^^
(EngineCore_DP4 pid=337436)   File "/usr/local/lib/python3.11/concurrent/futures/_base.py", line 401, in __get_result
(EngineCore_DP4 pid=337436)     raise self._exception
(EngineCore_DP4 pid=337436)   File "/home/l00838859/cann/my-project/vllm/vllm/v1/executor/multiproc_executor.py", line 95, in _wait_for_response
(EngineCore_DP4 pid=337436)     response = self.aggregate(self.get_response())
(EngineCore_DP4 pid=337436)                               ^^^^^^^^^^^^^^^^^^^
(EngineCore_DP4 pid=337436)   File "/home/l00838859/cann/my-project/vllm/vllm/v1/executor/multiproc_executor.py", line 394, in get_response
(EngineCore_DP4 pid=337436)     raise RuntimeError(
(EngineCore_DP4 pid=337436) RuntimeError: Worker failed with error 'NPUModelRunner init failed, error is NPUModelRunner failed, error is copy_between_host_and_device_opapi:../torch_npu/csrc/aten/ops/op_api/CopyKernelOpApi.cpp:55 NPU function error: aclrtMemcpy, error code is 107030
(EngineCore_DP4 pid=337436) [ERROR] 2026-07-27-19:30:38 (PID:337905, Device:8, RankID:-1) ERR00100 PTA call acl api failed.
(EngineCore_DP4 pid=337436) [PID: 337905] 2026-07-27-19:30:23.755.994 Communication_Error_Bind_IP_Port(EI0019): Failed to enable listening for the host network adapter socket. Reason: The IP address 10.10.1.44 and port 65536 have already been bound.
(EngineCore_DP4 pid=337436)         Solution: 1. Check whether this port has been occupied by another process. If yes, you can make adjustment using the environment variable HCCL_IF_BASE_PORT and use sysctl -w net.ipv4.ip_local_reserved_ports=****-**** to adjust the scope of reserved ports. 2. Check whether the service process is started multiple times on a device during this service.
(EngineCore_DP4 pid=337436)         TraceBack (most recent call last):
(EngineCore_DP4 pid=337436)         Not allow to synchronize captured-stream, stream_id=32.[FUNC:StreamSynchronize][FILE:api_error.cc][LINE:1016]
(EngineCore_DP4 pid=337436)         rtStreamSynchronize execution failed, reason=stream is captured[FUNC:FuncErrorReason][FILE:error_message_manage.cc][LINE:65]
(EngineCore_DP4 pid=337436)         synchronize stream failed, runtime result = 107027[FUNC:ReportCallError][FILE:log_inner.cpp][LINE:148]
(EngineCore_DP4 pid=337436)         rtMemcpy execution failed, reason=the current capture mode does not support this operation[FUNC:FuncErrorReason][FILE:error_message_manage.cc][LINE:65]
(EngineCore_DP4 pid=337436)         synchronized memcpy failed, kind = 1, runtime result = 107030[FUNC:ReportCallError][FILE:log_inner.cpp][LINE:148]
(EngineCore_DP4 pid=337436) ', please check the stack trace above for the root cause
(EngineCore_DP6 pid=337466) WARNING 07-27 19:31:09 [multiproc_executor.py:441] [shutdown] Executor: workers still running after grace period; sending SIGTERM count=1
(EngineCore_DP5 pid=337465) Process EngineCore_DP5:
(EngineCore_DP5 pid=337465) Traceback (most recent call last):
(EngineCore_DP5 pid=337465)   File "/usr/local/lib/python3.11/multiprocessing/process.py", line 314, in _bootstrap
(EngineCore_DP5 pid=337465)     self.run()
(EngineCore_DP5 pid=337465)   File "/usr/local/lib/python3.11/multiprocessing/process.py", line 108, in run
(EngineCore_DP5 pid=337465)     self._target(*self._args, **self._kwargs)
(EngineCore_DP5 pid=337465)   File "/home/l00838859/cann/my-project/vllm-ascend/vllm_ascend/patch/platform/patch_balance_schedule.py", line 896, in _balance_run_engine_core
(EngineCore_DP5 pid=337465)     return _OriginalRunEngineCore(*args, dp_rank=dp_rank, local_dp_rank=local_dp_rank, **kwargs)
(EngineCore_DP5 pid=337465)            ^^^^^^^^^^^^^^^^^^^^^^^^^^^^^^^^^^^^^^^^^^^^^^^^^^^^^^^^^^^^^^^^^^^^^^^^^^^^^^^^^^^^^
(EngineCore_DP5 pid=337465)   File "/home/l00838859/cann/my-project/vllm/vllm/v1/engine/core.py", line 1235, in run_engine_core
(EngineCore_DP5 pid=337465)     raise e
(EngineCore_DP5 pid=337465)   File "/home/l00838859/cann/my-project/vllm/vllm/v1/engine/core.py", line 1192, in run_engine_core
(EngineCore_DP5 pid=337465)     engine_core = DPEngineCoreProc(*args, **kwargs)
(EngineCore_DP5 pid=337465)                   ^^^^^^^^^^^^^^^^^^^^^^^^^^^^^^^^^
(EngineCore_DP5 pid=337465)   File "/home/l00838859/cann/my-project/vllm/vllm/v1/engine/core.py", line 1786, in __init__
(EngineCore_DP5 pid=337465)     super().__init__(
(EngineCore_DP5 pid=337465)   File "/home/l00838859/cann/my-project/vllm/vllm/tracing/otel.py", line 178, in sync_wrapper
(EngineCore_DP5 pid=337465)     return func(*args, **kwargs)
(EngineCore_DP5 pid=337465)            ^^^^^^^^^^^^^^^^^^^^^
(EngineCore_DP5 pid=337465)   File "/home/l00838859/cann/my-project/vllm/vllm/v1/engine/core.py", line 966, in __init__
(EngineCore_DP5 pid=337465)     super().__init__(
(EngineCore_DP5 pid=337465)   File "/home/l00838859/cann/my-project/vllm/vllm/v1/engine/core.py", line 133, in __init__
(EngineCore_DP5 pid=337465)     kv_cache_config = self._initialize_kv_caches(vllm_config)
(EngineCore_DP5 pid=337465)                       ^^^^^^^^^^^^^^^^^^^^^^^^^^^^^^^^^^^^^^^
(EngineCore_DP5 pid=337465)   File "/home/l00838859/cann/my-project/vllm/vllm/tracing/otel.py", line 178, in sync_wrapper
(EngineCore_DP5 pid=337465)     return func(*args, **kwargs)
(EngineCore_DP5 pid=337465)            ^^^^^^^^^^^^^^^^^^^^^
(EngineCore_DP5 pid=337465)   File "/home/l00838859/cann/my-project/vllm/vllm/v1/engine/core.py", line 321, in _initialize_kv_caches
(EngineCore_DP5 pid=337465)     self.model_executor.initialize_from_config(kv_cache_configs)
(EngineCore_DP5 pid=337465)   File "/home/l00838859/cann/my-project/vllm/vllm/v1/executor/abstract.py", line 124, in initialize_from_config
(EngineCore_DP5 pid=337465)     compilation_times: list[CompilationTimes] = self.collective_rpc(
(EngineCore_DP5 pid=337465)                                                 ^^^^^^^^^^^^^^^^^^^^
(EngineCore_DP5 pid=337465)   File "/home/l00838859/cann/my-project/vllm/vllm/v1/executor/multiproc_executor.py", line 405, in collective_rpc
(EngineCore_DP5 pid=337465)     return future if non_block else future.result()
(EngineCore_DP5 pid=337465)                                     ^^^^^^^^^^^^^^^
(EngineCore_DP5 pid=337465)   File "/home/l00838859/cann/my-project/vllm/vllm/v1/executor/multiproc_executor.py", line 91, in result
(EngineCore_DP5 pid=337465)     return super().result()
(EngineCore_DP5 pid=337465)            ^^^^^^^^^^^^^^^^
(EngineCore_DP5 pid=337465)   File "/usr/local/lib/python3.11/concurrent/futures/_base.py", line 449, in result
(EngineCore_DP5 pid=337465)     return self.__get_result()
(EngineCore_DP5 pid=337465)            ^^^^^^^^^^^^^^^^^^^
(EngineCore_DP5 pid=337465)   File "/usr/local/lib/python3.11/concurrent/futures/_base.py", line 401, in __get_result
(EngineCore_DP5 pid=337465)     raise self._exception
(EngineCore_DP5 pid=337465)   File "/home/l00838859/cann/my-project/vllm/vllm/v1/executor/multiproc_executor.py", line 95, in _wait_for_response
(EngineCore_DP5 pid=337465)     response = self.aggregate(self.get_response())
(EngineCore_DP5 pid=337465)                               ^^^^^^^^^^^^^^^^^^^
(EngineCore_DP5 pid=337465)   File "/home/l00838859/cann/my-project/vllm/vllm/v1/executor/multiproc_executor.py", line 394, in get_response
(EngineCore_DP5 pid=337465)     raise RuntimeError(
(EngineCore_DP5 pid=337465) RuntimeError: Worker failed with error 'NPUModelRunner init failed, error is NPUModelRunner failed, error is copy_between_host_and_device_opapi:../torch_npu/csrc/aten/ops/op_api/CopyKernelOpApi.cpp:55 NPU function error: aclrtMemcpy, error code is 107030
(EngineCore_DP5 pid=337465) [ERROR] 2026-07-27-19:30:38 (PID:337899, Device:10, RankID:-1) ERR00100 PTA call acl api failed.
(EngineCore_DP5 pid=337465) EE9999: Inner Error!
(EngineCore_DP5 pid=337465) EE9999[PID: 337899] 2026-07-27-19:30:38.518.933 (EE9999):  Not allow to synchronize captured-stream, stream_id=32.[FUNC:StreamSynchronize][FILE:api_error.cc][LINE:1016]
(EngineCore_DP5 pid=337465)         TraceBack (most recent call last):
(EngineCore_DP5 pid=337465)        rtStreamSynchronize execution failed, reason=stream is captured[FUNC:FuncErrorReason][FILE:error_message_manage.cc][LINE:65]
(EngineCore_DP5 pid=337465)        synchronize stream failed, runtime result = 107027[FUNC:ReportCallError][FILE:log_inner.cpp][LINE:148]
(EngineCore_DP5 pid=337465)        rtMemcpy execution failed, reason=the current capture mode does not support this operation[FUNC:FuncErrorReason][FILE:error_message_manage.cc][LINE:65]
(EngineCore_DP5 pid=337465)        synchronized memcpy failed, kind = 1, runtime result = 107030[FUNC:ReportCallError][FILE:log_inner.cpp][LINE:148]
(EngineCore_DP5 pid=337465) ', please check the stack trace above for the root cause
(EngineCore_DP7 pid=337464) Process EngineCore_DP7:
(EngineCore_DP7 pid=337464) Traceback (most recent call last):
(EngineCore_DP7 pid=337464)   File "/usr/local/lib/python3.11/multiprocessing/process.py", line 314, in _bootstrap
(EngineCore_DP7 pid=337464)     self.run()
(EngineCore_DP7 pid=337464)   File "/usr/local/lib/python3.11/multiprocessing/process.py", line 108, in run
(EngineCore_DP7 pid=337464)     self._target(*self._args, **self._kwargs)
(EngineCore_DP7 pid=337464)   File "/home/l00838859/cann/my-project/vllm-ascend/vllm_ascend/patch/platform/patch_balance_schedule.py", line 896, in _balance_run_engine_core
(EngineCore_DP7 pid=337464)     return _OriginalRunEngineCore(*args, dp_rank=dp_rank, local_dp_rank=local_dp_rank, **kwargs)
(EngineCore_DP7 pid=337464)            ^^^^^^^^^^^^^^^^^^^^^^^^^^^^^^^^^^^^^^^^^^^^^^^^^^^^^^^^^^^^^^^^^^^^^^^^^^^^^^^^^^^^^
(EngineCore_DP7 pid=337464)   File "/home/l00838859/cann/my-project/vllm/vllm/v1/engine/core.py", line 1235, in run_engine_core
(EngineCore_DP7 pid=337464)     raise e
(EngineCore_DP7 pid=337464)   File "/home/l00838859/cann/my-project/vllm/vllm/v1/engine/core.py", line 1192, in run_engine_core
(EngineCore_DP7 pid=337464)     engine_core = DPEngineCoreProc(*args, **kwargs)
(EngineCore_DP7 pid=337464)                   ^^^^^^^^^^^^^^^^^^^^^^^^^^^^^^^^^
(EngineCore_DP7 pid=337464)   File "/home/l00838859/cann/my-project/vllm/vllm/v1/engine/core.py", line 1786, in __init__
(EngineCore_DP7 pid=337464)     super().__init__(
(EngineCore_DP7 pid=337464)   File "/home/l00838859/cann/my-project/vllm/vllm/tracing/otel.py", line 178, in sync_wrapper
(EngineCore_DP7 pid=337464)     return func(*args, **kwargs)
(EngineCore_DP7 pid=337464)            ^^^^^^^^^^^^^^^^^^^^^
(EngineCore_DP7 pid=337464)   File "/home/l00838859/cann/my-project/vllm/vllm/v1/engine/core.py", line 966, in __init__
(EngineCore_DP7 pid=337464)     super().__init__(
(EngineCore_DP7 pid=337464)   File "/home/l00838859/cann/my-project/vllm/vllm/v1/engine/core.py", line 133, in __init__
(EngineCore_DP7 pid=337464)     kv_cache_config = self._initialize_kv_caches(vllm_config)
(EngineCore_DP7 pid=337464)                       ^^^^^^^^^^^^^^^^^^^^^^^^^^^^^^^^^^^^^^^
(EngineCore_DP7 pid=337464)   File "/home/l00838859/cann/my-project/vllm/vllm/tracing/otel.py", line 178, in sync_wrapper
(EngineCore_DP7 pid=337464)     return func(*args, **kwargs)
(EngineCore_DP7 pid=337464)            ^^^^^^^^^^^^^^^^^^^^^
(EngineCore_DP7 pid=337464)   File "/home/l00838859/cann/my-project/vllm/vllm/v1/engine/core.py", line 321, in _initialize_kv_caches
(EngineCore_DP7 pid=337464)     self.model_executor.initialize_from_config(kv_cache_configs)
(EngineCore_DP7 pid=337464)   File "/home/l00838859/cann/my-project/vllm/vllm/v1/executor/abstract.py", line 124, in initialize_from_config
(EngineCore_DP7 pid=337464)     compilation_times: list[CompilationTimes] = self.collective_rpc(
(EngineCore_DP7 pid=337464)                                                 ^^^^^^^^^^^^^^^^^^^^
(EngineCore_DP7 pid=337464)   File "/home/l00838859/cann/my-project/vllm/vllm/v1/executor/multiproc_executor.py", line 405, in collective_rpc
(EngineCore_DP7 pid=337464)     return future if non_block else future.result()
(EngineCore_DP7 pid=337464)                                     ^^^^^^^^^^^^^^^
(EngineCore_DP7 pid=337464)   File "/home/l00838859/cann/my-project/vllm/vllm/v1/executor/multiproc_executor.py", line 91, in result
(EngineCore_DP7 pid=337464)     return super().result()
(EngineCore_DP7 pid=337464)            ^^^^^^^^^^^^^^^^
(EngineCore_DP7 pid=337464)   File "/usr/local/lib/python3.11/concurrent/futures/_base.py", line 449, in result
(EngineCore_DP7 pid=337464)     return self.__get_result()
(EngineCore_DP7 pid=337464)            ^^^^^^^^^^^^^^^^^^^
(EngineCore_DP7 pid=337464)   File "/usr/local/lib/python3.11/concurrent/futures/_base.py", line 401, in __get_result
(EngineCore_DP7 pid=337464)     raise self._exception
(EngineCore_DP7 pid=337464)   File "/home/l00838859/cann/my-project/vllm/vllm/v1/executor/multiproc_executor.py", line 95, in _wait_for_response
(EngineCore_DP7 pid=337464)     response = self.aggregate(self.get_response())
(EngineCore_DP7 pid=337464)                               ^^^^^^^^^^^^^^^^^^^
(EngineCore_DP7 pid=337464)   File "/home/l00838859/cann/my-project/vllm/vllm/v1/executor/multiproc_executor.py", line 394, in get_response
(EngineCore_DP7 pid=337464)     raise RuntimeError(
(EngineCore_DP7 pid=337464) RuntimeError: Worker failed with error 'NPUModelRunner init failed, error is NPUModelRunner failed, error is copy_between_host_and_device_opapi:../torch_npu/csrc/aten/ops/op_api/CopyKernelOpApi.cpp:55 NPU function error: aclrtMemcpy, error code is 107030
(EngineCore_DP7 pid=337464) [ERROR] 2026-07-27-19:30:38 (PID:337902, Device:14, RankID:-1) ERR00100 PTA call acl api failed.
(EngineCore_DP7 pid=337464) EE9999: Inner Error!
(EngineCore_DP7 pid=337464) EE9999[PID: 337902] 2026-07-27-19:30:38.529.126 (EE9999):  Not allow to synchronize captured-stream, stream_id=32.[FUNC:StreamSynchronize][FILE:api_error.cc][LINE:1016]
(EngineCore_DP7 pid=337464)         TraceBack (most recent call last):
(EngineCore_DP7 pid=337464)        rtStreamSynchronize execution failed, reason=stream is captured[FUNC:FuncErrorReason][FILE:error_message_manage.cc][LINE:65]
(EngineCore_DP7 pid=337464)        synchronize stream failed, runtime result = 107027[FUNC:ReportCallError][FILE:log_inner.cpp][LINE:148]
(EngineCore_DP7 pid=337464)        rtMemcpy execution failed, reason=the current capture mode does not support this operation[FUNC:FuncErrorReason][FILE:error_message_manage.cc][LINE:65]
(EngineCore_DP7 pid=337464)        synchronized memcpy failed, kind = 1, runtime result = 107030[FUNC:ReportCallError][FILE:log_inner.cpp][LINE:148]
(EngineCore_DP7 pid=337464) ', please check the stack trace above for the root cause
(EngineCore_DP1 pid=337444) Process EngineCore_DP1:
(EngineCore_DP1 pid=337444) Traceback (most recent call last):
(EngineCore_DP1 pid=337444)   File "/usr/local/lib/python3.11/multiprocessing/process.py", line 314, in _bootstrap
(EngineCore_DP1 pid=337444)     self.run()
(EngineCore_DP1 pid=337444)   File "/usr/local/lib/python3.11/multiprocessing/process.py", line 108, in run
(EngineCore_DP1 pid=337444)     self._target(*self._args, **self._kwargs)
(EngineCore_DP1 pid=337444)   File "/home/l00838859/cann/my-project/vllm-ascend/vllm_ascend/patch/platform/patch_balance_schedule.py", line 896, in _balance_run_engine_core
(EngineCore_DP1 pid=337444)     return _OriginalRunEngineCore(*args, dp_rank=dp_rank, local_dp_rank=local_dp_rank, **kwargs)
(EngineCore_DP1 pid=337444)            ^^^^^^^^^^^^^^^^^^^^^^^^^^^^^^^^^^^^^^^^^^^^^^^^^^^^^^^^^^^^^^^^^^^^^^^^^^^^^^^^^^^^^
(EngineCore_DP1 pid=337444)   File "/home/l00838859/cann/my-project/vllm/vllm/v1/engine/core.py", line 1235, in run_engine_core
(EngineCore_DP1 pid=337444)     raise e
(EngineCore_DP1 pid=337444)   File "/home/l00838859/cann/my-project/vllm/vllm/v1/engine/core.py", line 1192, in run_engine_core
(EngineCore_DP1 pid=337444)     engine_core = DPEngineCoreProc(*args, **kwargs)
(EngineCore_DP1 pid=337444)                   ^^^^^^^^^^^^^^^^^^^^^^^^^^^^^^^^^
(EngineCore_DP1 pid=337444)   File "/home/l00838859/cann/my-project/vllm/vllm/v1/engine/core.py", line 1786, in __init__
(EngineCore_DP1 pid=337444)     super().__init__(
(EngineCore_DP1 pid=337444)   File "/home/l00838859/cann/my-project/vllm/vllm/tracing/otel.py", line 178, in sync_wrapper
(EngineCore_DP1 pid=337444)     return func(*args, **kwargs)
(EngineCore_DP1 pid=337444)            ^^^^^^^^^^^^^^^^^^^^^
(EngineCore_DP1 pid=337444)   File "/home/l00838859/cann/my-project/vllm/vllm/v1/engine/core.py", line 966, in __init__
(EngineCore_DP1 pid=337444)     super().__init__(
(EngineCore_DP1 pid=337444)   File "/home/l00838859/cann/my-project/vllm/vllm/v1/engine/core.py", line 133, in __init__
(EngineCore_DP1 pid=337444)     kv_cache_config = self._initialize_kv_caches(vllm_config)
(EngineCore_DP1 pid=337444)                       ^^^^^^^^^^^^^^^^^^^^^^^^^^^^^^^^^^^^^^^
(EngineCore_DP1 pid=337444)   File "/home/l00838859/cann/my-project/vllm/vllm/tracing/otel.py", line 178, in sync_wrapper
(EngineCore_DP1 pid=337444)     return func(*args, **kwargs)
(EngineCore_DP1 pid=337444)            ^^^^^^^^^^^^^^^^^^^^^
(EngineCore_DP1 pid=337444)   File "/home/l00838859/cann/my-project/vllm/vllm/v1/engine/core.py", line 321, in _initialize_kv_caches
(EngineCore_DP1 pid=337444)     self.model_executor.initialize_from_config(kv_cache_configs)
(EngineCore_DP1 pid=337444)   File "/home/l00838859/cann/my-project/vllm/vllm/v1/executor/abstract.py", line 124, in initialize_from_config
(EngineCore_DP1 pid=337444)     compilation_times: list[CompilationTimes] = self.collective_rpc(
(EngineCore_DP1 pid=337444)                                                 ^^^^^^^^^^^^^^^^^^^^
(EngineCore_DP1 pid=337444)   File "/home/l00838859/cann/my-project/vllm/vllm/v1/executor/multiproc_executor.py", line 405, in collective_rpc
(EngineCore_DP1 pid=337444)     return future if non_block else future.result()
(EngineCore_DP1 pid=337444)                                     ^^^^^^^^^^^^^^^
(EngineCore_DP1 pid=337444)   File "/home/l00838859/cann/my-project/vllm/vllm/v1/executor/multiproc_executor.py", line 91, in result
(EngineCore_DP1 pid=337444)     return super().result()
(EngineCore_DP1 pid=337444)            ^^^^^^^^^^^^^^^^
(EngineCore_DP1 pid=337444)   File "/usr/local/lib/python3.11/concurrent/futures/_base.py", line 449, in result
(EngineCore_DP1 pid=337444)     return self.__get_result()
(EngineCore_DP1 pid=337444)            ^^^^^^^^^^^^^^^^^^^
(EngineCore_DP1 pid=337444)   File "/usr/local/lib/python3.11/concurrent/futures/_base.py", line 401, in __get_result
(EngineCore_DP1 pid=337444)     raise self._exception
(EngineCore_DP1 pid=337444)   File "/home/l00838859/cann/my-project/vllm/vllm/v1/executor/multiproc_executor.py", line 95, in _wait_for_response
(EngineCore_DP1 pid=337444)     response = self.aggregate(self.get_response())
(EngineCore_DP1 pid=337444)                               ^^^^^^^^^^^^^^^^^^^
(EngineCore_DP1 pid=337444)   File "/home/l00838859/cann/my-project/vllm/vllm/v1/executor/multiproc_executor.py", line 394, in get_response
(EngineCore_DP1 pid=337444)     raise RuntimeError(
(EngineCore_DP1 pid=337444) RuntimeError: Worker failed with error 'NPUModelRunner init failed, error is NPUModelRunner failed, error is copy_between_host_and_device_opapi:../torch_npu/csrc/aten/ops/op_api/CopyKernelOpApi.cpp:55 NPU function error: aclrtMemcpy, error code is 107030
(EngineCore_DP1 pid=337444) [ERROR] 2026-07-27-19:30:38 (PID:337900, Device:2, RankID:-1) ERR00100 PTA call acl api failed.
(EngineCore_DP1 pid=337444) [PID: 337900] 2026-07-27-19:30:21.789.798 Communication_Error_Bind_IP_Port(EI0019): Failed to enable listening for the host network adapter socket. Reason: The IP address 10.10.1.44 and port 65536 have already been bound.
(EngineCore_DP1 pid=337444)         Solution: 1. Check whether this port has been occupied by another process. If yes, you can make adjustment using the environment variable HCCL_IF_BASE_PORT and use sysctl -w net.ipv4.ip_local_reserved_ports=****-**** to adjust the scope of reserved ports. 2. Check whether the service process is started multiple times on a device during this service.
(EngineCore_DP1 pid=337444)         TraceBack (most recent call last):
(EngineCore_DP1 pid=337444)         Not allow to synchronize captured-stream, stream_id=32.[FUNC:StreamSynchronize][FILE:api_error.cc][LINE:1016]
(EngineCore_DP1 pid=337444)         rtStreamSynchronize execution failed, reason=stream is captured[FUNC:FuncErrorReason][FILE:error_message_manage.cc][LINE:65]
(EngineCore_DP1 pid=337444)         synchronize stream failed, runtime result = 107027[FUNC:ReportCallError][FILE:log_inner.cpp][LINE:148]
(EngineCore_DP1 pid=337444)         rtMemcpy execution failed, reason=the current capture mode does not support this operation[FUNC:FuncErrorReason][FILE:error_message_manage.cc][LINE:65]
(EngineCore_DP1 pid=337444)         synchronized memcpy failed, kind = 1, runtime result = 107030[FUNC:ReportCallError][FILE:log_inner.cpp][LINE:148]
(EngineCore_DP1 pid=337444) ', please check the stack trace above for the root cause
(EngineCore_DP6 pid=337466) Process EngineCore_DP6:
(EngineCore_DP6 pid=337466) Traceback (most recent call last):
(EngineCore_DP6 pid=337466)   File "/usr/local/lib/python3.11/multiprocessing/process.py", line 314, in _bootstrap
(EngineCore_DP6 pid=337466)     self.run()
(EngineCore_DP6 pid=337466)   File "/usr/local/lib/python3.11/multiprocessing/process.py", line 108, in run
(EngineCore_DP6 pid=337466)     self._target(*self._args, **self._kwargs)
(EngineCore_DP6 pid=337466)   File "/home/l00838859/cann/my-project/vllm-ascend/vllm_ascend/patch/platform/patch_balance_schedule.py", line 896, in _balance_run_engine_core
(EngineCore_DP6 pid=337466)     return _OriginalRunEngineCore(*args, dp_rank=dp_rank, local_dp_rank=local_dp_rank, **kwargs)
(EngineCore_DP6 pid=337466)            ^^^^^^^^^^^^^^^^^^^^^^^^^^^^^^^^^^^^^^^^^^^^^^^^^^^^^^^^^^^^^^^^^^^^^^^^^^^^^^^^^^^^^
(EngineCore_DP6 pid=337466)   File "/home/l00838859/cann/my-project/vllm/vllm/v1/engine/core.py", line 1235, in run_engine_core
(EngineCore_DP6 pid=337466)     raise e
(EngineCore_DP6 pid=337466)   File "/home/l00838859/cann/my-project/vllm/vllm/v1/engine/core.py", line 1192, in run_engine_core
(EngineCore_DP6 pid=337466)     engine_core = DPEngineCoreProc(*args, **kwargs)
(EngineCore_DP6 pid=337466)                   ^^^^^^^^^^^^^^^^^^^^^^^^^^^^^^^^^
(EngineCore_DP6 pid=337466)   File "/home/l00838859/cann/my-project/vllm/vllm/v1/engine/core.py", line 1786, in __init__
(EngineCore_DP6 pid=337466)     super().__init__(
(EngineCore_DP6 pid=337466)   File "/home/l00838859/cann/my-project/vllm/vllm/tracing/otel.py", line 178, in sync_wrapper
(EngineCore_DP6 pid=337466)     return func(*args, **kwargs)
(EngineCore_DP6 pid=337466)            ^^^^^^^^^^^^^^^^^^^^^
(EngineCore_DP6 pid=337466)   File "/home/l00838859/cann/my-project/vllm/vllm/v1/engine/core.py", line 966, in __init__
(EngineCore_DP6 pid=337466)     super().__init__(
(EngineCore_DP6 pid=337466)   File "/home/l00838859/cann/my-project/vllm/vllm/v1/engine/core.py", line 133, in __init__
(EngineCore_DP6 pid=337466)     kv_cache_config = self._initialize_kv_caches(vllm_config)
(EngineCore_DP6 pid=337466)                       ^^^^^^^^^^^^^^^^^^^^^^^^^^^^^^^^^^^^^^^
(EngineCore_DP6 pid=337466)   File "/home/l00838859/cann/my-project/vllm/vllm/tracing/otel.py", line 178, in sync_wrapper
(EngineCore_DP6 pid=337466)     return func(*args, **kwargs)
(EngineCore_DP6 pid=337466)            ^^^^^^^^^^^^^^^^^^^^^
(EngineCore_DP6 pid=337466)   File "/home/l00838859/cann/my-project/vllm/vllm/v1/engine/core.py", line 321, in _initialize_kv_caches
(EngineCore_DP6 pid=337466)     self.model_executor.initialize_from_config(kv_cache_configs)
(EngineCore_DP6 pid=337466)   File "/home/l00838859/cann/my-project/vllm/vllm/v1/executor/abstract.py", line 124, in initialize_from_config
(EngineCore_DP6 pid=337466)     compilation_times: list[CompilationTimes] = self.collective_rpc(
(EngineCore_DP6 pid=337466)                                                 ^^^^^^^^^^^^^^^^^^^^
(EngineCore_DP6 pid=337466)   File "/home/l00838859/cann/my-project/vllm/vllm/v1/executor/multiproc_executor.py", line 405, in collective_rpc
(EngineCore_DP6 pid=337466)     return future if non_block else future.result()
(EngineCore_DP6 pid=337466)                                     ^^^^^^^^^^^^^^^
(EngineCore_DP6 pid=337466)   File "/home/l00838859/cann/my-project/vllm/vllm/v1/executor/multiproc_executor.py", line 91, in result
(EngineCore_DP6 pid=337466)     return super().result()
(EngineCore_DP6 pid=337466)            ^^^^^^^^^^^^^^^^
(EngineCore_DP6 pid=337466)   File "/usr/local/lib/python3.11/concurrent/futures/_base.py", line 449, in result
(EngineCore_DP6 pid=337466)     return self.__get_result()
(EngineCore_DP6 pid=337466)            ^^^^^^^^^^^^^^^^^^^
(EngineCore_DP6 pid=337466)   File "/usr/local/lib/python3.11/concurrent/futures/_base.py", line 401, in __get_result
(EngineCore_DP6 pid=337466)     raise self._exception
(EngineCore_DP6 pid=337466)   File "/home/l00838859/cann/my-project/vllm/vllm/v1/executor/multiproc_executor.py", line 95, in _wait_for_response
(EngineCore_DP6 pid=337466)     response = self.aggregate(self.get_response())
(EngineCore_DP6 pid=337466)                               ^^^^^^^^^^^^^^^^^^^
(EngineCore_DP6 pid=337466)   File "/home/l00838859/cann/my-project/vllm/vllm/v1/executor/multiproc_executor.py", line 394, in get_response
(EngineCore_DP6 pid=337466)     raise RuntimeError(
(EngineCore_DP6 pid=337466) RuntimeError: Worker failed with error 'NPUModelRunner init failed, error is NPUModelRunner failed, error is copy_between_host_and_device_opapi:../torch_npu/csrc/aten/ops/op_api/CopyKernelOpApi.cpp:55 NPU function error: aclrtMemcpy, error code is 107030
(EngineCore_DP6 pid=337466) [ERROR] 2026-07-27-19:30:38 (PID:337901, Device:12, RankID:-1) ERR00100 PTA call acl api failed.
(EngineCore_DP6 pid=337466) [PID: 337901] 2026-07-27-19:30:21.745.696 Communication_Error_Bind_IP_Port(EI0019): Failed to enable listening for the host network adapter socket. Reason: The IP address 10.10.1.44 and port 65536 have already been bound.
(EngineCore_DP6 pid=337466)         Solution: 1. Check whether this port has been occupied by another process. If yes, you can make adjustment using the environment variable HCCL_IF_BASE_PORT and use sysctl -w net.ipv4.ip_local_reserved_ports=****-**** to adjust the scope of reserved ports. 2. Check whether the service process is started multiple times on a device during this service.
(EngineCore_DP6 pid=337466)         TraceBack (most recent call last):
(EngineCore_DP6 pid=337466)         Not allow to synchronize captured-stream, stream_id=32.[FUNC:StreamSynchronize][FILE:api_error.cc][LINE:1016]
(EngineCore_DP6 pid=337466)         rtStreamSynchronize execution failed, reason=stream is captured[FUNC:FuncErrorReason][FILE:error_message_manage.cc][LINE:65]
(EngineCore_DP6 pid=337466)         synchronize stream failed, runtime result = 107027[FUNC:ReportCallError][FILE:log_inner.cpp][LINE:148]
(EngineCore_DP6 pid=337466)         rtMemcpy execution failed, reason=the current capture mode does not support this operation[FUNC:FuncErrorReason][FILE:error_message_manage.cc][LINE:65]
(EngineCore_DP6 pid=337466)         synchronized memcpy failed, kind = 1, runtime result = 107030[FUNC:ReportCallError][FILE:log_inner.cpp][LINE:148]
(EngineCore_DP6 pid=337466) ', please check the stack trace above for the root cause
Process Process-3:
Traceback (most recent call last):
  File "/usr/local/lib/python3.11/multiprocessing/process.py", line 314, in _bootstrap
    self.run()
  File "/usr/local/lib/python3.11/multiprocessing/process.py", line 108, in run
    self._target(*self._args, **self._kwargs)
  File "/home/l00838859/cann/vllm-runner/data_parallel.py", line 168, in run_vllm_main
    llm = LLM(
          ^^^^
  File "/home/l00838859/cann/my-project/vllm/vllm/entrypoints/llm.py", line 349, in __init__
    self.llm_engine = LLMEngine.from_engine_args(
                      ^^^^^^^^^^^^^^^^^^^^^^^^^^^
  File "/home/l00838859/cann/my-project/vllm/vllm/v1/engine/llm_engine.py", line 179, in from_engine_args
    return cls(
           ^^^^
  File "/home/l00838859/cann/my-project/vllm/vllm/v1/engine/llm_engine.py", line 105, in __init__
    self.engine_core = EngineCoreClient.make_client(
                       ^^^^^^^^^^^^^^^^^^^^^^^^^^^^^
  File "/home/l00838859/cann/my-project/vllm/vllm/v1/engine/core_client.py", line 103, in make_client
    return SyncMPClient(vllm_config, executor_class, log_stats)
           ^^^^^^^^^^^^^^^^^^^^^^^^^^^^^^^^^^^^^^^^^^^^^^^^^^^^
  File "/home/l00838859/cann/my-project/vllm/vllm/tracing/otel.py", line 178, in sync_wrapper
    return func(*args, **kwargs)
           ^^^^^^^^^^^^^^^^^^^^^
  File "/home/l00838859/cann/my-project/vllm/vllm/v1/engine/core_client.py", line 786, in __init__
    super().__init__(
  File "/home/l00838859/cann/my-project/vllm/vllm/v1/engine/core_client.py", line 573, in __init__
    with launch_core_engines(
  File "/usr/local/lib/python3.11/contextlib.py", line 144, in __exit__
    next(self.gen)
  File "/home/l00838859/cann/my-project/vllm/vllm/v1/engine/utils.py", line 1213, in launch_core_engines
    wait_for_engine_startup(
  File "/home/l00838859/cann/my-project/vllm/vllm/v1/engine/utils.py", line 1272, in wait_for_engine_startup
    raise RuntimeError(
RuntimeError: Engine core initialization failed. See root cause above. Failed core proc(s): {}
(EngineCore_DP0 pid=337437) WARNING 07-27 19:31:11 [multiproc_executor.py:441] [shutdown] Executor: workers still running after grace period; sending SIGTERM count=1
/usr/local/lib/python3.11/multiprocessing/resource_tracker.py:254: UserWarning: resource_tracker: There appear to be 2 leaked shared_memory objects to clean up at shutdown
  warnings.warn('resource_tracker: There appear to be %d '
(EngineCore_DP3 pid=337491) WARNING 07-27 19:31:11 [multiproc_executor.py:441] [shutdown] Executor: workers still running after grace period; sending SIGTERM count=1
(EngineCore_DP0 pid=337437) Process EngineCore_DP0:
(EngineCore_DP0 pid=337437) Traceback (most recent call last):
(EngineCore_DP0 pid=337437)   File "/usr/local/lib/python3.11/multiprocessing/process.py", line 314, in _bootstrap
(EngineCore_DP0 pid=337437)     self.run()
(EngineCore_DP0 pid=337437)   File "/usr/local/lib/python3.11/multiprocessing/process.py", line 108, in run
(EngineCore_DP0 pid=337437)     self._target(*self._args, **self._kwargs)
(EngineCore_DP0 pid=337437)   File "/home/l00838859/cann/my-project/vllm-ascend/vllm_ascend/patch/platform/patch_balance_schedule.py", line 896, in _balance_run_engine_core
(EngineCore_DP0 pid=337437)     return _OriginalRunEngineCore(*args, dp_rank=dp_rank, local_dp_rank=local_dp_rank, **kwargs)
(EngineCore_DP0 pid=337437)            ^^^^^^^^^^^^^^^^^^^^^^^^^^^^^^^^^^^^^^^^^^^^^^^^^^^^^^^^^^^^^^^^^^^^^^^^^^^^^^^^^^^^^
(EngineCore_DP0 pid=337437)   File "/home/l00838859/cann/my-project/vllm/vllm/v1/engine/core.py", line 1235, in run_engine_core
(EngineCore_DP0 pid=337437)     raise e
(EngineCore_DP0 pid=337437)   File "/home/l00838859/cann/my-project/vllm/vllm/v1/engine/core.py", line 1192, in run_engine_core
(EngineCore_DP0 pid=337437)     engine_core = DPEngineCoreProc(*args, **kwargs)
(EngineCore_DP0 pid=337437)                   ^^^^^^^^^^^^^^^^^^^^^^^^^^^^^^^^^
(EngineCore_DP0 pid=337437)   File "/home/l00838859/cann/my-project/vllm/vllm/v1/engine/core.py", line 1786, in __init__
(EngineCore_DP0 pid=337437)     super().__init__(
(EngineCore_DP0 pid=337437)   File "/home/l00838859/cann/my-project/vllm/vllm/tracing/otel.py", line 178, in sync_wrapper
(EngineCore_DP0 pid=337437)     return func(*args, **kwargs)
(EngineCore_DP0 pid=337437)            ^^^^^^^^^^^^^^^^^^^^^
(EngineCore_DP0 pid=337437)   File "/home/l00838859/cann/my-project/vllm/vllm/v1/engine/core.py", line 966, in __init__
(EngineCore_DP0 pid=337437)     super().__init__(
(EngineCore_DP0 pid=337437)   File "/home/l00838859/cann/my-project/vllm/vllm/v1/engine/core.py", line 133, in __init__
(EngineCore_DP0 pid=337437)     kv_cache_config = self._initialize_kv_caches(vllm_config)
(EngineCore_DP0 pid=337437)                       ^^^^^^^^^^^^^^^^^^^^^^^^^^^^^^^^^^^^^^^
(EngineCore_DP0 pid=337437)   File "/home/l00838859/cann/my-project/vllm/vllm/tracing/otel.py", line 178, in sync_wrapper
(EngineCore_DP0 pid=337437)     return func(*args, **kwargs)
(EngineCore_DP0 pid=337437)            ^^^^^^^^^^^^^^^^^^^^^
(EngineCore_DP0 pid=337437)   File "/home/l00838859/cann/my-project/vllm/vllm/v1/engine/core.py", line 321, in _initialize_kv_caches
(EngineCore_DP0 pid=337437)     self.model_executor.initialize_from_config(kv_cache_configs)
(EngineCore_DP0 pid=337437)   File "/home/l00838859/cann/my-project/vllm/vllm/v1/executor/abstract.py", line 124, in initialize_from_config
(EngineCore_DP0 pid=337437)     compilation_times: list[CompilationTimes] = self.collective_rpc(
(EngineCore_DP0 pid=337437)                                                 ^^^^^^^^^^^^^^^^^^^^
(EngineCore_DP0 pid=337437)   File "/home/l00838859/cann/my-project/vllm/vllm/v1/executor/multiproc_executor.py", line 405, in collective_rpc
(EngineCore_DP0 pid=337437)     return future if non_block else future.result()
(EngineCore_DP0 pid=337437)                                     ^^^^^^^^^^^^^^^
(EngineCore_DP0 pid=337437)   File "/home/l00838859/cann/my-project/vllm/vllm/v1/executor/multiproc_executor.py", line 91, in result
(EngineCore_DP0 pid=337437)     return super().result()
(EngineCore_DP0 pid=337437)            ^^^^^^^^^^^^^^^^
(EngineCore_DP0 pid=337437)   File "/usr/local/lib/python3.11/concurrent/futures/_base.py", line 449, in result
(EngineCore_DP0 pid=337437)     return self.__get_result()
(EngineCore_DP0 pid=337437)            ^^^^^^^^^^^^^^^^^^^
(EngineCore_DP0 pid=337437)   File "/usr/local/lib/python3.11/concurrent/futures/_base.py", line 401, in __get_result
(EngineCore_DP0 pid=337437)     raise self._exception
(EngineCore_DP0 pid=337437)   File "/home/l00838859/cann/my-project/vllm/vllm/v1/executor/multiproc_executor.py", line 95, in _wait_for_response
(EngineCore_DP0 pid=337437)     response = self.aggregate(self.get_response())
(EngineCore_DP0 pid=337437)                               ^^^^^^^^^^^^^^^^^^^
(EngineCore_DP0 pid=337437)   File "/home/l00838859/cann/my-project/vllm/vllm/v1/executor/multiproc_executor.py", line 394, in get_response
(EngineCore_DP0 pid=337437)     raise RuntimeError(
(EngineCore_DP0 pid=337437) RuntimeError: Worker failed with error 'NPUModelRunner init failed, error is NPUModelRunner failed, error is copy_between_host_and_device_opapi:../torch_npu/csrc/aten/ops/op_api/CopyKernelOpApi.cpp:55 NPU function error: aclrtMemcpy, error code is 107030
(EngineCore_DP0 pid=337437) [ERROR] 2026-07-27-19:30:38 (PID:337906, Device:0, RankID:-1) ERR00100 PTA call acl api failed.
(EngineCore_DP0 pid=337437) [PID: 337906] 2026-07-27-19:30:23.756.043 Communication_Error_Bind_IP_Port(EI0019): Failed to enable listening for the host network adapter socket. Reason: The IP address 10.10.1.44 and port 65536 have already been bound.
(EngineCore_DP0 pid=337437)         Solution: 1. Check whether this port has been occupied by another process. If yes, you can make adjustment using the environment variable HCCL_IF_BASE_PORT and use sysctl -w net.ipv4.ip_local_reserved_ports=****-**** to adjust the scope of reserved ports. 2. Check whether the service process is started multiple times on a device during this service.
(EngineCore_DP0 pid=337437)         TraceBack (most recent call last):
(EngineCore_DP0 pid=337437)         Not allow to synchronize captured-stream, stream_id=32.[FUNC:StreamSynchronize][FILE:api_error.cc][LINE:1016]
(EngineCore_DP0 pid=337437)         rtStreamSynchronize execution failed, reason=stream is captured[FUNC:FuncErrorReason][FILE:error_message_manage.cc][LINE:65]
(EngineCore_DP0 pid=337437)         synchronize stream failed, runtime result = 107027[FUNC:ReportCallError][FILE:log_inner.cpp][LINE:148]
(EngineCore_DP0 pid=337437)         rtMemcpy execution failed, reason=the current capture mode does not support this operation[FUNC:FuncErrorReason][FILE:error_message_manage.cc][LINE:65]
(EngineCore_DP0 pid=337437)         synchronized memcpy failed, kind = 1, runtime result = 107030[FUNC:ReportCallError][FILE:log_inner.cpp][LINE:148]
(EngineCore_DP0 pid=337437) ', please check the stack trace above for the root cause
Process Process-6:
Traceback (most recent call last):
  File "/usr/local/lib/python3.11/multiprocessing/process.py", line 314, in _bootstrap
    self.run()
  File "/usr/local/lib/python3.11/multiprocessing/process.py", line 108, in run
    self._target(*self._args, **self._kwargs)
  File "/home/l00838859/cann/vllm-runner/data_parallel.py", line 168, in run_vllm_main
    llm = LLM(
          ^^^^
  File "/home/l00838859/cann/my-project/vllm/vllm/entrypoints/llm.py", line 349, in __init__
    self.llm_engine = LLMEngine.from_engine_args(
                      ^^^^^^^^^^^^^^^^^^^^^^^^^^^
  File "/home/l00838859/cann/my-project/vllm/vllm/v1/engine/llm_engine.py", line 179, in from_engine_args
    return cls(
           ^^^^
  File "/home/l00838859/cann/my-project/vllm/vllm/v1/engine/llm_engine.py", line 105, in __init__
    self.engine_core = EngineCoreClient.make_client(
                       ^^^^^^^^^^^^^^^^^^^^^^^^^^^^^
  File "/home/l00838859/cann/my-project/vllm/vllm/v1/engine/core_client.py", line 103, in make_client
    return SyncMPClient(vllm_config, executor_class, log_stats)
           ^^^^^^^^^^^^^^^^^^^^^^^^^^^^^^^^^^^^^^^^^^^^^^^^^^^^
  File "/home/l00838859/cann/my-project/vllm/vllm/tracing/otel.py", line 178, in sync_wrapper
    return func(*args, **kwargs)
           ^^^^^^^^^^^^^^^^^^^^^
  File "/home/l00838859/cann/my-project/vllm/vllm/v1/engine/core_client.py", line 786, in __init__
    super().__init__(
  File "/home/l00838859/cann/my-project/vllm/vllm/v1/engine/core_client.py", line 573, in __init__
    with launch_core_engines(
  File "/usr/local/lib/python3.11/contextlib.py", line 144, in __exit__
    next(self.gen)
  File "/home/l00838859/cann/my-project/vllm/vllm/v1/engine/utils.py", line 1213, in launch_core_engines
    wait_for_engine_startup(
  File "/home/l00838859/cann/my-project/vllm/vllm/v1/engine/utils.py", line 1272, in wait_for_engine_startup
    raise RuntimeError(
RuntimeError: Engine core initialization failed. See root cause above. Failed core proc(s): {}
/usr/local/lib/python3.11/multiprocessing/resource_tracker.py:254: UserWarning: resource_tracker: There appear to be 2 leaked shared_memory objects to clean up at shutdown
  warnings.warn('resource_tracker: There appear to be %d '
Process Process-8:
Traceback (most recent call last):
  File "/usr/local/lib/python3.11/multiprocessing/process.py", line 314, in _bootstrap
    self.run()
  File "/usr/local/lib/python3.11/multiprocessing/process.py", line 108, in run
    self._target(*self._args, **self._kwargs)
  File "/home/l00838859/cann/vllm-runner/data_parallel.py", line 168, in run_vllm_main
    llm = LLM(
          ^^^^
  File "/home/l00838859/cann/my-project/vllm/vllm/entrypoints/llm.py", line 349, in __init__
    self.llm_engine = LLMEngine.from_engine_args(
                      ^^^^^^^^^^^^^^^^^^^^^^^^^^^
  File "/home/l00838859/cann/my-project/vllm/vllm/v1/engine/llm_engine.py", line 179, in from_engine_args
    return cls(
           ^^^^
  File "/home/l00838859/cann/my-project/vllm/vllm/v1/engine/llm_engine.py", line 105, in __init__
    self.engine_core = EngineCoreClient.make_client(
                       ^^^^^^^^^^^^^^^^^^^^^^^^^^^^^
  File "/home/l00838859/cann/my-project/vllm/vllm/v1/engine/core_client.py", line 103, in make_client
    return SyncMPClient(vllm_config, executor_class, log_stats)
           ^^^^^^^^^^^^^^^^^^^^^^^^^^^^^^^^^^^^^^^^^^^^^^^^^^^^
  File "/home/l00838859/cann/my-project/vllm/vllm/tracing/otel.py", line 178, in sync_wrapper
    return func(*args, **kwargs)
           ^^^^^^^^^^^^^^^^^^^^^
  File "/home/l00838859/cann/my-project/vllm/vllm/v1/engine/core_client.py", line 786, in __init__
    super().__init__(
  File "/home/l00838859/cann/my-project/vllm/vllm/v1/engine/core_client.py", line 573, in __init__
    with launch_core_engines(
  File "/usr/local/lib/python3.11/contextlib.py", line 144, in __exit__
    next(self.gen)
  File "/home/l00838859/cann/my-project/vllm/vllm/v1/engine/utils.py", line 1213, in launch_core_engines
    wait_for_engine_startup(
  File "/home/l00838859/cann/my-project/vllm/vllm/v1/engine/utils.py", line 1272, in wait_for_engine_startup
    raise RuntimeError(
RuntimeError: Engine core initialization failed. See root cause above. Failed core proc(s): {}
(EngineCore_DP3 pid=337491) Process EngineCore_DP3:
(EngineCore_DP3 pid=337491) Traceback (most recent call last):
(EngineCore_DP3 pid=337491)   File "/usr/local/lib/python3.11/multiprocessing/process.py", line 314, in _bootstrap
(EngineCore_DP3 pid=337491)     self.run()
(EngineCore_DP3 pid=337491)   File "/usr/local/lib/python3.11/multiprocessing/process.py", line 108, in run
(EngineCore_DP3 pid=337491)     self._target(*self._args, **self._kwargs)
(EngineCore_DP3 pid=337491)   File "/home/l00838859/cann/my-project/vllm-ascend/vllm_ascend/patch/platform/patch_balance_schedule.py", line 896, in _balance_run_engine_core
(EngineCore_DP3 pid=337491)     return _OriginalRunEngineCore(*args, dp_rank=dp_rank, local_dp_rank=local_dp_rank, **kwargs)
(EngineCore_DP3 pid=337491)            ^^^^^^^^^^^^^^^^^^^^^^^^^^^^^^^^^^^^^^^^^^^^^^^^^^^^^^^^^^^^^^^^^^^^^^^^^^^^^^^^^^^^^
(EngineCore_DP3 pid=337491)   File "/home/l00838859/cann/my-project/vllm/vllm/v1/engine/core.py", line 1235, in run_engine_core
(EngineCore_DP3 pid=337491)     raise e
(EngineCore_DP3 pid=337491)   File "/home/l00838859/cann/my-project/vllm/vllm/v1/engine/core.py", line 1192, in run_engine_core
(EngineCore_DP3 pid=337491)     engine_core = DPEngineCoreProc(*args, **kwargs)
(EngineCore_DP3 pid=337491)                   ^^^^^^^^^^^^^^^^^^^^^^^^^^^^^^^^^
(EngineCore_DP3 pid=337491)   File "/home/l00838859/cann/my-project/vllm/vllm/v1/engine/core.py", line 1786, in __init__
(EngineCore_DP3 pid=337491)     super().__init__(
(EngineCore_DP3 pid=337491)   File "/home/l00838859/cann/my-project/vllm/vllm/tracing/otel.py", line 178, in sync_wrapper
(EngineCore_DP3 pid=337491)     return func(*args, **kwargs)
(EngineCore_DP3 pid=337491)            ^^^^^^^^^^^^^^^^^^^^^
(EngineCore_DP3 pid=337491)   File "/home/l00838859/cann/my-project/vllm/vllm/v1/engine/core.py", line 966, in __init__
(EngineCore_DP3 pid=337491)     super().__init__(
(EngineCore_DP3 pid=337491)   File "/home/l00838859/cann/my-project/vllm/vllm/v1/engine/core.py", line 133, in __init__
(EngineCore_DP3 pid=337491)     kv_cache_config = self._initialize_kv_caches(vllm_config)
(EngineCore_DP3 pid=337491)                       ^^^^^^^^^^^^^^^^^^^^^^^^^^^^^^^^^^^^^^^
(EngineCore_DP3 pid=337491)   File "/home/l00838859/cann/my-project/vllm/vllm/tracing/otel.py", line 178, in sync_wrapper
(EngineCore_DP3 pid=337491)     return func(*args, **kwargs)
(EngineCore_DP3 pid=337491)            ^^^^^^^^^^^^^^^^^^^^^
(EngineCore_DP3 pid=337491)   File "/home/l00838859/cann/my-project/vllm/vllm/v1/engine/core.py", line 321, in _initialize_kv_caches
(EngineCore_DP3 pid=337491)     self.model_executor.initialize_from_config(kv_cache_configs)
(EngineCore_DP3 pid=337491)   File "/home/l00838859/cann/my-project/vllm/vllm/v1/executor/abstract.py", line 124, in initialize_from_config
(EngineCore_DP3 pid=337491)     compilation_times: list[CompilationTimes] = self.collective_rpc(
(EngineCore_DP3 pid=337491)                                                 ^^^^^^^^^^^^^^^^^^^^
(EngineCore_DP3 pid=337491)   File "/home/l00838859/cann/my-project/vllm/vllm/v1/executor/multiproc_executor.py", line 405, in collective_rpc
(EngineCore_DP3 pid=337491)     return future if non_block else future.result()
(EngineCore_DP3 pid=337491)                                     ^^^^^^^^^^^^^^^
(EngineCore_DP3 pid=337491)   File "/home/l00838859/cann/my-project/vllm/vllm/v1/executor/multiproc_executor.py", line 91, in result
(EngineCore_DP3 pid=337491)     return super().result()
(EngineCore_DP3 pid=337491)            ^^^^^^^^^^^^^^^^
(EngineCore_DP3 pid=337491)   File "/usr/local/lib/python3.11/concurrent/futures/_base.py", line 449, in result
(EngineCore_DP3 pid=337491)     return self.__get_result()
(EngineCore_DP3 pid=337491)            ^^^^^^^^^^^^^^^^^^^
(EngineCore_DP3 pid=337491)   File "/usr/local/lib/python3.11/concurrent/futures/_base.py", line 401, in __get_result
(EngineCore_DP3 pid=337491)     raise self._exception
(EngineCore_DP3 pid=337491)   File "/home/l00838859/cann/my-project/vllm/vllm/v1/executor/multiproc_executor.py", line 95, in _wait_for_response
(EngineCore_DP3 pid=337491)     response = self.aggregate(self.get_response())
(EngineCore_DP3 pid=337491)                               ^^^^^^^^^^^^^^^^^^^
(EngineCore_DP3 pid=337491)   File "/home/l00838859/cann/my-project/vllm/vllm/v1/executor/multiproc_executor.py", line 394, in get_response
(EngineCore_DP3 pid=337491)     raise RuntimeError(
(EngineCore_DP3 pid=337491) RuntimeError: Worker failed with error 'NPUModelRunner init failed, error is NPUModelRunner failed, error is copy_between_host_and_device_opapi:../torch_npu/csrc/aten/ops/op_api/CopyKernelOpApi.cpp:55 NPU function error: aclrtMemcpy, error code is 107030
(EngineCore_DP3 pid=337491) [ERROR] 2026-07-27-19:30:38 (PID:337903, Device:6, RankID:-1) ERR00100 PTA call acl api failed.
(EngineCore_DP3 pid=337491) EE9999: Inner Error!
(EngineCore_DP3 pid=337491) EE9999[PID: 337903] 2026-07-27-19:30:38.525.164 (EE9999):  Not allow to synchronize captured-stream, stream_id=32.[FUNC:StreamSynchronize][FILE:api_error.cc][LINE:1016]
(EngineCore_DP3 pid=337491)         TraceBack (most recent call last):
(EngineCore_DP3 pid=337491)        rtStreamSynchronize execution failed, reason=stream is captured[FUNC:FuncErrorReason][FILE:error_message_manage.cc][LINE:65]
(EngineCore_DP3 pid=337491)        synchronize stream failed, runtime result = 107027[FUNC:ReportCallError][FILE:log_inner.cpp][LINE:148]
(EngineCore_DP3 pid=337491)        rtMemcpy execution failed, reason=the current capture mode does not support this operation[FUNC:FuncErrorReason][FILE:error_message_manage.cc][LINE:65]
(EngineCore_DP3 pid=337491)        synchronized memcpy failed, kind = 1, runtime result = 107030[FUNC:ReportCallError][FILE:log_inner.cpp][LINE:148]
(EngineCore_DP3 pid=337491) ', please check the stack trace above for the root cause
/usr/local/lib/python3.11/multiprocessing/resource_tracker.py:254: UserWarning: resource_tracker: There appear to be 2 leaked shared_memory objects to clean up at shutdown
  warnings.warn('resource_tracker: There appear to be %d '
Process Process-2:
Traceback (most recent call last):
  File "/usr/local/lib/python3.11/multiprocessing/process.py", line 314, in _bootstrap
    self.run()
  File "/usr/local/lib/python3.11/multiprocessing/process.py", line 108, in run
    self._target(*self._args, **self._kwargs)
  File "/home/l00838859/cann/vllm-runner/data_parallel.py", line 168, in run_vllm_main
    llm = LLM(
          ^^^^
  File "/home/l00838859/cann/my-project/vllm/vllm/entrypoints/llm.py", line 349, in __init__
    self.llm_engine = LLMEngine.from_engine_args(
                      ^^^^^^^^^^^^^^^^^^^^^^^^^^^
  File "/home/l00838859/cann/my-project/vllm/vllm/v1/engine/llm_engine.py", line 179, in from_engine_args
    return cls(
           ^^^^
  File "/home/l00838859/cann/my-project/vllm/vllm/v1/engine/llm_engine.py", line 105, in __init__
    self.engine_core = EngineCoreClient.make_client(
                       ^^^^^^^^^^^^^^^^^^^^^^^^^^^^^
  File "/home/l00838859/cann/my-project/vllm/vllm/v1/engine/core_client.py", line 103, in make_client
    return SyncMPClient(vllm_config, executor_class, log_stats)
           ^^^^^^^^^^^^^^^^^^^^^^^^^^^^^^^^^^^^^^^^^^^^^^^^^^^^
  File "/home/l00838859/cann/my-project/vllm/vllm/tracing/otel.py", line 178, in sync_wrapper
    return func(*args, **kwargs)
           ^^^^^^^^^^^^^^^^^^^^^
  File "/home/l00838859/cann/my-project/vllm/vllm/v1/engine/core_client.py", line 786, in __init__
    super().__init__(
  File "/home/l00838859/cann/my-project/vllm/vllm/v1/engine/core_client.py", line 573, in __init__
    with launch_core_engines(
  File "/usr/local/lib/python3.11/contextlib.py", line 144, in __exit__
    next(self.gen)
  File "/home/l00838859/cann/my-project/vllm/vllm/v1/engine/utils.py", line 1213, in launch_core_engines
    wait_for_engine_startup(
  File "/home/l00838859/cann/my-project/vllm/vllm/v1/engine/utils.py", line 1272, in wait_for_engine_startup
    raise RuntimeError(
RuntimeError: Engine core initialization failed. See root cause above. Failed core proc(s): {}
Process Process-5:
Traceback (most recent call last):
  File "/usr/local/lib/python3.11/multiprocessing/process.py", line 314, in _bootstrap
    self.run()
  File "/usr/local/lib/python3.11/multiprocessing/process.py", line 108, in run
    self._target(*self._args, **self._kwargs)
  File "/home/l00838859/cann/vllm-runner/data_parallel.py", line 168, in run_vllm_main
    llm = LLM(
          ^^^^
  File "/home/l00838859/cann/my-project/vllm/vllm/entrypoints/llm.py", line 349, in __init__
    self.llm_engine = LLMEngine.from_engine_args(
                      ^^^^^^^^^^^^^^^^^^^^^^^^^^^
  File "/home/l00838859/cann/my-project/vllm/vllm/v1/engine/llm_engine.py", line 179, in from_engine_args
    return cls(
           ^^^^
  File "/home/l00838859/cann/my-project/vllm/vllm/v1/engine/llm_engine.py", line 105, in __init__
    self.engine_core = EngineCoreClient.make_client(
                       ^^^^^^^^^^^^^^^^^^^^^^^^^^^^^
  File "/home/l00838859/cann/my-project/vllm/vllm/v1/engine/core_client.py", line 103, in make_client
    return SyncMPClient(vllm_config, executor_class, log_stats)
           ^^^^^^^^^^^^^^^^^^^^^^^^^^^^^^^^^^^^^^^^^^^^^^^^^^^^
  File "/home/l00838859/cann/my-project/vllm/vllm/tracing/otel.py", line 178, in sync_wrapper
    return func(*args, **kwargs)
           ^^^^^^^^^^^^^^^^^^^^^
  File "/home/l00838859/cann/my-project/vllm/vllm/v1/engine/core_client.py", line 786, in __init__
    super().__init__(
  File "/home/l00838859/cann/my-project/vllm/vllm/v1/engine/core_client.py", line 573, in __init__
    with launch_core_engines(
  File "/usr/local/lib/python3.11/contextlib.py", line 144, in __exit__
    next(self.gen)
  File "/home/l00838859/cann/my-project/vllm/vllm/v1/engine/utils.py", line 1213, in launch_core_engines
    wait_for_engine_startup(
  File "/home/l00838859/cann/my-project/vllm/vllm/v1/engine/utils.py", line 1272, in wait_for_engine_startup
    raise RuntimeError(
RuntimeError: Engine core initialization failed. See root cause above. Failed core proc(s): {}
/usr/local/lib/python3.11/multiprocessing/resource_tracker.py:254: UserWarning: resource_tracker: There appear to be 2 leaked shared_memory objects to clean up at shutdown
  warnings.warn('resource_tracker: There appear to be %d '
/usr/local/lib/python3.11/multiprocessing/resource_tracker.py:254: UserWarning: resource_tracker: There appear to be 2 leaked shared_memory objects to clean up at shutdown
  warnings.warn('resource_tracker: There appear to be %d '
Process Process-7:
Traceback (most recent call last):
  File "/usr/local/lib/python3.11/multiprocessing/process.py", line 314, in _bootstrap
    self.run()
  File "/usr/local/lib/python3.11/multiprocessing/process.py", line 108, in run
    self._target(*self._args, **self._kwargs)
  File "/home/l00838859/cann/vllm-runner/data_parallel.py", line 168, in run_vllm_main
    llm = LLM(
          ^^^^
  File "/home/l00838859/cann/my-project/vllm/vllm/entrypoints/llm.py", line 349, in __init__
    self.llm_engine = LLMEngine.from_engine_args(
                      ^^^^^^^^^^^^^^^^^^^^^^^^^^^
  File "/home/l00838859/cann/my-project/vllm/vllm/v1/engine/llm_engine.py", line 179, in from_engine_args
    return cls(
           ^^^^
  File "/home/l00838859/cann/my-project/vllm/vllm/v1/engine/llm_engine.py", line 105, in __init__
    self.engine_core = EngineCoreClient.make_client(
                       ^^^^^^^^^^^^^^^^^^^^^^^^^^^^^
  File "/home/l00838859/cann/my-project/vllm/vllm/v1/engine/core_client.py", line 103, in make_client
    return SyncMPClient(vllm_config, executor_class, log_stats)
           ^^^^^^^^^^^^^^^^^^^^^^^^^^^^^^^^^^^^^^^^^^^^^^^^^^^^
  File "/home/l00838859/cann/my-project/vllm/vllm/tracing/otel.py", line 178, in sync_wrapper
    return func(*args, **kwargs)
           ^^^^^^^^^^^^^^^^^^^^^
  File "/home/l00838859/cann/my-project/vllm/vllm/v1/engine/core_client.py", line 786, in __init__
    super().__init__(
  File "/home/l00838859/cann/my-project/vllm/vllm/v1/engine/core_client.py", line 573, in __init__
    with launch_core_engines(
  File "/usr/local/lib/python3.11/contextlib.py", line 144, in __exit__
    next(self.gen)
  File "/home/l00838859/cann/my-project/vllm/vllm/v1/engine/utils.py", line 1213, in launch_core_engines
    wait_for_engine_startup(
  File "/home/l00838859/cann/my-project/vllm/vllm/v1/engine/utils.py", line 1272, in wait_for_engine_startup
    raise RuntimeError(
RuntimeError: Engine core initialization failed. See root cause above. Failed core proc(s): {}
/usr/local/lib/python3.11/multiprocessing/resource_tracker.py:254: UserWarning: resource_tracker: There appear to be 2 leaked shared_memory objects to clean up at shutdown
  warnings.warn('resource_tracker: There appear to be %d '
Process Process-1:
Traceback (most recent call last):
  File "/usr/local/lib/python3.11/multiprocessing/process.py", line 314, in _bootstrap
    self.run()
  File "/usr/local/lib/python3.11/multiprocessing/process.py", line 108, in run
    self._target(*self._args, **self._kwargs)
  File "/home/l00838859/cann/vllm-runner/data_parallel.py", line 168, in run_vllm_main
    llm = LLM(
          ^^^^
  File "/home/l00838859/cann/my-project/vllm/vllm/entrypoints/llm.py", line 349, in __init__
    self.llm_engine = LLMEngine.from_engine_args(
                      ^^^^^^^^^^^^^^^^^^^^^^^^^^^
  File "/home/l00838859/cann/my-project/vllm/vllm/v1/engine/llm_engine.py", line 179, in from_engine_args
    return cls(
           ^^^^
  File "/home/l00838859/cann/my-project/vllm/vllm/v1/engine/llm_engine.py", line 105, in __init__
    self.engine_core = EngineCoreClient.make_client(
                       ^^^^^^^^^^^^^^^^^^^^^^^^^^^^^
  File "/home/l00838859/cann/my-project/vllm/vllm/v1/engine/core_client.py", line 103, in make_client
    return SyncMPClient(vllm_config, executor_class, log_stats)
           ^^^^^^^^^^^^^^^^^^^^^^^^^^^^^^^^^^^^^^^^^^^^^^^^^^^^
  File "/home/l00838859/cann/my-project/vllm/vllm/tracing/otel.py", line 178, in sync_wrapper
    return func(*args, **kwargs)
           ^^^^^^^^^^^^^^^^^^^^^
  File "/home/l00838859/cann/my-project/vllm/vllm/v1/engine/core_client.py", line 786, in __init__
    super().__init__(
  File "/home/l00838859/cann/my-project/vllm/vllm/v1/engine/core_client.py", line 573, in __init__
    with launch_core_engines(
  File "/usr/local/lib/python3.11/contextlib.py", line 144, in __exit__
    next(self.gen)
  File "/home/l00838859/cann/my-project/vllm/vllm/v1/engine/utils.py", line 1213, in launch_core_engines
    wait_for_engine_startup(
  File "/home/l00838859/cann/my-project/vllm/vllm/v1/engine/utils.py", line 1272, in wait_for_engine_startup
    raise RuntimeError(
RuntimeError: Engine core initialization failed. See root cause above. Failed core proc(s): {}
failed pid=337394 code=1
failed pid=337396 code=1
failed pid=337398 code=1
/usr/local/lib/python3.11/multiprocessing/resource_tracker.py:254: UserWarning: resource_tracker: There appear to be 2 leaked shared_memory objects to clean up at shutdown
  warnings.warn('resource_tracker: There appear to be %d '
Process Process-4:
Traceback (most recent call last):
  File "/usr/local/lib/python3.11/multiprocessing/process.py", line 314, in _bootstrap
    self.run()
  File "/usr/local/lib/python3.11/multiprocessing/process.py", line 108, in run
    self._target(*self._args, **self._kwargs)
  File "/home/l00838859/cann/vllm-runner/data_parallel.py", line 168, in run_vllm_main
    llm = LLM(
          ^^^^
  File "/home/l00838859/cann/my-project/vllm/vllm/entrypoints/llm.py", line 349, in __init__
    self.llm_engine = LLMEngine.from_engine_args(
                      ^^^^^^^^^^^^^^^^^^^^^^^^^^^
  File "/home/l00838859/cann/my-project/vllm/vllm/v1/engine/llm_engine.py", line 179, in from_engine_args
    return cls(
           ^^^^
  File "/home/l00838859/cann/my-project/vllm/vllm/v1/engine/llm_engine.py", line 105, in __init__
    self.engine_core = EngineCoreClient.make_client(
                       ^^^^^^^^^^^^^^^^^^^^^^^^^^^^^
  File "/home/l00838859/cann/my-project/vllm/vllm/v1/engine/core_client.py", line 103, in make_client
    return SyncMPClient(vllm_config, executor_class, log_stats)
           ^^^^^^^^^^^^^^^^^^^^^^^^^^^^^^^^^^^^^^^^^^^^^^^^^^^^
  File "/home/l00838859/cann/my-project/vllm/vllm/tracing/otel.py", line 178, in sync_wrapper
    return func(*args, **kwargs)
           ^^^^^^^^^^^^^^^^^^^^^
  File "/home/l00838859/cann/my-project/vllm/vllm/v1/engine/core_client.py", line 786, in __init__
    super().__init__(
  File "/home/l00838859/cann/my-project/vllm/vllm/v1/engine/core_client.py", line 573, in __init__
    with launch_core_engines(
  File "/usr/local/lib/python3.11/contextlib.py", line 144, in __exit__
    next(self.gen)
  File "/home/l00838859/cann/my-project/vllm/vllm/v1/engine/utils.py", line 1213, in launch_core_engines
    wait_for_engine_startup(
  File "/home/l00838859/cann/my-project/vllm/vllm/v1/engine/utils.py", line 1272, in wait_for_engine_startup
    raise RuntimeError(
RuntimeError: Engine core initialization failed. See root cause above. Failed core proc(s): {}
failed pid=337400 code=1
failed pid=337402 code=1
failed pid=337404 code=1
failed pid=337406 code=1
failed pid=337408 code=1
/usr/local/lib/python3.11/multiprocessing/resource_tracker.py:254: UserWarning: resource_tracker: There appear to be 2 leaked shared_memory objects to clean up at shutdown
  warnings.warn('resource_tracker: There appear to be %d '
