INFO 07-27 20:12:15 [__init__.py:52] Available plugins for group vllm.platform_plugins:
INFO 07-27 20:12:15 [__init__.py:54] - ascend -> vllm_ascend:register
INFO 07-27 20:12:15 [__init__.py:57] All plugins in this group will be loaded. Set `VLLM_PLUGINS` to control which plugins to load.
INFO 07-27 20:12:15 [__init__.py:237] Platform plugin ascend is activated
INFO 07-27 20:12:15 [platform.py:61] Breakable cudagraph is force disabled on Ascend because DeepSeek V4 PIECEWISE cudagraph is not supported yet.
killed pid=353038 pattern=python
killed pid=353084 pattern=python
removed /root/ascend/log
removed /root/atb/log
model=/mnt/weights/DeepSeek-V3.1-Terminus-w8a8-QuaRot-lfs dp=8 tp=2 node_size=1 node_rank=0
os.environ['VLLM_USE_BREAKABLE_CUDAGRAPH']='0'
os.environ['VLLM_USE_BREAKABLE_CUDAGRAPH']='0'
os.environ['VLLM_USE_BREAKABLE_CUDAGRAPH']='0'
os.environ['VLLM_USE_BREAKABLE_CUDAGRAPH']='0'
2026-07-27 20:12:19,309 - 353139 - ServiceProfiler - INFO - VLLM_USE_V1 not set, auto-detected via vLLM 0.1.dev18654+g54503ecec.empty: default 0
os.environ['VLLM_USE_BREAKABLE_CUDAGRAPH']='0'
2026-07-27 20:12:19,317 - 353141 - ServiceProfiler - INFO - VLLM_USE_V1 not set, auto-detected via vLLM 0.1.dev18654+g54503ecec.empty: default 0
os.environ['VLLM_USE_BREAKABLE_CUDAGRAPH']='0'
2026-07-27 20:12:19,330 - 353143 - ServiceProfiler - INFO - VLLM_USE_V1 not set, auto-detected via vLLM 0.1.dev18654+g54503ecec.empty: default 0
os.environ['VLLM_USE_BREAKABLE_CUDAGRAPH']='0'
2026-07-27 20:12:19,341 - 353145 - ServiceProfiler - INFO - VLLM_USE_V1 not set, auto-detected via vLLM 0.1.dev18654+g54503ecec.empty: default 0
os.environ['VLLM_USE_BREAKABLE_CUDAGRAPH']='0'
2026-07-27 20:12:19,353 - 353147 - ServiceProfiler - INFO - VLLM_USE_V1 not set, auto-detected via vLLM 0.1.dev18654+g54503ecec.empty: default 0
2026-07-27 20:12:19,365 - 353149 - ServiceProfiler - INFO - VLLM_USE_V1 not set, auto-detected via vLLM 0.1.dev18654+g54503ecec.empty: default 0
2026-07-27 20:12:19,376 - 353151 - ServiceProfiler - INFO - VLLM_USE_V1 not set, auto-detected via vLLM 0.1.dev18654+g54503ecec.empty: default 0
2026-07-27 20:12:19,391 - 353153 - ServiceProfiler - INFO - VLLM_USE_V1 not set, auto-detected via vLLM 0.1.dev18654+g54503ecec.empty: default 0
INFO 07-27 20:12:19 [__init__.py:112] Registered model loader `<class 'vllm_ascend.model_loader.netloader.netloader.ModelNetLoaderElastic'>` with load format `netloader`
INFO 07-27 20:12:19 [__init__.py:112] Registered model loader `<class 'vllm_ascend.model_loader.rfork.rfork_loader.RForkModelLoader'>` with load format `rfork`
INFO 07-27 20:12:20 [__init__.py:112] Registered model loader `<class 'vllm_ascend.model_loader.netloader.netloader.ModelNetLoaderElastic'>` with load format `netloader`
INFO 07-27 20:12:20 [__init__.py:112] Registered model loader `<class 'vllm_ascend.model_loader.netloader.netloader.ModelNetLoaderElastic'>` with load format `netloader`
INFO 07-27 20:12:20 [__init__.py:112] Registered model loader `<class 'vllm_ascend.model_loader.rfork.rfork_loader.RForkModelLoader'>` with load format `rfork`
INFO 07-27 20:12:20 [api_utils.py:273] non-default args: {'trust_remote_code': True, 'seed': 1024, 'max_model_len': 4096, 'tensor_parallel_size': 2, 'enable_expert_parallel': True, 'enable_prefix_caching': False, 'gpu_memory_utilization': 0.9, 'max_num_batched_tokens': 256, 'max_num_seqs': 16, 'quantization': 'ascend', 'speculative_config': {'method': 'mtp', 'num_speculative_tokens': 2}, 'compilation_config': {'mode': None, 'debug_dump_path': PosixPath('fx-graph'), 'cache_dir': '', 'compile_cache_save_format': 'binary', 'backend': 'vllm_ascend.compilation.compiler_interface.AscendCompiler', 'custom_ops': [], 'ir_enable_torch_wrap': None, 'splitting_ops': None, 'compile_mm_encoder': False, 'cudagraph_mm_encoder': False, 'encoder_cudagraph_token_budgets': [], 'encoder_cudagraph_max_vision_items_per_batch': 0, 'encoder_cudagraph_max_frames_per_batch': None, 'compile_sizes': None, 'compile_ranges_endpoints': None, 'inductor_compile_config': {'enable_auto_functionalized_v2': False, 'size_asserts': False, 'alignment_asserts': False, 'scalar_asserts': False, 'combo_kernels': True, 'benchmark_combo_kernel': True}, 'inductor_passes': {}, 'cudagraph_mode': <CUDAGraphMode.FULL_DECODE_ONLY: (2, 0)>, 'cudagraph_num_of_warmups': 0, 'cudagraph_capture_sizes': [3, 48], 'cudagraph_copy_inputs': False, 'cudagraph_specialize_lora': True, 'use_inductor_graph_partition': None, 'pass_config': {}, 'max_cudagraph_capture_size': None, 'dynamic_shapes_config': {'type': <DynamicShapesType.BACKED: 'backed'>, 'evaluate_guards': False, 'assume_32_bit_indexing': False}, 'local_cache_dir': None, 'fast_moe_cold_start': None, 'static_all_moe_layers': []}, 'additional_config': {'finegrained_tp_config': {'lmhead_tensor_parallel_size': 2}, 'multistream_overlap_shared_expert': True}, 'model': '/mnt/weights/DeepSeek-V3.1-Terminus-w8a8-QuaRot-lfs'}
INFO 07-27 20:12:20 [__init__.py:112] Registered model loader `<class 'vllm_ascend.model_loader.rfork.rfork_loader.RForkModelLoader'>` with load format `rfork`
INFO 07-27 20:12:20 [api_utils.py:273] non-default args: {'trust_remote_code': True, 'seed': 1024, 'max_model_len': 4096, 'tensor_parallel_size': 2, 'enable_expert_parallel': True, 'enable_prefix_caching': False, 'gpu_memory_utilization': 0.9, 'max_num_batched_tokens': 256, 'max_num_seqs': 16, 'quantization': 'ascend', 'speculative_config': {'method': 'mtp', 'num_speculative_tokens': 2}, 'compilation_config': {'mode': None, 'debug_dump_path': PosixPath('fx-graph'), 'cache_dir': '', 'compile_cache_save_format': 'binary', 'backend': 'vllm_ascend.compilation.compiler_interface.AscendCompiler', 'custom_ops': [], 'ir_enable_torch_wrap': None, 'splitting_ops': None, 'compile_mm_encoder': False, 'cudagraph_mm_encoder': False, 'encoder_cudagraph_token_budgets': [], 'encoder_cudagraph_max_vision_items_per_batch': 0, 'encoder_cudagraph_max_frames_per_batch': None, 'compile_sizes': None, 'compile_ranges_endpoints': None, 'inductor_compile_config': {'enable_auto_functionalized_v2': False, 'size_asserts': False, 'alignment_asserts': False, 'scalar_asserts': False, 'combo_kernels': True, 'benchmark_combo_kernel': True}, 'inductor_passes': {}, 'cudagraph_mode': <CUDAGraphMode.FULL_DECODE_ONLY: (2, 0)>, 'cudagraph_num_of_warmups': 0, 'cudagraph_capture_sizes': [3, 48], 'cudagraph_copy_inputs': False, 'cudagraph_specialize_lora': True, 'use_inductor_graph_partition': None, 'pass_config': {}, 'max_cudagraph_capture_size': None, 'dynamic_shapes_config': {'type': <DynamicShapesType.BACKED: 'backed'>, 'evaluate_guards': False, 'assume_32_bit_indexing': False}, 'local_cache_dir': None, 'fast_moe_cold_start': None, 'static_all_moe_layers': []}, 'additional_config': {'finegrained_tp_config': {'lmhead_tensor_parallel_size': 2}, 'multistream_overlap_shared_expert': True}, 'model': '/mnt/weights/DeepSeek-V3.1-Terminus-w8a8-QuaRot-lfs'}
INFO 07-27 20:12:20 [__init__.py:112] Registered model loader `<class 'vllm_ascend.model_loader.netloader.netloader.ModelNetLoaderElastic'>` with load format `netloader`
INFO 07-27 20:12:20 [api_utils.py:273] non-default args: {'trust_remote_code': True, 'seed': 1024, 'max_model_len': 4096, 'tensor_parallel_size': 2, 'enable_expert_parallel': True, 'enable_prefix_caching': False, 'gpu_memory_utilization': 0.9, 'max_num_batched_tokens': 256, 'max_num_seqs': 16, 'quantization': 'ascend', 'speculative_config': {'method': 'mtp', 'num_speculative_tokens': 2}, 'compilation_config': {'mode': None, 'debug_dump_path': PosixPath('fx-graph'), 'cache_dir': '', 'compile_cache_save_format': 'binary', 'backend': 'vllm_ascend.compilation.compiler_interface.AscendCompiler', 'custom_ops': [], 'ir_enable_torch_wrap': None, 'splitting_ops': None, 'compile_mm_encoder': False, 'cudagraph_mm_encoder': False, 'encoder_cudagraph_token_budgets': [], 'encoder_cudagraph_max_vision_items_per_batch': 0, 'encoder_cudagraph_max_frames_per_batch': None, 'compile_sizes': None, 'compile_ranges_endpoints': None, 'inductor_compile_config': {'enable_auto_functionalized_v2': False, 'size_asserts': False, 'alignment_asserts': False, 'scalar_asserts': False, 'combo_kernels': True, 'benchmark_combo_kernel': True}, 'inductor_passes': {}, 'cudagraph_mode': <CUDAGraphMode.FULL_DECODE_ONLY: (2, 0)>, 'cudagraph_num_of_warmups': 0, 'cudagraph_capture_sizes': [3, 48], 'cudagraph_copy_inputs': False, 'cudagraph_specialize_lora': True, 'use_inductor_graph_partition': None, 'pass_config': {}, 'max_cudagraph_capture_size': None, 'dynamic_shapes_config': {'type': <DynamicShapesType.BACKED: 'backed'>, 'evaluate_guards': False, 'assume_32_bit_indexing': False}, 'local_cache_dir': None, 'fast_moe_cold_start': None, 'static_all_moe_layers': []}, 'additional_config': {'finegrained_tp_config': {'lmhead_tensor_parallel_size': 2}, 'multistream_overlap_shared_expert': True}, 'model': '/mnt/weights/DeepSeek-V3.1-Terminus-w8a8-QuaRot-lfs'}
INFO 07-27 20:12:20 [__init__.py:112] Registered model loader `<class 'vllm_ascend.model_loader.netloader.netloader.ModelNetLoaderElastic'>` with load format `netloader`
INFO 07-27 20:12:20 [__init__.py:112] Registered model loader `<class 'vllm_ascend.model_loader.netloader.netloader.ModelNetLoaderElastic'>` with load format `netloader`
INFO 07-27 20:12:20 [__init__.py:112] Registered model loader `<class 'vllm_ascend.model_loader.netloader.netloader.ModelNetLoaderElastic'>` with load format `netloader`
INFO 07-27 20:12:20 [__init__.py:112] Registered model loader `<class 'vllm_ascend.model_loader.rfork.rfork_loader.RForkModelLoader'>` with load format `rfork`
INFO 07-27 20:12:20 [__init__.py:112] Registered model loader `<class 'vllm_ascend.model_loader.rfork.rfork_loader.RForkModelLoader'>` with load format `rfork`
INFO 07-27 20:12:20 [__init__.py:112] Registered model loader `<class 'vllm_ascend.model_loader.rfork.rfork_loader.RForkModelLoader'>` with load format `rfork`
INFO 07-27 20:12:20 [__init__.py:112] Registered model loader `<class 'vllm_ascend.model_loader.rfork.rfork_loader.RForkModelLoader'>` with load format `rfork`
INFO 07-27 20:12:20 [api_utils.py:273] non-default args: {'trust_remote_code': True, 'seed': 1024, 'max_model_len': 4096, 'tensor_parallel_size': 2, 'enable_expert_parallel': True, 'enable_prefix_caching': False, 'gpu_memory_utilization': 0.9, 'max_num_batched_tokens': 256, 'max_num_seqs': 16, 'quantization': 'ascend', 'speculative_config': {'method': 'mtp', 'num_speculative_tokens': 2}, 'compilation_config': {'mode': None, 'debug_dump_path': PosixPath('fx-graph'), 'cache_dir': '', 'compile_cache_save_format': 'binary', 'backend': 'vllm_ascend.compilation.compiler_interface.AscendCompiler', 'custom_ops': [], 'ir_enable_torch_wrap': None, 'splitting_ops': None, 'compile_mm_encoder': False, 'cudagraph_mm_encoder': False, 'encoder_cudagraph_token_budgets': [], 'encoder_cudagraph_max_vision_items_per_batch': 0, 'encoder_cudagraph_max_frames_per_batch': None, 'compile_sizes': None, 'compile_ranges_endpoints': None, 'inductor_compile_config': {'enable_auto_functionalized_v2': False, 'size_asserts': False, 'alignment_asserts': False, 'scalar_asserts': False, 'combo_kernels': True, 'benchmark_combo_kernel': True}, 'inductor_passes': {}, 'cudagraph_mode': <CUDAGraphMode.FULL_DECODE_ONLY: (2, 0)>, 'cudagraph_num_of_warmups': 0, 'cudagraph_capture_sizes': [3, 48], 'cudagraph_copy_inputs': False, 'cudagraph_specialize_lora': True, 'use_inductor_graph_partition': None, 'pass_config': {}, 'max_cudagraph_capture_size': None, 'dynamic_shapes_config': {'type': <DynamicShapesType.BACKED: 'backed'>, 'evaluate_guards': False, 'assume_32_bit_indexing': False}, 'local_cache_dir': None, 'fast_moe_cold_start': None, 'static_all_moe_layers': []}, 'additional_config': {'finegrained_tp_config': {'lmhead_tensor_parallel_size': 2}, 'multistream_overlap_shared_expert': True}, 'model': '/mnt/weights/DeepSeek-V3.1-Terminus-w8a8-QuaRot-lfs'}
INFO 07-27 20:12:20 [__init__.py:112] Registered model loader `<class 'vllm_ascend.model_loader.netloader.netloader.ModelNetLoaderElastic'>` with load format `netloader`
INFO 07-27 20:12:20 [api_utils.py:273] non-default args: {'trust_remote_code': True, 'seed': 1024, 'max_model_len': 4096, 'tensor_parallel_size': 2, 'enable_expert_parallel': True, 'enable_prefix_caching': False, 'gpu_memory_utilization': 0.9, 'max_num_batched_tokens': 256, 'max_num_seqs': 16, 'quantization': 'ascend', 'speculative_config': {'method': 'mtp', 'num_speculative_tokens': 2}, 'compilation_config': {'mode': None, 'debug_dump_path': PosixPath('fx-graph'), 'cache_dir': '', 'compile_cache_save_format': 'binary', 'backend': 'vllm_ascend.compilation.compiler_interface.AscendCompiler', 'custom_ops': [], 'ir_enable_torch_wrap': None, 'splitting_ops': None, 'compile_mm_encoder': False, 'cudagraph_mm_encoder': False, 'encoder_cudagraph_token_budgets': [], 'encoder_cudagraph_max_vision_items_per_batch': 0, 'encoder_cudagraph_max_frames_per_batch': None, 'compile_sizes': None, 'compile_ranges_endpoints': None, 'inductor_compile_config': {'enable_auto_functionalized_v2': False, 'size_asserts': False, 'alignment_asserts': False, 'scalar_asserts': False, 'combo_kernels': True, 'benchmark_combo_kernel': True}, 'inductor_passes': {}, 'cudagraph_mode': <CUDAGraphMode.FULL_DECODE_ONLY: (2, 0)>, 'cudagraph_num_of_warmups': 0, 'cudagraph_capture_sizes': [3, 48], 'cudagraph_copy_inputs': False, 'cudagraph_specialize_lora': True, 'use_inductor_graph_partition': None, 'pass_config': {}, 'max_cudagraph_capture_size': None, 'dynamic_shapes_config': {'type': <DynamicShapesType.BACKED: 'backed'>, 'evaluate_guards': False, 'assume_32_bit_indexing': False}, 'local_cache_dir': None, 'fast_moe_cold_start': None, 'static_all_moe_layers': []}, 'additional_config': {'finegrained_tp_config': {'lmhead_tensor_parallel_size': 2}, 'multistream_overlap_shared_expert': True}, 'model': '/mnt/weights/DeepSeek-V3.1-Terminus-w8a8-QuaRot-lfs'}
INFO 07-27 20:12:20 [api_utils.py:273] non-default args: {'trust_remote_code': True, 'seed': 1024, 'max_model_len': 4096, 'tensor_parallel_size': 2, 'enable_expert_parallel': True, 'enable_prefix_caching': False, 'gpu_memory_utilization': 0.9, 'max_num_batched_tokens': 256, 'max_num_seqs': 16, 'quantization': 'ascend', 'speculative_config': {'method': 'mtp', 'num_speculative_tokens': 2}, 'compilation_config': {'mode': None, 'debug_dump_path': PosixPath('fx-graph'), 'cache_dir': '', 'compile_cache_save_format': 'binary', 'backend': 'vllm_ascend.compilation.compiler_interface.AscendCompiler', 'custom_ops': [], 'ir_enable_torch_wrap': None, 'splitting_ops': None, 'compile_mm_encoder': False, 'cudagraph_mm_encoder': False, 'encoder_cudagraph_token_budgets': [], 'encoder_cudagraph_max_vision_items_per_batch': 0, 'encoder_cudagraph_max_frames_per_batch': None, 'compile_sizes': None, 'compile_ranges_endpoints': None, 'inductor_compile_config': {'enable_auto_functionalized_v2': False, 'size_asserts': False, 'alignment_asserts': False, 'scalar_asserts': False, 'combo_kernels': True, 'benchmark_combo_kernel': True}, 'inductor_passes': {}, 'cudagraph_mode': <CUDAGraphMode.FULL_DECODE_ONLY: (2, 0)>, 'cudagraph_num_of_warmups': 0, 'cudagraph_capture_sizes': [3, 48], 'cudagraph_copy_inputs': False, 'cudagraph_specialize_lora': True, 'use_inductor_graph_partition': None, 'pass_config': {}, 'max_cudagraph_capture_size': None, 'dynamic_shapes_config': {'type': <DynamicShapesType.BACKED: 'backed'>, 'evaluate_guards': False, 'assume_32_bit_indexing': False}, 'local_cache_dir': None, 'fast_moe_cold_start': None, 'static_all_moe_layers': []}, 'additional_config': {'finegrained_tp_config': {'lmhead_tensor_parallel_size': 2}, 'multistream_overlap_shared_expert': True}, 'model': '/mnt/weights/DeepSeek-V3.1-Terminus-w8a8-QuaRot-lfs'}
WARNING 07-27 20:12:20 [envs.py:2082] Unknown vLLM environment variable detected: VLLM_ASCEND_ENABLE_MLAPO
INFO 07-27 20:12:20 [api_utils.py:273] non-default args: {'trust_remote_code': True, 'seed': 1024, 'max_model_len': 4096, 'tensor_parallel_size': 2, 'enable_expert_parallel': True, 'enable_prefix_caching': False, 'gpu_memory_utilization': 0.9, 'max_num_batched_tokens': 256, 'max_num_seqs': 16, 'quantization': 'ascend', 'speculative_config': {'method': 'mtp', 'num_speculative_tokens': 2}, 'compilation_config': {'mode': None, 'debug_dump_path': PosixPath('fx-graph'), 'cache_dir': '', 'compile_cache_save_format': 'binary', 'backend': 'vllm_ascend.compilation.compiler_interface.AscendCompiler', 'custom_ops': [], 'ir_enable_torch_wrap': None, 'splitting_ops': None, 'compile_mm_encoder': False, 'cudagraph_mm_encoder': False, 'encoder_cudagraph_token_budgets': [], 'encoder_cudagraph_max_vision_items_per_batch': 0, 'encoder_cudagraph_max_frames_per_batch': None, 'compile_sizes': None, 'compile_ranges_endpoints': None, 'inductor_compile_config': {'enable_auto_functionalized_v2': False, 'size_asserts': False, 'alignment_asserts': False, 'scalar_asserts': False, 'combo_kernels': True, 'benchmark_combo_kernel': True}, 'inductor_passes': {}, 'cudagraph_mode': <CUDAGraphMode.FULL_DECODE_ONLY: (2, 0)>, 'cudagraph_num_of_warmups': 0, 'cudagraph_capture_sizes': [3, 48], 'cudagraph_copy_inputs': False, 'cudagraph_specialize_lora': True, 'use_inductor_graph_partition': None, 'pass_config': {}, 'max_cudagraph_capture_size': None, 'dynamic_shapes_config': {'type': <DynamicShapesType.BACKED: 'backed'>, 'evaluate_guards': False, 'assume_32_bit_indexing': False}, 'local_cache_dir': None, 'fast_moe_cold_start': None, 'static_all_moe_layers': []}, 'additional_config': {'finegrained_tp_config': {'lmhead_tensor_parallel_size': 2}, 'multistream_overlap_shared_expert': True}, 'model': '/mnt/weights/DeepSeek-V3.1-Terminus-w8a8-QuaRot-lfs'}
INFO 07-27 20:12:20 [__init__.py:112] Registered model loader `<class 'vllm_ascend.model_loader.rfork.rfork_loader.RForkModelLoader'>` with load format `rfork`
WARNING 07-27 20:12:20 [envs.py:2082] Unknown vLLM environment variable detected: VLLM_ASCEND_ENABLE_MLAPO
INFO 07-27 20:12:20 [model.py:619] Resolved architecture: DeepseekV3ForCausalLM
INFO 07-27 20:12:20 [model.py:1776] Using max model len 4096
WARNING 07-27 20:12:20 [envs.py:2082] Unknown vLLM environment variable detected: VLLM_ASCEND_ENABLE_MLAPO
INFO 07-27 20:12:20 [api_utils.py:273] non-default args: {'trust_remote_code': True, 'seed': 1024, 'max_model_len': 4096, 'tensor_parallel_size': 2, 'enable_expert_parallel': True, 'enable_prefix_caching': False, 'gpu_memory_utilization': 0.9, 'max_num_batched_tokens': 256, 'max_num_seqs': 16, 'quantization': 'ascend', 'speculative_config': {'method': 'mtp', 'num_speculative_tokens': 2}, 'compilation_config': {'mode': None, 'debug_dump_path': PosixPath('fx-graph'), 'cache_dir': '', 'compile_cache_save_format': 'binary', 'backend': 'vllm_ascend.compilation.compiler_interface.AscendCompiler', 'custom_ops': [], 'ir_enable_torch_wrap': None, 'splitting_ops': None, 'compile_mm_encoder': False, 'cudagraph_mm_encoder': False, 'encoder_cudagraph_token_budgets': [], 'encoder_cudagraph_max_vision_items_per_batch': 0, 'encoder_cudagraph_max_frames_per_batch': None, 'compile_sizes': None, 'compile_ranges_endpoints': None, 'inductor_compile_config': {'enable_auto_functionalized_v2': False, 'size_asserts': False, 'alignment_asserts': False, 'scalar_asserts': False, 'combo_kernels': True, 'benchmark_combo_kernel': True}, 'inductor_passes': {}, 'cudagraph_mode': <CUDAGraphMode.FULL_DECODE_ONLY: (2, 0)>, 'cudagraph_num_of_warmups': 0, 'cudagraph_capture_sizes': [3, 48], 'cudagraph_copy_inputs': False, 'cudagraph_specialize_lora': True, 'use_inductor_graph_partition': None, 'pass_config': {}, 'max_cudagraph_capture_size': None, 'dynamic_shapes_config': {'type': <DynamicShapesType.BACKED: 'backed'>, 'evaluate_guards': False, 'assume_32_bit_indexing': False}, 'local_cache_dir': None, 'fast_moe_cold_start': None, 'static_all_moe_layers': []}, 'additional_config': {'finegrained_tp_config': {'lmhead_tensor_parallel_size': 2}, 'multistream_overlap_shared_expert': True}, 'model': '/mnt/weights/DeepSeek-V3.1-Terminus-w8a8-QuaRot-lfs'}
INFO 07-27 20:12:20 [model.py:619] Resolved architecture: DeepSeekMTPModel
INFO 07-27 20:12:20 [model.py:1776] Using max model len 163840
WARNING 07-27 20:12:20 [speculative.py:868] Enabling num_speculative_tokens > 1 will run multiple times of forward on same MTP layer,which may result in lower acceptance rate
INFO 07-27 20:12:20 [speculative.py:1067] Overriding draft model max model len from 163840 to 4096
INFO 07-27 20:12:20 [scheduler.py:252] Chunked prefill is enabled with max_num_batched_tokens=256.
INFO 07-27 20:12:20 [model.py:619] Resolved architecture: DeepseekV3ForCausalLM
INFO 07-27 20:12:20 [model.py:1776] Using max model len 4096
INFO 07-27 20:12:20 [model.py:619] Resolved architecture: DeepseekV3ForCausalLM
INFO 07-27 20:12:20 [model.py:1776] Using max model len 4096
INFO 07-27 20:12:20 [model.py:619] Resolved architecture: DeepSeekMTPModel
INFO 07-27 20:12:20 [model.py:1776] Using max model len 163840
WARNING 07-27 20:12:20 [speculative.py:868] Enabling num_speculative_tokens > 1 will run multiple times of forward on same MTP layer,which may result in lower acceptance rate
INFO 07-27 20:12:20 [speculative.py:1067] Overriding draft model max model len from 163840 to 4096
INFO 07-27 20:12:20 [scheduler.py:252] Chunked prefill is enabled with max_num_batched_tokens=256.
WARNING 07-27 20:12:20 [envs.py:2082] Unknown vLLM environment variable detected: VLLM_ASCEND_ENABLE_MLAPO
INFO 07-27 20:12:20 [model.py:619] Resolved architecture: DeepSeekMTPModel
INFO 07-27 20:12:20 [model.py:1776] Using max model len 163840
WARNING 07-27 20:12:20 [speculative.py:868] Enabling num_speculative_tokens > 1 will run multiple times of forward on same MTP layer,which may result in lower acceptance rate
INFO 07-27 20:12:20 [speculative.py:1067] Overriding draft model max model len from 163840 to 4096
INFO 07-27 20:12:20 [scheduler.py:252] Chunked prefill is enabled with max_num_batched_tokens=256.
WARNING 07-27 20:12:20 [envs.py:2082] Unknown vLLM environment variable detected: VLLM_ASCEND_ENABLE_MLAPO
WARNING 07-27 20:12:20 [envs.py:2082] Unknown vLLM environment variable detected: VLLM_ASCEND_ENABLE_MLAPO
WARNING 07-27 20:12:20 [envs.py:2082] Unknown vLLM environment variable detected: VLLM_ASCEND_ENABLE_MLAPO
INFO 07-27 20:12:20 [model.py:619] Resolved architecture: DeepseekV3ForCausalLM
INFO 07-27 20:12:20 [model.py:1776] Using max model len 4096
INFO 07-27 20:12:20 [model.py:619] Resolved architecture: DeepSeekMTPModel
INFO 07-27 20:12:20 [model.py:1776] Using max model len 163840
WARNING 07-27 20:12:20 [speculative.py:868] Enabling num_speculative_tokens > 1 will run multiple times of forward on same MTP layer,which may result in lower acceptance rate
INFO 07-27 20:12:20 [speculative.py:1067] Overriding draft model max model len from 163840 to 4096
INFO 07-27 20:12:20 [scheduler.py:252] Chunked prefill is enabled with max_num_batched_tokens=256.
INFO 07-27 20:12:20 [model.py:619] Resolved architecture: DeepseekV3ForCausalLM
INFO 07-27 20:12:20 [model.py:1776] Using max model len 4096
WARNING 07-27 20:12:20 [envs.py:2082] Unknown vLLM environment variable detected: VLLM_ASCEND_ENABLE_MLAPO
INFO 07-27 20:12:20 [model.py:619] Resolved architecture: DeepseekV3ForCausalLM
INFO 07-27 20:12:20 [model.py:1776] Using max model len 4096
INFO 07-27 20:12:20 [model.py:619] Resolved architecture: DeepseekV3ForCausalLM
INFO 07-27 20:12:20 [model.py:1776] Using max model len 4096
INFO 07-27 20:12:20 [model.py:619] Resolved architecture: DeepSeekMTPModel
INFO 07-27 20:12:20 [model.py:1776] Using max model len 163840
WARNING 07-27 20:12:20 [speculative.py:868] Enabling num_speculative_tokens > 1 will run multiple times of forward on same MTP layer,which may result in lower acceptance rate
INFO 07-27 20:12:20 [speculative.py:1067] Overriding draft model max model len from 163840 to 4096
INFO 07-27 20:12:20 [scheduler.py:252] Chunked prefill is enabled with max_num_batched_tokens=256.
INFO 07-27 20:12:20 [model.py:619] Resolved architecture: DeepSeekMTPModel
INFO 07-27 20:12:20 [model.py:1776] Using max model len 163840
WARNING 07-27 20:12:20 [speculative.py:868] Enabling num_speculative_tokens > 1 will run multiple times of forward on same MTP layer,which may result in lower acceptance rate
INFO 07-27 20:12:20 [speculative.py:1067] Overriding draft model max model len from 163840 to 4096
INFO 07-27 20:12:20 [scheduler.py:252] Chunked prefill is enabled with max_num_batched_tokens=256.
INFO 07-27 20:12:20 [model.py:619] Resolved architecture: DeepSeekMTPModel
INFO 07-27 20:12:20 [model.py:1776] Using max model len 163840
WARNING 07-27 20:12:20 [speculative.py:868] Enabling num_speculative_tokens > 1 will run multiple times of forward on same MTP layer,which may result in lower acceptance rate
INFO 07-27 20:12:20 [speculative.py:1067] Overriding draft model max model len from 163840 to 4096
INFO 07-27 20:12:20 [scheduler.py:252] Chunked prefill is enabled with max_num_batched_tokens=256.
INFO 07-27 20:12:20 [model.py:619] Resolved architecture: DeepseekV3ForCausalLM
INFO 07-27 20:12:20 [model.py:1776] Using max model len 4096
INFO 07-27 20:12:20 [model.py:619] Resolved architecture: DeepSeekMTPModel
INFO 07-27 20:12:20 [model.py:1776] Using max model len 163840
WARNING 07-27 20:12:20 [speculative.py:868] Enabling num_speculative_tokens > 1 will run multiple times of forward on same MTP layer,which may result in lower acceptance rate
INFO 07-27 20:12:20 [speculative.py:1067] Overriding draft model max model len from 163840 to 4096
INFO 07-27 20:12:20 [scheduler.py:252] Chunked prefill is enabled with max_num_batched_tokens=256.
INFO 07-27 20:12:20 [vllm.py:1090] Asynchronous scheduling is enabled.
INFO 07-27 20:12:20 [vllm.py:1100] Disabling NCCL for DP synchronization when using async scheduling.
INFO 07-27 20:12:20 [kernel.py:292] Final IR op priority after setting platform defaults: IrOpPriorityConfig(rms_norm=['native'], fused_add_rms_norm=['native'])
WARNING 07-27 20:12:20 [vllm.py:1697] max_num_scheduled_tokens is set to 256 based on the speculative decoding settings. This may lead to suboptimal performance. Consider increasing max_num_batched_tokens to accommodate the additional draft token slots, or decrease num_speculative_tokens or max_num_seqs.
WARNING 07-27 20:12:20 [platform.py:1043] GPU-specific parameter is not supported on Ascend. parameter=disable_cascade_attn, value=True, action: resetting to False.
WARNING 07-27 20:12:20 [platform.py:1101] Speculative quantization is set but Ascend automatically uses the main model's quantization method. parameter=quantization, action: resetting to None. 
INFO 07-27 20:12:20 [ascend_config.py:490] finegrained_tp_config enabled: lmhead_tensor_parallel_size=2
INFO 07-27 20:12:20 [ascend_config.py:824] Dynamic EPLB is False
INFO 07-27 20:12:20 [ascend_config.py:825] The number of redundant experts is 0
INFO 07-27 20:12:20 [ascend_config.py:289] AscendConfig.enable_mlapo falls back to environment variable VLLM_ASCEND_ENABLE_MLAPO with value True. Please use additional_config.enable_mlapo instead, because VLLM_ASCEND_ENABLE_MLAPO will be removed in the next release.
INFO 07-27 20:12:20 [vllm.py:1090] Asynchronous scheduling is enabled.
INFO 07-27 20:12:20 [vllm.py:1100] Disabling NCCL for DP synchronization when using async scheduling.
INFO 07-27 20:12:20 [kernel.py:292] Final IR op priority after setting platform defaults: IrOpPriorityConfig(rms_norm=['native'], fused_add_rms_norm=['native'])
WARNING 07-27 20:12:20 [vllm.py:1697] max_num_scheduled_tokens is set to 256 based on the speculative decoding settings. This may lead to suboptimal performance. Consider increasing max_num_batched_tokens to accommodate the additional draft token slots, or decrease num_speculative_tokens or max_num_seqs.
WARNING 07-27 20:12:20 [platform.py:1043] GPU-specific parameter is not supported on Ascend. parameter=disable_cascade_attn, value=True, action: resetting to False.
WARNING 07-27 20:12:20 [platform.py:1101] Speculative quantization is set but Ascend automatically uses the main model's quantization method. parameter=quantization, action: resetting to None. 
INFO 07-27 20:12:20 [ascend_config.py:490] finegrained_tp_config enabled: lmhead_tensor_parallel_size=2
INFO 07-27 20:12:20 [ascend_config.py:824] Dynamic EPLB is False
INFO 07-27 20:12:20 [ascend_config.py:825] The number of redundant experts is 0
INFO 07-27 20:12:20 [ascend_config.py:289] AscendConfig.enable_mlapo falls back to environment variable VLLM_ASCEND_ENABLE_MLAPO with value True. Please use additional_config.enable_mlapo instead, because VLLM_ASCEND_ENABLE_MLAPO will be removed in the next release.
INFO 07-27 20:12:20 [vllm.py:1090] Asynchronous scheduling is enabled.
INFO 07-27 20:12:20 [vllm.py:1100] Disabling NCCL for DP synchronization when using async scheduling.
INFO 07-27 20:12:20 [kernel.py:292] Final IR op priority after setting platform defaults: IrOpPriorityConfig(rms_norm=['native'], fused_add_rms_norm=['native'])
WARNING 07-27 20:12:20 [vllm.py:1697] max_num_scheduled_tokens is set to 256 based on the speculative decoding settings. This may lead to suboptimal performance. Consider increasing max_num_batched_tokens to accommodate the additional draft token slots, or decrease num_speculative_tokens or max_num_seqs.
WARNING 07-27 20:12:20 [platform.py:1043] GPU-specific parameter is not supported on Ascend. parameter=disable_cascade_attn, value=True, action: resetting to False.
WARNING 07-27 20:12:20 [platform.py:1101] Speculative quantization is set but Ascend automatically uses the main model's quantization method. parameter=quantization, action: resetting to None. 
INFO 07-27 20:12:20 [ascend_config.py:490] finegrained_tp_config enabled: lmhead_tensor_parallel_size=2
INFO 07-27 20:12:20 [ascend_config.py:824] Dynamic EPLB is False
INFO 07-27 20:12:20 [ascend_config.py:825] The number of redundant experts is 0
INFO 07-27 20:12:20 [ascend_config.py:289] AscendConfig.enable_mlapo falls back to environment variable VLLM_ASCEND_ENABLE_MLAPO with value True. Please use additional_config.enable_mlapo instead, because VLLM_ASCEND_ENABLE_MLAPO will be removed in the next release.
INFO 07-27 20:12:20 [vllm.py:1090] Asynchronous scheduling is enabled.
INFO 07-27 20:12:20 [vllm.py:1100] Disabling NCCL for DP synchronization when using async scheduling.
INFO 07-27 20:12:20 [kernel.py:292] Final IR op priority after setting platform defaults: IrOpPriorityConfig(rms_norm=['native'], fused_add_rms_norm=['native'])
WARNING 07-27 20:12:20 [vllm.py:1697] max_num_scheduled_tokens is set to 256 based on the speculative decoding settings. This may lead to suboptimal performance. Consider increasing max_num_batched_tokens to accommodate the additional draft token slots, or decrease num_speculative_tokens or max_num_seqs.
WARNING 07-27 20:12:20 [platform.py:1043] GPU-specific parameter is not supported on Ascend. parameter=disable_cascade_attn, value=True, action: resetting to False.
WARNING 07-27 20:12:20 [platform.py:1101] Speculative quantization is set but Ascend automatically uses the main model's quantization method. parameter=quantization, action: resetting to None. 
INFO 07-27 20:12:20 [ascend_config.py:490] finegrained_tp_config enabled: lmhead_tensor_parallel_size=2
INFO 07-27 20:12:20 [ascend_config.py:824] Dynamic EPLB is False
INFO 07-27 20:12:20 [ascend_config.py:825] The number of redundant experts is 0
INFO 07-27 20:12:20 [ascend_config.py:289] AscendConfig.enable_mlapo falls back to environment variable VLLM_ASCEND_ENABLE_MLAPO with value True. Please use additional_config.enable_mlapo instead, because VLLM_ASCEND_ENABLE_MLAPO will be removed in the next release.
INFO 07-27 20:12:20 [vllm.py:1090] Asynchronous scheduling is enabled.
INFO 07-27 20:12:20 [vllm.py:1100] Disabling NCCL for DP synchronization when using async scheduling.
INFO 07-27 20:12:20 [kernel.py:292] Final IR op priority after setting platform defaults: IrOpPriorityConfig(rms_norm=['native'], fused_add_rms_norm=['native'])
WARNING 07-27 20:12:20 [vllm.py:1697] max_num_scheduled_tokens is set to 256 based on the speculative decoding settings. This may lead to suboptimal performance. Consider increasing max_num_batched_tokens to accommodate the additional draft token slots, or decrease num_speculative_tokens or max_num_seqs.
WARNING 07-27 20:12:20 [platform.py:1043] GPU-specific parameter is not supported on Ascend. parameter=disable_cascade_attn, value=True, action: resetting to False.
WARNING 07-27 20:12:20 [platform.py:1101] Speculative quantization is set but Ascend automatically uses the main model's quantization method. parameter=quantization, action: resetting to None. 
INFO 07-27 20:12:20 [ascend_config.py:490] finegrained_tp_config enabled: lmhead_tensor_parallel_size=2
INFO 07-27 20:12:20 [ascend_config.py:824] Dynamic EPLB is False
INFO 07-27 20:12:20 [ascend_config.py:825] The number of redundant experts is 0
INFO 07-27 20:12:20 [ascend_config.py:289] AscendConfig.enable_mlapo falls back to environment variable VLLM_ASCEND_ENABLE_MLAPO with value True. Please use additional_config.enable_mlapo instead, because VLLM_ASCEND_ENABLE_MLAPO will be removed in the next release.
INFO 07-27 20:12:20 [utils.py:1264] Block size is set to 128 if prefix cache or chunked prefill is enabled.
INFO 07-27 20:12:20 [platform.py:770] Set PYTORCH_NPU_ALLOC_CONF=expandable_segments:True
INFO 07-27 20:12:20 [compilation.py:312] Enabled custom fusions: norm_quant, act_quant
INFO 07-27 20:12:20 [vllm.py:1090] Asynchronous scheduling is enabled.
INFO 07-27 20:12:20 [vllm.py:1100] Disabling NCCL for DP synchronization when using async scheduling.
INFO 07-27 20:12:20 [kernel.py:292] Final IR op priority after setting platform defaults: IrOpPriorityConfig(rms_norm=['native'], fused_add_rms_norm=['native'])
WARNING 07-27 20:12:20 [vllm.py:1697] max_num_scheduled_tokens is set to 256 based on the speculative decoding settings. This may lead to suboptimal performance. Consider increasing max_num_batched_tokens to accommodate the additional draft token slots, or decrease num_speculative_tokens or max_num_seqs.
WARNING 07-27 20:12:20 [platform.py:1043] GPU-specific parameter is not supported on Ascend. parameter=disable_cascade_attn, value=True, action: resetting to False.
WARNING 07-27 20:12:20 [platform.py:1101] Speculative quantization is set but Ascend automatically uses the main model's quantization method. parameter=quantization, action: resetting to None. 
INFO 07-27 20:12:20 [ascend_config.py:490] finegrained_tp_config enabled: lmhead_tensor_parallel_size=2
INFO 07-27 20:12:20 [ascend_config.py:824] Dynamic EPLB is False
INFO 07-27 20:12:20 [ascend_config.py:825] The number of redundant experts is 0
INFO 07-27 20:12:20 [ascend_config.py:289] AscendConfig.enable_mlapo falls back to environment variable VLLM_ASCEND_ENABLE_MLAPO with value True. Please use additional_config.enable_mlapo instead, because VLLM_ASCEND_ENABLE_MLAPO will be removed in the next release.
INFO 07-27 20:12:20 [vllm.py:1090] Asynchronous scheduling is enabled.
INFO 07-27 20:12:20 [vllm.py:1100] Disabling NCCL for DP synchronization when using async scheduling.
INFO 07-27 20:12:20 [kernel.py:292] Final IR op priority after setting platform defaults: IrOpPriorityConfig(rms_norm=['native'], fused_add_rms_norm=['native'])
WARNING 07-27 20:12:20 [vllm.py:1697] max_num_scheduled_tokens is set to 256 based on the speculative decoding settings. This may lead to suboptimal performance. Consider increasing max_num_batched_tokens to accommodate the additional draft token slots, or decrease num_speculative_tokens or max_num_seqs.
WARNING 07-27 20:12:20 [platform.py:1043] GPU-specific parameter is not supported on Ascend. parameter=disable_cascade_attn, value=True, action: resetting to False.
WARNING 07-27 20:12:20 [platform.py:1101] Speculative quantization is set but Ascend automatically uses the main model's quantization method. parameter=quantization, action: resetting to None. 
INFO 07-27 20:12:20 [ascend_config.py:490] finegrained_tp_config enabled: lmhead_tensor_parallel_size=2
INFO 07-27 20:12:20 [ascend_config.py:824] Dynamic EPLB is False
INFO 07-27 20:12:20 [ascend_config.py:825] The number of redundant experts is 0
INFO 07-27 20:12:20 [ascend_config.py:289] AscendConfig.enable_mlapo falls back to environment variable VLLM_ASCEND_ENABLE_MLAPO with value True. Please use additional_config.enable_mlapo instead, because VLLM_ASCEND_ENABLE_MLAPO will be removed in the next release.
INFO 07-27 20:12:20 [utils.py:1264] Block size is set to 128 if prefix cache or chunked prefill is enabled.
INFO 07-27 20:12:20 [platform.py:770] Set PYTORCH_NPU_ALLOC_CONF=expandable_segments:True
INFO 07-27 20:12:20 [compilation.py:312] Enabled custom fusions: norm_quant, act_quant
INFO 07-27 20:12:20 [utils.py:1264] Block size is set to 128 if prefix cache or chunked prefill is enabled.
INFO 07-27 20:12:20 [platform.py:770] Set PYTORCH_NPU_ALLOC_CONF=expandable_segments:True
INFO 07-27 20:12:20 [compilation.py:312] Enabled custom fusions: norm_quant, act_quant
INFO 07-27 20:12:20 [utils.py:1264] Block size is set to 128 if prefix cache or chunked prefill is enabled.
INFO 07-27 20:12:20 [platform.py:770] Set PYTORCH_NPU_ALLOC_CONF=expandable_segments:True
INFO 07-27 20:12:20 [compilation.py:312] Enabled custom fusions: norm_quant, act_quant
INFO 07-27 20:12:20 [utils.py:1264] Block size is set to 128 if prefix cache or chunked prefill is enabled.
INFO 07-27 20:12:20 [platform.py:770] Set PYTORCH_NPU_ALLOC_CONF=expandable_segments:True
INFO 07-27 20:12:20 [compilation.py:312] Enabled custom fusions: norm_quant, act_quant
INFO 07-27 20:12:20 [vllm.py:1090] Asynchronous scheduling is enabled.
INFO 07-27 20:12:20 [vllm.py:1100] Disabling NCCL for DP synchronization when using async scheduling.
INFO 07-27 20:12:20 [kernel.py:292] Final IR op priority after setting platform defaults: IrOpPriorityConfig(rms_norm=['native'], fused_add_rms_norm=['native'])
WARNING 07-27 20:12:20 [vllm.py:1697] max_num_scheduled_tokens is set to 256 based on the speculative decoding settings. This may lead to suboptimal performance. Consider increasing max_num_batched_tokens to accommodate the additional draft token slots, or decrease num_speculative_tokens or max_num_seqs.
WARNING 07-27 20:12:20 [platform.py:1043] GPU-specific parameter is not supported on Ascend. parameter=disable_cascade_attn, value=True, action: resetting to False.
WARNING 07-27 20:12:20 [platform.py:1101] Speculative quantization is set but Ascend automatically uses the main model's quantization method. parameter=quantization, action: resetting to None. 
INFO 07-27 20:12:20 [ascend_config.py:490] finegrained_tp_config enabled: lmhead_tensor_parallel_size=2
INFO 07-27 20:12:20 [ascend_config.py:824] Dynamic EPLB is False
INFO 07-27 20:12:20 [ascend_config.py:825] The number of redundant experts is 0
INFO 07-27 20:12:20 [ascend_config.py:289] AscendConfig.enable_mlapo falls back to environment variable VLLM_ASCEND_ENABLE_MLAPO with value True. Please use additional_config.enable_mlapo instead, because VLLM_ASCEND_ENABLE_MLAPO will be removed in the next release.
INFO 07-27 20:12:20 [utils.py:1264] Block size is set to 128 if prefix cache or chunked prefill is enabled.
INFO 07-27 20:12:20 [platform.py:770] Set PYTORCH_NPU_ALLOC_CONF=expandable_segments:True
INFO 07-27 20:12:20 [compilation.py:312] Enabled custom fusions: norm_quant, act_quant
INFO 07-27 20:12:20 [utils.py:1264] Block size is set to 128 if prefix cache or chunked prefill is enabled.
INFO 07-27 20:12:20 [platform.py:770] Set PYTORCH_NPU_ALLOC_CONF=expandable_segments:True
INFO 07-27 20:12:20 [compilation.py:312] Enabled custom fusions: norm_quant, act_quant
INFO 07-27 20:12:21 [utils.py:1264] Block size is set to 128 if prefix cache or chunked prefill is enabled.
INFO 07-27 20:12:21 [platform.py:770] Set PYTORCH_NPU_ALLOC_CONF=expandable_segments:True
INFO 07-27 20:12:21 [compilation.py:312] Enabled custom fusions: norm_quant, act_quant
INFO 07-27 20:12:30 [__init__.py:52] Available plugins for group vllm.platform_plugins:
INFO 07-27 20:12:30 [__init__.py:54] - ascend -> vllm_ascend:register
INFO 07-27 20:12:30 [__init__.py:57] All plugins in this group will be loaded. Set `VLLM_PLUGINS` to control which plugins to load.
INFO 07-27 20:12:30 [__init__.py:237] Platform plugin ascend is activated
INFO 07-27 20:12:30 [platform.py:61] Breakable cudagraph is force disabled on Ascend because DeepSeek V4 PIECEWISE cudagraph is not supported yet.
INFO 07-27 20:12:30 [__init__.py:52] Available plugins for group vllm.platform_plugins:
INFO 07-27 20:12:30 [__init__.py:54] - ascend -> vllm_ascend:register
INFO 07-27 20:12:30 [__init__.py:57] All plugins in this group will be loaded. Set `VLLM_PLUGINS` to control which plugins to load.
INFO 07-27 20:12:30 [__init__.py:237] Platform plugin ascend is activated
INFO 07-27 20:12:30 [platform.py:61] Breakable cudagraph is force disabled on Ascend because DeepSeek V4 PIECEWISE cudagraph is not supported yet.
INFO 07-27 20:12:31 [__init__.py:52] Available plugins for group vllm.platform_plugins:
INFO 07-27 20:12:31 [__init__.py:54] - ascend -> vllm_ascend:register
INFO 07-27 20:12:31 [__init__.py:57] All plugins in this group will be loaded. Set `VLLM_PLUGINS` to control which plugins to load.
INFO 07-27 20:12:31 [__init__.py:237] Platform plugin ascend is activated
INFO 07-27 20:12:31 [platform.py:61] Breakable cudagraph is force disabled on Ascend because DeepSeek V4 PIECEWISE cudagraph is not supported yet.
INFO 07-27 20:12:31 [__init__.py:52] Available plugins for group vllm.platform_plugins:
INFO 07-27 20:12:31 [__init__.py:54] - ascend -> vllm_ascend:register
INFO 07-27 20:12:31 [__init__.py:57] All plugins in this group will be loaded. Set `VLLM_PLUGINS` to control which plugins to load.
INFO 07-27 20:12:31 [__init__.py:237] Platform plugin ascend is activated
INFO 07-27 20:12:31 [platform.py:61] Breakable cudagraph is force disabled on Ascend because DeepSeek V4 PIECEWISE cudagraph is not supported yet.
INFO 07-27 20:12:31 [__init__.py:52] Available plugins for group vllm.platform_plugins:
INFO 07-27 20:12:31 [__init__.py:54] - ascend -> vllm_ascend:register
INFO 07-27 20:12:31 [__init__.py:57] All plugins in this group will be loaded. Set `VLLM_PLUGINS` to control which plugins to load.
INFO 07-27 20:12:31 [__init__.py:237] Platform plugin ascend is activated
INFO 07-27 20:12:31 [platform.py:61] Breakable cudagraph is force disabled on Ascend because DeepSeek V4 PIECEWISE cudagraph is not supported yet.
INFO 07-27 20:12:31 [__init__.py:52] Available plugins for group vllm.platform_plugins:
INFO 07-27 20:12:31 [__init__.py:54] - ascend -> vllm_ascend:register
INFO 07-27 20:12:31 [__init__.py:57] All plugins in this group will be loaded. Set `VLLM_PLUGINS` to control which plugins to load.
INFO 07-27 20:12:31 [__init__.py:237] Platform plugin ascend is activated
INFO 07-27 20:12:31 [platform.py:61] Breakable cudagraph is force disabled on Ascend because DeepSeek V4 PIECEWISE cudagraph is not supported yet.
INFO 07-27 20:12:31 [__init__.py:52] Available plugins for group vllm.platform_plugins:
INFO 07-27 20:12:31 [__init__.py:54] - ascend -> vllm_ascend:register
INFO 07-27 20:12:31 [__init__.py:57] All plugins in this group will be loaded. Set `VLLM_PLUGINS` to control which plugins to load.
INFO 07-27 20:12:31 [__init__.py:237] Platform plugin ascend is activated
INFO 07-27 20:12:31 [platform.py:61] Breakable cudagraph is force disabled on Ascend because DeepSeek V4 PIECEWISE cudagraph is not supported yet.
INFO 07-27 20:12:31 [__init__.py:52] Available plugins for group vllm.platform_plugins:
INFO 07-27 20:12:31 [__init__.py:54] - ascend -> vllm_ascend:register
INFO 07-27 20:12:31 [__init__.py:57] All plugins in this group will be loaded. Set `VLLM_PLUGINS` to control which plugins to load.
INFO 07-27 20:12:31 [__init__.py:237] Platform plugin ascend is activated
INFO 07-27 20:12:31 [platform.py:61] Breakable cudagraph is force disabled on Ascend because DeepSeek V4 PIECEWISE cudagraph is not supported yet.
(EngineCore_DP7 pid=353211) 2026-07-27 20:12:37,502 - 353211 - ServiceProfiler - INFO - VLLM_USE_V1 not set, auto-detected via vLLM 0.1.dev18654+g54503ecec.empty: default 0
(EngineCore_DP2 pid=353204) 2026-07-27 20:12:37,502 - 353204 - ServiceProfiler - INFO - VLLM_USE_V1 not set, auto-detected via vLLM 0.1.dev18654+g54503ecec.empty: default 0
(EngineCore_DP0 pid=353175) 2026-07-27 20:12:37,503 - 353175 - ServiceProfiler - INFO - VLLM_USE_V1 not set, auto-detected via vLLM 0.1.dev18654+g54503ecec.empty: default 0
(EngineCore_DP1 pid=353236) 2026-07-27 20:12:37,504 - 353236 - ServiceProfiler - INFO - VLLM_USE_V1 not set, auto-detected via vLLM 0.1.dev18654+g54503ecec.empty: default 0
(EngineCore_DP6 pid=353203) 2026-07-27 20:12:37,505 - 353203 - ServiceProfiler - INFO - VLLM_USE_V1 not set, auto-detected via vLLM 0.1.dev18654+g54503ecec.empty: default 0
(EngineCore_DP4 pid=353201) 2026-07-27 20:12:37,505 - 353201 - ServiceProfiler - INFO - VLLM_USE_V1 not set, auto-detected via vLLM 0.1.dev18654+g54503ecec.empty: default 0
(EngineCore_DP3 pid=353202) 2026-07-27 20:12:37,506 - 353202 - ServiceProfiler - INFO - VLLM_USE_V1 not set, auto-detected via vLLM 0.1.dev18654+g54503ecec.empty: default 0
(EngineCore_DP5 pid=353176) 2026-07-27 20:12:37,506 - 353176 - ServiceProfiler - INFO - VLLM_USE_V1 not set, auto-detected via vLLM 0.1.dev18654+g54503ecec.empty: default 0
(EngineCore_DP7 pid=353211) INFO 07-27 20:12:37 [__init__.py:112] Registered model loader `<class 'vllm_ascend.model_loader.netloader.netloader.ModelNetLoaderElastic'>` with load format `netloader`
(EngineCore_DP2 pid=353204) INFO 07-27 20:12:37 [__init__.py:112] Registered model loader `<class 'vllm_ascend.model_loader.netloader.netloader.ModelNetLoaderElastic'>` with load format `netloader`
(EngineCore_DP0 pid=353175) INFO 07-27 20:12:37 [__init__.py:112] Registered model loader `<class 'vllm_ascend.model_loader.netloader.netloader.ModelNetLoaderElastic'>` with load format `netloader`
(EngineCore_DP1 pid=353236) INFO 07-27 20:12:37 [__init__.py:112] Registered model loader `<class 'vllm_ascend.model_loader.netloader.netloader.ModelNetLoaderElastic'>` with load format `netloader`
(EngineCore_DP6 pid=353203) INFO 07-27 20:12:37 [__init__.py:112] Registered model loader `<class 'vllm_ascend.model_loader.netloader.netloader.ModelNetLoaderElastic'>` with load format `netloader`
(EngineCore_DP4 pid=353201) INFO 07-27 20:12:37 [__init__.py:112] Registered model loader `<class 'vllm_ascend.model_loader.netloader.netloader.ModelNetLoaderElastic'>` with load format `netloader`
(EngineCore_DP5 pid=353176) INFO 07-27 20:12:37 [__init__.py:112] Registered model loader `<class 'vllm_ascend.model_loader.netloader.netloader.ModelNetLoaderElastic'>` with load format `netloader`
(EngineCore_DP3 pid=353202) INFO 07-27 20:12:37 [__init__.py:112] Registered model loader `<class 'vllm_ascend.model_loader.netloader.netloader.ModelNetLoaderElastic'>` with load format `netloader`
(EngineCore_DP7 pid=353211) INFO 07-27 20:12:37 [__init__.py:112] Registered model loader `<class 'vllm_ascend.model_loader.rfork.rfork_loader.RForkModelLoader'>` with load format `rfork`
(EngineCore_DP2 pid=353204) INFO 07-27 20:12:37 [__init__.py:112] Registered model loader `<class 'vllm_ascend.model_loader.rfork.rfork_loader.RForkModelLoader'>` with load format `rfork`
(EngineCore_DP7 pid=353211) INFO 07-27 20:12:37 [multiproc_executor.py:140] DP group leader: node_rank=0, node_rank_within_dp=0, master_addr=127.0.0.1, mq_connect_ip=90.90.97.44 (local), world_size=2, local_world_size=2
(EngineCore_DP2 pid=353204) INFO 07-27 20:12:37 [multiproc_executor.py:140] DP group leader: node_rank=0, node_rank_within_dp=0, master_addr=127.0.0.1, mq_connect_ip=90.90.97.44 (local), world_size=2, local_world_size=2
(EngineCore_DP0 pid=353175) INFO 07-27 20:12:37 [__init__.py:112] Registered model loader `<class 'vllm_ascend.model_loader.rfork.rfork_loader.RForkModelLoader'>` with load format `rfork`
(EngineCore_DP0 pid=353175) INFO 07-27 20:12:37 [core.py:114] Initializing a V1 LLM engine (v0.1.dev18654+g54503ecec) with config: model='/mnt/weights/DeepSeek-V3.1-Terminus-w8a8-QuaRot-lfs', speculative_config=SpeculativeConfig(method='mtp', model='/mnt/weights/DeepSeek-V3.1-Terminus-w8a8-QuaRot-lfs', num_spec_tokens=2), tokenizer='/mnt/weights/DeepSeek-V3.1-Terminus-w8a8-QuaRot-lfs', skip_tokenizer_init=False, tokenizer_mode=auto, revision=None, tokenizer_revision=None, trust_remote_code=True, dtype=torch.bfloat16, max_seq_len=4096, download_dir=None, load_format=auto, tensor_parallel_size=2, pipeline_parallel_size=1, data_parallel_size=8, decode_context_parallel_size=1, dcp_comm_backend=ag_rs, disable_custom_all_reduce=True, quantization=ascend, quantization_config=None, enforce_eager=False, enable_return_routed_experts=False, kv_cache_dtype=auto, device_config=npu, structured_outputs_config=StructuredOutputsConfig(backend='auto', disable_any_whitespace=False, disable_additional_properties=False, reasoning_parser='', reasoning_parser_plugin='', enable_in_reasoning=False), observability_config=ObservabilityConfig(show_hidden_metrics_for_version=None, otlp_traces_endpoint=None, collect_detailed_traces=None, kv_cache_metrics=False, kv_cache_metrics_sample=0.01, cudagraph_metrics=False, enable_layerwise_nvtx_tracing=False, enable_mfu_metrics=False, enable_mm_processor_stats=False, enable_logging_iteration_details=False, jit_monitor_mode='warn', jit_monitor_verbose=False), seed=1024, served_model_name=/mnt/weights/DeepSeek-V3.1-Terminus-w8a8-QuaRot-lfs, enable_prefix_caching=False, enable_chunked_prefill=True, pooler_config=None, compilation_config={'mode': <CompilationMode.VLLM_COMPILE: 3>, 'debug_dump_path': PosixPath('/home/l00838859/cann/vllm-runner/fx-graph'), 'cache_dir': '', 'compile_cache_save_format': 'binary', 'backend': 'vllm_ascend.compilation.compiler_interface.AscendCompiler', 'custom_ops': ['all'], 'ir_enable_torch_wrap': False, 'splitting_ops': [], 'compile_mm_encoder': False, 'cudagraph_mm_encoder': False, 'encoder_cudagraph_token_budgets': [], 'encoder_cudagraph_max_vision_items_per_batch': 0, 'encoder_cudagraph_max_frames_per_batch': None, 'compile_sizes': [], 'compile_ranges_endpoints': [256], 'inductor_compile_config': {'enable_auto_functionalized_v2': False, 'size_asserts': False, 'alignment_asserts': False, 'scalar_asserts': False, 'combo_kernels': True, 'benchmark_combo_kernel': True}, 'inductor_passes': {}, 'cudagraph_mode': <CUDAGraphMode.FULL_DECODE_ONLY: (2, 0)>, 'cudagraph_num_of_warmups': 1, 'cudagraph_capture_sizes': [3, 48], 'cudagraph_copy_inputs': False, 'cudagraph_specialize_lora': True, 'use_inductor_graph_partition': False, 'pass_config': {'fuse_norm_quant': True, 'fuse_act_quant': True, 'fuse_attn_quant': False, 'enable_sp': False, 'fuse_gemm_comms': False, 'fuse_allreduce_rms': False, 'fuse_rope_kvcache_cat_mla': False, 'fuse_act_padding': False}, 'max_cudagraph_capture_size': 48, 'dynamic_shapes_config': {'type': <DynamicShapesType.BACKED: 'backed'>, 'evaluate_guards': False, 'assume_32_bit_indexing': False}, 'local_cache_dir': None, 'fast_moe_cold_start': False, 'static_all_moe_layers': []}, kernel_config=KernelConfig(ir_op_priority=IrOpPriorityConfig(rms_norm=['native'], fused_add_rms_norm=['native']), enable_flashinfer_autotune=True, enable_cutedsl_warmup=True, moe_backend='auto', linear_backend='auto')
(EngineCore_DP0 pid=353175) INFO 07-27 20:12:37 [multiproc_executor.py:140] DP group leader: node_rank=0, node_rank_within_dp=0, master_addr=127.0.0.1, mq_connect_ip=90.90.97.44 (local), world_size=2, local_world_size=2
(EngineCore_DP1 pid=353236) INFO 07-27 20:12:37 [__init__.py:112] Registered model loader `<class 'vllm_ascend.model_loader.rfork.rfork_loader.RForkModelLoader'>` with load format `rfork`
(EngineCore_DP6 pid=353203) INFO 07-27 20:12:37 [__init__.py:112] Registered model loader `<class 'vllm_ascend.model_loader.rfork.rfork_loader.RForkModelLoader'>` with load format `rfork`
(EngineCore_DP1 pid=353236) INFO 07-27 20:12:37 [multiproc_executor.py:140] DP group leader: node_rank=0, node_rank_within_dp=0, master_addr=127.0.0.1, mq_connect_ip=90.90.97.44 (local), world_size=2, local_world_size=2
(EngineCore_DP6 pid=353203) INFO 07-27 20:12:37 [multiproc_executor.py:140] DP group leader: node_rank=0, node_rank_within_dp=0, master_addr=127.0.0.1, mq_connect_ip=90.90.97.44 (local), world_size=2, local_world_size=2
(EngineCore_DP5 pid=353176) INFO 07-27 20:12:37 [__init__.py:112] Registered model loader `<class 'vllm_ascend.model_loader.rfork.rfork_loader.RForkModelLoader'>` with load format `rfork`
(EngineCore_DP4 pid=353201) INFO 07-27 20:12:37 [__init__.py:112] Registered model loader `<class 'vllm_ascend.model_loader.rfork.rfork_loader.RForkModelLoader'>` with load format `rfork`
(EngineCore_DP5 pid=353176) INFO 07-27 20:12:37 [multiproc_executor.py:140] DP group leader: node_rank=0, node_rank_within_dp=0, master_addr=127.0.0.1, mq_connect_ip=90.90.97.44 (local), world_size=2, local_world_size=2
(EngineCore_DP4 pid=353201) INFO 07-27 20:12:37 [multiproc_executor.py:140] DP group leader: node_rank=0, node_rank_within_dp=0, master_addr=127.0.0.1, mq_connect_ip=90.90.97.44 (local), world_size=2, local_world_size=2
(EngineCore_DP3 pid=353202) INFO 07-27 20:12:37 [__init__.py:112] Registered model loader `<class 'vllm_ascend.model_loader.rfork.rfork_loader.RForkModelLoader'>` with load format `rfork`
(EngineCore_DP3 pid=353202) INFO 07-27 20:12:37 [multiproc_executor.py:140] DP group leader: node_rank=0, node_rank_within_dp=0, master_addr=127.0.0.1, mq_connect_ip=90.90.97.44 (local), world_size=2, local_world_size=2
INFO 07-27 20:12:43 [__init__.py:52] Available plugins for group vllm.platform_plugins:
INFO 07-27 20:12:43 [__init__.py:54] - ascend -> vllm_ascend:register
INFO 07-27 20:12:43 [__init__.py:57] All plugins in this group will be loaded. Set `VLLM_PLUGINS` to control which plugins to load.
INFO 07-27 20:12:43 [__init__.py:237] Platform plugin ascend is activated
INFO 07-27 20:12:43 [platform.py:61] Breakable cudagraph is force disabled on Ascend because DeepSeek V4 PIECEWISE cudagraph is not supported yet.
INFO 07-27 20:12:44 [__init__.py:52] Available plugins for group vllm.platform_plugins:
INFO 07-27 20:12:44 [__init__.py:54] - ascend -> vllm_ascend:register
INFO 07-27 20:12:44 [__init__.py:57] All plugins in this group will be loaded. Set `VLLM_PLUGINS` to control which plugins to load.
INFO 07-27 20:12:44 [__init__.py:237] Platform plugin ascend is activated
INFO 07-27 20:12:44 [platform.py:61] Breakable cudagraph is force disabled on Ascend because DeepSeek V4 PIECEWISE cudagraph is not supported yet.
INFO 07-27 20:12:44 [__init__.py:52] Available plugins for group vllm.platform_plugins:
INFO 07-27 20:12:44 [__init__.py:54] - ascend -> vllm_ascend:register
INFO 07-27 20:12:44 [__init__.py:57] All plugins in this group will be loaded. Set `VLLM_PLUGINS` to control which plugins to load.
INFO 07-27 20:12:44 [__init__.py:237] Platform plugin ascend is activated
INFO 07-27 20:12:44 [platform.py:61] Breakable cudagraph is force disabled on Ascend because DeepSeek V4 PIECEWISE cudagraph is not supported yet.
INFO 07-27 20:12:45 [__init__.py:52] Available plugins for group vllm.platform_plugins:
INFO 07-27 20:12:45 [__init__.py:54] - ascend -> vllm_ascend:register
INFO 07-27 20:12:45 [__init__.py:57] All plugins in this group will be loaded. Set `VLLM_PLUGINS` to control which plugins to load.
INFO 07-27 20:12:45 [__init__.py:237] Platform plugin ascend is activated
INFO 07-27 20:12:45 [platform.py:61] Breakable cudagraph is force disabled on Ascend because DeepSeek V4 PIECEWISE cudagraph is not supported yet.
INFO 07-27 20:12:45 [__init__.py:52] Available plugins for group vllm.platform_plugins:
INFO 07-27 20:12:45 [__init__.py:54] - ascend -> vllm_ascend:register
INFO 07-27 20:12:45 [__init__.py:57] All plugins in this group will be loaded. Set `VLLM_PLUGINS` to control which plugins to load.
INFO 07-27 20:12:45 [__init__.py:237] Platform plugin ascend is activated
INFO 07-27 20:12:45 [platform.py:61] Breakable cudagraph is force disabled on Ascend because DeepSeek V4 PIECEWISE cudagraph is not supported yet.
INFO 07-27 20:12:46 [__init__.py:52] Available plugins for group vllm.platform_plugins:
INFO 07-27 20:12:46 [__init__.py:54] - ascend -> vllm_ascend:register
INFO 07-27 20:12:46 [__init__.py:57] All plugins in this group will be loaded. Set `VLLM_PLUGINS` to control which plugins to load.
INFO 07-27 20:12:46 [__init__.py:237] Platform plugin ascend is activated
INFO 07-27 20:12:46 [platform.py:61] Breakable cudagraph is force disabled on Ascend because DeepSeek V4 PIECEWISE cudagraph is not supported yet.
INFO 07-27 20:12:46 [__init__.py:52] Available plugins for group vllm.platform_plugins:
INFO 07-27 20:12:46 [__init__.py:54] - ascend -> vllm_ascend:register
INFO 07-27 20:12:46 [__init__.py:57] All plugins in this group will be loaded. Set `VLLM_PLUGINS` to control which plugins to load.
INFO 07-27 20:12:46 [__init__.py:52] Available plugins for group vllm.platform_plugins:
INFO 07-27 20:12:46 [__init__.py:54] - ascend -> vllm_ascend:register
INFO 07-27 20:12:46 [__init__.py:57] All plugins in this group will be loaded. Set `VLLM_PLUGINS` to control which plugins to load.
INFO 07-27 20:12:46 [__init__.py:237] Platform plugin ascend is activated
INFO 07-27 20:12:46 [platform.py:61] Breakable cudagraph is force disabled on Ascend because DeepSeek V4 PIECEWISE cudagraph is not supported yet.
INFO 07-27 20:12:46 [__init__.py:237] Platform plugin ascend is activated
INFO 07-27 20:12:46 [platform.py:61] Breakable cudagraph is force disabled on Ascend because DeepSeek V4 PIECEWISE cudagraph is not supported yet.
2026-07-27 20:12:49,327 - 353645 - ServiceProfiler - INFO - VLLM_USE_V1 not set, auto-detected via vLLM 0.1.dev18654+g54503ecec.empty: default 0
INFO 07-27 20:12:49 [__init__.py:112] Registered model loader `<class 'vllm_ascend.model_loader.netloader.netloader.ModelNetLoaderElastic'>` with load format `netloader`
INFO 07-27 20:12:49 [__init__.py:112] Registered model loader `<class 'vllm_ascend.model_loader.rfork.rfork_loader.RForkModelLoader'>` with load format `rfork`
2026-07-27 20:12:49,829 - 353644 - ServiceProfiler - INFO - VLLM_USE_V1 not set, auto-detected via vLLM 0.1.dev18654+g54503ecec.empty: default 0
INFO 07-27 20:12:49 [__init__.py:112] Registered model loader `<class 'vllm_ascend.model_loader.netloader.netloader.ModelNetLoaderElastic'>` with load format `netloader`
INFO 07-27 20:12:49 [__init__.py:112] Registered model loader `<class 'vllm_ascend.model_loader.rfork.rfork_loader.RForkModelLoader'>` with load format `rfork`
2026-07-27 20:12:49,979 - 353649 - ServiceProfiler - INFO - VLLM_USE_V1 not set, auto-detected via vLLM 0.1.dev18654+g54503ecec.empty: default 0
INFO 07-27 20:12:49 [__init__.py:112] Registered model loader `<class 'vllm_ascend.model_loader.netloader.netloader.ModelNetLoaderElastic'>` with load format `netloader`
INFO 07-27 20:12:50 [__init__.py:112] Registered model loader `<class 'vllm_ascend.model_loader.rfork.rfork_loader.RForkModelLoader'>` with load format `rfork`
2026-07-27 20:12:50,383 - 353648 - ServiceProfiler - INFO - VLLM_USE_V1 not set, auto-detected via vLLM 0.1.dev18654+g54503ecec.empty: default 0
INFO 07-27 20:12:50 [__init__.py:112] Registered model loader `<class 'vllm_ascend.model_loader.netloader.netloader.ModelNetLoaderElastic'>` with load format `netloader`
INFO 07-27 20:12:50 [__init__.py:112] Registered model loader `<class 'vllm_ascend.model_loader.rfork.rfork_loader.RForkModelLoader'>` with load format `rfork`
INFO 07-27 20:12:50 [ascend_config.py:490] finegrained_tp_config enabled: lmhead_tensor_parallel_size=2
INFO 07-27 20:12:50 [ascend_config.py:824] Dynamic EPLB is False
INFO 07-27 20:12:50 [ascend_config.py:825] The number of redundant experts is 0
INFO 07-27 20:12:50 [ascend_config.py:289] AscendConfig.enable_mlapo falls back to environment variable VLLM_ASCEND_ENABLE_MLAPO with value True. Please use additional_config.enable_mlapo instead, because VLLM_ASCEND_ENABLE_MLAPO will be removed in the next release.
2026-07-27 20:12:51,101 - 353650 - ServiceProfiler - INFO - VLLM_USE_V1 not set, auto-detected via vLLM 0.1.dev18654+g54503ecec.empty: default 0
INFO 07-27 20:12:51 [__init__.py:112] Registered model loader `<class 'vllm_ascend.model_loader.netloader.netloader.ModelNetLoaderElastic'>` with load format `netloader`
INFO 07-27 20:12:51 [__init__.py:112] Registered model loader `<class 'vllm_ascend.model_loader.rfork.rfork_loader.RForkModelLoader'>` with load format `rfork`
INFO 07-27 20:12:51 [ascend_config.py:490] finegrained_tp_config enabled: lmhead_tensor_parallel_size=2
INFO 07-27 20:12:51 [ascend_config.py:824] Dynamic EPLB is False
INFO 07-27 20:12:51 [ascend_config.py:825] The number of redundant experts is 0
INFO 07-27 20:12:51 [ascend_config.py:289] AscendConfig.enable_mlapo falls back to environment variable VLLM_ASCEND_ENABLE_MLAPO with value True. Please use additional_config.enable_mlapo instead, because VLLM_ASCEND_ENABLE_MLAPO will be removed in the next release.
INFO 07-27 20:12:51 [ascend_config.py:490] finegrained_tp_config enabled: lmhead_tensor_parallel_size=2
INFO 07-27 20:12:51 [ascend_config.py:824] Dynamic EPLB is False
INFO 07-27 20:12:51 [ascend_config.py:825] The number of redundant experts is 0
INFO 07-27 20:12:51 [ascend_config.py:289] AscendConfig.enable_mlapo falls back to environment variable VLLM_ASCEND_ENABLE_MLAPO with value True. Please use additional_config.enable_mlapo instead, because VLLM_ASCEND_ENABLE_MLAPO will be removed in the next release.
2026-07-27 20:12:51,432 - 353647 - ServiceProfiler - INFO - VLLM_USE_V1 not set, auto-detected via vLLM 0.1.dev18654+g54503ecec.empty: default 0
INFO 07-27 20:12:51 [__init__.py:112] Registered model loader `<class 'vllm_ascend.model_loader.netloader.netloader.ModelNetLoaderElastic'>` with load format `netloader`
INFO 07-27 20:12:51 [__init__.py:112] Registered model loader `<class 'vllm_ascend.model_loader.rfork.rfork_loader.RForkModelLoader'>` with load format `rfork`
2026-07-27 20:12:51,643 - 353646 - ServiceProfiler - INFO - VLLM_USE_V1 not set, auto-detected via vLLM 0.1.dev18654+g54503ecec.empty: default 0
INFO 07-27 20:12:51 [__init__.py:112] Registered model loader `<class 'vllm_ascend.model_loader.netloader.netloader.ModelNetLoaderElastic'>` with load format `netloader`
INFO 07-27 20:12:51 [__init__.py:112] Registered model loader `<class 'vllm_ascend.model_loader.rfork.rfork_loader.RForkModelLoader'>` with load format `rfork`
2026-07-27 20:12:51,806 - 353651 - ServiceProfiler - INFO - VLLM_USE_V1 not set, auto-detected via vLLM 0.1.dev18654+g54503ecec.empty: default 0
INFO 07-27 20:12:51 [__init__.py:112] Registered model loader `<class 'vllm_ascend.model_loader.netloader.netloader.ModelNetLoaderElastic'>` with load format `netloader`
INFO 07-27 20:12:51 [__init__.py:112] Registered model loader `<class 'vllm_ascend.model_loader.rfork.rfork_loader.RForkModelLoader'>` with load format `rfork`
INFO 07-27 20:12:51 [ascend_config.py:490] finegrained_tp_config enabled: lmhead_tensor_parallel_size=2
INFO 07-27 20:12:51 [ascend_config.py:824] Dynamic EPLB is False
INFO 07-27 20:12:51 [ascend_config.py:825] The number of redundant experts is 0
INFO 07-27 20:12:51 [ascend_config.py:289] AscendConfig.enable_mlapo falls back to environment variable VLLM_ASCEND_ENABLE_MLAPO with value True. Please use additional_config.enable_mlapo instead, because VLLM_ASCEND_ENABLE_MLAPO will be removed in the next release.
INFO 07-27 20:12:52 [ascend_config.py:490] finegrained_tp_config enabled: lmhead_tensor_parallel_size=2
INFO 07-27 20:12:52 [ascend_config.py:824] Dynamic EPLB is False
INFO 07-27 20:12:52 [ascend_config.py:825] The number of redundant experts is 0
INFO 07-27 20:12:52 [ascend_config.py:289] AscendConfig.enable_mlapo falls back to environment variable VLLM_ASCEND_ENABLE_MLAPO with value True. Please use additional_config.enable_mlapo instead, because VLLM_ASCEND_ENABLE_MLAPO will be removed in the next release.
INFO 07-27 20:12:52 [ascend_config.py:490] finegrained_tp_config enabled: lmhead_tensor_parallel_size=2
INFO 07-27 20:12:52 [ascend_config.py:824] Dynamic EPLB is False
INFO 07-27 20:12:52 [ascend_config.py:825] The number of redundant experts is 0
INFO 07-27 20:12:52 [ascend_config.py:289] AscendConfig.enable_mlapo falls back to environment variable VLLM_ASCEND_ENABLE_MLAPO with value True. Please use additional_config.enable_mlapo instead, because VLLM_ASCEND_ENABLE_MLAPO will be removed in the next release.
(Worker pid=353649) INFO 07-27 20:12:53 [parallel_state.py:1607] world_size=16 rank=12 local_rank=0 distributed_init_method=tcp://127.0.0.1:51962 backend=hccl
INFO 07-27 20:12:53 [ascend_config.py:490] finegrained_tp_config enabled: lmhead_tensor_parallel_size=2
INFO 07-27 20:12:53 [ascend_config.py:824] Dynamic EPLB is False
INFO 07-27 20:12:53 [ascend_config.py:825] The number of redundant experts is 0
INFO 07-27 20:12:53 [ascend_config.py:289] AscendConfig.enable_mlapo falls back to environment variable VLLM_ASCEND_ENABLE_MLAPO with value True. Please use additional_config.enable_mlapo instead, because VLLM_ASCEND_ENABLE_MLAPO will be removed in the next release.
(Worker pid=353645) INFO 07-27 20:12:53 [parallel_state.py:1607] world_size=16 rank=14 local_rank=0 distributed_init_method=tcp://127.0.0.1:51962 backend=hccl
(Worker pid=353644) INFO 07-27 20:12:53 [parallel_state.py:1607] world_size=16 rank=4 local_rank=0 distributed_init_method=tcp://127.0.0.1:51962 backend=hccl
INFO 07-27 20:12:53 [ascend_config.py:490] finegrained_tp_config enabled: lmhead_tensor_parallel_size=2
INFO 07-27 20:12:53 [ascend_config.py:824] Dynamic EPLB is False
INFO 07-27 20:12:53 [ascend_config.py:825] The number of redundant experts is 0
INFO 07-27 20:12:53 [ascend_config.py:289] AscendConfig.enable_mlapo falls back to environment variable VLLM_ASCEND_ENABLE_MLAPO with value True. Please use additional_config.enable_mlapo instead, because VLLM_ASCEND_ENABLE_MLAPO will be removed in the next release.
(Worker pid=353648) INFO 07-27 20:12:53 [parallel_state.py:1607] world_size=16 rank=8 local_rank=0 distributed_init_method=tcp://127.0.0.1:51962 backend=hccl
(Worker pid=353650) INFO 07-27 20:12:54 [parallel_state.py:1607] world_size=16 rank=6 local_rank=0 distributed_init_method=tcp://127.0.0.1:51962 backend=hccl
(Worker pid=353647) INFO 07-27 20:12:55 [parallel_state.py:1607] world_size=16 rank=2 local_rank=0 distributed_init_method=tcp://127.0.0.1:51962 backend=hccl
(Worker pid=353646) INFO 07-27 20:12:55 [parallel_state.py:1607] world_size=16 rank=10 local_rank=0 distributed_init_method=tcp://127.0.0.1:51962 backend=hccl
INFO 07-27 20:12:55 [__init__.py:52] Available plugins for group vllm.platform_plugins:
INFO 07-27 20:12:55 [__init__.py:54] - ascend -> vllm_ascend:register
INFO 07-27 20:12:55 [__init__.py:57] All plugins in this group will be loaded. Set `VLLM_PLUGINS` to control which plugins to load.
INFO 07-27 20:12:55 [__init__.py:237] Platform plugin ascend is activated
INFO 07-27 20:12:55 [platform.py:61] Breakable cudagraph is force disabled on Ascend because DeepSeek V4 PIECEWISE cudagraph is not supported yet.
(Worker pid=353651) INFO 07-27 20:12:55 [parallel_state.py:1607] world_size=16 rank=0 local_rank=0 distributed_init_method=tcp://127.0.0.1:51962 backend=hccl
INFO 07-27 20:12:55 [__init__.py:52] Available plugins for group vllm.platform_plugins:
INFO 07-27 20:12:55 [__init__.py:54] - ascend -> vllm_ascend:register
INFO 07-27 20:12:55 [__init__.py:57] All plugins in this group will be loaded. Set `VLLM_PLUGINS` to control which plugins to load.
INFO 07-27 20:12:55 [__init__.py:237] Platform plugin ascend is activated
INFO 07-27 20:12:55 [platform.py:61] Breakable cudagraph is force disabled on Ascend because DeepSeek V4 PIECEWISE cudagraph is not supported yet.
INFO 07-27 20:12:56 [__init__.py:52] Available plugins for group vllm.platform_plugins:
INFO 07-27 20:12:56 [__init__.py:54] - ascend -> vllm_ascend:register
INFO 07-27 20:12:56 [__init__.py:57] All plugins in this group will be loaded. Set `VLLM_PLUGINS` to control which plugins to load.
INFO 07-27 20:12:56 [__init__.py:237] Platform plugin ascend is activated
INFO 07-27 20:12:56 [platform.py:61] Breakable cudagraph is force disabled on Ascend because DeepSeek V4 PIECEWISE cudagraph is not supported yet.
INFO 07-27 20:12:56 [__init__.py:52] Available plugins for group vllm.platform_plugins:
INFO 07-27 20:12:56 [__init__.py:54] - ascend -> vllm_ascend:register
INFO 07-27 20:12:56 [__init__.py:57] All plugins in this group will be loaded. Set `VLLM_PLUGINS` to control which plugins to load.
INFO 07-27 20:12:56 [__init__.py:237] Platform plugin ascend is activated
INFO 07-27 20:12:56 [platform.py:61] Breakable cudagraph is force disabled on Ascend because DeepSeek V4 PIECEWISE cudagraph is not supported yet.
INFO 07-27 20:12:57 [__init__.py:52] Available plugins for group vllm.platform_plugins:
INFO 07-27 20:12:57 [__init__.py:54] - ascend -> vllm_ascend:register
INFO 07-27 20:12:57 [__init__.py:57] All plugins in this group will be loaded. Set `VLLM_PLUGINS` to control which plugins to load.
INFO 07-27 20:12:57 [__init__.py:237] Platform plugin ascend is activated
INFO 07-27 20:12:57 [platform.py:61] Breakable cudagraph is force disabled on Ascend because DeepSeek V4 PIECEWISE cudagraph is not supported yet.
INFO 07-27 20:12:57 [__init__.py:52] Available plugins for group vllm.platform_plugins:
INFO 07-27 20:12:57 [__init__.py:54] - ascend -> vllm_ascend:register
INFO 07-27 20:12:57 [__init__.py:57] All plugins in this group will be loaded. Set `VLLM_PLUGINS` to control which plugins to load.
INFO 07-27 20:12:57 [__init__.py:237] Platform plugin ascend is activated
INFO 07-27 20:12:57 [platform.py:61] Breakable cudagraph is force disabled on Ascend because DeepSeek V4 PIECEWISE cudagraph is not supported yet.
INFO 07-27 20:12:57 [__init__.py:52] Available plugins for group vllm.platform_plugins:
INFO 07-27 20:12:57 [__init__.py:54] - ascend -> vllm_ascend:register
INFO 07-27 20:12:57 [__init__.py:57] All plugins in this group will be loaded. Set `VLLM_PLUGINS` to control which plugins to load.
INFO 07-27 20:12:57 [__init__.py:237] Platform plugin ascend is activated
INFO 07-27 20:12:57 [platform.py:61] Breakable cudagraph is force disabled on Ascend because DeepSeek V4 PIECEWISE cudagraph is not supported yet.
INFO 07-27 20:12:58 [__init__.py:52] Available plugins for group vllm.platform_plugins:
INFO 07-27 20:12:58 [__init__.py:54] - ascend -> vllm_ascend:register
INFO 07-27 20:12:58 [__init__.py:57] All plugins in this group will be loaded. Set `VLLM_PLUGINS` to control which plugins to load.
INFO 07-27 20:12:58 [__init__.py:237] Platform plugin ascend is activated
INFO 07-27 20:12:58 [platform.py:61] Breakable cudagraph is force disabled on Ascend because DeepSeek V4 PIECEWISE cudagraph is not supported yet.
2026-07-27 20:13:00,891 - 353970 - ServiceProfiler - INFO - VLLM_USE_V1 not set, auto-detected via vLLM 0.1.dev18654+g54503ecec.empty: default 0
INFO 07-27 20:13:00 [__init__.py:112] Registered model loader `<class 'vllm_ascend.model_loader.netloader.netloader.ModelNetLoaderElastic'>` with load format `netloader`
INFO 07-27 20:13:00 [__init__.py:112] Registered model loader `<class 'vllm_ascend.model_loader.rfork.rfork_loader.RForkModelLoader'>` with load format `rfork`
2026-07-27 20:13:00,988 - 353998 - ServiceProfiler - INFO - VLLM_USE_V1 not set, auto-detected via vLLM 0.1.dev18654+g54503ecec.empty: default 0
INFO 07-27 20:13:01 [__init__.py:112] Registered model loader `<class 'vllm_ascend.model_loader.netloader.netloader.ModelNetLoaderElastic'>` with load format `netloader`
INFO 07-27 20:13:01 [__init__.py:112] Registered model loader `<class 'vllm_ascend.model_loader.rfork.rfork_loader.RForkModelLoader'>` with load format `rfork`
2026-07-27 20:13:01,976 - 354045 - ServiceProfiler - INFO - VLLM_USE_V1 not set, auto-detected via vLLM 0.1.dev18654+g54503ecec.empty: default 0
INFO 07-27 20:13:01 [__init__.py:112] Registered model loader `<class 'vllm_ascend.model_loader.netloader.netloader.ModelNetLoaderElastic'>` with load format `netloader`
INFO 07-27 20:13:02 [__init__.py:112] Registered model loader `<class 'vllm_ascend.model_loader.rfork.rfork_loader.RForkModelLoader'>` with load format `rfork`
2026-07-27 20:13:02,036 - 354021 - ServiceProfiler - INFO - VLLM_USE_V1 not set, auto-detected via vLLM 0.1.dev18654+g54503ecec.empty: default 0
INFO 07-27 20:13:02 [__init__.py:112] Registered model loader `<class 'vllm_ascend.model_loader.netloader.netloader.ModelNetLoaderElastic'>` with load format `netloader`
INFO 07-27 20:13:02 [__init__.py:112] Registered model loader `<class 'vllm_ascend.model_loader.rfork.rfork_loader.RForkModelLoader'>` with load format `rfork`
INFO 07-27 20:13:02 [ascend_config.py:490] finegrained_tp_config enabled: lmhead_tensor_parallel_size=2
INFO 07-27 20:13:02 [ascend_config.py:824] Dynamic EPLB is False
INFO 07-27 20:13:02 [ascend_config.py:825] The number of redundant experts is 0
INFO 07-27 20:13:02 [ascend_config.py:289] AscendConfig.enable_mlapo falls back to environment variable VLLM_ASCEND_ENABLE_MLAPO with value True. Please use additional_config.enable_mlapo instead, because VLLM_ASCEND_ENABLE_MLAPO will be removed in the next release.
INFO 07-27 20:13:02 [ascend_config.py:490] finegrained_tp_config enabled: lmhead_tensor_parallel_size=2
INFO 07-27 20:13:02 [ascend_config.py:824] Dynamic EPLB is False
INFO 07-27 20:13:02 [ascend_config.py:825] The number of redundant experts is 0
INFO 07-27 20:13:02 [ascend_config.py:289] AscendConfig.enable_mlapo falls back to environment variable VLLM_ASCEND_ENABLE_MLAPO with value True. Please use additional_config.enable_mlapo instead, because VLLM_ASCEND_ENABLE_MLAPO will be removed in the next release.
2026-07-27 20:13:02,444 - 354062 - ServiceProfiler - INFO - VLLM_USE_V1 not set, auto-detected via vLLM 0.1.dev18654+g54503ecec.empty: default 0
INFO 07-27 20:13:02 [__init__.py:112] Registered model loader `<class 'vllm_ascend.model_loader.netloader.netloader.ModelNetLoaderElastic'>` with load format `netloader`
INFO 07-27 20:13:02 [__init__.py:112] Registered model loader `<class 'vllm_ascend.model_loader.rfork.rfork_loader.RForkModelLoader'>` with load format `rfork`
2026-07-27 20:13:02,861 - 354084 - ServiceProfiler - INFO - VLLM_USE_V1 not set, auto-detected via vLLM 0.1.dev18654+g54503ecec.empty: default 0
INFO 07-27 20:13:02 [__init__.py:112] Registered model loader `<class 'vllm_ascend.model_loader.netloader.netloader.ModelNetLoaderElastic'>` with load format `netloader`
INFO 07-27 20:13:02 [__init__.py:112] Registered model loader `<class 'vllm_ascend.model_loader.rfork.rfork_loader.RForkModelLoader'>` with load format `rfork`
2026-07-27 20:13:03,214 - 354089 - ServiceProfiler - INFO - VLLM_USE_V1 not set, auto-detected via vLLM 0.1.dev18654+g54503ecec.empty: default 0
INFO 07-27 20:13:03 [__init__.py:112] Registered model loader `<class 'vllm_ascend.model_loader.netloader.netloader.ModelNetLoaderElastic'>` with load format `netloader`
INFO 07-27 20:13:03 [__init__.py:112] Registered model loader `<class 'vllm_ascend.model_loader.rfork.rfork_loader.RForkModelLoader'>` with load format `rfork`
2026-07-27 20:13:03,420 - 354102 - ServiceProfiler - INFO - VLLM_USE_V1 not set, auto-detected via vLLM 0.1.dev18654+g54503ecec.empty: default 0
INFO 07-27 20:13:03 [__init__.py:112] Registered model loader `<class 'vllm_ascend.model_loader.netloader.netloader.ModelNetLoaderElastic'>` with load format `netloader`
INFO 07-27 20:13:03 [__init__.py:112] Registered model loader `<class 'vllm_ascend.model_loader.rfork.rfork_loader.RForkModelLoader'>` with load format `rfork`
INFO 07-27 20:13:03 [ascend_config.py:490] finegrained_tp_config enabled: lmhead_tensor_parallel_size=2
INFO 07-27 20:13:03 [ascend_config.py:824] Dynamic EPLB is False
INFO 07-27 20:13:03 [ascend_config.py:825] The number of redundant experts is 0
INFO 07-27 20:13:03 [ascend_config.py:289] AscendConfig.enable_mlapo falls back to environment variable VLLM_ASCEND_ENABLE_MLAPO with value True. Please use additional_config.enable_mlapo instead, because VLLM_ASCEND_ENABLE_MLAPO will be removed in the next release.
INFO 07-27 20:13:03 [ascend_config.py:490] finegrained_tp_config enabled: lmhead_tensor_parallel_size=2
INFO 07-27 20:13:03 [ascend_config.py:824] Dynamic EPLB is False
INFO 07-27 20:13:03 [ascend_config.py:825] The number of redundant experts is 0
INFO 07-27 20:13:03 [ascend_config.py:289] AscendConfig.enable_mlapo falls back to environment variable VLLM_ASCEND_ENABLE_MLAPO with value True. Please use additional_config.enable_mlapo instead, because VLLM_ASCEND_ENABLE_MLAPO will be removed in the next release.
INFO 07-27 20:13:03 [ascend_config.py:490] finegrained_tp_config enabled: lmhead_tensor_parallel_size=2
INFO 07-27 20:13:03 [ascend_config.py:824] Dynamic EPLB is False
INFO 07-27 20:13:03 [ascend_config.py:825] The number of redundant experts is 0
INFO 07-27 20:13:03 [ascend_config.py:289] AscendConfig.enable_mlapo falls back to environment variable VLLM_ASCEND_ENABLE_MLAPO with value True. Please use additional_config.enable_mlapo instead, because VLLM_ASCEND_ENABLE_MLAPO will be removed in the next release.
(Worker pid=353970) INFO 07-27 20:13:04 [parallel_state.py:1607] world_size=16 rank=15 local_rank=1 distributed_init_method=tcp://127.0.0.1:51962 backend=hccl
INFO 07-27 20:13:04 [ascend_config.py:490] finegrained_tp_config enabled: lmhead_tensor_parallel_size=2
INFO 07-27 20:13:04 [ascend_config.py:824] Dynamic EPLB is False
INFO 07-27 20:13:04 [ascend_config.py:825] The number of redundant experts is 0
INFO 07-27 20:13:04 [ascend_config.py:289] AscendConfig.enable_mlapo falls back to environment variable VLLM_ASCEND_ENABLE_MLAPO with value True. Please use additional_config.enable_mlapo instead, because VLLM_ASCEND_ENABLE_MLAPO will be removed in the next release.
(Worker pid=353998) INFO 07-27 20:13:04 [parallel_state.py:1607] world_size=16 rank=5 local_rank=1 distributed_init_method=tcp://127.0.0.1:51962 backend=hccl
INFO 07-27 20:13:04 [ascend_config.py:490] finegrained_tp_config enabled: lmhead_tensor_parallel_size=2
INFO 07-27 20:13:04 [ascend_config.py:824] Dynamic EPLB is False
INFO 07-27 20:13:04 [ascend_config.py:825] The number of redundant experts is 0
INFO 07-27 20:13:04 [ascend_config.py:289] AscendConfig.enable_mlapo falls back to environment variable VLLM_ASCEND_ENABLE_MLAPO with value True. Please use additional_config.enable_mlapo instead, because VLLM_ASCEND_ENABLE_MLAPO will be removed in the next release.
INFO 07-27 20:13:04 [ascend_config.py:490] finegrained_tp_config enabled: lmhead_tensor_parallel_size=2
INFO 07-27 20:13:04 [ascend_config.py:824] Dynamic EPLB is False
INFO 07-27 20:13:04 [ascend_config.py:825] The number of redundant experts is 0
INFO 07-27 20:13:04 [ascend_config.py:289] AscendConfig.enable_mlapo falls back to environment variable VLLM_ASCEND_ENABLE_MLAPO with value True. Please use additional_config.enable_mlapo instead, because VLLM_ASCEND_ENABLE_MLAPO will be removed in the next release.
(Worker pid=354045) INFO 07-27 20:13:05 [parallel_state.py:1607] world_size=16 rank=9 local_rank=1 distributed_init_method=tcp://127.0.0.1:51962 backend=hccl
(Worker pid=354021) INFO 07-27 20:13:05 [parallel_state.py:1607] world_size=16 rank=13 local_rank=1 distributed_init_method=tcp://127.0.0.1:51962 backend=hccl
(Worker pid=354062) INFO 07-27 20:13:05 [parallel_state.py:1607] world_size=16 rank=7 local_rank=1 distributed_init_method=tcp://127.0.0.1:51962 backend=hccl
(Worker pid=354084) INFO 07-27 20:13:06 [parallel_state.py:1607] world_size=16 rank=3 local_rank=1 distributed_init_method=tcp://127.0.0.1:51962 backend=hccl
(Worker pid=354102) INFO 07-27 20:13:06 [parallel_state.py:1607] world_size=16 rank=1 local_rank=1 distributed_init_method=tcp://127.0.0.1:51962 backend=hccl
(Worker pid=354089) INFO 07-27 20:13:06 [parallel_state.py:1607] world_size=16 rank=11 local_rank=1 distributed_init_method=tcp://127.0.0.1:51962 backend=hccl
[Gloo] Rank 0 is connected to 15 peer ranks. Expected number of connected peer ranks is : 15
[Gloo] Rank 3 is connected to 15 peer ranks. Expected number of connected peer ranks is : 15
[Gloo] Rank 1 is connected to 15 peer ranks. Expected number of connected peer ranks is : 15
[Gloo] Rank 4 is connected to 15 peer ranks. Expected number of connected peer ranks is : 15
[Gloo] Rank 2 is connected to 15 peer ranks. Expected number of connected peer ranks is : 15
[Gloo] Rank 6 is connected to 15 peer ranks. Expected number of connected peer ranks is : 15
[Gloo] Rank 5 is connected to 15 peer ranks. Expected number of connected peer ranks is : 15
[Gloo] Rank 9 is connected to 15 peer ranks. Expected number of connected peer ranks is : 15
[Gloo] Rank 12 is connected to 15 peer ranks. Expected number of connected peer ranks is : 15
[Gloo] Rank 14 is connected to 15 peer ranks. Expected number of connected peer ranks is : 15
[Gloo] Rank 15 is connected to 15 peer ranks. Expected number of connected peer ranks is : 15
[Gloo] Rank 7 is connected to 15 peer ranks. Expected number of connected peer ranks is : 15
[Gloo] Rank 8 is connected to 15 peer ranks. Expected number of connected peer ranks is : 15
[Gloo] Rank 10 is connected to 15 peer ranks. Expected number of connected peer ranks is : 15
[Gloo] Rank 11 is connected to 15 peer ranks. Expected number of connected peer ranks is : 15
[Gloo] Rank 13 is connected to 15 peer ranks. Expected number of connected peer ranks is : 15
[Gloo] Rank 0 is connected to 1 peer ranks. Expected number of connected peer ranks is : 1
[Gloo] Rank 1 is connected to 1 peer ranks. Expected number of connected peer ranks is : 1
[Gloo] Rank 0 is connected to 0 peer ranks. Expected number of connected peer ranks is : 0
[Gloo] Rank 0 is connected to 0 peer ranks. Expected number of connected peer ranks is : 0
[Gloo] Rank 0 is connected to 0 peer ranks. Expected number of connected peer ranks is : 0
[Gloo] Rank 0 is connected to 0 peer ranks. Expected number of connected peer ranks is : 0
[Gloo] Rank 0 is connected to 0 peer ranks. Expected number of connected peer ranks is : 0
[Gloo] Rank 0 is connected to 0 peer ranks. Expected number of connected peer ranks is : 0
[Gloo] Rank 1 is connected to 1 peer ranks. Expected number of connected peer ranks is : 1
[Gloo] Rank 0 is connected to 1 peer ranks. Expected number of connected peer ranks is : 1
[Gloo] Rank 1 is connected to 1 peer ranks. Expected number of connected peer ranks is : 1
[Gloo] Rank 1 is connected to 1 peer ranks. Expected number of connected peer ranks is : 1
[Gloo] Rank 0 is connected to 1 peer ranks. Expected number of connected peer ranks is : 1
[Gloo] Rank 0 is connected to 1 peer ranks. Expected number of connected peer ranks is : 1
[Gloo] Rank 0 is connected to 1 peer ranks. Expected number of connected peer ranks is : 1
[Gloo] Rank 1 is connected to 1 peer ranks. Expected number of connected peer ranks is : 1
[Gloo] Rank 0 is connected to 1 peer ranks. Expected number of connected peer ranks is : 1
[Gloo] Rank 1 is connected to 1 peer ranks. Expected number of connected peer ranks is : 1
[Gloo] Rank 1 is connected to 1 peer ranks. Expected number of connected peer ranks is : 1
[Gloo] Rank 0 is connected to 1 peer ranks. Expected number of connected peer ranks is : 1
[Gloo] Rank 1 is connected to 1 peer ranks. Expected number of connected peer ranks is : 1
[Gloo] Rank 0 is connected to 1 peer ranks. Expected number of connected peer ranks is : 1
[Gloo] Rank 0 is connected to 0 peer ranks. Expected number of connected peer ranks is : 0
[Gloo] Rank 0 is connected to 0 peer ranks. Expected number of connected peer ranks is : 0
[Gloo] Rank 0 is connected to 0 peer ranks. Expected number of connected peer ranks is : 0
[Gloo] Rank 0 is connected to 0 peer ranks. Expected number of connected peer ranks is : 0
[Gloo] Rank 0 is connected to 0 peer ranks. Expected number of connected peer ranks is : 0
[Gloo] Rank 0 is connected to 0 peer ranks. Expected number of connected peer ranks is : 0
[Gloo] Rank 0 is connected to 0 peer ranks. Expected number of connected peer ranks is : 0
[Gloo] Rank 0 is connected to 0 peer ranks. Expected number of connected peer ranks is : 0
[Gloo] Rank 0 is connected to 0 peer ranks. Expected number of connected peer ranks is : 0
[Gloo] Rank 0 is connected to 0 peer ranks. Expected number of connected peer ranks is : 0
[Gloo] Rank 0 is connected to 0 peer ranks. Expected number of connected peer ranks is : 0
[Gloo] Rank 0 is connected to 0 peer ranks. Expected number of connected peer ranks is : 0
[Gloo] Rank 0 is connected to 0 peer ranks. Expected number of connected peer ranks is : 0
[Gloo] Rank 0 is connected to 0 peer ranks. Expected number of connected peer ranks is : 0
[Gloo] Rank 0 is connected to 0 peer ranks. Expected number of connected peer ranks is : 0
[Gloo] Rank 0 is connected to 0 peer ranks. Expected number of connected peer ranks is : 0
[Gloo] Rank 0 is connected to 0 peer ranks. Expected number of connected peer ranks is : 0
[Gloo] Rank 0 is connected to 0 peer ranks. Expected number of connected peer ranks is : 0
[Gloo] Rank 0 is connected to 0 peer ranks. Expected number of connected peer ranks is : 0
[Gloo] Rank 0 is connected to 0 peer ranks. Expected number of connected peer ranks is : 0
[Gloo] Rank 0 is connected to 0 peer ranks. Expected number of connected peer ranks is : 0
[Gloo] Rank 0 is connected to 0 peer ranks. Expected number of connected peer ranks is : 0
[Gloo] Rank 0 is connected to 0 peer ranks. Expected number of connected peer ranks is : 0
[Gloo] Rank 0 is connected to 0 peer ranks. Expected number of connected peer ranks is : 0
[Gloo] Rank 0 is connected to 0 peer ranks. Expected number of connected peer ranks is : 0
[Gloo] Rank 0 is connected to 0 peer ranks. Expected number of connected peer ranks is : 0
[Gloo] Rank 0 is connected to 0 peer ranks. Expected number of connected peer ranks is : 0
[Gloo] Rank 0 is connected to 0 peer ranks. Expected number of connected peer ranks is : 0
[Gloo] Rank 0 is connected to 0 peer ranks. Expected number of connected peer ranks is : 0
[Gloo] Rank 0 is connected to 0 peer ranks. Expected number of connected peer ranks is : 0
[Gloo] Rank 0 is connected to 0 peer ranks. Expected number of connected peer ranks is : 0
[Gloo] Rank 0 is connected to 0 peer ranks. Expected number of connected peer ranks is : 0
[Gloo] Rank 0 is connected to 0 peer ranks. Expected number of connected peer ranks is : 0
[Gloo] Rank 0 is connected to 0 peer ranks. Expected number of connected peer ranks is : 0
[Gloo] Rank 0 is connected to 0 peer ranks. Expected number of connected peer ranks is : 0
[Gloo] Rank 0 is connected to 0 peer ranks. Expected number of connected peer ranks is : 0
[Gloo] Rank 0 is connected to 0 peer ranks. Expected number of connected peer ranks is : 0
[Gloo] Rank 0 is connected to 0 peer ranks. Expected number of connected peer ranks is : 0
[Gloo] Rank 0 is connected to 0 peer ranks. Expected number of connected peer ranks is : 0
[Gloo] Rank 0 is connected to 0 peer ranks. Expected number of connected peer ranks is : 0
[Gloo] Rank 0 is connected to 0 peer ranks. Expected number of connected peer ranks is : 0
[Gloo] Rank 0 is connected to 0 peer ranks. Expected number of connected peer ranks is : 0
[Gloo] Rank 4 is connected to 7 peer ranks. Expected number of connected peer ranks is : 7
[Gloo] Rank 2 is connected to 7 peer ranks. Expected number of connected peer ranks is : 7
[Gloo] Rank 5 is connected to 7 peer ranks. Expected number of connected peer ranks is : 7
[Gloo] Rank 3 is connected to 7 peer ranks. Expected number of connected peer ranks is : 7
[Gloo] Rank 0 is connected to 7 peer ranks. Expected number of connected peer ranks is : 7
[Gloo] Rank 1 is connected to 7 peer ranks. Expected number of connected peer ranks is : 7
[Gloo] Rank 3 is connected to 7 peer ranks. Expected number of connected peer ranks is : 7
[Gloo] Rank 7 is connected to 7 peer ranks. Expected number of connected peer ranks is : 7
[Gloo] Rank 6 is connected to 7 peer ranks. Expected number of connected peer ranks is : 7
[Gloo] Rank 6 is connected to 7 peer ranks. Expected number of connected peer ranks is : 7
[Gloo] Rank 2 is connected to 7 peer ranks. Expected number of connected peer ranks is : 7
[Gloo] Rank 4 is connected to 7 peer ranks. Expected number of connected peer ranks is : 7
[Gloo] Rank 7 is connected to 7 peer ranks. Expected number of connected peer ranks is : 7
[Gloo] Rank 5 is connected to 7 peer ranks. Expected number of connected peer ranks is : 7
[Gloo] Rank 0 is connected to 7 peer ranks. Expected number of connected peer ranks is : 7
[Gloo] Rank 1 is connected to 7 peer ranks. Expected number of connected peer ranks is : 7
[Gloo] Rank 0 is connected to 15 peer ranks. Expected number of connected peer ranks is : 15
[Gloo] Rank 1 is connected to 15 peer ranks. Expected number of connected peer ranks is : 15
[Gloo] Rank 2 is connected to 15 peer ranks. Expected number of connected peer ranks is : 15
[Gloo] Rank 3 is connected to 15 peer ranks. Expected number of connected peer ranks is : 15
[Gloo] Rank 6 is connected to 15 peer ranks. Expected number of connected peer ranks is : 15
[Gloo] Rank 4 is connected to 15 peer ranks. Expected number of connected peer ranks is : 15
[Gloo] Rank 5 is connected to 15 peer ranks. Expected number of connected peer ranks is : 15
[Gloo] Rank 7 is connected to 15 peer ranks. Expected number of connected peer ranks is : 15
[Gloo] Rank 8 is connected to 15 peer ranks. Expected number of connected peer ranks is : 15
[Gloo] Rank 9 is connected to 15 peer ranks. Expected number of connected peer ranks is : 15
[Gloo] Rank 10 is connected to 15 peer ranks. Expected number of connected peer ranks is : 15
[Gloo] Rank 14 is connected to 15 peer ranks. Expected number of connected peer ranks is : 15
[Gloo] Rank 11 is connected to 15 peer ranks. Expected number of connected peer ranks is : 15
[Gloo] Rank 13 is connected to 15 peer ranks. Expected number of connected peer ranks is : 15
[Gloo] Rank 12 is connected to 15 peer ranks. Expected number of connected peer ranks is : 15
(Worker pid=353647) INFO 07-27 20:13:06 [parallel_state.py:1942] rank 2 in world size 16 is assigned as DP rank 1, PP rank 0, PCP rank 0, TP rank 0, EP rank 2, EPLB rank N/A
[Gloo] Rank 15 is connected to 15 peer ranks. Expected number of connected peer ranks is : 15
(Worker pid=353650) INFO 07-27 20:13:06 [parallel_state.py:1942] rank 6 in world size 16 is assigned as DP rank 3, PP rank 0, PCP rank 0, TP rank 0, EP rank 6, EPLB rank N/A
(Worker pid=353651) INFO 07-27 20:13:06 [parallel_state.py:1942] rank 0 in world size 16 is assigned as DP rank 0, PP rank 0, PCP rank 0, TP rank 0, EP rank 0, EPLB rank N/A
(Worker pid=353644) INFO 07-27 20:13:06 [parallel_state.py:1942] rank 4 in world size 16 is assigned as DP rank 2, PP rank 0, PCP rank 0, TP rank 0, EP rank 4, EPLB rank N/A
(Worker pid=353648) INFO 07-27 20:13:06 [parallel_state.py:1942] rank 8 in world size 16 is assigned as DP rank 4, PP rank 0, PCP rank 0, TP rank 0, EP rank 8, EPLB rank N/A
(Worker pid=353646) INFO 07-27 20:13:06 [parallel_state.py:1942] rank 10 in world size 16 is assigned as DP rank 5, PP rank 0, PCP rank 0, TP rank 0, EP rank 10, EPLB rank N/A
(Worker pid=353645) INFO 07-27 20:13:06 [parallel_state.py:1942] rank 14 in world size 16 is assigned as DP rank 7, PP rank 0, PCP rank 0, TP rank 0, EP rank 14, EPLB rank N/A
(Worker pid=353649) INFO 07-27 20:13:06 [parallel_state.py:1942] rank 12 in world size 16 is assigned as DP rank 6, PP rank 0, PCP rank 0, TP rank 0, EP rank 12, EPLB rank N/A
[Gloo] Rank 0 is connected to 15 peer ranks. Expected number of connected peer ranks is : 15
[Gloo] Rank 1 is connected to 15 peer ranks. Expected number of connected peer ranks is : 15
[Gloo] Rank 10 is connected to 15 peer ranks. Expected number of connected peer ranks is : 15
[Gloo] Rank 2 is connected to 15 peer ranks. Expected number of connected peer ranks is : 15
[Gloo] Rank 9 is connected to 15 peer ranks. Expected number of connected peer ranks is : 15
[Gloo] Rank 8 is connected to 15 peer ranks. Expected number of connected peer ranks is : 15
[Gloo] Rank 12 is connected to 15 peer ranks. Expected number of connected peer ranks is : 15
[Gloo] Rank 13 is connected to 15 peer ranks. Expected number of connected peer ranks is : 15
[Gloo] Rank 0 is connected to 1 peer ranks. Expected number of connected peer ranks is : 1
[Gloo] Rank 1 is connected to 1 peer ranks. Expected number of connected peer ranks is : 1
[Gloo] Rank 1 is connected to 1 peer ranks. Expected number of connected peer ranks is : 1
[Gloo] Rank 0 is connected to 1 peer ranks. Expected number of connected peer ranks is : 1
[Gloo] Rank 15 is connected to 15 peer ranks. Expected number of connected peer ranks is : 15
[Gloo] Rank 4 is connected to 15 peer ranks. Expected number of connected peer ranks is : 15
[Gloo] Rank 5 is connected to 15 peer ranks. Expected number of connected peer ranks is : 15
[Gloo] Rank 3 is connected to 15 peer ranks. Expected number of connected peer ranks is : 15
[Gloo] Rank 6 is connected to 15 peer ranks. Expected number of connected peer ranks is : 15
[Gloo] Rank 7 is connected to 15 peer ranks. Expected number of connected peer ranks is : 15
[Gloo] Rank 11 is connected to 15 peer ranks. Expected number of connected peer ranks is : 15
[Gloo] Rank 14 is connected to 15 peer ranks. Expected number of connected peer ranks is : 15
[Gloo] Rank 1 is connected to 1 peer ranks. Expected number of connected peer ranks is : 1
[Gloo] Rank 0 is connected to 1 peer ranks. Expected number of connected peer ranks is : 1
[Gloo] Rank 1 is connected to 1 peer ranks. Expected number of connected peer ranks is : 1
[Gloo] Rank 0 is connected to 1 peer ranks. Expected number of connected peer ranks is : 1
[Gloo] Rank 0 is connected to 1 peer ranks. Expected number of connected peer ranks is : 1
[Gloo] Rank 1 is connected to 1 peer ranks. Expected number of connected peer ranks is : 1
[Gloo] Rank 0 is connected to 1 peer ranks. Expected number of connected peer ranks is : 1
[Gloo] Rank 0 is connected to 1 peer ranks. Expected number of connected peer ranks is : 1
[Gloo] Rank 1 is connected to 1 peer ranks. Expected number of connected peer ranks is : 1
[Gloo] Rank 0 is connected to 1 peer ranks. Expected number of connected peer ranks is : 1
[Gloo] Rank 1 is connected to 1 peer ranks. Expected number of connected peer ranks is : 1
[Gloo] Rank 1 is connected to 1 peer ranks. Expected number of connected peer ranks is : 1
(Worker pid=353648) WARNING 07-27 20:13:07 [__init__.py:204] min_p and logit_bias parameters won't work with speculative decoding.
(Worker pid=353651) WARNING 07-27 20:13:07 [__init__.py:204] min_p and logit_bias parameters won't work with speculative decoding.
(Worker pid=353647) WARNING 07-27 20:13:07 [__init__.py:204] min_p and logit_bias parameters won't work with speculative decoding.
(Worker pid=353646) WARNING 07-27 20:13:07 [__init__.py:204] min_p and logit_bias parameters won't work with speculative decoding.
(Worker pid=354021) WARNING 07-27 20:13:07 [__init__.py:204] min_p and logit_bias parameters won't work with speculative decoding.
(Worker pid=354062) WARNING 07-27 20:13:07 [__init__.py:204] min_p and logit_bias parameters won't work with speculative decoding.
(Worker pid=353970) WARNING 07-27 20:13:07 [__init__.py:204] min_p and logit_bias parameters won't work with speculative decoding.
(Worker pid=353650) WARNING 07-27 20:13:07 [__init__.py:204] min_p and logit_bias parameters won't work with speculative decoding.
(Worker pid=353998) WARNING 07-27 20:13:07 [__init__.py:204] min_p and logit_bias parameters won't work with speculative decoding.
(Worker pid=353649) WARNING 07-27 20:13:07 [__init__.py:204] min_p and logit_bias parameters won't work with speculative decoding.
(Worker pid=353644) WARNING 07-27 20:13:07 [__init__.py:204] min_p and logit_bias parameters won't work with speculative decoding.
(Worker pid=353645) WARNING 07-27 20:13:07 [__init__.py:204] min_p and logit_bias parameters won't work with speculative decoding.
(Worker pid=354102) WARNING 07-27 20:13:07 [__init__.py:204] min_p and logit_bias parameters won't work with speculative decoding.
(Worker pid=354045) WARNING 07-27 20:13:07 [__init__.py:204] min_p and logit_bias parameters won't work with speculative decoding.
(Worker pid=354089) WARNING 07-27 20:13:07 [__init__.py:204] min_p and logit_bias parameters won't work with speculative decoding.
(Worker pid=354084) WARNING 07-27 20:13:07 [__init__.py:204] min_p and logit_bias parameters won't work with speculative decoding.
(Worker pid=353646) WARNING 07-27 20:13:07 [__init__.py:204] min_p and logit_bias parameters won't work with speculative decoding.
(Worker_DP5_TP0_EP10 pid=353646) INFO 07-27 20:13:07 [model_runner_v1.py:3792] Starting to load model /mnt/weights/DeepSeek-V3.1-Terminus-w8a8-QuaRot-lfs...
(Worker pid=353651) WARNING 07-27 20:13:07 [__init__.py:204] min_p and logit_bias parameters won't work with speculative decoding.
(Worker_DP0_TP0_EP0 pid=353651) INFO 07-27 20:13:07 [model_runner_v1.py:3792] Starting to load model /mnt/weights/DeepSeek-V3.1-Terminus-w8a8-QuaRot-lfs...
(Worker pid=353648) WARNING 07-27 20:13:07 [__init__.py:204] min_p and logit_bias parameters won't work with speculative decoding.
(Worker_DP4_TP0_EP8 pid=353648) INFO 07-27 20:13:07 [model_runner_v1.py:3792] Starting to load model /mnt/weights/DeepSeek-V3.1-Terminus-w8a8-QuaRot-lfs...
(Worker pid=353647) WARNING 07-27 20:13:07 [__init__.py:204] min_p and logit_bias parameters won't work with speculative decoding.
(Worker_DP1_TP0_EP2 pid=353647) INFO 07-27 20:13:07 [model_runner_v1.py:3792] Starting to load model /mnt/weights/DeepSeek-V3.1-Terminus-w8a8-QuaRot-lfs...
(Worker pid=354021) WARNING 07-27 20:13:07 [__init__.py:204] min_p and logit_bias parameters won't work with speculative decoding.
(Worker_DP6_TP1_EP13 pid=354021) INFO 07-27 20:13:07 [model_runner_v1.py:3792] Starting to load model /mnt/weights/DeepSeek-V3.1-Terminus-w8a8-QuaRot-lfs...
(Worker pid=354062) WARNING 07-27 20:13:07 [__init__.py:204] min_p and logit_bias parameters won't work with speculative decoding.
(Worker_DP3_TP1_EP7 pid=354062) INFO 07-27 20:13:07 [model_runner_v1.py:3792] Starting to load model /mnt/weights/DeepSeek-V3.1-Terminus-w8a8-QuaRot-lfs...
(Worker pid=353970) WARNING 07-27 20:13:07 [__init__.py:204] min_p and logit_bias parameters won't work with speculative decoding.
(Worker pid=353645) WARNING 07-27 20:13:07 [__init__.py:204] min_p and logit_bias parameters won't work with speculative decoding.
(Worker pid=353649) WARNING 07-27 20:13:07 [__init__.py:204] min_p and logit_bias parameters won't work with speculative decoding.
(Worker_DP7_TP1_EP15 pid=353970) INFO 07-27 20:13:07 [model_runner_v1.py:3792] Starting to load model /mnt/weights/DeepSeek-V3.1-Terminus-w8a8-QuaRot-lfs...
(Worker pid=354045) WARNING 07-27 20:13:07 [__init__.py:204] min_p and logit_bias parameters won't work with speculative decoding.
(Worker pid=354089) WARNING 07-27 20:13:07 [__init__.py:204] min_p and logit_bias parameters won't work with speculative decoding.
(Worker_DP7_TP0_EP14 pid=353645) INFO 07-27 20:13:07 [model_runner_v1.py:3792] Starting to load model /mnt/weights/DeepSeek-V3.1-Terminus-w8a8-QuaRot-lfs...
(Worker_DP6_TP0_EP12 pid=353649) INFO 07-27 20:13:07 [model_runner_v1.py:3792] Starting to load model /mnt/weights/DeepSeek-V3.1-Terminus-w8a8-QuaRot-lfs...
(Worker_DP5_TP1_EP11 pid=354089) INFO 07-27 20:13:07 [model_runner_v1.py:3792] Starting to load model /mnt/weights/DeepSeek-V3.1-Terminus-w8a8-QuaRot-lfs...
(Worker_DP4_TP1_EP9 pid=354045) INFO 07-27 20:13:07 [model_runner_v1.py:3792] Starting to load model /mnt/weights/DeepSeek-V3.1-Terminus-w8a8-QuaRot-lfs...
(Worker pid=353650) WARNING 07-27 20:13:07 [__init__.py:204] min_p and logit_bias parameters won't work with speculative decoding.
(Worker pid=354084) WARNING 07-27 20:13:07 [__init__.py:204] min_p and logit_bias parameters won't work with speculative decoding.
(Worker pid=354102) WARNING 07-27 20:13:07 [__init__.py:204] min_p and logit_bias parameters won't work with speculative decoding.
(Worker pid=353998) WARNING 07-27 20:13:07 [__init__.py:204] min_p and logit_bias parameters won't work with speculative decoding.
(Worker_DP2_TP1_EP5 pid=353998) INFO 07-27 20:13:07 [model_runner_v1.py:3792] Starting to load model /mnt/weights/DeepSeek-V3.1-Terminus-w8a8-QuaRot-lfs...
(Worker_DP1_TP1_EP3 pid=354084) INFO 07-27 20:13:07 [model_runner_v1.py:3792] Starting to load model /mnt/weights/DeepSeek-V3.1-Terminus-w8a8-QuaRot-lfs...
(Worker_DP3_TP0_EP6 pid=353650) INFO 07-27 20:13:07 [model_runner_v1.py:3792] Starting to load model /mnt/weights/DeepSeek-V3.1-Terminus-w8a8-QuaRot-lfs...
(Worker_DP0_TP1_EP1 pid=354102) INFO 07-27 20:13:07 [model_runner_v1.py:3792] Starting to load model /mnt/weights/DeepSeek-V3.1-Terminus-w8a8-QuaRot-lfs...
(Worker pid=353644) WARNING 07-27 20:13:07 [__init__.py:204] min_p and logit_bias parameters won't work with speculative decoding.
(Worker_DP2_TP0_EP4 pid=353644) INFO 07-27 20:13:07 [model_runner_v1.py:3792] Starting to load model /mnt/weights/DeepSeek-V3.1-Terminus-w8a8-QuaRot-lfs...
(Worker_DP6_TP0_EP12 pid=353649) INFO 07-27 20:13:07 [modelslim_config.py:478] Using the vLLM Ascend modelslim Quantization now!
(Worker_DP3_TP0_EP6 pid=353650) INFO 07-27 20:13:07 [modelslim_config.py:478] Using the vLLM Ascend modelslim Quantization now!
(Worker_DP0_TP0_EP0 pid=353651) INFO 07-27 20:13:07 [modelslim_config.py:478] Using the vLLM Ascend modelslim Quantization now!
(Worker_DP7_TP0_EP14 pid=353645) INFO 07-27 20:13:07 [modelslim_config.py:478] Using the vLLM Ascend modelslim Quantization now!
(Worker_DP5_TP0_EP10 pid=353646) INFO 07-27 20:13:07 [modelslim_config.py:478] Using the vLLM Ascend modelslim Quantization now!
(Worker_DP1_TP0_EP2 pid=353647) INFO 07-27 20:13:07 [modelslim_config.py:478] Using the vLLM Ascend modelslim Quantization now!
(Worker_DP4_TP0_EP8 pid=353648) INFO 07-27 20:13:07 [modelslim_config.py:478] Using the vLLM Ascend modelslim Quantization now!
(Worker_DP2_TP0_EP4 pid=353644) INFO 07-27 20:13:07 [modelslim_config.py:478] Using the vLLM Ascend modelslim Quantization now!
(Worker_DP6_TP0_EP12 pid=353649) INFO 07-27 20:13:08 [expert_map_manager.py:245] [EP Rank 12/16] Expert parallelism is enabled. Expert placement strategy: linear. Local/global number of experts: 16/256. Experts local to global index map: 0->192, 1->193, 2->194, 3->195, 4->196, 5->197, 6->198, 7->199, 8->200, 9->201, 10->202, 11->203, 12->204, 13->205, 14->206, 15->207.
(Worker_DP0_TP0_EP0 pid=353651) INFO 07-27 20:13:08 [expert_map_manager.py:245] [EP Rank 0/16] Expert parallelism is enabled. Expert placement strategy: linear. Local/global number of experts: 16/256. Experts local to global index map: 0->0, 1->1, 2->2, 3->3, 4->4, 5->5, 6->6, 7->7, 8->8, 9->9, 10->10, 11->11, 12->12, 13->13, 14->14, 15->15.
(Worker_DP3_TP0_EP6 pid=353650) INFO 07-27 20:13:08 [expert_map_manager.py:245] [EP Rank 6/16] Expert parallelism is enabled. Expert placement strategy: linear. Local/global number of experts: 16/256. Experts local to global index map: 0->96, 1->97, 2->98, 3->99, 4->100, 5->101, 6->102, 7->103, 8->104, 9->105, 10->106, 11->107, 12->108, 13->109, 14->110, 15->111.
(Worker_DP7_TP0_EP14 pid=353645) INFO 07-27 20:13:08 [expert_map_manager.py:245] [EP Rank 14/16] Expert parallelism is enabled. Expert placement strategy: linear. Local/global number of experts: 16/256. Experts local to global index map: 0->224, 1->225, 2->226, 3->227, 4->228, 5->229, 6->230, 7->231, 8->232, 9->233, 10->234, 11->235, 12->236, 13->237, 14->238, 15->239.
(Worker_DP5_TP0_EP10 pid=353646) INFO 07-27 20:13:08 [expert_map_manager.py:245] [EP Rank 10/16] Expert parallelism is enabled. Expert placement strategy: linear. Local/global number of experts: 16/256. Experts local to global index map: 0->160, 1->161, 2->162, 3->163, 4->164, 5->165, 6->166, 7->167, 8->168, 9->169, 10->170, 11->171, 12->172, 13->173, 14->174, 15->175.
(Worker_DP4_TP0_EP8 pid=353648) INFO 07-27 20:13:08 [expert_map_manager.py:245] [EP Rank 8/16] Expert parallelism is enabled. Expert placement strategy: linear. Local/global number of experts: 16/256. Experts local to global index map: 0->128, 1->129, 2->130, 3->131, 4->132, 5->133, 6->134, 7->135, 8->136, 9->137, 10->138, 11->139, 12->140, 13->141, 14->142, 15->143.
(Worker_DP1_TP0_EP2 pid=353647) INFO 07-27 20:13:08 [expert_map_manager.py:245] [EP Rank 2/16] Expert parallelism is enabled. Expert placement strategy: linear. Local/global number of experts: 16/256. Experts local to global index map: 0->32, 1->33, 2->34, 3->35, 4->36, 5->37, 6->38, 7->39, 8->40, 9->41, 10->42, 11->43, 12->44, 13->45, 14->46, 15->47.
(Worker_DP2_TP0_EP4 pid=353644) INFO 07-27 20:13:08 [expert_map_manager.py:245] [EP Rank 4/16] Expert parallelism is enabled. Expert placement strategy: linear. Local/global number of experts: 16/256. Experts local to global index map: 0->64, 1->65, 2->66, 3->67, 4->68, 5->69, 6->70, 7->71, 8->72, 9->73, 10->74, 11->75, 12->76, 13->77, 14->78, 15->79.
(Worker_DP4_TP1_EP9 pid=354045) INFO 07-27 20:13:17 [compilation.py:1067] Using OOT custom backend for compilation.
(Worker_DP6_TP0_EP12 pid=353649) INFO 07-27 20:13:17 [compilation.py:1067] Using OOT custom backend for compilation.
(Worker_DP5_TP1_EP11 pid=354089) INFO 07-27 20:13:17 [compilation.py:1067] Using OOT custom backend for compilation.
(Worker_DP2_TP0_EP4 pid=353644) INFO 07-27 20:13:17 [compilation.py:1067] Using OOT custom backend for compilation.
(Worker_DP7_TP1_EP15 pid=353970) INFO 07-27 20:13:17 [compilation.py:1067] Using OOT custom backend for compilation.
(Worker_DP3_TP1_EP7 pid=354062) INFO 07-27 20:13:17 [compilation.py:1067] Using OOT custom backend for compilation.
(Worker_DP2_TP1_EP5 pid=353998) INFO 07-27 20:13:17 [compilation.py:1067] Using OOT custom backend for compilation.
(Worker_DP1_TP1_EP3 pid=354084) INFO 07-27 20:13:17 [compilation.py:1067] Using OOT custom backend for compilation.
(Worker_DP7_TP0_EP14 pid=353645) INFO 07-27 20:13:17 [compilation.py:1067] Using OOT custom backend for compilation.
(Worker_DP0_TP1_EP1 pid=354102) INFO 07-27 20:13:17 [compilation.py:1067] Using OOT custom backend for compilation.
(Worker_DP1_TP0_EP2 pid=353647) INFO 07-27 20:13:17 [compilation.py:1067] Using OOT custom backend for compilation.
(Worker_DP6_TP0_EP12 pid=353649) INFO 07-27 20:13:17 [weight_utils.py:857] Filesystem type for checkpoints: EXT4. Checkpoint size: 646.43 GiB. Available RAM: 1883.17 GiB.
(Worker_DP6_TP0_EP12 pid=353649) INFO 07-27 20:13:17 [weight_utils.py:880] Auto-prefetch is disabled because the filesystem (EXT4) is not a recognized network FS (NFS/Lustre). If you want to force prefetching, start vLLM with --safetensors-load-strategy=prefetch.
(Worker_DP5_TP0_EP10 pid=353646) INFO 07-27 20:13:17 [compilation.py:1067] Using OOT custom backend for compilation.
(Worker_DP2_TP0_EP4 pid=353644) INFO 07-27 20:13:17 [weight_utils.py:857] Filesystem type for checkpoints: EXT4. Checkpoint size: 646.43 GiB. Available RAM: 1883.17 GiB.
(Worker_DP2_TP0_EP4 pid=353644) INFO 07-27 20:13:17 [weight_utils.py:880] Auto-prefetch is disabled because the filesystem (EXT4) is not a recognized network FS (NFS/Lustre). If you want to force prefetching, start vLLM with --safetensors-load-strategy=prefetch.
(Worker_DP3_TP0_EP6 pid=353650) INFO 07-27 20:13:17 [compilation.py:1067] Using OOT custom backend for compilation.
(Worker_DP4_TP0_EP8 pid=353648) INFO 07-27 20:13:18 [compilation.py:1067] Using OOT custom backend for compilation.
(Worker_DP6_TP1_EP13 pid=354021) INFO 07-27 20:13:18 [compilation.py:1067] Using OOT custom backend for compilation.
(Worker_DP7_TP0_EP14 pid=353645) INFO 07-27 20:13:18 [weight_utils.py:857] Filesystem type for checkpoints: EXT4. Checkpoint size: 646.43 GiB. Available RAM: 1883.20 GiB.
(Worker_DP7_TP0_EP14 pid=353645) INFO 07-27 20:13:18 [weight_utils.py:880] Auto-prefetch is disabled because the filesystem (EXT4) is not a recognized network FS (NFS/Lustre). If you want to force prefetching, start vLLM with --safetensors-load-strategy=prefetch.
(Worker_DP0_TP0_EP0 pid=353651) INFO 07-27 20:13:18 [compilation.py:1067] Using OOT custom backend for compilation.
(Worker_DP1_TP0_EP2 pid=353647) INFO 07-27 20:13:18 [weight_utils.py:857] Filesystem type for checkpoints: EXT4. Checkpoint size: 646.43 GiB. Available RAM: 1883.19 GiB.
(Worker_DP1_TP0_EP2 pid=353647) INFO 07-27 20:13:18 [weight_utils.py:880] Auto-prefetch is disabled because the filesystem (EXT4) is not a recognized network FS (NFS/Lustre). If you want to force prefetching, start vLLM with --safetensors-load-strategy=prefetch.
(Worker_DP5_TP0_EP10 pid=353646) INFO 07-27 20:13:18 [weight_utils.py:857] Filesystem type for checkpoints: EXT4. Checkpoint size: 646.43 GiB. Available RAM: 1883.17 GiB.
(Worker_DP5_TP0_EP10 pid=353646) INFO 07-27 20:13:18 [weight_utils.py:880] Auto-prefetch is disabled because the filesystem (EXT4) is not a recognized network FS (NFS/Lustre). If you want to force prefetching, start vLLM with --safetensors-load-strategy=prefetch.
(Worker_DP3_TP0_EP6 pid=353650) INFO 07-27 20:13:18 [weight_utils.py:857] Filesystem type for checkpoints: EXT4. Checkpoint size: 646.43 GiB. Available RAM: 1883.15 GiB.
(Worker_DP3_TP0_EP6 pid=353650) INFO 07-27 20:13:18 [weight_utils.py:880] Auto-prefetch is disabled because the filesystem (EXT4) is not a recognized network FS (NFS/Lustre). If you want to force prefetching, start vLLM with --safetensors-load-strategy=prefetch.
(Worker_DP4_TP0_EP8 pid=353648) INFO 07-27 20:13:18 [weight_utils.py:857] Filesystem type for checkpoints: EXT4. Checkpoint size: 646.43 GiB. Available RAM: 1883.15 GiB.
(Worker_DP4_TP0_EP8 pid=353648) INFO 07-27 20:13:18 [weight_utils.py:880] Auto-prefetch is disabled because the filesystem (EXT4) is not a recognized network FS (NFS/Lustre). If you want to force prefetching, start vLLM with --safetensors-load-strategy=prefetch.
(Worker_DP0_TP0_EP0 pid=353651) INFO 07-27 20:13:18 [weight_utils.py:857] Filesystem type for checkpoints: EXT4. Checkpoint size: 646.43 GiB. Available RAM: 1883.10 GiB.
(Worker_DP0_TP0_EP0 pid=353651) INFO 07-27 20:13:18 [weight_utils.py:880] Auto-prefetch is disabled because the filesystem (EXT4) is not a recognized network FS (NFS/Lustre). If you want to force prefetching, start vLLM with --safetensors-load-strategy=prefetch.
(Worker_DP0_TP0_EP0 pid=353651) 
Loading safetensors checkpoint shards:   0% Completed | 0/162 [00:00<?, ?it/s]
(Worker_DP0_TP0_EP0 pid=353651) 
Loading safetensors checkpoint shards:   1% Completed | 1/162 [00:03<09:17,  3.46s/it]
(Worker_DP0_TP0_EP0 pid=353651) 
Loading safetensors checkpoint shards:   1% Completed | 2/162 [00:04<05:48,  2.18s/it]
(Worker_DP0_TP0_EP0 pid=353651) 
Loading safetensors checkpoint shards:   2% Completed | 3/162 [00:04<03:21,  1.27s/it]
(Worker_DP0_TP0_EP0 pid=353651) 
Loading safetensors checkpoint shards:   2% Completed | 4/162 [00:06<03:31,  1.34s/it]
(Worker_DP0_TP0_EP0 pid=353651) 
Loading safetensors checkpoint shards:   3% Completed | 5/162 [00:06<02:28,  1.06it/s]
(Worker_DP0_TP0_EP0 pid=353651) 
Loading safetensors checkpoint shards:   4% Completed | 6/162 [00:06<01:50,  1.41it/s]
(Worker_DP0_TP0_EP0 pid=353651) 
Loading safetensors checkpoint shards:   4% Completed | 7/162 [00:08<02:34,  1.00it/s]
(Worker_DP0_TP0_EP0 pid=353651) 
Loading safetensors checkpoint shards:   5% Completed | 8/162 [00:08<02:05,  1.23it/s]
(Worker_DP0_TP0_EP0 pid=353651) 
Loading safetensors checkpoint shards:   6% Completed | 9/162 [00:09<02:15,  1.13it/s]
(Worker_DP0_TP0_EP0 pid=353651) 
Loading safetensors checkpoint shards:   6% Completed | 10/162 [00:11<02:37,  1.04s/it]
(Worker_DP0_TP0_EP0 pid=353651) 
Loading safetensors checkpoint shards:   7% Completed | 11/162 [00:11<02:15,  1.12it/s]
(Worker_DP0_TP0_EP0 pid=353651) 
Loading safetensors checkpoint shards:   7% Completed | 12/162 [00:13<03:08,  1.26s/it]
(Worker_DP0_TP0_EP0 pid=353651) 
Loading safetensors checkpoint shards:   8% Completed | 13/162 [00:14<02:21,  1.05it/s]
(Worker_DP0_TP0_EP0 pid=353651) 
Loading safetensors checkpoint shards:   9% Completed | 14/162 [00:14<01:49,  1.35it/s]
(Worker_DP0_TP0_EP0 pid=353651) 
Loading safetensors checkpoint shards:   9% Completed | 15/162 [00:16<02:56,  1.20s/it]
(Worker_DP0_TP0_EP0 pid=353651) 
Loading safetensors checkpoint shards:  10% Completed | 16/162 [00:16<02:12,  1.10it/s]
(Worker_DP0_TP0_EP0 pid=353651) 
Loading safetensors checkpoint shards:  10% Completed | 17/162 [00:17<01:54,  1.27it/s]
(Worker_DP0_TP0_EP0 pid=353651) 
Loading safetensors checkpoint shards:  11% Completed | 18/162 [00:19<02:58,  1.24s/it]
(Worker_DP0_TP0_EP0 pid=353651) 
Loading safetensors checkpoint shards:  12% Completed | 19/162 [00:19<02:13,  1.07it/s]
(Worker_DP0_TP0_EP0 pid=353651) 
Loading safetensors checkpoint shards:  12% Completed | 20/162 [00:21<02:23,  1.01s/it]
(Worker_DP0_TP0_EP0 pid=353651) 
Loading safetensors checkpoint shards:  13% Completed | 21/162 [00:21<01:49,  1.28it/s]
(Worker_DP0_TP0_EP0 pid=353651) 
Loading safetensors checkpoint shards:  14% Completed | 22/162 [00:21<01:24,  1.66it/s]
(Worker_DP0_TP0_EP0 pid=353651) 
Loading safetensors checkpoint shards:  14% Completed | 23/162 [00:23<02:02,  1.14it/s]
(Worker_DP0_TP0_EP0 pid=353651) 
Loading safetensors checkpoint shards:  15% Completed | 24/162 [00:23<01:35,  1.44it/s]
(Worker_DP0_TP0_EP0 pid=353651) 
Loading safetensors checkpoint shards:  15% Completed | 25/162 [00:23<01:24,  1.63it/s]
(Worker_DP0_TP0_EP0 pid=353651) 
Loading safetensors checkpoint shards:  16% Completed | 26/162 [00:25<01:51,  1.22it/s]
(Worker_DP0_TP0_EP0 pid=353651) 
Loading safetensors checkpoint shards:  17% Completed | 27/162 [00:25<01:37,  1.38it/s]
(Worker_DP0_TP0_EP0 pid=353651) 
Loading safetensors checkpoint shards:  17% Completed | 28/162 [00:27<02:23,  1.07s/it]
(Worker_DP0_TP0_EP0 pid=353651) 
Loading safetensors checkpoint shards:  18% Completed | 29/162 [00:27<01:49,  1.22it/s]
(Worker_DP0_TP0_EP0 pid=353651) 
Loading safetensors checkpoint shards:  19% Completed | 30/162 [00:28<01:29,  1.47it/s]
(Worker_DP0_TP0_EP0 pid=353651) 
Loading safetensors checkpoint shards:  19% Completed | 31/162 [00:30<02:31,  1.15s/it]
(Worker_DP0_TP0_EP0 pid=353651) 
Loading safetensors checkpoint shards:  20% Completed | 32/162 [00:30<01:54,  1.14it/s]
(Worker_DP0_TP0_EP0 pid=353651) 
Loading safetensors checkpoint shards:  20% Completed | 33/162 [00:30<01:32,  1.39it/s]
(Worker_DP0_TP0_EP0 pid=353651) 
Loading safetensors checkpoint shards:  21% Completed | 34/162 [00:33<02:26,  1.14s/it]
(Worker_DP0_TP0_EP0 pid=353651) 
Loading safetensors checkpoint shards:  22% Completed | 35/162 [00:33<01:51,  1.14it/s]
(Worker_DP0_TP0_EP0 pid=353651) 
Loading safetensors checkpoint shards:  22% Completed | 36/162 [00:34<01:59,  1.06it/s]
(Worker_DP0_TP0_EP0 pid=353651) 
Loading safetensors checkpoint shards:  23% Completed | 37/162 [00:35<01:44,  1.19it/s]
(Worker_DP0_TP0_EP0 pid=353651) 
Loading safetensors checkpoint shards:  23% Completed | 38/162 [00:35<01:28,  1.40it/s]
(Worker_DP0_TP0_EP0 pid=353651) 
Loading safetensors checkpoint shards:  24% Completed | 39/162 [00:37<02:20,  1.14s/it]
(Worker_DP0_TP0_EP0 pid=353651) 
Loading safetensors checkpoint shards:  25% Completed | 40/162 [00:37<01:49,  1.11it/s]
(Worker_DP0_TP0_EP0 pid=353651) 
Loading safetensors checkpoint shards:  25% Completed | 41/162 [00:38<01:38,  1.23it/s]
(Worker_DP0_TP0_EP0 pid=353651) 
Loading safetensors checkpoint shards:  26% Completed | 42/162 [00:40<02:08,  1.07s/it]
(Worker_DP0_TP0_EP0 pid=353651) 
Loading safetensors checkpoint shards:  27% Completed | 43/162 [00:40<01:41,  1.17it/s]
(Worker_DP0_TP0_EP0 pid=353651) 
Loading safetensors checkpoint shards:  27% Completed | 44/162 [00:42<02:09,  1.10s/it]
(Worker_DP0_TP0_EP0 pid=353651) 
Loading safetensors checkpoint shards:  28% Completed | 45/162 [00:43<02:03,  1.06s/it]
(Worker_DP0_TP0_EP0 pid=353651) 
Loading safetensors checkpoint shards:  28% Completed | 46/162 [00:43<01:32,  1.25it/s]
(Worker_DP0_TP0_EP0 pid=353651) 
Loading safetensors checkpoint shards:  29% Completed | 47/162 [00:45<02:20,  1.22s/it]
(Worker_DP0_TP0_EP0 pid=353651) 
Loading safetensors checkpoint shards:  30% Completed | 48/162 [00:45<01:45,  1.08it/s]
(Worker_DP0_TP0_EP0 pid=353651) 
Loading safetensors checkpoint shards:  30% Completed | 49/162 [00:46<01:24,  1.34it/s]
(Worker_DP0_TP0_EP0 pid=353651) 
Loading safetensors checkpoint shards:  31% Completed | 50/162 [00:48<02:09,  1.16s/it]
(Worker_DP0_TP0_EP0 pid=353651) 
Loading safetensors checkpoint shards:  31% Completed | 51/162 [00:48<01:37,  1.14it/s]
(Worker_DP0_TP0_EP0 pid=353651) 
Loading safetensors checkpoint shards:  32% Completed | 52/162 [00:49<01:39,  1.10it/s]
(Worker_DP0_TP0_EP0 pid=353651) 
Loading safetensors checkpoint shards:  33% Completed | 53/162 [00:51<02:10,  1.19s/it]
(Worker_DP0_TP0_EP0 pid=353651) 
Loading safetensors checkpoint shards:  33% Completed | 54/162 [00:51<01:37,  1.11it/s]
(Worker_DP0_TP0_EP0 pid=353651) 
Loading safetensors checkpoint shards:  34% Completed | 55/162 [00:53<01:56,  1.09s/it]
(Worker_DP0_TP0_EP0 pid=353651) 
Loading safetensors checkpoint shards:  35% Completed | 56/162 [00:53<01:27,  1.21it/s]
(Worker_DP0_TP0_EP0 pid=353651) 
Loading safetensors checkpoint shards:  35% Completed | 57/162 [00:53<01:18,  1.34it/s]
(Worker_DP0_TP0_EP0 pid=353651) 
Loading safetensors checkpoint shards:  36% Completed | 58/162 [00:55<01:52,  1.08s/it]
(Worker_DP0_TP0_EP0 pid=353651) 
Loading safetensors checkpoint shards:  36% Completed | 59/162 [00:56<01:27,  1.18it/s]
(Worker_DP0_TP0_EP0 pid=353651) 
Loading safetensors checkpoint shards:  37% Completed | 60/162 [00:56<01:11,  1.42it/s]
(Worker_DP0_TP0_EP0 pid=353651) 
Loading safetensors checkpoint shards:  38% Completed | 61/162 [00:57<01:36,  1.05it/s]
(Worker_DP0_TP0_EP0 pid=353651) 
Loading safetensors checkpoint shards:  38% Completed | 62/162 [00:58<01:25,  1.17it/s]
(Worker_DP0_TP0_EP0 pid=353651) 
Loading safetensors checkpoint shards:  39% Completed | 63/162 [01:00<02:01,  1.23s/it]
(Worker_DP0_TP0_EP0 pid=353651) 
Loading safetensors checkpoint shards:  40% Completed | 64/162 [01:00<01:31,  1.07it/s]
(Worker_DP0_TP0_EP0 pid=353651) 
Loading safetensors checkpoint shards:  40% Completed | 65/162 [01:01<01:12,  1.34it/s]
(Worker_DP0_TP0_EP0 pid=353651) 
Loading safetensors checkpoint shards:  41% Completed | 66/162 [01:03<01:51,  1.16s/it]
(Worker_DP0_TP0_EP0 pid=353651) 
Loading safetensors checkpoint shards:  41% Completed | 67/162 [01:03<01:24,  1.13it/s]
(Worker_DP0_TP0_EP0 pid=353651) 
Loading safetensors checkpoint shards:  42% Completed | 68/162 [01:03<01:05,  1.43it/s]
(Worker_DP0_TP0_EP0 pid=353651) 
Loading safetensors checkpoint shards:  43% Completed | 69/162 [01:05<01:35,  1.03s/it]
(Worker_DP0_TP0_EP0 pid=353651) 
Loading safetensors checkpoint shards:  43% Completed | 70/162 [01:05<01:12,  1.27it/s]
(Worker_DP0_TP0_EP0 pid=353651) 
Loading safetensors checkpoint shards:  44% Completed | 71/162 [01:07<01:45,  1.16s/it]
(Worker_DP0_TP0_EP0 pid=353651) 
Loading safetensors checkpoint shards:  44% Completed | 72/162 [01:08<01:19,  1.13it/s]
(Worker_DP0_TP0_EP0 pid=353651) 
Loading safetensors checkpoint shards:  45% Completed | 73/162 [01:08<01:00,  1.48it/s]
(Worker_DP0_TP0_EP0 pid=353651) 
Loading safetensors checkpoint shards:  46% Completed | 74/162 [01:10<01:36,  1.09s/it]
(Worker_DP0_TP0_EP0 pid=353651) 
Loading safetensors checkpoint shards:  46% Completed | 75/162 [01:10<01:12,  1.20it/s]
(Worker_DP0_TP0_EP0 pid=353651) 
Loading safetensors checkpoint shards:  47% Completed | 76/162 [01:10<00:55,  1.54it/s]
(Worker_DP0_TP0_EP0 pid=353651) 
Loading safetensors checkpoint shards:  48% Completed | 77/162 [01:12<01:23,  1.02it/s]
(Worker_DP0_TP0_EP0 pid=353651) 
Loading safetensors checkpoint shards:  48% Completed | 78/162 [01:12<01:03,  1.32it/s]
(Worker_DP0_TP0_EP0 pid=353651) 
Loading safetensors checkpoint shards:  49% Completed | 79/162 [01:14<01:21,  1.01it/s]
(Worker_DP0_TP0_EP0 pid=353651) 
Loading safetensors checkpoint shards:  49% Completed | 80/162 [01:15<01:13,  1.11it/s]
(Worker_DP0_TP0_EP0 pid=353651) 
Loading safetensors checkpoint shards:  50% Completed | 81/162 [01:15<00:55,  1.45it/s]
(Worker_DP0_TP0_EP0 pid=353651) 
Loading safetensors checkpoint shards:  51% Completed | 82/162 [01:16<01:15,  1.06it/s]
(Worker_DP0_TP0_EP0 pid=353651) 
Loading safetensors checkpoint shards:  51% Completed | 83/162 [01:17<01:02,  1.27it/s]
(Worker_DP0_TP0_EP0 pid=353651) 
Loading safetensors checkpoint shards:  52% Completed | 84/162 [01:17<00:56,  1.39it/s]
(Worker_DP0_TP0_EP0 pid=353651) 
Loading safetensors checkpoint shards:  52% Completed | 85/162 [01:19<01:21,  1.06s/it]
(Worker_DP0_TP0_EP0 pid=353651) 
Loading safetensors checkpoint shards:  53% Completed | 86/162 [01:20<01:10,  1.08it/s]
(Worker_DP0_TP0_EP0 pid=353651) 
Loading safetensors checkpoint shards:  54% Completed | 87/162 [01:21<01:17,  1.04s/it]
(Worker_DP0_TP0_EP0 pid=353651) 
Loading safetensors checkpoint shards:  54% Completed | 88/162 [01:22<01:20,  1.09s/it]
(Worker_DP0_TP0_EP0 pid=353651) 
Loading safetensors checkpoint shards:  55% Completed | 89/162 [01:22<01:00,  1.20it/s]
(Worker_DP0_TP0_EP0 pid=353651) 
Loading safetensors checkpoint shards:  56% Completed | 90/162 [01:24<01:23,  1.17s/it]
(Worker_DP0_TP0_EP0 pid=353651) 
Loading safetensors checkpoint shards:  56% Completed | 91/162 [01:25<01:02,  1.13it/s]
(Worker_DP0_TP0_EP0 pid=353651) 
Loading safetensors checkpoint shards:  57% Completed | 92/162 [01:25<00:50,  1.39it/s]
(Worker_DP0_TP0_EP0 pid=353651) 
Loading safetensors checkpoint shards:  57% Completed | 93/162 [01:27<01:17,  1.13s/it]
(Worker_DP0_TP0_EP0 pid=353651) 
Loading safetensors checkpoint shards:  58% Completed | 94/162 [01:27<00:58,  1.17it/s]
(Worker_DP0_TP0_EP0 pid=353651) 
Loading safetensors checkpoint shards:  59% Completed | 95/162 [01:28<00:54,  1.23it/s]
(Worker_DP0_TP0_EP0 pid=353651) 
Loading safetensors checkpoint shards:  59% Completed | 96/162 [01:30<01:14,  1.13s/it]
(Worker_DP0_TP0_EP0 pid=353651) 
Loading safetensors checkpoint shards:  60% Completed | 97/162 [01:30<00:55,  1.16it/s]
(Worker_DP0_TP0_EP0 pid=353651) 
Loading safetensors checkpoint shards:  60% Completed | 98/162 [01:32<01:07,  1.05s/it]
(Worker_DP0_TP0_EP0 pid=353651) 
Loading safetensors checkpoint shards:  61% Completed | 99/162 [01:32<00:50,  1.24it/s]
(Worker_DP0_TP0_EP0 pid=353651) 
Loading safetensors checkpoint shards:  62% Completed | 100/162 [01:32<00:39,  1.55it/s]
(Worker_DP0_TP0_EP0 pid=353651) 
Loading safetensors checkpoint shards:  62% Completed | 101/162 [01:34<00:56,  1.09it/s]
(Worker_DP0_TP0_EP0 pid=353651) 
Loading safetensors checkpoint shards:  63% Completed | 102/162 [01:34<00:44,  1.34it/s]
(Worker_DP0_TP0_EP0 pid=353651) 
Loading safetensors checkpoint shards:  64% Completed | 103/162 [01:34<00:39,  1.50it/s]
(Worker_DP0_TP0_EP0 pid=353651) 
Loading safetensors checkpoint shards:  64% Completed | 104/162 [01:36<00:51,  1.12it/s]
(Worker_DP0_TP0_EP0 pid=353651) 
Loading safetensors checkpoint shards:  65% Completed | 105/162 [01:36<00:45,  1.27it/s]
(Worker_DP0_TP0_EP0 pid=353651) 
Loading safetensors checkpoint shards:  65% Completed | 106/162 [01:38<01:03,  1.13s/it]
(Worker_DP0_TP0_EP0 pid=353651) 
Loading safetensors checkpoint shards:  66% Completed | 107/162 [01:39<00:47,  1.15it/s]
(Worker_DP0_TP0_EP0 pid=353651) 
Loading safetensors checkpoint shards:  67% Completed | 108/162 [01:39<00:36,  1.49it/s]
(Worker_DP0_TP0_EP0 pid=353651) 
Loading safetensors checkpoint shards:  67% Completed | 109/162 [01:41<00:55,  1.04s/it]
(Worker_DP0_TP0_EP0 pid=353651) 
Loading safetensors checkpoint shards:  68% Completed | 110/162 [01:41<00:41,  1.25it/s]
(Worker_DP0_TP0_EP0 pid=353651) 
Loading safetensors checkpoint shards:  69% Completed | 111/162 [01:41<00:33,  1.54it/s]
(Worker_DP0_TP0_EP0 pid=353651) 
Loading safetensors checkpoint shards:  69% Completed | 112/162 [01:43<00:50,  1.01s/it]
(Worker_DP0_TP0_EP0 pid=353651) 
Loading safetensors checkpoint shards:  70% Completed | 113/162 [01:43<00:37,  1.30it/s]
(Worker_DP0_TP0_EP0 pid=353651) 
Loading safetensors checkpoint shards:  70% Completed | 114/162 [01:45<00:53,  1.11s/it]
(Worker_DP0_TP0_EP0 pid=353651) 
Loading safetensors checkpoint shards:  71% Completed | 115/162 [01:46<00:40,  1.16it/s]
(Worker_DP0_TP0_EP0 pid=353651) 
Loading safetensors checkpoint shards:  72% Completed | 116/162 [01:46<00:30,  1.52it/s]
(Worker_DP0_TP0_EP0 pid=353651) 
Loading safetensors checkpoint shards:  72% Completed | 117/162 [01:47<00:44,  1.01it/s]
(Worker_DP0_TP0_EP0 pid=353651) 
Loading safetensors checkpoint shards:  73% Completed | 118/162 [01:48<00:33,  1.32it/s]
(Worker_DP0_TP0_EP0 pid=353651) 
Loading safetensors checkpoint shards:  73% Completed | 119/162 [01:48<00:26,  1.64it/s]
(Worker_DP0_TP0_EP0 pid=353651) 
Loading safetensors checkpoint shards:  74% Completed | 120/162 [01:49<00:34,  1.21it/s]
(Worker_DP0_TP0_EP0 pid=353651) 
Loading safetensors checkpoint shards:  75% Completed | 121/162 [01:50<00:29,  1.37it/s]
(Worker_DP0_TP0_EP0 pid=353651) 
Loading safetensors checkpoint shards:  75% Completed | 122/162 [01:52<00:45,  1.13s/it]
(Worker_DP0_TP0_EP0 pid=353651) 
Loading safetensors checkpoint shards:  76% Completed | 123/162 [01:53<00:38,  1.00it/s]
(Worker_DP0_TP0_EP0 pid=353651) 
Loading safetensors checkpoint shards:  77% Completed | 124/162 [01:53<00:28,  1.31it/s]
(Worker_DP0_TP0_EP0 pid=353651) 
Loading safetensors checkpoint shards:  77% Completed | 125/162 [01:55<00:39,  1.07s/it]
(Worker_DP0_TP0_EP0 pid=353651) 
Loading safetensors checkpoint shards:  78% Completed | 126/162 [01:55<00:29,  1.23it/s]
(Worker_DP0_TP0_EP0 pid=353651) 
Loading safetensors checkpoint shards:  78% Completed | 127/162 [01:55<00:23,  1.49it/s]
(Worker_DP0_TP0_EP0 pid=353651) 
Loading safetensors checkpoint shards:  79% Completed | 128/162 [01:57<00:35,  1.05s/it]
(Worker_DP0_TP0_EP0 pid=353651) 
Loading safetensors checkpoint shards:  80% Completed | 129/162 [01:57<00:26,  1.24it/s]
(Worker_DP0_TP0_EP0 pid=353651) 
Loading safetensors checkpoint shards:  80% Completed | 130/162 [01:58<00:28,  1.12it/s]
(Worker_DP0_TP0_EP0 pid=353651) 
Loading safetensors checkpoint shards:  81% Completed | 131/162 [01:59<00:29,  1.05it/s]
(Worker_DP0_TP0_EP0 pid=353651) 
Loading safetensors checkpoint shards:  81% Completed | 132/162 [02:00<00:22,  1.36it/s]
(Worker_DP0_TP0_EP0 pid=353651) 
Loading safetensors checkpoint shards:  82% Completed | 133/162 [02:02<00:34,  1.19s/it]
(Worker_DP0_TP0_EP0 pid=353651) 
Loading safetensors checkpoint shards:  83% Completed | 134/162 [02:02<00:25,  1.09it/s]
(Worker_DP0_TP0_EP0 pid=353651) 
Loading safetensors checkpoint shards:  83% Completed | 135/162 [02:02<00:19,  1.38it/s]
(Worker_DP0_TP0_EP0 pid=353651) 
Loading safetensors checkpoint shards:  84% Completed | 136/162 [02:04<00:27,  1.07s/it]
(Worker_DP0_TP0_EP0 pid=353651) 
Loading safetensors checkpoint shards:  85% Completed | 137/162 [02:05<00:20,  1.23it/s]
(Worker_DP0_TP0_EP0 pid=353651) 
Loading safetensors checkpoint shards:  85% Completed | 138/162 [02:05<00:17,  1.38it/s]
(Worker_DP0_TP0_EP0 pid=353651) 
Loading safetensors checkpoint shards:  86% Completed | 139/162 [02:07<00:24,  1.06s/it]
(Worker_DP0_TP0_EP0 pid=353651) 
Loading safetensors checkpoint shards:  86% Completed | 140/162 [02:07<00:17,  1.23it/s]
(Worker_DP0_TP0_EP0 pid=353651) 
Loading safetensors checkpoint shards:  87% Completed | 141/162 [02:09<00:22,  1.05s/it]
(Worker_DP0_TP0_EP0 pid=353651) 
Loading safetensors checkpoint shards:  88% Completed | 142/162 [02:09<00:16,  1.24it/s]
(Worker_DP0_TP0_EP0 pid=353651) 
Loading safetensors checkpoint shards:  88% Completed | 143/162 [02:09<00:12,  1.54it/s]
(Worker_DP0_TP0_EP0 pid=353651) 
Loading safetensors checkpoint shards:  89% Completed | 144/162 [02:11<00:15,  1.15it/s]
(Worker_DP0_TP0_EP0 pid=353651) 
Loading safetensors checkpoint shards:  90% Completed | 145/162 [02:11<00:11,  1.42it/s]
(Worker_DP0_TP0_EP0 pid=353651) 
Loading safetensors checkpoint shards:  90% Completed | 146/162 [02:11<00:09,  1.61it/s]
(Worker_DP0_TP0_EP0 pid=353651) 
Loading safetensors checkpoint shards:  91% Completed | 147/162 [02:13<00:12,  1.20it/s]
(Worker_DP0_TP0_EP0 pid=353651) 
Loading safetensors checkpoint shards:  91% Completed | 148/162 [02:13<00:10,  1.39it/s]
(Worker_DP0_TP0_EP0 pid=353651) 
Loading safetensors checkpoint shards:  92% Completed | 149/162 [02:15<00:14,  1.15s/it]
(Worker_DP0_TP0_EP0 pid=353651) 
Loading safetensors checkpoint shards:  93% Completed | 150/162 [02:16<00:10,  1.15it/s]
(Worker_DP0_TP0_EP0 pid=353651) 
Loading safetensors checkpoint shards:  93% Completed | 151/162 [02:16<00:07,  1.45it/s]
(Worker_DP0_TP0_EP0 pid=353651) 
Loading safetensors checkpoint shards:  94% Completed | 152/162 [02:18<00:11,  1.16s/it]
(Worker_DP0_TP0_EP0 pid=353651) 
Loading safetensors checkpoint shards:  94% Completed | 153/162 [02:18<00:07,  1.13it/s]
(Worker_DP0_TP0_EP0 pid=353651) 
Loading safetensors checkpoint shards:  95% Completed | 154/162 [02:19<00:05,  1.44it/s]
(Worker_DP0_TP0_EP0 pid=353651) 
Loading safetensors checkpoint shards:  96% Completed | 155/162 [02:21<00:07,  1.06s/it]
(Worker_DP0_TP0_EP0 pid=353651) 
Loading safetensors checkpoint shards:  96% Completed | 156/162 [02:21<00:04,  1.24it/s]
(Worker_DP0_TP0_EP0 pid=353651) 
Loading safetensors checkpoint shards:  97% Completed | 157/162 [02:21<00:03,  1.48it/s]
(Worker_DP0_TP0_EP0 pid=353651) 
Loading safetensors checkpoint shards:  98% Completed | 158/162 [02:23<00:03,  1.09it/s]
(Worker_DP7_TP0_EP14 pid=353645) INFO 07-27 20:15:41 [default_loader.py:430] Loading weights took 143.75 seconds
(Worker_DP4_TP0_EP8 pid=353648) INFO 07-27 20:15:41 [default_loader.py:430] Loading weights took 143.58 seconds
(Worker_DP0_TP0_EP0 pid=353651) 
Loading safetensors checkpoint shards:  98% Completed | 159/162 [02:23<00:02,  1.29it/s]
(Worker_DP0_TP0_EP0 pid=353651) 
Loading safetensors checkpoint shards: 100% Completed | 162/162 [02:23<00:00,  1.13it/s]
(Worker_DP0_TP0_EP0 pid=353651) 
(Worker_DP0_TP0_EP0 pid=353651) INFO 07-27 20:15:41 [default_loader.py:430] Loading weights took 143.59 seconds
(Worker_DP6_TP0_EP12 pid=353649) INFO 07-27 20:15:41 [default_loader.py:430] Loading weights took 144.11 seconds
(Worker_DP2_TP0_EP4 pid=353644) INFO 07-27 20:15:41 [default_loader.py:430] Loading weights took 144.06 seconds
(Worker_DP3_TP0_EP6 pid=353650) INFO 07-27 20:15:42 [default_loader.py:430] Loading weights took 143.82 seconds
(Worker_DP5_TP0_EP10 pid=353646) INFO 07-27 20:15:42 [default_loader.py:430] Loading weights took 143.91 seconds
(Worker_DP1_TP0_EP2 pid=353647) INFO 07-27 20:15:42 [default_loader.py:430] Loading weights took 143.93 seconds
INFO 07-27 20:15:51 [__init__.py:52] Available plugins for group vllm.platform_plugins:
INFO 07-27 20:15:51 [__init__.py:54] - ascend -> vllm_ascend:register
INFO 07-27 20:15:51 [__init__.py:57] All plugins in this group will be loaded. Set `VLLM_PLUGINS` to control which plugins to load.
INFO 07-27 20:15:51 [__init__.py:237] Platform plugin ascend is activated
INFO 07-27 20:15:51 [platform.py:61] Breakable cudagraph is force disabled on Ascend because DeepSeek V4 PIECEWISE cudagraph is not supported yet.
INFO 07-27 20:15:52 [__init__.py:52] Available plugins for group vllm.platform_plugins:
INFO 07-27 20:15:52 [__init__.py:54] - ascend -> vllm_ascend:register
INFO 07-27 20:15:52 [__init__.py:57] All plugins in this group will be loaded. Set `VLLM_PLUGINS` to control which plugins to load.
INFO 07-27 20:15:52 [__init__.py:237] Platform plugin ascend is activated
INFO 07-27 20:15:52 [platform.py:61] Breakable cudagraph is force disabled on Ascend because DeepSeek V4 PIECEWISE cudagraph is not supported yet.
INFO 07-27 20:15:52 [__init__.py:52] Available plugins for group vllm.platform_plugins:
INFO 07-27 20:15:52 [__init__.py:54] - ascend -> vllm_ascend:register
INFO 07-27 20:15:52 [__init__.py:57] All plugins in this group will be loaded. Set `VLLM_PLUGINS` to control which plugins to load.
INFO 07-27 20:15:52 [__init__.py:237] Platform plugin ascend is activated
INFO 07-27 20:15:52 [platform.py:61] Breakable cudagraph is force disabled on Ascend because DeepSeek V4 PIECEWISE cudagraph is not supported yet.
INFO 07-27 20:15:52 [__init__.py:52] Available plugins for group vllm.platform_plugins:
INFO 07-27 20:15:52 [__init__.py:54] - ascend -> vllm_ascend:register
INFO 07-27 20:15:52 [__init__.py:57] All plugins in this group will be loaded. Set `VLLM_PLUGINS` to control which plugins to load.
INFO 07-27 20:15:52 [__init__.py:237] Platform plugin ascend is activated
INFO 07-27 20:15:52 [platform.py:61] Breakable cudagraph is force disabled on Ascend because DeepSeek V4 PIECEWISE cudagraph is not supported yet.
INFO 07-27 20:15:52 [__init__.py:52] Available plugins for group vllm.platform_plugins:
INFO 07-27 20:15:52 [__init__.py:54] - ascend -> vllm_ascend:register
INFO 07-27 20:15:52 [__init__.py:57] All plugins in this group will be loaded. Set `VLLM_PLUGINS` to control which plugins to load.
INFO 07-27 20:15:52 [__init__.py:237] Platform plugin ascend is activated
INFO 07-27 20:15:52 [platform.py:61] Breakable cudagraph is force disabled on Ascend because DeepSeek V4 PIECEWISE cudagraph is not supported yet.
INFO 07-27 20:15:52 [__init__.py:52] Available plugins for group vllm.platform_plugins:
INFO 07-27 20:15:52 [__init__.py:54] - ascend -> vllm_ascend:register
INFO 07-27 20:15:52 [__init__.py:57] All plugins in this group will be loaded. Set `VLLM_PLUGINS` to control which plugins to load.
INFO 07-27 20:15:52 [__init__.py:237] Platform plugin ascend is activated
INFO 07-27 20:15:52 [platform.py:61] Breakable cudagraph is force disabled on Ascend because DeepSeek V4 PIECEWISE cudagraph is not supported yet.
INFO 07-27 20:15:52 [__init__.py:52] Available plugins for group vllm.platform_plugins:
INFO 07-27 20:15:52 [__init__.py:54] - ascend -> vllm_ascend:register
INFO 07-27 20:15:52 [__init__.py:57] All plugins in this group will be loaded. Set `VLLM_PLUGINS` to control which plugins to load.
INFO 07-27 20:15:52 [__init__.py:237] Platform plugin ascend is activated
INFO 07-27 20:15:52 [platform.py:61] Breakable cudagraph is force disabled on Ascend because DeepSeek V4 PIECEWISE cudagraph is not supported yet.
INFO 07-27 20:15:53 [__init__.py:52] Available plugins for group vllm.platform_plugins:
INFO 07-27 20:15:53 [__init__.py:54] - ascend -> vllm_ascend:register
INFO 07-27 20:15:53 [__init__.py:57] All plugins in this group will be loaded. Set `VLLM_PLUGINS` to control which plugins to load.
INFO 07-27 20:15:53 [__init__.py:237] Platform plugin ascend is activated
INFO 07-27 20:15:53 [platform.py:61] Breakable cudagraph is force disabled on Ascend because DeepSeek V4 PIECEWISE cudagraph is not supported yet.
INFO 07-27 20:15:53 [__init__.py:52] Available plugins for group vllm.platform_plugins:
INFO 07-27 20:15:53 [__init__.py:54] - ascend -> vllm_ascend:register
INFO 07-27 20:15:53 [__init__.py:57] All plugins in this group will be loaded. Set `VLLM_PLUGINS` to control which plugins to load.
INFO 07-27 20:15:53 [__init__.py:237] Platform plugin ascend is activated
INFO 07-27 20:15:53 [platform.py:61] Breakable cudagraph is force disabled on Ascend because DeepSeek V4 PIECEWISE cudagraph is not supported yet.
INFO 07-27 20:15:53 [__init__.py:52] Available plugins for group vllm.platform_plugins:
INFO 07-27 20:15:53 [__init__.py:54] - ascend -> vllm_ascend:register
INFO 07-27 20:15:53 [__init__.py:57] All plugins in this group will be loaded. Set `VLLM_PLUGINS` to control which plugins to load.
INFO 07-27 20:15:53 [__init__.py:237] Platform plugin ascend is activated
INFO 07-27 20:15:53 [platform.py:61] Breakable cudagraph is force disabled on Ascend because DeepSeek V4 PIECEWISE cudagraph is not supported yet.
INFO 07-27 20:15:53 [__init__.py:52] Available plugins for group vllm.platform_plugins:
INFO 07-27 20:15:53 [__init__.py:54] - ascend -> vllm_ascend:register
INFO 07-27 20:15:53 [__init__.py:57] All plugins in this group will be loaded. Set `VLLM_PLUGINS` to control which plugins to load.
INFO 07-27 20:15:53 [__init__.py:237] Platform plugin ascend is activated
INFO 07-27 20:15:53 [platform.py:61] Breakable cudagraph is force disabled on Ascend because DeepSeek V4 PIECEWISE cudagraph is not supported yet.
INFO 07-27 20:15:53 [__init__.py:52] Available plugins for group vllm.platform_plugins:
INFO 07-27 20:15:53 [__init__.py:54] - ascend -> vllm_ascend:register
INFO 07-27 20:15:53 [__init__.py:57] All plugins in this group will be loaded. Set `VLLM_PLUGINS` to control which plugins to load.
INFO 07-27 20:15:53 [__init__.py:237] Platform plugin ascend is activated
INFO 07-27 20:15:53 [platform.py:61] Breakable cudagraph is force disabled on Ascend because DeepSeek V4 PIECEWISE cudagraph is not supported yet.
INFO 07-27 20:15:54 [__init__.py:52] Available plugins for group vllm.platform_plugins:
INFO 07-27 20:15:54 [__init__.py:54] - ascend -> vllm_ascend:register
INFO 07-27 20:15:54 [__init__.py:57] All plugins in this group will be loaded. Set `VLLM_PLUGINS` to control which plugins to load.
INFO 07-27 20:15:54 [__init__.py:237] Platform plugin ascend is activated
INFO 07-27 20:15:54 [platform.py:61] Breakable cudagraph is force disabled on Ascend because DeepSeek V4 PIECEWISE cudagraph is not supported yet.
INFO 07-27 20:15:54 [__init__.py:52] Available plugins for group vllm.platform_plugins:
INFO 07-27 20:15:54 [__init__.py:54] - ascend -> vllm_ascend:register
INFO 07-27 20:15:54 [__init__.py:57] All plugins in this group will be loaded. Set `VLLM_PLUGINS` to control which plugins to load.
INFO 07-27 20:15:54 [__init__.py:237] Platform plugin ascend is activated
INFO 07-27 20:15:54 [platform.py:61] Breakable cudagraph is force disabled on Ascend because DeepSeek V4 PIECEWISE cudagraph is not supported yet.
INFO 07-27 20:15:54 [__init__.py:52] Available plugins for group vllm.platform_plugins:
INFO 07-27 20:15:54 [__init__.py:54] - ascend -> vllm_ascend:register
INFO 07-27 20:15:54 [__init__.py:57] All plugins in this group will be loaded. Set `VLLM_PLUGINS` to control which plugins to load.
INFO 07-27 20:15:54 [__init__.py:237] Platform plugin ascend is activated
INFO 07-27 20:15:54 [platform.py:61] Breakable cudagraph is force disabled on Ascend because DeepSeek V4 PIECEWISE cudagraph is not supported yet.
INFO 07-27 20:15:55 [__init__.py:52] Available plugins for group vllm.platform_plugins:
INFO 07-27 20:15:55 [__init__.py:54] - ascend -> vllm_ascend:register
INFO 07-27 20:15:55 [__init__.py:57] All plugins in this group will be loaded. Set `VLLM_PLUGINS` to control which plugins to load.
INFO 07-27 20:15:55 [__init__.py:237] Platform plugin ascend is activated
INFO 07-27 20:15:55 [platform.py:61] Breakable cudagraph is force disabled on Ascend because DeepSeek V4 PIECEWISE cudagraph is not supported yet.
(Worker_DP5_TP0_EP10 pid=353646) INFO 07-27 20:16:02 [fused_moe.py:510] [fused_moe/layer] Shared expert split computation validation passed. Integrated and split-path results are consistent.
(Worker_DP6_TP0_EP12 pid=353649) INFO 07-27 20:16:03 [fused_moe.py:510] [fused_moe/layer] Shared expert split computation validation passed. Integrated and split-path results are consistent.
(Worker_DP3_TP0_EP6 pid=353650) INFO 07-27 20:16:04 [fused_moe.py:510] [fused_moe/layer] Shared expert split computation validation passed. Integrated and split-path results are consistent.
(Worker_DP5_TP0_EP10 pid=353646) INFO 07-27 20:16:05 [model_runner_v1.py:3817] Loading drafter model...
(Worker_DP5_TP0_EP10 pid=353646) INFO 07-27 20:16:05 [vllm.py:1090] Asynchronous scheduling is enabled.
(Worker_DP5_TP0_EP10 pid=353646) WARNING 07-27 20:16:05 [vllm.py:1114] Disabling cascade attention (not yet compatible with async speculative decoding).
(Worker_DP5_TP0_EP10 pid=353646) INFO 07-27 20:16:05 [kernel.py:292] Final IR op priority after setting platform defaults: IrOpPriorityConfig(rms_norm=['native'], fused_add_rms_norm=['native'])
(Worker_DP5_TP0_EP10 pid=353646) WARNING 07-27 20:16:05 [vllm.py:1697] max_num_scheduled_tokens is set to 256 based on the speculative decoding settings. This may lead to suboptimal performance. Consider increasing max_num_batched_tokens to accommodate the additional draft token slots, or decrease num_speculative_tokens or max_num_seqs.
(Worker_DP5_TP0_EP10 pid=353646) WARNING 07-27 20:16:05 [platform.py:1043] GPU-specific parameter is not supported on Ascend. parameter=disable_cascade_attn, value=True, action: resetting to False.
(Worker_DP5_TP0_EP10 pid=353646) INFO 07-27 20:16:05 [ascend_config.py:490] finegrained_tp_config enabled: lmhead_tensor_parallel_size=2
(Worker_DP5_TP0_EP10 pid=353646) INFO 07-27 20:16:05 [ascend_config.py:824] Dynamic EPLB is False
(Worker_DP5_TP0_EP10 pid=353646) INFO 07-27 20:16:05 [ascend_config.py:825] The number of redundant experts is 0
(Worker_DP5_TP0_EP10 pid=353646) INFO 07-27 20:16:05 [platform.py:770] Set PYTORCH_NPU_ALLOC_CONF=expandable_segments:True
(Worker_DP5_TP0_EP10 pid=353646) INFO 07-27 20:16:05 [llm_base_proposer.py:298] [spec_decode/base] Loading draft model: method=mtp, load_format=None, model=/mnt/weights/DeepSeek-V3.1-Terminus-w8a8-QuaRot-lfs
(Worker_DP5_TP0_EP10 pid=353646) INFO 07-27 20:16:06 [compilation.py:1067] Using OOT custom backend for compilation.
(Worker_DP5_TP0_EP10 pid=353646) INFO 07-27 20:16:06 [weight_utils.py:857] Filesystem type for checkpoints: EXT4. Checkpoint size: 646.43 GiB. Available RAM: 1829.99 GiB.
(Worker_DP1_TP1_EP3 pid=354084) INFO 07-27 20:16:07 [model_runner_v1.py:3817] Loading drafter model...
(Worker_DP1_TP1_EP3 pid=354084) INFO 07-27 20:16:07 [kernel.py:292] Final IR op priority after setting platform defaults: IrOpPriorityConfig(rms_norm=['native'], fused_add_rms_norm=['native'])
(Worker_DP1_TP1_EP3 pid=354084) WARNING 07-27 20:16:07 [platform.py:1043] GPU-specific parameter is not supported on Ascend. parameter=disable_cascade_attn, value=True, action: resetting to False.
(Worker_DP1_TP1_EP3 pid=354084) INFO 07-27 20:16:07 [ascend_config.py:490] finegrained_tp_config enabled: lmhead_tensor_parallel_size=2
(Worker_DP1_TP1_EP3 pid=354084) INFO 07-27 20:16:07 [ascend_config.py:824] Dynamic EPLB is False
(Worker_DP1_TP1_EP3 pid=354084) INFO 07-27 20:16:07 [ascend_config.py:825] The number of redundant experts is 0
(Worker_DP1_TP1_EP3 pid=354084) INFO 07-27 20:16:07 [platform.py:770] Set PYTORCH_NPU_ALLOC_CONF=expandable_segments:True
(Worker_DP1_TP1_EP3 pid=354084) INFO 07-27 20:16:07 [llm_base_proposer.py:298] [spec_decode/base] Loading draft model: method=mtp, load_format=None, model=/mnt/weights/DeepSeek-V3.1-Terminus-w8a8-QuaRot-lfs
(Worker_DP6_TP0_EP12 pid=353649) INFO 07-27 20:16:07 [model_runner_v1.py:3817] Loading drafter model...
(Worker_DP6_TP0_EP12 pid=353649) INFO 07-27 20:16:07 [vllm.py:1090] Asynchronous scheduling is enabled.
(Worker_DP6_TP0_EP12 pid=353649) WARNING 07-27 20:16:07 [vllm.py:1114] Disabling cascade attention (not yet compatible with async speculative decoding).
(Worker_DP6_TP0_EP12 pid=353649) INFO 07-27 20:16:07 [kernel.py:292] Final IR op priority after setting platform defaults: IrOpPriorityConfig(rms_norm=['native'], fused_add_rms_norm=['native'])
(Worker_DP6_TP0_EP12 pid=353649) WARNING 07-27 20:16:07 [vllm.py:1697] max_num_scheduled_tokens is set to 256 based on the speculative decoding settings. This may lead to suboptimal performance. Consider increasing max_num_batched_tokens to accommodate the additional draft token slots, or decrease num_speculative_tokens or max_num_seqs.
(Worker_DP6_TP0_EP12 pid=353649) WARNING 07-27 20:16:07 [platform.py:1043] GPU-specific parameter is not supported on Ascend. parameter=disable_cascade_attn, value=True, action: resetting to False.
(Worker_DP6_TP0_EP12 pid=353649) INFO 07-27 20:16:07 [ascend_config.py:490] finegrained_tp_config enabled: lmhead_tensor_parallel_size=2
(Worker_DP6_TP0_EP12 pid=353649) INFO 07-27 20:16:07 [ascend_config.py:824] Dynamic EPLB is False
(Worker_DP6_TP0_EP12 pid=353649) INFO 07-27 20:16:07 [ascend_config.py:825] The number of redundant experts is 0
(Worker_DP6_TP0_EP12 pid=353649) INFO 07-27 20:16:07 [platform.py:770] Set PYTORCH_NPU_ALLOC_CONF=expandable_segments:True
(Worker_DP6_TP0_EP12 pid=353649) INFO 07-27 20:16:07 [llm_base_proposer.py:298] [spec_decode/base] Loading draft model: method=mtp, load_format=None, model=/mnt/weights/DeepSeek-V3.1-Terminus-w8a8-QuaRot-lfs
(Worker_DP3_TP0_EP6 pid=353650) INFO 07-27 20:16:07 [model_runner_v1.py:3817] Loading drafter model...
(Worker_DP3_TP0_EP6 pid=353650) INFO 07-27 20:16:07 [vllm.py:1090] Asynchronous scheduling is enabled.
(Worker_DP3_TP0_EP6 pid=353650) WARNING 07-27 20:16:07 [vllm.py:1114] Disabling cascade attention (not yet compatible with async speculative decoding).
(Worker_DP3_TP0_EP6 pid=353650) INFO 07-27 20:16:07 [kernel.py:292] Final IR op priority after setting platform defaults: IrOpPriorityConfig(rms_norm=['native'], fused_add_rms_norm=['native'])
(Worker_DP3_TP0_EP6 pid=353650) WARNING 07-27 20:16:07 [vllm.py:1697] max_num_scheduled_tokens is set to 256 based on the speculative decoding settings. This may lead to suboptimal performance. Consider increasing max_num_batched_tokens to accommodate the additional draft token slots, or decrease num_speculative_tokens or max_num_seqs.
(Worker_DP3_TP0_EP6 pid=353650) WARNING 07-27 20:16:07 [platform.py:1043] GPU-specific parameter is not supported on Ascend. parameter=disable_cascade_attn, value=True, action: resetting to False.
(Worker_DP3_TP0_EP6 pid=353650) INFO 07-27 20:16:07 [ascend_config.py:490] finegrained_tp_config enabled: lmhead_tensor_parallel_size=2
(Worker_DP3_TP0_EP6 pid=353650) INFO 07-27 20:16:07 [ascend_config.py:824] Dynamic EPLB is False
(Worker_DP3_TP0_EP6 pid=353650) INFO 07-27 20:16:07 [ascend_config.py:825] The number of redundant experts is 0
(Worker_DP1_TP1_EP3 pid=354084) INFO 07-27 20:16:07 [compilation.py:1067] Using OOT custom backend for compilation.
(Worker_DP3_TP0_EP6 pid=353650) INFO 07-27 20:16:07 [platform.py:770] Set PYTORCH_NPU_ALLOC_CONF=expandable_segments:True
(Worker_DP3_TP0_EP6 pid=353650) INFO 07-27 20:16:07 [llm_base_proposer.py:298] [spec_decode/base] Loading draft model: method=mtp, load_format=None, model=/mnt/weights/DeepSeek-V3.1-Terminus-w8a8-QuaRot-lfs
(Worker_DP6_TP0_EP12 pid=353649) INFO 07-27 20:16:07 [compilation.py:1067] Using OOT custom backend for compilation.
(Worker_DP6_TP0_EP12 pid=353649) INFO 07-27 20:16:07 [weight_utils.py:857] Filesystem type for checkpoints: EXT4. Checkpoint size: 646.43 GiB. Available RAM: 1824.70 GiB.
(Worker_DP4_TP1_EP9 pid=354045) INFO 07-27 20:16:07 [model_runner_v1.py:3817] Loading drafter model...
(Worker_DP4_TP1_EP9 pid=354045) INFO 07-27 20:16:07 [kernel.py:292] Final IR op priority after setting platform defaults: IrOpPriorityConfig(rms_norm=['native'], fused_add_rms_norm=['native'])
(Worker_DP4_TP1_EP9 pid=354045) WARNING 07-27 20:16:07 [platform.py:1043] GPU-specific parameter is not supported on Ascend. parameter=disable_cascade_attn, value=True, action: resetting to False.
(Worker_DP4_TP1_EP9 pid=354045) INFO 07-27 20:16:07 [ascend_config.py:490] finegrained_tp_config enabled: lmhead_tensor_parallel_size=2
(Worker_DP4_TP1_EP9 pid=354045) INFO 07-27 20:16:07 [ascend_config.py:824] Dynamic EPLB is False
(Worker_DP4_TP1_EP9 pid=354045) INFO 07-27 20:16:07 [ascend_config.py:825] The number of redundant experts is 0
(Worker_DP2_TP1_EP5 pid=353998) INFO 07-27 20:16:07 [model_runner_v1.py:3817] Loading drafter model...
(Worker_DP2_TP1_EP5 pid=353998) INFO 07-27 20:16:07 [kernel.py:292] Final IR op priority after setting platform defaults: IrOpPriorityConfig(rms_norm=['native'], fused_add_rms_norm=['native'])
(Worker_DP2_TP1_EP5 pid=353998) WARNING 07-27 20:16:07 [platform.py:1043] GPU-specific parameter is not supported on Ascend. parameter=disable_cascade_attn, value=True, action: resetting to False.
(Worker_DP2_TP1_EP5 pid=353998) INFO 07-27 20:16:07 [ascend_config.py:490] finegrained_tp_config enabled: lmhead_tensor_parallel_size=2
(Worker_DP2_TP1_EP5 pid=353998) INFO 07-27 20:16:07 [ascend_config.py:824] Dynamic EPLB is False
(Worker_DP2_TP1_EP5 pid=353998) INFO 07-27 20:16:07 [ascend_config.py:825] The number of redundant experts is 0
(Worker_DP4_TP1_EP9 pid=354045) INFO 07-27 20:16:07 [platform.py:770] Set PYTORCH_NPU_ALLOC_CONF=expandable_segments:True
(Worker_DP4_TP1_EP9 pid=354045) INFO 07-27 20:16:07 [llm_base_proposer.py:298] [spec_decode/base] Loading draft model: method=mtp, load_format=None, model=/mnt/weights/DeepSeek-V3.1-Terminus-w8a8-QuaRot-lfs
(Worker_DP2_TP0_EP4 pid=353644) INFO 07-27 20:16:07 [fused_moe.py:510] [fused_moe/layer] Shared expert split computation validation passed. Integrated and split-path results are consistent.
(Worker_DP2_TP1_EP5 pid=353998) INFO 07-27 20:16:07 [platform.py:770] Set PYTORCH_NPU_ALLOC_CONF=expandable_segments:True
(Worker_DP2_TP1_EP5 pid=353998) INFO 07-27 20:16:07 [llm_base_proposer.py:298] [spec_decode/base] Loading draft model: method=mtp, load_format=None, model=/mnt/weights/DeepSeek-V3.1-Terminus-w8a8-QuaRot-lfs
(Worker_DP3_TP0_EP6 pid=353650) INFO 07-27 20:16:07 [compilation.py:1067] Using OOT custom backend for compilation.
(Worker_DP3_TP0_EP6 pid=353650) INFO 07-27 20:16:07 [weight_utils.py:857] Filesystem type for checkpoints: EXT4. Checkpoint size: 646.43 GiB. Available RAM: 1824.13 GiB.
(Worker_DP4_TP1_EP9 pid=354045) INFO 07-27 20:16:08 [compilation.py:1067] Using OOT custom backend for compilation.
(Worker_DP2_TP1_EP5 pid=353998) INFO 07-27 20:16:08 [compilation.py:1067] Using OOT custom backend for compilation.
(Worker_DP7_TP0_EP14 pid=353645) INFO 07-27 20:16:09 [fused_moe.py:510] [fused_moe/layer] Shared expert split computation validation passed. Integrated and split-path results are consistent.
(Worker_DP2_TP0_EP4 pid=353644) INFO 07-27 20:16:11 [model_runner_v1.py:3817] Loading drafter model...
(Worker_DP2_TP0_EP4 pid=353644) INFO 07-27 20:16:11 [vllm.py:1090] Asynchronous scheduling is enabled.
(Worker_DP2_TP0_EP4 pid=353644) WARNING 07-27 20:16:11 [vllm.py:1114] Disabling cascade attention (not yet compatible with async speculative decoding).
(Worker_DP2_TP0_EP4 pid=353644) INFO 07-27 20:16:11 [kernel.py:292] Final IR op priority after setting platform defaults: IrOpPriorityConfig(rms_norm=['native'], fused_add_rms_norm=['native'])
(Worker_DP2_TP0_EP4 pid=353644) WARNING 07-27 20:16:11 [vllm.py:1697] max_num_scheduled_tokens is set to 256 based on the speculative decoding settings. This may lead to suboptimal performance. Consider increasing max_num_batched_tokens to accommodate the additional draft token slots, or decrease num_speculative_tokens or max_num_seqs.
(Worker_DP2_TP0_EP4 pid=353644) WARNING 07-27 20:16:11 [platform.py:1043] GPU-specific parameter is not supported on Ascend. parameter=disable_cascade_attn, value=True, action: resetting to False.
(Worker_DP2_TP0_EP4 pid=353644) INFO 07-27 20:16:11 [ascend_config.py:490] finegrained_tp_config enabled: lmhead_tensor_parallel_size=2
(Worker_DP2_TP0_EP4 pid=353644) INFO 07-27 20:16:11 [ascend_config.py:824] Dynamic EPLB is False
(Worker_DP2_TP0_EP4 pid=353644) INFO 07-27 20:16:11 [ascend_config.py:825] The number of redundant experts is 0
(Worker_DP2_TP0_EP4 pid=353644) INFO 07-27 20:16:11 [platform.py:770] Set PYTORCH_NPU_ALLOC_CONF=expandable_segments:True
(Worker_DP2_TP0_EP4 pid=353644) INFO 07-27 20:16:11 [llm_base_proposer.py:298] [spec_decode/base] Loading draft model: method=mtp, load_format=None, model=/mnt/weights/DeepSeek-V3.1-Terminus-w8a8-QuaRot-lfs
(Worker_DP2_TP0_EP4 pid=353644) INFO 07-27 20:16:11 [compilation.py:1067] Using OOT custom backend for compilation.
(Worker_DP2_TP0_EP4 pid=353644) INFO 07-27 20:16:11 [weight_utils.py:857] Filesystem type for checkpoints: EXT4. Checkpoint size: 646.43 GiB. Available RAM: 1809.63 GiB.
(Worker_DP7_TP0_EP14 pid=353645) INFO 07-27 20:16:12 [model_runner_v1.py:3817] Loading drafter model...
(Worker_DP7_TP0_EP14 pid=353645) INFO 07-27 20:16:12 [vllm.py:1090] Asynchronous scheduling is enabled.
(Worker_DP7_TP0_EP14 pid=353645) WARNING 07-27 20:16:12 [vllm.py:1114] Disabling cascade attention (not yet compatible with async speculative decoding).
(Worker_DP7_TP0_EP14 pid=353645) INFO 07-27 20:16:12 [kernel.py:292] Final IR op priority after setting platform defaults: IrOpPriorityConfig(rms_norm=['native'], fused_add_rms_norm=['native'])
(Worker_DP7_TP0_EP14 pid=353645) WARNING 07-27 20:16:12 [vllm.py:1697] max_num_scheduled_tokens is set to 256 based on the speculative decoding settings. This may lead to suboptimal performance. Consider increasing max_num_batched_tokens to accommodate the additional draft token slots, or decrease num_speculative_tokens or max_num_seqs.
(Worker_DP7_TP0_EP14 pid=353645) WARNING 07-27 20:16:12 [platform.py:1043] GPU-specific parameter is not supported on Ascend. parameter=disable_cascade_attn, value=True, action: resetting to False.
(Worker_DP7_TP0_EP14 pid=353645) INFO 07-27 20:16:12 [ascend_config.py:490] finegrained_tp_config enabled: lmhead_tensor_parallel_size=2
(Worker_DP7_TP0_EP14 pid=353645) INFO 07-27 20:16:12 [ascend_config.py:824] Dynamic EPLB is False
(Worker_DP7_TP0_EP14 pid=353645) INFO 07-27 20:16:12 [ascend_config.py:825] The number of redundant experts is 0
(Worker_DP7_TP0_EP14 pid=353645) INFO 07-27 20:16:12 [platform.py:770] Set PYTORCH_NPU_ALLOC_CONF=expandable_segments:True
(Worker_DP7_TP0_EP14 pid=353645) INFO 07-27 20:16:12 [llm_base_proposer.py:298] [spec_decode/base] Loading draft model: method=mtp, load_format=None, model=/mnt/weights/DeepSeek-V3.1-Terminus-w8a8-QuaRot-lfs
(Worker_DP7_TP0_EP14 pid=353645) INFO 07-27 20:16:13 [compilation.py:1067] Using OOT custom backend for compilation.
(Worker_DP7_TP0_EP14 pid=353645) INFO 07-27 20:16:13 [weight_utils.py:857] Filesystem type for checkpoints: EXT4. Checkpoint size: 646.43 GiB. Available RAM: 1806.09 GiB.
(Worker_DP5_TP1_EP11 pid=354089) INFO 07-27 20:16:13 [model_runner_v1.py:3817] Loading drafter model...
(Worker_DP5_TP1_EP11 pid=354089) INFO 07-27 20:16:13 [kernel.py:292] Final IR op priority after setting platform defaults: IrOpPriorityConfig(rms_norm=['native'], fused_add_rms_norm=['native'])
(Worker_DP5_TP1_EP11 pid=354089) WARNING 07-27 20:16:13 [platform.py:1043] GPU-specific parameter is not supported on Ascend. parameter=disable_cascade_attn, value=True, action: resetting to False.
(Worker_DP5_TP1_EP11 pid=354089) INFO 07-27 20:16:13 [ascend_config.py:490] finegrained_tp_config enabled: lmhead_tensor_parallel_size=2
(Worker_DP5_TP1_EP11 pid=354089) INFO 07-27 20:16:13 [ascend_config.py:824] Dynamic EPLB is False
(Worker_DP5_TP1_EP11 pid=354089) INFO 07-27 20:16:13 [ascend_config.py:825] The number of redundant experts is 0
(Worker_DP5_TP0_EP10 pid=353646) INFO 07-27 20:16:13 [default_loader.py:430] Loading weights took 7.15 seconds
(Worker_DP5_TP0_EP10 pid=353646) INFO 07-27 20:16:13 [llm_base_proposer.py:461] [spec_decode/base] Detected MTP model. Sharing target model embedding weights with the draft model.
(Worker_DP5_TP1_EP11 pid=354089) INFO 07-27 20:16:13 [platform.py:770] Set PYTORCH_NPU_ALLOC_CONF=expandable_segments:True
(Worker_DP5_TP1_EP11 pid=354089) INFO 07-27 20:16:13 [llm_base_proposer.py:298] [spec_decode/base] Loading draft model: method=mtp, load_format=None, model=/mnt/weights/DeepSeek-V3.1-Terminus-w8a8-QuaRot-lfs
(Worker_DP5_TP0_EP10 pid=353646) INFO 07-27 20:16:13 [llm_base_proposer.py:522] [spec_decode/base] Wrapping draft model with ACLGraphWrapper: runtime_mode=FULL, use_eagle=True, enable_enpu=False
(Worker_DP5_TP1_EP11 pid=354089) INFO 07-27 20:16:13 [compilation.py:1067] Using OOT custom backend for compilation.
(Worker_DP4_TP0_EP8 pid=353648) INFO 07-27 20:16:14 [fused_moe.py:510] [fused_moe/layer] Shared expert split computation validation passed. Integrated and split-path results are consistent.
(Worker_DP3_TP0_EP6 pid=353650) INFO 07-27 20:16:14 [default_loader.py:430] Loading weights took 6.78 seconds
(Worker_DP3_TP0_EP6 pid=353650) INFO 07-27 20:16:14 [llm_base_proposer.py:461] [spec_decode/base] Detected MTP model. Sharing target model embedding weights with the draft model.
(Worker_DP3_TP0_EP6 pid=353650) INFO 07-27 20:16:14 [llm_base_proposer.py:522] [spec_decode/base] Wrapping draft model with ACLGraphWrapper: runtime_mode=FULL, use_eagle=True, enable_enpu=False
(Worker_DP1_TP1_EP3 pid=354084) INFO 07-27 20:16:14 [llm_base_proposer.py:461] [spec_decode/base] Detected MTP model. Sharing target model embedding weights with the draft model.
(Worker_DP1_TP1_EP3 pid=354084) INFO 07-27 20:16:15 [llm_base_proposer.py:522] [spec_decode/base] Wrapping draft model with ACLGraphWrapper: runtime_mode=FULL, use_eagle=True, enable_enpu=False
(Worker_DP6_TP1_EP13 pid=354021) INFO 07-27 20:16:15 [model_runner_v1.py:3817] Loading drafter model...
(Worker_DP6_TP1_EP13 pid=354021) INFO 07-27 20:16:15 [kernel.py:292] Final IR op priority after setting platform defaults: IrOpPriorityConfig(rms_norm=['native'], fused_add_rms_norm=['native'])
(Worker_DP6_TP1_EP13 pid=354021) WARNING 07-27 20:16:15 [platform.py:1043] GPU-specific parameter is not supported on Ascend. parameter=disable_cascade_attn, value=True, action: resetting to False.
(Worker_DP6_TP1_EP13 pid=354021) INFO 07-27 20:16:15 [ascend_config.py:490] finegrained_tp_config enabled: lmhead_tensor_parallel_size=2
(Worker_DP6_TP1_EP13 pid=354021) INFO 07-27 20:16:15 [ascend_config.py:824] Dynamic EPLB is False
(Worker_DP6_TP1_EP13 pid=354021) INFO 07-27 20:16:15 [ascend_config.py:825] The number of redundant experts is 0
(Worker_DP6_TP1_EP13 pid=354021) INFO 07-27 20:16:15 [platform.py:770] Set PYTORCH_NPU_ALLOC_CONF=expandable_segments:True
(Worker_DP6_TP1_EP13 pid=354021) INFO 07-27 20:16:15 [llm_base_proposer.py:298] [spec_decode/base] Loading draft model: method=mtp, load_format=None, model=/mnt/weights/DeepSeek-V3.1-Terminus-w8a8-QuaRot-lfs
(Worker_DP6_TP0_EP12 pid=353649) INFO 07-27 20:16:15 [default_loader.py:430] Loading weights took 7.63 seconds
(Worker_DP5_TP0_EP10 pid=353646) INFO 07-27 20:16:15 [model_runner_v1.py:3868] Loading model weights took 51.1023 GB
(Worker_DP5_TP0_EP10 pid=353646) INFO 07-27 20:16:15 [model_runner_v1.py:3894] Model runner load_model total time: 188.28 seconds
(Worker_DP4_TP1_EP9 pid=354045) INFO 07-27 20:16:15 [llm_base_proposer.py:461] [spec_decode/base] Detected MTP model. Sharing target model embedding weights with the draft model.
(Worker_DP6_TP0_EP12 pid=353649) INFO 07-27 20:16:15 [llm_base_proposer.py:461] [spec_decode/base] Detected MTP model. Sharing target model embedding weights with the draft model.
(Worker_DP2_TP1_EP5 pid=353998) INFO 07-27 20:16:15 [llm_base_proposer.py:461] [spec_decode/base] Detected MTP model. Sharing target model embedding weights with the draft model.
(Worker_DP4_TP1_EP9 pid=354045) INFO 07-27 20:16:15 [llm_base_proposer.py:522] [spec_decode/base] Wrapping draft model with ACLGraphWrapper: runtime_mode=FULL, use_eagle=True, enable_enpu=False
(Worker_DP2_TP1_EP5 pid=353998) INFO 07-27 20:16:15 [llm_base_proposer.py:522] [spec_decode/base] Wrapping draft model with ACLGraphWrapper: runtime_mode=FULL, use_eagle=True, enable_enpu=False
(Worker_DP6_TP1_EP13 pid=354021) INFO 07-27 20:16:15 [compilation.py:1067] Using OOT custom backend for compilation.
(Worker_DP6_TP0_EP12 pid=353649) INFO 07-27 20:16:15 [llm_base_proposer.py:522] [spec_decode/base] Wrapping draft model with ACLGraphWrapper: runtime_mode=FULL, use_eagle=True, enable_enpu=False
(Worker_DP3_TP0_EP6 pid=353650) INFO 07-27 20:16:16 [model_runner_v1.py:3868] Loading model weights took 51.1023 GB
(Worker_DP3_TP0_EP6 pid=353650) INFO 07-27 20:16:16 [model_runner_v1.py:3894] Model runner load_model total time: 189.14 seconds
(Worker_DP2_TP1_EP5 pid=353998) INFO 07-27 20:16:16 [model_runner_v1.py:3868] Loading model weights took 51.1023 GB
(Worker_DP2_TP1_EP5 pid=353998) INFO 07-27 20:16:16 [model_runner_v1.py:3894] Model runner load_model total time: 189.33 seconds
(Worker_DP6_TP0_EP12 pid=353649) INFO 07-27 20:16:16 [model_runner_v1.py:3868] Loading model weights took 51.1023 GB
(Worker_DP6_TP0_EP12 pid=353649) INFO 07-27 20:16:16 [model_runner_v1.py:3894] Model runner load_model total time: 189.36 seconds
(Worker_DP1_TP1_EP3 pid=354084) INFO 07-27 20:16:16 [model_runner_v1.py:3868] Loading model weights took 51.1023 GB
(Worker_DP1_TP1_EP3 pid=354084) INFO 07-27 20:16:16 [model_runner_v1.py:3894] Model runner load_model total time: 189.53 seconds
(Worker_DP4_TP1_EP9 pid=354045) INFO 07-27 20:16:16 [model_runner_v1.py:3868] Loading model weights took 51.1023 GB
(Worker_DP4_TP1_EP9 pid=354045) INFO 07-27 20:16:16 [model_runner_v1.py:3894] Model runner load_model total time: 189.79 seconds
(Worker_DP0_TP0_EP0 pid=353651) INFO 07-27 20:16:16 [fused_moe.py:510] [fused_moe/layer] Shared expert split computation validation passed. Integrated and split-path results are consistent.
(Worker_DP4_TP0_EP8 pid=353648) INFO 07-27 20:16:17 [model_runner_v1.py:3817] Loading drafter model...
(Worker_DP4_TP0_EP8 pid=353648) INFO 07-27 20:16:17 [vllm.py:1090] Asynchronous scheduling is enabled.
(Worker_DP4_TP0_EP8 pid=353648) WARNING 07-27 20:16:17 [vllm.py:1114] Disabling cascade attention (not yet compatible with async speculative decoding).
(Worker_DP4_TP0_EP8 pid=353648) INFO 07-27 20:16:17 [kernel.py:292] Final IR op priority after setting platform defaults: IrOpPriorityConfig(rms_norm=['native'], fused_add_rms_norm=['native'])
(Worker_DP4_TP0_EP8 pid=353648) WARNING 07-27 20:16:17 [vllm.py:1697] max_num_scheduled_tokens is set to 256 based on the speculative decoding settings. This may lead to suboptimal performance. Consider increasing max_num_batched_tokens to accommodate the additional draft token slots, or decrease num_speculative_tokens or max_num_seqs.
(Worker_DP4_TP0_EP8 pid=353648) WARNING 07-27 20:16:17 [platform.py:1043] GPU-specific parameter is not supported on Ascend. parameter=disable_cascade_attn, value=True, action: resetting to False.
(Worker_DP4_TP0_EP8 pid=353648) INFO 07-27 20:16:17 [ascend_config.py:490] finegrained_tp_config enabled: lmhead_tensor_parallel_size=2
(Worker_DP4_TP0_EP8 pid=353648) INFO 07-27 20:16:17 [ascend_config.py:824] Dynamic EPLB is False
(Worker_DP4_TP0_EP8 pid=353648) INFO 07-27 20:16:17 [ascend_config.py:825] The number of redundant experts is 0
(Worker_DP4_TP0_EP8 pid=353648) INFO 07-27 20:16:17 [platform.py:770] Set PYTORCH_NPU_ALLOC_CONF=expandable_segments:True
(Worker_DP4_TP0_EP8 pid=353648) INFO 07-27 20:16:17 [llm_base_proposer.py:298] [spec_decode/base] Loading draft model: method=mtp, load_format=None, model=/mnt/weights/DeepSeek-V3.1-Terminus-w8a8-QuaRot-lfs
(Worker_DP2_TP0_EP4 pid=353644) INFO 07-27 20:16:17 [default_loader.py:430] Loading weights took 5.96 seconds
(Worker_DP2_TP0_EP4 pid=353644) INFO 07-27 20:16:17 [llm_base_proposer.py:461] [spec_decode/base] Detected MTP model. Sharing target model embedding weights with the draft model.
(Worker_DP2_TP0_EP4 pid=353644) INFO 07-27 20:16:17 [llm_base_proposer.py:522] [spec_decode/base] Wrapping draft model with ACLGraphWrapper: runtime_mode=FULL, use_eagle=True, enable_enpu=False
(Worker_DP1_TP0_EP2 pid=353647) INFO 07-27 20:16:17 [fused_moe.py:510] [fused_moe/layer] Shared expert split computation validation passed. Integrated and split-path results are consistent.
(Worker_DP0_TP1_EP1 pid=354102) INFO 07-27 20:16:17 [model_runner_v1.py:3817] Loading drafter model...
(Worker_DP0_TP1_EP1 pid=354102) INFO 07-27 20:16:17 [kernel.py:292] Final IR op priority after setting platform defaults: IrOpPriorityConfig(rms_norm=['native'], fused_add_rms_norm=['native'])
(Worker_DP0_TP1_EP1 pid=354102) WARNING 07-27 20:16:17 [platform.py:1043] GPU-specific parameter is not supported on Ascend. parameter=disable_cascade_attn, value=True, action: resetting to False.
(Worker_DP0_TP1_EP1 pid=354102) INFO 07-27 20:16:17 [ascend_config.py:490] finegrained_tp_config enabled: lmhead_tensor_parallel_size=2
(Worker_DP0_TP1_EP1 pid=354102) INFO 07-27 20:16:17 [ascend_config.py:824] Dynamic EPLB is False
(Worker_DP0_TP1_EP1 pid=354102) INFO 07-27 20:16:17 [ascend_config.py:825] The number of redundant experts is 0
(Worker_DP4_TP0_EP8 pid=353648) INFO 07-27 20:16:17 [compilation.py:1067] Using OOT custom backend for compilation.
(Worker_DP4_TP0_EP8 pid=353648) INFO 07-27 20:16:17 [weight_utils.py:857] Filesystem type for checkpoints: EXT4. Checkpoint size: 646.43 GiB. Available RAM: 1792.70 GiB.
(Worker_DP0_TP1_EP1 pid=354102) INFO 07-27 20:16:17 [platform.py:770] Set PYTORCH_NPU_ALLOC_CONF=expandable_segments:True
(Worker_DP0_TP1_EP1 pid=354102) INFO 07-27 20:16:17 [llm_base_proposer.py:298] [spec_decode/base] Loading draft model: method=mtp, load_format=None, model=/mnt/weights/DeepSeek-V3.1-Terminus-w8a8-QuaRot-lfs
(Worker_DP0_TP1_EP1 pid=354102) INFO 07-27 20:16:18 [compilation.py:1067] Using OOT custom backend for compilation.
(Worker_DP3_TP1_EP7 pid=354062) INFO 07-27 20:16:18 [model_runner_v1.py:3817] Loading drafter model...
(Worker_DP3_TP1_EP7 pid=354062) INFO 07-27 20:16:18 [kernel.py:292] Final IR op priority after setting platform defaults: IrOpPriorityConfig(rms_norm=['native'], fused_add_rms_norm=['native'])
(Worker_DP3_TP1_EP7 pid=354062) WARNING 07-27 20:16:18 [platform.py:1043] GPU-specific parameter is not supported on Ascend. parameter=disable_cascade_attn, value=True, action: resetting to False.
(Worker_DP3_TP1_EP7 pid=354062) INFO 07-27 20:16:18 [ascend_config.py:490] finegrained_tp_config enabled: lmhead_tensor_parallel_size=2
(Worker_DP3_TP1_EP7 pid=354062) INFO 07-27 20:16:18 [ascend_config.py:824] Dynamic EPLB is False
(Worker_DP3_TP1_EP7 pid=354062) INFO 07-27 20:16:18 [ascend_config.py:825] The number of redundant experts is 0
(Worker_DP3_TP1_EP7 pid=354062) INFO 07-27 20:16:18 [platform.py:770] Set PYTORCH_NPU_ALLOC_CONF=expandable_segments:True
(Worker_DP3_TP1_EP7 pid=354062) INFO 07-27 20:16:18 [llm_base_proposer.py:298] [spec_decode/base] Loading draft model: method=mtp, load_format=None, model=/mnt/weights/DeepSeek-V3.1-Terminus-w8a8-QuaRot-lfs
(Worker_DP2_TP0_EP4 pid=353644) INFO 07-27 20:16:18 [model_runner_v1.py:3868] Loading model weights took 51.1023 GB
(Worker_DP2_TP0_EP4 pid=353644) INFO 07-27 20:16:18 [model_runner_v1.py:3894] Model runner load_model total time: 191.44 seconds
(Worker_DP3_TP1_EP7 pid=354062) INFO 07-27 20:16:18 [compilation.py:1067] Using OOT custom backend for compilation.
(Worker_DP7_TP0_EP14 pid=353645) INFO 07-27 20:16:18 [default_loader.py:430] Loading weights took 5.69 seconds
(Worker_DP7_TP0_EP14 pid=353645) INFO 07-27 20:16:18 [llm_base_proposer.py:461] [spec_decode/base] Detected MTP model. Sharing target model embedding weights with the draft model.
(Worker_DP7_TP0_EP14 pid=353645) INFO 07-27 20:16:18 [llm_base_proposer.py:522] [spec_decode/base] Wrapping draft model with ACLGraphWrapper: runtime_mode=FULL, use_eagle=True, enable_enpu=False
(Worker_DP5_TP1_EP11 pid=354089) INFO 07-27 20:16:19 [llm_base_proposer.py:461] [spec_decode/base] Detected MTP model. Sharing target model embedding weights with the draft model.
(Worker_DP5_TP1_EP11 pid=354089) INFO 07-27 20:16:19 [llm_base_proposer.py:522] [spec_decode/base] Wrapping draft model with ACLGraphWrapper: runtime_mode=FULL, use_eagle=True, enable_enpu=False
(Worker_DP0_TP0_EP0 pid=353651) INFO 07-27 20:16:20 [model_runner_v1.py:3817] Loading drafter model...
(Worker_DP0_TP0_EP0 pid=353651) INFO 07-27 20:16:20 [vllm.py:1090] Asynchronous scheduling is enabled.
(Worker_DP0_TP0_EP0 pid=353651) WARNING 07-27 20:16:20 [vllm.py:1114] Disabling cascade attention (not yet compatible with async speculative decoding).
(Worker_DP0_TP0_EP0 pid=353651) INFO 07-27 20:16:20 [kernel.py:292] Final IR op priority after setting platform defaults: IrOpPriorityConfig(rms_norm=['native'], fused_add_rms_norm=['native'])
(Worker_DP0_TP0_EP0 pid=353651) WARNING 07-27 20:16:20 [vllm.py:1697] max_num_scheduled_tokens is set to 256 based on the speculative decoding settings. This may lead to suboptimal performance. Consider increasing max_num_batched_tokens to accommodate the additional draft token slots, or decrease num_speculative_tokens or max_num_seqs.
(Worker_DP0_TP0_EP0 pid=353651) WARNING 07-27 20:16:20 [platform.py:1043] GPU-specific parameter is not supported on Ascend. parameter=disable_cascade_attn, value=True, action: resetting to False.
(Worker_DP0_TP0_EP0 pid=353651) INFO 07-27 20:16:20 [ascend_config.py:490] finegrained_tp_config enabled: lmhead_tensor_parallel_size=2
(Worker_DP0_TP0_EP0 pid=353651) INFO 07-27 20:16:20 [ascend_config.py:824] Dynamic EPLB is False
(Worker_DP0_TP0_EP0 pid=353651) INFO 07-27 20:16:20 [ascend_config.py:825] The number of redundant experts is 0
(Worker_DP7_TP0_EP14 pid=353645) INFO 07-27 20:16:20 [model_runner_v1.py:3868] Loading model weights took 51.1023 GB
(Worker_DP7_TP0_EP14 pid=353645) INFO 07-27 20:16:20 [model_runner_v1.py:3894] Model runner load_model total time: 193.09 seconds
(Worker_DP0_TP0_EP0 pid=353651) INFO 07-27 20:16:20 [platform.py:770] Set PYTORCH_NPU_ALLOC_CONF=expandable_segments:True
(Worker_DP0_TP0_EP0 pid=353651) INFO 07-27 20:16:20 [compilation.py:312] Enabled custom fusions: norm_quant, act_quant
(Worker_DP0_TP0_EP0 pid=353651) INFO 07-27 20:16:20 [llm_base_proposer.py:298] [spec_decode/base] Loading draft model: method=mtp, load_format=None, model=/mnt/weights/DeepSeek-V3.1-Terminus-w8a8-QuaRot-lfs
(Worker_DP0_TP0_EP0 pid=353651) INFO 07-27 20:16:20 [compilation.py:1067] Using OOT custom backend for compilation.
(Worker_DP0_TP0_EP0 pid=353651) INFO 07-27 20:16:20 [weight_utils.py:857] Filesystem type for checkpoints: EXT4. Checkpoint size: 646.43 GiB. Available RAM: 1792.62 GiB.
(Worker_DP0_TP0_EP0 pid=353651) 
Loading safetensors checkpoint shards:   0% Completed | 0/162 [00:00<?, ?it/s]
(Worker_DP0_TP0_EP0 pid=353651) 
Loading safetensors checkpoint shards:   3% Completed | 5/162 [00:00<00:03, 40.36it/s]
(Worker_DP5_TP1_EP11 pid=354089) INFO 07-27 20:16:20 [model_runner_v1.py:3868] Loading model weights took 51.1023 GB
(Worker_DP5_TP1_EP11 pid=354089) INFO 07-27 20:16:20 [model_runner_v1.py:3894] Model runner load_model total time: 193.69 seconds
(Worker_DP0_TP0_EP0 pid=353651) 
Loading safetensors checkpoint shards:   6% Completed | 10/162 [00:00<00:05, 28.79it/s]
(Worker_DP1_TP0_EP2 pid=353647) INFO 07-27 20:16:21 [model_runner_v1.py:3817] Loading drafter model...
(Worker_DP1_TP0_EP2 pid=353647) INFO 07-27 20:16:21 [vllm.py:1090] Asynchronous scheduling is enabled.
(Worker_DP1_TP0_EP2 pid=353647) WARNING 07-27 20:16:21 [vllm.py:1114] Disabling cascade attention (not yet compatible with async speculative decoding).
(Worker_DP1_TP0_EP2 pid=353647) INFO 07-27 20:16:21 [kernel.py:292] Final IR op priority after setting platform defaults: IrOpPriorityConfig(rms_norm=['native'], fused_add_rms_norm=['native'])
(Worker_DP1_TP0_EP2 pid=353647) WARNING 07-27 20:16:21 [vllm.py:1697] max_num_scheduled_tokens is set to 256 based on the speculative decoding settings. This may lead to suboptimal performance. Consider increasing max_num_batched_tokens to accommodate the additional draft token slots, or decrease num_speculative_tokens or max_num_seqs.
(Worker_DP1_TP0_EP2 pid=353647) WARNING 07-27 20:16:21 [platform.py:1043] GPU-specific parameter is not supported on Ascend. parameter=disable_cascade_attn, value=True, action: resetting to False.
(Worker_DP1_TP0_EP2 pid=353647) INFO 07-27 20:16:21 [ascend_config.py:490] finegrained_tp_config enabled: lmhead_tensor_parallel_size=2
(Worker_DP1_TP0_EP2 pid=353647) INFO 07-27 20:16:21 [ascend_config.py:824] Dynamic EPLB is False
(Worker_DP1_TP0_EP2 pid=353647) INFO 07-27 20:16:21 [ascend_config.py:825] The number of redundant experts is 0
(Worker_DP0_TP0_EP0 pid=353651) 
Loading safetensors checkpoint shards:   9% Completed | 14/162 [00:00<00:05, 29.52it/s]
(Worker_DP1_TP0_EP2 pid=353647) INFO 07-27 20:16:21 [platform.py:770] Set PYTORCH_NPU_ALLOC_CONF=expandable_segments:True
(Worker_DP1_TP0_EP2 pid=353647) INFO 07-27 20:16:21 [llm_base_proposer.py:298] [spec_decode/base] Loading draft model: method=mtp, load_format=None, model=/mnt/weights/DeepSeek-V3.1-Terminus-w8a8-QuaRot-lfs
(Worker_DP6_TP1_EP13 pid=354021) INFO 07-27 20:16:21 [llm_base_proposer.py:461] [spec_decode/base] Detected MTP model. Sharing target model embedding weights with the draft model.
(Worker_DP0_TP0_EP0 pid=353651) 
Loading safetensors checkpoint shards:  11% Completed | 18/162 [00:00<00:04, 32.20it/s]
(Worker_DP6_TP1_EP13 pid=354021) INFO 07-27 20:16:21 [llm_base_proposer.py:522] [spec_decode/base] Wrapping draft model with ACLGraphWrapper: runtime_mode=FULL, use_eagle=True, enable_enpu=False
(Worker_DP0_TP0_EP0 pid=353651) 
Loading safetensors checkpoint shards:  14% Completed | 22/162 [00:00<00:04, 33.95it/s]
(Worker_DP7_TP1_EP15 pid=353970) INFO 07-27 20:16:21 [model_runner_v1.py:3817] Loading drafter model...
(Worker_DP7_TP1_EP15 pid=353970) INFO 07-27 20:16:21 [kernel.py:292] Final IR op priority after setting platform defaults: IrOpPriorityConfig(rms_norm=['native'], fused_add_rms_norm=['native'])
(Worker_DP7_TP1_EP15 pid=353970) WARNING 07-27 20:16:21 [platform.py:1043] GPU-specific parameter is not supported on Ascend. parameter=disable_cascade_attn, value=True, action: resetting to False.
(Worker_DP7_TP1_EP15 pid=353970) INFO 07-27 20:16:21 [ascend_config.py:490] finegrained_tp_config enabled: lmhead_tensor_parallel_size=2
(Worker_DP7_TP1_EP15 pid=353970) INFO 07-27 20:16:21 [ascend_config.py:824] Dynamic EPLB is False
(Worker_DP7_TP1_EP15 pid=353970) INFO 07-27 20:16:21 [ascend_config.py:825] The number of redundant experts is 0
(Worker_DP1_TP0_EP2 pid=353647) INFO 07-27 20:16:21 [compilation.py:1067] Using OOT custom backend for compilation.
(Worker_DP1_TP0_EP2 pid=353647) INFO 07-27 20:16:21 [weight_utils.py:857] Filesystem type for checkpoints: EXT4. Checkpoint size: 646.43 GiB. Available RAM: 1792.62 GiB.
(Worker_DP0_TP0_EP0 pid=353651) 
Loading safetensors checkpoint shards:  16% Completed | 26/162 [00:00<00:03, 35.13it/s]
(Worker_DP7_TP1_EP15 pid=353970) INFO 07-27 20:16:21 [platform.py:770] Set PYTORCH_NPU_ALLOC_CONF=expandable_segments:True
(Worker_DP7_TP1_EP15 pid=353970) INFO 07-27 20:16:21 [llm_base_proposer.py:298] [spec_decode/base] Loading draft model: method=mtp, load_format=None, model=/mnt/weights/DeepSeek-V3.1-Terminus-w8a8-QuaRot-lfs
(Worker_DP0_TP0_EP0 pid=353651) 
Loading safetensors checkpoint shards:  19% Completed | 30/162 [00:00<00:03, 36.07it/s]
(Worker_DP0_TP0_EP0 pid=353651) 
Loading safetensors checkpoint shards:  21% Completed | 34/162 [00:00<00:03, 36.81it/s]
(Worker_DP7_TP1_EP15 pid=353970) INFO 07-27 20:16:21 [compilation.py:1067] Using OOT custom backend for compilation.
(Worker_DP0_TP0_EP0 pid=353651) 
Loading safetensors checkpoint shards:  23% Completed | 38/162 [00:01<00:03, 37.28it/s]
(Worker_DP0_TP0_EP0 pid=353651) 
Loading safetensors checkpoint shards:  26% Completed | 42/162 [00:01<00:03, 37.70it/s]
(Worker_DP0_TP0_EP0 pid=353651) 
Loading safetensors checkpoint shards:  28% Completed | 46/162 [00:01<00:03, 38.14it/s]
(Worker_DP0_TP0_EP0 pid=353651) 
Loading safetensors checkpoint shards:  31% Completed | 50/162 [00:01<00:02, 38.14it/s]
(Worker_DP0_TP0_EP0 pid=353651) 
Loading safetensors checkpoint shards:  33% Completed | 54/162 [00:01<00:02, 38.35it/s]
(Worker_DP0_TP0_EP0 pid=353651) 
Loading safetensors checkpoint shards:  36% Completed | 58/162 [00:01<00:02, 38.38it/s]
(Worker_DP0_TP0_EP0 pid=353651) 
Loading safetensors checkpoint shards:  38% Completed | 62/162 [00:01<00:02, 38.40it/s]
(Worker_DP0_TP0_EP0 pid=353651) 
Loading safetensors checkpoint shards:  41% Completed | 66/162 [00:01<00:02, 38.23it/s]
(Worker_DP6_TP1_EP13 pid=354021) INFO 07-27 20:16:22 [model_runner_v1.py:3868] Loading model weights took 51.1023 GB
(Worker_DP6_TP1_EP13 pid=354021) INFO 07-27 20:16:22 [model_runner_v1.py:3894] Model runner load_model total time: 195.33 seconds
(Worker_DP0_TP0_EP0 pid=353651) 
Loading safetensors checkpoint shards:  43% Completed | 70/162 [00:01<00:02, 38.30it/s]
(Worker_DP0_TP0_EP0 pid=353651) 
Loading safetensors checkpoint shards:  46% Completed | 74/162 [00:02<00:02, 38.29it/s]
(Worker_DP0_TP0_EP0 pid=353651) 
Loading safetensors checkpoint shards:  48% Completed | 78/162 [00:02<00:02, 38.29it/s]
(Worker_DP0_TP0_EP0 pid=353651) 
Loading safetensors checkpoint shards:  51% Completed | 82/162 [00:02<00:02, 38.10it/s]
(Worker_DP0_TP0_EP0 pid=353651) 
Loading safetensors checkpoint shards:  53% Completed | 86/162 [00:02<00:01, 38.12it/s]
(Worker_DP0_TP0_EP0 pid=353651) 
Loading safetensors checkpoint shards:  56% Completed | 90/162 [00:02<00:01, 38.08it/s]
(Worker_DP0_TP0_EP0 pid=353651) 
Loading safetensors checkpoint shards:  58% Completed | 94/162 [00:02<00:01, 36.74it/s]
(Worker_DP0_TP0_EP0 pid=353651) 
Loading safetensors checkpoint shards:  60% Completed | 98/162 [00:02<00:01, 34.56it/s]
(Worker_DP0_TP0_EP0 pid=353651) 
Loading safetensors checkpoint shards:  63% Completed | 102/162 [00:02<00:02, 27.86it/s]
(Worker_DP4_TP0_EP8 pid=353648) INFO 07-27 20:16:23 [default_loader.py:430] Loading weights took 5.74 seconds
(Worker_DP4_TP0_EP8 pid=353648) INFO 07-27 20:16:23 [llm_base_proposer.py:461] [spec_decode/base] Detected MTP model. Sharing target model embedding weights with the draft model.
(Worker_DP4_TP0_EP8 pid=353648) INFO 07-27 20:16:23 [llm_base_proposer.py:522] [spec_decode/base] Wrapping draft model with ACLGraphWrapper: runtime_mode=FULL, use_eagle=True, enable_enpu=False
(Worker_DP0_TP0_EP0 pid=353651) 
Loading safetensors checkpoint shards:  65% Completed | 106/162 [00:03<00:02, 25.86it/s]
(Worker_DP0_TP0_EP0 pid=353651) 
Loading safetensors checkpoint shards:  68% Completed | 110/162 [00:03<00:01, 28.77it/s]
(Worker_DP0_TP1_EP1 pid=354102) INFO 07-27 20:16:23 [llm_base_proposer.py:461] [spec_decode/base] Detected MTP model. Sharing target model embedding weights with the draft model.
(Worker_DP0_TP0_EP0 pid=353651) 
Loading safetensors checkpoint shards:  70% Completed | 114/162 [00:03<00:01, 31.18it/s]
(Worker_DP0_TP1_EP1 pid=354102) INFO 07-27 20:16:23 [llm_base_proposer.py:522] [spec_decode/base] Wrapping draft model with ACLGraphWrapper: runtime_mode=FULL, use_eagle=True, enable_enpu=False
(Worker_DP0_TP0_EP0 pid=353651) 
Loading safetensors checkpoint shards:  73% Completed | 118/162 [00:03<00:01, 32.98it/s]
(Worker_DP0_TP0_EP0 pid=353651) 
Loading safetensors checkpoint shards:  75% Completed | 122/162 [00:03<00:01, 33.96it/s]
(Worker_DP0_TP0_EP0 pid=353651) 
Loading safetensors checkpoint shards:  78% Completed | 126/162 [00:03<00:01, 34.59it/s]
(Worker_DP3_TP1_EP7 pid=354062) INFO 07-27 20:16:24 [llm_base_proposer.py:461] [spec_decode/base] Detected MTP model. Sharing target model embedding weights with the draft model.
(Worker_DP3_TP1_EP7 pid=354062) INFO 07-27 20:16:24 [llm_base_proposer.py:522] [spec_decode/base] Wrapping draft model with ACLGraphWrapper: runtime_mode=FULL, use_eagle=True, enable_enpu=False
(Worker_DP0_TP0_EP0 pid=353651) 
Loading safetensors checkpoint shards:  80% Completed | 130/162 [00:03<00:00, 35.00it/s]
(Worker_DP0_TP0_EP0 pid=353651) 
Loading safetensors checkpoint shards:  83% Completed | 134/162 [00:03<00:00, 35.52it/s]
(Worker_DP0_TP0_EP0 pid=353651) 
Loading safetensors checkpoint shards:  85% Completed | 138/162 [00:03<00:00, 35.99it/s]
(Worker_DP0_TP0_EP0 pid=353651) 
Loading safetensors checkpoint shards:  88% Completed | 142/162 [00:04<00:00, 36.55it/s]
(Worker_DP0_TP0_EP0 pid=353651) 
Loading safetensors checkpoint shards:  90% Completed | 146/162 [00:04<00:00, 36.79it/s]
(Worker_DP0_TP0_EP0 pid=353651) 
Loading safetensors checkpoint shards:  93% Completed | 150/162 [00:04<00:00, 36.82it/s]
(Worker_DP0_TP0_EP0 pid=353651) 
Loading safetensors checkpoint shards:  95% Completed | 154/162 [00:04<00:00, 36.71it/s]
(Worker_DP4_TP0_EP8 pid=353648) INFO 07-27 20:16:25 [model_runner_v1.py:3868] Loading model weights took 51.1023 GB
(Worker_DP4_TP0_EP8 pid=353648) INFO 07-27 20:16:25 [model_runner_v1.py:3894] Model runner load_model total time: 198.01 seconds
(Worker_DP0_TP1_EP1 pid=354102) INFO 07-27 20:16:25 [model_runner_v1.py:3868] Loading model weights took 51.1023 GB
(Worker_DP0_TP1_EP1 pid=354102) INFO 07-27 20:16:25 [model_runner_v1.py:3894] Model runner load_model total time: 198.12 seconds
(Worker_DP3_TP1_EP7 pid=354062) INFO 07-27 20:16:25 [model_runner_v1.py:3868] Loading model weights took 51.1023 GB
(Worker_DP3_TP1_EP7 pid=354062) INFO 07-27 20:16:25 [model_runner_v1.py:3894] Model runner load_model total time: 198.31 seconds
(Worker_DP0_TP0_EP0 pid=353651) 
Loading safetensors checkpoint shards:  98% Completed | 158/162 [00:04<00:00, 16.22it/s]
(Worker_DP0_TP0_EP0 pid=353651) 
Loading safetensors checkpoint shards:  99% Completed | 161/162 [00:05<00:00, 11.81it/s]
(Worker_DP0_TP0_EP0 pid=353651) 
Loading safetensors checkpoint shards: 100% Completed | 162/162 [00:05<00:00, 29.02it/s]
(Worker_DP0_TP0_EP0 pid=353651) 
(Worker_DP0_TP0_EP0 pid=353651) INFO 07-27 20:16:26 [default_loader.py:430] Loading weights took 5.69 seconds
(Worker_DP0_TP0_EP0 pid=353651) INFO 07-27 20:16:26 [llm_base_proposer.py:461] [spec_decode/base] Detected MTP model. Sharing target model embedding weights with the draft model.
(Worker_DP0_TP0_EP0 pid=353651) INFO 07-27 20:16:26 [llm_base_proposer.py:522] [spec_decode/base] Wrapping draft model with ACLGraphWrapper: runtime_mode=FULL, use_eagle=True, enable_enpu=False
(Worker_DP1_TP0_EP2 pid=353647) INFO 07-27 20:16:26 [default_loader.py:430] Loading weights took 5.53 seconds
(Worker_DP1_TP0_EP2 pid=353647) INFO 07-27 20:16:27 [llm_base_proposer.py:461] [spec_decode/base] Detected MTP model. Sharing target model embedding weights with the draft model.
(Worker_DP1_TP0_EP2 pid=353647) INFO 07-27 20:16:27 [llm_base_proposer.py:522] [spec_decode/base] Wrapping draft model with ACLGraphWrapper: runtime_mode=FULL, use_eagle=True, enable_enpu=False
(Worker_DP7_TP1_EP15 pid=353970) INFO 07-27 20:16:27 [llm_base_proposer.py:461] [spec_decode/base] Detected MTP model. Sharing target model embedding weights with the draft model.
(Worker_DP7_TP1_EP15 pid=353970) INFO 07-27 20:16:27 [llm_base_proposer.py:522] [spec_decode/base] Wrapping draft model with ACLGraphWrapper: runtime_mode=FULL, use_eagle=True, enable_enpu=False
(Worker_DP0_TP0_EP0 pid=353651) INFO 07-27 20:16:27 [model_runner_v1.py:3868] Loading model weights took 51.1023 GB
(Worker_DP0_TP0_EP0 pid=353651) INFO 07-27 20:16:27 [model_runner_v1.py:3894] Model runner load_model total time: 200.63 seconds
(Worker_DP1_TP0_EP2 pid=353647) INFO 07-27 20:16:28 [model_runner_v1.py:3868] Loading model weights took 51.1023 GB
(Worker_DP1_TP0_EP2 pid=353647) INFO 07-27 20:16:28 [model_runner_v1.py:3894] Model runner load_model total time: 201.35 seconds
(Worker_DP7_TP1_EP15 pid=353970) INFO 07-27 20:16:28 [model_runner_v1.py:3868] Loading model weights took 51.1023 GB
(Worker_DP7_TP1_EP15 pid=353970) INFO 07-27 20:16:28 [model_runner_v1.py:3894] Model runner load_model total time: 201.57 seconds
(Worker_DP6_TP0_EP12 pid=353649) :0: UserWarning: /usr/local/lib/python3.11/site-packages/depyf/explain/enable_debugging.py:163: You are trying to debug `torch.compile`. Please make sure the code runs multiple times to cover all the possible branches.
(Worker_DP0_TP0_EP0 pid=353651) :0: UserWarning: /usr/local/lib/python3.11/site-packages/depyf/explain/enable_debugging.py:163: You are trying to debug `torch.compile`. Please make sure the code runs multiple times to cover all the possible branches.
(Worker_DP2_TP0_EP4 pid=353644) :0: UserWarning: /usr/local/lib/python3.11/site-packages/depyf/explain/enable_debugging.py:163: You are trying to debug `torch.compile`. Please make sure the code runs multiple times to cover all the possible branches.
(Worker_DP7_TP0_EP14 pid=353645) :0: UserWarning: /usr/local/lib/python3.11/site-packages/depyf/explain/enable_debugging.py:163: You are trying to debug `torch.compile`. Please make sure the code runs multiple times to cover all the possible branches.
(Worker_DP1_TP0_EP2 pid=353647) :0: UserWarning: /usr/local/lib/python3.11/site-packages/depyf/explain/enable_debugging.py:163: You are trying to debug `torch.compile`. Please make sure the code runs multiple times to cover all the possible branches.
(Worker_DP4_TP0_EP8 pid=353648) :0: UserWarning: /usr/local/lib/python3.11/site-packages/depyf/explain/enable_debugging.py:163: You are trying to debug `torch.compile`. Please make sure the code runs multiple times to cover all the possible branches.
(Worker_DP5_TP0_EP10 pid=353646) :0: UserWarning: /usr/local/lib/python3.11/site-packages/depyf/explain/enable_debugging.py:163: You are trying to debug `torch.compile`. Please make sure the code runs multiple times to cover all the possible branches.
(Worker_DP3_TP0_EP6 pid=353650) :0: UserWarning: /usr/local/lib/python3.11/site-packages/depyf/explain/enable_debugging.py:163: You are trying to debug `torch.compile`. Please make sure the code runs multiple times to cover all the possible branches.
(Worker_DP0_TP1_EP1 pid=354102) :0: UserWarning: /usr/local/lib/python3.11/site-packages/depyf/explain/enable_debugging.py:163: You are trying to debug `torch.compile`. Please make sure the code runs multiple times to cover all the possible branches.
(Worker_DP5_TP1_EP11 pid=354089) :0: UserWarning: /usr/local/lib/python3.11/site-packages/depyf/explain/enable_debugging.py:163: You are trying to debug `torch.compile`. Please make sure the code runs multiple times to cover all the possible branches.
(Worker_DP4_TP1_EP9 pid=354045) :0: UserWarning: /usr/local/lib/python3.11/site-packages/depyf/explain/enable_debugging.py:163: You are trying to debug `torch.compile`. Please make sure the code runs multiple times to cover all the possible branches.
(Worker_DP2_TP1_EP5 pid=353998) :0: UserWarning: /usr/local/lib/python3.11/site-packages/depyf/explain/enable_debugging.py:163: You are trying to debug `torch.compile`. Please make sure the code runs multiple times to cover all the possible branches.
(Worker_DP1_TP1_EP3 pid=354084) :0: UserWarning: /usr/local/lib/python3.11/site-packages/depyf/explain/enable_debugging.py:163: You are trying to debug `torch.compile`. Please make sure the code runs multiple times to cover all the possible branches.
(Worker_DP6_TP1_EP13 pid=354021) :0: UserWarning: /usr/local/lib/python3.11/site-packages/depyf/explain/enable_debugging.py:163: You are trying to debug `torch.compile`. Please make sure the code runs multiple times to cover all the possible branches.
(Worker_DP7_TP1_EP15 pid=353970) :0: UserWarning: /usr/local/lib/python3.11/site-packages/depyf/explain/enable_debugging.py:163: You are trying to debug `torch.compile`. Please make sure the code runs multiple times to cover all the possible branches.
(Worker_DP3_TP1_EP7 pid=354062) :0: UserWarning: /usr/local/lib/python3.11/site-packages/depyf/explain/enable_debugging.py:163: You are trying to debug `torch.compile`. Please make sure the code runs multiple times to cover all the possible branches.
(Worker_DP5_TP1_EP11 pid=354089) INFO 07-27 20:16:31 [compiler_interface.py:248] AscendCompiler hash factors: {'torch_npu_version': '2.10.0.post2', 'enable_npugraph_ex': True, 'enable_static_kernel': False}
(Worker_DP4_TP0_EP8 pid=353648) INFO 07-27 20:16:31 [compiler_interface.py:248] AscendCompiler hash factors: {'torch_npu_version': '2.10.0.post2', 'enable_npugraph_ex': True, 'enable_static_kernel': False}
(Worker_DP4_TP0_EP8 pid=353648) INFO 07-27 20:16:31 [backends.py:1089] Using cache directory: /root/.cache/vllm/torch_compile_cache/b44d35fc9c/rank_0_4/backbone for vLLM's torch.compile
(Worker_DP4_TP0_EP8 pid=353648) INFO 07-27 20:16:31 [backends.py:1148] Dynamo bytecode transform time: 0.84 s
(Worker_DP2_TP1_EP5 pid=353998) INFO 07-27 20:16:31 [compiler_interface.py:248] AscendCompiler hash factors: {'torch_npu_version': '2.10.0.post2', 'enable_npugraph_ex': True, 'enable_static_kernel': False}
(Worker_DP0_TP1_EP1 pid=354102) INFO 07-27 20:16:31 [compiler_interface.py:248] AscendCompiler hash factors: {'torch_npu_version': '2.10.0.post2', 'enable_npugraph_ex': True, 'enable_static_kernel': False}
(Worker_DP7_TP0_EP14 pid=353645) INFO 07-27 20:16:31 [compiler_interface.py:248] AscendCompiler hash factors: {'torch_npu_version': '2.10.0.post2', 'enable_npugraph_ex': True, 'enable_static_kernel': False}
(Worker_DP4_TP1_EP9 pid=354045) INFO 07-27 20:16:31 [compiler_interface.py:248] AscendCompiler hash factors: {'torch_npu_version': '2.10.0.post2', 'enable_npugraph_ex': True, 'enable_static_kernel': False}
(Worker_DP6_TP0_EP12 pid=353649) INFO 07-27 20:16:31 [compiler_interface.py:248] AscendCompiler hash factors: {'torch_npu_version': '2.10.0.post2', 'enable_npugraph_ex': True, 'enable_static_kernel': False}
(Worker_DP7_TP0_EP14 pid=353645) INFO 07-27 20:16:31 [backends.py:1089] Using cache directory: /root/.cache/vllm/torch_compile_cache/08ecbe2311/rank_0_7/backbone for vLLM's torch.compile
(Worker_DP7_TP0_EP14 pid=353645) INFO 07-27 20:16:31 [backends.py:1148] Dynamo bytecode transform time: 0.87 s
(Worker_DP6_TP0_EP12 pid=353649) INFO 07-27 20:16:31 [backends.py:1089] Using cache directory: /root/.cache/vllm/torch_compile_cache/951029537e/rank_0_6/backbone for vLLM's torch.compile
(Worker_DP6_TP0_EP12 pid=353649) INFO 07-27 20:16:31 [backends.py:1148] Dynamo bytecode transform time: 0.87 s
(Worker_DP1_TP0_EP2 pid=353647) INFO 07-27 20:16:31 [compiler_interface.py:248] AscendCompiler hash factors: {'torch_npu_version': '2.10.0.post2', 'enable_npugraph_ex': True, 'enable_static_kernel': False}
(Worker_DP1_TP0_EP2 pid=353647) INFO 07-27 20:16:31 [backends.py:1089] Using cache directory: /root/.cache/vllm/torch_compile_cache/9f36470e39/rank_0_1/backbone for vLLM's torch.compile
(Worker_DP1_TP0_EP2 pid=353647) INFO 07-27 20:16:31 [backends.py:1148] Dynamo bytecode transform time: 0.88 s
(Worker_DP0_TP0_EP0 pid=353651) INFO 07-27 20:16:31 [compiler_interface.py:248] AscendCompiler hash factors: {'torch_npu_version': '2.10.0.post2', 'enable_npugraph_ex': True, 'enable_static_kernel': False}
(Worker_DP6_TP1_EP13 pid=354021) INFO 07-27 20:16:31 [compiler_interface.py:248] AscendCompiler hash factors: {'torch_npu_version': '2.10.0.post2', 'enable_npugraph_ex': True, 'enable_static_kernel': False}
(Worker_DP5_TP0_EP10 pid=353646) INFO 07-27 20:16:31 [compiler_interface.py:248] AscendCompiler hash factors: {'torch_npu_version': '2.10.0.post2', 'enable_npugraph_ex': True, 'enable_static_kernel': False}
(Worker_DP0_TP0_EP0 pid=353651) INFO 07-27 20:16:31 [backends.py:1089] Using cache directory: /root/.cache/vllm/torch_compile_cache/8239f7ade9/rank_0_0/backbone for vLLM's torch.compile
(Worker_DP0_TP0_EP0 pid=353651) INFO 07-27 20:16:31 [backends.py:1148] Dynamo bytecode transform time: 0.88 s
(Worker_DP5_TP0_EP10 pid=353646) INFO 07-27 20:16:31 [backends.py:1089] Using cache directory: /root/.cache/vllm/torch_compile_cache/310971ebec/rank_0_5/backbone for vLLM's torch.compile
(Worker_DP5_TP0_EP10 pid=353646) INFO 07-27 20:16:31 [backends.py:1148] Dynamo bytecode transform time: 0.88 s
(Worker_DP3_TP1_EP7 pid=354062) INFO 07-27 20:16:31 [compiler_interface.py:248] AscendCompiler hash factors: {'torch_npu_version': '2.10.0.post2', 'enable_npugraph_ex': True, 'enable_static_kernel': False}
(Worker_DP1_TP1_EP3 pid=354084) INFO 07-27 20:16:31 [compiler_interface.py:248] AscendCompiler hash factors: {'torch_npu_version': '2.10.0.post2', 'enable_npugraph_ex': True, 'enable_static_kernel': False}
(Worker_DP3_TP0_EP6 pid=353650) INFO 07-27 20:16:31 [compiler_interface.py:248] AscendCompiler hash factors: {'torch_npu_version': '2.10.0.post2', 'enable_npugraph_ex': True, 'enable_static_kernel': False}
(Worker_DP3_TP0_EP6 pid=353650) INFO 07-27 20:16:31 [backends.py:1089] Using cache directory: /root/.cache/vllm/torch_compile_cache/58e464d419/rank_0_3/backbone for vLLM's torch.compile
(Worker_DP3_TP0_EP6 pid=353650) INFO 07-27 20:16:31 [backends.py:1148] Dynamo bytecode transform time: 0.90 s
(Worker_DP2_TP0_EP4 pid=353644) INFO 07-27 20:16:31 [compiler_interface.py:248] AscendCompiler hash factors: {'torch_npu_version': '2.10.0.post2', 'enable_npugraph_ex': True, 'enable_static_kernel': False}
(Worker_DP2_TP0_EP4 pid=353644) INFO 07-27 20:16:31 [backends.py:1089] Using cache directory: /root/.cache/vllm/torch_compile_cache/bd73c0e17d/rank_0_2/backbone for vLLM's torch.compile
(Worker_DP2_TP0_EP4 pid=353644) INFO 07-27 20:16:31 [backends.py:1148] Dynamo bytecode transform time: 0.91 s
(Worker_DP7_TP1_EP15 pid=353970) INFO 07-27 20:16:31 [compiler_interface.py:248] AscendCompiler hash factors: {'torch_npu_version': '2.10.0.post2', 'enable_npugraph_ex': True, 'enable_static_kernel': False}
(Worker_DP5_TP1_EP11 pid=354089) INFO 07-27 20:16:32 [compiler_interface.py:353] Loaded npugraph_ex compilation cache from /root/.cache/vllm/torch_compile_cache/310971ebec/rank_1_5/backbone/artifact_compile_range_1_256_subgraph_0
(Worker_DP4_TP0_EP8 pid=353648) INFO 07-27 20:16:32 [compiler_interface.py:353] Loaded npugraph_ex compilation cache from /root/.cache/vllm/torch_compile_cache/b44d35fc9c/rank_0_4/backbone/artifact_compile_range_1_256_subgraph_0
(Worker_DP2_TP1_EP5 pid=353998) INFO 07-27 20:16:32 [compiler_interface.py:353] Loaded npugraph_ex compilation cache from /root/.cache/vllm/torch_compile_cache/bd73c0e17d/rank_1_2/backbone/artifact_compile_range_1_256_subgraph_0
(Worker_DP0_TP1_EP1 pid=354102) INFO 07-27 20:16:32 [compiler_interface.py:353] Loaded npugraph_ex compilation cache from /root/.cache/vllm/torch_compile_cache/8239f7ade9/rank_1_0/backbone/artifact_compile_range_1_256_subgraph_0
(Worker_DP4_TP0_EP8 pid=353648) INFO 07-27 20:16:32 [backends.py:292] Directly load the compiled graph(s) for compile range (1, 256) from the cache, took 0.045 s
(Worker_DP5_TP1_EP11 pid=354089) INFO 07-27 20:16:32 [decorators.py:311] Directly load AOT compilation from path /root/.cache/vllm/torch_compile_cache/torch_aot_compile/3e42ab33d723c35b52edd03cf692655ebc412c5207cf42367d1d2b9a9b6f787a/rank_1_5/model
(Worker_DP4_TP0_EP8 pid=353648) INFO 07-27 20:16:32 [decorators.py:311] Directly load AOT compilation from path /root/.cache/vllm/torch_compile_cache/torch_aot_compile/805b302de83182654dbf703071fc1fa75aa539c51d2e2cd7688fc26a402f87d7/rank_0_4/model
(Worker_DP4_TP0_EP8 pid=353648) INFO 07-27 20:16:32 [monitor.py:53] torch.compile took 1.96 s in total
(Worker_DP2_TP1_EP5 pid=353998) INFO 07-27 20:16:32 [decorators.py:311] Directly load AOT compilation from path /root/.cache/vllm/torch_compile_cache/torch_aot_compile/e08ba68f79a09450007c3781610f45bfe43051adb82691bb7f3748cc81ec0506/rank_1_2/model
(Worker_DP0_TP1_EP1 pid=354102) INFO 07-27 20:16:32 [decorators.py:311] Directly load AOT compilation from path /root/.cache/vllm/torch_compile_cache/torch_aot_compile/e9375ed5f54695124483634c76db22782ed6dbfb366203c92ef9d41b90f9097d/rank_1_0/model
(Worker_DP1_TP0_EP2 pid=353647) INFO 07-27 20:16:32 [compiler_interface.py:353] Loaded npugraph_ex compilation cache from /root/.cache/vllm/torch_compile_cache/9f36470e39/rank_0_1/backbone/artifact_compile_range_1_256_subgraph_0
(Worker_DP1_TP1_EP3 pid=354084) INFO 07-27 20:16:32 [compiler_interface.py:353] Loaded npugraph_ex compilation cache from /root/.cache/vllm/torch_compile_cache/9f36470e39/rank_1_1/backbone/artifact_compile_range_1_256_subgraph_0
(Worker_DP7_TP1_EP15 pid=353970) INFO 07-27 20:16:32 [compiler_interface.py:353] Loaded npugraph_ex compilation cache from /root/.cache/vllm/torch_compile_cache/08ecbe2311/rank_1_7/backbone/artifact_compile_range_1_256_subgraph_0
(Worker_DP7_TP0_EP14 pid=353645) INFO 07-27 20:16:32 [compiler_interface.py:353] Loaded npugraph_ex compilation cache from /root/.cache/vllm/torch_compile_cache/08ecbe2311/rank_0_7/backbone/artifact_compile_range_1_256_subgraph_0
(Worker_DP5_TP0_EP10 pid=353646) INFO 07-27 20:16:32 [compiler_interface.py:353] Loaded npugraph_ex compilation cache from /root/.cache/vllm/torch_compile_cache/310971ebec/rank_0_5/backbone/artifact_compile_range_1_256_subgraph_0
(Worker_DP4_TP1_EP9 pid=354045) INFO 07-27 20:16:32 [compiler_interface.py:353] Loaded npugraph_ex compilation cache from /root/.cache/vllm/torch_compile_cache/b44d35fc9c/rank_1_4/backbone/artifact_compile_range_1_256_subgraph_0
(Worker_DP3_TP1_EP7 pid=354062) INFO 07-27 20:16:32 [compiler_interface.py:353] Loaded npugraph_ex compilation cache from /root/.cache/vllm/torch_compile_cache/58e464d419/rank_1_3/backbone/artifact_compile_range_1_256_subgraph_0
(Worker_DP3_TP0_EP6 pid=353650) INFO 07-27 20:16:32 [compiler_interface.py:353] Loaded npugraph_ex compilation cache from /root/.cache/vllm/torch_compile_cache/58e464d419/rank_0_3/backbone/artifact_compile_range_1_256_subgraph_0
(Worker_DP1_TP0_EP2 pid=353647) INFO 07-27 20:16:32 [backends.py:292] Directly load the compiled graph(s) for compile range (1, 256) from the cache, took 0.048 s
(Worker_DP1_TP0_EP2 pid=353647) INFO 07-27 20:16:32 [decorators.py:311] Directly load AOT compilation from path /root/.cache/vllm/torch_compile_cache/torch_aot_compile/5cca10874856c19c05dbd6af0abbab2912333ecbaf8402b1edb5fba7bc6fbc07/rank_0_1/model
(Worker_DP1_TP0_EP2 pid=353647) INFO 07-27 20:16:32 [monitor.py:53] torch.compile took 2.06 s in total
(Worker_DP1_TP1_EP3 pid=354084) INFO 07-27 20:16:32 [decorators.py:311] Directly load AOT compilation from path /root/.cache/vllm/torch_compile_cache/torch_aot_compile/5cca10874856c19c05dbd6af0abbab2912333ecbaf8402b1edb5fba7bc6fbc07/rank_1_1/model
(Worker_DP6_TP1_EP13 pid=354021) INFO 07-27 20:16:32 [compiler_interface.py:353] Loaded npugraph_ex compilation cache from /root/.cache/vllm/torch_compile_cache/951029537e/rank_1_6/backbone/artifact_compile_range_1_256_subgraph_0
(Worker_DP7_TP1_EP15 pid=353970) INFO 07-27 20:16:32 [decorators.py:311] Directly load AOT compilation from path /root/.cache/vllm/torch_compile_cache/torch_aot_compile/958583ba7746b3e1e7fcf4a74fe0abb6511e28877401d8a27b1def91fd17516d/rank_1_7/model
(Worker_DP5_TP0_EP10 pid=353646) INFO 07-27 20:16:32 [backends.py:292] Directly load the compiled graph(s) for compile range (1, 256) from the cache, took 0.046 s
(Worker_DP7_TP0_EP14 pid=353645) INFO 07-27 20:16:32 [backends.py:292] Directly load the compiled graph(s) for compile range (1, 256) from the cache, took 0.048 s
(Worker_DP5_TP0_EP10 pid=353646) INFO 07-27 20:16:32 [decorators.py:311] Directly load AOT compilation from path /root/.cache/vllm/torch_compile_cache/torch_aot_compile/3e42ab33d723c35b52edd03cf692655ebc412c5207cf42367d1d2b9a9b6f787a/rank_0_5/model
(Worker_DP5_TP0_EP10 pid=353646) INFO 07-27 20:16:32 [monitor.py:53] torch.compile took 2.08 s in total
(Worker_DP7_TP0_EP14 pid=353645) INFO 07-27 20:16:32 [decorators.py:311] Directly load AOT compilation from path /root/.cache/vllm/torch_compile_cache/torch_aot_compile/958583ba7746b3e1e7fcf4a74fe0abb6511e28877401d8a27b1def91fd17516d/rank_0_7/model
(Worker_DP7_TP0_EP14 pid=353645) INFO 07-27 20:16:32 [monitor.py:53] torch.compile took 2.08 s in total
(Worker_DP4_TP1_EP9 pid=354045) INFO 07-27 20:16:32 [decorators.py:311] Directly load AOT compilation from path /root/.cache/vllm/torch_compile_cache/torch_aot_compile/805b302de83182654dbf703071fc1fa75aa539c51d2e2cd7688fc26a402f87d7/rank_1_4/model
(Worker_DP0_TP0_EP0 pid=353651) INFO 07-27 20:16:32 [compiler_interface.py:353] Loaded npugraph_ex compilation cache from /root/.cache/vllm/torch_compile_cache/8239f7ade9/rank_0_0/backbone/artifact_compile_range_1_256_subgraph_0
(Worker_DP3_TP0_EP6 pid=353650) INFO 07-27 20:16:32 [backends.py:292] Directly load the compiled graph(s) for compile range (1, 256) from the cache, took 0.047 s
(Worker_DP3_TP1_EP7 pid=354062) INFO 07-27 20:16:32 [decorators.py:311] Directly load AOT compilation from path /root/.cache/vllm/torch_compile_cache/torch_aot_compile/0b241a9fb64892b3a0535581ed2d6af3218b020cefb18a6ad28c9715235c6083/rank_1_3/model
(Worker_DP3_TP0_EP6 pid=353650) INFO 07-27 20:16:32 [decorators.py:311] Directly load AOT compilation from path /root/.cache/vllm/torch_compile_cache/torch_aot_compile/0b241a9fb64892b3a0535581ed2d6af3218b020cefb18a6ad28c9715235c6083/rank_0_3/model
(Worker_DP3_TP0_EP6 pid=353650) INFO 07-27 20:16:32 [monitor.py:53] torch.compile took 2.10 s in total
(Worker_DP6_TP0_EP12 pid=353649) INFO 07-27 20:16:32 [compiler_interface.py:353] Loaded npugraph_ex compilation cache from /root/.cache/vllm/torch_compile_cache/951029537e/rank_0_6/backbone/artifact_compile_range_1_256_subgraph_0
(Worker_DP6_TP1_EP13 pid=354021) INFO 07-27 20:16:32 [decorators.py:311] Directly load AOT compilation from path /root/.cache/vllm/torch_compile_cache/torch_aot_compile/45c51e56ca354382af3b97e8ab2b4fdfbd63e169d808993e2c2ba204b5d0a21d/rank_1_6/model
(Worker_DP0_TP0_EP0 pid=353651) INFO 07-27 20:16:32 [backends.py:292] Directly load the compiled graph(s) for compile range (1, 256) from the cache, took 0.055 s
(Worker_DP0_TP0_EP0 pid=353651) INFO 07-27 20:16:32 [decorators.py:311] Directly load AOT compilation from path /root/.cache/vllm/torch_compile_cache/torch_aot_compile/e9375ed5f54695124483634c76db22782ed6dbfb366203c92ef9d41b90f9097d/rank_0_0/model
(Worker_DP0_TP0_EP0 pid=353651) INFO 07-27 20:16:32 [monitor.py:53] torch.compile took 2.14 s in total
(Worker_DP6_TP0_EP12 pid=353649) INFO 07-27 20:16:32 [backends.py:292] Directly load the compiled graph(s) for compile range (1, 256) from the cache, took 0.051 s
(Worker_DP6_TP0_EP12 pid=353649) INFO 07-27 20:16:32 [decorators.py:311] Directly load AOT compilation from path /root/.cache/vllm/torch_compile_cache/torch_aot_compile/45c51e56ca354382af3b97e8ab2b4fdfbd63e169d808993e2c2ba204b5d0a21d/rank_0_6/model
(Worker_DP6_TP0_EP12 pid=353649) INFO 07-27 20:16:32 [monitor.py:53] torch.compile took 2.17 s in total
(Worker_DP2_TP0_EP4 pid=353644) INFO 07-27 20:16:32 [compiler_interface.py:353] Loaded npugraph_ex compilation cache from /root/.cache/vllm/torch_compile_cache/bd73c0e17d/rank_0_2/backbone/artifact_compile_range_1_256_subgraph_0
(Worker_DP2_TP0_EP4 pid=353644) INFO 07-27 20:16:32 [backends.py:292] Directly load the compiled graph(s) for compile range (1, 256) from the cache, took 0.048 s
(Worker_DP2_TP0_EP4 pid=353644) INFO 07-27 20:16:32 [decorators.py:311] Directly load AOT compilation from path /root/.cache/vllm/torch_compile_cache/torch_aot_compile/e08ba68f79a09450007c3781610f45bfe43051adb82691bb7f3748cc81ec0506/rank_0_2/model
(Worker_DP2_TP0_EP4 pid=353644) INFO 07-27 20:16:32 [monitor.py:53] torch.compile took 2.22 s in total
(Worker_DP4_TP0_EP8 pid=353648) INFO 07-27 20:16:33 [monitor.py:81] Initial profiling/warmup run took 0.88 s
(Worker_DP1_TP0_EP2 pid=353647) INFO 07-27 20:16:33 [monitor.py:81] Initial profiling/warmup run took 0.82 s
(Worker_DP7_TP0_EP14 pid=353645) INFO 07-27 20:16:33 [monitor.py:81] Initial profiling/warmup run took 0.83 s
(Worker_DP5_TP0_EP10 pid=353646) INFO 07-27 20:16:33 [monitor.py:81] Initial profiling/warmup run took 0.85 s
(Worker_DP3_TP0_EP6 pid=353650) INFO 07-27 20:16:33 [monitor.py:81] Initial profiling/warmup run took 0.83 s
(Worker_DP0_TP0_EP0 pid=353651) INFO 07-27 20:16:33 [monitor.py:81] Initial profiling/warmup run took 0.84 s
(Worker_DP6_TP0_EP12 pid=353649) INFO 07-27 20:16:33 [monitor.py:81] Initial profiling/warmup run took 0.88 s
(Worker_DP2_TP0_EP4 pid=353644) INFO 07-27 20:16:33 [monitor.py:81] Initial profiling/warmup run took 0.84 s
(Worker_DP2_TP0_EP4 pid=353644) :0: UserWarning: /usr/local/lib/python3.11/site-packages/depyf/explain/enable_debugging.py:163: You are trying to debug `torch.compile`. Please make sure the code runs multiple times to cover all the possible branches.
(Worker_DP3_TP0_EP6 pid=353650) :0: UserWarning: /usr/local/lib/python3.11/site-packages/depyf/explain/enable_debugging.py:163: You are trying to debug `torch.compile`. Please make sure the code runs multiple times to cover all the possible branches.
(Worker_DP1_TP0_EP2 pid=353647) :0: UserWarning: /usr/local/lib/python3.11/site-packages/depyf/explain/enable_debugging.py:163: You are trying to debug `torch.compile`. Please make sure the code runs multiple times to cover all the possible branches.
(Worker_DP6_TP0_EP12 pid=353649) :0: UserWarning: /usr/local/lib/python3.11/site-packages/depyf/explain/enable_debugging.py:163: You are trying to debug `torch.compile`. Please make sure the code runs multiple times to cover all the possible branches.
(Worker_DP7_TP0_EP14 pid=353645) :0: UserWarning: /usr/local/lib/python3.11/site-packages/depyf/explain/enable_debugging.py:163: You are trying to debug `torch.compile`. Please make sure the code runs multiple times to cover all the possible branches.
(Worker_DP0_TP0_EP0 pid=353651) :0: UserWarning: /usr/local/lib/python3.11/site-packages/depyf/explain/enable_debugging.py:163: You are trying to debug `torch.compile`. Please make sure the code runs multiple times to cover all the possible branches.
(Worker_DP5_TP0_EP10 pid=353646) :0: UserWarning: /usr/local/lib/python3.11/site-packages/depyf/explain/enable_debugging.py:163: You are trying to debug `torch.compile`. Please make sure the code runs multiple times to cover all the possible branches.
(Worker_DP4_TP0_EP8 pid=353648) :0: UserWarning: /usr/local/lib/python3.11/site-packages/depyf/explain/enable_debugging.py:163: You are trying to debug `torch.compile`. Please make sure the code runs multiple times to cover all the possible branches.
(Worker_DP1_TP0_EP2 pid=353647) INFO 07-27 20:16:33 [compiler_interface.py:248] AscendCompiler hash factors: {'torch_npu_version': '2.10.0.post2', 'enable_npugraph_ex': True, 'enable_static_kernel': False}
(Worker_DP2_TP0_EP4 pid=353644) INFO 07-27 20:16:33 [compiler_interface.py:248] AscendCompiler hash factors: {'torch_npu_version': '2.10.0.post2', 'enable_npugraph_ex': True, 'enable_static_kernel': False}
(Worker_DP1_TP0_EP2 pid=353647) INFO 07-27 20:16:33 [backends.py:1089] Using cache directory: /root/.cache/vllm/torch_compile_cache/9f36470e39/rank_0_1/eagle_head for vLLM's torch.compile
(Worker_DP1_TP0_EP2 pid=353647) INFO 07-27 20:16:33 [backends.py:1148] Dynamo bytecode transform time: 0.07 s
(Worker_DP2_TP0_EP4 pid=353644) INFO 07-27 20:16:33 [backends.py:1089] Using cache directory: /root/.cache/vllm/torch_compile_cache/bd73c0e17d/rank_0_2/eagle_head for vLLM's torch.compile
(Worker_DP3_TP0_EP6 pid=353650) INFO 07-27 20:16:33 [compiler_interface.py:248] AscendCompiler hash factors: {'torch_npu_version': '2.10.0.post2', 'enable_npugraph_ex': True, 'enable_static_kernel': False}
(Worker_DP2_TP0_EP4 pid=353644) INFO 07-27 20:16:33 [backends.py:1148] Dynamo bytecode transform time: 0.07 s
(Worker_DP3_TP0_EP6 pid=353650) INFO 07-27 20:16:33 [backends.py:1089] Using cache directory: /root/.cache/vllm/torch_compile_cache/58e464d419/rank_0_3/eagle_head for vLLM's torch.compile
(Worker_DP3_TP0_EP6 pid=353650) INFO 07-27 20:16:33 [backends.py:1148] Dynamo bytecode transform time: 0.07 s
(Worker_DP6_TP0_EP12 pid=353649) INFO 07-27 20:16:33 [compiler_interface.py:248] AscendCompiler hash factors: {'torch_npu_version': '2.10.0.post2', 'enable_npugraph_ex': True, 'enable_static_kernel': False}
(Worker_DP6_TP0_EP12 pid=353649) INFO 07-27 20:16:33 [backends.py:1089] Using cache directory: /root/.cache/vllm/torch_compile_cache/951029537e/rank_0_6/eagle_head for vLLM's torch.compile
(Worker_DP6_TP0_EP12 pid=353649) INFO 07-27 20:16:33 [backends.py:1148] Dynamo bytecode transform time: 0.07 s
(Worker_DP4_TP0_EP8 pid=353648) INFO 07-27 20:16:33 [compiler_interface.py:248] AscendCompiler hash factors: {'torch_npu_version': '2.10.0.post2', 'enable_npugraph_ex': True, 'enable_static_kernel': False}
(Worker_DP7_TP0_EP14 pid=353645) INFO 07-27 20:16:33 [compiler_interface.py:248] AscendCompiler hash factors: {'torch_npu_version': '2.10.0.post2', 'enable_npugraph_ex': True, 'enable_static_kernel': False}
(Worker_DP5_TP0_EP10 pid=353646) INFO 07-27 20:16:33 [compiler_interface.py:248] AscendCompiler hash factors: {'torch_npu_version': '2.10.0.post2', 'enable_npugraph_ex': True, 'enable_static_kernel': False}
(Worker_DP4_TP0_EP8 pid=353648) INFO 07-27 20:16:33 [backends.py:1089] Using cache directory: /root/.cache/vllm/torch_compile_cache/b44d35fc9c/rank_0_4/eagle_head for vLLM's torch.compile
(Worker_DP0_TP0_EP0 pid=353651) INFO 07-27 20:16:33 [compiler_interface.py:248] AscendCompiler hash factors: {'torch_npu_version': '2.10.0.post2', 'enable_npugraph_ex': True, 'enable_static_kernel': False}
(Worker_DP7_TP0_EP14 pid=353645) INFO 07-27 20:16:33 [backends.py:1089] Using cache directory: /root/.cache/vllm/torch_compile_cache/08ecbe2311/rank_0_7/eagle_head for vLLM's torch.compile
(Worker_DP5_TP0_EP10 pid=353646) INFO 07-27 20:16:33 [backends.py:1089] Using cache directory: /root/.cache/vllm/torch_compile_cache/310971ebec/rank_0_5/eagle_head for vLLM's torch.compile
(Worker_DP4_TP0_EP8 pid=353648) INFO 07-27 20:16:33 [backends.py:1148] Dynamo bytecode transform time: 0.08 s
(Worker_DP7_TP0_EP14 pid=353645) INFO 07-27 20:16:33 [backends.py:1148] Dynamo bytecode transform time: 0.08 s
(Worker_DP5_TP0_EP10 pid=353646) INFO 07-27 20:16:33 [backends.py:1148] Dynamo bytecode transform time: 0.08 s
(Worker_DP0_TP0_EP0 pid=353651) INFO 07-27 20:16:33 [backends.py:1089] Using cache directory: /root/.cache/vllm/torch_compile_cache/8239f7ade9/rank_0_0/eagle_head for vLLM's torch.compile
(Worker_DP0_TP0_EP0 pid=353651) INFO 07-27 20:16:33 [backends.py:1148] Dynamo bytecode transform time: 0.08 s
(Worker_DP7_TP1_EP15 pid=353970) :0: UserWarning: /usr/local/lib/python3.11/site-packages/depyf/explain/enable_debugging.py:163: You are trying to debug `torch.compile`. Please make sure the code runs multiple times to cover all the possible branches.
(Worker_DP6_TP1_EP13 pid=354021) :0: UserWarning: /usr/local/lib/python3.11/site-packages/depyf/explain/enable_debugging.py:163: You are trying to debug `torch.compile`. Please make sure the code runs multiple times to cover all the possible branches.
(Worker_DP3_TP1_EP7 pid=354062) :0: UserWarning: /usr/local/lib/python3.11/site-packages/depyf/explain/enable_debugging.py:163: You are trying to debug `torch.compile`. Please make sure the code runs multiple times to cover all the possible branches.
(Worker_DP2_TP1_EP5 pid=353998) :0: UserWarning: /usr/local/lib/python3.11/site-packages/depyf/explain/enable_debugging.py:163: You are trying to debug `torch.compile`. Please make sure the code runs multiple times to cover all the possible branches.
(Worker_DP0_TP1_EP1 pid=354102) :0: UserWarning: /usr/local/lib/python3.11/site-packages/depyf/explain/enable_debugging.py:163: You are trying to debug `torch.compile`. Please make sure the code runs multiple times to cover all the possible branches.
(Worker_DP1_TP1_EP3 pid=354084) :0: UserWarning: /usr/local/lib/python3.11/site-packages/depyf/explain/enable_debugging.py:163: You are trying to debug `torch.compile`. Please make sure the code runs multiple times to cover all the possible branches.
(Worker_DP5_TP1_EP11 pid=354089) :0: UserWarning: /usr/local/lib/python3.11/site-packages/depyf/explain/enable_debugging.py:163: You are trying to debug `torch.compile`. Please make sure the code runs multiple times to cover all the possible branches.
(Worker_DP4_TP1_EP9 pid=354045) :0: UserWarning: /usr/local/lib/python3.11/site-packages/depyf/explain/enable_debugging.py:163: You are trying to debug `torch.compile`. Please make sure the code runs multiple times to cover all the possible branches.
(Worker_DP1_TP0_EP2 pid=353647) INFO 07-27 20:16:33 [compiler_interface.py:353] Loaded npugraph_ex compilation cache from /root/.cache/vllm/torch_compile_cache/9f36470e39/rank_0_1/eagle_head/artifact_compile_range_1_256_subgraph_0
(Worker_DP2_TP0_EP4 pid=353644) INFO 07-27 20:16:33 [compiler_interface.py:353] Loaded npugraph_ex compilation cache from /root/.cache/vllm/torch_compile_cache/bd73c0e17d/rank_0_2/eagle_head/artifact_compile_range_1_256_subgraph_0
(Worker_DP1_TP0_EP2 pid=353647) INFO 07-27 20:16:33 [backends.py:292] Directly load the compiled graph(s) for compile range (1, 256) from the cache, took 0.002 s
(Worker_DP1_TP0_EP2 pid=353647) INFO 07-27 20:16:33 [decorators.py:311] Directly load AOT compilation from path /root/.cache/vllm/torch_compile_cache/torch_aot_compile/6d800bbdc23db30b8be44fd16a0d7cac2230c03f4c3012bc715378f159eb1a26/rank_0_1/model
(Worker_DP1_TP0_EP2 pid=353647) INFO 07-27 20:16:33 [monitor.py:53] torch.compile took 0.12 s in total
(Worker_DP2_TP0_EP4 pid=353644) INFO 07-27 20:16:33 [backends.py:292] Directly load the compiled graph(s) for compile range (1, 256) from the cache, took 0.002 s
(Worker_DP2_TP0_EP4 pid=353644) INFO 07-27 20:16:33 [decorators.py:311] Directly load AOT compilation from path /root/.cache/vllm/torch_compile_cache/torch_aot_compile/d202a97807b9d28e5a015b7b96d53b6721fd9972bab939e14768ba1d6273c8c5/rank_0_2/model
(Worker_DP2_TP0_EP4 pid=353644) INFO 07-27 20:16:33 [monitor.py:53] torch.compile took 0.12 s in total
(Worker_DP3_TP0_EP6 pid=353650) INFO 07-27 20:16:33 [compiler_interface.py:353] Loaded npugraph_ex compilation cache from /root/.cache/vllm/torch_compile_cache/58e464d419/rank_0_3/eagle_head/artifact_compile_range_1_256_subgraph_0
(Worker_DP3_TP0_EP6 pid=353650) INFO 07-27 20:16:33 [backends.py:292] Directly load the compiled graph(s) for compile range (1, 256) from the cache, took 0.003 s
(Worker_DP6_TP0_EP12 pid=353649) INFO 07-27 20:16:33 [compiler_interface.py:353] Loaded npugraph_ex compilation cache from /root/.cache/vllm/torch_compile_cache/951029537e/rank_0_6/eagle_head/artifact_compile_range_1_256_subgraph_0
(Worker_DP3_TP0_EP6 pid=353650) INFO 07-27 20:16:33 [decorators.py:311] Directly load AOT compilation from path /root/.cache/vllm/torch_compile_cache/torch_aot_compile/576b0c93cc7a2d7c33a7a13d28859c55255bf09e1903de50557acc4055a70044/rank_0_3/model
(Worker_DP3_TP0_EP6 pid=353650) INFO 07-27 20:16:33 [monitor.py:53] torch.compile took 0.13 s in total
(Worker_DP6_TP0_EP12 pid=353649) INFO 07-27 20:16:33 [backends.py:292] Directly load the compiled graph(s) for compile range (1, 256) from the cache, took 0.003 s
(Worker_DP6_TP0_EP12 pid=353649) INFO 07-27 20:16:33 [decorators.py:311] Directly load AOT compilation from path /root/.cache/vllm/torch_compile_cache/torch_aot_compile/7a3061973c39b05088e1c1a9c92d14bd7bbc34ab2bd94761831ce9f58b3d8fd8/rank_0_6/model
(Worker_DP6_TP0_EP12 pid=353649) INFO 07-27 20:16:33 [monitor.py:53] torch.compile took 0.13 s in total
(Worker_DP4_TP0_EP8 pid=353648) INFO 07-27 20:16:33 [compiler_interface.py:353] Loaded npugraph_ex compilation cache from /root/.cache/vllm/torch_compile_cache/b44d35fc9c/rank_0_4/eagle_head/artifact_compile_range_1_256_subgraph_0
(Worker_DP7_TP0_EP14 pid=353645) INFO 07-27 20:16:33 [compiler_interface.py:353] Loaded npugraph_ex compilation cache from /root/.cache/vllm/torch_compile_cache/08ecbe2311/rank_0_7/eagle_head/artifact_compile_range_1_256_subgraph_0
(Worker_DP5_TP0_EP10 pid=353646) INFO 07-27 20:16:33 [compiler_interface.py:353] Loaded npugraph_ex compilation cache from /root/.cache/vllm/torch_compile_cache/310971ebec/rank_0_5/eagle_head/artifact_compile_range_1_256_subgraph_0
(Worker_DP4_TP0_EP8 pid=353648) INFO 07-27 20:16:33 [backends.py:292] Directly load the compiled graph(s) for compile range (1, 256) from the cache, took 0.003 s
(Worker_DP7_TP0_EP14 pid=353645) INFO 07-27 20:16:33 [backends.py:292] Directly load the compiled graph(s) for compile range (1, 256) from the cache, took 0.003 s
(Worker_DP5_TP0_EP10 pid=353646) INFO 07-27 20:16:33 [backends.py:292] Directly load the compiled graph(s) for compile range (1, 256) from the cache, took 0.003 s
(Worker_DP4_TP0_EP8 pid=353648) INFO 07-27 20:16:33 [decorators.py:311] Directly load AOT compilation from path /root/.cache/vllm/torch_compile_cache/torch_aot_compile/47dae8d80555c713471caf5d4c99471ab7b27f518a27b39f5ef25388cca8aec3/rank_0_4/model
(Worker_DP4_TP0_EP8 pid=353648) INFO 07-27 20:16:33 [monitor.py:53] torch.compile took 0.14 s in total
(Worker_DP7_TP0_EP14 pid=353645) INFO 07-27 20:16:33 [decorators.py:311] Directly load AOT compilation from path /root/.cache/vllm/torch_compile_cache/torch_aot_compile/50f6e2ece0166a2f956bb44394e9ac60f7f1b3d5feb9d6b9fa6def8e784fda8b/rank_0_7/model
(Worker_DP7_TP0_EP14 pid=353645) INFO 07-27 20:16:33 [monitor.py:53] torch.compile took 0.14 s in total
(Worker_DP0_TP0_EP0 pid=353651) INFO 07-27 20:16:33 [compiler_interface.py:353] Loaded npugraph_ex compilation cache from /root/.cache/vllm/torch_compile_cache/8239f7ade9/rank_0_0/eagle_head/artifact_compile_range_1_256_subgraph_0
(Worker_DP5_TP0_EP10 pid=353646) INFO 07-27 20:16:33 [decorators.py:311] Directly load AOT compilation from path /root/.cache/vllm/torch_compile_cache/torch_aot_compile/fe3d742f8973e0f38803b240a0bd29cb63b5d451bb0d00174bba0301a250b68c/rank_0_5/model
(Worker_DP5_TP0_EP10 pid=353646) INFO 07-27 20:16:33 [monitor.py:53] torch.compile took 0.14 s in total
(Worker_DP0_TP0_EP0 pid=353651) INFO 07-27 20:16:33 [backends.py:292] Directly load the compiled graph(s) for compile range (1, 256) from the cache, took 0.003 s
(Worker_DP0_TP0_EP0 pid=353651) INFO 07-27 20:16:33 [decorators.py:311] Directly load AOT compilation from path /root/.cache/vllm/torch_compile_cache/torch_aot_compile/81184e566df09e062d2e9610e7c8fc9671c9c0fa98d2b596e20f93acbb078712/rank_0_0/model
(Worker_DP0_TP0_EP0 pid=353651) INFO 07-27 20:16:33 [monitor.py:53] torch.compile took 0.14 s in total
(Worker_DP7_TP1_EP15 pid=353970) INFO 07-27 20:16:33 [compiler_interface.py:248] AscendCompiler hash factors: {'torch_npu_version': '2.10.0.post2', 'enable_npugraph_ex': True, 'enable_static_kernel': False}
(Worker_DP6_TP1_EP13 pid=354021) INFO 07-27 20:16:33 [compiler_interface.py:248] AscendCompiler hash factors: {'torch_npu_version': '2.10.0.post2', 'enable_npugraph_ex': True, 'enable_static_kernel': False}
(Worker_DP0_TP1_EP1 pid=354102) INFO 07-27 20:16:33 [compiler_interface.py:248] AscendCompiler hash factors: {'torch_npu_version': '2.10.0.post2', 'enable_npugraph_ex': True, 'enable_static_kernel': False}
(Worker_DP3_TP1_EP7 pid=354062) INFO 07-27 20:16:33 [compiler_interface.py:248] AscendCompiler hash factors: {'torch_npu_version': '2.10.0.post2', 'enable_npugraph_ex': True, 'enable_static_kernel': False}
(Worker_DP1_TP1_EP3 pid=354084) INFO 07-27 20:16:33 [compiler_interface.py:248] AscendCompiler hash factors: {'torch_npu_version': '2.10.0.post2', 'enable_npugraph_ex': True, 'enable_static_kernel': False}
(Worker_DP5_TP1_EP11 pid=354089) INFO 07-27 20:16:33 [compiler_interface.py:248] AscendCompiler hash factors: {'torch_npu_version': '2.10.0.post2', 'enable_npugraph_ex': True, 'enable_static_kernel': False}
(Worker_DP4_TP1_EP9 pid=354045) INFO 07-27 20:16:33 [compiler_interface.py:248] AscendCompiler hash factors: {'torch_npu_version': '2.10.0.post2', 'enable_npugraph_ex': True, 'enable_static_kernel': False}
(Worker_DP2_TP1_EP5 pid=353998) INFO 07-27 20:16:33 [compiler_interface.py:248] AscendCompiler hash factors: {'torch_npu_version': '2.10.0.post2', 'enable_npugraph_ex': True, 'enable_static_kernel': False}
(Worker_DP6_TP0_EP12 pid=353649) INFO 07-27 20:16:33 [monitor.py:81] Initial profiling/warmup run took 0.09 s
(Worker_DP7_TP1_EP15 pid=353970) INFO 07-27 20:16:33 [compiler_interface.py:353] Loaded npugraph_ex compilation cache from /root/.cache/vllm/torch_compile_cache/08ecbe2311/rank_1_7/eagle_head/artifact_compile_range_1_256_subgraph_0
(Worker_DP7_TP1_EP15 pid=353970) INFO 07-27 20:16:33 [decorators.py:311] Directly load AOT compilation from path /root/.cache/vllm/torch_compile_cache/torch_aot_compile/50f6e2ece0166a2f956bb44394e9ac60f7f1b3d5feb9d6b9fa6def8e784fda8b/rank_1_7/model
(Worker_DP0_TP1_EP1 pid=354102) INFO 07-27 20:16:33 [compiler_interface.py:353] Loaded npugraph_ex compilation cache from /root/.cache/vllm/torch_compile_cache/8239f7ade9/rank_1_0/eagle_head/artifact_compile_range_1_256_subgraph_0
(Worker_DP3_TP1_EP7 pid=354062) INFO 07-27 20:16:33 [compiler_interface.py:353] Loaded npugraph_ex compilation cache from /root/.cache/vllm/torch_compile_cache/58e464d419/rank_1_3/eagle_head/artifact_compile_range_1_256_subgraph_0
(Worker_DP6_TP1_EP13 pid=354021) INFO 07-27 20:16:33 [compiler_interface.py:353] Loaded npugraph_ex compilation cache from /root/.cache/vllm/torch_compile_cache/951029537e/rank_1_6/eagle_head/artifact_compile_range_1_256_subgraph_0
(Worker_DP0_TP1_EP1 pid=354102) INFO 07-27 20:16:33 [decorators.py:311] Directly load AOT compilation from path /root/.cache/vllm/torch_compile_cache/torch_aot_compile/81184e566df09e062d2e9610e7c8fc9671c9c0fa98d2b596e20f93acbb078712/rank_1_0/model
(Worker_DP3_TP1_EP7 pid=354062) INFO 07-27 20:16:33 [decorators.py:311] Directly load AOT compilation from path /root/.cache/vllm/torch_compile_cache/torch_aot_compile/576b0c93cc7a2d7c33a7a13d28859c55255bf09e1903de50557acc4055a70044/rank_1_3/model
(Worker_DP6_TP1_EP13 pid=354021) INFO 07-27 20:16:33 [decorators.py:311] Directly load AOT compilation from path /root/.cache/vllm/torch_compile_cache/torch_aot_compile/7a3061973c39b05088e1c1a9c92d14bd7bbc34ab2bd94761831ce9f58b3d8fd8/rank_1_6/model
(Worker_DP5_TP1_EP11 pid=354089) INFO 07-27 20:16:33 [compiler_interface.py:353] Loaded npugraph_ex compilation cache from /root/.cache/vllm/torch_compile_cache/310971ebec/rank_1_5/eagle_head/artifact_compile_range_1_256_subgraph_0
(Worker_DP1_TP1_EP3 pid=354084) INFO 07-27 20:16:33 [compiler_interface.py:353] Loaded npugraph_ex compilation cache from /root/.cache/vllm/torch_compile_cache/9f36470e39/rank_1_1/eagle_head/artifact_compile_range_1_256_subgraph_0
(Worker_DP4_TP1_EP9 pid=354045) INFO 07-27 20:16:33 [compiler_interface.py:353] Loaded npugraph_ex compilation cache from /root/.cache/vllm/torch_compile_cache/b44d35fc9c/rank_1_4/eagle_head/artifact_compile_range_1_256_subgraph_0
(Worker_DP1_TP1_EP3 pid=354084) INFO 07-27 20:16:33 [decorators.py:311] Directly load AOT compilation from path /root/.cache/vllm/torch_compile_cache/torch_aot_compile/6d800bbdc23db30b8be44fd16a0d7cac2230c03f4c3012bc715378f159eb1a26/rank_1_1/model
(Worker_DP5_TP1_EP11 pid=354089) INFO 07-27 20:16:33 [decorators.py:311] Directly load AOT compilation from path /root/.cache/vllm/torch_compile_cache/torch_aot_compile/fe3d742f8973e0f38803b240a0bd29cb63b5d451bb0d00174bba0301a250b68c/rank_1_5/model
(Worker_DP4_TP1_EP9 pid=354045) INFO 07-27 20:16:33 [decorators.py:311] Directly load AOT compilation from path /root/.cache/vllm/torch_compile_cache/torch_aot_compile/47dae8d80555c713471caf5d4c99471ab7b27f518a27b39f5ef25388cca8aec3/rank_1_4/model
(Worker_DP2_TP0_EP4 pid=353644) INFO 07-27 20:16:33 [monitor.py:81] Initial profiling/warmup run took 0.12 s
(Worker_DP2_TP1_EP5 pid=353998) INFO 07-27 20:16:33 [compiler_interface.py:353] Loaded npugraph_ex compilation cache from /root/.cache/vllm/torch_compile_cache/bd73c0e17d/rank_1_2/eagle_head/artifact_compile_range_1_256_subgraph_0
(Worker_DP1_TP0_EP2 pid=353647) INFO 07-27 20:16:33 [monitor.py:81] Initial profiling/warmup run took 0.13 s
(Worker_DP2_TP1_EP5 pid=353998) INFO 07-27 20:16:33 [decorators.py:311] Directly load AOT compilation from path /root/.cache/vllm/torch_compile_cache/torch_aot_compile/d202a97807b9d28e5a015b7b96d53b6721fd9972bab939e14768ba1d6273c8c5/rank_1_2/model
(Worker_DP3_TP0_EP6 pid=353650) INFO 07-27 20:16:33 [monitor.py:81] Initial profiling/warmup run took 0.13 s
(Worker_DP5_TP0_EP10 pid=353646) INFO 07-27 20:16:33 [monitor.py:81] Initial profiling/warmup run took 0.15 s
(Worker_DP4_TP0_EP8 pid=353648) INFO 07-27 20:16:33 [monitor.py:81] Initial profiling/warmup run took 0.17 s
(Worker_DP7_TP0_EP14 pid=353645) INFO 07-27 20:16:33 [monitor.py:81] Initial profiling/warmup run took 0.18 s
(Worker_DP0_TP0_EP0 pid=353651) INFO 07-27 20:16:33 [monitor.py:81] Initial profiling/warmup run took 0.22 s
(Worker_DP7_TP1_EP15 pid=353970) INFO 07-27 20:16:36 [gpu_model_runner.py:6571] Profiling CUDA graph memory: FULL=2 (largest=48)
(Worker_DP4_TP0_EP8 pid=353648) INFO 07-27 20:16:36 [gpu_model_runner.py:6571] Profiling CUDA graph memory: FULL=2 (largest=48)
(Worker_DP7_TP0_EP14 pid=353645) INFO 07-27 20:16:36 [gpu_model_runner.py:6571] Profiling CUDA graph memory: FULL=2 (largest=48)
(Worker_DP0_TP1_EP1 pid=354102) INFO 07-27 20:16:36 [gpu_model_runner.py:6571] Profiling CUDA graph memory: FULL=2 (largest=48)
(Worker_DP0_TP0_EP0 pid=353651) INFO 07-27 20:16:36 [gpu_model_runner.py:6571] Profiling CUDA graph memory: FULL=2 (largest=48)
(Worker_DP6_TP0_EP12 pid=353649) INFO 07-27 20:16:36 [gpu_model_runner.py:6571] Profiling CUDA graph memory: FULL=2 (largest=48)
(Worker_DP1_TP1_EP3 pid=354084) INFO 07-27 20:16:36 [gpu_model_runner.py:6571] Profiling CUDA graph memory: FULL=2 (largest=48)
(Worker_DP3_TP1_EP7 pid=354062) INFO 07-27 20:16:36 [gpu_model_runner.py:6571] Profiling CUDA graph memory: FULL=2 (largest=48)
(Worker_DP3_TP0_EP6 pid=353650) INFO 07-27 20:16:36 [gpu_model_runner.py:6571] Profiling CUDA graph memory: FULL=2 (largest=48)
(Worker_DP4_TP1_EP9 pid=354045) INFO 07-27 20:16:36 [gpu_model_runner.py:6571] Profiling CUDA graph memory: FULL=2 (largest=48)
(Worker_DP6_TP1_EP13 pid=354021) INFO 07-27 20:16:36 [gpu_model_runner.py:6571] Profiling CUDA graph memory: FULL=2 (largest=48)
(Worker_DP2_TP0_EP4 pid=353644) INFO 07-27 20:16:36 [gpu_model_runner.py:6571] Profiling CUDA graph memory: FULL=2 (largest=48)
(Worker_DP5_TP0_EP10 pid=353646) INFO 07-27 20:16:36 [gpu_model_runner.py:6571] Profiling CUDA graph memory: FULL=2 (largest=48)
(Worker_DP1_TP0_EP2 pid=353647) INFO 07-27 20:16:36 [gpu_model_runner.py:6571] Profiling CUDA graph memory: FULL=2 (largest=48)
(Worker_DP5_TP1_EP11 pid=354089) INFO 07-27 20:16:36 [gpu_model_runner.py:6571] Profiling CUDA graph memory: FULL=2 (largest=48)
(Worker_DP2_TP1_EP5 pid=353998) INFO 07-27 20:16:36 [gpu_model_runner.py:6571] Profiling CUDA graph memory: FULL=2 (largest=48)
(Worker_DP2_TP0_EP4 pid=353644) INFO 07-27 20:16:37 [model_runner_v1.py:3668] [ACLGraphMemoryProfile] Skipping LMHead TP logits in disposable pre-KV graph capture.
(Worker_DP0_TP0_EP0 pid=353651) INFO 07-27 20:16:37 [model_runner_v1.py:3668] [ACLGraphMemoryProfile] Skipping LMHead TP logits in disposable pre-KV graph capture.
(Worker_DP7_TP0_EP14 pid=353645) INFO 07-27 20:16:37 [model_runner_v1.py:3668] [ACLGraphMemoryProfile] Skipping LMHead TP logits in disposable pre-KV graph capture.
(Worker_DP4_TP0_EP8 pid=353648) INFO 07-27 20:16:37 [model_runner_v1.py:3668] [ACLGraphMemoryProfile] Skipping LMHead TP logits in disposable pre-KV graph capture.
(Worker_DP5_TP0_EP10 pid=353646) INFO 07-27 20:16:37 [model_runner_v1.py:3668] [ACLGraphMemoryProfile] Skipping LMHead TP logits in disposable pre-KV graph capture.
(Worker_DP1_TP0_EP2 pid=353647) INFO 07-27 20:16:37 [model_runner_v1.py:3668] [ACLGraphMemoryProfile] Skipping LMHead TP logits in disposable pre-KV graph capture.
(Worker_DP3_TP0_EP6 pid=353650) INFO 07-27 20:16:37 [model_runner_v1.py:3668] [ACLGraphMemoryProfile] Skipping LMHead TP logits in disposable pre-KV graph capture.
(Worker_DP6_TP0_EP12 pid=353649) INFO 07-27 20:16:37 [model_runner_v1.py:3668] [ACLGraphMemoryProfile] Skipping LMHead TP logits in disposable pre-KV graph capture.
[rank0]:[W727 20:16:38.372638050 NPUGraph.cpp:223] Warning: Waiting for pending NCCL work to finish before starting graph capture. (function operator())
[rank6]:[W727 20:16:38.372892430 NPUGraph.cpp:223] Warning: Waiting for pending NCCL work to finish before starting graph capture. (function operator())
[rank8]:[W727 20:16:38.376951500 NPUGraph.cpp:223] Warning: Waiting for pending NCCL work to finish before starting graph capture. (function operator())
[rank12]:[W727 20:16:38.377674420 NPUGraph.cpp:223] Warning: Waiting for pending NCCL work to finish before starting graph capture. (function operator())
[rank2]:[W727 20:16:38.378868410 NPUGraph.cpp:223] Warning: Waiting for pending NCCL work to finish before starting graph capture. (function operator())
[rank14]:[W727 20:16:38.379582310 NPUGraph.cpp:223] Warning: Waiting for pending NCCL work to finish before starting graph capture. (function operator())
[rank1]:[W727 20:16:38.379593760 NPUGraph.cpp:223] Warning: Waiting for pending NCCL work to finish before starting graph capture. (function operator())
[rank4]:[W727 20:16:38.379647850 NPUGraph.cpp:223] Warning: Waiting for pending NCCL work to finish before starting graph capture. (function operator())
[rank9]:[W727 20:16:38.381774430 NPUGraph.cpp:223] Warning: Waiting for pending NCCL work to finish before starting graph capture. (function operator())
[rank13]:[W727 20:16:38.382102160 NPUGraph.cpp:223] Warning: Waiting for pending NCCL work to finish before starting graph capture. (function operator())
[rank15]:[W727 20:16:38.384363510 NPUGraph.cpp:223] Warning: Waiting for pending NCCL work to finish before starting graph capture. (function operator())
[rank11]:[W727 20:16:38.384548280 NPUGraph.cpp:223] Warning: Waiting for pending NCCL work to finish before starting graph capture. (function operator())
[rank10]:[W727 20:16:38.384557770 NPUGraph.cpp:223] Warning: Waiting for pending NCCL work to finish before starting graph capture. (function operator())
[rank7]:[W727 20:16:38.385119740 NPUGraph.cpp:223] Warning: Waiting for pending NCCL work to finish before starting graph capture. (function operator())
[rank3]:[W727 20:16:38.386106300 NPUGraph.cpp:223] Warning: Waiting for pending NCCL work to finish before starting graph capture. (function operator())
[rank5]:[W727 20:16:38.393114030 NPUGraph.cpp:223] Warning: Waiting for pending NCCL work to finish before starting graph capture. (function operator())
(Worker_DP0_TP1_EP1 pid=354102) INFO 07-27 20:16:42 [gpu_model_runner.py:6676] Estimated CUDA graph memory: 0.53 GiB total
(Worker_DP7_TP0_EP14 pid=353645) INFO 07-27 20:16:42 [gpu_model_runner.py:6676] Estimated CUDA graph memory: 0.53 GiB total
(Worker_DP2_TP0_EP4 pid=353644) INFO 07-27 20:16:42 [gpu_model_runner.py:6676] Estimated CUDA graph memory: 0.53 GiB total
(Worker_DP0_TP0_EP0 pid=353651) INFO 07-27 20:16:43 [gpu_model_runner.py:6676] Estimated CUDA graph memory: 0.53 GiB total
(Worker_DP3_TP1_EP7 pid=354062) INFO 07-27 20:16:43 [gpu_model_runner.py:6676] Estimated CUDA graph memory: 0.53 GiB total
(Worker_DP1_TP1_EP3 pid=354084) INFO 07-27 20:16:43 [gpu_model_runner.py:6676] Estimated CUDA graph memory: 0.53 GiB total
(Worker_DP7_TP1_EP15 pid=353970) INFO 07-27 20:16:43 [gpu_model_runner.py:6676] Estimated CUDA graph memory: 0.53 GiB total
(Worker_DP1_TP0_EP2 pid=353647) INFO 07-27 20:16:43 [gpu_model_runner.py:6676] Estimated CUDA graph memory: 0.52 GiB total
(Worker_DP5_TP0_EP10 pid=353646) INFO 07-27 20:16:43 [gpu_model_runner.py:6676] Estimated CUDA graph memory: 0.52 GiB total
(Worker_DP6_TP1_EP13 pid=354021) INFO 07-27 20:16:43 [gpu_model_runner.py:6676] Estimated CUDA graph memory: 0.53 GiB total
(Worker_DP4_TP0_EP8 pid=353648) INFO 07-27 20:16:43 [gpu_model_runner.py:6676] Estimated CUDA graph memory: 0.52 GiB total
(Worker_DP6_TP0_EP12 pid=353649) INFO 07-27 20:16:43 [gpu_model_runner.py:6676] Estimated CUDA graph memory: 0.53 GiB total
(Worker_DP3_TP0_EP6 pid=353650) INFO 07-27 20:16:43 [gpu_model_runner.py:6676] Estimated CUDA graph memory: 0.53 GiB total
(Worker_DP2_TP1_EP5 pid=353998) INFO 07-27 20:16:43 [gpu_model_runner.py:6676] Estimated CUDA graph memory: 0.53 GiB total
(Worker_DP4_TP1_EP9 pid=354045) INFO 07-27 20:16:43 [gpu_model_runner.py:6676] Estimated CUDA graph memory: 0.53 GiB total
(Worker_DP5_TP1_EP11 pid=354089) INFO 07-27 20:16:43 [gpu_model_runner.py:6676] Estimated CUDA graph memory: 0.53 GiB total
(Worker_DP0_TP1_EP1 pid=354102) INFO 07-27 20:16:43 [worker.py:623] ACL graph memory profiling is enabled (default since v0.22.1). The current --gpu-memory-utilization=0.9000 is equivalent to --gpu-memory-utilization=0.8914 without ACL graph memory profiling. To maintain the same effective KV cache size as before, increase --gpu-memory-utilization to 0.9086. To disable, set VLLM_MEMORY_PROFILER_ESTIMATE_CUDAGRAPHS=0.
(Worker_DP7_TP0_EP14 pid=353645) INFO 07-27 20:16:44 [worker.py:607] Available KV cache memory: 0.62 GiB
(Worker_DP7_TP0_EP14 pid=353645) INFO 07-27 20:16:44 [worker.py:623] ACL graph memory profiling is enabled (default since v0.22.1). The current --gpu-memory-utilization=0.9000 is equivalent to --gpu-memory-utilization=0.8913 without ACL graph memory profiling. To maintain the same effective KV cache size as before, increase --gpu-memory-utilization to 0.9087. To disable, set VLLM_MEMORY_PROFILER_ESTIMATE_CUDAGRAPHS=0.
(Worker_DP1_TP1_EP3 pid=354084) INFO 07-27 20:16:44 [worker.py:623] ACL graph memory profiling is enabled (default since v0.22.1). The current --gpu-memory-utilization=0.9000 is equivalent to --gpu-memory-utilization=0.8914 without ACL graph memory profiling. To maintain the same effective KV cache size as before, increase --gpu-memory-utilization to 0.9086. To disable, set VLLM_MEMORY_PROFILER_ESTIMATE_CUDAGRAPHS=0.
(Worker_DP1_TP0_EP2 pid=353647) INFO 07-27 20:16:44 [worker.py:607] Available KV cache memory: 0.63 GiB
(Worker_DP1_TP0_EP2 pid=353647) INFO 07-27 20:16:44 [worker.py:623] ACL graph memory profiling is enabled (default since v0.22.1). The current --gpu-memory-utilization=0.9000 is equivalent to --gpu-memory-utilization=0.8914 without ACL graph memory profiling. To maintain the same effective KV cache size as before, increase --gpu-memory-utilization to 0.9086. To disable, set VLLM_MEMORY_PROFILER_ESTIMATE_CUDAGRAPHS=0.
(EngineCore_DP1 pid=353236) INFO 07-27 20:16:44 [kv_cache_utils.py:2168] GPU KV cache size: 9,344 tokens
(EngineCore_DP1 pid=353236) INFO 07-27 20:16:44 [kv_cache_utils.py:2169] Maximum concurrency for 4,096 tokens per request: 2.28x
(Worker_DP7_TP1_EP15 pid=353970) INFO 07-27 20:16:44 [worker.py:623] ACL graph memory profiling is enabled (default since v0.22.1). The current --gpu-memory-utilization=0.9000 is equivalent to --gpu-memory-utilization=0.8914 without ACL graph memory profiling. To maintain the same effective KV cache size as before, increase --gpu-memory-utilization to 0.9086. To disable, set VLLM_MEMORY_PROFILER_ESTIMATE_CUDAGRAPHS=0.
(EngineCore_DP7 pid=353211) INFO 07-27 20:16:44 [kv_cache_utils.py:2168] GPU KV cache size: 9,216 tokens
(EngineCore_DP7 pid=353211) INFO 07-27 20:16:44 [kv_cache_utils.py:2169] Maximum concurrency for 4,096 tokens per request: 2.25x
(Worker_DP0_TP0_EP0 pid=353651) INFO 07-27 20:16:44 [worker.py:607] Available KV cache memory: 0.62 GiB
(Worker_DP0_TP0_EP0 pid=353651) INFO 07-27 20:16:44 [worker.py:623] ACL graph memory profiling is enabled (default since v0.22.1). The current --gpu-memory-utilization=0.9000 is equivalent to --gpu-memory-utilization=0.8914 without ACL graph memory profiling. To maintain the same effective KV cache size as before, increase --gpu-memory-utilization to 0.9086. To disable, set VLLM_MEMORY_PROFILER_ESTIMATE_CUDAGRAPHS=0.
(EngineCore_DP0 pid=353175) INFO 07-27 20:16:44 [kv_cache_utils.py:2168] GPU KV cache size: 9,344 tokens
(EngineCore_DP0 pid=353175) INFO 07-27 20:16:44 [kv_cache_utils.py:2169] Maximum concurrency for 4,096 tokens per request: 2.28x
(Worker_DP2_TP0_EP4 pid=353644) INFO 07-27 20:16:44 [worker.py:607] Available KV cache memory: 0.63 GiB
(Worker_DP2_TP0_EP4 pid=353644) INFO 07-27 20:16:44 [worker.py:623] ACL graph memory profiling is enabled (default since v0.22.1). The current --gpu-memory-utilization=0.9000 is equivalent to --gpu-memory-utilization=0.8914 without ACL graph memory profiling. To maintain the same effective KV cache size as before, increase --gpu-memory-utilization to 0.9086. To disable, set VLLM_MEMORY_PROFILER_ESTIMATE_CUDAGRAPHS=0.
(Worker_DP3_TP1_EP7 pid=354062) INFO 07-27 20:16:44 [worker.py:623] ACL graph memory profiling is enabled (default since v0.22.1). The current --gpu-memory-utilization=0.9000 is equivalent to --gpu-memory-utilization=0.8914 without ACL graph memory profiling. To maintain the same effective KV cache size as before, increase --gpu-memory-utilization to 0.9086. To disable, set VLLM_MEMORY_PROFILER_ESTIMATE_CUDAGRAPHS=0.
(Worker_DP6_TP1_EP13 pid=354021) INFO 07-27 20:16:45 [worker.py:623] ACL graph memory profiling is enabled (default since v0.22.1). The current --gpu-memory-utilization=0.9000 is equivalent to --gpu-memory-utilization=0.8914 without ACL graph memory profiling. To maintain the same effective KV cache size as before, increase --gpu-memory-utilization to 0.9086. To disable, set VLLM_MEMORY_PROFILER_ESTIMATE_CUDAGRAPHS=0.
(Worker_DP4_TP0_EP8 pid=353648) INFO 07-27 20:16:45 [worker.py:607] Available KV cache memory: 0.63 GiB
(Worker_DP4_TP0_EP8 pid=353648) INFO 07-27 20:16:45 [worker.py:623] ACL graph memory profiling is enabled (default since v0.22.1). The current --gpu-memory-utilization=0.9000 is equivalent to --gpu-memory-utilization=0.8915 without ACL graph memory profiling. To maintain the same effective KV cache size as before, increase --gpu-memory-utilization to 0.9085. To disable, set VLLM_MEMORY_PROFILER_ESTIMATE_CUDAGRAPHS=0.
(Worker_DP5_TP1_EP11 pid=354089) INFO 07-27 20:16:45 [worker.py:623] ACL graph memory profiling is enabled (default since v0.22.1). The current --gpu-memory-utilization=0.9000 is equivalent to --gpu-memory-utilization=0.8914 without ACL graph memory profiling. To maintain the same effective KV cache size as before, increase --gpu-memory-utilization to 0.9086. To disable, set VLLM_MEMORY_PROFILER_ESTIMATE_CUDAGRAPHS=0.
(Worker_DP5_TP0_EP10 pid=353646) INFO 07-27 20:16:45 [worker.py:607] Available KV cache memory: 0.63 GiB
(Worker_DP5_TP0_EP10 pid=353646) INFO 07-27 20:16:45 [worker.py:623] ACL graph memory profiling is enabled (default since v0.22.1). The current --gpu-memory-utilization=0.9000 is equivalent to --gpu-memory-utilization=0.8914 without ACL graph memory profiling. To maintain the same effective KV cache size as before, increase --gpu-memory-utilization to 0.9086. To disable, set VLLM_MEMORY_PROFILER_ESTIMATE_CUDAGRAPHS=0.
(EngineCore_DP5 pid=353176) INFO 07-27 20:16:45 [kv_cache_utils.py:2168] GPU KV cache size: 9,344 tokens
(EngineCore_DP5 pid=353176) INFO 07-27 20:16:45 [kv_cache_utils.py:2169] Maximum concurrency for 4,096 tokens per request: 2.28x
(Worker_DP6_TP0_EP12 pid=353649) INFO 07-27 20:16:45 [worker.py:607] Available KV cache memory: 0.63 GiB
(Worker_DP6_TP0_EP12 pid=353649) INFO 07-27 20:16:45 [worker.py:623] ACL graph memory profiling is enabled (default since v0.22.1). The current --gpu-memory-utilization=0.9000 is equivalent to --gpu-memory-utilization=0.8914 without ACL graph memory profiling. To maintain the same effective KV cache size as before, increase --gpu-memory-utilization to 0.9086. To disable, set VLLM_MEMORY_PROFILER_ESTIMATE_CUDAGRAPHS=0.
(EngineCore_DP6 pid=353203) INFO 07-27 20:16:45 [kv_cache_utils.py:2168] GPU KV cache size: 9,344 tokens
(EngineCore_DP6 pid=353203) INFO 07-27 20:16:45 [kv_cache_utils.py:2169] Maximum concurrency for 4,096 tokens per request: 2.28x
(Worker_DP4_TP1_EP9 pid=354045) INFO 07-27 20:16:45 [worker.py:623] ACL graph memory profiling is enabled (default since v0.22.1). The current --gpu-memory-utilization=0.9000 is equivalent to --gpu-memory-utilization=0.8914 without ACL graph memory profiling. To maintain the same effective KV cache size as before, increase --gpu-memory-utilization to 0.9086. To disable, set VLLM_MEMORY_PROFILER_ESTIMATE_CUDAGRAPHS=0.
(EngineCore_DP4 pid=353201) INFO 07-27 20:16:45 [kv_cache_utils.py:2168] GPU KV cache size: 9,472 tokens
(EngineCore_DP4 pid=353201) INFO 07-27 20:16:45 [kv_cache_utils.py:2169] Maximum concurrency for 4,096 tokens per request: 2.31x
(Worker_DP3_TP0_EP6 pid=353650) INFO 07-27 20:16:45 [worker.py:607] Available KV cache memory: 0.62 GiB
(Worker_DP3_TP0_EP6 pid=353650) INFO 07-27 20:16:45 [worker.py:623] ACL graph memory profiling is enabled (default since v0.22.1). The current --gpu-memory-utilization=0.9000 is equivalent to --gpu-memory-utilization=0.8914 without ACL graph memory profiling. To maintain the same effective KV cache size as before, increase --gpu-memory-utilization to 0.9086. To disable, set VLLM_MEMORY_PROFILER_ESTIMATE_CUDAGRAPHS=0.
(EngineCore_DP3 pid=353202) INFO 07-27 20:16:45 [kv_cache_utils.py:2168] GPU KV cache size: 9,344 tokens
(EngineCore_DP3 pid=353202) INFO 07-27 20:16:45 [kv_cache_utils.py:2169] Maximum concurrency for 4,096 tokens per request: 2.28x
(Worker_DP0_TP0_EP0 pid=353651) 
Capturing CUDA graphs (decode, FULL):   0%|          | 0/2 [00:00<?, ?it/s](Worker_DP2_TP1_EP5 pid=353998) INFO 07-27 20:16:45 [worker.py:623] ACL graph memory profiling is enabled (default since v0.22.1). The current --gpu-memory-utilization=0.9000 is equivalent to --gpu-memory-utilization=0.8914 without ACL graph memory profiling. To maintain the same effective KV cache size as before, increase --gpu-memory-utilization to 0.9086. To disable, set VLLM_MEMORY_PROFILER_ESTIMATE_CUDAGRAPHS=0.
(EngineCore_DP2 pid=353204) INFO 07-27 20:16:45 [kv_cache_utils.py:2168] GPU KV cache size: 9,344 tokens
(EngineCore_DP2 pid=353204) INFO 07-27 20:16:45 [kv_cache_utils.py:2169] Maximum concurrency for 4,096 tokens per request: 2.28x

Capturing CUDA graphs (decode, FULL):  50%|█████     | 1/2 [00:03<00:03,  3.54s/it]
Capturing CUDA graphs (decode, FULL): 100%|██████████| 2/2 [00:05<00:00,  2.61s/it]
Capturing CUDA graphs (decode, FULL): 100%|██████████| 2/2 [00:05<00:00,  2.75s/it]
(Worker_DP2_TP1_EP5 pid=353998) INFO 07-27 20:16:51 [worker.py:776] ACL graph pool memory: 0.48 GiB (actual), 0.53 GiB (estimated), difference: 0.05 GiB (9.8%).
(Worker_DP2_TP1_EP5 pid=353998) INFO 07-27 20:16:51 [worker.py:823] Free memory on device (61.13/61.28 GiB) on startup. Desired GPU memory utilization is (0.9, 55.15 GiB). Actual usage: 51.1 GiB for weights, 0.11 GiB for peak activation, 2.78 GiB for non-torch memory, 0.48 GiB for NPU graph memory. Replace gpu_memory_utilization with `--kv-cache-memory=577633587` (0.54 GiB) to fit into requested memory, or `--kv-cache-memory=6993881600` (6.51 GiB) to fully utilize NPU free memory. Current KV cache memory: 0.64 GiB. After warmup: torch reserved memory 52.3 GiB, torch allocated memory 51.81 GiB.
(Worker_DP4_TP0_EP8 pid=353648) INFO 07-27 20:16:51 [gpu_model_runner.py:6744] Graph capturing finished in 6 secs, took 0.48 GiB
(Worker_DP4_TP0_EP8 pid=353648) INFO 07-27 20:16:51 [worker.py:776] ACL graph pool memory: 0.48 GiB (actual), 0.52 GiB (estimated), difference: 0.04 GiB (9.3%).
(Worker_DP4_TP0_EP8 pid=353648) INFO 07-27 20:16:51 [worker.py:823] Free memory on device (60.87/61.27 GiB) on startup. Desired GPU memory utilization is (0.9, 55.14 GiB). Actual usage: 51.1 GiB for weights, 0.11 GiB for peak activation, 2.78 GiB for non-torch memory, 0.48 GiB for NPU graph memory. Replace gpu_memory_utilization with `--kv-cache-memory=567110144` (0.53 GiB) to fit into requested memory, or `--kv-cache-memory=6714006016` (6.25 GiB) to fully utilize NPU free memory. Current KV cache memory: 0.63 GiB. After warmup: torch reserved memory 52.32 GiB, torch allocated memory 51.82 GiB.
(Worker_DP5_TP1_EP11 pid=354089) INFO 07-27 20:16:51 [worker.py:776] ACL graph pool memory: 0.48 GiB (actual), 0.53 GiB (estimated), difference: 0.05 GiB (10.2%).
(Worker_DP5_TP1_EP11 pid=354089) INFO 07-27 20:16:51 [worker.py:823] Free memory on device (61.12/61.28 GiB) on startup. Desired GPU memory utilization is (0.9, 55.15 GiB). Actual usage: 51.1 GiB for weights, 0.11 GiB for peak activation, 2.78 GiB for non-torch memory, 0.48 GiB for NPU graph memory. Replace gpu_memory_utilization with `--kv-cache-memory=575343923` (0.54 GiB) to fit into requested memory, or `--kv-cache-memory=6986820096` (6.51 GiB) to fully utilize NPU free memory. Current KV cache memory: 0.63 GiB. After warmup: torch reserved memory 52.3 GiB, torch allocated memory 51.81 GiB.
(Worker_DP6_TP1_EP13 pid=354021) INFO 07-27 20:16:51 [worker.py:776] ACL graph pool memory: 0.48 GiB (actual), 0.53 GiB (estimated), difference: 0.05 GiB (10.2%).
(Worker_DP6_TP1_EP13 pid=354021) INFO 07-27 20:16:51 [worker.py:823] Free memory on device (61.12/61.28 GiB) on startup. Desired GPU memory utilization is (0.9, 55.15 GiB). Actual usage: 51.1 GiB for weights, 0.11 GiB for peak activation, 2.78 GiB for non-torch memory, 0.48 GiB for NPU graph memory. Replace gpu_memory_utilization with `--kv-cache-memory=578346291` (0.54 GiB) to fit into requested memory, or `--kv-cache-memory=6992640512` (6.51 GiB) to fully utilize NPU free memory. Current KV cache memory: 0.64 GiB. After warmup: torch reserved memory 52.3 GiB, torch allocated memory 51.81 GiB.
(Worker_DP3_TP0_EP6 pid=353650) INFO 07-27 20:16:51 [gpu_model_runner.py:6744] Graph capturing finished in 6 secs, took 0.48 GiB
(Worker_DP3_TP0_EP6 pid=353650) INFO 07-27 20:16:51 [worker.py:776] ACL graph pool memory: 0.48 GiB (actual), 0.53 GiB (estimated), difference: 0.05 GiB (9.8%).
(Worker_DP3_TP0_EP6 pid=353650) INFO 07-27 20:16:51 [worker.py:823] Free memory on device (60.87/61.27 GiB) on startup. Desired GPU memory utilization is (0.9, 55.14 GiB). Actual usage: 51.1 GiB for weights, 0.11 GiB for peak activation, 2.78 GiB for non-torch memory, 0.48 GiB for NPU graph memory. Replace gpu_memory_utilization with `--kv-cache-memory=562612736` (0.52 GiB) to fit into requested memory, or `--kv-cache-memory=6710364672` (6.25 GiB) to fully utilize NPU free memory. Current KV cache memory: 0.62 GiB. After warmup: torch reserved memory 52.3 GiB, torch allocated memory 51.81 GiB.
(Worker_DP0_TP0_EP0 pid=353651) INFO 07-27 20:16:51 [gpu_model_runner.py:6744] Graph capturing finished in 7 secs, took 0.48 GiB
(Worker_DP0_TP0_EP0 pid=353651) INFO 07-27 20:16:51 [worker.py:776] ACL graph pool memory: 0.48 GiB (actual), 0.53 GiB (estimated), difference: 0.05 GiB (9.9%).
(Worker_DP0_TP0_EP0 pid=353651) INFO 07-27 20:16:51 [worker.py:823] Free memory on device (60.86/61.27 GiB) on startup. Desired GPU memory utilization is (0.9, 55.14 GiB). Actual usage: 51.1 GiB for weights, 0.11 GiB for peak activation, 2.78 GiB for non-torch memory, 0.48 GiB for NPU graph memory. Replace gpu_memory_utilization with `--kv-cache-memory=564247040` (0.53 GiB) to fit into requested memory, or `--kv-cache-memory=6701533696` (6.24 GiB) to fully utilize NPU free memory. Current KV cache memory: 0.62 GiB. After warmup: torch reserved memory 52.3 GiB, torch allocated memory 51.81 GiB.
(Worker_DP7_TP0_EP14 pid=353645) INFO 07-27 20:16:51 [gpu_model_runner.py:6744] Graph capturing finished in 7 secs, took 0.48 GiB
(Worker_DP7_TP0_EP14 pid=353645) INFO 07-27 20:16:51 [worker.py:776] ACL graph pool memory: 0.48 GiB (actual), 0.53 GiB (estimated), difference: 0.06 GiB (11.6%).
(Worker_DP7_TP0_EP14 pid=353645) INFO 07-27 20:16:51 [worker.py:823] Free memory on device (60.87/61.27 GiB) on startup. Desired GPU memory utilization is (0.9, 55.14 GiB). Actual usage: 51.1 GiB for weights, 0.11 GiB for peak activation, 2.78 GiB for non-torch memory, 0.48 GiB for NPU graph memory. Replace gpu_memory_utilization with `--kv-cache-memory=566491648` (0.53 GiB) to fit into requested memory, or `--kv-cache-memory=6711413248` (6.25 GiB) to fully utilize NPU free memory. Current KV cache memory: 0.62 GiB. After warmup: torch reserved memory 52.3 GiB, torch allocated memory 51.8 GiB.
(Worker_DP1_TP1_EP3 pid=354084) INFO 07-27 20:16:51 [worker.py:776] ACL graph pool memory: 0.48 GiB (actual), 0.53 GiB (estimated), difference: 0.05 GiB (10.2%).
(Worker_DP1_TP1_EP3 pid=354084) INFO 07-27 20:16:51 [worker.py:823] Free memory on device (61.11/61.28 GiB) on startup. Desired GPU memory utilization is (0.9, 55.15 GiB). Actual usage: 51.1 GiB for weights, 0.11 GiB for peak activation, 2.78 GiB for non-torch memory, 0.48 GiB for NPU graph memory. Replace gpu_memory_utilization with `--kv-cache-memory=577084723` (0.54 GiB) to fit into requested memory, or `--kv-cache-memory=6978726400` (6.5 GiB) to fully utilize NPU free memory. Current KV cache memory: 0.64 GiB. After warmup: torch reserved memory 52.3 GiB, torch allocated memory 51.81 GiB.
(Worker_DP7_TP1_EP15 pid=353970) INFO 07-27 20:16:51 [worker.py:776] ACL graph pool memory: 0.48 GiB (actual), 0.53 GiB (estimated), difference: 0.05 GiB (9.7%).
(Worker_DP5_TP0_EP10 pid=353646) INFO 07-27 20:16:51 [gpu_model_runner.py:6744] Graph capturing finished in 7 secs, took 0.48 GiB
(Worker_DP5_TP0_EP10 pid=353646) INFO 07-27 20:16:51 [worker.py:776] ACL graph pool memory: 0.48 GiB (actual), 0.52 GiB (estimated), difference: 0.05 GiB (9.6%).
(Worker_DP7_TP1_EP15 pid=353970) INFO 07-27 20:16:51 [worker.py:823] Free memory on device (61.12/61.28 GiB) on startup. Desired GPU memory utilization is (0.9, 55.15 GiB). Actual usage: 51.1 GiB for weights, 0.11 GiB for peak activation, 2.78 GiB for non-torch memory, 0.48 GiB for NPU graph memory. Replace gpu_memory_utilization with `--kv-cache-memory=574479667` (0.54 GiB) to fit into requested memory, or `--kv-cache-memory=6990240256` (6.51 GiB) to fully utilize NPU free memory. Current KV cache memory: 0.63 GiB. After warmup: torch reserved memory 52.3 GiB, torch allocated memory 51.8 GiB.
(Worker_DP5_TP0_EP10 pid=353646) INFO 07-27 20:16:51 [worker.py:823] Free memory on device (60.88/61.27 GiB) on startup. Desired GPU memory utilization is (0.9, 55.14 GiB). Actual usage: 51.1 GiB for weights, 0.11 GiB for peak activation, 2.78 GiB for non-torch memory, 0.48 GiB for NPU graph memory. Replace gpu_memory_utilization with `--kv-cache-memory=564488704` (0.53 GiB) to fit into requested memory, or `--kv-cache-memory=6726867456` (6.26 GiB) to fully utilize NPU free memory. Current KV cache memory: 0.63 GiB. After warmup: torch reserved memory 52.3 GiB, torch allocated memory 51.81 GiB.
(Worker_DP4_TP1_EP9 pid=354045) INFO 07-27 20:16:51 [worker.py:776] ACL graph pool memory: 0.48 GiB (actual), 0.53 GiB (estimated), difference: 0.05 GiB (9.8%).
(Worker_DP4_TP1_EP9 pid=354045) INFO 07-27 20:16:51 [worker.py:823] Free memory on device (61.13/61.28 GiB) on startup. Desired GPU memory utilization is (0.9, 55.15 GiB). Actual usage: 51.1 GiB for weights, 0.11 GiB for peak activation, 2.78 GiB for non-torch memory, 0.48 GiB for NPU graph memory. Replace gpu_memory_utilization with `--kv-cache-memory=577199411` (0.54 GiB) to fit into requested memory, or `--kv-cache-memory=7000193536` (6.52 GiB) to fully utilize NPU free memory. Current KV cache memory: 0.64 GiB. After warmup: torch reserved memory 52.32 GiB, torch allocated memory 51.82 GiB.
(Worker_DP6_TP0_EP12 pid=353649) INFO 07-27 20:16:51 [gpu_model_runner.py:6744] Graph capturing finished in 7 secs, took 0.48 GiB
(Worker_DP6_TP0_EP12 pid=353649) INFO 07-27 20:16:51 [worker.py:776] ACL graph pool memory: 0.48 GiB (actual), 0.53 GiB (estimated), difference: 0.05 GiB (9.9%).
(Worker_DP6_TP0_EP12 pid=353649) INFO 07-27 20:16:51 [worker.py:823] Free memory on device (60.86/61.27 GiB) on startup. Desired GPU memory utilization is (0.9, 55.14 GiB). Actual usage: 51.1 GiB for weights, 0.11 GiB for peak activation, 2.78 GiB for non-torch memory, 0.48 GiB for NPU graph memory. Replace gpu_memory_utilization with `--kv-cache-memory=566061568` (0.53 GiB) to fit into requested memory, or `--kv-cache-memory=6709524992` (6.25 GiB) to fully utilize NPU free memory. Current KV cache memory: 0.63 GiB. After warmup: torch reserved memory 52.3 GiB, torch allocated memory 51.81 GiB.
(Worker_DP1_TP0_EP2 pid=353647) INFO 07-27 20:16:51 [gpu_model_runner.py:6744] Graph capturing finished in 7 secs, took 0.48 GiB
(Worker_DP1_TP0_EP2 pid=353647) INFO 07-27 20:16:51 [worker.py:776] ACL graph pool memory: 0.48 GiB (actual), 0.52 GiB (estimated), difference: 0.05 GiB (9.7%).
(Worker_DP1_TP0_EP2 pid=353647) INFO 07-27 20:16:51 [worker.py:823] Free memory on device (60.88/61.27 GiB) on startup. Desired GPU memory utilization is (0.9, 55.14 GiB). Actual usage: 51.1 GiB for weights, 0.11 GiB for peak activation, 2.78 GiB for non-torch memory, 0.48 GiB for NPU graph memory. Replace gpu_memory_utilization with `--kv-cache-memory=565164544` (0.53 GiB) to fit into requested memory, or `--kv-cache-memory=6722628096` (6.26 GiB) to fully utilize NPU free memory. Current KV cache memory: 0.63 GiB. After warmup: torch reserved memory 52.3 GiB, torch allocated memory 51.81 GiB.
(Worker_DP2_TP0_EP4 pid=353644) INFO 07-27 20:16:51 [gpu_model_runner.py:6744] Graph capturing finished in 6 secs, took 0.48 GiB
(Worker_DP2_TP0_EP4 pid=353644) INFO 07-27 20:16:51 [worker.py:776] ACL graph pool memory: 0.48 GiB (actual), 0.53 GiB (estimated), difference: 0.05 GiB (9.4%).
(Worker_DP2_TP0_EP4 pid=353644) INFO 07-27 20:16:51 [worker.py:823] Free memory on device (60.86/61.27 GiB) on startup. Desired GPU memory utilization is (0.9, 55.14 GiB). Actual usage: 51.1 GiB for weights, 0.11 GiB for peak activation, 2.78 GiB for non-torch memory, 0.48 GiB for NPU graph memory. Replace gpu_memory_utilization with `--kv-cache-memory=565045760` (0.53 GiB) to fit into requested memory, or `--kv-cache-memory=6708333056` (6.25 GiB) to fully utilize NPU free memory. Current KV cache memory: 0.63 GiB. After warmup: torch reserved memory 52.3 GiB, torch allocated memory 51.81 GiB.
(Worker_DP3_TP1_EP7 pid=354062) INFO 07-27 20:16:52 [worker.py:776] ACL graph pool memory: 0.48 GiB (actual), 0.53 GiB (estimated), difference: 0.05 GiB (10.7%).
(Worker_DP3_TP1_EP7 pid=354062) INFO 07-27 20:16:52 [worker.py:823] Free memory on device (61.13/61.28 GiB) on startup. Desired GPU memory utilization is (0.9, 55.15 GiB). Actual usage: 51.1 GiB for weights, 0.11 GiB for peak activation, 2.78 GiB for non-torch memory, 0.48 GiB for NPU graph memory. Replace gpu_memory_utilization with `--kv-cache-memory=579882291` (0.54 GiB) to fit into requested memory, or `--kv-cache-memory=6996687360` (6.52 GiB) to fully utilize NPU free memory. Current KV cache memory: 0.64 GiB. After warmup: torch reserved memory 52.3 GiB, torch allocated memory 51.81 GiB.
(Worker_DP0_TP1_EP1 pid=354102) INFO 07-27 20:16:52 [worker.py:776] ACL graph pool memory: 0.48 GiB (actual), 0.53 GiB (estimated), difference: 0.05 GiB (9.7%).
(Worker_DP0_TP1_EP1 pid=354102) INFO 07-27 20:16:52 [worker.py:823] Free memory on device (61.13/61.28 GiB) on startup. Desired GPU memory utilization is (0.9, 55.15 GiB). Actual usage: 51.1 GiB for weights, 0.11 GiB for peak activation, 2.78 GiB for non-torch memory, 0.48 GiB for NPU graph memory. Replace gpu_memory_utilization with `--kv-cache-memory=574438707` (0.53 GiB) to fit into requested memory, or `--kv-cache-memory=6991337984` (6.51 GiB) to fully utilize NPU free memory. Current KV cache memory: 0.63 GiB. After warmup: torch reserved memory 52.3 GiB, torch allocated memory 51.81 GiB.
(Worker_DP2_TP1_EP5 pid=353998) INFO 07-27 20:16:55 [cpu_binding.py:542] [cpu_bind_mode] mode=global_slice rank=1 visible_npus=[0, 1, 2, 3, 4, 5, 6, 7, 8, 9, 10, 11, 12, 13, 14, 15]
(Worker_DP2_TP1_EP5 pid=353998) INFO 07-27 20:16:55 [cpu_binding.py:626] The CPU allocation plan is as follows:
(Worker_DP2_TP1_EP5 pid=353998) INFO 07-27 20:16:55 [cpu_binding.py:641] NPU1: main=[26 27 28 29 30 31 32 33 34 35 36 37 38 39 40 41 42 43 44 45]  acl=[46]  release=[[47]]
(Worker_DP4_TP0_EP8 pid=353648) INFO 07-27 20:16:55 [cpu_binding.py:542] [cpu_bind_mode] mode=global_slice rank=0 visible_npus=[0, 1, 2, 3, 4, 5, 6, 7, 8, 9, 10, 11, 12, 13, 14, 15]
(Worker_DP4_TP0_EP8 pid=353648) INFO 07-27 20:16:55 [cpu_binding.py:626] The CPU allocation plan is as follows:
(Worker_DP4_TP0_EP8 pid=353648) INFO 07-27 20:16:55 [cpu_binding.py:641] NPU0: main=[2 3 4 5 6 7 8 9 10 11 12 13 14 15 16 17 18 19 20 21]  acl=[22]  release=[[23]]
(Worker_DP2_TP1_EP5 pid=353998) INFO 07-27 20:16:55 [cpu_binding.py:652] The 'migratepages' command is not available, skipping memory binding.
(Worker_DP4_TP0_EP8 pid=353648) INFO 07-27 20:16:55 [cpu_binding.py:652] The 'migratepages' command is not available, skipping memory binding.
(Worker_DP5_TP1_EP11 pid=354089) INFO 07-27 20:16:55 [cpu_binding.py:542] [cpu_bind_mode] mode=global_slice rank=1 visible_npus=[0, 1, 2, 3, 4, 5, 6, 7, 8, 9, 10, 11, 12, 13, 14, 15]
(Worker_DP5_TP1_EP11 pid=354089) INFO 07-27 20:16:55 [cpu_binding.py:626] The CPU allocation plan is as follows:
(Worker_DP5_TP1_EP11 pid=354089) INFO 07-27 20:16:55 [cpu_binding.py:641] NPU1: main=[26 27 28 29 30 31 32 33 34 35 36 37 38 39 40 41 42 43 44 45]  acl=[46]  release=[[47]]
(Worker_DP6_TP1_EP13 pid=354021) INFO 07-27 20:16:55 [cpu_binding.py:542] [cpu_bind_mode] mode=global_slice rank=1 visible_npus=[0, 1, 2, 3, 4, 5, 6, 7, 8, 9, 10, 11, 12, 13, 14, 15]
(Worker_DP6_TP1_EP13 pid=354021) INFO 07-27 20:16:55 [cpu_binding.py:626] The CPU allocation plan is as follows:
(Worker_DP6_TP1_EP13 pid=354021) INFO 07-27 20:16:55 [cpu_binding.py:641] NPU1: main=[26 27 28 29 30 31 32 33 34 35 36 37 38 39 40 41 42 43 44 45]  acl=[46]  release=[[47]]
(Worker_DP3_TP0_EP6 pid=353650) INFO 07-27 20:16:55 [cpu_binding.py:542] [cpu_bind_mode] mode=global_slice rank=0 visible_npus=[0, 1, 2, 3, 4, 5, 6, 7, 8, 9, 10, 11, 12, 13, 14, 15]
(Worker_DP3_TP0_EP6 pid=353650) INFO 07-27 20:16:55 [cpu_binding.py:626] The CPU allocation plan is as follows:
(Worker_DP3_TP0_EP6 pid=353650) INFO 07-27 20:16:55 [cpu_binding.py:641] NPU0: main=[2 3 4 5 6 7 8 9 10 11 12 13 14 15 16 17 18 19 20 21]  acl=[22]  release=[[23]]
(Worker_DP5_TP1_EP11 pid=354089) INFO 07-27 20:16:56 [cpu_binding.py:652] The 'migratepages' command is not available, skipping memory binding.
(Worker_DP2_TP1_EP5 pid=353998) INFO 07-27 20:16:56 [cpu_binding.py:778] NPU1(PCI 0000:9f:00.0): sq_send_trigger_irq IRQ_ID=1396 -> CPU24, cq_update_irq IRQ_ID=1397 -> CPU25
(Worker_DP0_TP0_EP0 pid=353651) INFO 07-27 20:16:56 [cpu_binding.py:542] [cpu_bind_mode] mode=global_slice rank=0 visible_npus=[0, 1, 2, 3, 4, 5, 6, 7, 8, 9, 10, 11, 12, 13, 14, 15]
(Worker_DP0_TP0_EP0 pid=353651) INFO 07-27 20:16:56 [cpu_binding.py:626] The CPU allocation plan is as follows:
(Worker_DP0_TP0_EP0 pid=353651) INFO 07-27 20:16:56 [cpu_binding.py:641] NPU0: main=[2 3 4 5 6 7 8 9 10 11 12 13 14 15 16 17 18 19 20 21]  acl=[22]  release=[[23]]
(Worker_DP6_TP1_EP13 pid=354021) INFO 07-27 20:16:56 [cpu_binding.py:652] The 'migratepages' command is not available, skipping memory binding.
(Worker_DP4_TP0_EP8 pid=353648) INFO 07-27 20:16:56 [cpu_binding.py:778] NPU0(PCI 0000:9d:00.0): sq_send_trigger_irq IRQ_ID=1136 -> CPU0, cq_update_irq IRQ_ID=1137 -> CPU1
(Worker_DP3_TP0_EP6 pid=353650) INFO 07-27 20:16:56 [cpu_binding.py:652] The 'migratepages' command is not available, skipping memory binding.
(Worker_DP0_TP0_EP0 pid=353651) INFO 07-27 20:16:56 [cpu_binding.py:652] The 'migratepages' command is not available, skipping memory binding.
(Worker_DP7_TP0_EP14 pid=353645) INFO 07-27 20:16:56 [cpu_binding.py:542] [cpu_bind_mode] mode=global_slice rank=0 visible_npus=[0, 1, 2, 3, 4, 5, 6, 7, 8, 9, 10, 11, 12, 13, 14, 15]
(Worker_DP7_TP0_EP14 pid=353645) INFO 07-27 20:16:56 [cpu_binding.py:626] The CPU allocation plan is as follows:
(Worker_DP7_TP0_EP14 pid=353645) INFO 07-27 20:16:56 [cpu_binding.py:641] NPU0: main=[2 3 4 5 6 7 8 9 10 11 12 13 14 15 16 17 18 19 20 21]  acl=[22]  release=[[23]]
(Worker_DP5_TP1_EP11 pid=354089) INFO 07-27 20:16:56 [cpu_binding.py:778] NPU1(PCI 0000:9f:00.0): sq_send_trigger_irq IRQ_ID=1396 -> CPU24, cq_update_irq IRQ_ID=1397 -> CPU25
(Worker_DP6_TP1_EP13 pid=354021) INFO 07-27 20:16:56 [cpu_binding.py:778] NPU1(PCI 0000:9f:00.0): sq_send_trigger_irq IRQ_ID=1396 -> CPU24, cq_update_irq IRQ_ID=1397 -> CPU25
(Worker_DP7_TP0_EP14 pid=353645) INFO 07-27 20:16:56 [cpu_binding.py:652] The 'migratepages' command is not available, skipping memory binding.
(Worker_DP3_TP0_EP6 pid=353650) INFO 07-27 20:16:57 [cpu_binding.py:778] NPU0(PCI 0000:9d:00.0): sq_send_trigger_irq IRQ_ID=1136 -> CPU0, cq_update_irq IRQ_ID=1137 -> CPU1
(Worker_DP1_TP1_EP3 pid=354084) INFO 07-27 20:16:57 [cpu_binding.py:542] [cpu_bind_mode] mode=global_slice rank=1 visible_npus=[0, 1, 2, 3, 4, 5, 6, 7, 8, 9, 10, 11, 12, 13, 14, 15]
(Worker_DP1_TP1_EP3 pid=354084) INFO 07-27 20:16:57 [cpu_binding.py:626] The CPU allocation plan is as follows:
(Worker_DP1_TP1_EP3 pid=354084) INFO 07-27 20:16:57 [cpu_binding.py:641] NPU1: main=[26 27 28 29 30 31 32 33 34 35 36 37 38 39 40 41 42 43 44 45]  acl=[46]  release=[[47]]
(Worker_DP0_TP0_EP0 pid=353651) INFO 07-27 20:16:57 [cpu_binding.py:778] NPU0(PCI 0000:9d:00.0): sq_send_trigger_irq IRQ_ID=1136 -> CPU0, cq_update_irq IRQ_ID=1137 -> CPU1
(Worker_DP7_TP1_EP15 pid=353970) INFO 07-27 20:16:57 [cpu_binding.py:542] [cpu_bind_mode] mode=global_slice rank=1 visible_npus=[0, 1, 2, 3, 4, 5, 6, 7, 8, 9, 10, 11, 12, 13, 14, 15]
(Worker_DP7_TP1_EP15 pid=353970) INFO 07-27 20:16:57 [cpu_binding.py:626] The CPU allocation plan is as follows:
(Worker_DP7_TP1_EP15 pid=353970) INFO 07-27 20:16:57 [cpu_binding.py:641] NPU1: main=[26 27 28 29 30 31 32 33 34 35 36 37 38 39 40 41 42 43 44 45]  acl=[46]  release=[[47]]
(Worker_DP5_TP0_EP10 pid=353646) INFO 07-27 20:16:57 [cpu_binding.py:542] [cpu_bind_mode] mode=global_slice rank=0 visible_npus=[0, 1, 2, 3, 4, 5, 6, 7, 8, 9, 10, 11, 12, 13, 14, 15]
(Worker_DP5_TP0_EP10 pid=353646) INFO 07-27 20:16:57 [cpu_binding.py:626] The CPU allocation plan is as follows:
(Worker_DP5_TP0_EP10 pid=353646) INFO 07-27 20:16:57 [cpu_binding.py:641] NPU0: main=[2 3 4 5 6 7 8 9 10 11 12 13 14 15 16 17 18 19 20 21]  acl=[22]  release=[[23]]
(Worker_DP1_TP1_EP3 pid=354084) INFO 07-27 20:16:57 [cpu_binding.py:652] The 'migratepages' command is not available, skipping memory binding.
(Worker_DP4_TP1_EP9 pid=354045) INFO 07-27 20:16:57 [cpu_binding.py:542] [cpu_bind_mode] mode=global_slice rank=1 visible_npus=[0, 1, 2, 3, 4, 5, 6, 7, 8, 9, 10, 11, 12, 13, 14, 15]
(Worker_DP4_TP1_EP9 pid=354045) INFO 07-27 20:16:57 [cpu_binding.py:626] The CPU allocation plan is as follows:
(Worker_DP4_TP1_EP9 pid=354045) INFO 07-27 20:16:57 [cpu_binding.py:641] NPU1: main=[26 27 28 29 30 31 32 33 34 35 36 37 38 39 40 41 42 43 44 45]  acl=[46]  release=[[47]]
(Worker_DP7_TP1_EP15 pid=353970) INFO 07-27 20:16:57 [cpu_binding.py:652] The 'migratepages' command is not available, skipping memory binding.
(Worker_DP5_TP0_EP10 pid=353646) INFO 07-27 20:16:57 [cpu_binding.py:652] The 'migratepages' command is not available, skipping memory binding.
(Worker_DP6_TP0_EP12 pid=353649) INFO 07-27 20:16:57 [cpu_binding.py:542] [cpu_bind_mode] mode=global_slice rank=0 visible_npus=[0, 1, 2, 3, 4, 5, 6, 7, 8, 9, 10, 11, 12, 13, 14, 15]
(Worker_DP6_TP0_EP12 pid=353649) INFO 07-27 20:16:57 [cpu_binding.py:626] The CPU allocation plan is as follows:
(Worker_DP6_TP0_EP12 pid=353649) INFO 07-27 20:16:57 [cpu_binding.py:641] NPU0: main=[2 3 4 5 6 7 8 9 10 11 12 13 14 15 16 17 18 19 20 21]  acl=[22]  release=[[23]]
(Worker_DP7_TP0_EP14 pid=353645) INFO 07-27 20:16:57 [cpu_binding.py:778] NPU0(PCI 0000:9d:00.0): sq_send_trigger_irq IRQ_ID=1136 -> CPU0, cq_update_irq IRQ_ID=1137 -> CPU1
(Worker_DP4_TP1_EP9 pid=354045) INFO 07-27 20:16:57 [cpu_binding.py:652] The 'migratepages' command is not available, skipping memory binding.
(Worker_DP6_TP0_EP12 pid=353649) INFO 07-27 20:16:57 [cpu_binding.py:652] The 'migratepages' command is not available, skipping memory binding.
(Worker_DP1_TP1_EP3 pid=354084) INFO 07-27 20:16:58 [cpu_binding.py:778] NPU1(PCI 0000:9f:00.0): sq_send_trigger_irq IRQ_ID=1396 -> CPU24, cq_update_irq IRQ_ID=1397 -> CPU25
(Worker_DP1_TP0_EP2 pid=353647) INFO 07-27 20:16:58 [cpu_binding.py:542] [cpu_bind_mode] mode=global_slice rank=0 visible_npus=[0, 1, 2, 3, 4, 5, 6, 7, 8, 9, 10, 11, 12, 13, 14, 15]
(Worker_DP1_TP0_EP2 pid=353647) INFO 07-27 20:16:58 [cpu_binding.py:626] The CPU allocation plan is as follows:
(Worker_DP1_TP0_EP2 pid=353647) INFO 07-27 20:16:58 [cpu_binding.py:641] NPU0: main=[2 3 4 5 6 7 8 9 10 11 12 13 14 15 16 17 18 19 20 21]  acl=[22]  release=[[23]]
(Worker_DP7_TP1_EP15 pid=353970) INFO 07-27 20:16:58 [cpu_binding.py:778] NPU1(PCI 0000:9f:00.0): sq_send_trigger_irq IRQ_ID=1396 -> CPU24, cq_update_irq IRQ_ID=1397 -> CPU25
(EngineCore_DP7 pid=353211) INFO 07-27 20:16:58 [core.py:337] init engine (profile, create kv cache, warmup model) took 29.47 s (compilation: 2.22 s)
(Worker_DP5_TP0_EP10 pid=353646) INFO 07-27 20:16:58 [cpu_binding.py:778] NPU0(PCI 0000:9d:00.0): sq_send_trigger_irq IRQ_ID=1136 -> CPU0, cq_update_irq IRQ_ID=1137 -> CPU1
(EngineCore_DP5 pid=353176) INFO 07-27 20:16:58 [core.py:337] init engine (profile, create kv cache, warmup model) took 37.39 s (compilation: 2.22 s)
(Worker_DP4_TP1_EP9 pid=354045) INFO 07-27 20:16:58 [cpu_binding.py:778] NPU1(PCI 0000:9f:00.0): sq_send_trigger_irq IRQ_ID=1396 -> CPU24, cq_update_irq IRQ_ID=1397 -> CPU25
(EngineCore_DP4 pid=353201) INFO 07-27 20:16:58 [core.py:337] init engine (profile, create kv cache, warmup model) took 33.25 s (compilation: 2.20 s)
(Worker_DP1_TP0_EP2 pid=353647) INFO 07-27 20:16:58 [cpu_binding.py:652] The 'migratepages' command is not available, skipping memory binding.
(Worker_DP2_TP0_EP4 pid=353644) INFO 07-27 20:16:58 [cpu_binding.py:542] [cpu_bind_mode] mode=global_slice rank=0 visible_npus=[0, 1, 2, 3, 4, 5, 6, 7, 8, 9, 10, 11, 12, 13, 14, 15]
(Worker_DP2_TP0_EP4 pid=353644) INFO 07-27 20:16:58 [cpu_binding.py:626] The CPU allocation plan is as follows:
(Worker_DP2_TP0_EP4 pid=353644) INFO 07-27 20:16:58 [cpu_binding.py:641] NPU0: main=[2 3 4 5 6 7 8 9 10 11 12 13 14 15 16 17 18 19 20 21]  acl=[22]  release=[[23]]
(Worker_DP6_TP0_EP12 pid=353649) INFO 07-27 20:16:58 [cpu_binding.py:778] NPU0(PCI 0000:9d:00.0): sq_send_trigger_irq IRQ_ID=1136 -> CPU0, cq_update_irq IRQ_ID=1137 -> CPU1
(EngineCore_DP6 pid=353203) INFO 07-27 20:16:58 [core.py:337] init engine (profile, create kv cache, warmup model) took 36.09 s (compilation: 2.29 s)
(Worker_DP2_TP0_EP4 pid=353644) INFO 07-27 20:16:58 [cpu_binding.py:652] The 'migratepages' command is not available, skipping memory binding.
(Worker_DP3_TP1_EP7 pid=354062) INFO 07-27 20:16:58 [cpu_binding.py:542] [cpu_bind_mode] mode=global_slice rank=1 visible_npus=[0, 1, 2, 3, 4, 5, 6, 7, 8, 9, 10, 11, 12, 13, 14, 15]
(Worker_DP3_TP1_EP7 pid=354062) INFO 07-27 20:16:58 [cpu_binding.py:626] The CPU allocation plan is as follows:
(Worker_DP3_TP1_EP7 pid=354062) INFO 07-27 20:16:58 [cpu_binding.py:641] NPU1: main=[26 27 28 29 30 31 32 33 34 35 36 37 38 39 40 41 42 43 44 45]  acl=[46]  release=[[47]]
(Worker_DP0_TP1_EP1 pid=354102) INFO 07-27 20:16:58 [cpu_binding.py:542] [cpu_bind_mode] mode=global_slice rank=1 visible_npus=[0, 1, 2, 3, 4, 5, 6, 7, 8, 9, 10, 11, 12, 13, 14, 15]
(Worker_DP0_TP1_EP1 pid=354102) INFO 07-27 20:16:58 [cpu_binding.py:626] The CPU allocation plan is as follows:
(Worker_DP0_TP1_EP1 pid=354102) INFO 07-27 20:16:58 [cpu_binding.py:641] NPU1: main=[26 27 28 29 30 31 32 33 34 35 36 37 38 39 40 41 42 43 44 45]  acl=[46]  release=[[47]]
(Worker_DP3_TP1_EP7 pid=354062) INFO 07-27 20:16:59 [cpu_binding.py:652] The 'migratepages' command is not available, skipping memory binding.
(Worker_DP0_TP1_EP1 pid=354102) INFO 07-27 20:16:59 [cpu_binding.py:652] The 'migratepages' command is not available, skipping memory binding.
(Worker_DP1_TP0_EP2 pid=353647) INFO 07-27 20:16:59 [cpu_binding.py:778] NPU0(PCI 0000:9d:00.0): sq_send_trigger_irq IRQ_ID=1136 -> CPU0, cq_update_irq IRQ_ID=1137 -> CPU1
(EngineCore_DP1 pid=353236) INFO 07-27 20:16:59 [core.py:337] init engine (profile, create kv cache, warmup model) took 30.66 s (compilation: 2.18 s)
(Worker_DP2_TP0_EP4 pid=353644) INFO 07-27 20:16:59 [cpu_binding.py:778] NPU0(PCI 0000:9d:00.0): sq_send_trigger_irq IRQ_ID=1136 -> CPU0, cq_update_irq IRQ_ID=1137 -> CPU1
(EngineCore_DP2 pid=353204) INFO 07-27 20:16:59 [core.py:337] init engine (profile, create kv cache, warmup model) took 40.79 s (compilation: 2.34 s)
(EngineCore_DP7 pid=353211) INFO 07-27 20:16:59 [vllm.py:1090] Asynchronous scheduling is enabled.
(EngineCore_DP7 pid=353211) WARNING 07-27 20:16:59 [vllm.py:1114] Disabling cascade attention (not yet compatible with async speculative decoding).
(EngineCore_DP7 pid=353211) INFO 07-27 20:16:59 [kernel.py:292] Final IR op priority after setting platform defaults: IrOpPriorityConfig(rms_norm=['native'], fused_add_rms_norm=['native'])
(EngineCore_DP7 pid=353211) WARNING 07-27 20:16:59 [vllm.py:1697] max_num_scheduled_tokens is set to 256 based on the speculative decoding settings. This may lead to suboptimal performance. Consider increasing max_num_batched_tokens to accommodate the additional draft token slots, or decrease num_speculative_tokens or max_num_seqs.
(EngineCore_DP7 pid=353211) WARNING 07-27 20:16:59 [platform.py:1043] GPU-specific parameter is not supported on Ascend. parameter=disable_cascade_attn, value=True, action: resetting to False.
(EngineCore_DP7 pid=353211) INFO 07-27 20:16:59 [ascend_config.py:490] finegrained_tp_config enabled: lmhead_tensor_parallel_size=2
(EngineCore_DP7 pid=353211) INFO 07-27 20:16:59 [ascend_config.py:824] Dynamic EPLB is False
(EngineCore_DP7 pid=353211) INFO 07-27 20:16:59 [ascend_config.py:825] The number of redundant experts is 0
(EngineCore_DP7 pid=353211) INFO 07-27 20:16:59 [ascend_config.py:289] AscendConfig.enable_mlapo falls back to environment variable VLLM_ASCEND_ENABLE_MLAPO with value True. Please use additional_config.enable_mlapo instead, because VLLM_ASCEND_ENABLE_MLAPO will be removed in the next release.
(EngineCore_DP7 pid=353211) INFO 07-27 20:16:59 [platform.py:770] Set PYTORCH_NPU_ALLOC_CONF=expandable_segments:True
(EngineCore_DP7 pid=353211) INFO 07-27 20:16:59 [compilation.py:312] Enabled custom fusions: norm_quant, act_quant
rank=7 prompts=1

Rendering prompts:   0%|          | 0/1 [00:00<?, ?it/s]
Rendering prompts: 100%|██████████| 1/1 [00:00<00:00, 27.25it/s]

Processed prompts:   0%|          | 0/1 [00:00<?, ?it/s, est. speed input: 0.00 toks/s, output: 0.00 toks/s](Worker_DP3_TP1_EP7 pid=354062) INFO 07-27 20:16:59 [cpu_binding.py:778] NPU1(PCI 0000:9f:00.0): sq_send_trigger_irq IRQ_ID=1396 -> CPU24, cq_update_irq IRQ_ID=1397 -> CPU25
(EngineCore_DP3 pid=353202) INFO 07-27 20:16:59 [core.py:337] init engine (profile, create kv cache, warmup model) took 34.31 s (compilation: 2.23 s)
(Worker_DP0_TP1_EP1 pid=354102) INFO 07-27 20:16:59 [cpu_binding.py:778] NPU1(PCI 0000:9f:00.0): sq_send_trigger_irq IRQ_ID=1396 -> CPU24, cq_update_irq IRQ_ID=1397 -> CPU25
(EngineCore_DP0 pid=353175) INFO 07-27 20:16:59 [core.py:337] init engine (profile, create kv cache, warmup model) took 32.03 s (compilation: 2.28 s)
(EngineCore_DP5 pid=353176) INFO 07-27 20:16:59 [vllm.py:1090] Asynchronous scheduling is enabled.
(EngineCore_DP5 pid=353176) WARNING 07-27 20:16:59 [vllm.py:1114] Disabling cascade attention (not yet compatible with async speculative decoding).
(EngineCore_DP5 pid=353176) INFO 07-27 20:16:59 [kernel.py:292] Final IR op priority after setting platform defaults: IrOpPriorityConfig(rms_norm=['native'], fused_add_rms_norm=['native'])
(EngineCore_DP5 pid=353176) WARNING 07-27 20:16:59 [vllm.py:1697] max_num_scheduled_tokens is set to 256 based on the speculative decoding settings. This may lead to suboptimal performance. Consider increasing max_num_batched_tokens to accommodate the additional draft token slots, or decrease num_speculative_tokens or max_num_seqs.
(EngineCore_DP5 pid=353176) WARNING 07-27 20:16:59 [platform.py:1043] GPU-specific parameter is not supported on Ascend. parameter=disable_cascade_attn, value=True, action: resetting to False.
(EngineCore_DP5 pid=353176) INFO 07-27 20:16:59 [ascend_config.py:490] finegrained_tp_config enabled: lmhead_tensor_parallel_size=2
(EngineCore_DP5 pid=353176) INFO 07-27 20:16:59 [ascend_config.py:824] Dynamic EPLB is False
(EngineCore_DP5 pid=353176) INFO 07-27 20:16:59 [ascend_config.py:825] The number of redundant experts is 0
(EngineCore_DP5 pid=353176) INFO 07-27 20:16:59 [ascend_config.py:289] AscendConfig.enable_mlapo falls back to environment variable VLLM_ASCEND_ENABLE_MLAPO with value True. Please use additional_config.enable_mlapo instead, because VLLM_ASCEND_ENABLE_MLAPO will be removed in the next release.
(EngineCore_DP5 pid=353176) INFO 07-27 20:17:00 [platform.py:770] Set PYTORCH_NPU_ALLOC_CONF=expandable_segments:True
(EngineCore_DP5 pid=353176) INFO 07-27 20:17:00 [compilation.py:312] Enabled custom fusions: norm_quant, act_quant
rank=5 prompts=1

Rendering prompts:   0%|          | 0/1 [00:00<?, ?it/s]
Rendering prompts: 100%|██████████| 1/1 [00:00<00:00, 25.47it/s]

Processed prompts:   0%|          | 0/1 [00:00<?, ?it/s, est. speed input: 0.00 toks/s, output: 0.00 toks/s](EngineCore_DP4 pid=353201) INFO 07-27 20:17:00 [vllm.py:1090] Asynchronous scheduling is enabled.
(EngineCore_DP4 pid=353201) WARNING 07-27 20:17:00 [vllm.py:1114] Disabling cascade attention (not yet compatible with async speculative decoding).
(EngineCore_DP4 pid=353201) INFO 07-27 20:17:00 [kernel.py:292] Final IR op priority after setting platform defaults: IrOpPriorityConfig(rms_norm=['native'], fused_add_rms_norm=['native'])
(EngineCore_DP4 pid=353201) WARNING 07-27 20:17:00 [vllm.py:1697] max_num_scheduled_tokens is set to 256 based on the speculative decoding settings. This may lead to suboptimal performance. Consider increasing max_num_batched_tokens to accommodate the additional draft token slots, or decrease num_speculative_tokens or max_num_seqs.
(EngineCore_DP4 pid=353201) WARNING 07-27 20:17:00 [platform.py:1043] GPU-specific parameter is not supported on Ascend. parameter=disable_cascade_attn, value=True, action: resetting to False.
(EngineCore_DP4 pid=353201) INFO 07-27 20:17:00 [ascend_config.py:490] finegrained_tp_config enabled: lmhead_tensor_parallel_size=2
(EngineCore_DP4 pid=353201) INFO 07-27 20:17:00 [ascend_config.py:824] Dynamic EPLB is False
(EngineCore_DP4 pid=353201) INFO 07-27 20:17:00 [ascend_config.py:825] The number of redundant experts is 0
(EngineCore_DP4 pid=353201) INFO 07-27 20:17:00 [ascend_config.py:289] AscendConfig.enable_mlapo falls back to environment variable VLLM_ASCEND_ENABLE_MLAPO with value True. Please use additional_config.enable_mlapo instead, because VLLM_ASCEND_ENABLE_MLAPO will be removed in the next release.
(EngineCore_DP4 pid=353201) INFO 07-27 20:17:00 [platform.py:770] Set PYTORCH_NPU_ALLOC_CONF=expandable_segments:True
(EngineCore_DP4 pid=353201) INFO 07-27 20:17:00 [compilation.py:312] Enabled custom fusions: norm_quant, act_quant
rank=4 prompts=1

Rendering prompts:   0%|          | 0/1 [00:00<?, ?it/s](EngineCore_DP6 pid=353203) INFO 07-27 20:17:00 [vllm.py:1090] Asynchronous scheduling is enabled.
(EngineCore_DP6 pid=353203) WARNING 07-27 20:17:00 [vllm.py:1114] Disabling cascade attention (not yet compatible with async speculative decoding).
(EngineCore_DP6 pid=353203) INFO 07-27 20:17:00 [kernel.py:292] Final IR op priority after setting platform defaults: IrOpPriorityConfig(rms_norm=['native'], fused_add_rms_norm=['native'])
(EngineCore_DP6 pid=353203) WARNING 07-27 20:17:00 [vllm.py:1697] max_num_scheduled_tokens is set to 256 based on the speculative decoding settings. This may lead to suboptimal performance. Consider increasing max_num_batched_tokens to accommodate the additional draft token slots, or decrease num_speculative_tokens or max_num_seqs.
(EngineCore_DP6 pid=353203) WARNING 07-27 20:17:00 [platform.py:1043] GPU-specific parameter is not supported on Ascend. parameter=disable_cascade_attn, value=True, action: resetting to False.
(EngineCore_DP6 pid=353203) INFO 07-27 20:17:00 [ascend_config.py:490] finegrained_tp_config enabled: lmhead_tensor_parallel_size=2
(EngineCore_DP6 pid=353203) INFO 07-27 20:17:00 [ascend_config.py:824] Dynamic EPLB is False
(EngineCore_DP6 pid=353203) INFO 07-27 20:17:00 [ascend_config.py:825] The number of redundant experts is 0
(EngineCore_DP6 pid=353203) INFO 07-27 20:17:00 [ascend_config.py:289] AscendConfig.enable_mlapo falls back to environment variable VLLM_ASCEND_ENABLE_MLAPO with value True. Please use additional_config.enable_mlapo instead, because VLLM_ASCEND_ENABLE_MLAPO will be removed in the next release.

Rendering prompts: 100%|██████████| 1/1 [00:00<00:00, 25.36it/s]

Processed prompts:   0%|          | 0/1 [00:00<?, ?it/s, est. speed input: 0.00 toks/s, output: 0.00 toks/s](EngineCore_DP6 pid=353203) INFO 07-27 20:17:00 [platform.py:770] Set PYTORCH_NPU_ALLOC_CONF=expandable_segments:True
(EngineCore_DP6 pid=353203) INFO 07-27 20:17:00 [compilation.py:312] Enabled custom fusions: norm_quant, act_quant
rank=6 prompts=1

Rendering prompts:   0%|          | 0/1 [00:00<?, ?it/s]
Rendering prompts: 100%|██████████| 1/1 [00:00<00:00, 25.45it/s]

Processed prompts:   0%|          | 0/1 [00:00<?, ?it/s, est. speed input: 0.00 toks/s, output: 0.00 toks/s](EngineCore_DP1 pid=353236) INFO 07-27 20:17:00 [vllm.py:1090] Asynchronous scheduling is enabled.
(EngineCore_DP1 pid=353236) WARNING 07-27 20:17:00 [vllm.py:1114] Disabling cascade attention (not yet compatible with async speculative decoding).
(EngineCore_DP1 pid=353236) INFO 07-27 20:17:00 [kernel.py:292] Final IR op priority after setting platform defaults: IrOpPriorityConfig(rms_norm=['native'], fused_add_rms_norm=['native'])
(EngineCore_DP1 pid=353236) WARNING 07-27 20:17:00 [vllm.py:1697] max_num_scheduled_tokens is set to 256 based on the speculative decoding settings. This may lead to suboptimal performance. Consider increasing max_num_batched_tokens to accommodate the additional draft token slots, or decrease num_speculative_tokens or max_num_seqs.
(EngineCore_DP1 pid=353236) WARNING 07-27 20:17:00 [platform.py:1043] GPU-specific parameter is not supported on Ascend. parameter=disable_cascade_attn, value=True, action: resetting to False.
(EngineCore_DP1 pid=353236) INFO 07-27 20:17:00 [ascend_config.py:490] finegrained_tp_config enabled: lmhead_tensor_parallel_size=2
(EngineCore_DP1 pid=353236) INFO 07-27 20:17:00 [ascend_config.py:824] Dynamic EPLB is False
(EngineCore_DP1 pid=353236) INFO 07-27 20:17:00 [ascend_config.py:825] The number of redundant experts is 0
(EngineCore_DP1 pid=353236) INFO 07-27 20:17:00 [ascend_config.py:289] AscendConfig.enable_mlapo falls back to environment variable VLLM_ASCEND_ENABLE_MLAPO with value True. Please use additional_config.enable_mlapo instead, because VLLM_ASCEND_ENABLE_MLAPO will be removed in the next release.
(EngineCore_DP1 pid=353236) INFO 07-27 20:17:00 [platform.py:770] Set PYTORCH_NPU_ALLOC_CONF=expandable_segments:True
(EngineCore_DP1 pid=353236) INFO 07-27 20:17:00 [compilation.py:312] Enabled custom fusions: norm_quant, act_quant
rank=1 prompts=1

Rendering prompts:   0%|          | 0/1 [00:00<?, ?it/s]
Rendering prompts: 100%|██████████| 1/1 [00:00<00:00, 24.27it/s]

Processed prompts:   0%|          | 0/1 [00:00<?, ?it/s, est. speed input: 0.00 toks/s, output: 0.00 toks/s](EngineCore_DP2 pid=353204) INFO 07-27 20:17:01 [vllm.py:1090] Asynchronous scheduling is enabled.
(EngineCore_DP2 pid=353204) WARNING 07-27 20:17:01 [vllm.py:1114] Disabling cascade attention (not yet compatible with async speculative decoding).
(EngineCore_DP2 pid=353204) INFO 07-27 20:17:01 [kernel.py:292] Final IR op priority after setting platform defaults: IrOpPriorityConfig(rms_norm=['native'], fused_add_rms_norm=['native'])
(EngineCore_DP2 pid=353204) WARNING 07-27 20:17:01 [vllm.py:1697] max_num_scheduled_tokens is set to 256 based on the speculative decoding settings. This may lead to suboptimal performance. Consider increasing max_num_batched_tokens to accommodate the additional draft token slots, or decrease num_speculative_tokens or max_num_seqs.
(EngineCore_DP2 pid=353204) WARNING 07-27 20:17:01 [platform.py:1043] GPU-specific parameter is not supported on Ascend. parameter=disable_cascade_attn, value=True, action: resetting to False.
(EngineCore_DP2 pid=353204) INFO 07-27 20:17:01 [ascend_config.py:490] finegrained_tp_config enabled: lmhead_tensor_parallel_size=2
(EngineCore_DP2 pid=353204) INFO 07-27 20:17:01 [ascend_config.py:824] Dynamic EPLB is False
(EngineCore_DP2 pid=353204) INFO 07-27 20:17:01 [ascend_config.py:825] The number of redundant experts is 0
(EngineCore_DP2 pid=353204) INFO 07-27 20:17:01 [ascend_config.py:289] AscendConfig.enable_mlapo falls back to environment variable VLLM_ASCEND_ENABLE_MLAPO with value True. Please use additional_config.enable_mlapo instead, because VLLM_ASCEND_ENABLE_MLAPO will be removed in the next release.
(EngineCore_DP2 pid=353204) INFO 07-27 20:17:01 [platform.py:770] Set PYTORCH_NPU_ALLOC_CONF=expandable_segments:True
(EngineCore_DP2 pid=353204) INFO 07-27 20:17:01 [compilation.py:312] Enabled custom fusions: norm_quant, act_quant
rank=2 prompts=1

Rendering prompts:   0%|          | 0/1 [00:00<?, ?it/s]
Rendering prompts: 100%|██████████| 1/1 [00:00<00:00, 29.87it/s]

Processed prompts:   0%|          | 0/1 [00:00<?, ?it/s, est. speed input: 0.00 toks/s, output: 0.00 toks/s](EngineCore_DP3 pid=353202) INFO 07-27 20:17:01 [vllm.py:1090] Asynchronous scheduling is enabled.
(EngineCore_DP3 pid=353202) WARNING 07-27 20:17:01 [vllm.py:1114] Disabling cascade attention (not yet compatible with async speculative decoding).
(EngineCore_DP3 pid=353202) INFO 07-27 20:17:01 [kernel.py:292] Final IR op priority after setting platform defaults: IrOpPriorityConfig(rms_norm=['native'], fused_add_rms_norm=['native'])
(EngineCore_DP3 pid=353202) WARNING 07-27 20:17:01 [vllm.py:1697] max_num_scheduled_tokens is set to 256 based on the speculative decoding settings. This may lead to suboptimal performance. Consider increasing max_num_batched_tokens to accommodate the additional draft token slots, or decrease num_speculative_tokens or max_num_seqs.
(EngineCore_DP3 pid=353202) WARNING 07-27 20:17:01 [platform.py:1043] GPU-specific parameter is not supported on Ascend. parameter=disable_cascade_attn, value=True, action: resetting to False.
(EngineCore_DP3 pid=353202) INFO 07-27 20:17:01 [ascend_config.py:490] finegrained_tp_config enabled: lmhead_tensor_parallel_size=2
(EngineCore_DP3 pid=353202) INFO 07-27 20:17:01 [ascend_config.py:824] Dynamic EPLB is False
(EngineCore_DP3 pid=353202) INFO 07-27 20:17:01 [ascend_config.py:825] The number of redundant experts is 0
(EngineCore_DP3 pid=353202) INFO 07-27 20:17:01 [ascend_config.py:289] AscendConfig.enable_mlapo falls back to environment variable VLLM_ASCEND_ENABLE_MLAPO with value True. Please use additional_config.enable_mlapo instead, because VLLM_ASCEND_ENABLE_MLAPO will be removed in the next release.
(EngineCore_DP3 pid=353202) INFO 07-27 20:17:01 [platform.py:770] Set PYTORCH_NPU_ALLOC_CONF=expandable_segments:True
(EngineCore_DP3 pid=353202) INFO 07-27 20:17:01 [compilation.py:312] Enabled custom fusions: norm_quant, act_quant
rank=3 prompts=1

Rendering prompts:   0%|          | 0/1 [00:00<?, ?it/s]
Rendering prompts: 100%|██████████| 1/1 [00:00<00:00, 25.94it/s]

Processed prompts:   0%|          | 0/1 [00:00<?, ?it/s, est. speed input: 0.00 toks/s, output: 0.00 toks/s](EngineCore_DP0 pid=353175) INFO 07-27 20:17:01 [vllm.py:1090] Asynchronous scheduling is enabled.
(EngineCore_DP0 pid=353175) WARNING 07-27 20:17:01 [vllm.py:1114] Disabling cascade attention (not yet compatible with async speculative decoding).
(EngineCore_DP0 pid=353175) INFO 07-27 20:17:01 [kernel.py:292] Final IR op priority after setting platform defaults: IrOpPriorityConfig(rms_norm=['native'], fused_add_rms_norm=['native'])
(EngineCore_DP0 pid=353175) WARNING 07-27 20:17:01 [vllm.py:1697] max_num_scheduled_tokens is set to 256 based on the speculative decoding settings. This may lead to suboptimal performance. Consider increasing max_num_batched_tokens to accommodate the additional draft token slots, or decrease num_speculative_tokens or max_num_seqs.
(EngineCore_DP0 pid=353175) WARNING 07-27 20:17:01 [platform.py:1043] GPU-specific parameter is not supported on Ascend. parameter=disable_cascade_attn, value=True, action: resetting to False.
(EngineCore_DP0 pid=353175) INFO 07-27 20:17:01 [ascend_config.py:490] finegrained_tp_config enabled: lmhead_tensor_parallel_size=2
(EngineCore_DP0 pid=353175) INFO 07-27 20:17:01 [ascend_config.py:824] Dynamic EPLB is False
(EngineCore_DP0 pid=353175) INFO 07-27 20:17:01 [ascend_config.py:825] The number of redundant experts is 0
(EngineCore_DP0 pid=353175) INFO 07-27 20:17:01 [ascend_config.py:289] AscendConfig.enable_mlapo falls back to environment variable VLLM_ASCEND_ENABLE_MLAPO with value True. Please use additional_config.enable_mlapo instead, because VLLM_ASCEND_ENABLE_MLAPO will be removed in the next release.
(EngineCore_DP0 pid=353175) INFO 07-27 20:17:01 [platform.py:770] Set PYTORCH_NPU_ALLOC_CONF=expandable_segments:True
(EngineCore_DP0 pid=353175) INFO 07-27 20:17:01 [compilation.py:312] Enabled custom fusions: norm_quant, act_quant
rank=0 prompts=1

Rendering prompts:   0%|          | 0/1 [00:00<?, ?it/s]
Rendering prompts: 100%|██████████| 1/1 [00:00<00:00, 27.46it/s]

Processed prompts:   0%|          | 0/1 [00:00<?, ?it/s, est. speed input: 0.00 toks/s, output: 0.00 toks/s](Worker_DP6_TP0_EP12 pid=353649) INFO 07-27 20:17:02 [acl_graph.py:268] Replaying aclgraph
(Worker_DP0_TP0_EP0 pid=353651) INFO 07-27 20:17:02 [acl_graph.py:268] Replaying aclgraph
(Worker_DP1_TP0_EP2 pid=353647) INFO 07-27 20:17:02 [acl_graph.py:268] Replaying aclgraph
(Worker_DP4_TP0_EP8 pid=353648) INFO 07-27 20:17:02 [acl_graph.py:268] Replaying aclgraph
(Worker_DP3_TP0_EP6 pid=353650) INFO 07-27 20:17:02 [acl_graph.py:268] Replaying aclgraph
(Worker_DP2_TP0_EP4 pid=353644) INFO 07-27 20:17:02 [acl_graph.py:268] Replaying aclgraph
(Worker_DP7_TP0_EP14 pid=353645) INFO 07-27 20:17:02 [acl_graph.py:268] Replaying aclgraph
(Worker_DP5_TP0_EP10 pid=353646) INFO 07-27 20:17:02 [acl_graph.py:268] Replaying aclgraph

Processed prompts: 100%|██████████| 1/1 [00:03<00:00,  3.76s/it, est. speed input: 0.53 toks/s, output: 4.26 toks/s]
Processed prompts: 100%|██████████| 1/1 [00:02<00:00,  2.25s/it, est. speed input: 0.89 toks/s, output: 7.12 toks/s]
Processed prompts: 100%|██████████| 1/1 [00:02<00:00,  2.59s/it, est. speed input: 0.77 toks/s, output: 6.18 toks/s]
Processed prompts: 100%|██████████| 1/1 [00:03<00:00,  3.61s/it, est. speed input: 0.55 toks/s, output: 4.44 toks/s]
Processed prompts: 100%|██████████| 1/1 [00:03<00:00,  3.49s/it, est. speed input: 0.57 toks/s, output: 4.59 toks/s]
Processed prompts: 100%|██████████| 1/1 [00:03<00:00,  3.76s/it, est. speed input: 0.53 toks/s, output: 4.26 toks/s]
Processed prompts: 100%|██████████| 1/1 [00:02<00:00,  2.25s/it, est. speed input: 0.89 toks/s, output: 7.12 toks/s]
Processed prompts: 100%|██████████| 1/1 [00:02<00:00,  2.43s/it, est. speed input: 0.82 toks/s, output: 6.59 toks/s]
Processed prompts: 100%|██████████| 1/1 [00:03<00:00,  3.61s/it, est. speed input: 0.55 toks/s, output: 4.44 toks/s]
Processed prompts: 100%|██████████| 1/1 [00:03<00:00,  3.49s/it, est. speed input: 0.57 toks/s, output: 4.59 toks/s]
Processed prompts: 100%|██████████| 1/1 [00:02<00:00,  2.59s/it, est. speed input: 0.77 toks/s, output: 6.18 toks/s]
Processed prompts: 100%|██████████| 1/1 [00:04<00:00,  4.15s/it, est. speed input: 0.48 toks/s, output: 3.86 toks/s]
Processed prompts: 100%|██████████| 1/1 [00:02<00:00,  2.43s/it, est. speed input: 0.82 toks/s, output: 6.59 toks/s]
Processed prompts: 100%|██████████| 1/1 [00:04<00:00,  4.15s/it, est. speed input: 0.48 toks/s, output: 3.86 toks/s]
Processed prompts: 100%|██████████| 1/1 [00:02<00:00,  2.81s/it, est. speed input: 0.71 toks/s, output: 5.69 toks/s]
Processed prompts: 100%|██████████| 1/1 [00:02<00:00,  2.81s/it, est. speed input: 0.71 toks/s, output: 5.69 toks/s]
Processed prompts: 100%|██████████| 1/1 [00:04<00:00,  4.23s/it, est. speed input: 0.89 toks/s, output: 7.12 toks/s]

Processed prompts: 100%|██████████| 1/1 [00:06<00:00,  6.13s/it, est. speed input: 0.48 toks/s, output: 3.86 toks/s]

Processed prompts: 100%|██████████| 1/1 [00:05<00:00,  5.74s/it, est. speed input: 0.53 toks/s, output: 4.26 toks/s]
Processed prompts: 100%|██████████| 1/1 [00:04<00:00,  4.57s/it, est. speed input: 0.77 toks/s, output: 6.18 toks/s]


Processed prompts: 100%|██████████| 1/1 [00:05<00:00,  5.47s/it, est. speed input: 0.57 toks/s, output: 4.59 toks/s]
Processed prompts: 100%|██████████| 1/1 [00:04<00:00,  4.80s/it, est. speed input: 0.71 toks/s, output: 5.69 toks/s]


Processed prompts: 100%|██████████| 1/1 [00:05<00:00,  5.59s/it, est. speed input: 0.55 toks/s, output: 4.44 toks/s]

Processed prompts: 100%|██████████| 1/1 [00:04<00:00,  4.41s/it, est. speed input: 0.82 toks/s, output: 6.59 toks/s]
--------------------
DP rank 3, Prompt 0: '美国总统是'
Generated text: '\n\nA. 华盛顿 B. 林肯 C. 罗斯福 D. '
--------------------
DP rank 1, Prompt 0: '美国总统是'
Generated text: '\n\nA. 华盛顿 B. 林肯 C. 罗斯福 D. '
--------------------
DP rank 2, Prompt 0: '美国总统是'
Generated text: '\n\nA. 华盛顿 B. 林肯 C. 罗斯福 D. '
--------------------
DP rank 7, Prompt 0: '美国总统是'
Generated text: '\n\nA. 华盛顿 B. 林肯 C. 罗斯福 D. '
--------------------
DP rank 5, Prompt 0: '美国总统是'
Generated text: '\n\nA. 华盛顿 B. 林肯 C. 罗斯福 D. '
--------------------
DP rank 4, Prompt 0: '美国总统是'
Generated text: '\n\nA. 华盛顿 B. 林肯 C. 罗斯福 D. '
--------------------
DP rank 0, Prompt 0: '美国总统是'
Generated text: '\n\nA. 华盛顿 B. 林肯 C. 罗斯福 D. '
--------------------
DP rank 6, Prompt 0: '美国总统是'
Generated text: '\n\nA. 华盛顿 B. 林肯 C. 罗斯福 D. '
output_tokens=16
drafts=6
draft_tokens=12
accepted_tokens=11
acceptance_length=2.83
acceptance_token_0=1.00
acceptance_token_1=0.83
(EngineCore_DP3 pid=353202) INFO 07-27 20:17:09 [core.py:1214] [shutdown] EngineCore: trigger received signal=SIGTERM
(EngineCore_DP3 pid=353202) INFO 07-27 20:17:09 [core.py:1333] [shutdown] EngineCore: start mode=abort timeout=0s
(EngineCore_DP3 pid=353202) INFO 07-27 20:17:09 [core.py:1364] [shutdown] EngineCore: request processing complete; starting resource teardown
output_tokens=16
drafts=6
draft_tokens=12
accepted_tokens=10
acceptance_length=2.67
acceptance_token_0=1.00
acceptance_token_1=0.67
(EngineCore_DP3 pid=353202) INFO 07-27 20:17:09 [core.py:1227] [shutdown] EngineCore: exiting busy loop
(EngineCore_DP3 pid=353202) INFO 07-27 20:17:09 [multiproc_executor.py:429] [shutdown] Executor: waiting for worker exit count=2
(EngineCore_DP1 pid=353236) INFO 07-27 20:17:09 [core.py:1214] [shutdown] EngineCore: trigger received signal=SIGTERM
(Worker_DP3_TP0_EP6 pid=353650) INFO 07-27 20:17:09 [multiproc_executor.py:793] Parent process exited, terminating worker queues
(EngineCore_DP1 pid=353236) INFO 07-27 20:17:09 [core.py:1333] [shutdown] EngineCore: start mode=abort timeout=0s
(EngineCore_DP1 pid=353236) INFO 07-27 20:17:09 [core.py:1364] [shutdown] EngineCore: request processing complete; starting resource teardown
(EngineCore_DP1 pid=353236) INFO 07-27 20:17:09 [core.py:1227] [shutdown] EngineCore: exiting busy loop
(EngineCore_DP1 pid=353236) INFO 07-27 20:17:09 [multiproc_executor.py:429] [shutdown] Executor: waiting for worker exit count=2
(Worker_DP1_TP0_EP2 pid=353647) INFO 07-27 20:17:09 [multiproc_executor.py:793] Parent process exited, terminating worker queues
output_tokens=16
drafts=6
draft_tokens=12
accepted_tokens=11
acceptance_length=2.83
acceptance_token_0=1.00
acceptance_token_1=0.83
(EngineCore_DP2 pid=353204) INFO 07-27 20:17:09 [core.py:1214] [shutdown] EngineCore: trigger received signal=SIGTERM
output_tokens=16
drafts=6
draft_tokens=12
accepted_tokens=11
acceptance_length=2.83
acceptance_token_0=1.00
acceptance_token_1=0.83
(EngineCore_DP2 pid=353204) INFO 07-27 20:17:09 [core.py:1333] [shutdown] EngineCore: start mode=abort timeout=0s
(EngineCore_DP2 pid=353204) INFO 07-27 20:17:09 [core.py:1364] [shutdown] EngineCore: request processing complete; starting resource teardown
(EngineCore_DP7 pid=353211) INFO 07-27 20:17:09 [core.py:1214] [shutdown] EngineCore: trigger received signal=SIGTERM
(EngineCore_DP2 pid=353204) INFO 07-27 20:17:09 [core.py:1227] [shutdown] EngineCore: exiting busy loop
(EngineCore_DP2 pid=353204) INFO 07-27 20:17:09 [multiproc_executor.py:429] [shutdown] Executor: waiting for worker exit count=2
(Worker_DP2_TP0_EP4 pid=353644) INFO 07-27 20:17:09 [multiproc_executor.py:793] Parent process exited, terminating worker queues
(EngineCore_DP7 pid=353211) INFO 07-27 20:17:09 [core.py:1333] [shutdown] EngineCore: start mode=abort timeout=0s
(EngineCore_DP7 pid=353211) INFO 07-27 20:17:09 [core.py:1364] [shutdown] EngineCore: request processing complete; starting resource teardown
(EngineCore_DP7 pid=353211) INFO 07-27 20:17:09 [core.py:1227] [shutdown] EngineCore: exiting busy loop
(EngineCore_DP7 pid=353211) INFO 07-27 20:17:09 [multiproc_executor.py:429] [shutdown] Executor: waiting for worker exit count=2
(Worker_DP7_TP0_EP14 pid=353645) INFO 07-27 20:17:09 [multiproc_executor.py:793] Parent process exited, terminating worker queues
output_tokens=16
drafts=6
draft_tokens=12
accepted_tokens=10
acceptance_length=2.67
acceptance_token_0=1.00
acceptance_token_1=0.67
(EngineCore_DP5 pid=353176) INFO 07-27 20:17:09 [core.py:1214] [shutdown] EngineCore: trigger received signal=SIGTERM
(EngineCore_DP5 pid=353176) INFO 07-27 20:17:09 [core.py:1333] [shutdown] EngineCore: start mode=abort timeout=0s
(EngineCore_DP5 pid=353176) INFO 07-27 20:17:09 [core.py:1364] [shutdown] EngineCore: request processing complete; starting resource teardown
(EngineCore_DP5 pid=353176) INFO 07-27 20:17:09 [core.py:1227] [shutdown] EngineCore: exiting busy loop
(EngineCore_DP5 pid=353176) INFO 07-27 20:17:09 [multiproc_executor.py:429] [shutdown] Executor: waiting for worker exit count=2
(Worker_DP5_TP0_EP10 pid=353646) INFO 07-27 20:17:09 [multiproc_executor.py:793] Parent process exited, terminating worker queues
output_tokens=16
drafts=6
draft_tokens=12
accepted_tokens=11
acceptance_length=2.83
acceptance_token_0=1.00
acceptance_token_1=0.83
(EngineCore_DP4 pid=353201) INFO 07-27 20:17:09 [core.py:1214] [shutdown] EngineCore: trigger received signal=SIGTERM
(EngineCore_DP4 pid=353201) INFO 07-27 20:17:09 [core.py:1333] [shutdown] EngineCore: start mode=abort timeout=0s
(EngineCore_DP4 pid=353201) INFO 07-27 20:17:09 [core.py:1364] [shutdown] EngineCore: request processing complete; starting resource teardown
(EngineCore_DP4 pid=353201) INFO 07-27 20:17:09 [core.py:1227] [shutdown] EngineCore: exiting busy loop
(EngineCore_DP4 pid=353201) INFO 07-27 20:17:09 [multiproc_executor.py:429] [shutdown] Executor: waiting for worker exit count=2
(Worker_DP4_TP0_EP8 pid=353648) INFO 07-27 20:17:09 [multiproc_executor.py:793] Parent process exited, terminating worker queues
output_tokens=16
drafts=6
draft_tokens=12
accepted_tokens=11
acceptance_length=2.83
acceptance_token_0=1.00
acceptance_token_1=0.83
output_tokens=16
drafts=6
draft_tokens=12
accepted_tokens=10
acceptance_length=2.67
acceptance_token_0=1.00
acceptance_token_1=0.67
(EngineCore_DP0 pid=353175) INFO 07-27 20:17:09 [core.py:1214] [shutdown] EngineCore: trigger received signal=SIGTERM
(EngineCore_DP6 pid=353203) INFO 07-27 20:17:09 [core.py:1214] [shutdown] EngineCore: trigger received signal=SIGTERM
(EngineCore_DP0 pid=353175) INFO 07-27 20:17:09 [core.py:1333] [shutdown] EngineCore: start mode=abort timeout=0s
(EngineCore_DP6 pid=353203) INFO 07-27 20:17:09 [core.py:1333] [shutdown] EngineCore: start mode=abort timeout=0s
(EngineCore_DP0 pid=353175) INFO 07-27 20:17:09 [core.py:1364] [shutdown] EngineCore: request processing complete; starting resource teardown
(EngineCore_DP6 pid=353203) INFO 07-27 20:17:09 [core.py:1364] [shutdown] EngineCore: request processing complete; starting resource teardown
(EngineCore_DP0 pid=353175) INFO 07-27 20:17:09 [core.py:1227] [shutdown] EngineCore: exiting busy loop
(EngineCore_DP6 pid=353203) INFO 07-27 20:17:09 [core.py:1227] [shutdown] EngineCore: exiting busy loop
(EngineCore_DP0 pid=353175) INFO 07-27 20:17:09 [multiproc_executor.py:429] [shutdown] Executor: waiting for worker exit count=2
(EngineCore_DP6 pid=353203) INFO 07-27 20:17:09 [multiproc_executor.py:429] [shutdown] Executor: waiting for worker exit count=2
(Worker_DP0_TP0_EP0 pid=353651) INFO 07-27 20:17:09 [multiproc_executor.py:793] Parent process exited, terminating worker queues
(Worker_DP6_TP0_EP12 pid=353649) INFO 07-27 20:17:09 [multiproc_executor.py:793] Parent process exited, terminating worker queues
WARNING 07-27 20:17:14 [utils.py:626] [shutdown] Process manager: force killing remaining processes count=1
WARNING 07-27 20:17:14 [utils.py:626] [shutdown] Process manager: force killing remaining processes count=1
(EngineCore_DP3 pid=353202) WARNING 07-27 20:17:14 [multiproc_executor.py:441] [shutdown] Executor: workers still running after grace period; sending SIGTERM count=2
(EngineCore_DP1 pid=353236) WARNING 07-27 20:17:14 [multiproc_executor.py:441] [shutdown] Executor: workers still running after grace period; sending SIGTERM count=2
WARNING 07-27 20:17:14 [utils.py:626] [shutdown] Process manager: force killing remaining processes count=1
WARNING 07-27 20:17:14 [utils.py:626] [shutdown] Process manager: force killing remaining processes count=1
(EngineCore_DP2 pid=353204) WARNING 07-27 20:17:14 [multiproc_executor.py:441] [shutdown] Executor: workers still running after grace period; sending SIGTERM count=2
(EngineCore_DP7 pid=353211) WARNING 07-27 20:17:14 [multiproc_executor.py:441] [shutdown] Executor: workers still running after grace period; sending SIGTERM count=2
WARNING 07-27 20:17:14 [utils.py:626] [shutdown] Process manager: force killing remaining processes count=1
(EngineCore_DP5 pid=353176) WARNING 07-27 20:17:14 [multiproc_executor.py:441] [shutdown] Executor: workers still running after grace period; sending SIGTERM count=2
WARNING 07-27 20:17:14 [utils.py:626] [shutdown] Process manager: force killing remaining processes count=1
WARNING 07-27 20:17:14 [utils.py:626] [shutdown] Process manager: force killing remaining processes count=1
(EngineCore_DP4 pid=353201) WARNING 07-27 20:17:14 [multiproc_executor.py:441] [shutdown] Executor: workers still running after grace period; sending SIGTERM count=2
WARNING 07-27 20:17:14 [utils.py:626] [shutdown] Process manager: force killing remaining processes count=1
(EngineCore_DP6 pid=353203) WARNING 07-27 20:17:14 [multiproc_executor.py:441] [shutdown] Executor: workers still running after grace period; sending SIGTERM count=2
(EngineCore_DP0 pid=353175) WARNING 07-27 20:17:14 [multiproc_executor.py:441] [shutdown] Executor: workers still running after grace period; sending SIGTERM count=2
/usr/local/lib/python3.11/multiprocessing/resource_tracker.py:254: UserWarning: resource_tracker: There appear to be 1 leaked shared_memory objects to clean up at shutdown
  warnings.warn('resource_tracker: There appear to be %d '
/usr/local/lib/python3.11/multiprocessing/resource_tracker.py:254: UserWarning: resource_tracker: There appear to be 1 leaked shared_memory objects to clean up at shutdown
  warnings.warn('resource_tracker: There appear to be %d '
/usr/local/lib/python3.11/multiprocessing/resource_tracker.py:254: UserWarning: resource_tracker: There appear to be 1 leaked shared_memory objects to clean up at shutdown
  warnings.warn('resource_tracker: There appear to be %d '
/usr/local/lib/python3.11/multiprocessing/resource_tracker.py:254: UserWarning: resource_tracker: There appear to be 1 leaked shared_memory objects to clean up at shutdown
  warnings.warn('resource_tracker: There appear to be %d '
/usr/local/lib/python3.11/multiprocessing/resource_tracker.py:254: UserWarning: resource_tracker: There appear to be 1 leaked shared_memory objects to clean up at shutdown
  warnings.warn('resource_tracker: There appear to be %d '
/usr/local/lib/python3.11/multiprocessing/resource_tracker.py:254: UserWarning: resource_tracker: There appear to be 1 leaked shared_memory objects to clean up at shutdown
  warnings.warn('resource_tracker: There appear to be %d '
/usr/local/lib/python3.11/multiprocessing/resource_tracker.py:254: UserWarning: resource_tracker: There appear to be 1 leaked shared_memory objects to clean up at shutdown
  warnings.warn('resource_tracker: There appear to be %d '
/usr/local/lib/python3.11/multiprocessing/resource_tracker.py:254: UserWarning: resource_tracker: There appear to be 1 leaked shared_memory objects to clean up at shutdown
  warnings.warn('resource_tracker: There appear to be %d '
