INFO 07-28 09:48:06 [__init__.py:52] Available plugins for group vllm.platform_plugins:
INFO 07-28 09:48:06 [__init__.py:54] - ascend -> vllm_ascend:register
INFO 07-28 09:48:06 [__init__.py:57] All plugins in this group will be loaded. Set `VLLM_PLUGINS` to control which plugins to load.
INFO 07-28 09:48:06 [__init__.py:237] Platform plugin ascend is activated
INFO 07-28 09:48:06 [platform.py:61] Breakable cudagraph is force disabled on Ascend because DeepSeek V4 PIECEWISE cudagraph is not supported yet.
killed pid=394687 pattern=python
killed pid=394733 pattern=python
removed /root/ascend/log
removed /root/atb/log
model=/mnt/weights/DeepSeek-V3.1-Terminus-w8a8-QuaRot-lfs dp=8 tp=2 node_size=1 node_rank=0
os.environ['VLLM_USE_BREAKABLE_CUDAGRAPH']='0'
os.environ['VLLM_USE_BREAKABLE_CUDAGRAPH']='0'
os.environ['VLLM_USE_BREAKABLE_CUDAGRAPH']='0'
os.environ['VLLM_USE_BREAKABLE_CUDAGRAPH']='0'
2026-07-28 09:48:11,127 - 394788 - ServiceProfiler - INFO - VLLM_USE_V1 not set, auto-detected via vLLM 0.1.dev18654+g54503ecec.empty: default 0
os.environ['VLLM_USE_BREAKABLE_CUDAGRAPH']='0'
2026-07-28 09:48:11,136 - 394790 - ServiceProfiler - INFO - VLLM_USE_V1 not set, auto-detected via vLLM 0.1.dev18654+g54503ecec.empty: default 0
os.environ['VLLM_USE_BREAKABLE_CUDAGRAPH']='0'
2026-07-28 09:48:11,146 - 394792 - ServiceProfiler - INFO - VLLM_USE_V1 not set, auto-detected via vLLM 0.1.dev18654+g54503ecec.empty: default 0
os.environ['VLLM_USE_BREAKABLE_CUDAGRAPH']='0'
2026-07-28 09:48:11,156 - 394794 - ServiceProfiler - INFO - VLLM_USE_V1 not set, auto-detected via vLLM 0.1.dev18654+g54503ecec.empty: default 0
os.environ['VLLM_USE_BREAKABLE_CUDAGRAPH']='0'
2026-07-28 09:48:11,167 - 394796 - ServiceProfiler - INFO - VLLM_USE_V1 not set, auto-detected via vLLM 0.1.dev18654+g54503ecec.empty: default 0
2026-07-28 09:48:11,179 - 394798 - ServiceProfiler - INFO - VLLM_USE_V1 not set, auto-detected via vLLM 0.1.dev18654+g54503ecec.empty: default 0
2026-07-28 09:48:11,190 - 394800 - ServiceProfiler - INFO - VLLM_USE_V1 not set, auto-detected via vLLM 0.1.dev18654+g54503ecec.empty: default 0
2026-07-28 09:48:11,202 - 394802 - ServiceProfiler - INFO - VLLM_USE_V1 not set, auto-detected via vLLM 0.1.dev18654+g54503ecec.empty: default 0
INFO 07-28 09:48:11 [__init__.py:112] Registered model loader `<class 'vllm_ascend.model_loader.netloader.netloader.ModelNetLoaderElastic'>` with load format `netloader`
INFO 07-28 09:48:11 [__init__.py:112] Registered model loader `<class 'vllm_ascend.model_loader.netloader.netloader.ModelNetLoaderElastic'>` with load format `netloader`
INFO 07-28 09:48:11 [__init__.py:112] Registered model loader `<class 'vllm_ascend.model_loader.netloader.netloader.ModelNetLoaderElastic'>` with load format `netloader`
INFO 07-28 09:48:11 [__init__.py:112] Registered model loader `<class 'vllm_ascend.model_loader.rfork.rfork_loader.RForkModelLoader'>` with load format `rfork`
INFO 07-28 09:48:11 [__init__.py:112] Registered model loader `<class 'vllm_ascend.model_loader.rfork.rfork_loader.RForkModelLoader'>` with load format `rfork`
INFO 07-28 09:48:11 [__init__.py:112] Registered model loader `<class 'vllm_ascend.model_loader.netloader.netloader.ModelNetLoaderElastic'>` with load format `netloader`
INFO 07-28 09:48:11 [__init__.py:112] Registered model loader `<class 'vllm_ascend.model_loader.rfork.rfork_loader.RForkModelLoader'>` with load format `rfork`
INFO 07-28 09:48:11 [__init__.py:112] Registered model loader `<class 'vllm_ascend.model_loader.netloader.netloader.ModelNetLoaderElastic'>` with load format `netloader`
INFO 07-28 09:48:11 [api_utils.py:273] non-default args: {'trust_remote_code': True, 'seed': 1024, 'max_model_len': 4096, 'tensor_parallel_size': 2, 'enable_expert_parallel': True, 'enable_prefix_caching': False, 'gpu_memory_utilization': 0.9, 'max_num_batched_tokens': 256, 'max_num_seqs': 16, 'quantization': 'ascend', 'speculative_config': {'method': 'mtp', 'num_speculative_tokens': 2}, 'compilation_config': {'mode': None, 'debug_dump_path': PosixPath('fx-graph'), 'cache_dir': '', 'compile_cache_save_format': 'binary', 'backend': 'vllm_ascend.compilation.compiler_interface.AscendCompiler', 'custom_ops': [], 'ir_enable_torch_wrap': None, 'splitting_ops': None, 'compile_mm_encoder': False, 'cudagraph_mm_encoder': False, 'encoder_cudagraph_token_budgets': [], 'encoder_cudagraph_max_vision_items_per_batch': 0, 'encoder_cudagraph_max_frames_per_batch': None, 'compile_sizes': None, 'compile_ranges_endpoints': None, 'inductor_compile_config': {'enable_auto_functionalized_v2': False, 'size_asserts': False, 'alignment_asserts': False, 'scalar_asserts': False, 'combo_kernels': True, 'benchmark_combo_kernel': True}, 'inductor_passes': {}, 'cudagraph_mode': <CUDAGraphMode.FULL_DECODE_ONLY: (2, 0)>, 'cudagraph_num_of_warmups': 0, 'cudagraph_capture_sizes': [3, 48], 'cudagraph_copy_inputs': False, 'cudagraph_specialize_lora': True, 'use_inductor_graph_partition': None, 'pass_config': {}, 'max_cudagraph_capture_size': None, 'dynamic_shapes_config': {'type': <DynamicShapesType.BACKED: 'backed'>, 'evaluate_guards': False, 'assume_32_bit_indexing': False}, 'local_cache_dir': None, 'fast_moe_cold_start': None, 'static_all_moe_layers': []}, 'additional_config': {'finegrained_tp_config': {'lmhead_tensor_parallel_size': 2}, 'multistream_overlap_shared_expert': True}, 'model': '/mnt/weights/DeepSeek-V3.1-Terminus-w8a8-QuaRot-lfs'}
INFO 07-28 09:48:11 [api_utils.py:273] non-default args: {'trust_remote_code': True, 'seed': 1024, 'max_model_len': 4096, 'tensor_parallel_size': 2, 'enable_expert_parallel': True, 'enable_prefix_caching': False, 'gpu_memory_utilization': 0.9, 'max_num_batched_tokens': 256, 'max_num_seqs': 16, 'quantization': 'ascend', 'speculative_config': {'method': 'mtp', 'num_speculative_tokens': 2}, 'compilation_config': {'mode': None, 'debug_dump_path': PosixPath('fx-graph'), 'cache_dir': '', 'compile_cache_save_format': 'binary', 'backend': 'vllm_ascend.compilation.compiler_interface.AscendCompiler', 'custom_ops': [], 'ir_enable_torch_wrap': None, 'splitting_ops': None, 'compile_mm_encoder': False, 'cudagraph_mm_encoder': False, 'encoder_cudagraph_token_budgets': [], 'encoder_cudagraph_max_vision_items_per_batch': 0, 'encoder_cudagraph_max_frames_per_batch': None, 'compile_sizes': None, 'compile_ranges_endpoints': None, 'inductor_compile_config': {'enable_auto_functionalized_v2': False, 'size_asserts': False, 'alignment_asserts': False, 'scalar_asserts': False, 'combo_kernels': True, 'benchmark_combo_kernel': True}, 'inductor_passes': {}, 'cudagraph_mode': <CUDAGraphMode.FULL_DECODE_ONLY: (2, 0)>, 'cudagraph_num_of_warmups': 0, 'cudagraph_capture_sizes': [3, 48], 'cudagraph_copy_inputs': False, 'cudagraph_specialize_lora': True, 'use_inductor_graph_partition': None, 'pass_config': {}, 'max_cudagraph_capture_size': None, 'dynamic_shapes_config': {'type': <DynamicShapesType.BACKED: 'backed'>, 'evaluate_guards': False, 'assume_32_bit_indexing': False}, 'local_cache_dir': None, 'fast_moe_cold_start': None, 'static_all_moe_layers': []}, 'additional_config': {'finegrained_tp_config': {'lmhead_tensor_parallel_size': 2}, 'multistream_overlap_shared_expert': True}, 'model': '/mnt/weights/DeepSeek-V3.1-Terminus-w8a8-QuaRot-lfs'}
INFO 07-28 09:48:11 [__init__.py:112] Registered model loader `<class 'vllm_ascend.model_loader.rfork.rfork_loader.RForkModelLoader'>` with load format `rfork`
INFO 07-28 09:48:11 [api_utils.py:273] non-default args: {'trust_remote_code': True, 'seed': 1024, 'max_model_len': 4096, 'tensor_parallel_size': 2, 'enable_expert_parallel': True, 'enable_prefix_caching': False, 'gpu_memory_utilization': 0.9, 'max_num_batched_tokens': 256, 'max_num_seqs': 16, 'quantization': 'ascend', 'speculative_config': {'method': 'mtp', 'num_speculative_tokens': 2}, 'compilation_config': {'mode': None, 'debug_dump_path': PosixPath('fx-graph'), 'cache_dir': '', 'compile_cache_save_format': 'binary', 'backend': 'vllm_ascend.compilation.compiler_interface.AscendCompiler', 'custom_ops': [], 'ir_enable_torch_wrap': None, 'splitting_ops': None, 'compile_mm_encoder': False, 'cudagraph_mm_encoder': False, 'encoder_cudagraph_token_budgets': [], 'encoder_cudagraph_max_vision_items_per_batch': 0, 'encoder_cudagraph_max_frames_per_batch': None, 'compile_sizes': None, 'compile_ranges_endpoints': None, 'inductor_compile_config': {'enable_auto_functionalized_v2': False, 'size_asserts': False, 'alignment_asserts': False, 'scalar_asserts': False, 'combo_kernels': True, 'benchmark_combo_kernel': True}, 'inductor_passes': {}, 'cudagraph_mode': <CUDAGraphMode.FULL_DECODE_ONLY: (2, 0)>, 'cudagraph_num_of_warmups': 0, 'cudagraph_capture_sizes': [3, 48], 'cudagraph_copy_inputs': False, 'cudagraph_specialize_lora': True, 'use_inductor_graph_partition': None, 'pass_config': {}, 'max_cudagraph_capture_size': None, 'dynamic_shapes_config': {'type': <DynamicShapesType.BACKED: 'backed'>, 'evaluate_guards': False, 'assume_32_bit_indexing': False}, 'local_cache_dir': None, 'fast_moe_cold_start': None, 'static_all_moe_layers': []}, 'additional_config': {'finegrained_tp_config': {'lmhead_tensor_parallel_size': 2}, 'multistream_overlap_shared_expert': True}, 'model': '/mnt/weights/DeepSeek-V3.1-Terminus-w8a8-QuaRot-lfs'}
INFO 07-28 09:48:11 [__init__.py:112] Registered model loader `<class 'vllm_ascend.model_loader.rfork.rfork_loader.RForkModelLoader'>` with load format `rfork`
INFO 07-28 09:48:11 [api_utils.py:273] non-default args: {'trust_remote_code': True, 'seed': 1024, 'max_model_len': 4096, 'tensor_parallel_size': 2, 'enable_expert_parallel': True, 'enable_prefix_caching': False, 'gpu_memory_utilization': 0.9, 'max_num_batched_tokens': 256, 'max_num_seqs': 16, 'quantization': 'ascend', 'speculative_config': {'method': 'mtp', 'num_speculative_tokens': 2}, 'compilation_config': {'mode': None, 'debug_dump_path': PosixPath('fx-graph'), 'cache_dir': '', 'compile_cache_save_format': 'binary', 'backend': 'vllm_ascend.compilation.compiler_interface.AscendCompiler', 'custom_ops': [], 'ir_enable_torch_wrap': None, 'splitting_ops': None, 'compile_mm_encoder': False, 'cudagraph_mm_encoder': False, 'encoder_cudagraph_token_budgets': [], 'encoder_cudagraph_max_vision_items_per_batch': 0, 'encoder_cudagraph_max_frames_per_batch': None, 'compile_sizes': None, 'compile_ranges_endpoints': None, 'inductor_compile_config': {'enable_auto_functionalized_v2': False, 'size_asserts': False, 'alignment_asserts': False, 'scalar_asserts': False, 'combo_kernels': True, 'benchmark_combo_kernel': True}, 'inductor_passes': {}, 'cudagraph_mode': <CUDAGraphMode.FULL_DECODE_ONLY: (2, 0)>, 'cudagraph_num_of_warmups': 0, 'cudagraph_capture_sizes': [3, 48], 'cudagraph_copy_inputs': False, 'cudagraph_specialize_lora': True, 'use_inductor_graph_partition': None, 'pass_config': {}, 'max_cudagraph_capture_size': None, 'dynamic_shapes_config': {'type': <DynamicShapesType.BACKED: 'backed'>, 'evaluate_guards': False, 'assume_32_bit_indexing': False}, 'local_cache_dir': None, 'fast_moe_cold_start': None, 'static_all_moe_layers': []}, 'additional_config': {'finegrained_tp_config': {'lmhead_tensor_parallel_size': 2}, 'multistream_overlap_shared_expert': True}, 'model': '/mnt/weights/DeepSeek-V3.1-Terminus-w8a8-QuaRot-lfs'}
INFO 07-28 09:48:11 [__init__.py:112] Registered model loader `<class 'vllm_ascend.model_loader.netloader.netloader.ModelNetLoaderElastic'>` with load format `netloader`
INFO 07-28 09:48:11 [api_utils.py:273] non-default args: {'trust_remote_code': True, 'seed': 1024, 'max_model_len': 4096, 'tensor_parallel_size': 2, 'enable_expert_parallel': True, 'enable_prefix_caching': False, 'gpu_memory_utilization': 0.9, 'max_num_batched_tokens': 256, 'max_num_seqs': 16, 'quantization': 'ascend', 'speculative_config': {'method': 'mtp', 'num_speculative_tokens': 2}, 'compilation_config': {'mode': None, 'debug_dump_path': PosixPath('fx-graph'), 'cache_dir': '', 'compile_cache_save_format': 'binary', 'backend': 'vllm_ascend.compilation.compiler_interface.AscendCompiler', 'custom_ops': [], 'ir_enable_torch_wrap': None, 'splitting_ops': None, 'compile_mm_encoder': False, 'cudagraph_mm_encoder': False, 'encoder_cudagraph_token_budgets': [], 'encoder_cudagraph_max_vision_items_per_batch': 0, 'encoder_cudagraph_max_frames_per_batch': None, 'compile_sizes': None, 'compile_ranges_endpoints': None, 'inductor_compile_config': {'enable_auto_functionalized_v2': False, 'size_asserts': False, 'alignment_asserts': False, 'scalar_asserts': False, 'combo_kernels': True, 'benchmark_combo_kernel': True}, 'inductor_passes': {}, 'cudagraph_mode': <CUDAGraphMode.FULL_DECODE_ONLY: (2, 0)>, 'cudagraph_num_of_warmups': 0, 'cudagraph_capture_sizes': [3, 48], 'cudagraph_copy_inputs': False, 'cudagraph_specialize_lora': True, 'use_inductor_graph_partition': None, 'pass_config': {}, 'max_cudagraph_capture_size': None, 'dynamic_shapes_config': {'type': <DynamicShapesType.BACKED: 'backed'>, 'evaluate_guards': False, 'assume_32_bit_indexing': False}, 'local_cache_dir': None, 'fast_moe_cold_start': None, 'static_all_moe_layers': []}, 'additional_config': {'finegrained_tp_config': {'lmhead_tensor_parallel_size': 2}, 'multistream_overlap_shared_expert': True}, 'model': '/mnt/weights/DeepSeek-V3.1-Terminus-w8a8-QuaRot-lfs'}
INFO 07-28 09:48:11 [__init__.py:112] Registered model loader `<class 'vllm_ascend.model_loader.netloader.netloader.ModelNetLoaderElastic'>` with load format `netloader`
INFO 07-28 09:48:11 [__init__.py:112] Registered model loader `<class 'vllm_ascend.model_loader.rfork.rfork_loader.RForkModelLoader'>` with load format `rfork`
INFO 07-28 09:48:11 [__init__.py:112] Registered model loader `<class 'vllm_ascend.model_loader.rfork.rfork_loader.RForkModelLoader'>` with load format `rfork`
INFO 07-28 09:48:11 [__init__.py:112] Registered model loader `<class 'vllm_ascend.model_loader.netloader.netloader.ModelNetLoaderElastic'>` with load format `netloader`
INFO 07-28 09:48:11 [api_utils.py:273] non-default args: {'trust_remote_code': True, 'seed': 1024, 'max_model_len': 4096, 'tensor_parallel_size': 2, 'enable_expert_parallel': True, 'enable_prefix_caching': False, 'gpu_memory_utilization': 0.9, 'max_num_batched_tokens': 256, 'max_num_seqs': 16, 'quantization': 'ascend', 'speculative_config': {'method': 'mtp', 'num_speculative_tokens': 2}, 'compilation_config': {'mode': None, 'debug_dump_path': PosixPath('fx-graph'), 'cache_dir': '', 'compile_cache_save_format': 'binary', 'backend': 'vllm_ascend.compilation.compiler_interface.AscendCompiler', 'custom_ops': [], 'ir_enable_torch_wrap': None, 'splitting_ops': None, 'compile_mm_encoder': False, 'cudagraph_mm_encoder': False, 'encoder_cudagraph_token_budgets': [], 'encoder_cudagraph_max_vision_items_per_batch': 0, 'encoder_cudagraph_max_frames_per_batch': None, 'compile_sizes': None, 'compile_ranges_endpoints': None, 'inductor_compile_config': {'enable_auto_functionalized_v2': False, 'size_asserts': False, 'alignment_asserts': False, 'scalar_asserts': False, 'combo_kernels': True, 'benchmark_combo_kernel': True}, 'inductor_passes': {}, 'cudagraph_mode': <CUDAGraphMode.FULL_DECODE_ONLY: (2, 0)>, 'cudagraph_num_of_warmups': 0, 'cudagraph_capture_sizes': [3, 48], 'cudagraph_copy_inputs': False, 'cudagraph_specialize_lora': True, 'use_inductor_graph_partition': None, 'pass_config': {}, 'max_cudagraph_capture_size': None, 'dynamic_shapes_config': {'type': <DynamicShapesType.BACKED: 'backed'>, 'evaluate_guards': False, 'assume_32_bit_indexing': False}, 'local_cache_dir': None, 'fast_moe_cold_start': None, 'static_all_moe_layers': []}, 'additional_config': {'finegrained_tp_config': {'lmhead_tensor_parallel_size': 2}, 'multistream_overlap_shared_expert': True}, 'model': '/mnt/weights/DeepSeek-V3.1-Terminus-w8a8-QuaRot-lfs'}
INFO 07-28 09:48:11 [__init__.py:112] Registered model loader `<class 'vllm_ascend.model_loader.rfork.rfork_loader.RForkModelLoader'>` with load format `rfork`
WARNING 07-28 09:48:11 [envs.py:2082] Unknown vLLM environment variable detected: VLLM_ASCEND_ENABLE_MLAPO
WARNING 07-28 09:48:11 [envs.py:2082] Unknown vLLM environment variable detected: VLLM_ASCEND_ENABLE_MLAPO
INFO 07-28 09:48:11 [api_utils.py:273] non-default args: {'trust_remote_code': True, 'seed': 1024, 'max_model_len': 4096, 'tensor_parallel_size': 2, 'enable_expert_parallel': True, 'enable_prefix_caching': False, 'gpu_memory_utilization': 0.9, 'max_num_batched_tokens': 256, 'max_num_seqs': 16, 'quantization': 'ascend', 'speculative_config': {'method': 'mtp', 'num_speculative_tokens': 2}, 'compilation_config': {'mode': None, 'debug_dump_path': PosixPath('fx-graph'), 'cache_dir': '', 'compile_cache_save_format': 'binary', 'backend': 'vllm_ascend.compilation.compiler_interface.AscendCompiler', 'custom_ops': [], 'ir_enable_torch_wrap': None, 'splitting_ops': None, 'compile_mm_encoder': False, 'cudagraph_mm_encoder': False, 'encoder_cudagraph_token_budgets': [], 'encoder_cudagraph_max_vision_items_per_batch': 0, 'encoder_cudagraph_max_frames_per_batch': None, 'compile_sizes': None, 'compile_ranges_endpoints': None, 'inductor_compile_config': {'enable_auto_functionalized_v2': False, 'size_asserts': False, 'alignment_asserts': False, 'scalar_asserts': False, 'combo_kernels': True, 'benchmark_combo_kernel': True}, 'inductor_passes': {}, 'cudagraph_mode': <CUDAGraphMode.FULL_DECODE_ONLY: (2, 0)>, 'cudagraph_num_of_warmups': 0, 'cudagraph_capture_sizes': [3, 48], 'cudagraph_copy_inputs': False, 'cudagraph_specialize_lora': True, 'use_inductor_graph_partition': None, 'pass_config': {}, 'max_cudagraph_capture_size': None, 'dynamic_shapes_config': {'type': <DynamicShapesType.BACKED: 'backed'>, 'evaluate_guards': False, 'assume_32_bit_indexing': False}, 'local_cache_dir': None, 'fast_moe_cold_start': None, 'static_all_moe_layers': []}, 'additional_config': {'finegrained_tp_config': {'lmhead_tensor_parallel_size': 2}, 'multistream_overlap_shared_expert': True}, 'model': '/mnt/weights/DeepSeek-V3.1-Terminus-w8a8-QuaRot-lfs'}
WARNING 07-28 09:48:11 [envs.py:2082] Unknown vLLM environment variable detected: VLLM_ASCEND_ENABLE_MLAPO
INFO 07-28 09:48:11 [api_utils.py:273] non-default args: {'trust_remote_code': True, 'seed': 1024, 'max_model_len': 4096, 'tensor_parallel_size': 2, 'enable_expert_parallel': True, 'enable_prefix_caching': False, 'gpu_memory_utilization': 0.9, 'max_num_batched_tokens': 256, 'max_num_seqs': 16, 'quantization': 'ascend', 'speculative_config': {'method': 'mtp', 'num_speculative_tokens': 2}, 'compilation_config': {'mode': None, 'debug_dump_path': PosixPath('fx-graph'), 'cache_dir': '', 'compile_cache_save_format': 'binary', 'backend': 'vllm_ascend.compilation.compiler_interface.AscendCompiler', 'custom_ops': [], 'ir_enable_torch_wrap': None, 'splitting_ops': None, 'compile_mm_encoder': False, 'cudagraph_mm_encoder': False, 'encoder_cudagraph_token_budgets': [], 'encoder_cudagraph_max_vision_items_per_batch': 0, 'encoder_cudagraph_max_frames_per_batch': None, 'compile_sizes': None, 'compile_ranges_endpoints': None, 'inductor_compile_config': {'enable_auto_functionalized_v2': False, 'size_asserts': False, 'alignment_asserts': False, 'scalar_asserts': False, 'combo_kernels': True, 'benchmark_combo_kernel': True}, 'inductor_passes': {}, 'cudagraph_mode': <CUDAGraphMode.FULL_DECODE_ONLY: (2, 0)>, 'cudagraph_num_of_warmups': 0, 'cudagraph_capture_sizes': [3, 48], 'cudagraph_copy_inputs': False, 'cudagraph_specialize_lora': True, 'use_inductor_graph_partition': None, 'pass_config': {}, 'max_cudagraph_capture_size': None, 'dynamic_shapes_config': {'type': <DynamicShapesType.BACKED: 'backed'>, 'evaluate_guards': False, 'assume_32_bit_indexing': False}, 'local_cache_dir': None, 'fast_moe_cold_start': None, 'static_all_moe_layers': []}, 'additional_config': {'finegrained_tp_config': {'lmhead_tensor_parallel_size': 2}, 'multistream_overlap_shared_expert': True}, 'model': '/mnt/weights/DeepSeek-V3.1-Terminus-w8a8-QuaRot-lfs'}
WARNING 07-28 09:48:11 [envs.py:2082] Unknown vLLM environment variable detected: VLLM_ASCEND_ENABLE_MLAPO
INFO 07-28 09:48:11 [model.py:619] Resolved architecture: DeepseekV3ForCausalLM
INFO 07-28 09:48:11 [model.py:619] Resolved architecture: DeepseekV3ForCausalLM
INFO 07-28 09:48:11 [model.py:1776] Using max model len 4096
INFO 07-28 09:48:11 [model.py:1776] Using max model len 4096
INFO 07-28 09:48:11 [model.py:619] Resolved architecture: DeepseekV3ForCausalLM
INFO 07-28 09:48:11 [model.py:1776] Using max model len 4096
WARNING 07-28 09:48:11 [envs.py:2082] Unknown vLLM environment variable detected: VLLM_ASCEND_ENABLE_MLAPO
INFO 07-28 09:48:11 [model.py:619] Resolved architecture: DeepSeekMTPModel
INFO 07-28 09:48:11 [model.py:619] Resolved architecture: DeepSeekMTPModel
INFO 07-28 09:48:11 [model.py:1776] Using max model len 163840
INFO 07-28 09:48:11 [model.py:1776] Using max model len 163840
WARNING 07-28 09:48:11 [speculative.py:868] Enabling num_speculative_tokens > 1 will run multiple times of forward on same MTP layer,which may result in lower acceptance rate
WARNING 07-28 09:48:11 [speculative.py:868] Enabling num_speculative_tokens > 1 will run multiple times of forward on same MTP layer,which may result in lower acceptance rate
INFO 07-28 09:48:11 [speculative.py:1067] Overriding draft model max model len from 163840 to 4096
INFO 07-28 09:48:11 [speculative.py:1067] Overriding draft model max model len from 163840 to 4096
INFO 07-28 09:48:11 [scheduler.py:252] Chunked prefill is enabled with max_num_batched_tokens=256.
INFO 07-28 09:48:11 [scheduler.py:252] Chunked prefill is enabled with max_num_batched_tokens=256.
INFO 07-28 09:48:11 [model.py:619] Resolved architecture: DeepSeekMTPModel
INFO 07-28 09:48:11 [model.py:1776] Using max model len 163840
WARNING 07-28 09:48:11 [speculative.py:868] Enabling num_speculative_tokens > 1 will run multiple times of forward on same MTP layer,which may result in lower acceptance rate
INFO 07-28 09:48:11 [speculative.py:1067] Overriding draft model max model len from 163840 to 4096
INFO 07-28 09:48:11 [scheduler.py:252] Chunked prefill is enabled with max_num_batched_tokens=256.
INFO 07-28 09:48:11 [model.py:619] Resolved architecture: DeepseekV3ForCausalLM
INFO 07-28 09:48:11 [model.py:1776] Using max model len 4096
INFO 07-28 09:48:11 [model.py:619] Resolved architecture: DeepseekV3ForCausalLM
INFO 07-28 09:48:11 [model.py:1776] Using max model len 4096
INFO 07-28 09:48:11 [model.py:619] Resolved architecture: DeepSeekMTPModel
INFO 07-28 09:48:11 [model.py:1776] Using max model len 163840
WARNING 07-28 09:48:11 [speculative.py:868] Enabling num_speculative_tokens > 1 will run multiple times of forward on same MTP layer,which may result in lower acceptance rate
INFO 07-28 09:48:11 [speculative.py:1067] Overriding draft model max model len from 163840 to 4096
INFO 07-28 09:48:11 [scheduler.py:252] Chunked prefill is enabled with max_num_batched_tokens=256.
WARNING 07-28 09:48:11 [envs.py:2082] Unknown vLLM environment variable detected: VLLM_ASCEND_ENABLE_MLAPO
INFO 07-28 09:48:11 [model.py:619] Resolved architecture: DeepSeekMTPModel
INFO 07-28 09:48:11 [model.py:1776] Using max model len 163840
WARNING 07-28 09:48:11 [speculative.py:868] Enabling num_speculative_tokens > 1 will run multiple times of forward on same MTP layer,which may result in lower acceptance rate
INFO 07-28 09:48:11 [speculative.py:1067] Overriding draft model max model len from 163840 to 4096
INFO 07-28 09:48:11 [scheduler.py:252] Chunked prefill is enabled with max_num_batched_tokens=256.
WARNING 07-28 09:48:11 [envs.py:2082] Unknown vLLM environment variable detected: VLLM_ASCEND_ENABLE_MLAPO
INFO 07-28 09:48:11 [model.py:619] Resolved architecture: DeepseekV3ForCausalLM
INFO 07-28 09:48:11 [model.py:1776] Using max model len 4096
WARNING 07-28 09:48:11 [envs.py:2082] Unknown vLLM environment variable detected: VLLM_ASCEND_ENABLE_MLAPO
INFO 07-28 09:48:11 [model.py:619] Resolved architecture: DeepSeekMTPModel
INFO 07-28 09:48:11 [model.py:1776] Using max model len 163840
WARNING 07-28 09:48:11 [speculative.py:868] Enabling num_speculative_tokens > 1 will run multiple times of forward on same MTP layer,which may result in lower acceptance rate
INFO 07-28 09:48:11 [speculative.py:1067] Overriding draft model max model len from 163840 to 4096
INFO 07-28 09:48:11 [scheduler.py:252] Chunked prefill is enabled with max_num_batched_tokens=256.
INFO 07-28 09:48:11 [model.py:619] Resolved architecture: DeepseekV3ForCausalLM
INFO 07-28 09:48:11 [model.py:1776] Using max model len 4096
INFO 07-28 09:48:11 [model.py:619] Resolved architecture: DeepSeekMTPModel
INFO 07-28 09:48:11 [model.py:1776] Using max model len 163840
WARNING 07-28 09:48:11 [speculative.py:868] Enabling num_speculative_tokens > 1 will run multiple times of forward on same MTP layer,which may result in lower acceptance rate
INFO 07-28 09:48:11 [speculative.py:1067] Overriding draft model max model len from 163840 to 4096
INFO 07-28 09:48:11 [scheduler.py:252] Chunked prefill is enabled with max_num_batched_tokens=256.
INFO 07-28 09:48:11 [model.py:619] Resolved architecture: DeepseekV3ForCausalLM
INFO 07-28 09:48:11 [model.py:1776] Using max model len 4096
INFO 07-28 09:48:11 [model.py:619] Resolved architecture: DeepSeekMTPModel
INFO 07-28 09:48:11 [model.py:1776] Using max model len 163840
WARNING 07-28 09:48:11 [speculative.py:868] Enabling num_speculative_tokens > 1 will run multiple times of forward on same MTP layer,which may result in lower acceptance rate
INFO 07-28 09:48:11 [speculative.py:1067] Overriding draft model max model len from 163840 to 4096
INFO 07-28 09:48:11 [scheduler.py:252] Chunked prefill is enabled with max_num_batched_tokens=256.
INFO 07-28 09:48:12 [vllm.py:1090] Asynchronous scheduling is enabled.
INFO 07-28 09:48:12 [vllm.py:1100] Disabling NCCL for DP synchronization when using async scheduling.
INFO 07-28 09:48:12 [kernel.py:292] Final IR op priority after setting platform defaults: IrOpPriorityConfig(rms_norm=['native'], fused_add_rms_norm=['native'])
WARNING 07-28 09:48:12 [vllm.py:1697] max_num_scheduled_tokens is set to 256 based on the speculative decoding settings. This may lead to suboptimal performance. Consider increasing max_num_batched_tokens to accommodate the additional draft token slots, or decrease num_speculative_tokens or max_num_seqs.
WARNING 07-28 09:48:12 [platform.py:1043] GPU-specific parameter is not supported on Ascend. parameter=disable_cascade_attn, value=True, action: resetting to False.
WARNING 07-28 09:48:12 [platform.py:1101] Speculative quantization is set but Ascend automatically uses the main model's quantization method. parameter=quantization, action: resetting to None. 
INFO 07-28 09:48:12 [ascend_config.py:490] finegrained_tp_config enabled: lmhead_tensor_parallel_size=2
INFO 07-28 09:48:12 [ascend_config.py:824] Dynamic EPLB is False
INFO 07-28 09:48:12 [ascend_config.py:825] The number of redundant experts is 0
INFO 07-28 09:48:12 [ascend_config.py:289] AscendConfig.enable_mlapo falls back to environment variable VLLM_ASCEND_ENABLE_MLAPO with value True. Please use additional_config.enable_mlapo instead, because VLLM_ASCEND_ENABLE_MLAPO will be removed in the next release.
INFO 07-28 09:48:12 [vllm.py:1090] Asynchronous scheduling is enabled.
INFO 07-28 09:48:12 [vllm.py:1100] Disabling NCCL for DP synchronization when using async scheduling.
INFO 07-28 09:48:12 [vllm.py:1090] Asynchronous scheduling is enabled.
INFO 07-28 09:48:12 [vllm.py:1100] Disabling NCCL for DP synchronization when using async scheduling.
INFO 07-28 09:48:12 [kernel.py:292] Final IR op priority after setting platform defaults: IrOpPriorityConfig(rms_norm=['native'], fused_add_rms_norm=['native'])
INFO 07-28 09:48:12 [kernel.py:292] Final IR op priority after setting platform defaults: IrOpPriorityConfig(rms_norm=['native'], fused_add_rms_norm=['native'])
WARNING 07-28 09:48:12 [vllm.py:1697] max_num_scheduled_tokens is set to 256 based on the speculative decoding settings. This may lead to suboptimal performance. Consider increasing max_num_batched_tokens to accommodate the additional draft token slots, or decrease num_speculative_tokens or max_num_seqs.
WARNING 07-28 09:48:12 [vllm.py:1697] max_num_scheduled_tokens is set to 256 based on the speculative decoding settings. This may lead to suboptimal performance. Consider increasing max_num_batched_tokens to accommodate the additional draft token slots, or decrease num_speculative_tokens or max_num_seqs.
WARNING 07-28 09:48:12 [platform.py:1043] GPU-specific parameter is not supported on Ascend. parameter=disable_cascade_attn, value=True, action: resetting to False.
WARNING 07-28 09:48:12 [platform.py:1101] Speculative quantization is set but Ascend automatically uses the main model's quantization method. parameter=quantization, action: resetting to None. 
WARNING 07-28 09:48:12 [platform.py:1043] GPU-specific parameter is not supported on Ascend. parameter=disable_cascade_attn, value=True, action: resetting to False.
WARNING 07-28 09:48:12 [platform.py:1101] Speculative quantization is set but Ascend automatically uses the main model's quantization method. parameter=quantization, action: resetting to None. 
INFO 07-28 09:48:12 [ascend_config.py:490] finegrained_tp_config enabled: lmhead_tensor_parallel_size=2
INFO 07-28 09:48:12 [ascend_config.py:490] finegrained_tp_config enabled: lmhead_tensor_parallel_size=2
INFO 07-28 09:48:12 [ascend_config.py:824] Dynamic EPLB is False
INFO 07-28 09:48:12 [ascend_config.py:825] The number of redundant experts is 0
INFO 07-28 09:48:12 [ascend_config.py:824] Dynamic EPLB is False
INFO 07-28 09:48:12 [ascend_config.py:825] The number of redundant experts is 0
INFO 07-28 09:48:12 [ascend_config.py:289] AscendConfig.enable_mlapo falls back to environment variable VLLM_ASCEND_ENABLE_MLAPO with value True. Please use additional_config.enable_mlapo instead, because VLLM_ASCEND_ENABLE_MLAPO will be removed in the next release.
INFO 07-28 09:48:12 [ascend_config.py:289] AscendConfig.enable_mlapo falls back to environment variable VLLM_ASCEND_ENABLE_MLAPO with value True. Please use additional_config.enable_mlapo instead, because VLLM_ASCEND_ENABLE_MLAPO will be removed in the next release.
INFO 07-28 09:48:12 [vllm.py:1090] Asynchronous scheduling is enabled.
INFO 07-28 09:48:12 [vllm.py:1100] Disabling NCCL for DP synchronization when using async scheduling.
INFO 07-28 09:48:12 [kernel.py:292] Final IR op priority after setting platform defaults: IrOpPriorityConfig(rms_norm=['native'], fused_add_rms_norm=['native'])
WARNING 07-28 09:48:12 [vllm.py:1697] max_num_scheduled_tokens is set to 256 based on the speculative decoding settings. This may lead to suboptimal performance. Consider increasing max_num_batched_tokens to accommodate the additional draft token slots, or decrease num_speculative_tokens or max_num_seqs.
WARNING 07-28 09:48:12 [platform.py:1043] GPU-specific parameter is not supported on Ascend. parameter=disable_cascade_attn, value=True, action: resetting to False.
WARNING 07-28 09:48:12 [platform.py:1101] Speculative quantization is set but Ascend automatically uses the main model's quantization method. parameter=quantization, action: resetting to None. 
INFO 07-28 09:48:12 [ascend_config.py:490] finegrained_tp_config enabled: lmhead_tensor_parallel_size=2
INFO 07-28 09:48:12 [ascend_config.py:824] Dynamic EPLB is False
INFO 07-28 09:48:12 [ascend_config.py:825] The number of redundant experts is 0
INFO 07-28 09:48:12 [ascend_config.py:289] AscendConfig.enable_mlapo falls back to environment variable VLLM_ASCEND_ENABLE_MLAPO with value True. Please use additional_config.enable_mlapo instead, because VLLM_ASCEND_ENABLE_MLAPO will be removed in the next release.
INFO 07-28 09:48:12 [vllm.py:1090] Asynchronous scheduling is enabled.
INFO 07-28 09:48:12 [vllm.py:1100] Disabling NCCL for DP synchronization when using async scheduling.
INFO 07-28 09:48:12 [kernel.py:292] Final IR op priority after setting platform defaults: IrOpPriorityConfig(rms_norm=['native'], fused_add_rms_norm=['native'])
WARNING 07-28 09:48:12 [vllm.py:1697] max_num_scheduled_tokens is set to 256 based on the speculative decoding settings. This may lead to suboptimal performance. Consider increasing max_num_batched_tokens to accommodate the additional draft token slots, or decrease num_speculative_tokens or max_num_seqs.
WARNING 07-28 09:48:12 [platform.py:1043] GPU-specific parameter is not supported on Ascend. parameter=disable_cascade_attn, value=True, action: resetting to False.
WARNING 07-28 09:48:12 [platform.py:1101] Speculative quantization is set but Ascend automatically uses the main model's quantization method. parameter=quantization, action: resetting to None. 
INFO 07-28 09:48:12 [ascend_config.py:490] finegrained_tp_config enabled: lmhead_tensor_parallel_size=2
INFO 07-28 09:48:12 [ascend_config.py:824] Dynamic EPLB is False
INFO 07-28 09:48:12 [ascend_config.py:825] The number of redundant experts is 0
INFO 07-28 09:48:12 [ascend_config.py:289] AscendConfig.enable_mlapo falls back to environment variable VLLM_ASCEND_ENABLE_MLAPO with value True. Please use additional_config.enable_mlapo instead, because VLLM_ASCEND_ENABLE_MLAPO will be removed in the next release.
INFO 07-28 09:48:12 [vllm.py:1090] Asynchronous scheduling is enabled.
INFO 07-28 09:48:12 [vllm.py:1100] Disabling NCCL for DP synchronization when using async scheduling.
INFO 07-28 09:48:12 [kernel.py:292] Final IR op priority after setting platform defaults: IrOpPriorityConfig(rms_norm=['native'], fused_add_rms_norm=['native'])
WARNING 07-28 09:48:12 [vllm.py:1697] max_num_scheduled_tokens is set to 256 based on the speculative decoding settings. This may lead to suboptimal performance. Consider increasing max_num_batched_tokens to accommodate the additional draft token slots, or decrease num_speculative_tokens or max_num_seqs.
WARNING 07-28 09:48:12 [platform.py:1043] GPU-specific parameter is not supported on Ascend. parameter=disable_cascade_attn, value=True, action: resetting to False.
WARNING 07-28 09:48:12 [platform.py:1101] Speculative quantization is set but Ascend automatically uses the main model's quantization method. parameter=quantization, action: resetting to None. 
INFO 07-28 09:48:12 [ascend_config.py:490] finegrained_tp_config enabled: lmhead_tensor_parallel_size=2
INFO 07-28 09:48:12 [ascend_config.py:824] Dynamic EPLB is False
INFO 07-28 09:48:12 [ascend_config.py:825] The number of redundant experts is 0
INFO 07-28 09:48:12 [ascend_config.py:289] AscendConfig.enable_mlapo falls back to environment variable VLLM_ASCEND_ENABLE_MLAPO with value True. Please use additional_config.enable_mlapo instead, because VLLM_ASCEND_ENABLE_MLAPO will be removed in the next release.
INFO 07-28 09:48:12 [vllm.py:1090] Asynchronous scheduling is enabled.
INFO 07-28 09:48:12 [vllm.py:1100] Disabling NCCL for DP synchronization when using async scheduling.
INFO 07-28 09:48:12 [kernel.py:292] Final IR op priority after setting platform defaults: IrOpPriorityConfig(rms_norm=['native'], fused_add_rms_norm=['native'])
WARNING 07-28 09:48:12 [vllm.py:1697] max_num_scheduled_tokens is set to 256 based on the speculative decoding settings. This may lead to suboptimal performance. Consider increasing max_num_batched_tokens to accommodate the additional draft token slots, or decrease num_speculative_tokens or max_num_seqs.
WARNING 07-28 09:48:12 [platform.py:1043] GPU-specific parameter is not supported on Ascend. parameter=disable_cascade_attn, value=True, action: resetting to False.
WARNING 07-28 09:48:12 [platform.py:1101] Speculative quantization is set but Ascend automatically uses the main model's quantization method. parameter=quantization, action: resetting to None. 
INFO 07-28 09:48:12 [ascend_config.py:490] finegrained_tp_config enabled: lmhead_tensor_parallel_size=2
INFO 07-28 09:48:12 [ascend_config.py:824] Dynamic EPLB is False
INFO 07-28 09:48:12 [ascend_config.py:825] The number of redundant experts is 0
INFO 07-28 09:48:12 [ascend_config.py:289] AscendConfig.enable_mlapo falls back to environment variable VLLM_ASCEND_ENABLE_MLAPO with value True. Please use additional_config.enable_mlapo instead, because VLLM_ASCEND_ENABLE_MLAPO will be removed in the next release.
INFO 07-28 09:48:12 [utils.py:1264] Block size is set to 128 if prefix cache or chunked prefill is enabled.
INFO 07-28 09:48:12 [platform.py:770] Set PYTORCH_NPU_ALLOC_CONF=expandable_segments:True
INFO 07-28 09:48:12 [compilation.py:312] Enabled custom fusions: norm_quant, act_quant
INFO 07-28 09:48:12 [vllm.py:1090] Asynchronous scheduling is enabled.
INFO 07-28 09:48:12 [vllm.py:1100] Disabling NCCL for DP synchronization when using async scheduling.
INFO 07-28 09:48:12 [kernel.py:292] Final IR op priority after setting platform defaults: IrOpPriorityConfig(rms_norm=['native'], fused_add_rms_norm=['native'])
WARNING 07-28 09:48:12 [vllm.py:1697] max_num_scheduled_tokens is set to 256 based on the speculative decoding settings. This may lead to suboptimal performance. Consider increasing max_num_batched_tokens to accommodate the additional draft token slots, or decrease num_speculative_tokens or max_num_seqs.
WARNING 07-28 09:48:12 [platform.py:1043] GPU-specific parameter is not supported on Ascend. parameter=disable_cascade_attn, value=True, action: resetting to False.
WARNING 07-28 09:48:12 [platform.py:1101] Speculative quantization is set but Ascend automatically uses the main model's quantization method. parameter=quantization, action: resetting to None. 
INFO 07-28 09:48:12 [ascend_config.py:490] finegrained_tp_config enabled: lmhead_tensor_parallel_size=2
INFO 07-28 09:48:12 [ascend_config.py:824] Dynamic EPLB is False
INFO 07-28 09:48:12 [ascend_config.py:825] The number of redundant experts is 0
INFO 07-28 09:48:12 [ascend_config.py:289] AscendConfig.enable_mlapo falls back to environment variable VLLM_ASCEND_ENABLE_MLAPO with value True. Please use additional_config.enable_mlapo instead, because VLLM_ASCEND_ENABLE_MLAPO will be removed in the next release.
INFO 07-28 09:48:12 [utils.py:1264] Block size is set to 128 if prefix cache or chunked prefill is enabled.
INFO 07-28 09:48:12 [utils.py:1264] Block size is set to 128 if prefix cache or chunked prefill is enabled.
INFO 07-28 09:48:12 [platform.py:770] Set PYTORCH_NPU_ALLOC_CONF=expandable_segments:True
INFO 07-28 09:48:12 [platform.py:770] Set PYTORCH_NPU_ALLOC_CONF=expandable_segments:True
INFO 07-28 09:48:12 [compilation.py:312] Enabled custom fusions: norm_quant, act_quant
INFO 07-28 09:48:12 [compilation.py:312] Enabled custom fusions: norm_quant, act_quant
INFO 07-28 09:48:12 [utils.py:1264] Block size is set to 128 if prefix cache or chunked prefill is enabled.
INFO 07-28 09:48:12 [platform.py:770] Set PYTORCH_NPU_ALLOC_CONF=expandable_segments:True
INFO 07-28 09:48:12 [compilation.py:312] Enabled custom fusions: norm_quant, act_quant
INFO 07-28 09:48:12 [utils.py:1264] Block size is set to 128 if prefix cache or chunked prefill is enabled.
INFO 07-28 09:48:12 [platform.py:770] Set PYTORCH_NPU_ALLOC_CONF=expandable_segments:True
INFO 07-28 09:48:12 [compilation.py:312] Enabled custom fusions: norm_quant, act_quant
INFO 07-28 09:48:12 [utils.py:1264] Block size is set to 128 if prefix cache or chunked prefill is enabled.
INFO 07-28 09:48:12 [platform.py:770] Set PYTORCH_NPU_ALLOC_CONF=expandable_segments:True
INFO 07-28 09:48:12 [compilation.py:312] Enabled custom fusions: norm_quant, act_quant
INFO 07-28 09:48:12 [utils.py:1264] Block size is set to 128 if prefix cache or chunked prefill is enabled.
INFO 07-28 09:48:12 [platform.py:770] Set PYTORCH_NPU_ALLOC_CONF=expandable_segments:True
INFO 07-28 09:48:12 [compilation.py:312] Enabled custom fusions: norm_quant, act_quant
INFO 07-28 09:48:12 [utils.py:1264] Block size is set to 128 if prefix cache or chunked prefill is enabled.
INFO 07-28 09:48:12 [platform.py:770] Set PYTORCH_NPU_ALLOC_CONF=expandable_segments:True
INFO 07-28 09:48:12 [compilation.py:312] Enabled custom fusions: norm_quant, act_quant
INFO 07-28 09:48:21 [__init__.py:52] Available plugins for group vllm.platform_plugins:
INFO 07-28 09:48:21 [__init__.py:54] - ascend -> vllm_ascend:register
INFO 07-28 09:48:21 [__init__.py:57] All plugins in this group will be loaded. Set `VLLM_PLUGINS` to control which plugins to load.
INFO 07-28 09:48:21 [__init__.py:237] Platform plugin ascend is activated
INFO 07-28 09:48:21 [platform.py:61] Breakable cudagraph is force disabled on Ascend because DeepSeek V4 PIECEWISE cudagraph is not supported yet.
INFO 07-28 09:48:21 [__init__.py:52] Available plugins for group vllm.platform_plugins:
INFO 07-28 09:48:21 [__init__.py:54] - ascend -> vllm_ascend:register
INFO 07-28 09:48:21 [__init__.py:57] All plugins in this group will be loaded. Set `VLLM_PLUGINS` to control which plugins to load.
INFO 07-28 09:48:21 [__init__.py:237] Platform plugin ascend is activated
INFO 07-28 09:48:21 [platform.py:61] Breakable cudagraph is force disabled on Ascend because DeepSeek V4 PIECEWISE cudagraph is not supported yet.
INFO 07-28 09:48:21 [__init__.py:52] Available plugins for group vllm.platform_plugins:
INFO 07-28 09:48:21 [__init__.py:54] - ascend -> vllm_ascend:register
INFO 07-28 09:48:21 [__init__.py:57] All plugins in this group will be loaded. Set `VLLM_PLUGINS` to control which plugins to load.
INFO 07-28 09:48:21 [__init__.py:237] Platform plugin ascend is activated
INFO 07-28 09:48:21 [platform.py:61] Breakable cudagraph is force disabled on Ascend because DeepSeek V4 PIECEWISE cudagraph is not supported yet.
INFO 07-28 09:48:22 [__init__.py:52] Available plugins for group vllm.platform_plugins:
INFO 07-28 09:48:22 [__init__.py:54] - ascend -> vllm_ascend:register
INFO 07-28 09:48:22 [__init__.py:57] All plugins in this group will be loaded. Set `VLLM_PLUGINS` to control which plugins to load.
INFO 07-28 09:48:22 [__init__.py:237] Platform plugin ascend is activated
INFO 07-28 09:48:22 [platform.py:61] Breakable cudagraph is force disabled on Ascend because DeepSeek V4 PIECEWISE cudagraph is not supported yet.
INFO 07-28 09:48:22 [__init__.py:52] Available plugins for group vllm.platform_plugins:
INFO 07-28 09:48:22 [__init__.py:54] - ascend -> vllm_ascend:register
INFO 07-28 09:48:22 [__init__.py:57] All plugins in this group will be loaded. Set `VLLM_PLUGINS` to control which plugins to load.
INFO 07-28 09:48:22 [__init__.py:237] Platform plugin ascend is activated
INFO 07-28 09:48:22 [platform.py:61] Breakable cudagraph is force disabled on Ascend because DeepSeek V4 PIECEWISE cudagraph is not supported yet.
INFO 07-28 09:48:22 [__init__.py:52] Available plugins for group vllm.platform_plugins:
INFO 07-28 09:48:22 [__init__.py:52] Available plugins for group vllm.platform_plugins:
INFO 07-28 09:48:22 [__init__.py:54] - ascend -> vllm_ascend:register
INFO 07-28 09:48:22 [__init__.py:54] - ascend -> vllm_ascend:register
INFO 07-28 09:48:22 [__init__.py:57] All plugins in this group will be loaded. Set `VLLM_PLUGINS` to control which plugins to load.
INFO 07-28 09:48:22 [__init__.py:57] All plugins in this group will be loaded. Set `VLLM_PLUGINS` to control which plugins to load.
INFO 07-28 09:48:22 [__init__.py:237] Platform plugin ascend is activated
INFO 07-28 09:48:22 [__init__.py:237] Platform plugin ascend is activated
INFO 07-28 09:48:22 [platform.py:61] Breakable cudagraph is force disabled on Ascend because DeepSeek V4 PIECEWISE cudagraph is not supported yet.
INFO 07-28 09:48:22 [platform.py:61] Breakable cudagraph is force disabled on Ascend because DeepSeek V4 PIECEWISE cudagraph is not supported yet.
INFO 07-28 09:48:22 [__init__.py:52] Available plugins for group vllm.platform_plugins:
INFO 07-28 09:48:22 [__init__.py:54] - ascend -> vllm_ascend:register
INFO 07-28 09:48:22 [__init__.py:57] All plugins in this group will be loaded. Set `VLLM_PLUGINS` to control which plugins to load.
INFO 07-28 09:48:22 [__init__.py:237] Platform plugin ascend is activated
INFO 07-28 09:48:22 [platform.py:61] Breakable cudagraph is force disabled on Ascend because DeepSeek V4 PIECEWISE cudagraph is not supported yet.
(EngineCore_DP0 pid=394878) 2026-07-28 09:48:28,342 - 394878 - ServiceProfiler - INFO - VLLM_USE_V1 not set, auto-detected via vLLM 0.1.dev18654+g54503ecec.empty: default 0
(EngineCore_DP3 pid=394825) 2026-07-28 09:48:28,342 - 394825 - ServiceProfiler - INFO - VLLM_USE_V1 not set, auto-detected via vLLM 0.1.dev18654+g54503ecec.empty: default 0
(EngineCore_DP6 pid=394853) 2026-07-28 09:48:28,344 - 394853 - ServiceProfiler - INFO - VLLM_USE_V1 not set, auto-detected via vLLM 0.1.dev18654+g54503ecec.empty: default 0
(EngineCore_DP2 pid=394852) 2026-07-28 09:48:28,344 - 394852 - ServiceProfiler - INFO - VLLM_USE_V1 not set, auto-detected via vLLM 0.1.dev18654+g54503ecec.empty: default 0
(EngineCore_DP1 pid=394832) 2026-07-28 09:48:28,345 - 394832 - ServiceProfiler - INFO - VLLM_USE_V1 not set, auto-detected via vLLM 0.1.dev18654+g54503ecec.empty: default 0
(EngineCore_DP4 pid=394824) 2026-07-28 09:48:28,345 - 394824 - ServiceProfiler - INFO - VLLM_USE_V1 not set, auto-detected via vLLM 0.1.dev18654+g54503ecec.empty: default 0
(EngineCore_DP5 pid=394894) 2026-07-28 09:48:28,346 - 394894 - ServiceProfiler - INFO - VLLM_USE_V1 not set, auto-detected via vLLM 0.1.dev18654+g54503ecec.empty: default 0
(EngineCore_DP7 pid=394851) 2026-07-28 09:48:28,347 - 394851 - ServiceProfiler - INFO - VLLM_USE_V1 not set, auto-detected via vLLM 0.1.dev18654+g54503ecec.empty: default 0
(EngineCore_DP3 pid=394825) INFO 07-28 09:48:28 [__init__.py:112] Registered model loader `<class 'vllm_ascend.model_loader.netloader.netloader.ModelNetLoaderElastic'>` with load format `netloader`
(EngineCore_DP6 pid=394853) INFO 07-28 09:48:28 [__init__.py:112] Registered model loader `<class 'vllm_ascend.model_loader.netloader.netloader.ModelNetLoaderElastic'>` with load format `netloader`
(EngineCore_DP2 pid=394852) INFO 07-28 09:48:28 [__init__.py:112] Registered model loader `<class 'vllm_ascend.model_loader.netloader.netloader.ModelNetLoaderElastic'>` with load format `netloader`
(EngineCore_DP1 pid=394832) INFO 07-28 09:48:28 [__init__.py:112] Registered model loader `<class 'vllm_ascend.model_loader.netloader.netloader.ModelNetLoaderElastic'>` with load format `netloader`
(EngineCore_DP0 pid=394878) INFO 07-28 09:48:28 [__init__.py:112] Registered model loader `<class 'vllm_ascend.model_loader.netloader.netloader.ModelNetLoaderElastic'>` with load format `netloader`
(EngineCore_DP4 pid=394824) INFO 07-28 09:48:28 [__init__.py:112] Registered model loader `<class 'vllm_ascend.model_loader.netloader.netloader.ModelNetLoaderElastic'>` with load format `netloader`
(EngineCore_DP5 pid=394894) INFO 07-28 09:48:28 [__init__.py:112] Registered model loader `<class 'vllm_ascend.model_loader.netloader.netloader.ModelNetLoaderElastic'>` with load format `netloader`
(EngineCore_DP7 pid=394851) INFO 07-28 09:48:28 [__init__.py:112] Registered model loader `<class 'vllm_ascend.model_loader.netloader.netloader.ModelNetLoaderElastic'>` with load format `netloader`
(EngineCore_DP3 pid=394825) INFO 07-28 09:48:28 [__init__.py:112] Registered model loader `<class 'vllm_ascend.model_loader.rfork.rfork_loader.RForkModelLoader'>` with load format `rfork`
(EngineCore_DP6 pid=394853) INFO 07-28 09:48:28 [__init__.py:112] Registered model loader `<class 'vllm_ascend.model_loader.rfork.rfork_loader.RForkModelLoader'>` with load format `rfork`
(EngineCore_DP3 pid=394825) INFO 07-28 09:48:28 [multiproc_executor.py:140] DP group leader: node_rank=0, node_rank_within_dp=0, master_addr=127.0.0.1, mq_connect_ip=90.90.97.44 (local), world_size=2, local_world_size=2
(EngineCore_DP0 pid=394878) INFO 07-28 09:48:28 [__init__.py:112] Registered model loader `<class 'vllm_ascend.model_loader.rfork.rfork_loader.RForkModelLoader'>` with load format `rfork`
(EngineCore_DP6 pid=394853) INFO 07-28 09:48:28 [multiproc_executor.py:140] DP group leader: node_rank=0, node_rank_within_dp=0, master_addr=127.0.0.1, mq_connect_ip=90.90.97.44 (local), world_size=2, local_world_size=2
(EngineCore_DP2 pid=394852) INFO 07-28 09:48:28 [__init__.py:112] Registered model loader `<class 'vllm_ascend.model_loader.rfork.rfork_loader.RForkModelLoader'>` with load format `rfork`
(EngineCore_DP0 pid=394878) INFO 07-28 09:48:28 [core.py:114] Initializing a V1 LLM engine (v0.1.dev18654+g54503ecec) with config: model='/mnt/weights/DeepSeek-V3.1-Terminus-w8a8-QuaRot-lfs', speculative_config=SpeculativeConfig(method='mtp', model='/mnt/weights/DeepSeek-V3.1-Terminus-w8a8-QuaRot-lfs', num_spec_tokens=2), tokenizer='/mnt/weights/DeepSeek-V3.1-Terminus-w8a8-QuaRot-lfs', skip_tokenizer_init=False, tokenizer_mode=auto, revision=None, tokenizer_revision=None, trust_remote_code=True, dtype=torch.bfloat16, max_seq_len=4096, download_dir=None, load_format=auto, tensor_parallel_size=2, pipeline_parallel_size=1, data_parallel_size=8, decode_context_parallel_size=1, dcp_comm_backend=ag_rs, disable_custom_all_reduce=True, quantization=ascend, quantization_config=None, enforce_eager=False, enable_return_routed_experts=False, kv_cache_dtype=auto, device_config=npu, structured_outputs_config=StructuredOutputsConfig(backend='auto', disable_any_whitespace=False, disable_additional_properties=False, reasoning_parser='', reasoning_parser_plugin='', enable_in_reasoning=False), observability_config=ObservabilityConfig(show_hidden_metrics_for_version=None, otlp_traces_endpoint=None, collect_detailed_traces=None, kv_cache_metrics=False, kv_cache_metrics_sample=0.01, cudagraph_metrics=False, enable_layerwise_nvtx_tracing=False, enable_mfu_metrics=False, enable_mm_processor_stats=False, enable_logging_iteration_details=False, jit_monitor_mode='warn', jit_monitor_verbose=False), seed=1024, served_model_name=/mnt/weights/DeepSeek-V3.1-Terminus-w8a8-QuaRot-lfs, enable_prefix_caching=False, enable_chunked_prefill=True, pooler_config=None, compilation_config={'mode': <CompilationMode.VLLM_COMPILE: 3>, 'debug_dump_path': PosixPath('/home/l00838859/cann/vllm-runner/fx-graph'), 'cache_dir': '', 'compile_cache_save_format': 'binary', 'backend': 'vllm_ascend.compilation.compiler_interface.AscendCompiler', 'custom_ops': ['all'], 'ir_enable_torch_wrap': False, 'splitting_ops': [], 'compile_mm_encoder': False, 'cudagraph_mm_encoder': False, 'encoder_cudagraph_token_budgets': [], 'encoder_cudagraph_max_vision_items_per_batch': 0, 'encoder_cudagraph_max_frames_per_batch': None, 'compile_sizes': [], 'compile_ranges_endpoints': [256], 'inductor_compile_config': {'enable_auto_functionalized_v2': False, 'size_asserts': False, 'alignment_asserts': False, 'scalar_asserts': False, 'combo_kernels': True, 'benchmark_combo_kernel': True}, 'inductor_passes': {}, 'cudagraph_mode': <CUDAGraphMode.FULL_DECODE_ONLY: (2, 0)>, 'cudagraph_num_of_warmups': 1, 'cudagraph_capture_sizes': [3, 48], 'cudagraph_copy_inputs': False, 'cudagraph_specialize_lora': True, 'use_inductor_graph_partition': False, 'pass_config': {'fuse_norm_quant': True, 'fuse_act_quant': True, 'fuse_attn_quant': False, 'enable_sp': False, 'fuse_gemm_comms': False, 'fuse_allreduce_rms': False, 'fuse_rope_kvcache_cat_mla': False, 'fuse_act_padding': False}, 'max_cudagraph_capture_size': 48, 'dynamic_shapes_config': {'type': <DynamicShapesType.BACKED: 'backed'>, 'evaluate_guards': False, 'assume_32_bit_indexing': False}, 'local_cache_dir': None, 'fast_moe_cold_start': False, 'static_all_moe_layers': []}, kernel_config=KernelConfig(ir_op_priority=IrOpPriorityConfig(rms_norm=['native'], fused_add_rms_norm=['native']), enable_flashinfer_autotune=True, enable_cutedsl_warmup=True, moe_backend='auto', linear_backend='auto')
(EngineCore_DP1 pid=394832) INFO 07-28 09:48:28 [__init__.py:112] Registered model loader `<class 'vllm_ascend.model_loader.rfork.rfork_loader.RForkModelLoader'>` with load format `rfork`
(EngineCore_DP0 pid=394878) INFO 07-28 09:48:28 [multiproc_executor.py:140] DP group leader: node_rank=0, node_rank_within_dp=0, master_addr=127.0.0.1, mq_connect_ip=90.90.97.44 (local), world_size=2, local_world_size=2
(EngineCore_DP2 pid=394852) INFO 07-28 09:48:28 [multiproc_executor.py:140] DP group leader: node_rank=0, node_rank_within_dp=0, master_addr=127.0.0.1, mq_connect_ip=90.90.97.44 (local), world_size=2, local_world_size=2
(EngineCore_DP4 pid=394824) INFO 07-28 09:48:28 [__init__.py:112] Registered model loader `<class 'vllm_ascend.model_loader.rfork.rfork_loader.RForkModelLoader'>` with load format `rfork`
(EngineCore_DP1 pid=394832) INFO 07-28 09:48:28 [multiproc_executor.py:140] DP group leader: node_rank=0, node_rank_within_dp=0, master_addr=127.0.0.1, mq_connect_ip=90.90.97.44 (local), world_size=2, local_world_size=2
(EngineCore_DP4 pid=394824) INFO 07-28 09:48:28 [multiproc_executor.py:140] DP group leader: node_rank=0, node_rank_within_dp=0, master_addr=127.0.0.1, mq_connect_ip=90.90.97.44 (local), world_size=2, local_world_size=2
(EngineCore_DP5 pid=394894) INFO 07-28 09:48:28 [__init__.py:112] Registered model loader `<class 'vllm_ascend.model_loader.rfork.rfork_loader.RForkModelLoader'>` with load format `rfork`
(EngineCore_DP7 pid=394851) INFO 07-28 09:48:28 [__init__.py:112] Registered model loader `<class 'vllm_ascend.model_loader.rfork.rfork_loader.RForkModelLoader'>` with load format `rfork`
(EngineCore_DP5 pid=394894) INFO 07-28 09:48:28 [multiproc_executor.py:140] DP group leader: node_rank=0, node_rank_within_dp=0, master_addr=127.0.0.1, mq_connect_ip=90.90.97.44 (local), world_size=2, local_world_size=2
(EngineCore_DP7 pid=394851) INFO 07-28 09:48:28 [multiproc_executor.py:140] DP group leader: node_rank=0, node_rank_within_dp=0, master_addr=127.0.0.1, mq_connect_ip=90.90.97.44 (local), world_size=2, local_world_size=2
INFO 07-28 09:48:35 [__init__.py:52] Available plugins for group vllm.platform_plugins:
INFO 07-28 09:48:35 [__init__.py:54] - ascend -> vllm_ascend:register
INFO 07-28 09:48:35 [__init__.py:57] All plugins in this group will be loaded. Set `VLLM_PLUGINS` to control which plugins to load.
INFO 07-28 09:48:35 [__init__.py:237] Platform plugin ascend is activated
INFO 07-28 09:48:35 [platform.py:61] Breakable cudagraph is force disabled on Ascend because DeepSeek V4 PIECEWISE cudagraph is not supported yet.
INFO 07-28 09:48:35 [__init__.py:52] Available plugins for group vllm.platform_plugins:
INFO 07-28 09:48:35 [__init__.py:54] - ascend -> vllm_ascend:register
INFO 07-28 09:48:35 [__init__.py:57] All plugins in this group will be loaded. Set `VLLM_PLUGINS` to control which plugins to load.
INFO 07-28 09:48:35 [__init__.py:237] Platform plugin ascend is activated
INFO 07-28 09:48:35 [platform.py:61] Breakable cudagraph is force disabled on Ascend because DeepSeek V4 PIECEWISE cudagraph is not supported yet.
INFO 07-28 09:48:35 [__init__.py:52] Available plugins for group vllm.platform_plugins:
INFO 07-28 09:48:35 [__init__.py:54] - ascend -> vllm_ascend:register
INFO 07-28 09:48:35 [__init__.py:57] All plugins in this group will be loaded. Set `VLLM_PLUGINS` to control which plugins to load.
INFO 07-28 09:48:35 [__init__.py:237] Platform plugin ascend is activated
INFO 07-28 09:48:35 [platform.py:61] Breakable cudagraph is force disabled on Ascend because DeepSeek V4 PIECEWISE cudagraph is not supported yet.
INFO 07-28 09:48:35 [__init__.py:52] Available plugins for group vllm.platform_plugins:
INFO 07-28 09:48:35 [__init__.py:54] - ascend -> vllm_ascend:register
INFO 07-28 09:48:35 [__init__.py:57] All plugins in this group will be loaded. Set `VLLM_PLUGINS` to control which plugins to load.
INFO 07-28 09:48:35 [__init__.py:237] Platform plugin ascend is activated
INFO 07-28 09:48:35 [platform.py:61] Breakable cudagraph is force disabled on Ascend because DeepSeek V4 PIECEWISE cudagraph is not supported yet.
INFO 07-28 09:48:35 [__init__.py:52] Available plugins for group vllm.platform_plugins:
INFO 07-28 09:48:35 [__init__.py:54] - ascend -> vllm_ascend:register
INFO 07-28 09:48:35 [__init__.py:57] All plugins in this group will be loaded. Set `VLLM_PLUGINS` to control which plugins to load.
INFO 07-28 09:48:35 [__init__.py:237] Platform plugin ascend is activated
INFO 07-28 09:48:35 [platform.py:61] Breakable cudagraph is force disabled on Ascend because DeepSeek V4 PIECEWISE cudagraph is not supported yet.
INFO 07-28 09:48:36 [__init__.py:52] Available plugins for group vllm.platform_plugins:
INFO 07-28 09:48:36 [__init__.py:54] - ascend -> vllm_ascend:register
INFO 07-28 09:48:36 [__init__.py:57] All plugins in this group will be loaded. Set `VLLM_PLUGINS` to control which plugins to load.
INFO 07-28 09:48:36 [__init__.py:237] Platform plugin ascend is activated
INFO 07-28 09:48:36 [platform.py:61] Breakable cudagraph is force disabled on Ascend because DeepSeek V4 PIECEWISE cudagraph is not supported yet.
INFO 07-28 09:48:36 [__init__.py:52] Available plugins for group vllm.platform_plugins:
INFO 07-28 09:48:36 [__init__.py:54] - ascend -> vllm_ascend:register
INFO 07-28 09:48:36 [__init__.py:57] All plugins in this group will be loaded. Set `VLLM_PLUGINS` to control which plugins to load.
INFO 07-28 09:48:36 [__init__.py:237] Platform plugin ascend is activated
INFO 07-28 09:48:36 [platform.py:61] Breakable cudagraph is force disabled on Ascend because DeepSeek V4 PIECEWISE cudagraph is not supported yet.
INFO 07-28 09:48:36 [__init__.py:52] Available plugins for group vllm.platform_plugins:
INFO 07-28 09:48:36 [__init__.py:54] - ascend -> vllm_ascend:register
INFO 07-28 09:48:36 [__init__.py:57] All plugins in this group will be loaded. Set `VLLM_PLUGINS` to control which plugins to load.
INFO 07-28 09:48:36 [__init__.py:237] Platform plugin ascend is activated
INFO 07-28 09:48:36 [platform.py:61] Breakable cudagraph is force disabled on Ascend because DeepSeek V4 PIECEWISE cudagraph is not supported yet.
2026-07-28 09:48:40,680 - 395296 - ServiceProfiler - INFO - VLLM_USE_V1 not set, auto-detected via vLLM 0.1.dev18654+g54503ecec.empty: default 0
INFO 07-28 09:48:40 [__init__.py:112] Registered model loader `<class 'vllm_ascend.model_loader.netloader.netloader.ModelNetLoaderElastic'>` with load format `netloader`
INFO 07-28 09:48:40 [__init__.py:112] Registered model loader `<class 'vllm_ascend.model_loader.rfork.rfork_loader.RForkModelLoader'>` with load format `rfork`
2026-07-28 09:48:40,786 - 395294 - ServiceProfiler - INFO - VLLM_USE_V1 not set, auto-detected via vLLM 0.1.dev18654+g54503ecec.empty: default 0
2026-07-28 09:48:40,796 - 395293 - ServiceProfiler - INFO - VLLM_USE_V1 not set, auto-detected via vLLM 0.1.dev18654+g54503ecec.empty: default 0
INFO 07-28 09:48:40 [__init__.py:112] Registered model loader `<class 'vllm_ascend.model_loader.netloader.netloader.ModelNetLoaderElastic'>` with load format `netloader`
INFO 07-28 09:48:40 [__init__.py:112] Registered model loader `<class 'vllm_ascend.model_loader.netloader.netloader.ModelNetLoaderElastic'>` with load format `netloader`
INFO 07-28 09:48:40 [__init__.py:112] Registered model loader `<class 'vllm_ascend.model_loader.rfork.rfork_loader.RForkModelLoader'>` with load format `rfork`
INFO 07-28 09:48:40 [__init__.py:112] Registered model loader `<class 'vllm_ascend.model_loader.rfork.rfork_loader.RForkModelLoader'>` with load format `rfork`
2026-07-28 09:48:40,870 - 395295 - ServiceProfiler - INFO - VLLM_USE_V1 not set, auto-detected via vLLM 0.1.dev18654+g54503ecec.empty: default 0
INFO 07-28 09:48:40 [__init__.py:112] Registered model loader `<class 'vllm_ascend.model_loader.netloader.netloader.ModelNetLoaderElastic'>` with load format `netloader`
INFO 07-28 09:48:40 [__init__.py:112] Registered model loader `<class 'vllm_ascend.model_loader.rfork.rfork_loader.RForkModelLoader'>` with load format `rfork`
2026-07-28 09:48:41,253 - 395297 - ServiceProfiler - INFO - VLLM_USE_V1 not set, auto-detected via vLLM 0.1.dev18654+g54503ecec.empty: default 0
INFO 07-28 09:48:41 [__init__.py:112] Registered model loader `<class 'vllm_ascend.model_loader.netloader.netloader.ModelNetLoaderElastic'>` with load format `netloader`
INFO 07-28 09:48:41 [__init__.py:112] Registered model loader `<class 'vllm_ascend.model_loader.rfork.rfork_loader.RForkModelLoader'>` with load format `rfork`
2026-07-28 09:48:41,350 - 395300 - ServiceProfiler - INFO - VLLM_USE_V1 not set, auto-detected via vLLM 0.1.dev18654+g54503ecec.empty: default 0
INFO 07-28 09:48:41 [__init__.py:112] Registered model loader `<class 'vllm_ascend.model_loader.netloader.netloader.ModelNetLoaderElastic'>` with load format `netloader`
INFO 07-28 09:48:41 [__init__.py:112] Registered model loader `<class 'vllm_ascend.model_loader.rfork.rfork_loader.RForkModelLoader'>` with load format `rfork`
2026-07-28 09:48:41,417 - 395299 - ServiceProfiler - INFO - VLLM_USE_V1 not set, auto-detected via vLLM 0.1.dev18654+g54503ecec.empty: default 0
INFO 07-28 09:48:41 [__init__.py:112] Registered model loader `<class 'vllm_ascend.model_loader.netloader.netloader.ModelNetLoaderElastic'>` with load format `netloader`
INFO 07-28 09:48:41 [__init__.py:112] Registered model loader `<class 'vllm_ascend.model_loader.rfork.rfork_loader.RForkModelLoader'>` with load format `rfork`
2026-07-28 09:48:41,698 - 395298 - ServiceProfiler - INFO - VLLM_USE_V1 not set, auto-detected via vLLM 0.1.dev18654+g54503ecec.empty: default 0
INFO 07-28 09:48:41 [__init__.py:112] Registered model loader `<class 'vllm_ascend.model_loader.netloader.netloader.ModelNetLoaderElastic'>` with load format `netloader`
INFO 07-28 09:48:41 [__init__.py:112] Registered model loader `<class 'vllm_ascend.model_loader.rfork.rfork_loader.RForkModelLoader'>` with load format `rfork`
INFO 07-28 09:48:42 [ascend_config.py:490] finegrained_tp_config enabled: lmhead_tensor_parallel_size=2
INFO 07-28 09:48:42 [ascend_config.py:824] Dynamic EPLB is False
INFO 07-28 09:48:42 [ascend_config.py:825] The number of redundant experts is 0
INFO 07-28 09:48:42 [ascend_config.py:289] AscendConfig.enable_mlapo falls back to environment variable VLLM_ASCEND_ENABLE_MLAPO with value True. Please use additional_config.enable_mlapo instead, because VLLM_ASCEND_ENABLE_MLAPO will be removed in the next release.
INFO 07-28 09:48:42 [ascend_config.py:490] finegrained_tp_config enabled: lmhead_tensor_parallel_size=2
INFO 07-28 09:48:42 [ascend_config.py:824] Dynamic EPLB is False
INFO 07-28 09:48:42 [ascend_config.py:825] The number of redundant experts is 0
INFO 07-28 09:48:42 [ascend_config.py:289] AscendConfig.enable_mlapo falls back to environment variable VLLM_ASCEND_ENABLE_MLAPO with value True. Please use additional_config.enable_mlapo instead, because VLLM_ASCEND_ENABLE_MLAPO will be removed in the next release.
INFO 07-28 09:48:42 [ascend_config.py:490] finegrained_tp_config enabled: lmhead_tensor_parallel_size=2
INFO 07-28 09:48:42 [ascend_config.py:824] Dynamic EPLB is False
INFO 07-28 09:48:42 [ascend_config.py:825] The number of redundant experts is 0
INFO 07-28 09:48:42 [ascend_config.py:289] AscendConfig.enable_mlapo falls back to environment variable VLLM_ASCEND_ENABLE_MLAPO with value True. Please use additional_config.enable_mlapo instead, because VLLM_ASCEND_ENABLE_MLAPO will be removed in the next release.
INFO 07-28 09:48:42 [ascend_config.py:490] finegrained_tp_config enabled: lmhead_tensor_parallel_size=2
INFO 07-28 09:48:42 [ascend_config.py:824] Dynamic EPLB is False
INFO 07-28 09:48:42 [ascend_config.py:825] The number of redundant experts is 0
INFO 07-28 09:48:42 [ascend_config.py:289] AscendConfig.enable_mlapo falls back to environment variable VLLM_ASCEND_ENABLE_MLAPO with value True. Please use additional_config.enable_mlapo instead, because VLLM_ASCEND_ENABLE_MLAPO will be removed in the next release.
INFO 07-28 09:48:42 [ascend_config.py:490] finegrained_tp_config enabled: lmhead_tensor_parallel_size=2
INFO 07-28 09:48:42 [ascend_config.py:824] Dynamic EPLB is False
INFO 07-28 09:48:42 [ascend_config.py:825] The number of redundant experts is 0
INFO 07-28 09:48:42 [ascend_config.py:289] AscendConfig.enable_mlapo falls back to environment variable VLLM_ASCEND_ENABLE_MLAPO with value True. Please use additional_config.enable_mlapo instead, because VLLM_ASCEND_ENABLE_MLAPO will be removed in the next release.
INFO 07-28 09:48:42 [ascend_config.py:490] finegrained_tp_config enabled: lmhead_tensor_parallel_size=2
INFO 07-28 09:48:42 [ascend_config.py:824] Dynamic EPLB is False
INFO 07-28 09:48:42 [ascend_config.py:825] The number of redundant experts is 0
INFO 07-28 09:48:42 [ascend_config.py:289] AscendConfig.enable_mlapo falls back to environment variable VLLM_ASCEND_ENABLE_MLAPO with value True. Please use additional_config.enable_mlapo instead, because VLLM_ASCEND_ENABLE_MLAPO will be removed in the next release.
INFO 07-28 09:48:42 [ascend_config.py:490] finegrained_tp_config enabled: lmhead_tensor_parallel_size=2
INFO 07-28 09:48:42 [ascend_config.py:824] Dynamic EPLB is False
INFO 07-28 09:48:42 [ascend_config.py:825] The number of redundant experts is 0
INFO 07-28 09:48:42 [ascend_config.py:289] AscendConfig.enable_mlapo falls back to environment variable VLLM_ASCEND_ENABLE_MLAPO with value True. Please use additional_config.enable_mlapo instead, because VLLM_ASCEND_ENABLE_MLAPO will be removed in the next release.
INFO 07-28 09:48:43 [ascend_config.py:490] finegrained_tp_config enabled: lmhead_tensor_parallel_size=2
INFO 07-28 09:48:43 [ascend_config.py:824] Dynamic EPLB is False
INFO 07-28 09:48:43 [ascend_config.py:825] The number of redundant experts is 0
INFO 07-28 09:48:43 [ascend_config.py:289] AscendConfig.enable_mlapo falls back to environment variable VLLM_ASCEND_ENABLE_MLAPO with value True. Please use additional_config.enable_mlapo instead, because VLLM_ASCEND_ENABLE_MLAPO will be removed in the next release.
(Worker pid=395296) INFO 07-28 09:48:44 [parallel_state.py:1607] world_size=16 rank=4 local_rank=0 distributed_init_method=tcp://127.0.0.1:37202 backend=hccl
(Worker pid=395295) INFO 07-28 09:48:44 [parallel_state.py:1607] world_size=16 rank=12 local_rank=0 distributed_init_method=tcp://127.0.0.1:37202 backend=hccl
(Worker pid=395293) INFO 07-28 09:48:44 [parallel_state.py:1607] world_size=16 rank=14 local_rank=0 distributed_init_method=tcp://127.0.0.1:37202 backend=hccl
(Worker pid=395294) INFO 07-28 09:48:44 [parallel_state.py:1607] world_size=16 rank=2 local_rank=0 distributed_init_method=tcp://127.0.0.1:37202 backend=hccl
(Worker pid=395297) INFO 07-28 09:48:44 [parallel_state.py:1607] world_size=16 rank=10 local_rank=0 distributed_init_method=tcp://127.0.0.1:37202 backend=hccl
(Worker pid=395300) INFO 07-28 09:48:44 [parallel_state.py:1607] world_size=16 rank=0 local_rank=0 distributed_init_method=tcp://127.0.0.1:37202 backend=hccl
(Worker pid=395299) INFO 07-28 09:48:44 [parallel_state.py:1607] world_size=16 rank=6 local_rank=0 distributed_init_method=tcp://127.0.0.1:37202 backend=hccl
(Worker pid=395298) INFO 07-28 09:48:44 [parallel_state.py:1607] world_size=16 rank=8 local_rank=0 distributed_init_method=tcp://127.0.0.1:37202 backend=hccl
INFO 07-28 09:48:46 [__init__.py:52] Available plugins for group vllm.platform_plugins:
INFO 07-28 09:48:46 [__init__.py:54] - ascend -> vllm_ascend:register
INFO 07-28 09:48:46 [__init__.py:57] All plugins in this group will be loaded. Set `VLLM_PLUGINS` to control which plugins to load.
INFO 07-28 09:48:46 [__init__.py:237] Platform plugin ascend is activated
INFO 07-28 09:48:46 [platform.py:61] Breakable cudagraph is force disabled on Ascend because DeepSeek V4 PIECEWISE cudagraph is not supported yet.
INFO 07-28 09:48:46 [__init__.py:52] Available plugins for group vllm.platform_plugins:
INFO 07-28 09:48:46 [__init__.py:54] - ascend -> vllm_ascend:register
INFO 07-28 09:48:46 [__init__.py:57] All plugins in this group will be loaded. Set `VLLM_PLUGINS` to control which plugins to load.
INFO 07-28 09:48:46 [__init__.py:237] Platform plugin ascend is activated
INFO 07-28 09:48:46 [platform.py:61] Breakable cudagraph is force disabled on Ascend because DeepSeek V4 PIECEWISE cudagraph is not supported yet.
INFO 07-28 09:48:47 [__init__.py:52] Available plugins for group vllm.platform_plugins:
INFO 07-28 09:48:47 [__init__.py:54] - ascend -> vllm_ascend:register
INFO 07-28 09:48:47 [__init__.py:57] All plugins in this group will be loaded. Set `VLLM_PLUGINS` to control which plugins to load.
INFO 07-28 09:48:47 [__init__.py:237] Platform plugin ascend is activated
INFO 07-28 09:48:47 [platform.py:61] Breakable cudagraph is force disabled on Ascend because DeepSeek V4 PIECEWISE cudagraph is not supported yet.
INFO 07-28 09:48:47 [__init__.py:52] Available plugins for group vllm.platform_plugins:
INFO 07-28 09:48:47 [__init__.py:54] - ascend -> vllm_ascend:register
INFO 07-28 09:48:47 [__init__.py:57] All plugins in this group will be loaded. Set `VLLM_PLUGINS` to control which plugins to load.
INFO 07-28 09:48:47 [__init__.py:237] Platform plugin ascend is activated
INFO 07-28 09:48:47 [platform.py:61] Breakable cudagraph is force disabled on Ascend because DeepSeek V4 PIECEWISE cudagraph is not supported yet.
INFO 07-28 09:48:47 [__init__.py:52] Available plugins for group vllm.platform_plugins:
INFO 07-28 09:48:47 [__init__.py:54] - ascend -> vllm_ascend:register
INFO 07-28 09:48:47 [__init__.py:57] All plugins in this group will be loaded. Set `VLLM_PLUGINS` to control which plugins to load.
INFO 07-28 09:48:47 [__init__.py:237] Platform plugin ascend is activated
INFO 07-28 09:48:47 [platform.py:61] Breakable cudagraph is force disabled on Ascend because DeepSeek V4 PIECEWISE cudagraph is not supported yet.
INFO 07-28 09:48:48 [__init__.py:52] Available plugins for group vllm.platform_plugins:
INFO 07-28 09:48:48 [__init__.py:54] - ascend -> vllm_ascend:register
INFO 07-28 09:48:48 [__init__.py:57] All plugins in this group will be loaded. Set `VLLM_PLUGINS` to control which plugins to load.
INFO 07-28 09:48:48 [__init__.py:237] Platform plugin ascend is activated
INFO 07-28 09:48:48 [platform.py:61] Breakable cudagraph is force disabled on Ascend because DeepSeek V4 PIECEWISE cudagraph is not supported yet.
INFO 07-28 09:48:48 [__init__.py:52] Available plugins for group vllm.platform_plugins:
INFO 07-28 09:48:48 [__init__.py:54] - ascend -> vllm_ascend:register
INFO 07-28 09:48:48 [__init__.py:57] All plugins in this group will be loaded. Set `VLLM_PLUGINS` to control which plugins to load.
INFO 07-28 09:48:48 [__init__.py:237] Platform plugin ascend is activated
INFO 07-28 09:48:48 [platform.py:61] Breakable cudagraph is force disabled on Ascend because DeepSeek V4 PIECEWISE cudagraph is not supported yet.
INFO 07-28 09:48:48 [__init__.py:52] Available plugins for group vllm.platform_plugins:
INFO 07-28 09:48:48 [__init__.py:54] - ascend -> vllm_ascend:register
INFO 07-28 09:48:48 [__init__.py:57] All plugins in this group will be loaded. Set `VLLM_PLUGINS` to control which plugins to load.
INFO 07-28 09:48:48 [__init__.py:237] Platform plugin ascend is activated
INFO 07-28 09:48:48 [platform.py:61] Breakable cudagraph is force disabled on Ascend because DeepSeek V4 PIECEWISE cudagraph is not supported yet.
2026-07-28 09:48:51,786 - 395661 - ServiceProfiler - INFO - VLLM_USE_V1 not set, auto-detected via vLLM 0.1.dev18654+g54503ecec.empty: default 0
INFO 07-28 09:48:51 [__init__.py:112] Registered model loader `<class 'vllm_ascend.model_loader.netloader.netloader.ModelNetLoaderElastic'>` with load format `netloader`
INFO 07-28 09:48:51 [__init__.py:112] Registered model loader `<class 'vllm_ascend.model_loader.rfork.rfork_loader.RForkModelLoader'>` with load format `rfork`
2026-07-28 09:48:51,964 - 395662 - ServiceProfiler - INFO - VLLM_USE_V1 not set, auto-detected via vLLM 0.1.dev18654+g54503ecec.empty: default 0
INFO 07-28 09:48:51 [__init__.py:112] Registered model loader `<class 'vllm_ascend.model_loader.netloader.netloader.ModelNetLoaderElastic'>` with load format `netloader`
INFO 07-28 09:48:51 [__init__.py:112] Registered model loader `<class 'vllm_ascend.model_loader.rfork.rfork_loader.RForkModelLoader'>` with load format `rfork`
2026-07-28 09:48:52,657 - 395663 - ServiceProfiler - INFO - VLLM_USE_V1 not set, auto-detected via vLLM 0.1.dev18654+g54503ecec.empty: default 0
INFO 07-28 09:48:52 [__init__.py:112] Registered model loader `<class 'vllm_ascend.model_loader.netloader.netloader.ModelNetLoaderElastic'>` with load format `netloader`
INFO 07-28 09:48:52 [__init__.py:112] Registered model loader `<class 'vllm_ascend.model_loader.rfork.rfork_loader.RForkModelLoader'>` with load format `rfork`
2026-07-28 09:48:53,028 - 395707 - ServiceProfiler - INFO - VLLM_USE_V1 not set, auto-detected via vLLM 0.1.dev18654+g54503ecec.empty: default 0
INFO 07-28 09:48:53 [__init__.py:112] Registered model loader `<class 'vllm_ascend.model_loader.netloader.netloader.ModelNetLoaderElastic'>` with load format `netloader`
INFO 07-28 09:48:53 [__init__.py:112] Registered model loader `<class 'vllm_ascend.model_loader.rfork.rfork_loader.RForkModelLoader'>` with load format `rfork`
2026-07-28 09:48:53,070 - 395664 - ServiceProfiler - INFO - VLLM_USE_V1 not set, auto-detected via vLLM 0.1.dev18654+g54503ecec.empty: default 0
INFO 07-28 09:48:53 [__init__.py:112] Registered model loader `<class 'vllm_ascend.model_loader.netloader.netloader.ModelNetLoaderElastic'>` with load format `netloader`
INFO 07-28 09:48:53 [__init__.py:112] Registered model loader `<class 'vllm_ascend.model_loader.rfork.rfork_loader.RForkModelLoader'>` with load format `rfork`
2026-07-28 09:48:53,283 - 395706 - ServiceProfiler - INFO - VLLM_USE_V1 not set, auto-detected via vLLM 0.1.dev18654+g54503ecec.empty: default 0
INFO 07-28 09:48:53 [__init__.py:112] Registered model loader `<class 'vllm_ascend.model_loader.netloader.netloader.ModelNetLoaderElastic'>` with load format `netloader`
INFO 07-28 09:48:53 [__init__.py:112] Registered model loader `<class 'vllm_ascend.model_loader.rfork.rfork_loader.RForkModelLoader'>` with load format `rfork`
INFO 07-28 09:48:53 [ascend_config.py:490] finegrained_tp_config enabled: lmhead_tensor_parallel_size=2
INFO 07-28 09:48:53 [ascend_config.py:824] Dynamic EPLB is False
INFO 07-28 09:48:53 [ascend_config.py:825] The number of redundant experts is 0
INFO 07-28 09:48:53 [ascend_config.py:289] AscendConfig.enable_mlapo falls back to environment variable VLLM_ASCEND_ENABLE_MLAPO with value True. Please use additional_config.enable_mlapo instead, because VLLM_ASCEND_ENABLE_MLAPO will be removed in the next release.
2026-07-28 09:48:53,371 - 395704 - ServiceProfiler - INFO - VLLM_USE_V1 not set, auto-detected via vLLM 0.1.dev18654+g54503ecec.empty: default 0
INFO 07-28 09:48:53 [__init__.py:112] Registered model loader `<class 'vllm_ascend.model_loader.netloader.netloader.ModelNetLoaderElastic'>` with load format `netloader`
INFO 07-28 09:48:53 [__init__.py:112] Registered model loader `<class 'vllm_ascend.model_loader.rfork.rfork_loader.RForkModelLoader'>` with load format `rfork`
INFO 07-28 09:48:53 [ascend_config.py:490] finegrained_tp_config enabled: lmhead_tensor_parallel_size=2
INFO 07-28 09:48:53 [ascend_config.py:824] Dynamic EPLB is False
INFO 07-28 09:48:53 [ascend_config.py:825] The number of redundant experts is 0
INFO 07-28 09:48:53 [ascend_config.py:289] AscendConfig.enable_mlapo falls back to environment variable VLLM_ASCEND_ENABLE_MLAPO with value True. Please use additional_config.enable_mlapo instead, because VLLM_ASCEND_ENABLE_MLAPO will be removed in the next release.
2026-07-28 09:48:53,610 - 395729 - ServiceProfiler - INFO - VLLM_USE_V1 not set, auto-detected via vLLM 0.1.dev18654+g54503ecec.empty: default 0
INFO 07-28 09:48:53 [__init__.py:112] Registered model loader `<class 'vllm_ascend.model_loader.netloader.netloader.ModelNetLoaderElastic'>` with load format `netloader`
INFO 07-28 09:48:53 [__init__.py:112] Registered model loader `<class 'vllm_ascend.model_loader.rfork.rfork_loader.RForkModelLoader'>` with load format `rfork`
INFO 07-28 09:48:54 [ascend_config.py:490] finegrained_tp_config enabled: lmhead_tensor_parallel_size=2
INFO 07-28 09:48:54 [ascend_config.py:824] Dynamic EPLB is False
INFO 07-28 09:48:54 [ascend_config.py:825] The number of redundant experts is 0
INFO 07-28 09:48:54 [ascend_config.py:289] AscendConfig.enable_mlapo falls back to environment variable VLLM_ASCEND_ENABLE_MLAPO with value True. Please use additional_config.enable_mlapo instead, because VLLM_ASCEND_ENABLE_MLAPO will be removed in the next release.
INFO 07-28 09:48:54 [ascend_config.py:490] finegrained_tp_config enabled: lmhead_tensor_parallel_size=2
INFO 07-28 09:48:54 [ascend_config.py:824] Dynamic EPLB is False
INFO 07-28 09:48:54 [ascend_config.py:825] The number of redundant experts is 0
INFO 07-28 09:48:54 [ascend_config.py:289] AscendConfig.enable_mlapo falls back to environment variable VLLM_ASCEND_ENABLE_MLAPO with value True. Please use additional_config.enable_mlapo instead, because VLLM_ASCEND_ENABLE_MLAPO will be removed in the next release.
INFO 07-28 09:48:54 [ascend_config.py:490] finegrained_tp_config enabled: lmhead_tensor_parallel_size=2
INFO 07-28 09:48:54 [ascend_config.py:490] finegrained_tp_config enabled: lmhead_tensor_parallel_size=2
INFO 07-28 09:48:54 [ascend_config.py:824] Dynamic EPLB is False
INFO 07-28 09:48:54 [ascend_config.py:824] Dynamic EPLB is False
INFO 07-28 09:48:54 [ascend_config.py:825] The number of redundant experts is 0
INFO 07-28 09:48:54 [ascend_config.py:825] The number of redundant experts is 0
INFO 07-28 09:48:54 [ascend_config.py:289] AscendConfig.enable_mlapo falls back to environment variable VLLM_ASCEND_ENABLE_MLAPO with value True. Please use additional_config.enable_mlapo instead, because VLLM_ASCEND_ENABLE_MLAPO will be removed in the next release.
INFO 07-28 09:48:54 [ascend_config.py:289] AscendConfig.enable_mlapo falls back to environment variable VLLM_ASCEND_ENABLE_MLAPO with value True. Please use additional_config.enable_mlapo instead, because VLLM_ASCEND_ENABLE_MLAPO will be removed in the next release.
INFO 07-28 09:48:54 [ascend_config.py:490] finegrained_tp_config enabled: lmhead_tensor_parallel_size=2
INFO 07-28 09:48:54 [ascend_config.py:824] Dynamic EPLB is False
INFO 07-28 09:48:54 [ascend_config.py:825] The number of redundant experts is 0
INFO 07-28 09:48:54 [ascend_config.py:289] AscendConfig.enable_mlapo falls back to environment variable VLLM_ASCEND_ENABLE_MLAPO with value True. Please use additional_config.enable_mlapo instead, because VLLM_ASCEND_ENABLE_MLAPO will be removed in the next release.
INFO 07-28 09:48:55 [ascend_config.py:490] finegrained_tp_config enabled: lmhead_tensor_parallel_size=2
INFO 07-28 09:48:55 [ascend_config.py:824] Dynamic EPLB is False
INFO 07-28 09:48:55 [ascend_config.py:825] The number of redundant experts is 0
INFO 07-28 09:48:55 [ascend_config.py:289] AscendConfig.enable_mlapo falls back to environment variable VLLM_ASCEND_ENABLE_MLAPO with value True. Please use additional_config.enable_mlapo instead, because VLLM_ASCEND_ENABLE_MLAPO will be removed in the next release.
(Worker pid=395661) INFO 07-28 09:48:55 [parallel_state.py:1607] world_size=16 rank=5 local_rank=1 distributed_init_method=tcp://127.0.0.1:37202 backend=hccl
(Worker pid=395662) INFO 07-28 09:48:55 [parallel_state.py:1607] world_size=16 rank=3 local_rank=1 distributed_init_method=tcp://127.0.0.1:37202 backend=hccl
(Worker pid=395663) INFO 07-28 09:48:56 [parallel_state.py:1607] world_size=16 rank=15 local_rank=1 distributed_init_method=tcp://127.0.0.1:37202 backend=hccl
(Worker pid=395707) INFO 07-28 09:48:56 [parallel_state.py:1607] world_size=16 rank=7 local_rank=1 distributed_init_method=tcp://127.0.0.1:37202 backend=hccl
(Worker pid=395704) INFO 07-28 09:48:56 [parallel_state.py:1607] world_size=16 rank=11 local_rank=1 distributed_init_method=tcp://127.0.0.1:37202 backend=hccl
(Worker pid=395664) INFO 07-28 09:48:56 [parallel_state.py:1607] world_size=16 rank=13 local_rank=1 distributed_init_method=tcp://127.0.0.1:37202 backend=hccl
(Worker pid=395706) INFO 07-28 09:48:56 [parallel_state.py:1607] world_size=16 rank=1 local_rank=1 distributed_init_method=tcp://127.0.0.1:37202 backend=hccl
(Worker pid=395729) INFO 07-28 09:48:56 [parallel_state.py:1607] world_size=16 rank=9 local_rank=1 distributed_init_method=tcp://127.0.0.1:37202 backend=hccl
[Gloo] Rank 0 is connected to 15 peer ranks. Expected number of connected peer ranks is : 15
[Gloo] Rank 1 is connected to 15 peer ranks. Expected number of connected peer ranks is : 15
[Gloo] Rank 3 is connected to 15 peer ranks. Expected number of connected peer ranks is : 15
[Gloo] Rank 13 is connected to 15 peer ranks. Expected number of connected peer ranks is : 15
[Gloo] Rank 2 is connected to 15 peer ranks. Expected number of connected peer ranks is : 15
[Gloo] Rank 12 is connected to 15 peer ranks. Expected number of connected peer ranks is : 15
[Gloo] Rank 5 is connected to 15 peer ranks. Expected number of connected peer ranks is : 15
[Gloo] Rank 4 is connected to 15 peer ranks. Expected number of connected peer ranks is : 15
[Gloo] Rank 6 is connected to 15 peer ranks. Expected number of connected peer ranks is : 15
[Gloo] Rank 7 is connected to 15 peer ranks. Expected number of connected peer ranks is : 15
[Gloo] Rank 11 is connected to 15 peer ranks. Expected number of connected peer ranks is : 15
[Gloo] Rank 8 is connected to 15 peer ranks. Expected number of connected peer ranks is : 15
[Gloo] Rank 9 is connected to 15 peer ranks. Expected number of connected peer ranks is : 15
[Gloo] Rank 10 is connected to 15 peer ranks. Expected number of connected peer ranks is : 15
[Gloo] Rank 14 is connected to 15 peer ranks. Expected number of connected peer ranks is : 15
[Gloo] Rank 15 is connected to 15 peer ranks. Expected number of connected peer ranks is : 15
[Gloo] Rank 0 is connected to 1 peer ranks. Expected number of connected peer ranks is : 1
[Gloo] Rank 1 is connected to 1 peer ranks. Expected number of connected peer ranks is : 1
[Gloo] Rank 0 is connected to 0 peer ranks. Expected number of connected peer ranks is : 0
[Gloo] Rank 0 is connected to 0 peer ranks. Expected number of connected peer ranks is : 0
[Gloo] Rank 0 is connected to 0 peer ranks. Expected number of connected peer ranks is : 0
[Gloo] Rank 0 is connected to 0 peer ranks. Expected number of connected peer ranks is : 0
[Gloo] Rank 0 is connected to 0 peer ranks. Expected number of connected peer ranks is : 0
[Gloo] Rank 0 is connected to 0 peer ranks. Expected number of connected peer ranks is : 0
[Gloo] Rank 1 is connected to 1 peer ranks. Expected number of connected peer ranks is : 1
[Gloo] Rank 0 is connected to 1 peer ranks. Expected number of connected peer ranks is : 1
[Gloo] Rank 0 is connected to 1 peer ranks. Expected number of connected peer ranks is : 1
[Gloo] Rank 1 is connected to 1 peer ranks. Expected number of connected peer ranks is : 1
[Gloo] Rank 0 is connected to 1 peer ranks. Expected number of connected peer ranks is : 1
[Gloo] Rank 1 is connected to 1 peer ranks. Expected number of connected peer ranks is : 1
[Gloo] Rank 0 is connected to 1 peer ranks. Expected number of connected peer ranks is : 1
[Gloo] Rank 1 is connected to 1 peer ranks. Expected number of connected peer ranks is : 1
[Gloo] Rank 0 is connected to 1 peer ranks. Expected number of connected peer ranks is : 1
[Gloo] Rank 1 is connected to 1 peer ranks. Expected number of connected peer ranks is : 1
[Gloo] Rank 1 is connected to 1 peer ranks. Expected number of connected peer ranks is : 1
[Gloo] Rank 0 is connected to 1 peer ranks. Expected number of connected peer ranks is : 1
[Gloo] Rank 0 is connected to 1 peer ranks. Expected number of connected peer ranks is : 1
[Gloo] Rank 1 is connected to 1 peer ranks. Expected number of connected peer ranks is : 1
[Gloo] Rank 0 is connected to 0 peer ranks. Expected number of connected peer ranks is : 0
[Gloo] Rank 0 is connected to 0 peer ranks. Expected number of connected peer ranks is : 0
[Gloo] Rank 0 is connected to 0 peer ranks. Expected number of connected peer ranks is : 0
[Gloo] Rank 0 is connected to 0 peer ranks. Expected number of connected peer ranks is : 0
[Gloo] Rank 0 is connected to 0 peer ranks. Expected number of connected peer ranks is : 0
[Gloo] Rank 0 is connected to 0 peer ranks. Expected number of connected peer ranks is : 0
[Gloo] Rank 0 is connected to 0 peer ranks. Expected number of connected peer ranks is : 0
[Gloo] Rank 0 is connected to 0 peer ranks. Expected number of connected peer ranks is : 0
[Gloo] Rank 0 is connected to 0 peer ranks. Expected number of connected peer ranks is : 0
[Gloo] Rank 0 is connected to 0 peer ranks. Expected number of connected peer ranks is : 0
[Gloo] Rank 0 is connected to 0 peer ranks. Expected number of connected peer ranks is : 0
[Gloo] Rank 0 is connected to 0 peer ranks. Expected number of connected peer ranks is : 0
[Gloo] Rank 0 is connected to 0 peer ranks. Expected number of connected peer ranks is : 0
[Gloo] Rank 0 is connected to 0 peer ranks. Expected number of connected peer ranks is : 0
[Gloo] Rank 0 is connected to 0 peer ranks. Expected number of connected peer ranks is : 0
[Gloo] Rank 0 is connected to 0 peer ranks. Expected number of connected peer ranks is : 0
[Gloo] Rank 0 is connected to 0 peer ranks. Expected number of connected peer ranks is : 0
[Gloo] Rank 0 is connected to 0 peer ranks. Expected number of connected peer ranks is : 0
[Gloo] Rank 0 is connected to 0 peer ranks. Expected number of connected peer ranks is : 0
[Gloo] Rank 0 is connected to 0 peer ranks. Expected number of connected peer ranks is : 0
[Gloo] Rank 0 is connected to 0 peer ranks. Expected number of connected peer ranks is : 0
[Gloo] Rank 0 is connected to 0 peer ranks. Expected number of connected peer ranks is : 0
[Gloo] Rank 0 is connected to 0 peer ranks. Expected number of connected peer ranks is : 0
[Gloo] Rank 0 is connected to 0 peer ranks. Expected number of connected peer ranks is : 0
[Gloo] Rank 0 is connected to 0 peer ranks. Expected number of connected peer ranks is : 0
[Gloo] Rank 0 is connected to 0 peer ranks. Expected number of connected peer ranks is : 0
[Gloo] Rank 0 is connected to 0 peer ranks. Expected number of connected peer ranks is : 0
[Gloo] Rank 0 is connected to 0 peer ranks. Expected number of connected peer ranks is : 0
[Gloo] Rank 0 is connected to 0 peer ranks. Expected number of connected peer ranks is : 0
[Gloo] Rank 0 is connected to 0 peer ranks. Expected number of connected peer ranks is : 0
[Gloo] Rank 0 is connected to 0 peer ranks. Expected number of connected peer ranks is : 0
[Gloo] Rank 0 is connected to 0 peer ranks. Expected number of connected peer ranks is : 0
[Gloo] Rank 0 is connected to 0 peer ranks. Expected number of connected peer ranks is : 0
[Gloo] Rank 0 is connected to 0 peer ranks. Expected number of connected peer ranks is : 0
[Gloo] Rank 0 is connected to 0 peer ranks. Expected number of connected peer ranks is : 0
[Gloo] Rank 0 is connected to 0 peer ranks. Expected number of connected peer ranks is : 0
[Gloo] Rank 0 is connected to 0 peer ranks. Expected number of connected peer ranks is : 0
[Gloo] Rank 0 is connected to 0 peer ranks. Expected number of connected peer ranks is : 0
[Gloo] Rank 0 is connected to 0 peer ranks. Expected number of connected peer ranks is : 0
[Gloo] Rank 0 is connected to 0 peer ranks. Expected number of connected peer ranks is : 0
[Gloo] Rank 0 is connected to 0 peer ranks. Expected number of connected peer ranks is : 0
[Gloo] Rank 0 is connected to 0 peer ranks. Expected number of connected peer ranks is : 0
[Gloo] Rank 1 is connected to 7 peer ranks. Expected number of connected peer ranks is : 7
[Gloo] Rank 0 is connected to 7 peer ranks. Expected number of connected peer ranks is : 7
[Gloo] Rank 0 is connected to 7 peer ranks. Expected number of connected peer ranks is : 7
[Gloo] Rank 2 is connected to 7 peer ranks. Expected number of connected peer ranks is : 7
[Gloo] Rank 3 is connected to 7 peer ranks. Expected number of connected peer ranks is : 7
[Gloo] Rank 1 is connected to 7 peer ranks. Expected number of connected peer ranks is : 7
[Gloo] Rank 4 is connected to 7 peer ranks. Expected number of connected peer ranks is : 7
[Gloo] Rank 2 is connected to 7 peer ranks. Expected number of connected peer ranks is : 7
[Gloo] Rank 7 is connected to 7 peer ranks. Expected number of connected peer ranks is : 7
[Gloo] Rank 5 is connected to 7 peer ranks. Expected number of connected peer ranks is : 7
[Gloo] Rank 6 is connected to 7 peer ranks. Expected number of connected peer ranks is : 7
[Gloo] Rank 6 is connected to 7 peer ranks. Expected number of connected peer ranks is : 7
[Gloo] Rank 3 is connected to 7 peer ranks. Expected number of connected peer ranks is : 7
[Gloo] Rank 4 is connected to 7 peer ranks. Expected number of connected peer ranks is : 7
[Gloo] Rank 5 is connected to 7 peer ranks. Expected number of connected peer ranks is : 7
[Gloo] Rank 7 is connected to 7 peer ranks. Expected number of connected peer ranks is : 7
[Gloo] Rank 13 is connected to 15 peer ranks. Expected number of connected peer ranks is : 15
[Gloo] Rank 5 is connected to 15 peer ranks. Expected number of connected peer ranks is : 15
[Gloo] Rank 1 is connected to 15 peer ranks. Expected number of connected peer ranks is : 15
[Gloo] Rank 0 is connected to 15 peer ranks. Expected number of connected peer ranks is : 15
[Gloo] Rank 2 is connected to 15 peer ranks. Expected number of connected peer ranks is : 15
[Gloo] Rank 3 is connected to 15 peer ranks. Expected number of connected peer ranks is : 15
[Gloo] Rank 4 is connected to 15 peer ranks. Expected number of connected peer ranks is : 15
[Gloo] Rank 6 is connected to 15 peer ranks. Expected number of connected peer ranks is : 15
[Gloo] Rank 8 is connected to 15 peer ranks. Expected number of connected peer ranks is : 15
[Gloo] Rank 11 is connected to 15 peer ranks. Expected number of connected peer ranks is : 15
[Gloo] Rank 9 is connected to 15 peer ranks. Expected number of connected peer ranks is : 15
[Gloo] Rank 7 is connected to 15 peer ranks. Expected number of connected peer ranks is : 15
[Gloo] Rank 12 is connected to 15 peer ranks. Expected number of connected peer ranks is : 15
[Gloo] Rank 14 is connected to 15 peer ranks. Expected number of connected peer ranks is : 15
[Gloo] Rank 10 is connected to 15 peer ranks. Expected number of connected peer ranks is : 15
[Gloo] Rank 15 is connected to 15 peer ranks. Expected number of connected peer ranks is : 15
(Worker pid=395296) INFO 07-28 09:48:57 [parallel_state.py:1942] rank 4 in world size 16 is assigned as DP rank 2, PP rank 0, PCP rank 0, TP rank 0, EP rank 4, EPLB rank N/A
(Worker pid=395299) INFO 07-28 09:48:57 [parallel_state.py:1942] rank 6 in world size 16 is assigned as DP rank 3, PP rank 0, PCP rank 0, TP rank 0, EP rank 6, EPLB rank N/A
(Worker pid=395300) INFO 07-28 09:48:57 [parallel_state.py:1942] rank 0 in world size 16 is assigned as DP rank 0, PP rank 0, PCP rank 0, TP rank 0, EP rank 0, EPLB rank N/A
(Worker pid=395294) INFO 07-28 09:48:57 [parallel_state.py:1942] rank 2 in world size 16 is assigned as DP rank 1, PP rank 0, PCP rank 0, TP rank 0, EP rank 2, EPLB rank N/A
(Worker pid=395298) INFO 07-28 09:48:57 [parallel_state.py:1942] rank 8 in world size 16 is assigned as DP rank 4, PP rank 0, PCP rank 0, TP rank 0, EP rank 8, EPLB rank N/A
(Worker pid=395293) INFO 07-28 09:48:57 [parallel_state.py:1942] rank 14 in world size 16 is assigned as DP rank 7, PP rank 0, PCP rank 0, TP rank 0, EP rank 14, EPLB rank N/A
(Worker pid=395295) INFO 07-28 09:48:57 [parallel_state.py:1942] rank 12 in world size 16 is assigned as DP rank 6, PP rank 0, PCP rank 0, TP rank 0, EP rank 12, EPLB rank N/A
(Worker pid=395297) INFO 07-28 09:48:57 [parallel_state.py:1942] rank 10 in world size 16 is assigned as DP rank 5, PP rank 0, PCP rank 0, TP rank 0, EP rank 10, EPLB rank N/A
[Gloo] Rank 0 is connected to 15 peer ranks. Expected number of connected peer ranks is : 15
[Gloo] Rank 1 is connected to 15 peer ranks. Expected number of connected peer ranks is : 15
[Gloo] Rank 5 is connected to 15 peer ranks. Expected number of connected peer ranks is : 15
[Gloo] Rank 3 is connected to 15 peer ranks. Expected number of connected peer ranks is : 15
[Gloo] Rank 1 is connected to 1 peer ranks. Expected number of connected peer ranks is : 1
[Gloo] Rank 0 is connected to 1 peer ranks. Expected number of connected peer ranks is : 1
[Gloo] Rank 2 is connected to 15 peer ranks. Expected number of connected peer ranks is : 15
[Gloo] Rank 13 is connected to 15 peer ranks. Expected number of connected peer ranks is : 15
[Gloo] Rank 10 is connected to 15 peer ranks. Expected number of connected peer ranks is : 15
[Gloo] Rank 4 is connected to 15 peer ranks. Expected number of connected peer ranks is : 15
[Gloo] Rank 8 is connected to 15 peer ranks. Expected number of connected peer ranks is : 15
[Gloo] Rank 6 is connected to 15 peer ranks. Expected number of connected peer ranks is : 15
[Gloo] Rank 7 is connected to 15 peer ranks. Expected number of connected peer ranks is : 15
[Gloo] Rank 12 is connected to 15 peer ranks. Expected number of connected peer ranks is : 15
[Gloo] Rank 11 is connected to 15 peer ranks. Expected number of connected peer ranks is : 15
[Gloo] Rank 9 is connected to 15 peer ranks. Expected number of connected peer ranks is : 15
[Gloo] Rank 14 is connected to 15 peer ranks. Expected number of connected peer ranks is : 15
[Gloo] Rank 15 is connected to 15 peer ranks. Expected number of connected peer ranks is : 15
[Gloo] Rank 1 is connected to 1 peer ranks. Expected number of connected peer ranks is : 1
[Gloo] Rank 0 is connected to 1 peer ranks. Expected number of connected peer ranks is : 1
[Gloo] Rank 0 is connected to 1 peer ranks. Expected number of connected peer ranks is : 1
[Gloo] Rank 1 is connected to 1 peer ranks. Expected number of connected peer ranks is : 1
[Gloo] Rank 1 is connected to 1 peer ranks. Expected number of connected peer ranks is : 1
[Gloo] Rank 0 is connected to 1 peer ranks. Expected number of connected peer ranks is : 1
[Gloo] Rank 0 is connected to 1 peer ranks. Expected number of connected peer ranks is : 1
[Gloo] Rank 1 is connected to 1 peer ranks. Expected number of connected peer ranks is : 1
[Gloo] Rank 1 is connected to 1 peer ranks. Expected number of connected peer ranks is : 1
[Gloo] Rank 0 is connected to 1 peer ranks. Expected number of connected peer ranks is : 1
[Gloo] Rank 0 is connected to 1 peer ranks. Expected number of connected peer ranks is : 1
[Gloo] Rank 1 is connected to 1 peer ranks. Expected number of connected peer ranks is : 1
[Gloo] Rank 0 is connected to 1 peer ranks. Expected number of connected peer ranks is : 1
[Gloo] Rank 1 is connected to 1 peer ranks. Expected number of connected peer ranks is : 1
(Worker pid=395706) WARNING 07-28 09:48:57 [__init__.py:204] min_p and logit_bias parameters won't work with speculative decoding.
(Worker pid=395662) WARNING 07-28 09:48:57 [__init__.py:204] min_p and logit_bias parameters won't work with speculative decoding.
(Worker pid=395300) WARNING 07-28 09:48:57 [__init__.py:204] min_p and logit_bias parameters won't work with speculative decoding.
(Worker pid=395298) WARNING 07-28 09:48:57 [__init__.py:204] min_p and logit_bias parameters won't work with speculative decoding.
(Worker pid=395707) WARNING 07-28 09:48:57 [__init__.py:204] min_p and logit_bias parameters won't work with speculative decoding.
(Worker pid=395729) WARNING 07-28 09:48:57 [__init__.py:204] min_p and logit_bias parameters won't work with speculative decoding.
(Worker pid=395294) WARNING 07-28 09:48:57 [__init__.py:204] min_p and logit_bias parameters won't work with speculative decoding.
(Worker pid=395661) WARNING 07-28 09:48:57 [__init__.py:204] min_p and logit_bias parameters won't work with speculative decoding.
(Worker pid=395297) WARNING 07-28 09:48:57 [__init__.py:204] min_p and logit_bias parameters won't work with speculative decoding.
(Worker pid=395295) WARNING 07-28 09:48:57 [__init__.py:204] min_p and logit_bias parameters won't work with speculative decoding.
(Worker pid=395296) WARNING 07-28 09:48:57 [__init__.py:204] min_p and logit_bias parameters won't work with speculative decoding.
(Worker pid=395704) WARNING 07-28 09:48:57 [__init__.py:204] min_p and logit_bias parameters won't work with speculative decoding.
(Worker pid=395663) WARNING 07-28 09:48:57 [__init__.py:204] min_p and logit_bias parameters won't work with speculative decoding.
(Worker pid=395293) WARNING 07-28 09:48:57 [__init__.py:204] min_p and logit_bias parameters won't work with speculative decoding.
(Worker pid=395664) WARNING 07-28 09:48:57 [__init__.py:204] min_p and logit_bias parameters won't work with speculative decoding.
(Worker pid=395299) WARNING 07-28 09:48:57 [__init__.py:204] min_p and logit_bias parameters won't work with speculative decoding.
(Worker pid=395297) WARNING 07-28 09:48:57 [__init__.py:204] min_p and logit_bias parameters won't work with speculative decoding.
(Worker_DP5_TP0_EP10 pid=395297) INFO 07-28 09:48:57 [model_runner_v1.py:3813] Starting to load model /mnt/weights/DeepSeek-V3.1-Terminus-w8a8-QuaRot-lfs...
(Worker pid=395706) WARNING 07-28 09:48:57 [__init__.py:204] min_p and logit_bias parameters won't work with speculative decoding.
(Worker pid=395729) WARNING 07-28 09:48:57 [__init__.py:204] min_p and logit_bias parameters won't work with speculative decoding.
(Worker pid=395707) WARNING 07-28 09:48:57 [__init__.py:204] min_p and logit_bias parameters won't work with speculative decoding.
(Worker pid=395299) WARNING 07-28 09:48:57 [__init__.py:204] min_p and logit_bias parameters won't work with speculative decoding.
(Worker_DP0_TP1_EP1 pid=395706) INFO 07-28 09:48:57 [model_runner_v1.py:3813] Starting to load model /mnt/weights/DeepSeek-V3.1-Terminus-w8a8-QuaRot-lfs...
(Worker_DP4_TP1_EP9 pid=395729) INFO 07-28 09:48:57 [model_runner_v1.py:3813] Starting to load model /mnt/weights/DeepSeek-V3.1-Terminus-w8a8-QuaRot-lfs...
(Worker_DP3_TP1_EP7 pid=395707) INFO 07-28 09:48:57 [model_runner_v1.py:3813] Starting to load model /mnt/weights/DeepSeek-V3.1-Terminus-w8a8-QuaRot-lfs...
(Worker pid=395704) WARNING 07-28 09:48:57 [__init__.py:204] min_p and logit_bias parameters won't work with speculative decoding.
(Worker pid=395298) WARNING 07-28 09:48:57 [__init__.py:204] min_p and logit_bias parameters won't work with speculative decoding.
(Worker pid=395293) WARNING 07-28 09:48:57 [__init__.py:204] min_p and logit_bias parameters won't work with speculative decoding.
(Worker_DP3_TP0_EP6 pid=395299) INFO 07-28 09:48:57 [model_runner_v1.py:3813] Starting to load model /mnt/weights/DeepSeek-V3.1-Terminus-w8a8-QuaRot-lfs...
(Worker_DP5_TP1_EP11 pid=395704) INFO 07-28 09:48:57 [model_runner_v1.py:3813] Starting to load model /mnt/weights/DeepSeek-V3.1-Terminus-w8a8-QuaRot-lfs...
(Worker_DP4_TP0_EP8 pid=395298) INFO 07-28 09:48:57 [model_runner_v1.py:3813] Starting to load model /mnt/weights/DeepSeek-V3.1-Terminus-w8a8-QuaRot-lfs...
(Worker_DP7_TP0_EP14 pid=395293) INFO 07-28 09:48:57 [model_runner_v1.py:3813] Starting to load model /mnt/weights/DeepSeek-V3.1-Terminus-w8a8-QuaRot-lfs...
(Worker pid=395300) WARNING 07-28 09:48:57 [__init__.py:204] min_p and logit_bias parameters won't work with speculative decoding.
(Worker pid=395662) WARNING 07-28 09:48:57 [__init__.py:204] min_p and logit_bias parameters won't work with speculative decoding.
(Worker pid=395295) WARNING 07-28 09:48:57 [__init__.py:204] min_p and logit_bias parameters won't work with speculative decoding.
(Worker pid=395661) WARNING 07-28 09:48:57 [__init__.py:204] min_p and logit_bias parameters won't work with speculative decoding.
(Worker pid=395296) WARNING 07-28 09:48:57 [__init__.py:204] min_p and logit_bias parameters won't work with speculative decoding.
(Worker_DP0_TP0_EP0 pid=395300) INFO 07-28 09:48:57 [model_runner_v1.py:3813] Starting to load model /mnt/weights/DeepSeek-V3.1-Terminus-w8a8-QuaRot-lfs...
(Worker pid=395663) WARNING 07-28 09:48:57 [__init__.py:204] min_p and logit_bias parameters won't work with speculative decoding.
(Worker pid=395294) WARNING 07-28 09:48:57 [__init__.py:204] min_p and logit_bias parameters won't work with speculative decoding.
(Worker_DP1_TP1_EP3 pid=395662) INFO 07-28 09:48:57 [model_runner_v1.py:3813] Starting to load model /mnt/weights/DeepSeek-V3.1-Terminus-w8a8-QuaRot-lfs...
(Worker_DP2_TP1_EP5 pid=395661) INFO 07-28 09:48:57 [model_runner_v1.py:3813] Starting to load model /mnt/weights/DeepSeek-V3.1-Terminus-w8a8-QuaRot-lfs...
(Worker_DP6_TP0_EP12 pid=395295) INFO 07-28 09:48:57 [model_runner_v1.py:3813] Starting to load model /mnt/weights/DeepSeek-V3.1-Terminus-w8a8-QuaRot-lfs...
(Worker_DP7_TP1_EP15 pid=395663) INFO 07-28 09:48:57 [model_runner_v1.py:3813] Starting to load model /mnt/weights/DeepSeek-V3.1-Terminus-w8a8-QuaRot-lfs...
(Worker_DP2_TP0_EP4 pid=395296) INFO 07-28 09:48:57 [model_runner_v1.py:3813] Starting to load model /mnt/weights/DeepSeek-V3.1-Terminus-w8a8-QuaRot-lfs...
(Worker_DP1_TP0_EP2 pid=395294) INFO 07-28 09:48:57 [model_runner_v1.py:3813] Starting to load model /mnt/weights/DeepSeek-V3.1-Terminus-w8a8-QuaRot-lfs...
(Worker pid=395664) WARNING 07-28 09:48:57 [__init__.py:204] min_p and logit_bias parameters won't work with speculative decoding.
(Worker_DP6_TP1_EP13 pid=395664) INFO 07-28 09:48:57 [model_runner_v1.py:3813] Starting to load model /mnt/weights/DeepSeek-V3.1-Terminus-w8a8-QuaRot-lfs...
(Worker_DP4_TP0_EP8 pid=395298) INFO 07-28 09:48:58 [modelslim_config.py:478] Using the vLLM Ascend modelslim Quantization now!
(Worker_DP6_TP0_EP12 pid=395295) INFO 07-28 09:48:58 [modelslim_config.py:478] Using the vLLM Ascend modelslim Quantization now!
(Worker_DP2_TP0_EP4 pid=395296) INFO 07-28 09:48:58 [modelslim_config.py:478] Using the vLLM Ascend modelslim Quantization now!
(Worker_DP1_TP0_EP2 pid=395294) INFO 07-28 09:48:58 [modelslim_config.py:478] Using the vLLM Ascend modelslim Quantization now!
(Worker_DP0_TP0_EP0 pid=395300) INFO 07-28 09:48:58 [modelslim_config.py:478] Using the vLLM Ascend modelslim Quantization now!
(Worker_DP3_TP0_EP6 pid=395299) INFO 07-28 09:48:58 [modelslim_config.py:478] Using the vLLM Ascend modelslim Quantization now!
(Worker_DP5_TP0_EP10 pid=395297) INFO 07-28 09:48:58 [modelslim_config.py:478] Using the vLLM Ascend modelslim Quantization now!
(Worker_DP7_TP0_EP14 pid=395293) INFO 07-28 09:48:58 [modelslim_config.py:478] Using the vLLM Ascend modelslim Quantization now!
(Worker_DP4_TP0_EP8 pid=395298) INFO 07-28 09:48:58 [expert_map_manager.py:245] [EP Rank 8/16] Expert parallelism is enabled. Expert placement strategy: linear. Local/global number of experts: 16/256. Experts local to global index map: 0->128, 1->129, 2->130, 3->131, 4->132, 5->133, 6->134, 7->135, 8->136, 9->137, 10->138, 11->139, 12->140, 13->141, 14->142, 15->143.
(Worker_DP1_TP0_EP2 pid=395294) INFO 07-28 09:48:58 [expert_map_manager.py:245] [EP Rank 2/16] Expert parallelism is enabled. Expert placement strategy: linear. Local/global number of experts: 16/256. Experts local to global index map: 0->32, 1->33, 2->34, 3->35, 4->36, 5->37, 6->38, 7->39, 8->40, 9->41, 10->42, 11->43, 12->44, 13->45, 14->46, 15->47.
(Worker_DP6_TP0_EP12 pid=395295) INFO 07-28 09:48:58 [expert_map_manager.py:245] [EP Rank 12/16] Expert parallelism is enabled. Expert placement strategy: linear. Local/global number of experts: 16/256. Experts local to global index map: 0->192, 1->193, 2->194, 3->195, 4->196, 5->197, 6->198, 7->199, 8->200, 9->201, 10->202, 11->203, 12->204, 13->205, 14->206, 15->207.
(Worker_DP2_TP0_EP4 pid=395296) INFO 07-28 09:48:58 [expert_map_manager.py:245] [EP Rank 4/16] Expert parallelism is enabled. Expert placement strategy: linear. Local/global number of experts: 16/256. Experts local to global index map: 0->64, 1->65, 2->66, 3->67, 4->68, 5->69, 6->70, 7->71, 8->72, 9->73, 10->74, 11->75, 12->76, 13->77, 14->78, 15->79.
(Worker_DP0_TP0_EP0 pid=395300) INFO 07-28 09:48:58 [expert_map_manager.py:245] [EP Rank 0/16] Expert parallelism is enabled. Expert placement strategy: linear. Local/global number of experts: 16/256. Experts local to global index map: 0->0, 1->1, 2->2, 3->3, 4->4, 5->5, 6->6, 7->7, 8->8, 9->9, 10->10, 11->11, 12->12, 13->13, 14->14, 15->15.
(Worker_DP7_TP0_EP14 pid=395293) INFO 07-28 09:48:58 [expert_map_manager.py:245] [EP Rank 14/16] Expert parallelism is enabled. Expert placement strategy: linear. Local/global number of experts: 16/256. Experts local to global index map: 0->224, 1->225, 2->226, 3->227, 4->228, 5->229, 6->230, 7->231, 8->232, 9->233, 10->234, 11->235, 12->236, 13->237, 14->238, 15->239.
(Worker_DP5_TP0_EP10 pid=395297) INFO 07-28 09:48:58 [expert_map_manager.py:245] [EP Rank 10/16] Expert parallelism is enabled. Expert placement strategy: linear. Local/global number of experts: 16/256. Experts local to global index map: 0->160, 1->161, 2->162, 3->163, 4->164, 5->165, 6->166, 7->167, 8->168, 9->169, 10->170, 11->171, 12->172, 13->173, 14->174, 15->175.
(Worker_DP3_TP0_EP6 pid=395299) INFO 07-28 09:48:58 [expert_map_manager.py:245] [EP Rank 6/16] Expert parallelism is enabled. Expert placement strategy: linear. Local/global number of experts: 16/256. Experts local to global index map: 0->96, 1->97, 2->98, 3->99, 4->100, 5->101, 6->102, 7->103, 8->104, 9->105, 10->106, 11->107, 12->108, 13->109, 14->110, 15->111.
(Worker_DP2_TP1_EP5 pid=395661) INFO 07-28 09:49:08 [compilation.py:1067] Using OOT custom backend for compilation.
(Worker_DP7_TP1_EP15 pid=395663) INFO 07-28 09:49:08 [compilation.py:1067] Using OOT custom backend for compilation.
(Worker_DP4_TP1_EP9 pid=395729) INFO 07-28 09:49:08 [compilation.py:1067] Using OOT custom backend for compilation.
(Worker_DP0_TP0_EP0 pid=395300) INFO 07-28 09:49:08 [compilation.py:1067] Using OOT custom backend for compilation.
(Worker_DP7_TP0_EP14 pid=395293) INFO 07-28 09:49:08 [compilation.py:1067] Using OOT custom backend for compilation.
(Worker_DP4_TP0_EP8 pid=395298) INFO 07-28 09:49:08 [compilation.py:1067] Using OOT custom backend for compilation.
(Worker_DP3_TP1_EP7 pid=395707) INFO 07-28 09:49:08 [compilation.py:1067] Using OOT custom backend for compilation.
(Worker_DP3_TP0_EP6 pid=395299) INFO 07-28 09:49:08 [compilation.py:1067] Using OOT custom backend for compilation.
(Worker_DP0_TP0_EP0 pid=395300) INFO 07-28 09:49:08 [weight_utils.py:857] Filesystem type for checkpoints: EXT4. Checkpoint size: 646.43 GiB. Available RAM: 1884.97 GiB.
(Worker_DP0_TP0_EP0 pid=395300) INFO 07-28 09:49:08 [weight_utils.py:880] Auto-prefetch is disabled because the filesystem (EXT4) is not a recognized network FS (NFS/Lustre). If you want to force prefetching, start vLLM with --safetensors-load-strategy=prefetch.
(Worker_DP0_TP0_EP0 pid=395300) 
Loading safetensors checkpoint shards:   0% Completed | 0/162 [00:00<?, ?it/s]
(Worker_DP2_TP0_EP4 pid=395296) INFO 07-28 09:49:08 [compilation.py:1067] Using OOT custom backend for compilation.
(Worker_DP0_TP1_EP1 pid=395706) INFO 07-28 09:49:08 [compilation.py:1067] Using OOT custom backend for compilation.
(Worker_DP6_TP0_EP12 pid=395295) INFO 07-28 09:49:08 [compilation.py:1067] Using OOT custom backend for compilation.
(Worker_DP7_TP0_EP14 pid=395293) INFO 07-28 09:49:08 [weight_utils.py:857] Filesystem type for checkpoints: EXT4. Checkpoint size: 646.43 GiB. Available RAM: 1884.90 GiB.
(Worker_DP7_TP0_EP14 pid=395293) INFO 07-28 09:49:08 [weight_utils.py:880] Auto-prefetch is disabled because the filesystem (EXT4) is not a recognized network FS (NFS/Lustre). If you want to force prefetching, start vLLM with --safetensors-load-strategy=prefetch.
(Worker_DP1_TP1_EP3 pid=395662) INFO 07-28 09:49:08 [compilation.py:1067] Using OOT custom backend for compilation.
(Worker_DP5_TP0_EP10 pid=395297) INFO 07-28 09:49:08 [compilation.py:1067] Using OOT custom backend for compilation.
(Worker_DP1_TP0_EP2 pid=395294) INFO 07-28 09:49:08 [compilation.py:1067] Using OOT custom backend for compilation.
(Worker_DP5_TP1_EP11 pid=395704) INFO 07-28 09:49:08 [compilation.py:1067] Using OOT custom backend for compilation.
(Worker_DP6_TP1_EP13 pid=395664) INFO 07-28 09:49:08 [compilation.py:1067] Using OOT custom backend for compilation.
(Worker_DP4_TP0_EP8 pid=395298) INFO 07-28 09:49:08 [weight_utils.py:857] Filesystem type for checkpoints: EXT4. Checkpoint size: 646.43 GiB. Available RAM: 1884.77 GiB.
(Worker_DP4_TP0_EP8 pid=395298) INFO 07-28 09:49:08 [weight_utils.py:880] Auto-prefetch is disabled because the filesystem (EXT4) is not a recognized network FS (NFS/Lustre). If you want to force prefetching, start vLLM with --safetensors-load-strategy=prefetch.
(Worker_DP3_TP0_EP6 pid=395299) INFO 07-28 09:49:08 [weight_utils.py:857] Filesystem type for checkpoints: EXT4. Checkpoint size: 646.43 GiB. Available RAM: 1884.77 GiB.
(Worker_DP3_TP0_EP6 pid=395299) INFO 07-28 09:49:08 [weight_utils.py:880] Auto-prefetch is disabled because the filesystem (EXT4) is not a recognized network FS (NFS/Lustre). If you want to force prefetching, start vLLM with --safetensors-load-strategy=prefetch.
(Worker_DP2_TP0_EP4 pid=395296) INFO 07-28 09:49:08 [weight_utils.py:857] Filesystem type for checkpoints: EXT4. Checkpoint size: 646.43 GiB. Available RAM: 1884.70 GiB.
(Worker_DP2_TP0_EP4 pid=395296) INFO 07-28 09:49:08 [weight_utils.py:880] Auto-prefetch is disabled because the filesystem (EXT4) is not a recognized network FS (NFS/Lustre). If you want to force prefetching, start vLLM with --safetensors-load-strategy=prefetch.
(Worker_DP6_TP0_EP12 pid=395295) INFO 07-28 09:49:08 [weight_utils.py:857] Filesystem type for checkpoints: EXT4. Checkpoint size: 646.43 GiB. Available RAM: 1884.64 GiB.
(Worker_DP6_TP0_EP12 pid=395295) INFO 07-28 09:49:08 [weight_utils.py:880] Auto-prefetch is disabled because the filesystem (EXT4) is not a recognized network FS (NFS/Lustre). If you want to force prefetching, start vLLM with --safetensors-load-strategy=prefetch.
(Worker_DP1_TP0_EP2 pid=395294) INFO 07-28 09:49:08 [weight_utils.py:857] Filesystem type for checkpoints: EXT4. Checkpoint size: 646.43 GiB. Available RAM: 1884.38 GiB.
(Worker_DP1_TP0_EP2 pid=395294) INFO 07-28 09:49:08 [weight_utils.py:880] Auto-prefetch is disabled because the filesystem (EXT4) is not a recognized network FS (NFS/Lustre). If you want to force prefetching, start vLLM with --safetensors-load-strategy=prefetch.
(Worker_DP5_TP0_EP10 pid=395297) INFO 07-28 09:49:08 [weight_utils.py:857] Filesystem type for checkpoints: EXT4. Checkpoint size: 646.43 GiB. Available RAM: 1884.50 GiB.
(Worker_DP5_TP0_EP10 pid=395297) INFO 07-28 09:49:08 [weight_utils.py:880] Auto-prefetch is disabled because the filesystem (EXT4) is not a recognized network FS (NFS/Lustre). If you want to force prefetching, start vLLM with --safetensors-load-strategy=prefetch.
(Worker_DP0_TP0_EP0 pid=395300) 
Loading safetensors checkpoint shards:   1% Completed | 1/162 [00:00<01:15,  2.15it/s]
(Worker_DP0_TP0_EP0 pid=395300) 
Loading safetensors checkpoint shards:   1% Completed | 2/162 [00:00<01:09,  2.31it/s]
(Worker_DP0_TP0_EP0 pid=395300) 
Loading safetensors checkpoint shards:   2% Completed | 3/162 [00:01<00:49,  3.23it/s]
(Worker_DP0_TP0_EP0 pid=395300) 
Loading safetensors checkpoint shards:   2% Completed | 4/162 [00:01<00:48,  3.24it/s]
(Worker_DP0_TP0_EP0 pid=395300) 
Loading safetensors checkpoint shards:   3% Completed | 5/162 [00:01<00:44,  3.51it/s]
(Worker_DP0_TP0_EP0 pid=395300) 
Loading safetensors checkpoint shards:   4% Completed | 6/162 [00:01<00:38,  4.05it/s]
(Worker_DP0_TP0_EP0 pid=395300) 
Loading safetensors checkpoint shards:   4% Completed | 7/162 [00:02<00:41,  3.73it/s]
(Worker_DP0_TP0_EP0 pid=395300) 
Loading safetensors checkpoint shards:   5% Completed | 8/162 [00:02<00:38,  3.97it/s]
(Worker_DP0_TP0_EP0 pid=395300) 
Loading safetensors checkpoint shards:   6% Completed | 9/162 [00:02<00:38,  4.00it/s]
(Worker_DP0_TP0_EP0 pid=395300) 
Loading safetensors checkpoint shards:   6% Completed | 10/162 [00:02<00:40,  3.74it/s]
(Worker_DP0_TP0_EP0 pid=395300) 
Loading safetensors checkpoint shards:   7% Completed | 11/162 [00:03<00:37,  4.03it/s]
(Worker_DP0_TP0_EP0 pid=395300) 
Loading safetensors checkpoint shards:   7% Completed | 12/162 [00:03<00:43,  3.45it/s]
(Worker_DP0_TP0_EP0 pid=395300) 
Loading safetensors checkpoint shards:   8% Completed | 13/162 [00:03<00:41,  3.56it/s]
(Worker_DP0_TP0_EP0 pid=395300) 
Loading safetensors checkpoint shards:   9% Completed | 14/162 [00:03<00:36,  4.03it/s]
(Worker_DP0_TP0_EP0 pid=395300) 
Loading safetensors checkpoint shards:   9% Completed | 15/162 [00:04<00:40,  3.60it/s]
(Worker_DP0_TP0_EP0 pid=395300) 
Loading safetensors checkpoint shards:  10% Completed | 16/162 [00:04<00:39,  3.73it/s]
(Worker_DP0_TP0_EP0 pid=395300) 
Loading safetensors checkpoint shards:  10% Completed | 17/162 [00:04<00:35,  4.07it/s]
(Worker_DP0_TP0_EP0 pid=395300) 
Loading safetensors checkpoint shards:  11% Completed | 18/162 [00:04<00:39,  3.63it/s]
(Worker_DP0_TP0_EP0 pid=395300) 
Loading safetensors checkpoint shards:  12% Completed | 19/162 [00:05<00:37,  3.78it/s]
(Worker_DP0_TP0_EP0 pid=395300) 
Loading safetensors checkpoint shards:  12% Completed | 20/162 [00:05<00:38,  3.72it/s]
(Worker_DP0_TP0_EP0 pid=395300) 
Loading safetensors checkpoint shards:  13% Completed | 21/162 [00:05<00:35,  3.96it/s]
(Worker_DP0_TP0_EP0 pid=395300) 
Loading safetensors checkpoint shards:  14% Completed | 22/162 [00:05<00:31,  4.40it/s]
(Worker_DP0_TP0_EP0 pid=395300) 
Loading safetensors checkpoint shards:  14% Completed | 23/162 [00:06<00:35,  3.94it/s]
(Worker_DP0_TP0_EP0 pid=395300) 
Loading safetensors checkpoint shards:  15% Completed | 24/162 [00:06<00:34,  4.04it/s]
(Worker_DP0_TP0_EP0 pid=395300) 
Loading safetensors checkpoint shards:  15% Completed | 25/162 [00:06<00:30,  4.50it/s]
(Worker_DP0_TP0_EP0 pid=395300) 
Loading safetensors checkpoint shards:  16% Completed | 26/162 [00:06<00:32,  4.17it/s]
(Worker_DP0_TP0_EP0 pid=395300) 
Loading safetensors checkpoint shards:  17% Completed | 27/162 [00:07<00:31,  4.33it/s]
(Worker_DP0_TP0_EP0 pid=395300) 
Loading safetensors checkpoint shards:  17% Completed | 28/162 [00:07<00:35,  3.78it/s]
(Worker_DP0_TP0_EP0 pid=395300) 
Loading safetensors checkpoint shards:  18% Completed | 29/162 [00:07<00:33,  3.95it/s]
(Worker_DP0_TP0_EP0 pid=395300) 
Loading safetensors checkpoint shards:  19% Completed | 30/162 [00:07<00:29,  4.43it/s]
(Worker_DP0_TP0_EP0 pid=395300) 
Loading safetensors checkpoint shards:  19% Completed | 31/162 [00:08<00:34,  3.80it/s]
(Worker_DP0_TP0_EP0 pid=395300) 
Loading safetensors checkpoint shards:  20% Completed | 32/162 [00:08<00:33,  3.87it/s]
(Worker_DP0_TP0_EP0 pid=395300) 
Loading safetensors checkpoint shards:  20% Completed | 33/162 [00:08<00:29,  4.35it/s]
(Worker_DP0_TP0_EP0 pid=395300) 
Loading safetensors checkpoint shards:  21% Completed | 34/162 [00:08<00:33,  3.87it/s]
(Worker_DP0_TP0_EP0 pid=395300) 
Loading safetensors checkpoint shards:  22% Completed | 35/162 [00:09<00:31,  4.09it/s]
(Worker_DP0_TP0_EP0 pid=395300) 
Loading safetensors checkpoint shards:  22% Completed | 36/162 [00:09<00:31,  3.97it/s]
(Worker_DP0_TP0_EP0 pid=395300) 
Loading safetensors checkpoint shards:  23% Completed | 37/162 [00:09<00:30,  4.11it/s]
(Worker_DP0_TP0_EP0 pid=395300) 
Loading safetensors checkpoint shards:  23% Completed | 38/162 [00:09<00:27,  4.53it/s]
(Worker_DP0_TP0_EP0 pid=395300) 
Loading safetensors checkpoint shards:  24% Completed | 39/162 [00:10<00:30,  4.03it/s]
(Worker_DP0_TP0_EP0 pid=395300) 
Loading safetensors checkpoint shards:  25% Completed | 40/162 [00:10<00:29,  4.15it/s]
(Worker_DP0_TP0_EP0 pid=395300) 
Loading safetensors checkpoint shards:  25% Completed | 41/162 [00:10<00:26,  4.60it/s]
(Worker_DP0_TP0_EP0 pid=395300) 
Loading safetensors checkpoint shards:  26% Completed | 42/162 [00:10<00:29,  4.13it/s]
(Worker_DP0_TP0_EP0 pid=395300) 
Loading safetensors checkpoint shards:  27% Completed | 43/162 [00:11<00:28,  4.24it/s]
(Worker_DP0_TP0_EP0 pid=395300) 
Loading safetensors checkpoint shards:  27% Completed | 44/162 [00:11<00:29,  4.04it/s]
(Worker_DP0_TP0_EP0 pid=395300) 
Loading safetensors checkpoint shards:  28% Completed | 45/162 [00:11<00:30,  3.89it/s]
(Worker_DP0_TP0_EP0 pid=395300) 
Loading safetensors checkpoint shards:  28% Completed | 46/162 [00:11<00:27,  4.20it/s]
(Worker_DP0_TP0_EP0 pid=395300) 
Loading safetensors checkpoint shards:  29% Completed | 47/162 [00:12<00:31,  3.70it/s]
(Worker_DP0_TP0_EP0 pid=395300) 
Loading safetensors checkpoint shards:  30% Completed | 48/162 [00:12<00:29,  3.88it/s]
(Worker_DP0_TP0_EP0 pid=395300) 
Loading safetensors checkpoint shards:  30% Completed | 49/162 [00:12<00:25,  4.37it/s]
(Worker_DP0_TP0_EP0 pid=395300) 
Loading safetensors checkpoint shards:  31% Completed | 50/162 [00:12<00:27,  4.04it/s]
(Worker_DP0_TP0_EP0 pid=395300) 
Loading safetensors checkpoint shards:  31% Completed | 51/162 [00:12<00:26,  4.26it/s]
(Worker_DP0_TP0_EP0 pid=395300) 
Loading safetensors checkpoint shards:  32% Completed | 52/162 [00:13<00:25,  4.36it/s]
(Worker_DP0_TP0_EP0 pid=395300) 
Loading safetensors checkpoint shards:  33% Completed | 53/162 [00:13<00:29,  3.64it/s]
(Worker_DP0_TP0_EP0 pid=395300) 
Loading safetensors checkpoint shards:  33% Completed | 54/162 [00:13<00:27,  3.93it/s]
(Worker_DP0_TP0_EP0 pid=395300) 
Loading safetensors checkpoint shards:  34% Completed | 55/162 [00:14<00:27,  3.90it/s]
(Worker_DP0_TP0_EP0 pid=395300) 
Loading safetensors checkpoint shards:  35% Completed | 56/162 [00:14<00:25,  4.11it/s]
(Worker_DP0_TP0_EP0 pid=395300) 
Loading safetensors checkpoint shards:  35% Completed | 57/162 [00:14<00:23,  4.49it/s]
(Worker_DP0_TP0_EP0 pid=395300) 
Loading safetensors checkpoint shards:  36% Completed | 58/162 [00:14<00:26,  3.97it/s]
(Worker_DP0_TP0_EP0 pid=395300) 
Loading safetensors checkpoint shards:  36% Completed | 59/162 [00:14<00:24,  4.17it/s]
(Worker_DP0_TP0_EP0 pid=395300) 
Loading safetensors checkpoint shards:  37% Completed | 60/162 [00:15<00:22,  4.51it/s]
(Worker_DP0_TP0_EP0 pid=395300) 
Loading safetensors checkpoint shards:  38% Completed | 61/162 [00:15<00:24,  4.06it/s]
(Worker_DP0_TP0_EP0 pid=395300) 
Loading safetensors checkpoint shards:  38% Completed | 62/162 [00:15<00:23,  4.28it/s]
(Worker_DP0_TP0_EP0 pid=395300) 
Loading safetensors checkpoint shards:  39% Completed | 63/162 [00:16<00:26,  3.76it/s]
(Worker_DP0_TP0_EP0 pid=395300) 
Loading safetensors checkpoint shards:  40% Completed | 64/162 [00:16<00:24,  4.01it/s]
(Worker_DP0_TP0_EP0 pid=395300) 
Loading safetensors checkpoint shards:  40% Completed | 65/162 [00:16<00:21,  4.52it/s]
(Worker_DP0_TP0_EP0 pid=395300) 
Loading safetensors checkpoint shards:  41% Completed | 66/162 [00:16<00:26,  3.67it/s]
(Worker_DP0_TP0_EP0 pid=395300) 
Loading safetensors checkpoint shards:  41% Completed | 67/162 [00:16<00:24,  3.92it/s]
(Worker_DP0_TP0_EP0 pid=395300) 
Loading safetensors checkpoint shards:  42% Completed | 68/162 [00:17<00:21,  4.46it/s]
(Worker_DP0_TP0_EP0 pid=395300) 
Loading safetensors checkpoint shards:  43% Completed | 69/162 [00:17<00:23,  4.03it/s]
(Worker_DP0_TP0_EP0 pid=395300) 
Loading safetensors checkpoint shards:  43% Completed | 70/162 [00:17<00:21,  4.25it/s]
(Worker_DP0_TP0_EP0 pid=395300) 
Loading safetensors checkpoint shards:  44% Completed | 71/162 [00:18<00:25,  3.60it/s]
(Worker_DP0_TP0_EP0 pid=395300) 
Loading safetensors checkpoint shards:  44% Completed | 72/162 [00:18<00:23,  3.82it/s]
(Worker_DP0_TP0_EP0 pid=395300) 
Loading safetensors checkpoint shards:  45% Completed | 73/162 [00:18<00:21,  4.22it/s]
(Worker_DP0_TP0_EP0 pid=395300) 
Loading safetensors checkpoint shards:  46% Completed | 74/162 [00:18<00:24,  3.59it/s]
(Worker_DP0_TP0_EP0 pid=395300) 
Loading safetensors checkpoint shards:  46% Completed | 75/162 [00:19<00:23,  3.76it/s]
(Worker_DP0_TP0_EP0 pid=395300) 
Loading safetensors checkpoint shards:  47% Completed | 76/162 [00:19<00:20,  4.20it/s]
(Worker_DP0_TP0_EP0 pid=395300) 
Loading safetensors checkpoint shards:  48% Completed | 77/162 [00:19<00:22,  3.71it/s]
(Worker_DP0_TP0_EP0 pid=395300) 
Loading safetensors checkpoint shards:  48% Completed | 78/162 [00:19<00:21,  3.87it/s]
(Worker_DP0_TP0_EP0 pid=395300) 
Loading safetensors checkpoint shards:  49% Completed | 79/162 [00:20<00:22,  3.67it/s]
(Worker_DP0_TP0_EP0 pid=395300) 
Loading safetensors checkpoint shards:  49% Completed | 80/162 [00:20<00:21,  3.78it/s]
(Worker_DP0_TP0_EP0 pid=395300) 
Loading safetensors checkpoint shards:  50% Completed | 81/162 [00:20<00:19,  4.22it/s]
(Worker_DP0_TP0_EP0 pid=395300) 
Loading safetensors checkpoint shards:  51% Completed | 82/162 [00:20<00:20,  3.89it/s]
(Worker_DP0_TP0_EP0 pid=395300) 
Loading safetensors checkpoint shards:  51% Completed | 83/162 [00:21<00:19,  4.08it/s]
(Worker_DP0_TP0_EP0 pid=395300) 
Loading safetensors checkpoint shards:  52% Completed | 84/162 [00:21<00:17,  4.50it/s]
(Worker_DP0_TP0_EP0 pid=395300) 
Loading safetensors checkpoint shards:  52% Completed | 85/162 [00:21<00:19,  3.99it/s]
(Worker_DP0_TP0_EP0 pid=395300) 
Loading safetensors checkpoint shards:  53% Completed | 86/162 [00:21<00:18,  4.14it/s]
(Worker_DP0_TP0_EP0 pid=395300) 
Loading safetensors checkpoint shards:  54% Completed | 87/162 [00:21<00:18,  4.13it/s]
(Worker_DP0_TP0_EP0 pid=395300) 
Loading safetensors checkpoint shards:  54% Completed | 88/162 [00:22<00:19,  3.86it/s]
(Worker_DP0_TP0_EP0 pid=395300) 
Loading safetensors checkpoint shards:  55% Completed | 89/162 [00:22<00:17,  4.23it/s]
(Worker_DP0_TP0_EP0 pid=395300) 
Loading safetensors checkpoint shards:  56% Completed | 90/162 [00:22<00:20,  3.59it/s]
(Worker_DP0_TP0_EP0 pid=395300) 
Loading safetensors checkpoint shards:  56% Completed | 91/162 [00:23<00:18,  3.88it/s]
(Worker_DP0_TP0_EP0 pid=395300) 
Loading safetensors checkpoint shards:  57% Completed | 92/162 [00:23<00:15,  4.44it/s]
(Worker_DP0_TP0_EP0 pid=395300) 
Loading safetensors checkpoint shards:  57% Completed | 93/162 [00:23<00:18,  3.81it/s]
(Worker_DP0_TP0_EP0 pid=395300) 
Loading safetensors checkpoint shards:  58% Completed | 94/162 [00:23<00:17,  3.99it/s]
(Worker_DP0_TP0_EP0 pid=395300) 
Loading safetensors checkpoint shards:  59% Completed | 95/162 [00:23<00:15,  4.27it/s]
(Worker_DP0_TP0_EP0 pid=395300) 
Loading safetensors checkpoint shards:  59% Completed | 96/162 [00:24<00:17,  3.69it/s]
(Worker_DP0_TP0_EP0 pid=395300) 
Loading safetensors checkpoint shards:  60% Completed | 97/162 [00:24<00:16,  3.92it/s]
(Worker_DP0_TP0_EP0 pid=395300) 
Loading safetensors checkpoint shards:  60% Completed | 98/162 [00:24<00:16,  3.81it/s]
(Worker_DP0_TP0_EP0 pid=395300) 
Loading safetensors checkpoint shards:  61% Completed | 99/162 [00:25<00:15,  4.03it/s]
(Worker_DP0_TP0_EP0 pid=395300) 
Loading safetensors checkpoint shards:  62% Completed | 100/162 [00:25<00:13,  4.49it/s]
(Worker_DP0_TP0_EP0 pid=395300) 
Loading safetensors checkpoint shards:  62% Completed | 101/162 [00:25<00:15,  4.03it/s]
(Worker_DP0_TP0_EP0 pid=395300) 
Loading safetensors checkpoint shards:  63% Completed | 102/162 [00:25<00:14,  4.18it/s]
(Worker_DP0_TP0_EP0 pid=395300) 
Loading safetensors checkpoint shards:  64% Completed | 103/162 [00:25<00:12,  4.55it/s]
(Worker_DP0_TP0_EP0 pid=395300) 
Loading safetensors checkpoint shards:  64% Completed | 104/162 [00:26<00:14,  4.12it/s]
(Worker_DP0_TP0_EP0 pid=395300) 
Loading safetensors checkpoint shards:  65% Completed | 105/162 [00:26<00:13,  4.18it/s]
(Worker_DP0_TP0_EP0 pid=395300) 
Loading safetensors checkpoint shards:  65% Completed | 106/162 [00:26<00:16,  3.47it/s]
(Worker_DP0_TP0_EP0 pid=395300) 
Loading safetensors checkpoint shards:  66% Completed | 107/162 [00:27<00:15,  3.59it/s]
(Worker_DP0_TP0_EP0 pid=395300) 
Loading safetensors checkpoint shards:  67% Completed | 108/162 [00:27<00:13,  3.92it/s]
(Worker_DP0_TP0_EP0 pid=395300) 
Loading safetensors checkpoint shards:  67% Completed | 109/162 [00:27<00:14,  3.69it/s]
(Worker_DP0_TP0_EP0 pid=395300) 
Loading safetensors checkpoint shards:  68% Completed | 110/162 [00:27<00:13,  3.98it/s]
(Worker_DP0_TP0_EP0 pid=395300) 
Loading safetensors checkpoint shards:  69% Completed | 111/162 [00:27<00:11,  4.34it/s]
(Worker_DP0_TP0_EP0 pid=395300) 
Loading safetensors checkpoint shards:  69% Completed | 112/162 [00:28<00:13,  3.84it/s]
(Worker_DP0_TP0_EP0 pid=395300) 
Loading safetensors checkpoint shards:  70% Completed | 113/162 [00:28<00:12,  3.97it/s]
(Worker_DP0_TP0_EP0 pid=395300) 
Loading safetensors checkpoint shards:  70% Completed | 114/162 [00:28<00:12,  3.75it/s]
(Worker_DP0_TP0_EP0 pid=395300) 
Loading safetensors checkpoint shards:  71% Completed | 115/162 [00:29<00:11,  3.97it/s]
(Worker_DP0_TP0_EP0 pid=395300) 
Loading safetensors checkpoint shards:  72% Completed | 116/162 [00:29<00:10,  4.42it/s]
(Worker_DP0_TP0_EP0 pid=395300) 
Loading safetensors checkpoint shards:  72% Completed | 117/162 [00:29<00:11,  3.89it/s]
(Worker_DP0_TP0_EP0 pid=395300) 
Loading safetensors checkpoint shards:  73% Completed | 118/162 [00:29<00:10,  4.04it/s]
(Worker_DP0_TP0_EP0 pid=395300) 
Loading safetensors checkpoint shards:  73% Completed | 119/162 [00:29<00:09,  4.42it/s]
(Worker_DP0_TP0_EP0 pid=395300) 
Loading safetensors checkpoint shards:  74% Completed | 120/162 [00:30<00:10,  4.14it/s]
(Worker_DP0_TP0_EP0 pid=395300) 
Loading safetensors checkpoint shards:  75% Completed | 121/162 [00:30<00:09,  4.27it/s]
(Worker_DP0_TP0_EP0 pid=395300) 
Loading safetensors checkpoint shards:  75% Completed | 122/162 [00:30<00:10,  3.85it/s]
(Worker_DP0_TP0_EP0 pid=395300) 
Loading safetensors checkpoint shards:  76% Completed | 123/162 [00:31<00:10,  3.77it/s]
(Worker_DP0_TP0_EP0 pid=395300) 
Loading safetensors checkpoint shards:  77% Completed | 124/162 [00:31<00:09,  4.20it/s]
(Worker_DP0_TP0_EP0 pid=395300) 
Loading safetensors checkpoint shards:  77% Completed | 125/162 [00:31<00:09,  3.91it/s]
(Worker_DP0_TP0_EP0 pid=395300) 
Loading safetensors checkpoint shards:  78% Completed | 126/162 [00:31<00:08,  4.08it/s]
(Worker_DP0_TP0_EP0 pid=395300) 
Loading safetensors checkpoint shards:  78% Completed | 127/162 [00:31<00:07,  4.47it/s]
(Worker_DP0_TP0_EP0 pid=395300) 
Loading safetensors checkpoint shards:  79% Completed | 128/162 [00:32<00:08,  3.84it/s]
(Worker_DP0_TP0_EP0 pid=395300) 
Loading safetensors checkpoint shards:  80% Completed | 129/162 [00:32<00:08,  4.02it/s]
(Worker_DP0_TP0_EP0 pid=395300) 
Loading safetensors checkpoint shards:  80% Completed | 130/162 [00:32<00:07,  4.13it/s]
(Worker_DP0_TP0_EP0 pid=395300) 
Loading safetensors checkpoint shards:  81% Completed | 131/162 [00:33<00:08,  3.72it/s]
(Worker_DP0_TP0_EP0 pid=395300) 
Loading safetensors checkpoint shards:  81% Completed | 132/162 [00:33<00:07,  3.91it/s]
(Worker_DP0_TP0_EP0 pid=395300) 
Loading safetensors checkpoint shards:  82% Completed | 133/162 [00:33<00:08,  3.45it/s]
(Worker_DP0_TP0_EP0 pid=395300) 
Loading safetensors checkpoint shards:  83% Completed | 134/162 [00:33<00:07,  3.72it/s]
(Worker_DP0_TP0_EP0 pid=395300) 
Loading safetensors checkpoint shards:  83% Completed | 135/162 [00:34<00:06,  4.18it/s]
(Worker_DP0_TP0_EP0 pid=395300) 
Loading safetensors checkpoint shards:  84% Completed | 136/162 [00:34<00:06,  3.83it/s]
(Worker_DP0_TP0_EP0 pid=395300) 
Loading safetensors checkpoint shards:  85% Completed | 137/162 [00:34<00:06,  4.01it/s]
(Worker_DP0_TP0_EP0 pid=395300) 
Loading safetensors checkpoint shards:  85% Completed | 138/162 [00:34<00:05,  4.36it/s]
(Worker_DP0_TP0_EP0 pid=395300) 
Loading safetensors checkpoint shards:  86% Completed | 139/162 [00:35<00:05,  3.84it/s]
(Worker_DP0_TP0_EP0 pid=395300) 
Loading safetensors checkpoint shards:  86% Completed | 140/162 [00:35<00:05,  4.05it/s]
(Worker_DP0_TP0_EP0 pid=395300) 
Loading safetensors checkpoint shards:  87% Completed | 141/162 [00:35<00:05,  3.95it/s]
(Worker_DP0_TP0_EP0 pid=395300) 
Loading safetensors checkpoint shards:  88% Completed | 142/162 [00:35<00:04,  4.20it/s]
(Worker_DP0_TP0_EP0 pid=395300) 
Loading safetensors checkpoint shards:  88% Completed | 143/162 [00:35<00:04,  4.64it/s]
(Worker_DP0_TP0_EP0 pid=395300) 
Loading safetensors checkpoint shards:  89% Completed | 144/162 [00:36<00:04,  4.37it/s]
(Worker_DP0_TP0_EP0 pid=395300) 
Loading safetensors checkpoint shards:  90% Completed | 145/162 [00:36<00:03,  4.46it/s]
(Worker_DP0_TP0_EP0 pid=395300) 
Loading safetensors checkpoint shards:  90% Completed | 146/162 [00:36<00:03,  4.90it/s]
(Worker_DP0_TP0_EP0 pid=395300) 
Loading safetensors checkpoint shards:  91% Completed | 147/162 [00:36<00:03,  4.29it/s]
(Worker_DP0_TP0_EP0 pid=395300) 
Loading safetensors checkpoint shards:  91% Completed | 148/162 [00:37<00:03,  4.47it/s]
(Worker_DP0_TP0_EP0 pid=395300) 
Loading safetensors checkpoint shards:  92% Completed | 149/162 [00:37<00:03,  3.73it/s]
(Worker_DP0_TP0_EP0 pid=395300) 
Loading safetensors checkpoint shards:  93% Completed | 150/162 [00:37<00:03,  3.86it/s]
(Worker_DP0_TP0_EP0 pid=395300) 
Loading safetensors checkpoint shards:  93% Completed | 151/162 [00:37<00:02,  4.29it/s]
(Worker_DP0_TP0_EP0 pid=395300) 
Loading safetensors checkpoint shards:  94% Completed | 152/162 [00:38<00:02,  3.66it/s]
(Worker_DP0_TP0_EP0 pid=395300) 
Loading safetensors checkpoint shards:  94% Completed | 153/162 [00:38<00:02,  3.87it/s]
(Worker_DP0_TP0_EP0 pid=395300) 
Loading safetensors checkpoint shards:  95% Completed | 154/162 [00:38<00:01,  4.35it/s]
(Worker_DP0_TP0_EP0 pid=395300) 
Loading safetensors checkpoint shards:  96% Completed | 155/162 [00:38<00:01,  4.15it/s]
(Worker_DP0_TP0_EP0 pid=395300) 
Loading safetensors checkpoint shards:  96% Completed | 156/162 [00:39<00:01,  4.37it/s]
(Worker_DP0_TP0_EP0 pid=395300) 
Loading safetensors checkpoint shards:  97% Completed | 157/162 [00:39<00:01,  4.91it/s]
(Worker_DP0_TP0_EP0 pid=395300) 
Loading safetensors checkpoint shards:  98% Completed | 158/162 [00:39<00:00,  4.81it/s]
(Worker_DP0_TP0_EP0 pid=395300) 
Loading safetensors checkpoint shards:  99% Completed | 160/162 [00:39<00:00,  7.29it/s]
(Worker_DP0_TP0_EP0 pid=395300) 
Loading safetensors checkpoint shards: 100% Completed | 162/162 [00:39<00:00,  4.10it/s]
(Worker_DP0_TP0_EP0 pid=395300) 
(Worker_DP0_TP0_EP0 pid=395300) INFO 07-28 09:49:47 [default_loader.py:430] Loading weights took 39.54 seconds
(Worker_DP4_TP0_EP8 pid=395298) INFO 07-28 09:49:48 [default_loader.py:430] Loading weights took 40.27 seconds
(Worker_DP7_TP0_EP14 pid=395293) INFO 07-28 09:49:49 [default_loader.py:430] Loading weights took 41.26 seconds
(Worker_DP3_TP0_EP6 pid=395299) INFO 07-28 09:49:49 [default_loader.py:430] Loading weights took 41.18 seconds
(Worker_DP1_TP0_EP2 pid=395294) INFO 07-28 09:49:49 [default_loader.py:430] Loading weights took 41.03 seconds
(Worker_DP6_TP0_EP12 pid=395295) INFO 07-28 09:49:50 [default_loader.py:430] Loading weights took 41.99 seconds
(Worker_DP2_TP0_EP4 pid=395296) INFO 07-28 09:49:51 [default_loader.py:430] Loading weights took 42.31 seconds
(Worker_DP5_TP0_EP10 pid=395297) INFO 07-28 09:49:51 [default_loader.py:430] Loading weights took 42.70 seconds
INFO 07-28 09:49:55 [__init__.py:52] Available plugins for group vllm.platform_plugins:
INFO 07-28 09:49:55 [__init__.py:54] - ascend -> vllm_ascend:register
INFO 07-28 09:49:55 [__init__.py:57] All plugins in this group will be loaded. Set `VLLM_PLUGINS` to control which plugins to load.
INFO 07-28 09:49:55 [__init__.py:237] Platform plugin ascend is activated
INFO 07-28 09:49:55 [platform.py:61] Breakable cudagraph is force disabled on Ascend because DeepSeek V4 PIECEWISE cudagraph is not supported yet.
INFO 07-28 09:49:56 [__init__.py:52] Available plugins for group vllm.platform_plugins:
INFO 07-28 09:49:56 [__init__.py:54] - ascend -> vllm_ascend:register
INFO 07-28 09:49:56 [__init__.py:57] All plugins in this group will be loaded. Set `VLLM_PLUGINS` to control which plugins to load.
INFO 07-28 09:49:56 [__init__.py:237] Platform plugin ascend is activated
INFO 07-28 09:49:56 [platform.py:61] Breakable cudagraph is force disabled on Ascend because DeepSeek V4 PIECEWISE cudagraph is not supported yet.
INFO 07-28 09:49:56 [__init__.py:52] Available plugins for group vllm.platform_plugins:
INFO 07-28 09:49:56 [__init__.py:54] - ascend -> vllm_ascend:register
INFO 07-28 09:49:56 [__init__.py:57] All plugins in this group will be loaded. Set `VLLM_PLUGINS` to control which plugins to load.
INFO 07-28 09:49:56 [__init__.py:237] Platform plugin ascend is activated
INFO 07-28 09:49:56 [platform.py:61] Breakable cudagraph is force disabled on Ascend because DeepSeek V4 PIECEWISE cudagraph is not supported yet.
INFO 07-28 09:49:57 [__init__.py:52] Available plugins for group vllm.platform_plugins:
INFO 07-28 09:49:57 [__init__.py:54] - ascend -> vllm_ascend:register
INFO 07-28 09:49:57 [__init__.py:57] All plugins in this group will be loaded. Set `VLLM_PLUGINS` to control which plugins to load.
INFO 07-28 09:49:57 [__init__.py:237] Platform plugin ascend is activated
INFO 07-28 09:49:57 [platform.py:61] Breakable cudagraph is force disabled on Ascend because DeepSeek V4 PIECEWISE cudagraph is not supported yet.
INFO 07-28 09:49:58 [__init__.py:52] Available plugins for group vllm.platform_plugins:
INFO 07-28 09:49:58 [__init__.py:54] - ascend -> vllm_ascend:register
INFO 07-28 09:49:58 [__init__.py:57] All plugins in this group will be loaded. Set `VLLM_PLUGINS` to control which plugins to load.
INFO 07-28 09:49:58 [__init__.py:237] Platform plugin ascend is activated
INFO 07-28 09:49:58 [platform.py:61] Breakable cudagraph is force disabled on Ascend because DeepSeek V4 PIECEWISE cudagraph is not supported yet.
INFO 07-28 09:49:58 [__init__.py:52] Available plugins for group vllm.platform_plugins:
INFO 07-28 09:49:58 [__init__.py:54] - ascend -> vllm_ascend:register
INFO 07-28 09:49:58 [__init__.py:57] All plugins in this group will be loaded. Set `VLLM_PLUGINS` to control which plugins to load.
INFO 07-28 09:49:58 [__init__.py:237] Platform plugin ascend is activated
INFO 07-28 09:49:58 [platform.py:61] Breakable cudagraph is force disabled on Ascend because DeepSeek V4 PIECEWISE cudagraph is not supported yet.
INFO 07-28 09:49:59 [__init__.py:52] Available plugins for group vllm.platform_plugins:
INFO 07-28 09:49:59 [__init__.py:54] - ascend -> vllm_ascend:register
INFO 07-28 09:49:59 [__init__.py:57] All plugins in this group will be loaded. Set `VLLM_PLUGINS` to control which plugins to load.
INFO 07-28 09:49:59 [__init__.py:237] Platform plugin ascend is activated
INFO 07-28 09:49:59 [platform.py:61] Breakable cudagraph is force disabled on Ascend because DeepSeek V4 PIECEWISE cudagraph is not supported yet.
INFO 07-28 09:49:59 [__init__.py:52] Available plugins for group vllm.platform_plugins:
INFO 07-28 09:49:59 [__init__.py:54] - ascend -> vllm_ascend:register
INFO 07-28 09:49:59 [__init__.py:57] All plugins in this group will be loaded. Set `VLLM_PLUGINS` to control which plugins to load.
INFO 07-28 09:49:59 [__init__.py:237] Platform plugin ascend is activated
INFO 07-28 09:49:59 [platform.py:61] Breakable cudagraph is force disabled on Ascend because DeepSeek V4 PIECEWISE cudagraph is not supported yet.
INFO 07-28 09:49:59 [__init__.py:52] Available plugins for group vllm.platform_plugins:
INFO 07-28 09:49:59 [__init__.py:54] - ascend -> vllm_ascend:register
INFO 07-28 09:49:59 [__init__.py:57] All plugins in this group will be loaded. Set `VLLM_PLUGINS` to control which plugins to load.
INFO 07-28 09:49:59 [__init__.py:237] Platform plugin ascend is activated
INFO 07-28 09:49:59 [platform.py:61] Breakable cudagraph is force disabled on Ascend because DeepSeek V4 PIECEWISE cudagraph is not supported yet.
INFO 07-28 09:50:00 [__init__.py:52] Available plugins for group vllm.platform_plugins:
INFO 07-28 09:50:00 [__init__.py:54] - ascend -> vllm_ascend:register
INFO 07-28 09:50:00 [__init__.py:57] All plugins in this group will be loaded. Set `VLLM_PLUGINS` to control which plugins to load.
INFO 07-28 09:50:00 [__init__.py:237] Platform plugin ascend is activated
INFO 07-28 09:50:00 [platform.py:61] Breakable cudagraph is force disabled on Ascend because DeepSeek V4 PIECEWISE cudagraph is not supported yet.
INFO 07-28 09:50:00 [__init__.py:52] Available plugins for group vllm.platform_plugins:
INFO 07-28 09:50:00 [__init__.py:54] - ascend -> vllm_ascend:register
INFO 07-28 09:50:00 [__init__.py:57] All plugins in this group will be loaded. Set `VLLM_PLUGINS` to control which plugins to load.
INFO 07-28 09:50:00 [__init__.py:237] Platform plugin ascend is activated
INFO 07-28 09:50:00 [platform.py:61] Breakable cudagraph is force disabled on Ascend because DeepSeek V4 PIECEWISE cudagraph is not supported yet.
INFO 07-28 09:50:00 [__init__.py:52] Available plugins for group vllm.platform_plugins:
INFO 07-28 09:50:00 [__init__.py:54] - ascend -> vllm_ascend:register
INFO 07-28 09:50:00 [__init__.py:57] All plugins in this group will be loaded. Set `VLLM_PLUGINS` to control which plugins to load.
INFO 07-28 09:50:00 [__init__.py:237] Platform plugin ascend is activated
INFO 07-28 09:50:00 [platform.py:61] Breakable cudagraph is force disabled on Ascend because DeepSeek V4 PIECEWISE cudagraph is not supported yet.
INFO 07-28 09:50:00 [__init__.py:52] Available plugins for group vllm.platform_plugins:
INFO 07-28 09:50:00 [__init__.py:54] - ascend -> vllm_ascend:register
INFO 07-28 09:50:00 [__init__.py:57] All plugins in this group will be loaded. Set `VLLM_PLUGINS` to control which plugins to load.
INFO 07-28 09:50:00 [__init__.py:237] Platform plugin ascend is activated
INFO 07-28 09:50:00 [platform.py:61] Breakable cudagraph is force disabled on Ascend because DeepSeek V4 PIECEWISE cudagraph is not supported yet.
INFO 07-28 09:50:01 [__init__.py:52] Available plugins for group vllm.platform_plugins:
INFO 07-28 09:50:01 [__init__.py:54] - ascend -> vllm_ascend:register
INFO 07-28 09:50:01 [__init__.py:57] All plugins in this group will be loaded. Set `VLLM_PLUGINS` to control which plugins to load.
INFO 07-28 09:50:01 [__init__.py:237] Platform plugin ascend is activated
INFO 07-28 09:50:01 [platform.py:61] Breakable cudagraph is force disabled on Ascend because DeepSeek V4 PIECEWISE cudagraph is not supported yet.
INFO 07-28 09:50:01 [__init__.py:52] Available plugins for group vllm.platform_plugins:
INFO 07-28 09:50:01 [__init__.py:54] - ascend -> vllm_ascend:register
INFO 07-28 09:50:01 [__init__.py:57] All plugins in this group will be loaded. Set `VLLM_PLUGINS` to control which plugins to load.
INFO 07-28 09:50:01 [__init__.py:237] Platform plugin ascend is activated
INFO 07-28 09:50:01 [platform.py:61] Breakable cudagraph is force disabled on Ascend because DeepSeek V4 PIECEWISE cudagraph is not supported yet.
INFO 07-28 09:50:01 [__init__.py:52] Available plugins for group vllm.platform_plugins:
INFO 07-28 09:50:01 [__init__.py:54] - ascend -> vllm_ascend:register
INFO 07-28 09:50:01 [__init__.py:57] All plugins in this group will be loaded. Set `VLLM_PLUGINS` to control which plugins to load.
INFO 07-28 09:50:01 [__init__.py:237] Platform plugin ascend is activated
INFO 07-28 09:50:01 [platform.py:61] Breakable cudagraph is force disabled on Ascend because DeepSeek V4 PIECEWISE cudagraph is not supported yet.
(Worker_DP0_TP0_EP0 pid=395300) INFO 07-28 09:50:05 [fused_moe.py:510] [fused_moe/layer] Shared expert split computation validation passed. Integrated and split-path results are consistent.
(Worker_DP4_TP0_EP8 pid=395298) INFO 07-28 09:50:06 [fused_moe.py:510] [fused_moe/layer] Shared expert split computation validation passed. Integrated and split-path results are consistent.
(Worker_DP0_TP0_EP0 pid=395300) INFO 07-28 09:50:09 [model_runner_v1.py:3838] Loading drafter model...
(Worker_DP0_TP0_EP0 pid=395300) INFO 07-28 09:50:09 [vllm.py:1090] Asynchronous scheduling is enabled.
(Worker_DP0_TP0_EP0 pid=395300) WARNING 07-28 09:50:09 [vllm.py:1114] Disabling cascade attention (not yet compatible with async speculative decoding).
(Worker_DP0_TP0_EP0 pid=395300) INFO 07-28 09:50:09 [kernel.py:292] Final IR op priority after setting platform defaults: IrOpPriorityConfig(rms_norm=['native'], fused_add_rms_norm=['native'])
(Worker_DP0_TP0_EP0 pid=395300) WARNING 07-28 09:50:09 [vllm.py:1697] max_num_scheduled_tokens is set to 256 based on the speculative decoding settings. This may lead to suboptimal performance. Consider increasing max_num_batched_tokens to accommodate the additional draft token slots, or decrease num_speculative_tokens or max_num_seqs.
(Worker_DP0_TP0_EP0 pid=395300) WARNING 07-28 09:50:09 [platform.py:1043] GPU-specific parameter is not supported on Ascend. parameter=disable_cascade_attn, value=True, action: resetting to False.
(Worker_DP0_TP0_EP0 pid=395300) INFO 07-28 09:50:09 [ascend_config.py:490] finegrained_tp_config enabled: lmhead_tensor_parallel_size=2
(Worker_DP0_TP0_EP0 pid=395300) INFO 07-28 09:50:09 [ascend_config.py:824] Dynamic EPLB is False
(Worker_DP0_TP0_EP0 pid=395300) INFO 07-28 09:50:09 [ascend_config.py:825] The number of redundant experts is 0
(Worker_DP0_TP0_EP0 pid=395300) INFO 07-28 09:50:09 [platform.py:770] Set PYTORCH_NPU_ALLOC_CONF=expandable_segments:True
(Worker_DP0_TP0_EP0 pid=395300) INFO 07-28 09:50:09 [compilation.py:312] Enabled custom fusions: norm_quant, act_quant
(Worker_DP0_TP0_EP0 pid=395300) INFO 07-28 09:50:09 [llm_base_proposer.py:298] [spec_decode/base] Loading draft model: method=mtp, load_format=None, model=/mnt/weights/DeepSeek-V3.1-Terminus-w8a8-QuaRot-lfs
(Worker_DP0_TP0_EP0 pid=395300) INFO 07-28 09:50:09 [compilation.py:1067] Using OOT custom backend for compilation.
(Worker_DP0_TP0_EP0 pid=395300) INFO 07-28 09:50:09 [weight_utils.py:857] Filesystem type for checkpoints: EXT4. Checkpoint size: 646.43 GiB. Available RAM: 1840.66 GiB.
(Worker_DP0_TP0_EP0 pid=395300) 
Loading safetensors checkpoint shards:   0% Completed | 0/162 [00:00<?, ?it/s]
(Worker_DP0_TP0_EP0 pid=395300) 
Loading safetensors checkpoint shards:   3% Completed | 5/162 [00:00<00:03, 40.37it/s]
(Worker_DP0_TP0_EP0 pid=395300) 
Loading safetensors checkpoint shards:   6% Completed | 10/162 [00:00<00:04, 37.50it/s]
(Worker_DP0_TP0_EP0 pid=395300) 
Loading safetensors checkpoint shards:   9% Completed | 14/162 [00:00<00:04, 36.32it/s]
(Worker_DP0_TP0_EP0 pid=395300) 
Loading safetensors checkpoint shards:  11% Completed | 18/162 [00:00<00:04, 35.79it/s]
(Worker_DP0_TP0_EP0 pid=395300) 
Loading safetensors checkpoint shards:  14% Completed | 22/162 [00:00<00:03, 35.57it/s]
(Worker_DP0_TP0_EP0 pid=395300) 
Loading safetensors checkpoint shards:  16% Completed | 26/162 [00:00<00:03, 35.61it/s]
(Worker_DP2_TP1_EP5 pid=395661) INFO 07-28 09:50:10 [model_runner_v1.py:3838] Loading drafter model...
(Worker_DP2_TP1_EP5 pid=395661) INFO 07-28 09:50:10 [kernel.py:292] Final IR op priority after setting platform defaults: IrOpPriorityConfig(rms_norm=['native'], fused_add_rms_norm=['native'])
(Worker_DP2_TP1_EP5 pid=395661) WARNING 07-28 09:50:10 [platform.py:1043] GPU-specific parameter is not supported on Ascend. parameter=disable_cascade_attn, value=True, action: resetting to False.
(Worker_DP2_TP1_EP5 pid=395661) INFO 07-28 09:50:10 [ascend_config.py:490] finegrained_tp_config enabled: lmhead_tensor_parallel_size=2
(Worker_DP2_TP1_EP5 pid=395661) INFO 07-28 09:50:10 [ascend_config.py:824] Dynamic EPLB is False
(Worker_DP2_TP1_EP5 pid=395661) INFO 07-28 09:50:10 [ascend_config.py:825] The number of redundant experts is 0
(Worker_DP4_TP0_EP8 pid=395298) INFO 07-28 09:50:10 [model_runner_v1.py:3838] Loading drafter model...
(Worker_DP4_TP0_EP8 pid=395298) INFO 07-28 09:50:10 [vllm.py:1090] Asynchronous scheduling is enabled.
(Worker_DP4_TP0_EP8 pid=395298) WARNING 07-28 09:50:10 [vllm.py:1114] Disabling cascade attention (not yet compatible with async speculative decoding).
(Worker_DP4_TP0_EP8 pid=395298) INFO 07-28 09:50:10 [kernel.py:292] Final IR op priority after setting platform defaults: IrOpPriorityConfig(rms_norm=['native'], fused_add_rms_norm=['native'])
(Worker_DP4_TP0_EP8 pid=395298) WARNING 07-28 09:50:10 [vllm.py:1697] max_num_scheduled_tokens is set to 256 based on the speculative decoding settings. This may lead to suboptimal performance. Consider increasing max_num_batched_tokens to accommodate the additional draft token slots, or decrease num_speculative_tokens or max_num_seqs.
(Worker_DP4_TP0_EP8 pid=395298) WARNING 07-28 09:50:10 [platform.py:1043] GPU-specific parameter is not supported on Ascend. parameter=disable_cascade_attn, value=True, action: resetting to False.
(Worker_DP4_TP0_EP8 pid=395298) INFO 07-28 09:50:10 [ascend_config.py:490] finegrained_tp_config enabled: lmhead_tensor_parallel_size=2
(Worker_DP4_TP0_EP8 pid=395298) INFO 07-28 09:50:10 [ascend_config.py:824] Dynamic EPLB is False
(Worker_DP4_TP0_EP8 pid=395298) INFO 07-28 09:50:10 [ascend_config.py:825] The number of redundant experts is 0
(Worker_DP2_TP1_EP5 pid=395661) INFO 07-28 09:50:10 [platform.py:770] Set PYTORCH_NPU_ALLOC_CONF=expandable_segments:True
(Worker_DP2_TP1_EP5 pid=395661) INFO 07-28 09:50:10 [llm_base_proposer.py:298] [spec_decode/base] Loading draft model: method=mtp, load_format=None, model=/mnt/weights/DeepSeek-V3.1-Terminus-w8a8-QuaRot-lfs
(Worker_DP0_TP0_EP0 pid=395300) 
Loading safetensors checkpoint shards:  19% Completed | 30/162 [00:00<00:03, 35.40it/s]
(Worker_DP4_TP0_EP8 pid=395298) INFO 07-28 09:50:10 [platform.py:770] Set PYTORCH_NPU_ALLOC_CONF=expandable_segments:True
(Worker_DP4_TP0_EP8 pid=395298) INFO 07-28 09:50:10 [llm_base_proposer.py:298] [spec_decode/base] Loading draft model: method=mtp, load_format=None, model=/mnt/weights/DeepSeek-V3.1-Terminus-w8a8-QuaRot-lfs
(Worker_DP0_TP0_EP0 pid=395300) 
Loading safetensors checkpoint shards:  21% Completed | 34/162 [00:00<00:03, 35.67it/s]
(Worker_DP0_TP0_EP0 pid=395300) 
Loading safetensors checkpoint shards:  23% Completed | 38/162 [00:01<00:03, 35.59it/s]
(Worker_DP2_TP1_EP5 pid=395661) INFO 07-28 09:50:10 [compilation.py:1067] Using OOT custom backend for compilation.
(Worker_DP4_TP0_EP8 pid=395298) INFO 07-28 09:50:10 [compilation.py:1067] Using OOT custom backend for compilation.
(Worker_DP4_TP0_EP8 pid=395298) INFO 07-28 09:50:10 [weight_utils.py:857] Filesystem type for checkpoints: EXT4. Checkpoint size: 646.43 GiB. Available RAM: 1836.79 GiB.
(Worker_DP0_TP0_EP0 pid=395300) 
Loading safetensors checkpoint shards:  26% Completed | 42/162 [00:01<00:03, 35.36it/s]
(Worker_DP0_TP0_EP0 pid=395300) 
Loading safetensors checkpoint shards:  28% Completed | 46/162 [00:01<00:03, 35.15it/s]
(Worker_DP0_TP0_EP0 pid=395300) 
Loading safetensors checkpoint shards:  31% Completed | 50/162 [00:01<00:03, 34.99it/s]
(Worker_DP0_TP0_EP0 pid=395300) 
Loading safetensors checkpoint shards:  33% Completed | 54/162 [00:01<00:03, 35.21it/s]
(Worker_DP0_TP0_EP0 pid=395300) 
Loading safetensors checkpoint shards:  36% Completed | 58/162 [00:01<00:02, 34.68it/s]
(Worker_DP0_TP0_EP0 pid=395300) 
Loading safetensors checkpoint shards:  38% Completed | 62/162 [00:01<00:02, 34.44it/s]
(Worker_DP0_TP0_EP0 pid=395300) 
Loading safetensors checkpoint shards:  41% Completed | 66/162 [00:01<00:02, 33.57it/s]
(Worker_DP0_TP0_EP0 pid=395300) 
Loading safetensors checkpoint shards:  43% Completed | 70/162 [00:01<00:02, 34.16it/s]
(Worker_DP0_TP0_EP0 pid=395300) 
Loading safetensors checkpoint shards:  46% Completed | 74/162 [00:02<00:02, 34.79it/s]
(Worker_DP0_TP0_EP0 pid=395300) 
Loading safetensors checkpoint shards:  48% Completed | 78/162 [00:02<00:02, 35.27it/s]
(Worker_DP0_TP0_EP0 pid=395300) 
Loading safetensors checkpoint shards:  51% Completed | 82/162 [00:02<00:02, 35.99it/s]
(Worker_DP0_TP0_EP0 pid=395300) 
Loading safetensors checkpoint shards:  53% Completed | 86/162 [00:02<00:02, 36.11it/s]
(Worker_DP0_TP0_EP0 pid=395300) 
Loading safetensors checkpoint shards:  56% Completed | 90/162 [00:02<00:02, 35.85it/s]
(Worker_DP0_TP0_EP0 pid=395300) 
Loading safetensors checkpoint shards:  58% Completed | 94/162 [00:02<00:01, 36.24it/s]
(Worker_DP0_TP0_EP0 pid=395300) 
Loading safetensors checkpoint shards:  60% Completed | 98/162 [00:02<00:01, 36.60it/s]
(Worker_DP0_TP0_EP0 pid=395300) 
Loading safetensors checkpoint shards:  63% Completed | 102/162 [00:02<00:01, 36.52it/s]
(Worker_DP0_TP0_EP0 pid=395300) 
Loading safetensors checkpoint shards:  65% Completed | 106/162 [00:02<00:01, 36.23it/s]
(Worker_DP0_TP0_EP0 pid=395300) 
Loading safetensors checkpoint shards:  68% Completed | 110/162 [00:03<00:01, 35.82it/s]
(Worker_DP0_TP0_EP0 pid=395300) 
Loading safetensors checkpoint shards:  70% Completed | 114/162 [00:03<00:01, 35.49it/s]
(Worker_DP0_TP0_EP0 pid=395300) 
Loading safetensors checkpoint shards:  73% Completed | 118/162 [00:03<00:01, 34.81it/s]
(Worker_DP0_TP0_EP0 pid=395300) 
Loading safetensors checkpoint shards:  75% Completed | 122/162 [00:03<00:01, 34.73it/s]
(Worker_DP0_TP0_EP0 pid=395300) 
Loading safetensors checkpoint shards:  78% Completed | 126/162 [00:03<00:01, 34.64it/s]
(Worker_DP0_TP0_EP0 pid=395300) 
Loading safetensors checkpoint shards:  80% Completed | 130/162 [00:03<00:00, 34.23it/s]
(Worker_DP0_TP0_EP0 pid=395300) 
Loading safetensors checkpoint shards:  83% Completed | 134/162 [00:03<00:00, 32.19it/s]
(Worker_DP0_TP0_EP0 pid=395300) 
Loading safetensors checkpoint shards:  85% Completed | 138/162 [00:03<00:00, 32.58it/s]
(Worker_DP0_TP0_EP0 pid=395300) 
Loading safetensors checkpoint shards:  88% Completed | 142/162 [00:04<00:00, 33.01it/s]
(Worker_DP3_TP0_EP6 pid=395299) INFO 07-28 09:50:13 [fused_moe.py:510] [fused_moe/layer] Shared expert split computation validation passed. Integrated and split-path results are consistent.
(Worker_DP0_TP0_EP0 pid=395300) 
Loading safetensors checkpoint shards:  90% Completed | 146/162 [00:04<00:00, 33.33it/s]
(Worker_DP0_TP0_EP0 pid=395300) 
Loading safetensors checkpoint shards:  93% Completed | 150/162 [00:04<00:00, 33.88it/s]
(Worker_DP0_TP0_EP0 pid=395300) 
Loading safetensors checkpoint shards:  95% Completed | 154/162 [00:04<00:00, 34.08it/s]
(Worker_DP0_TP0_EP0 pid=395300) 
Loading safetensors checkpoint shards:  98% Completed | 158/162 [00:04<00:00, 20.16it/s]
(Worker_DP1_TP1_EP3 pid=395662) INFO 07-28 09:50:14 [model_runner_v1.py:3838] Loading drafter model...
(Worker_DP1_TP1_EP3 pid=395662) INFO 07-28 09:50:14 [kernel.py:292] Final IR op priority after setting platform defaults: IrOpPriorityConfig(rms_norm=['native'], fused_add_rms_norm=['native'])
(Worker_DP1_TP1_EP3 pid=395662) WARNING 07-28 09:50:14 [platform.py:1043] GPU-specific parameter is not supported on Ascend. parameter=disable_cascade_attn, value=True, action: resetting to False.
(Worker_DP1_TP1_EP3 pid=395662) INFO 07-28 09:50:14 [ascend_config.py:490] finegrained_tp_config enabled: lmhead_tensor_parallel_size=2
(Worker_DP1_TP1_EP3 pid=395662) INFO 07-28 09:50:14 [ascend_config.py:824] Dynamic EPLB is False
(Worker_DP1_TP1_EP3 pid=395662) INFO 07-28 09:50:14 [ascend_config.py:825] The number of redundant experts is 0
(Worker_DP1_TP1_EP3 pid=395662) INFO 07-28 09:50:14 [platform.py:770] Set PYTORCH_NPU_ALLOC_CONF=expandable_segments:True
(Worker_DP1_TP1_EP3 pid=395662) INFO 07-28 09:50:14 [llm_base_proposer.py:298] [spec_decode/base] Loading draft model: method=mtp, load_format=None, model=/mnt/weights/DeepSeek-V3.1-Terminus-w8a8-QuaRot-lfs
(Worker_DP3_TP1_EP7 pid=395707) INFO 07-28 09:50:14 [model_runner_v1.py:3838] Loading drafter model...
(Worker_DP3_TP1_EP7 pid=395707) INFO 07-28 09:50:14 [kernel.py:292] Final IR op priority after setting platform defaults: IrOpPriorityConfig(rms_norm=['native'], fused_add_rms_norm=['native'])
(Worker_DP3_TP1_EP7 pid=395707) WARNING 07-28 09:50:14 [platform.py:1043] GPU-specific parameter is not supported on Ascend. parameter=disable_cascade_attn, value=True, action: resetting to False.
(Worker_DP3_TP1_EP7 pid=395707) INFO 07-28 09:50:14 [ascend_config.py:490] finegrained_tp_config enabled: lmhead_tensor_parallel_size=2
(Worker_DP3_TP1_EP7 pid=395707) INFO 07-28 09:50:14 [ascend_config.py:824] Dynamic EPLB is False
(Worker_DP3_TP1_EP7 pid=395707) INFO 07-28 09:50:14 [ascend_config.py:825] The number of redundant experts is 0
(Worker_DP3_TP1_EP7 pid=395707) INFO 07-28 09:50:14 [platform.py:770] Set PYTORCH_NPU_ALLOC_CONF=expandable_segments:True
(Worker_DP3_TP1_EP7 pid=395707) INFO 07-28 09:50:14 [llm_base_proposer.py:298] [spec_decode/base] Loading draft model: method=mtp, load_format=None, model=/mnt/weights/DeepSeek-V3.1-Terminus-w8a8-QuaRot-lfs
(Worker_DP0_TP0_EP0 pid=395300) 
Loading safetensors checkpoint shards:  99% Completed | 161/162 [00:05<00:00, 11.78it/s]
(Worker_DP6_TP1_EP13 pid=395664) INFO 07-28 09:50:14 [model_runner_v1.py:3838] Loading drafter model...
(Worker_DP6_TP1_EP13 pid=395664) INFO 07-28 09:50:14 [kernel.py:292] Final IR op priority after setting platform defaults: IrOpPriorityConfig(rms_norm=['native'], fused_add_rms_norm=['native'])
(Worker_DP6_TP1_EP13 pid=395664) WARNING 07-28 09:50:14 [platform.py:1043] GPU-specific parameter is not supported on Ascend. parameter=disable_cascade_attn, value=True, action: resetting to False.
(Worker_DP6_TP1_EP13 pid=395664) INFO 07-28 09:50:14 [ascend_config.py:490] finegrained_tp_config enabled: lmhead_tensor_parallel_size=2
(Worker_DP6_TP1_EP13 pid=395664) INFO 07-28 09:50:14 [ascend_config.py:824] Dynamic EPLB is False
(Worker_DP6_TP1_EP13 pid=395664) INFO 07-28 09:50:14 [ascend_config.py:825] The number of redundant experts is 0
(Worker_DP1_TP1_EP3 pid=395662) INFO 07-28 09:50:14 [compilation.py:1067] Using OOT custom backend for compilation.
(Worker_DP6_TP1_EP13 pid=395664) INFO 07-28 09:50:15 [platform.py:770] Set PYTORCH_NPU_ALLOC_CONF=expandable_segments:True
(Worker_DP6_TP1_EP13 pid=395664) INFO 07-28 09:50:15 [llm_base_proposer.py:298] [spec_decode/base] Loading draft model: method=mtp, load_format=None, model=/mnt/weights/DeepSeek-V3.1-Terminus-w8a8-QuaRot-lfs
(Worker_DP0_TP0_EP0 pid=395300) 
Loading safetensors checkpoint shards: 100% Completed | 162/162 [00:05<00:00, 28.42it/s]
(Worker_DP0_TP0_EP0 pid=395300) 
(Worker_DP3_TP1_EP7 pid=395707) INFO 07-28 09:50:15 [compilation.py:1067] Using OOT custom backend for compilation.
(Worker_DP0_TP0_EP0 pid=395300) INFO 07-28 09:50:15 [default_loader.py:430] Loading weights took 5.88 seconds
(Worker_DP6_TP1_EP13 pid=395664) INFO 07-28 09:50:15 [compilation.py:1067] Using OOT custom backend for compilation.
(Worker_DP0_TP0_EP0 pid=395300) INFO 07-28 09:50:15 [llm_base_proposer.py:461] [spec_decode/base] Detected MTP model. Sharing target model embedding weights with the draft model.
(Worker_DP0_TP0_EP0 pid=395300) INFO 07-28 09:50:15 [llm_base_proposer.py:522] [spec_decode/base] Wrapping draft model with ACLGraphWrapper: runtime_mode=FULL, use_eagle=True, enable_enpu=False
(Worker_DP4_TP0_EP8 pid=395298) INFO 07-28 09:50:16 [default_loader.py:430] Loading weights took 6.30 seconds
(Worker_DP4_TP0_EP8 pid=395298) INFO 07-28 09:50:16 [llm_base_proposer.py:461] [spec_decode/base] Detected MTP model. Sharing target model embedding weights with the draft model.
(Worker_DP0_TP0_EP0 pid=395300) INFO 07-28 09:50:17 [model_runner_v1.py:3889] Loading model weights took 51.1023 GB
(Worker_DP0_TP0_EP0 pid=395300) INFO 07-28 09:50:17 [model_runner_v1.py:3915] Model runner load_model total time: 79.36 seconds
(Worker_DP4_TP0_EP8 pid=395298) INFO 07-28 09:50:17 [llm_base_proposer.py:522] [spec_decode/base] Wrapping draft model with ACLGraphWrapper: runtime_mode=FULL, use_eagle=True, enable_enpu=False
(Worker_DP3_TP0_EP6 pid=395299) INFO 07-28 09:50:17 [model_runner_v1.py:3838] Loading drafter model...
(Worker_DP3_TP0_EP6 pid=395299) INFO 07-28 09:50:17 [vllm.py:1090] Asynchronous scheduling is enabled.
(Worker_DP3_TP0_EP6 pid=395299) WARNING 07-28 09:50:17 [vllm.py:1114] Disabling cascade attention (not yet compatible with async speculative decoding).
(Worker_DP3_TP0_EP6 pid=395299) INFO 07-28 09:50:17 [kernel.py:292] Final IR op priority after setting platform defaults: IrOpPriorityConfig(rms_norm=['native'], fused_add_rms_norm=['native'])
(Worker_DP3_TP0_EP6 pid=395299) WARNING 07-28 09:50:17 [vllm.py:1697] max_num_scheduled_tokens is set to 256 based on the speculative decoding settings. This may lead to suboptimal performance. Consider increasing max_num_batched_tokens to accommodate the additional draft token slots, or decrease num_speculative_tokens or max_num_seqs.
(Worker_DP3_TP0_EP6 pid=395299) WARNING 07-28 09:50:17 [platform.py:1043] GPU-specific parameter is not supported on Ascend. parameter=disable_cascade_attn, value=True, action: resetting to False.
(Worker_DP3_TP0_EP6 pid=395299) INFO 07-28 09:50:17 [ascend_config.py:490] finegrained_tp_config enabled: lmhead_tensor_parallel_size=2
(Worker_DP3_TP0_EP6 pid=395299) INFO 07-28 09:50:17 [ascend_config.py:824] Dynamic EPLB is False
(Worker_DP3_TP0_EP6 pid=395299) INFO 07-28 09:50:17 [ascend_config.py:825] The number of redundant experts is 0
(Worker_DP3_TP0_EP6 pid=395299) INFO 07-28 09:50:17 [platform.py:770] Set PYTORCH_NPU_ALLOC_CONF=expandable_segments:True
(Worker_DP3_TP0_EP6 pid=395299) INFO 07-28 09:50:17 [llm_base_proposer.py:298] [spec_decode/base] Loading draft model: method=mtp, load_format=None, model=/mnt/weights/DeepSeek-V3.1-Terminus-w8a8-QuaRot-lfs
(Worker_DP2_TP1_EP5 pid=395661) INFO 07-28 09:50:17 [llm_base_proposer.py:461] [spec_decode/base] Detected MTP model. Sharing target model embedding weights with the draft model.
(Worker_DP7_TP0_EP14 pid=395293) INFO 07-28 09:50:17 [fused_moe.py:510] [fused_moe/layer] Shared expert split computation validation passed. Integrated and split-path results are consistent.
(Worker_DP2_TP1_EP5 pid=395661) INFO 07-28 09:50:17 [llm_base_proposer.py:522] [spec_decode/base] Wrapping draft model with ACLGraphWrapper: runtime_mode=FULL, use_eagle=True, enable_enpu=False
(Worker_DP1_TP0_EP2 pid=395294) INFO 07-28 09:50:17 [fused_moe.py:510] [fused_moe/layer] Shared expert split computation validation passed. Integrated and split-path results are consistent.
(Worker_DP3_TP0_EP6 pid=395299) INFO 07-28 09:50:17 [compilation.py:1067] Using OOT custom backend for compilation.
(Worker_DP3_TP0_EP6 pid=395299) INFO 07-28 09:50:17 [weight_utils.py:857] Filesystem type for checkpoints: EXT4. Checkpoint size: 646.43 GiB. Available RAM: 1810.23 GiB.
(Worker_DP6_TP0_EP12 pid=395295) INFO 07-28 09:50:18 [fused_moe.py:510] [fused_moe/layer] Shared expert split computation validation passed. Integrated and split-path results are consistent.
(Worker_DP4_TP0_EP8 pid=395298) INFO 07-28 09:50:18 [model_runner_v1.py:3889] Loading model weights took 51.1023 GB
(Worker_DP4_TP0_EP8 pid=395298) INFO 07-28 09:50:18 [model_runner_v1.py:3915] Model runner load_model total time: 80.91 seconds
(Worker_DP2_TP1_EP5 pid=395661) INFO 07-28 09:50:18 [model_runner_v1.py:3889] Loading model weights took 51.1023 GB
(Worker_DP2_TP1_EP5 pid=395661) INFO 07-28 09:50:18 [model_runner_v1.py:3915] Model runner load_model total time: 80.99 seconds
(Worker_DP2_TP0_EP4 pid=395296) INFO 07-28 09:50:18 [fused_moe.py:510] [fused_moe/layer] Shared expert split computation validation passed. Integrated and split-path results are consistent.
(Worker_DP7_TP0_EP14 pid=395293) INFO 07-28 09:50:20 [model_runner_v1.py:3838] Loading drafter model...
(Worker_DP7_TP0_EP14 pid=395293) INFO 07-28 09:50:20 [vllm.py:1090] Asynchronous scheduling is enabled.
(Worker_DP7_TP0_EP14 pid=395293) WARNING 07-28 09:50:20 [vllm.py:1114] Disabling cascade attention (not yet compatible with async speculative decoding).
(Worker_DP7_TP0_EP14 pid=395293) INFO 07-28 09:50:20 [kernel.py:292] Final IR op priority after setting platform defaults: IrOpPriorityConfig(rms_norm=['native'], fused_add_rms_norm=['native'])
(Worker_DP7_TP0_EP14 pid=395293) WARNING 07-28 09:50:20 [vllm.py:1697] max_num_scheduled_tokens is set to 256 based on the speculative decoding settings. This may lead to suboptimal performance. Consider increasing max_num_batched_tokens to accommodate the additional draft token slots, or decrease num_speculative_tokens or max_num_seqs.
(Worker_DP7_TP0_EP14 pid=395293) WARNING 07-28 09:50:20 [platform.py:1043] GPU-specific parameter is not supported on Ascend. parameter=disable_cascade_attn, value=True, action: resetting to False.
(Worker_DP7_TP0_EP14 pid=395293) INFO 07-28 09:50:20 [ascend_config.py:490] finegrained_tp_config enabled: lmhead_tensor_parallel_size=2
(Worker_DP7_TP0_EP14 pid=395293) INFO 07-28 09:50:20 [ascend_config.py:824] Dynamic EPLB is False
(Worker_DP7_TP0_EP14 pid=395293) INFO 07-28 09:50:20 [ascend_config.py:825] The number of redundant experts is 0
(Worker_DP7_TP0_EP14 pid=395293) INFO 07-28 09:50:20 [platform.py:770] Set PYTORCH_NPU_ALLOC_CONF=expandable_segments:True
(Worker_DP7_TP0_EP14 pid=395293) INFO 07-28 09:50:20 [llm_base_proposer.py:298] [spec_decode/base] Loading draft model: method=mtp, load_format=None, model=/mnt/weights/DeepSeek-V3.1-Terminus-w8a8-QuaRot-lfs
(Worker_DP1_TP1_EP3 pid=395662) INFO 07-28 09:50:20 [llm_base_proposer.py:461] [spec_decode/base] Detected MTP model. Sharing target model embedding weights with the draft model.
(Worker_DP1_TP1_EP3 pid=395662) INFO 07-28 09:50:20 [llm_base_proposer.py:522] [spec_decode/base] Wrapping draft model with ACLGraphWrapper: runtime_mode=FULL, use_eagle=True, enable_enpu=False
(Worker_DP1_TP0_EP2 pid=395294) INFO 07-28 09:50:20 [model_runner_v1.py:3838] Loading drafter model...
(Worker_DP1_TP0_EP2 pid=395294) INFO 07-28 09:50:20 [vllm.py:1090] Asynchronous scheduling is enabled.
(Worker_DP1_TP0_EP2 pid=395294) WARNING 07-28 09:50:20 [vllm.py:1114] Disabling cascade attention (not yet compatible with async speculative decoding).
(Worker_DP1_TP0_EP2 pid=395294) INFO 07-28 09:50:20 [kernel.py:292] Final IR op priority after setting platform defaults: IrOpPriorityConfig(rms_norm=['native'], fused_add_rms_norm=['native'])
(Worker_DP1_TP0_EP2 pid=395294) WARNING 07-28 09:50:20 [vllm.py:1697] max_num_scheduled_tokens is set to 256 based on the speculative decoding settings. This may lead to suboptimal performance. Consider increasing max_num_batched_tokens to accommodate the additional draft token slots, or decrease num_speculative_tokens or max_num_seqs.
(Worker_DP1_TP0_EP2 pid=395294) WARNING 07-28 09:50:20 [platform.py:1043] GPU-specific parameter is not supported on Ascend. parameter=disable_cascade_attn, value=True, action: resetting to False.
(Worker_DP1_TP0_EP2 pid=395294) INFO 07-28 09:50:20 [ascend_config.py:490] finegrained_tp_config enabled: lmhead_tensor_parallel_size=2
(Worker_DP1_TP0_EP2 pid=395294) INFO 07-28 09:50:20 [ascend_config.py:824] Dynamic EPLB is False
(Worker_DP1_TP0_EP2 pid=395294) INFO 07-28 09:50:20 [ascend_config.py:825] The number of redundant experts is 0
(Worker_DP1_TP0_EP2 pid=395294) INFO 07-28 09:50:20 [platform.py:770] Set PYTORCH_NPU_ALLOC_CONF=expandable_segments:True
(Worker_DP1_TP0_EP2 pid=395294) INFO 07-28 09:50:20 [llm_base_proposer.py:298] [spec_decode/base] Loading draft model: method=mtp, load_format=None, model=/mnt/weights/DeepSeek-V3.1-Terminus-w8a8-QuaRot-lfs
(Worker_DP7_TP0_EP14 pid=395293) INFO 07-28 09:50:20 [compilation.py:1067] Using OOT custom backend for compilation.
(Worker_DP7_TP0_EP14 pid=395293) INFO 07-28 09:50:21 [weight_utils.py:857] Filesystem type for checkpoints: EXT4. Checkpoint size: 646.43 GiB. Available RAM: 1796.45 GiB.
(Worker_DP1_TP0_EP2 pid=395294) INFO 07-28 09:50:21 [compilation.py:1067] Using OOT custom backend for compilation.
(Worker_DP1_TP0_EP2 pid=395294) INFO 07-28 09:50:21 [weight_utils.py:857] Filesystem type for checkpoints: EXT4. Checkpoint size: 646.43 GiB. Available RAM: 1796.57 GiB.
(Worker_DP6_TP1_EP13 pid=395664) INFO 07-28 09:50:21 [llm_base_proposer.py:461] [spec_decode/base] Detected MTP model. Sharing target model embedding weights with the draft model.
(Worker_DP6_TP1_EP13 pid=395664) INFO 07-28 09:50:21 [llm_base_proposer.py:522] [spec_decode/base] Wrapping draft model with ACLGraphWrapper: runtime_mode=FULL, use_eagle=True, enable_enpu=False
(Worker_DP3_TP1_EP7 pid=395707) INFO 07-28 09:50:21 [llm_base_proposer.py:461] [spec_decode/base] Detected MTP model. Sharing target model embedding weights with the draft model.
(Worker_DP7_TP1_EP15 pid=395663) INFO 07-28 09:50:21 [model_runner_v1.py:3838] Loading drafter model...
(Worker_DP7_TP1_EP15 pid=395663) INFO 07-28 09:50:21 [kernel.py:292] Final IR op priority after setting platform defaults: IrOpPriorityConfig(rms_norm=['native'], fused_add_rms_norm=['native'])
(Worker_DP7_TP1_EP15 pid=395663) WARNING 07-28 09:50:21 [platform.py:1043] GPU-specific parameter is not supported on Ascend. parameter=disable_cascade_attn, value=True, action: resetting to False.
(Worker_DP7_TP1_EP15 pid=395663) INFO 07-28 09:50:21 [ascend_config.py:490] finegrained_tp_config enabled: lmhead_tensor_parallel_size=2
(Worker_DP7_TP1_EP15 pid=395663) INFO 07-28 09:50:21 [ascend_config.py:824] Dynamic EPLB is False
(Worker_DP7_TP1_EP15 pid=395663) INFO 07-28 09:50:21 [ascend_config.py:825] The number of redundant experts is 0
(Worker_DP3_TP1_EP7 pid=395707) INFO 07-28 09:50:21 [llm_base_proposer.py:522] [spec_decode/base] Wrapping draft model with ACLGraphWrapper: runtime_mode=FULL, use_eagle=True, enable_enpu=False
(Worker_DP6_TP0_EP12 pid=395295) INFO 07-28 09:50:21 [model_runner_v1.py:3838] Loading drafter model...
(Worker_DP6_TP0_EP12 pid=395295) INFO 07-28 09:50:21 [vllm.py:1090] Asynchronous scheduling is enabled.
(Worker_DP6_TP0_EP12 pid=395295) WARNING 07-28 09:50:21 [vllm.py:1114] Disabling cascade attention (not yet compatible with async speculative decoding).
(Worker_DP6_TP0_EP12 pid=395295) INFO 07-28 09:50:21 [kernel.py:292] Final IR op priority after setting platform defaults: IrOpPriorityConfig(rms_norm=['native'], fused_add_rms_norm=['native'])
(Worker_DP6_TP0_EP12 pid=395295) WARNING 07-28 09:50:21 [vllm.py:1697] max_num_scheduled_tokens is set to 256 based on the speculative decoding settings. This may lead to suboptimal performance. Consider increasing max_num_batched_tokens to accommodate the additional draft token slots, or decrease num_speculative_tokens or max_num_seqs.
(Worker_DP6_TP0_EP12 pid=395295) WARNING 07-28 09:50:21 [platform.py:1043] GPU-specific parameter is not supported on Ascend. parameter=disable_cascade_attn, value=True, action: resetting to False.
(Worker_DP6_TP0_EP12 pid=395295) INFO 07-28 09:50:21 [ascend_config.py:490] finegrained_tp_config enabled: lmhead_tensor_parallel_size=2
(Worker_DP6_TP0_EP12 pid=395295) INFO 07-28 09:50:21 [ascend_config.py:824] Dynamic EPLB is False
(Worker_DP6_TP0_EP12 pid=395295) INFO 07-28 09:50:21 [ascend_config.py:825] The number of redundant experts is 0
(Worker_DP7_TP1_EP15 pid=395663) INFO 07-28 09:50:21 [platform.py:770] Set PYTORCH_NPU_ALLOC_CONF=expandable_segments:True
(Worker_DP7_TP1_EP15 pid=395663) INFO 07-28 09:50:21 [llm_base_proposer.py:298] [spec_decode/base] Loading draft model: method=mtp, load_format=None, model=/mnt/weights/DeepSeek-V3.1-Terminus-w8a8-QuaRot-lfs
(Worker_DP6_TP0_EP12 pid=395295) INFO 07-28 09:50:21 [platform.py:770] Set PYTORCH_NPU_ALLOC_CONF=expandable_segments:True
(Worker_DP6_TP0_EP12 pid=395295) INFO 07-28 09:50:21 [llm_base_proposer.py:298] [spec_decode/base] Loading draft model: method=mtp, load_format=None, model=/mnt/weights/DeepSeek-V3.1-Terminus-w8a8-QuaRot-lfs
(Worker_DP7_TP1_EP15 pid=395663) INFO 07-28 09:50:21 [compilation.py:1067] Using OOT custom backend for compilation.
(Worker_DP6_TP0_EP12 pid=395295) INFO 07-28 09:50:22 [compilation.py:1067] Using OOT custom backend for compilation.
(Worker_DP6_TP0_EP12 pid=395295) INFO 07-28 09:50:22 [weight_utils.py:857] Filesystem type for checkpoints: EXT4. Checkpoint size: 646.43 GiB. Available RAM: 1795.67 GiB.
(Worker_DP0_TP1_EP1 pid=395706) INFO 07-28 09:50:22 [model_runner_v1.py:3838] Loading drafter model...
(Worker_DP0_TP1_EP1 pid=395706) INFO 07-28 09:50:22 [kernel.py:292] Final IR op priority after setting platform defaults: IrOpPriorityConfig(rms_norm=['native'], fused_add_rms_norm=['native'])
(Worker_DP0_TP1_EP1 pid=395706) WARNING 07-28 09:50:22 [platform.py:1043] GPU-specific parameter is not supported on Ascend. parameter=disable_cascade_attn, value=True, action: resetting to False.
(Worker_DP0_TP1_EP1 pid=395706) INFO 07-28 09:50:22 [ascend_config.py:490] finegrained_tp_config enabled: lmhead_tensor_parallel_size=2
(Worker_DP0_TP1_EP1 pid=395706) INFO 07-28 09:50:22 [ascend_config.py:824] Dynamic EPLB is False
(Worker_DP0_TP1_EP1 pid=395706) INFO 07-28 09:50:22 [ascend_config.py:825] The number of redundant experts is 0
(Worker_DP2_TP0_EP4 pid=395296) INFO 07-28 09:50:22 [model_runner_v1.py:3838] Loading drafter model...
(Worker_DP2_TP0_EP4 pid=395296) INFO 07-28 09:50:22 [vllm.py:1090] Asynchronous scheduling is enabled.
(Worker_DP2_TP0_EP4 pid=395296) WARNING 07-28 09:50:22 [vllm.py:1114] Disabling cascade attention (not yet compatible with async speculative decoding).
(Worker_DP2_TP0_EP4 pid=395296) INFO 07-28 09:50:22 [kernel.py:292] Final IR op priority after setting platform defaults: IrOpPriorityConfig(rms_norm=['native'], fused_add_rms_norm=['native'])
(Worker_DP2_TP0_EP4 pid=395296) WARNING 07-28 09:50:22 [vllm.py:1697] max_num_scheduled_tokens is set to 256 based on the speculative decoding settings. This may lead to suboptimal performance. Consider increasing max_num_batched_tokens to accommodate the additional draft token slots, or decrease num_speculative_tokens or max_num_seqs.
(Worker_DP0_TP1_EP1 pid=395706) INFO 07-28 09:50:22 [platform.py:770] Set PYTORCH_NPU_ALLOC_CONF=expandable_segments:True
(Worker_DP2_TP0_EP4 pid=395296) WARNING 07-28 09:50:22 [platform.py:1043] GPU-specific parameter is not supported on Ascend. parameter=disable_cascade_attn, value=True, action: resetting to False.
(Worker_DP0_TP1_EP1 pid=395706) INFO 07-28 09:50:22 [llm_base_proposer.py:298] [spec_decode/base] Loading draft model: method=mtp, load_format=None, model=/mnt/weights/DeepSeek-V3.1-Terminus-w8a8-QuaRot-lfs
(Worker_DP2_TP0_EP4 pid=395296) INFO 07-28 09:50:22 [ascend_config.py:490] finegrained_tp_config enabled: lmhead_tensor_parallel_size=2
(Worker_DP2_TP0_EP4 pid=395296) INFO 07-28 09:50:22 [ascend_config.py:824] Dynamic EPLB is False
(Worker_DP2_TP0_EP4 pid=395296) INFO 07-28 09:50:22 [ascend_config.py:825] The number of redundant experts is 0
(Worker_DP2_TP0_EP4 pid=395296) INFO 07-28 09:50:22 [platform.py:770] Set PYTORCH_NPU_ALLOC_CONF=expandable_segments:True
(Worker_DP2_TP0_EP4 pid=395296) INFO 07-28 09:50:22 [llm_base_proposer.py:298] [spec_decode/base] Loading draft model: method=mtp, load_format=None, model=/mnt/weights/DeepSeek-V3.1-Terminus-w8a8-QuaRot-lfs
(Worker_DP0_TP1_EP1 pid=395706) INFO 07-28 09:50:22 [compilation.py:1067] Using OOT custom backend for compilation.
(Worker_DP2_TP0_EP4 pid=395296) INFO 07-28 09:50:22 [compilation.py:1067] Using OOT custom backend for compilation.
(Worker_DP1_TP1_EP3 pid=395662) INFO 07-28 09:50:22 [model_runner_v1.py:3889] Loading model weights took 51.1023 GB
(Worker_DP1_TP1_EP3 pid=395662) INFO 07-28 09:50:22 [model_runner_v1.py:3915] Model runner load_model total time: 84.88 seconds
(Worker_DP2_TP0_EP4 pid=395296) INFO 07-28 09:50:22 [weight_utils.py:857] Filesystem type for checkpoints: EXT4. Checkpoint size: 646.43 GiB. Available RAM: 1794.98 GiB.
(Worker_DP6_TP1_EP13 pid=395664) INFO 07-28 09:50:22 [model_runner_v1.py:3889] Loading model weights took 51.1023 GB
(Worker_DP6_TP1_EP13 pid=395664) INFO 07-28 09:50:22 [model_runner_v1.py:3915] Model runner load_model total time: 85.28 seconds
(Worker_DP3_TP1_EP7 pid=395707) INFO 07-28 09:50:23 [model_runner_v1.py:3889] Loading model weights took 51.1023 GB
(Worker_DP3_TP1_EP7 pid=395707) INFO 07-28 09:50:23 [model_runner_v1.py:3915] Model runner load_model total time: 85.37 seconds
(Worker_DP3_TP0_EP6 pid=395299) INFO 07-28 09:50:23 [default_loader.py:430] Loading weights took 5.82 seconds
(Worker_DP5_TP0_EP10 pid=395297) INFO 07-28 09:50:23 [fused_moe.py:510] [fused_moe/layer] Shared expert split computation validation passed. Integrated and split-path results are consistent.
(Worker_DP3_TP0_EP6 pid=395299) INFO 07-28 09:50:23 [llm_base_proposer.py:461] [spec_decode/base] Detected MTP model. Sharing target model embedding weights with the draft model.
(Worker_DP3_TP0_EP6 pid=395299) INFO 07-28 09:50:23 [llm_base_proposer.py:522] [spec_decode/base] Wrapping draft model with ACLGraphWrapper: runtime_mode=FULL, use_eagle=True, enable_enpu=False
(Worker_DP3_TP0_EP6 pid=395299) INFO 07-28 09:50:24 [model_runner_v1.py:3889] Loading model weights took 51.1023 GB
(Worker_DP3_TP0_EP6 pid=395299) INFO 07-28 09:50:24 [model_runner_v1.py:3915] Model runner load_model total time: 86.85 seconds
(Worker_DP1_TP0_EP2 pid=395294) INFO 07-28 09:50:26 [default_loader.py:430] Loading weights took 5.12 seconds
(Worker_DP1_TP0_EP2 pid=395294) INFO 07-28 09:50:26 [llm_base_proposer.py:461] [spec_decode/base] Detected MTP model. Sharing target model embedding weights with the draft model.
(Worker_DP1_TP0_EP2 pid=395294) INFO 07-28 09:50:26 [llm_base_proposer.py:522] [spec_decode/base] Wrapping draft model with ACLGraphWrapper: runtime_mode=FULL, use_eagle=True, enable_enpu=False
(Worker_DP7_TP0_EP14 pid=395293) INFO 07-28 09:50:26 [default_loader.py:430] Loading weights took 5.52 seconds
(Worker_DP7_TP0_EP14 pid=395293) INFO 07-28 09:50:26 [llm_base_proposer.py:461] [spec_decode/base] Detected MTP model. Sharing target model embedding weights with the draft model.
(Worker_DP5_TP0_EP10 pid=395297) INFO 07-28 09:50:26 [model_runner_v1.py:3838] Loading drafter model...
(Worker_DP5_TP0_EP10 pid=395297) INFO 07-28 09:50:26 [vllm.py:1090] Asynchronous scheduling is enabled.
(Worker_DP5_TP0_EP10 pid=395297) WARNING 07-28 09:50:26 [vllm.py:1114] Disabling cascade attention (not yet compatible with async speculative decoding).
(Worker_DP5_TP0_EP10 pid=395297) INFO 07-28 09:50:26 [kernel.py:292] Final IR op priority after setting platform defaults: IrOpPriorityConfig(rms_norm=['native'], fused_add_rms_norm=['native'])
(Worker_DP5_TP0_EP10 pid=395297) WARNING 07-28 09:50:26 [vllm.py:1697] max_num_scheduled_tokens is set to 256 based on the speculative decoding settings. This may lead to suboptimal performance. Consider increasing max_num_batched_tokens to accommodate the additional draft token slots, or decrease num_speculative_tokens or max_num_seqs.
(Worker_DP5_TP0_EP10 pid=395297) WARNING 07-28 09:50:26 [platform.py:1043] GPU-specific parameter is not supported on Ascend. parameter=disable_cascade_attn, value=True, action: resetting to False.
(Worker_DP5_TP0_EP10 pid=395297) INFO 07-28 09:50:26 [ascend_config.py:490] finegrained_tp_config enabled: lmhead_tensor_parallel_size=2
(Worker_DP5_TP0_EP10 pid=395297) INFO 07-28 09:50:26 [ascend_config.py:824] Dynamic EPLB is False
(Worker_DP5_TP0_EP10 pid=395297) INFO 07-28 09:50:26 [ascend_config.py:825] The number of redundant experts is 0
(Worker_DP7_TP0_EP14 pid=395293) INFO 07-28 09:50:26 [llm_base_proposer.py:522] [spec_decode/base] Wrapping draft model with ACLGraphWrapper: runtime_mode=FULL, use_eagle=True, enable_enpu=False
(Worker_DP5_TP0_EP10 pid=395297) INFO 07-28 09:50:26 [platform.py:770] Set PYTORCH_NPU_ALLOC_CONF=expandable_segments:True
(Worker_DP5_TP0_EP10 pid=395297) INFO 07-28 09:50:26 [llm_base_proposer.py:298] [spec_decode/base] Loading draft model: method=mtp, load_format=None, model=/mnt/weights/DeepSeek-V3.1-Terminus-w8a8-QuaRot-lfs
(Worker_DP4_TP1_EP9 pid=395729) INFO 07-28 09:50:26 [model_runner_v1.py:3838] Loading drafter model...
(Worker_DP4_TP1_EP9 pid=395729) INFO 07-28 09:50:26 [kernel.py:292] Final IR op priority after setting platform defaults: IrOpPriorityConfig(rms_norm=['native'], fused_add_rms_norm=['native'])
(Worker_DP4_TP1_EP9 pid=395729) WARNING 07-28 09:50:26 [platform.py:1043] GPU-specific parameter is not supported on Ascend. parameter=disable_cascade_attn, value=True, action: resetting to False.
(Worker_DP4_TP1_EP9 pid=395729) INFO 07-28 09:50:26 [ascend_config.py:490] finegrained_tp_config enabled: lmhead_tensor_parallel_size=2
(Worker_DP4_TP1_EP9 pid=395729) INFO 07-28 09:50:26 [ascend_config.py:824] Dynamic EPLB is False
(Worker_DP4_TP1_EP9 pid=395729) INFO 07-28 09:50:26 [ascend_config.py:825] The number of redundant experts is 0
(Worker_DP4_TP1_EP9 pid=395729) INFO 07-28 09:50:26 [platform.py:770] Set PYTORCH_NPU_ALLOC_CONF=expandable_segments:True
(Worker_DP4_TP1_EP9 pid=395729) INFO 07-28 09:50:26 [llm_base_proposer.py:298] [spec_decode/base] Loading draft model: method=mtp, load_format=None, model=/mnt/weights/DeepSeek-V3.1-Terminus-w8a8-QuaRot-lfs
(Worker_DP5_TP0_EP10 pid=395297) INFO 07-28 09:50:26 [compilation.py:1067] Using OOT custom backend for compilation.
(Worker_DP5_TP0_EP10 pid=395297) INFO 07-28 09:50:26 [weight_utils.py:857] Filesystem type for checkpoints: EXT4. Checkpoint size: 646.43 GiB. Available RAM: 1793.54 GiB.
(Worker_DP4_TP1_EP9 pid=395729) INFO 07-28 09:50:27 [compilation.py:1067] Using OOT custom backend for compilation.
(Worker_DP6_TP0_EP12 pid=395295) INFO 07-28 09:50:27 [default_loader.py:430] Loading weights took 5.29 seconds
(Worker_DP7_TP1_EP15 pid=395663) INFO 07-28 09:50:27 [llm_base_proposer.py:461] [spec_decode/base] Detected MTP model. Sharing target model embedding weights with the draft model.
(Worker_DP6_TP0_EP12 pid=395295) INFO 07-28 09:50:27 [llm_base_proposer.py:461] [spec_decode/base] Detected MTP model. Sharing target model embedding weights with the draft model.
(Worker_DP7_TP1_EP15 pid=395663) INFO 07-28 09:50:27 [llm_base_proposer.py:522] [spec_decode/base] Wrapping draft model with ACLGraphWrapper: runtime_mode=FULL, use_eagle=True, enable_enpu=False
(Worker_DP5_TP1_EP11 pid=395704) INFO 07-28 09:50:27 [model_runner_v1.py:3838] Loading drafter model...
(Worker_DP5_TP1_EP11 pid=395704) INFO 07-28 09:50:27 [kernel.py:292] Final IR op priority after setting platform defaults: IrOpPriorityConfig(rms_norm=['native'], fused_add_rms_norm=['native'])
(Worker_DP5_TP1_EP11 pid=395704) WARNING 07-28 09:50:27 [platform.py:1043] GPU-specific parameter is not supported on Ascend. parameter=disable_cascade_attn, value=True, action: resetting to False.
(Worker_DP5_TP1_EP11 pid=395704) INFO 07-28 09:50:27 [ascend_config.py:490] finegrained_tp_config enabled: lmhead_tensor_parallel_size=2
(Worker_DP5_TP1_EP11 pid=395704) INFO 07-28 09:50:27 [ascend_config.py:824] Dynamic EPLB is False
(Worker_DP5_TP1_EP11 pid=395704) INFO 07-28 09:50:27 [ascend_config.py:825] The number of redundant experts is 0
(Worker_DP6_TP0_EP12 pid=395295) INFO 07-28 09:50:27 [llm_base_proposer.py:522] [spec_decode/base] Wrapping draft model with ACLGraphWrapper: runtime_mode=FULL, use_eagle=True, enable_enpu=False
(Worker_DP5_TP1_EP11 pid=395704) INFO 07-28 09:50:27 [platform.py:770] Set PYTORCH_NPU_ALLOC_CONF=expandable_segments:True
(Worker_DP5_TP1_EP11 pid=395704) INFO 07-28 09:50:27 [llm_base_proposer.py:298] [spec_decode/base] Loading draft model: method=mtp, load_format=None, model=/mnt/weights/DeepSeek-V3.1-Terminus-w8a8-QuaRot-lfs
(Worker_DP0_TP1_EP1 pid=395706) INFO 07-28 09:50:27 [llm_base_proposer.py:461] [spec_decode/base] Detected MTP model. Sharing target model embedding weights with the draft model.
(Worker_DP0_TP1_EP1 pid=395706) INFO 07-28 09:50:27 [llm_base_proposer.py:522] [spec_decode/base] Wrapping draft model with ACLGraphWrapper: runtime_mode=FULL, use_eagle=True, enable_enpu=False
(Worker_DP5_TP1_EP11 pid=395704) INFO 07-28 09:50:27 [compilation.py:1067] Using OOT custom backend for compilation.
(Worker_DP2_TP0_EP4 pid=395296) INFO 07-28 09:50:27 [default_loader.py:430] Loading weights took 5.29 seconds
(Worker_DP1_TP0_EP2 pid=395294) INFO 07-28 09:50:27 [model_runner_v1.py:3889] Loading model weights took 51.1023 GB
(Worker_DP1_TP0_EP2 pid=395294) INFO 07-28 09:50:27 [model_runner_v1.py:3915] Model runner load_model total time: 90.18 seconds
(Worker_DP2_TP0_EP4 pid=395296) INFO 07-28 09:50:27 [llm_base_proposer.py:461] [spec_decode/base] Detected MTP model. Sharing target model embedding weights with the draft model.
(Worker_DP2_TP0_EP4 pid=395296) INFO 07-28 09:50:27 [llm_base_proposer.py:522] [spec_decode/base] Wrapping draft model with ACLGraphWrapper: runtime_mode=FULL, use_eagle=True, enable_enpu=False
(Worker_DP7_TP0_EP14 pid=395293) INFO 07-28 09:50:27 [model_runner_v1.py:3889] Loading model weights took 51.1023 GB
(Worker_DP7_TP0_EP14 pid=395293) INFO 07-28 09:50:27 [model_runner_v1.py:3915] Model runner load_model total time: 90.31 seconds
(Worker_DP6_TP0_EP12 pid=395295) INFO 07-28 09:50:28 [model_runner_v1.py:3889] Loading model weights took 51.1023 GB
(Worker_DP6_TP0_EP12 pid=395295) INFO 07-28 09:50:28 [model_runner_v1.py:3915] Model runner load_model total time: 91.04 seconds
(Worker_DP7_TP1_EP15 pid=395663) INFO 07-28 09:50:28 [model_runner_v1.py:3889] Loading model weights took 51.1023 GB
(Worker_DP7_TP1_EP15 pid=395663) INFO 07-28 09:50:28 [model_runner_v1.py:3915] Model runner load_model total time: 91.08 seconds
(Worker_DP0_TP1_EP1 pid=395706) INFO 07-28 09:50:29 [model_runner_v1.py:3889] Loading model weights took 51.1023 GB
(Worker_DP0_TP1_EP1 pid=395706) INFO 07-28 09:50:29 [model_runner_v1.py:3915] Model runner load_model total time: 91.44 seconds
(Worker_DP2_TP0_EP4 pid=395296) INFO 07-28 09:50:29 [model_runner_v1.py:3889] Loading model weights took 51.1023 GB
(Worker_DP2_TP0_EP4 pid=395296) INFO 07-28 09:50:29 [model_runner_v1.py:3915] Model runner load_model total time: 91.60 seconds
(Worker_DP5_TP0_EP10 pid=395297) INFO 07-28 09:50:32 [default_loader.py:430] Loading weights took 5.11 seconds
(Worker_DP5_TP0_EP10 pid=395297) INFO 07-28 09:50:32 [llm_base_proposer.py:461] [spec_decode/base] Detected MTP model. Sharing target model embedding weights with the draft model.
(Worker_DP5_TP0_EP10 pid=395297) INFO 07-28 09:50:32 [llm_base_proposer.py:522] [spec_decode/base] Wrapping draft model with ACLGraphWrapper: runtime_mode=FULL, use_eagle=True, enable_enpu=False
(Worker_DP4_TP1_EP9 pid=395729) INFO 07-28 09:50:32 [llm_base_proposer.py:461] [spec_decode/base] Detected MTP model. Sharing target model embedding weights with the draft model.
(Worker_DP4_TP1_EP9 pid=395729) INFO 07-28 09:50:32 [llm_base_proposer.py:522] [spec_decode/base] Wrapping draft model with ACLGraphWrapper: runtime_mode=FULL, use_eagle=True, enable_enpu=False
(Worker_DP5_TP1_EP11 pid=395704) INFO 07-28 09:50:32 [llm_base_proposer.py:461] [spec_decode/base] Detected MTP model. Sharing target model embedding weights with the draft model.
(Worker_DP5_TP1_EP11 pid=395704) INFO 07-28 09:50:32 [llm_base_proposer.py:522] [spec_decode/base] Wrapping draft model with ACLGraphWrapper: runtime_mode=FULL, use_eagle=True, enable_enpu=False
(Worker_DP4_TP1_EP9 pid=395729) INFO 07-28 09:50:33 [model_runner_v1.py:3889] Loading model weights took 51.1023 GB
(Worker_DP4_TP1_EP9 pid=395729) INFO 07-28 09:50:33 [model_runner_v1.py:3915] Model runner load_model total time: 95.69 seconds
(Worker_DP5_TP0_EP10 pid=395297) INFO 07-28 09:50:33 [model_runner_v1.py:3889] Loading model weights took 51.1023 GB
(Worker_DP5_TP0_EP10 pid=395297) INFO 07-28 09:50:33 [model_runner_v1.py:3915] Model runner load_model total time: 95.79 seconds
(Worker_DP5_TP1_EP11 pid=395704) INFO 07-28 09:50:34 [model_runner_v1.py:3889] Loading model weights took 51.1023 GB
(Worker_DP5_TP1_EP11 pid=395704) INFO 07-28 09:50:34 [model_runner_v1.py:3915] Model runner load_model total time: 96.52 seconds
(Worker_DP5_TP0_EP10 pid=395297) :0: UserWarning: /usr/local/lib/python3.11/site-packages/depyf/explain/enable_debugging.py:163: You are trying to debug `torch.compile`. Please make sure the code runs multiple times to cover all the possible branches.
(Worker_DP4_TP0_EP8 pid=395298) :0: UserWarning: /usr/local/lib/python3.11/site-packages/depyf/explain/enable_debugging.py:163: You are trying to debug `torch.compile`. Please make sure the code runs multiple times to cover all the possible branches.
(Worker_DP2_TP0_EP4 pid=395296) :0: UserWarning: /usr/local/lib/python3.11/site-packages/depyf/explain/enable_debugging.py:163: You are trying to debug `torch.compile`. Please make sure the code runs multiple times to cover all the possible branches.
(Worker_DP3_TP0_EP6 pid=395299) :0: UserWarning: /usr/local/lib/python3.11/site-packages/depyf/explain/enable_debugging.py:163: You are trying to debug `torch.compile`. Please make sure the code runs multiple times to cover all the possible branches.
(Worker_DP1_TP0_EP2 pid=395294) :0: UserWarning: /usr/local/lib/python3.11/site-packages/depyf/explain/enable_debugging.py:163: You are trying to debug `torch.compile`. Please make sure the code runs multiple times to cover all the possible branches.
(Worker_DP6_TP0_EP12 pid=395295) :0: UserWarning: /usr/local/lib/python3.11/site-packages/depyf/explain/enable_debugging.py:163: You are trying to debug `torch.compile`. Please make sure the code runs multiple times to cover all the possible branches.
(Worker_DP7_TP0_EP14 pid=395293) :0: UserWarning: /usr/local/lib/python3.11/site-packages/depyf/explain/enable_debugging.py:163: You are trying to debug `torch.compile`. Please make sure the code runs multiple times to cover all the possible branches.
(Worker_DP0_TP0_EP0 pid=395300) :0: UserWarning: /usr/local/lib/python3.11/site-packages/depyf/explain/enable_debugging.py:163: You are trying to debug `torch.compile`. Please make sure the code runs multiple times to cover all the possible branches.
(Worker_DP7_TP1_EP15 pid=395663) :0: UserWarning: /usr/local/lib/python3.11/site-packages/depyf/explain/enable_debugging.py:163: You are trying to debug `torch.compile`. Please make sure the code runs multiple times to cover all the possible branches.
(Worker_DP2_TP1_EP5 pid=395661) :0: UserWarning: /usr/local/lib/python3.11/site-packages/depyf/explain/enable_debugging.py:163: You are trying to debug `torch.compile`. Please make sure the code runs multiple times to cover all the possible branches.
(Worker_DP3_TP1_EP7 pid=395707) :0: UserWarning: /usr/local/lib/python3.11/site-packages/depyf/explain/enable_debugging.py:163: You are trying to debug `torch.compile`. Please make sure the code runs multiple times to cover all the possible branches.
(Worker_DP0_TP1_EP1 pid=395706) :0: UserWarning: /usr/local/lib/python3.11/site-packages/depyf/explain/enable_debugging.py:163: You are trying to debug `torch.compile`. Please make sure the code runs multiple times to cover all the possible branches.
(Worker_DP1_TP1_EP3 pid=395662) :0: UserWarning: /usr/local/lib/python3.11/site-packages/depyf/explain/enable_debugging.py:163: You are trying to debug `torch.compile`. Please make sure the code runs multiple times to cover all the possible branches.
(Worker_DP4_TP1_EP9 pid=395729) :0: UserWarning: /usr/local/lib/python3.11/site-packages/depyf/explain/enable_debugging.py:163: You are trying to debug `torch.compile`. Please make sure the code runs multiple times to cover all the possible branches.
(Worker_DP5_TP1_EP11 pid=395704) :0: UserWarning: /usr/local/lib/python3.11/site-packages/depyf/explain/enable_debugging.py:163: You are trying to debug `torch.compile`. Please make sure the code runs multiple times to cover all the possible branches.
(Worker_DP6_TP1_EP13 pid=395664) :0: UserWarning: /usr/local/lib/python3.11/site-packages/depyf/explain/enable_debugging.py:163: You are trying to debug `torch.compile`. Please make sure the code runs multiple times to cover all the possible branches.
(Worker_DP3_TP0_EP6 pid=395299) INFO 07-28 09:50:36 [compiler_interface.py:248] AscendCompiler hash factors: {'torch_npu_version': '2.10.0.post2', 'enable_npugraph_ex': True, 'enable_static_kernel': False}
(Worker_DP3_TP0_EP6 pid=395299) INFO 07-28 09:50:36 [backends.py:1089] Using cache directory: /root/.cache/vllm/torch_compile_cache/58e464d419/rank_0_3/backbone for vLLM's torch.compile
(Worker_DP3_TP0_EP6 pid=395299) INFO 07-28 09:50:36 [backends.py:1148] Dynamo bytecode transform time: 0.79 s
(Worker_DP7_TP0_EP14 pid=395293) INFO 07-28 09:50:36 [compiler_interface.py:248] AscendCompiler hash factors: {'torch_npu_version': '2.10.0.post2', 'enable_npugraph_ex': True, 'enable_static_kernel': False}
(Worker_DP7_TP0_EP14 pid=395293) INFO 07-28 09:50:36 [backends.py:1089] Using cache directory: /root/.cache/vllm/torch_compile_cache/08ecbe2311/rank_0_7/backbone for vLLM's torch.compile
(Worker_DP7_TP0_EP14 pid=395293) INFO 07-28 09:50:36 [backends.py:1148] Dynamo bytecode transform time: 0.80 s
(Worker_DP4_TP0_EP8 pid=395298) INFO 07-28 09:50:36 [compiler_interface.py:248] AscendCompiler hash factors: {'torch_npu_version': '2.10.0.post2', 'enable_npugraph_ex': True, 'enable_static_kernel': False}
(Worker_DP4_TP0_EP8 pid=395298) INFO 07-28 09:50:36 [backends.py:1089] Using cache directory: /root/.cache/vllm/torch_compile_cache/b44d35fc9c/rank_0_4/backbone for vLLM's torch.compile
(Worker_DP4_TP0_EP8 pid=395298) INFO 07-28 09:50:36 [backends.py:1148] Dynamo bytecode transform time: 0.81 s
(Worker_DP1_TP0_EP2 pid=395294) INFO 07-28 09:50:36 [compiler_interface.py:248] AscendCompiler hash factors: {'torch_npu_version': '2.10.0.post2', 'enable_npugraph_ex': True, 'enable_static_kernel': False}
(Worker_DP1_TP0_EP2 pid=395294) INFO 07-28 09:50:36 [backends.py:1089] Using cache directory: /root/.cache/vllm/torch_compile_cache/9f36470e39/rank_0_1/backbone for vLLM's torch.compile
(Worker_DP1_TP0_EP2 pid=395294) INFO 07-28 09:50:36 [backends.py:1148] Dynamo bytecode transform time: 0.82 s
(Worker_DP5_TP0_EP10 pid=395297) INFO 07-28 09:50:36 [compiler_interface.py:248] AscendCompiler hash factors: {'torch_npu_version': '2.10.0.post2', 'enable_npugraph_ex': True, 'enable_static_kernel': False}
(Worker_DP5_TP0_EP10 pid=395297) INFO 07-28 09:50:36 [backends.py:1089] Using cache directory: /root/.cache/vllm/torch_compile_cache/310971ebec/rank_0_5/backbone for vLLM's torch.compile
(Worker_DP5_TP0_EP10 pid=395297) INFO 07-28 09:50:36 [backends.py:1148] Dynamo bytecode transform time: 0.83 s
(Worker_DP6_TP0_EP12 pid=395295) INFO 07-28 09:50:36 [compiler_interface.py:248] AscendCompiler hash factors: {'torch_npu_version': '2.10.0.post2', 'enable_npugraph_ex': True, 'enable_static_kernel': False}
(Worker_DP6_TP0_EP12 pid=395295) INFO 07-28 09:50:36 [backends.py:1089] Using cache directory: /root/.cache/vllm/torch_compile_cache/951029537e/rank_0_6/backbone for vLLM's torch.compile
(Worker_DP6_TP0_EP12 pid=395295) INFO 07-28 09:50:36 [backends.py:1148] Dynamo bytecode transform time: 0.85 s
(Worker_DP2_TP1_EP5 pid=395661) INFO 07-28 09:50:36 [compiler_interface.py:248] AscendCompiler hash factors: {'torch_npu_version': '2.10.0.post2', 'enable_npugraph_ex': True, 'enable_static_kernel': False}
(Worker_DP0_TP0_EP0 pid=395300) INFO 07-28 09:50:36 [compiler_interface.py:248] AscendCompiler hash factors: {'torch_npu_version': '2.10.0.post2', 'enable_npugraph_ex': True, 'enable_static_kernel': False}
(Worker_DP0_TP0_EP0 pid=395300) INFO 07-28 09:50:36 [backends.py:1089] Using cache directory: /root/.cache/vllm/torch_compile_cache/8239f7ade9/rank_0_0/backbone for vLLM's torch.compile
(Worker_DP0_TP0_EP0 pid=395300) INFO 07-28 09:50:36 [backends.py:1148] Dynamo bytecode transform time: 0.87 s
(Worker_DP3_TP1_EP7 pid=395707) INFO 07-28 09:50:36 [compiler_interface.py:248] AscendCompiler hash factors: {'torch_npu_version': '2.10.0.post2', 'enable_npugraph_ex': True, 'enable_static_kernel': False}
(Worker_DP0_TP1_EP1 pid=395706) INFO 07-28 09:50:36 [compiler_interface.py:248] AscendCompiler hash factors: {'torch_npu_version': '2.10.0.post2', 'enable_npugraph_ex': True, 'enable_static_kernel': False}
(Worker_DP2_TP0_EP4 pid=395296) INFO 07-28 09:50:36 [compiler_interface.py:248] AscendCompiler hash factors: {'torch_npu_version': '2.10.0.post2', 'enable_npugraph_ex': True, 'enable_static_kernel': False}
(Worker_DP2_TP0_EP4 pid=395296) INFO 07-28 09:50:36 [backends.py:1089] Using cache directory: /root/.cache/vllm/torch_compile_cache/bd73c0e17d/rank_0_2/backbone for vLLM's torch.compile
(Worker_DP2_TP0_EP4 pid=395296) INFO 07-28 09:50:36 [backends.py:1148] Dynamo bytecode transform time: 0.90 s
(Worker_DP6_TP1_EP13 pid=395664) INFO 07-28 09:50:36 [compiler_interface.py:248] AscendCompiler hash factors: {'torch_npu_version': '2.10.0.post2', 'enable_npugraph_ex': True, 'enable_static_kernel': False}
(Worker_DP7_TP1_EP15 pid=395663) INFO 07-28 09:50:36 [compiler_interface.py:248] AscendCompiler hash factors: {'torch_npu_version': '2.10.0.post2', 'enable_npugraph_ex': True, 'enable_static_kernel': False}
(Worker_DP5_TP1_EP11 pid=395704) INFO 07-28 09:50:36 [compiler_interface.py:248] AscendCompiler hash factors: {'torch_npu_version': '2.10.0.post2', 'enable_npugraph_ex': True, 'enable_static_kernel': False}
(Worker_DP1_TP1_EP3 pid=395662) INFO 07-28 09:50:36 [compiler_interface.py:248] AscendCompiler hash factors: {'torch_npu_version': '2.10.0.post2', 'enable_npugraph_ex': True, 'enable_static_kernel': False}
(Worker_DP4_TP1_EP9 pid=395729) INFO 07-28 09:50:36 [compiler_interface.py:248] AscendCompiler hash factors: {'torch_npu_version': '2.10.0.post2', 'enable_npugraph_ex': True, 'enable_static_kernel': False}
(Worker_DP4_TP0_EP8 pid=395298) INFO 07-28 09:50:37 [compiler_interface.py:353] Loaded npugraph_ex compilation cache from /root/.cache/vllm/torch_compile_cache/b44d35fc9c/rank_0_4/backbone/artifact_compile_range_1_256_subgraph_0
(Worker_DP7_TP0_EP14 pid=395293) INFO 07-28 09:50:37 [compiler_interface.py:353] Loaded npugraph_ex compilation cache from /root/.cache/vllm/torch_compile_cache/08ecbe2311/rank_0_7/backbone/artifact_compile_range_1_256_subgraph_0
(Worker_DP1_TP0_EP2 pid=395294) INFO 07-28 09:50:37 [compiler_interface.py:353] Loaded npugraph_ex compilation cache from /root/.cache/vllm/torch_compile_cache/9f36470e39/rank_0_1/backbone/artifact_compile_range_1_256_subgraph_0
(Worker_DP4_TP0_EP8 pid=395298) INFO 07-28 09:50:37 [backends.py:292] Directly load the compiled graph(s) for compile range (1, 256) from the cache, took 0.044 s
(Worker_DP4_TP0_EP8 pid=395298) INFO 07-28 09:50:37 [decorators.py:311] Directly load AOT compilation from path /root/.cache/vllm/torch_compile_cache/torch_aot_compile/805b302de83182654dbf703071fc1fa75aa539c51d2e2cd7688fc26a402f87d7/rank_0_4/model
(Worker_DP4_TP0_EP8 pid=395298) INFO 07-28 09:50:37 [monitor.py:53] torch.compile took 1.89 s in total
(Worker_DP3_TP0_EP6 pid=395299) INFO 07-28 09:50:37 [compiler_interface.py:353] Loaded npugraph_ex compilation cache from /root/.cache/vllm/torch_compile_cache/58e464d419/rank_0_3/backbone/artifact_compile_range_1_256_subgraph_0
(Worker_DP7_TP0_EP14 pid=395293) INFO 07-28 09:50:37 [backends.py:292] Directly load the compiled graph(s) for compile range (1, 256) from the cache, took 0.044 s
(Worker_DP7_TP0_EP14 pid=395293) INFO 07-28 09:50:37 [decorators.py:311] Directly load AOT compilation from path /root/.cache/vllm/torch_compile_cache/torch_aot_compile/958583ba7746b3e1e7fcf4a74fe0abb6511e28877401d8a27b1def91fd17516d/rank_0_7/model
(Worker_DP7_TP0_EP14 pid=395293) INFO 07-28 09:50:37 [monitor.py:53] torch.compile took 1.90 s in total
(Worker_DP2_TP1_EP5 pid=395661) INFO 07-28 09:50:37 [compiler_interface.py:353] Loaded npugraph_ex compilation cache from /root/.cache/vllm/torch_compile_cache/bd73c0e17d/rank_1_2/backbone/artifact_compile_range_1_256_subgraph_0
(Worker_DP1_TP0_EP2 pid=395294) INFO 07-28 09:50:37 [backends.py:292] Directly load the compiled graph(s) for compile range (1, 256) from the cache, took 0.044 s
(Worker_DP1_TP0_EP2 pid=395294) INFO 07-28 09:50:37 [decorators.py:311] Directly load AOT compilation from path /root/.cache/vllm/torch_compile_cache/torch_aot_compile/5cca10874856c19c05dbd6af0abbab2912333ecbaf8402b1edb5fba7bc6fbc07/rank_0_1/model
(Worker_DP1_TP0_EP2 pid=395294) INFO 07-28 09:50:37 [monitor.py:53] torch.compile took 1.92 s in total
(Worker_DP5_TP0_EP10 pid=395297) INFO 07-28 09:50:37 [compiler_interface.py:353] Loaded npugraph_ex compilation cache from /root/.cache/vllm/torch_compile_cache/310971ebec/rank_0_5/backbone/artifact_compile_range_1_256_subgraph_0
(Worker_DP6_TP1_EP13 pid=395664) INFO 07-28 09:50:37 [compiler_interface.py:353] Loaded npugraph_ex compilation cache from /root/.cache/vllm/torch_compile_cache/951029537e/rank_1_6/backbone/artifact_compile_range_1_256_subgraph_0
(Worker_DP0_TP1_EP1 pid=395706) INFO 07-28 09:50:37 [compiler_interface.py:353] Loaded npugraph_ex compilation cache from /root/.cache/vllm/torch_compile_cache/8239f7ade9/rank_1_0/backbone/artifact_compile_range_1_256_subgraph_0
(Worker_DP3_TP0_EP6 pid=395299) INFO 07-28 09:50:37 [backends.py:292] Directly load the compiled graph(s) for compile range (1, 256) from the cache, took 0.045 s
(Worker_DP3_TP0_EP6 pid=395299) INFO 07-28 09:50:37 [decorators.py:311] Directly load AOT compilation from path /root/.cache/vllm/torch_compile_cache/torch_aot_compile/0b241a9fb64892b3a0535581ed2d6af3218b020cefb18a6ad28c9715235c6083/rank_0_3/model
(Worker_DP3_TP0_EP6 pid=395299) INFO 07-28 09:50:37 [monitor.py:53] torch.compile took 1.94 s in total
(Worker_DP3_TP1_EP7 pid=395707) INFO 07-28 09:50:37 [compiler_interface.py:353] Loaded npugraph_ex compilation cache from /root/.cache/vllm/torch_compile_cache/58e464d419/rank_1_3/backbone/artifact_compile_range_1_256_subgraph_0
(Worker_DP2_TP1_EP5 pid=395661) INFO 07-28 09:50:37 [decorators.py:311] Directly load AOT compilation from path /root/.cache/vllm/torch_compile_cache/torch_aot_compile/e08ba68f79a09450007c3781610f45bfe43051adb82691bb7f3748cc81ec0506/rank_1_2/model
(Worker_DP2_TP0_EP4 pid=395296) INFO 07-28 09:50:37 [compiler_interface.py:353] Loaded npugraph_ex compilation cache from /root/.cache/vllm/torch_compile_cache/bd73c0e17d/rank_0_2/backbone/artifact_compile_range_1_256_subgraph_0
(Worker_DP6_TP0_EP12 pid=395295) INFO 07-28 09:50:37 [compiler_interface.py:353] Loaded npugraph_ex compilation cache from /root/.cache/vllm/torch_compile_cache/951029537e/rank_0_6/backbone/artifact_compile_range_1_256_subgraph_0
(Worker_DP0_TP0_EP0 pid=395300) INFO 07-28 09:50:37 [compiler_interface.py:353] Loaded npugraph_ex compilation cache from /root/.cache/vllm/torch_compile_cache/8239f7ade9/rank_0_0/backbone/artifact_compile_range_1_256_subgraph_0
(Worker_DP5_TP0_EP10 pid=395297) INFO 07-28 09:50:37 [backends.py:292] Directly load the compiled graph(s) for compile range (1, 256) from the cache, took 0.044 s
(Worker_DP5_TP0_EP10 pid=395297) INFO 07-28 09:50:37 [decorators.py:311] Directly load AOT compilation from path /root/.cache/vllm/torch_compile_cache/torch_aot_compile/3e42ab33d723c35b52edd03cf692655ebc412c5207cf42367d1d2b9a9b6f787a/rank_0_5/model
(Worker_DP5_TP0_EP10 pid=395297) INFO 07-28 09:50:37 [monitor.py:53] torch.compile took 1.98 s in total
(Worker_DP6_TP1_EP13 pid=395664) INFO 07-28 09:50:37 [decorators.py:311] Directly load AOT compilation from path /root/.cache/vllm/torch_compile_cache/torch_aot_compile/45c51e56ca354382af3b97e8ab2b4fdfbd63e169d808993e2c2ba204b5d0a21d/rank_1_6/model
(Worker_DP0_TP1_EP1 pid=395706) INFO 07-28 09:50:37 [decorators.py:311] Directly load AOT compilation from path /root/.cache/vllm/torch_compile_cache/torch_aot_compile/e9375ed5f54695124483634c76db22782ed6dbfb366203c92ef9d41b90f9097d/rank_1_0/model
(Worker_DP2_TP0_EP4 pid=395296) INFO 07-28 09:50:37 [backends.py:292] Directly load the compiled graph(s) for compile range (1, 256) from the cache, took 0.043 s
(Worker_DP3_TP1_EP7 pid=395707) INFO 07-28 09:50:37 [decorators.py:311] Directly load AOT compilation from path /root/.cache/vllm/torch_compile_cache/torch_aot_compile/0b241a9fb64892b3a0535581ed2d6af3218b020cefb18a6ad28c9715235c6083/rank_1_3/model
(Worker_DP2_TP0_EP4 pid=395296) INFO 07-28 09:50:37 [decorators.py:311] Directly load AOT compilation from path /root/.cache/vllm/torch_compile_cache/torch_aot_compile/e08ba68f79a09450007c3781610f45bfe43051adb82691bb7f3748cc81ec0506/rank_0_2/model
(Worker_DP2_TP0_EP4 pid=395296) INFO 07-28 09:50:37 [monitor.py:53] torch.compile took 2.01 s in total
(Worker_DP6_TP0_EP12 pid=395295) INFO 07-28 09:50:37 [backends.py:292] Directly load the compiled graph(s) for compile range (1, 256) from the cache, took 0.043 s
(Worker_DP0_TP0_EP0 pid=395300) INFO 07-28 09:50:37 [backends.py:292] Directly load the compiled graph(s) for compile range (1, 256) from the cache, took 0.045 s
(Worker_DP6_TP0_EP12 pid=395295) INFO 07-28 09:50:37 [decorators.py:311] Directly load AOT compilation from path /root/.cache/vllm/torch_compile_cache/torch_aot_compile/45c51e56ca354382af3b97e8ab2b4fdfbd63e169d808993e2c2ba204b5d0a21d/rank_0_6/model
(Worker_DP6_TP0_EP12 pid=395295) INFO 07-28 09:50:37 [monitor.py:53] torch.compile took 2.02 s in total
(Worker_DP0_TP0_EP0 pid=395300) INFO 07-28 09:50:37 [decorators.py:311] Directly load AOT compilation from path /root/.cache/vllm/torch_compile_cache/torch_aot_compile/e9375ed5f54695124483634c76db22782ed6dbfb366203c92ef9d41b90f9097d/rank_0_0/model
(Worker_DP0_TP0_EP0 pid=395300) INFO 07-28 09:50:37 [monitor.py:53] torch.compile took 2.02 s in total
(Worker_DP7_TP1_EP15 pid=395663) INFO 07-28 09:50:37 [compiler_interface.py:353] Loaded npugraph_ex compilation cache from /root/.cache/vllm/torch_compile_cache/08ecbe2311/rank_1_7/backbone/artifact_compile_range_1_256_subgraph_0
(Worker_DP5_TP1_EP11 pid=395704) INFO 07-28 09:50:37 [compiler_interface.py:353] Loaded npugraph_ex compilation cache from /root/.cache/vllm/torch_compile_cache/310971ebec/rank_1_5/backbone/artifact_compile_range_1_256_subgraph_0
(Worker_DP7_TP1_EP15 pid=395663) INFO 07-28 09:50:37 [decorators.py:311] Directly load AOT compilation from path /root/.cache/vllm/torch_compile_cache/torch_aot_compile/958583ba7746b3e1e7fcf4a74fe0abb6511e28877401d8a27b1def91fd17516d/rank_1_7/model
(Worker_DP5_TP1_EP11 pid=395704) INFO 07-28 09:50:37 [decorators.py:311] Directly load AOT compilation from path /root/.cache/vllm/torch_compile_cache/torch_aot_compile/3e42ab33d723c35b52edd03cf692655ebc412c5207cf42367d1d2b9a9b6f787a/rank_1_5/model
(Worker_DP1_TP1_EP3 pid=395662) INFO 07-28 09:50:37 [compiler_interface.py:353] Loaded npugraph_ex compilation cache from /root/.cache/vllm/torch_compile_cache/9f36470e39/rank_1_1/backbone/artifact_compile_range_1_256_subgraph_0
(Worker_DP4_TP1_EP9 pid=395729) INFO 07-28 09:50:38 [compiler_interface.py:353] Loaded npugraph_ex compilation cache from /root/.cache/vllm/torch_compile_cache/b44d35fc9c/rank_1_4/backbone/artifact_compile_range_1_256_subgraph_0
(Worker_DP1_TP1_EP3 pid=395662) INFO 07-28 09:50:38 [decorators.py:311] Directly load AOT compilation from path /root/.cache/vllm/torch_compile_cache/torch_aot_compile/5cca10874856c19c05dbd6af0abbab2912333ecbaf8402b1edb5fba7bc6fbc07/rank_1_1/model
(Worker_DP4_TP1_EP9 pid=395729) INFO 07-28 09:50:38 [decorators.py:311] Directly load AOT compilation from path /root/.cache/vllm/torch_compile_cache/torch_aot_compile/805b302de83182654dbf703071fc1fa75aa539c51d2e2cd7688fc26a402f87d7/rank_1_4/model
(Worker_DP3_TP0_EP6 pid=395299) INFO 07-28 09:50:38 [monitor.py:81] Initial profiling/warmup run took 0.82 s
(Worker_DP2_TP0_EP4 pid=395296) INFO 07-28 09:50:38 [monitor.py:81] Initial profiling/warmup run took 0.79 s
(Worker_DP5_TP0_EP10 pid=395297) INFO 07-28 09:50:38 [monitor.py:81] Initial profiling/warmup run took 0.82 s
(Worker_DP6_TP0_EP12 pid=395295) INFO 07-28 09:50:38 [monitor.py:81] Initial profiling/warmup run took 0.84 s
(Worker_DP0_TP0_EP0 pid=395300) INFO 07-28 09:50:38 [monitor.py:81] Initial profiling/warmup run took 0.86 s
(Worker_DP4_TP0_EP8 pid=395298) INFO 07-28 09:50:38 [monitor.py:81] Initial profiling/warmup run took 1.07 s
(Worker_DP1_TP0_EP2 pid=395294) INFO 07-28 09:50:38 [monitor.py:81] Initial profiling/warmup run took 1.09 s
(Worker_DP7_TP0_EP14 pid=395293) INFO 07-28 09:50:38 [monitor.py:81] Initial profiling/warmup run took 1.12 s
(Worker_DP4_TP0_EP8 pid=395298) :0: UserWarning: /usr/local/lib/python3.11/site-packages/depyf/explain/enable_debugging.py:163: You are trying to debug `torch.compile`. Please make sure the code runs multiple times to cover all the possible branches.
(Worker_DP1_TP0_EP2 pid=395294) :0: UserWarning: /usr/local/lib/python3.11/site-packages/depyf/explain/enable_debugging.py:163: You are trying to debug `torch.compile`. Please make sure the code runs multiple times to cover all the possible branches.
(Worker_DP7_TP0_EP14 pid=395293) :0: UserWarning: /usr/local/lib/python3.11/site-packages/depyf/explain/enable_debugging.py:163: You are trying to debug `torch.compile`. Please make sure the code runs multiple times to cover all the possible branches.
(Worker_DP0_TP0_EP0 pid=395300) :0: UserWarning: /usr/local/lib/python3.11/site-packages/depyf/explain/enable_debugging.py:163: You are trying to debug `torch.compile`. Please make sure the code runs multiple times to cover all the possible branches.
(Worker_DP2_TP0_EP4 pid=395296) :0: UserWarning: /usr/local/lib/python3.11/site-packages/depyf/explain/enable_debugging.py:163: You are trying to debug `torch.compile`. Please make sure the code runs multiple times to cover all the possible branches.
(Worker_DP6_TP0_EP12 pid=395295) :0: UserWarning: /usr/local/lib/python3.11/site-packages/depyf/explain/enable_debugging.py:163: You are trying to debug `torch.compile`. Please make sure the code runs multiple times to cover all the possible branches.
(Worker_DP3_TP0_EP6 pid=395299) :0: UserWarning: /usr/local/lib/python3.11/site-packages/depyf/explain/enable_debugging.py:163: You are trying to debug `torch.compile`. Please make sure the code runs multiple times to cover all the possible branches.
(Worker_DP5_TP0_EP10 pid=395297) :0: UserWarning: /usr/local/lib/python3.11/site-packages/depyf/explain/enable_debugging.py:163: You are trying to debug `torch.compile`. Please make sure the code runs multiple times to cover all the possible branches.
(Worker_DP2_TP0_EP4 pid=395296) INFO 07-28 09:50:38 [compiler_interface.py:248] AscendCompiler hash factors: {'torch_npu_version': '2.10.0.post2', 'enable_npugraph_ex': True, 'enable_static_kernel': False}
(Worker_DP1_TP0_EP2 pid=395294) INFO 07-28 09:50:38 [compiler_interface.py:248] AscendCompiler hash factors: {'torch_npu_version': '2.10.0.post2', 'enable_npugraph_ex': True, 'enable_static_kernel': False}
(Worker_DP2_TP0_EP4 pid=395296) INFO 07-28 09:50:38 [backends.py:1089] Using cache directory: /root/.cache/vllm/torch_compile_cache/bd73c0e17d/rank_0_2/eagle_head for vLLM's torch.compile
(Worker_DP2_TP0_EP4 pid=395296) INFO 07-28 09:50:38 [backends.py:1148] Dynamo bytecode transform time: 0.07 s
(Worker_DP1_TP0_EP2 pid=395294) INFO 07-28 09:50:38 [backends.py:1089] Using cache directory: /root/.cache/vllm/torch_compile_cache/9f36470e39/rank_0_1/eagle_head for vLLM's torch.compile
(Worker_DP1_TP0_EP2 pid=395294) INFO 07-28 09:50:38 [backends.py:1148] Dynamo bytecode transform time: 0.07 s
(Worker_DP4_TP0_EP8 pid=395298) INFO 07-28 09:50:38 [compiler_interface.py:248] AscendCompiler hash factors: {'torch_npu_version': '2.10.0.post2', 'enable_npugraph_ex': True, 'enable_static_kernel': False}
(Worker_DP6_TP0_EP12 pid=395295) INFO 07-28 09:50:38 [compiler_interface.py:248] AscendCompiler hash factors: {'torch_npu_version': '2.10.0.post2', 'enable_npugraph_ex': True, 'enable_static_kernel': False}
(Worker_DP4_TP0_EP8 pid=395298) INFO 07-28 09:50:38 [backends.py:1089] Using cache directory: /root/.cache/vllm/torch_compile_cache/b44d35fc9c/rank_0_4/eagle_head for vLLM's torch.compile
(Worker_DP4_TP0_EP8 pid=395298) INFO 07-28 09:50:38 [backends.py:1148] Dynamo bytecode transform time: 0.08 s
(Worker_DP7_TP0_EP14 pid=395293) INFO 07-28 09:50:38 [compiler_interface.py:248] AscendCompiler hash factors: {'torch_npu_version': '2.10.0.post2', 'enable_npugraph_ex': True, 'enable_static_kernel': False}
(Worker_DP6_TP0_EP12 pid=395295) INFO 07-28 09:50:38 [backends.py:1089] Using cache directory: /root/.cache/vllm/torch_compile_cache/951029537e/rank_0_6/eagle_head for vLLM's torch.compile
(Worker_DP6_TP0_EP12 pid=395295) INFO 07-28 09:50:38 [backends.py:1148] Dynamo bytecode transform time: 0.08 s
(Worker_DP7_TP0_EP14 pid=395293) INFO 07-28 09:50:38 [backends.py:1089] Using cache directory: /root/.cache/vllm/torch_compile_cache/08ecbe2311/rank_0_7/eagle_head for vLLM's torch.compile
(Worker_DP7_TP0_EP14 pid=395293) INFO 07-28 09:50:38 [backends.py:1148] Dynamo bytecode transform time: 0.08 s
(Worker_DP0_TP0_EP0 pid=395300) INFO 07-28 09:50:38 [compiler_interface.py:248] AscendCompiler hash factors: {'torch_npu_version': '2.10.0.post2', 'enable_npugraph_ex': True, 'enable_static_kernel': False}
(Worker_DP0_TP0_EP0 pid=395300) INFO 07-28 09:50:38 [backends.py:1089] Using cache directory: /root/.cache/vllm/torch_compile_cache/8239f7ade9/rank_0_0/eagle_head for vLLM's torch.compile
(Worker_DP0_TP0_EP0 pid=395300) INFO 07-28 09:50:38 [backends.py:1148] Dynamo bytecode transform time: 0.08 s
(Worker_DP3_TP0_EP6 pid=395299) INFO 07-28 09:50:38 [compiler_interface.py:248] AscendCompiler hash factors: {'torch_npu_version': '2.10.0.post2', 'enable_npugraph_ex': True, 'enable_static_kernel': False}
(Worker_DP3_TP0_EP6 pid=395299) INFO 07-28 09:50:38 [backends.py:1089] Using cache directory: /root/.cache/vllm/torch_compile_cache/58e464d419/rank_0_3/eagle_head for vLLM's torch.compile
(Worker_DP3_TP0_EP6 pid=395299) INFO 07-28 09:50:38 [backends.py:1148] Dynamo bytecode transform time: 0.08 s
(Worker_DP5_TP0_EP10 pid=395297) INFO 07-28 09:50:39 [compiler_interface.py:248] AscendCompiler hash factors: {'torch_npu_version': '2.10.0.post2', 'enable_npugraph_ex': True, 'enable_static_kernel': False}
(Worker_DP5_TP0_EP10 pid=395297) INFO 07-28 09:50:39 [backends.py:1089] Using cache directory: /root/.cache/vllm/torch_compile_cache/310971ebec/rank_0_5/eagle_head for vLLM's torch.compile
(Worker_DP5_TP0_EP10 pid=395297) INFO 07-28 09:50:39 [backends.py:1148] Dynamo bytecode transform time: 0.11 s
(Worker_DP2_TP0_EP4 pid=395296) INFO 07-28 09:50:39 [compiler_interface.py:353] Loaded npugraph_ex compilation cache from /root/.cache/vllm/torch_compile_cache/bd73c0e17d/rank_0_2/eagle_head/artifact_compile_range_1_256_subgraph_0
(Worker_DP1_TP0_EP2 pid=395294) INFO 07-28 09:50:39 [compiler_interface.py:353] Loaded npugraph_ex compilation cache from /root/.cache/vllm/torch_compile_cache/9f36470e39/rank_0_1/eagle_head/artifact_compile_range_1_256_subgraph_0
(Worker_DP2_TP0_EP4 pid=395296) INFO 07-28 09:50:39 [backends.py:292] Directly load the compiled graph(s) for compile range (1, 256) from the cache, took 0.002 s
(Worker_DP2_TP0_EP4 pid=395296) INFO 07-28 09:50:39 [decorators.py:311] Directly load AOT compilation from path /root/.cache/vllm/torch_compile_cache/torch_aot_compile/d202a97807b9d28e5a015b7b96d53b6721fd9972bab939e14768ba1d6273c8c5/rank_0_2/model
(Worker_DP2_TP0_EP4 pid=395296) INFO 07-28 09:50:39 [monitor.py:53] torch.compile took 0.12 s in total
(Worker_DP1_TP0_EP2 pid=395294) INFO 07-28 09:50:39 [backends.py:292] Directly load the compiled graph(s) for compile range (1, 256) from the cache, took 0.002 s
(Worker_DP4_TP0_EP8 pid=395298) INFO 07-28 09:50:39 [compiler_interface.py:353] Loaded npugraph_ex compilation cache from /root/.cache/vllm/torch_compile_cache/b44d35fc9c/rank_0_4/eagle_head/artifact_compile_range_1_256_subgraph_0
(Worker_DP1_TP0_EP2 pid=395294) INFO 07-28 09:50:39 [decorators.py:311] Directly load AOT compilation from path /root/.cache/vllm/torch_compile_cache/torch_aot_compile/6d800bbdc23db30b8be44fd16a0d7cac2230c03f4c3012bc715378f159eb1a26/rank_0_1/model
(Worker_DP1_TP0_EP2 pid=395294) INFO 07-28 09:50:39 [monitor.py:53] torch.compile took 0.13 s in total
(Worker_DP4_TP1_EP9 pid=395729) :0: UserWarning: /usr/local/lib/python3.11/site-packages/depyf/explain/enable_debugging.py:163: You are trying to debug `torch.compile`. Please make sure the code runs multiple times to cover all the possible branches.
(Worker_DP2_TP1_EP5 pid=395661) :0: UserWarning: /usr/local/lib/python3.11/site-packages/depyf/explain/enable_debugging.py:163: You are trying to debug `torch.compile`. Please make sure the code runs multiple times to cover all the possible branches.
(Worker_DP1_TP1_EP3 pid=395662) :0: UserWarning: /usr/local/lib/python3.11/site-packages/depyf/explain/enable_debugging.py:163: You are trying to debug `torch.compile`. Please make sure the code runs multiple times to cover all the possible branches.
(Worker_DP6_TP1_EP13 pid=395664) :0: UserWarning: /usr/local/lib/python3.11/site-packages/depyf/explain/enable_debugging.py:163: You are trying to debug `torch.compile`. Please make sure the code runs multiple times to cover all the possible branches.
(Worker_DP5_TP1_EP11 pid=395704) :0: UserWarning: /usr/local/lib/python3.11/site-packages/depyf/explain/enable_debugging.py:163: You are trying to debug `torch.compile`. Please make sure the code runs multiple times to cover all the possible branches.
(Worker_DP0_TP1_EP1 pid=395706) :0: UserWarning: /usr/local/lib/python3.11/site-packages/depyf/explain/enable_debugging.py:163: You are trying to debug `torch.compile`. Please make sure the code runs multiple times to cover all the possible branches.
(Worker_DP4_TP0_EP8 pid=395298) INFO 07-28 09:50:39 [backends.py:292] Directly load the compiled graph(s) for compile range (1, 256) from the cache, took 0.002 s
(Worker_DP6_TP0_EP12 pid=395295) INFO 07-28 09:50:39 [compiler_interface.py:353] Loaded npugraph_ex compilation cache from /root/.cache/vllm/torch_compile_cache/951029537e/rank_0_6/eagle_head/artifact_compile_range_1_256_subgraph_0
(Worker_DP7_TP1_EP15 pid=395663) :0: UserWarning: /usr/local/lib/python3.11/site-packages/depyf/explain/enable_debugging.py:163: You are trying to debug `torch.compile`. Please make sure the code runs multiple times to cover all the possible branches.
(Worker_DP7_TP0_EP14 pid=395293) INFO 07-28 09:50:39 [compiler_interface.py:353] Loaded npugraph_ex compilation cache from /root/.cache/vllm/torch_compile_cache/08ecbe2311/rank_0_7/eagle_head/artifact_compile_range_1_256_subgraph_0
(Worker_DP3_TP1_EP7 pid=395707) :0: UserWarning: /usr/local/lib/python3.11/site-packages/depyf/explain/enable_debugging.py:163: You are trying to debug `torch.compile`. Please make sure the code runs multiple times to cover all the possible branches.
(Worker_DP4_TP0_EP8 pid=395298) INFO 07-28 09:50:39 [decorators.py:311] Directly load AOT compilation from path /root/.cache/vllm/torch_compile_cache/torch_aot_compile/47dae8d80555c713471caf5d4c99471ab7b27f518a27b39f5ef25388cca8aec3/rank_0_4/model
(Worker_DP4_TP0_EP8 pid=395298) INFO 07-28 09:50:39 [monitor.py:53] torch.compile took 0.13 s in total
(Worker_DP6_TP0_EP12 pid=395295) INFO 07-28 09:50:39 [backends.py:292] Directly load the compiled graph(s) for compile range (1, 256) from the cache, took 0.002 s
(Worker_DP7_TP0_EP14 pid=395293) INFO 07-28 09:50:39 [backends.py:292] Directly load the compiled graph(s) for compile range (1, 256) from the cache, took 0.002 s
(Worker_DP6_TP0_EP12 pid=395295) INFO 07-28 09:50:39 [decorators.py:311] Directly load AOT compilation from path /root/.cache/vllm/torch_compile_cache/torch_aot_compile/7a3061973c39b05088e1c1a9c92d14bd7bbc34ab2bd94761831ce9f58b3d8fd8/rank_0_6/model
(Worker_DP6_TP0_EP12 pid=395295) INFO 07-28 09:50:39 [monitor.py:53] torch.compile took 0.13 s in total
(Worker_DP7_TP0_EP14 pid=395293) INFO 07-28 09:50:39 [decorators.py:311] Directly load AOT compilation from path /root/.cache/vllm/torch_compile_cache/torch_aot_compile/50f6e2ece0166a2f956bb44394e9ac60f7f1b3d5feb9d6b9fa6def8e784fda8b/rank_0_7/model
(Worker_DP7_TP0_EP14 pid=395293) INFO 07-28 09:50:39 [monitor.py:53] torch.compile took 0.13 s in total
(Worker_DP0_TP0_EP0 pid=395300) INFO 07-28 09:50:39 [compiler_interface.py:353] Loaded npugraph_ex compilation cache from /root/.cache/vllm/torch_compile_cache/8239f7ade9/rank_0_0/eagle_head/artifact_compile_range_1_256_subgraph_0
(Worker_DP0_TP0_EP0 pid=395300) INFO 07-28 09:50:39 [backends.py:292] Directly load the compiled graph(s) for compile range (1, 256) from the cache, took 0.003 s
(Worker_DP0_TP0_EP0 pid=395300) INFO 07-28 09:50:39 [decorators.py:311] Directly load AOT compilation from path /root/.cache/vllm/torch_compile_cache/torch_aot_compile/81184e566df09e062d2e9610e7c8fc9671c9c0fa98d2b596e20f93acbb078712/rank_0_0/model
(Worker_DP0_TP0_EP0 pid=395300) INFO 07-28 09:50:39 [monitor.py:53] torch.compile took 0.14 s in total
(Worker_DP3_TP0_EP6 pid=395299) INFO 07-28 09:50:39 [compiler_interface.py:353] Loaded npugraph_ex compilation cache from /root/.cache/vllm/torch_compile_cache/58e464d419/rank_0_3/eagle_head/artifact_compile_range_1_256_subgraph_0
(Worker_DP3_TP0_EP6 pid=395299) INFO 07-28 09:50:39 [backends.py:292] Directly load the compiled graph(s) for compile range (1, 256) from the cache, took 0.003 s
(Worker_DP3_TP0_EP6 pid=395299) INFO 07-28 09:50:39 [decorators.py:311] Directly load AOT compilation from path /root/.cache/vllm/torch_compile_cache/torch_aot_compile/576b0c93cc7a2d7c33a7a13d28859c55255bf09e1903de50557acc4055a70044/rank_0_3/model
(Worker_DP3_TP0_EP6 pid=395299) INFO 07-28 09:50:39 [monitor.py:53] torch.compile took 0.14 s in total
(Worker_DP5_TP0_EP10 pid=395297) INFO 07-28 09:50:39 [compiler_interface.py:353] Loaded npugraph_ex compilation cache from /root/.cache/vllm/torch_compile_cache/310971ebec/rank_0_5/eagle_head/artifact_compile_range_1_256_subgraph_0
(Worker_DP5_TP0_EP10 pid=395297) INFO 07-28 09:50:39 [backends.py:292] Directly load the compiled graph(s) for compile range (1, 256) from the cache, took 0.003 s
(Worker_DP5_TP0_EP10 pid=395297) INFO 07-28 09:50:39 [decorators.py:311] Directly load AOT compilation from path /root/.cache/vllm/torch_compile_cache/torch_aot_compile/fe3d742f8973e0f38803b240a0bd29cb63b5d451bb0d00174bba0301a250b68c/rank_0_5/model
(Worker_DP5_TP0_EP10 pid=395297) INFO 07-28 09:50:39 [monitor.py:53] torch.compile took 0.19 s in total
(Worker_DP2_TP1_EP5 pid=395661) INFO 07-28 09:50:39 [compiler_interface.py:248] AscendCompiler hash factors: {'torch_npu_version': '2.10.0.post2', 'enable_npugraph_ex': True, 'enable_static_kernel': False}
(Worker_DP4_TP1_EP9 pid=395729) INFO 07-28 09:50:39 [compiler_interface.py:248] AscendCompiler hash factors: {'torch_npu_version': '2.10.0.post2', 'enable_npugraph_ex': True, 'enable_static_kernel': False}
(Worker_DP0_TP1_EP1 pid=395706) INFO 07-28 09:50:39 [compiler_interface.py:248] AscendCompiler hash factors: {'torch_npu_version': '2.10.0.post2', 'enable_npugraph_ex': True, 'enable_static_kernel': False}
(Worker_DP1_TP1_EP3 pid=395662) INFO 07-28 09:50:39 [compiler_interface.py:248] AscendCompiler hash factors: {'torch_npu_version': '2.10.0.post2', 'enable_npugraph_ex': True, 'enable_static_kernel': False}
(Worker_DP5_TP1_EP11 pid=395704) INFO 07-28 09:50:39 [compiler_interface.py:248] AscendCompiler hash factors: {'torch_npu_version': '2.10.0.post2', 'enable_npugraph_ex': True, 'enable_static_kernel': False}
(Worker_DP3_TP1_EP7 pid=395707) INFO 07-28 09:50:39 [compiler_interface.py:248] AscendCompiler hash factors: {'torch_npu_version': '2.10.0.post2', 'enable_npugraph_ex': True, 'enable_static_kernel': False}
(Worker_DP7_TP1_EP15 pid=395663) INFO 07-28 09:50:39 [compiler_interface.py:248] AscendCompiler hash factors: {'torch_npu_version': '2.10.0.post2', 'enable_npugraph_ex': True, 'enable_static_kernel': False}
(Worker_DP6_TP1_EP13 pid=395664) INFO 07-28 09:50:39 [compiler_interface.py:248] AscendCompiler hash factors: {'torch_npu_version': '2.10.0.post2', 'enable_npugraph_ex': True, 'enable_static_kernel': False}
(Worker_DP6_TP0_EP12 pid=395295) INFO 07-28 09:50:39 [monitor.py:81] Initial profiling/warmup run took 0.08 s
(Worker_DP2_TP0_EP4 pid=395296) INFO 07-28 09:50:39 [monitor.py:81] Initial profiling/warmup run took 0.11 s
(Worker_DP1_TP0_EP2 pid=395294) INFO 07-28 09:50:39 [monitor.py:81] Initial profiling/warmup run took 0.12 s
(Worker_DP2_TP1_EP5 pid=395661) INFO 07-28 09:50:39 [compiler_interface.py:353] Loaded npugraph_ex compilation cache from /root/.cache/vllm/torch_compile_cache/bd73c0e17d/rank_1_2/eagle_head/artifact_compile_range_1_256_subgraph_0
(Worker_DP4_TP1_EP9 pid=395729) INFO 07-28 09:50:39 [compiler_interface.py:353] Loaded npugraph_ex compilation cache from /root/.cache/vllm/torch_compile_cache/b44d35fc9c/rank_1_4/eagle_head/artifact_compile_range_1_256_subgraph_0
(Worker_DP0_TP1_EP1 pid=395706) INFO 07-28 09:50:39 [compiler_interface.py:353] Loaded npugraph_ex compilation cache from /root/.cache/vllm/torch_compile_cache/8239f7ade9/rank_1_0/eagle_head/artifact_compile_range_1_256_subgraph_0
(Worker_DP2_TP1_EP5 pid=395661) INFO 07-28 09:50:39 [decorators.py:311] Directly load AOT compilation from path /root/.cache/vllm/torch_compile_cache/torch_aot_compile/d202a97807b9d28e5a015b7b96d53b6721fd9972bab939e14768ba1d6273c8c5/rank_1_2/model
(Worker_DP4_TP1_EP9 pid=395729) INFO 07-28 09:50:39 [decorators.py:311] Directly load AOT compilation from path /root/.cache/vllm/torch_compile_cache/torch_aot_compile/47dae8d80555c713471caf5d4c99471ab7b27f518a27b39f5ef25388cca8aec3/rank_1_4/model
(Worker_DP1_TP1_EP3 pid=395662) INFO 07-28 09:50:39 [compiler_interface.py:353] Loaded npugraph_ex compilation cache from /root/.cache/vllm/torch_compile_cache/9f36470e39/rank_1_1/eagle_head/artifact_compile_range_1_256_subgraph_0
(Worker_DP0_TP1_EP1 pid=395706) INFO 07-28 09:50:39 [decorators.py:311] Directly load AOT compilation from path /root/.cache/vllm/torch_compile_cache/torch_aot_compile/81184e566df09e062d2e9610e7c8fc9671c9c0fa98d2b596e20f93acbb078712/rank_1_0/model
(Worker_DP1_TP1_EP3 pid=395662) INFO 07-28 09:50:39 [decorators.py:311] Directly load AOT compilation from path /root/.cache/vllm/torch_compile_cache/torch_aot_compile/6d800bbdc23db30b8be44fd16a0d7cac2230c03f4c3012bc715378f159eb1a26/rank_1_1/model
(Worker_DP5_TP1_EP11 pid=395704) INFO 07-28 09:50:39 [compiler_interface.py:353] Loaded npugraph_ex compilation cache from /root/.cache/vllm/torch_compile_cache/310971ebec/rank_1_5/eagle_head/artifact_compile_range_1_256_subgraph_0
(Worker_DP7_TP0_EP14 pid=395293) INFO 07-28 09:50:39 [monitor.py:81] Initial profiling/warmup run took 0.12 s
(Worker_DP7_TP1_EP15 pid=395663) INFO 07-28 09:50:39 [compiler_interface.py:353] Loaded npugraph_ex compilation cache from /root/.cache/vllm/torch_compile_cache/08ecbe2311/rank_1_7/eagle_head/artifact_compile_range_1_256_subgraph_0
(Worker_DP5_TP1_EP11 pid=395704) INFO 07-28 09:50:39 [decorators.py:311] Directly load AOT compilation from path /root/.cache/vllm/torch_compile_cache/torch_aot_compile/fe3d742f8973e0f38803b240a0bd29cb63b5d451bb0d00174bba0301a250b68c/rank_1_5/model
(Worker_DP3_TP1_EP7 pid=395707) INFO 07-28 09:50:39 [compiler_interface.py:353] Loaded npugraph_ex compilation cache from /root/.cache/vllm/torch_compile_cache/58e464d419/rank_1_3/eagle_head/artifact_compile_range_1_256_subgraph_0
(Worker_DP6_TP1_EP13 pid=395664) INFO 07-28 09:50:39 [compiler_interface.py:353] Loaded npugraph_ex compilation cache from /root/.cache/vllm/torch_compile_cache/951029537e/rank_1_6/eagle_head/artifact_compile_range_1_256_subgraph_0
(Worker_DP7_TP1_EP15 pid=395663) INFO 07-28 09:50:39 [decorators.py:311] Directly load AOT compilation from path /root/.cache/vllm/torch_compile_cache/torch_aot_compile/50f6e2ece0166a2f956bb44394e9ac60f7f1b3d5feb9d6b9fa6def8e784fda8b/rank_1_7/model
(Worker_DP3_TP1_EP7 pid=395707) INFO 07-28 09:50:39 [decorators.py:311] Directly load AOT compilation from path /root/.cache/vllm/torch_compile_cache/torch_aot_compile/576b0c93cc7a2d7c33a7a13d28859c55255bf09e1903de50557acc4055a70044/rank_1_3/model
(Worker_DP6_TP1_EP13 pid=395664) INFO 07-28 09:50:39 [decorators.py:311] Directly load AOT compilation from path /root/.cache/vllm/torch_compile_cache/torch_aot_compile/7a3061973c39b05088e1c1a9c92d14bd7bbc34ab2bd94761831ce9f58b3d8fd8/rank_1_6/model
(Worker_DP3_TP0_EP6 pid=395299) INFO 07-28 09:50:39 [monitor.py:81] Initial profiling/warmup run took 0.14 s
(Worker_DP4_TP0_EP8 pid=395298) INFO 07-28 09:50:39 [monitor.py:81] Initial profiling/warmup run took 0.15 s
(Worker_DP0_TP0_EP0 pid=395300) INFO 07-28 09:50:39 [monitor.py:81] Initial profiling/warmup run took 0.14 s
(Worker_DP5_TP0_EP10 pid=395297) INFO 07-28 09:50:39 [monitor.py:81] Initial profiling/warmup run took 0.14 s
(Worker_DP1_TP0_EP2 pid=395294) INFO 07-28 09:50:42 [gpu_model_runner.py:6571] Profiling CUDA graph memory: FULL=2 (largest=48)
(Worker_DP4_TP1_EP9 pid=395729) INFO 07-28 09:50:42 [gpu_model_runner.py:6571] Profiling CUDA graph memory: FULL=2 (largest=48)
(Worker_DP1_TP1_EP3 pid=395662) INFO 07-28 09:50:42 [gpu_model_runner.py:6571] Profiling CUDA graph memory: FULL=2 (largest=48)
(Worker_DP2_TP0_EP4 pid=395296) INFO 07-28 09:50:42 [gpu_model_runner.py:6571] Profiling CUDA graph memory: FULL=2 (largest=48)
(Worker_DP0_TP1_EP1 pid=395706) INFO 07-28 09:50:42 [gpu_model_runner.py:6571] Profiling CUDA graph memory: FULL=2 (largest=48)
(Worker_DP7_TP0_EP14 pid=395293) INFO 07-28 09:50:42 [gpu_model_runner.py:6571] Profiling CUDA graph memory: FULL=2 (largest=48)
(Worker_DP6_TP0_EP12 pid=395295) INFO 07-28 09:50:42 [gpu_model_runner.py:6571] Profiling CUDA graph memory: FULL=2 (largest=48)
(Worker_DP5_TP0_EP10 pid=395297) INFO 07-28 09:50:42 [gpu_model_runner.py:6571] Profiling CUDA graph memory: FULL=2 (largest=48)
(Worker_DP6_TP1_EP13 pid=395664) INFO 07-28 09:50:42 [gpu_model_runner.py:6571] Profiling CUDA graph memory: FULL=2 (largest=48)
(Worker_DP0_TP0_EP0 pid=395300) INFO 07-28 09:50:42 [gpu_model_runner.py:6571] Profiling CUDA graph memory: FULL=2 (largest=48)
(Worker_DP7_TP1_EP15 pid=395663) INFO 07-28 09:50:42 [gpu_model_runner.py:6571] Profiling CUDA graph memory: FULL=2 (largest=48)
(Worker_DP2_TP1_EP5 pid=395661) INFO 07-28 09:50:42 [gpu_model_runner.py:6571] Profiling CUDA graph memory: FULL=2 (largest=48)
(Worker_DP3_TP1_EP7 pid=395707) INFO 07-28 09:50:42 [gpu_model_runner.py:6571] Profiling CUDA graph memory: FULL=2 (largest=48)
(Worker_DP3_TP0_EP6 pid=395299) INFO 07-28 09:50:42 [gpu_model_runner.py:6571] Profiling CUDA graph memory: FULL=2 (largest=48)
(Worker_DP5_TP1_EP11 pid=395704) INFO 07-28 09:50:43 [gpu_model_runner.py:6571] Profiling CUDA graph memory: FULL=2 (largest=48)
(Worker_DP4_TP0_EP8 pid=395298) INFO 07-28 09:50:43 [gpu_model_runner.py:6571] Profiling CUDA graph memory: FULL=2 (largest=48)
(Worker_DP4_TP0_EP8 pid=395298) INFO 07-28 09:50:44 [model_runner_v1.py:3667] [ACLGraphMemoryProfile] Capturing LMHead TP all-gather and matmul without all-to-all.
(Worker_DP6_TP0_EP12 pid=395295) INFO 07-28 09:50:44 [model_runner_v1.py:3667] [ACLGraphMemoryProfile] Capturing LMHead TP all-gather and matmul without all-to-all.
(Worker_DP7_TP0_EP14 pid=395293) INFO 07-28 09:50:44 [model_runner_v1.py:3667] [ACLGraphMemoryProfile] Capturing LMHead TP all-gather and matmul without all-to-all.
(Worker_DP3_TP0_EP6 pid=395299) INFO 07-28 09:50:44 [model_runner_v1.py:3667] [ACLGraphMemoryProfile] Capturing LMHead TP all-gather and matmul without all-to-all.
(Worker_DP5_TP0_EP10 pid=395297) INFO 07-28 09:50:44 [model_runner_v1.py:3667] [ACLGraphMemoryProfile] Capturing LMHead TP all-gather and matmul without all-to-all.
(Worker_DP1_TP0_EP2 pid=395294) INFO 07-28 09:50:44 [model_runner_v1.py:3667] [ACLGraphMemoryProfile] Capturing LMHead TP all-gather and matmul without all-to-all.
(Worker_DP2_TP0_EP4 pid=395296) INFO 07-28 09:50:44 [model_runner_v1.py:3667] [ACLGraphMemoryProfile] Capturing LMHead TP all-gather and matmul without all-to-all.
(Worker_DP0_TP0_EP0 pid=395300) INFO 07-28 09:50:44 [model_runner_v1.py:3667] [ACLGraphMemoryProfile] Capturing LMHead TP all-gather and matmul without all-to-all.
[rank10]:[W728 09:50:44.483529950 NPUGraph.cpp:223] Warning: Waiting for pending NCCL work to finish before starting graph capture. (function operator())
[rank8]:[W728 09:50:44.485510720 NPUGraph.cpp:223] Warning: Waiting for pending NCCL work to finish before starting graph capture. (function operator())
[rank3]:[W728 09:50:44.486025140 NPUGraph.cpp:223] Warning: Waiting for pending NCCL work to finish before starting graph capture. (function operator())
[rank12]:[W728 09:50:44.488058460 NPUGraph.cpp:223] Warning: Waiting for pending NCCL work to finish before starting graph capture. (function operator())
[rank9]:[W728 09:50:44.488699490 NPUGraph.cpp:223] Warning: Waiting for pending NCCL work to finish before starting graph capture. (function operator())
[rank7]:[W728 09:50:44.488761490 NPUGraph.cpp:223] Warning: Waiting for pending NCCL work to finish before starting graph capture. (function operator())
[rank4]:[W728 09:50:44.488936420 NPUGraph.cpp:223] Warning: Waiting for pending NCCL work to finish before starting graph capture. (function operator())
[rank2]:[W728 09:50:44.489249130 NPUGraph.cpp:223] Warning: Waiting for pending NCCL work to finish before starting graph capture. (function operator())
[rank1]:[W728 09:50:44.489321000 NPUGraph.cpp:223] Warning: Waiting for pending NCCL work to finish before starting graph capture. (function operator())
[rank13]:[W728 09:50:44.489473530 NPUGraph.cpp:223] Warning: Waiting for pending NCCL work to finish before starting graph capture. (function operator())
[rank0]:[W728 09:50:44.489735990 NPUGraph.cpp:223] Warning: Waiting for pending NCCL work to finish before starting graph capture. (function operator())
[rank5]:[W728 09:50:44.489929360 NPUGraph.cpp:223] Warning: Waiting for pending NCCL work to finish before starting graph capture. (function operator())
[rank11]:[W728 09:50:44.490202310 NPUGraph.cpp:223] Warning: Waiting for pending NCCL work to finish before starting graph capture. (function operator())
[rank6]:[W728 09:50:44.491034930 NPUGraph.cpp:223] Warning: Waiting for pending NCCL work to finish before starting graph capture. (function operator())
[rank14]:[W728 09:50:44.493065630 NPUGraph.cpp:223] Warning: Waiting for pending NCCL work to finish before starting graph capture. (function operator())
[rank15]:[W728 09:50:44.493170600 NPUGraph.cpp:223] Warning: Waiting for pending NCCL work to finish before starting graph capture. (function operator())
(Worker_DP1_TP1_EP3 pid=395662) INFO 07-28 09:50:50 [gpu_model_runner.py:6676] Estimated CUDA graph memory: 0.58 GiB total
(Worker_DP4_TP0_EP8 pid=395298) INFO 07-28 09:50:50 [gpu_model_runner.py:6676] Estimated CUDA graph memory: 0.58 GiB total
(Worker_DP2_TP0_EP4 pid=395296) INFO 07-28 09:50:50 [gpu_model_runner.py:6676] Estimated CUDA graph memory: 0.58 GiB total
(Worker_DP7_TP1_EP15 pid=395663) INFO 07-28 09:50:50 [gpu_model_runner.py:6676] Estimated CUDA graph memory: 0.58 GiB total
(Worker_DP4_TP1_EP9 pid=395729) INFO 07-28 09:50:50 [gpu_model_runner.py:6676] Estimated CUDA graph memory: 0.58 GiB total
(Worker_DP6_TP0_EP12 pid=395295) INFO 07-28 09:50:50 [gpu_model_runner.py:6676] Estimated CUDA graph memory: 0.58 GiB total
(Worker_DP1_TP0_EP2 pid=395294) INFO 07-28 09:50:50 [gpu_model_runner.py:6676] Estimated CUDA graph memory: 0.59 GiB total
(Worker_DP0_TP0_EP0 pid=395300) INFO 07-28 09:50:50 [gpu_model_runner.py:6676] Estimated CUDA graph memory: 0.58 GiB total
(Worker_DP0_TP1_EP1 pid=395706) INFO 07-28 09:50:50 [gpu_model_runner.py:6676] Estimated CUDA graph memory: 0.58 GiB total
(Worker_DP7_TP0_EP14 pid=395293) INFO 07-28 09:50:50 [gpu_model_runner.py:6676] Estimated CUDA graph memory: 0.58 GiB total
(Worker_DP6_TP1_EP13 pid=395664) INFO 07-28 09:50:50 [gpu_model_runner.py:6676] Estimated CUDA graph memory: 0.58 GiB total
(Worker_DP3_TP1_EP7 pid=395707) INFO 07-28 09:50:50 [gpu_model_runner.py:6676] Estimated CUDA graph memory: 0.58 GiB total
(Worker_DP5_TP1_EP11 pid=395704) INFO 07-28 09:50:50 [gpu_model_runner.py:6676] Estimated CUDA graph memory: 0.58 GiB total
(Worker_DP3_TP0_EP6 pid=395299) INFO 07-28 09:50:50 [gpu_model_runner.py:6676] Estimated CUDA graph memory: 0.58 GiB total
(Worker_DP5_TP0_EP10 pid=395297) INFO 07-28 09:50:50 [gpu_model_runner.py:6676] Estimated CUDA graph memory: 0.59 GiB total
(Worker_DP2_TP1_EP5 pid=395661) INFO 07-28 09:50:50 [gpu_model_runner.py:6676] Estimated CUDA graph memory: 0.59 GiB total
(Worker_DP4_TP0_EP8 pid=395298) INFO 07-28 09:50:51 [worker.py:607] Available KV cache memory: 0.53 GiB
(Worker_DP4_TP0_EP8 pid=395298) INFO 07-28 09:50:51 [worker.py:623] ACL graph memory profiling is enabled (default since v0.22.1). The current --gpu-memory-utilization=0.9000 is equivalent to --gpu-memory-utilization=0.8905 without ACL graph memory profiling. To maintain the same effective KV cache size as before, increase --gpu-memory-utilization to 0.9095. To disable, set VLLM_MEMORY_PROFILER_ESTIMATE_CUDAGRAPHS=0.
(Worker_DP1_TP1_EP3 pid=395662) INFO 07-28 09:50:51 [worker.py:623] ACL graph memory profiling is enabled (default since v0.22.1). The current --gpu-memory-utilization=0.9000 is equivalent to --gpu-memory-utilization=0.8905 without ACL graph memory profiling. To maintain the same effective KV cache size as before, increase --gpu-memory-utilization to 0.9095. To disable, set VLLM_MEMORY_PROFILER_ESTIMATE_CUDAGRAPHS=0.
(Worker_DP2_TP0_EP4 pid=395296) INFO 07-28 09:50:51 [worker.py:607] Available KV cache memory: 0.53 GiB
(Worker_DP2_TP0_EP4 pid=395296) INFO 07-28 09:50:51 [worker.py:623] ACL graph memory profiling is enabled (default since v0.22.1). The current --gpu-memory-utilization=0.9000 is equivalent to --gpu-memory-utilization=0.8905 without ACL graph memory profiling. To maintain the same effective KV cache size as before, increase --gpu-memory-utilization to 0.9095. To disable, set VLLM_MEMORY_PROFILER_ESTIMATE_CUDAGRAPHS=0.
(Worker_DP4_TP1_EP9 pid=395729) INFO 07-28 09:50:51 [worker.py:623] ACL graph memory profiling is enabled (default since v0.22.1). The current --gpu-memory-utilization=0.9000 is equivalent to --gpu-memory-utilization=0.8905 without ACL graph memory profiling. To maintain the same effective KV cache size as before, increase --gpu-memory-utilization to 0.9095. To disable, set VLLM_MEMORY_PROFILER_ESTIMATE_CUDAGRAPHS=0.
(EngineCore_DP4 pid=394824) INFO 07-28 09:50:51 [kv_cache_utils.py:2168] GPU KV cache size: 7,936 tokens
(EngineCore_DP4 pid=394824) INFO 07-28 09:50:51 [kv_cache_utils.py:2169] Maximum concurrency for 4,096 tokens per request: 1.94x
(Worker_DP7_TP1_EP15 pid=395663) INFO 07-28 09:50:51 [worker.py:623] ACL graph memory profiling is enabled (default since v0.22.1). The current --gpu-memory-utilization=0.9000 is equivalent to --gpu-memory-utilization=0.8905 without ACL graph memory profiling. To maintain the same effective KV cache size as before, increase --gpu-memory-utilization to 0.9095. To disable, set VLLM_MEMORY_PROFILER_ESTIMATE_CUDAGRAPHS=0.
(Worker_DP6_TP1_EP13 pid=395664) INFO 07-28 09:50:52 [worker.py:623] ACL graph memory profiling is enabled (default since v0.22.1). The current --gpu-memory-utilization=0.9000 is equivalent to --gpu-memory-utilization=0.8905 without ACL graph memory profiling. To maintain the same effective KV cache size as before, increase --gpu-memory-utilization to 0.9095. To disable, set VLLM_MEMORY_PROFILER_ESTIMATE_CUDAGRAPHS=0.
(Worker_DP6_TP0_EP12 pid=395295) INFO 07-28 09:50:52 [worker.py:607] Available KV cache memory: 0.53 GiB
(Worker_DP6_TP0_EP12 pid=395295) INFO 07-28 09:50:52 [worker.py:623] ACL graph memory profiling is enabled (default since v0.22.1). The current --gpu-memory-utilization=0.9000 is equivalent to --gpu-memory-utilization=0.8905 without ACL graph memory profiling. To maintain the same effective KV cache size as before, increase --gpu-memory-utilization to 0.9095. To disable, set VLLM_MEMORY_PROFILER_ESTIMATE_CUDAGRAPHS=0.
(EngineCore_DP6 pid=394853) INFO 07-28 09:50:52 [kv_cache_utils.py:2168] GPU KV cache size: 7,936 tokens
(EngineCore_DP6 pid=394853) INFO 07-28 09:50:52 [kv_cache_utils.py:2169] Maximum concurrency for 4,096 tokens per request: 1.94x
(Worker_DP1_TP0_EP2 pid=395294) INFO 07-28 09:50:52 [worker.py:607] Available KV cache memory: 0.53 GiB
(Worker_DP1_TP0_EP2 pid=395294) INFO 07-28 09:50:52 [worker.py:623] ACL graph memory profiling is enabled (default since v0.22.1). The current --gpu-memory-utilization=0.9000 is equivalent to --gpu-memory-utilization=0.8904 without ACL graph memory profiling. To maintain the same effective KV cache size as before, increase --gpu-memory-utilization to 0.9096. To disable, set VLLM_MEMORY_PROFILER_ESTIMATE_CUDAGRAPHS=0.
(EngineCore_DP1 pid=394832) INFO 07-28 09:50:52 [kv_cache_utils.py:2168] GPU KV cache size: 7,808 tokens
(EngineCore_DP1 pid=394832) INFO 07-28 09:50:52 [kv_cache_utils.py:2169] Maximum concurrency for 4,096 tokens per request: 1.91x
(Worker_DP0_TP0_EP0 pid=395300) INFO 07-28 09:50:52 [worker.py:607] Available KV cache memory: 0.53 GiB
(Worker_DP0_TP0_EP0 pid=395300) INFO 07-28 09:50:52 [worker.py:623] ACL graph memory profiling is enabled (default since v0.22.1). The current --gpu-memory-utilization=0.9000 is equivalent to --gpu-memory-utilization=0.8905 without ACL graph memory profiling. To maintain the same effective KV cache size as before, increase --gpu-memory-utilization to 0.9095. To disable, set VLLM_MEMORY_PROFILER_ESTIMATE_CUDAGRAPHS=0.
(Worker_DP7_TP0_EP14 pid=395293) INFO 07-28 09:50:52 [worker.py:607] Available KV cache memory: 0.53 GiB
(Worker_DP7_TP0_EP14 pid=395293) INFO 07-28 09:50:52 [worker.py:623] ACL graph memory profiling is enabled (default since v0.22.1). The current --gpu-memory-utilization=0.9000 is equivalent to --gpu-memory-utilization=0.8905 without ACL graph memory profiling. To maintain the same effective KV cache size as before, increase --gpu-memory-utilization to 0.9095. To disable, set VLLM_MEMORY_PROFILER_ESTIMATE_CUDAGRAPHS=0.
(EngineCore_DP7 pid=394851) INFO 07-28 09:50:52 [kv_cache_utils.py:2168] GPU KV cache size: 7,936 tokens
(EngineCore_DP7 pid=394851) INFO 07-28 09:50:52 [kv_cache_utils.py:2169] Maximum concurrency for 4,096 tokens per request: 1.94x
(Worker_DP3_TP1_EP7 pid=395707) INFO 07-28 09:50:52 [worker.py:623] ACL graph memory profiling is enabled (default since v0.22.1). The current --gpu-memory-utilization=0.9000 is equivalent to --gpu-memory-utilization=0.8905 without ACL graph memory profiling. To maintain the same effective KV cache size as before, increase --gpu-memory-utilization to 0.9095. To disable, set VLLM_MEMORY_PROFILER_ESTIMATE_CUDAGRAPHS=0.
(Worker_DP0_TP1_EP1 pid=395706) INFO 07-28 09:50:52 [worker.py:623] ACL graph memory profiling is enabled (default since v0.22.1). The current --gpu-memory-utilization=0.9000 is equivalent to --gpu-memory-utilization=0.8905 without ACL graph memory profiling. To maintain the same effective KV cache size as before, increase --gpu-memory-utilization to 0.9095. To disable, set VLLM_MEMORY_PROFILER_ESTIMATE_CUDAGRAPHS=0.
(EngineCore_DP0 pid=394878) INFO 07-28 09:50:52 [kv_cache_utils.py:2168] GPU KV cache size: 7,936 tokens
(EngineCore_DP0 pid=394878) INFO 07-28 09:50:52 [kv_cache_utils.py:2169] Maximum concurrency for 4,096 tokens per request: 1.94x
(Worker_DP5_TP1_EP11 pid=395704) INFO 07-28 09:50:52 [worker.py:623] ACL graph memory profiling is enabled (default since v0.22.1). The current --gpu-memory-utilization=0.9000 is equivalent to --gpu-memory-utilization=0.8905 without ACL graph memory profiling. To maintain the same effective KV cache size as before, increase --gpu-memory-utilization to 0.9095. To disable, set VLLM_MEMORY_PROFILER_ESTIMATE_CUDAGRAPHS=0.
(Worker_DP3_TP0_EP6 pid=395299) INFO 07-28 09:50:52 [worker.py:607] Available KV cache memory: 0.53 GiB
(Worker_DP3_TP0_EP6 pid=395299) INFO 07-28 09:50:52 [worker.py:623] ACL graph memory profiling is enabled (default since v0.22.1). The current --gpu-memory-utilization=0.9000 is equivalent to --gpu-memory-utilization=0.8905 without ACL graph memory profiling. To maintain the same effective KV cache size as before, increase --gpu-memory-utilization to 0.9095. To disable, set VLLM_MEMORY_PROFILER_ESTIMATE_CUDAGRAPHS=0.
(EngineCore_DP3 pid=394825) INFO 07-28 09:50:52 [kv_cache_utils.py:2168] GPU KV cache size: 7,936 tokens
(EngineCore_DP3 pid=394825) INFO 07-28 09:50:52 [kv_cache_utils.py:2169] Maximum concurrency for 4,096 tokens per request: 1.94x
(Worker_DP5_TP0_EP10 pid=395297) INFO 07-28 09:50:52 [worker.py:607] Available KV cache memory: 0.53 GiB
(Worker_DP5_TP0_EP10 pid=395297) INFO 07-28 09:50:52 [worker.py:623] ACL graph memory profiling is enabled (default since v0.22.1). The current --gpu-memory-utilization=0.9000 is equivalent to --gpu-memory-utilization=0.8904 without ACL graph memory profiling. To maintain the same effective KV cache size as before, increase --gpu-memory-utilization to 0.9096. To disable, set VLLM_MEMORY_PROFILER_ESTIMATE_CUDAGRAPHS=0.
(EngineCore_DP5 pid=394894) INFO 07-28 09:50:52 [kv_cache_utils.py:2168] GPU KV cache size: 7,936 tokens
(EngineCore_DP5 pid=394894) INFO 07-28 09:50:52 [kv_cache_utils.py:2169] Maximum concurrency for 4,096 tokens per request: 1.94x
(Worker_DP2_TP1_EP5 pid=395661) INFO 07-28 09:50:53 [worker.py:623] ACL graph memory profiling is enabled (default since v0.22.1). The current --gpu-memory-utilization=0.9000 is equivalent to --gpu-memory-utilization=0.8905 without ACL graph memory profiling. To maintain the same effective KV cache size as before, increase --gpu-memory-utilization to 0.9095. To disable, set VLLM_MEMORY_PROFILER_ESTIMATE_CUDAGRAPHS=0.
(EngineCore_DP2 pid=394852) INFO 07-28 09:50:53 [kv_cache_utils.py:2168] GPU KV cache size: 7,936 tokens
(EngineCore_DP2 pid=394852) INFO 07-28 09:50:53 [kv_cache_utils.py:2169] Maximum concurrency for 4,096 tokens per request: 1.94x
(Worker_DP0_TP0_EP0 pid=395300) 
Capturing CUDA graphs (decode, FULL):   0%|          | 0/2 [00:00<?, ?it/s]
Capturing CUDA graphs (decode, FULL):  50%|█████     | 1/2 [00:03<00:03,  3.13s/it]
Capturing CUDA graphs (decode, FULL): 100%|██████████| 2/2 [00:05<00:00,  2.46s/it]
Capturing CUDA graphs (decode, FULL): 100%|██████████| 2/2 [00:05<00:00,  2.56s/it]
(Worker_DP4_TP1_EP9 pid=395729) INFO 07-28 09:50:59 [worker.py:776] ACL graph pool memory: 0.44 GiB (actual), 0.58 GiB (estimated), difference: 0.14 GiB (32.7%).
(Worker_DP4_TP1_EP9 pid=395729) INFO 07-28 09:50:59 [worker.py:823] Free memory on device (61.13/61.28 GiB) on startup. Desired GPU memory utilization is (0.9, 55.15 GiB). Actual usage: 51.1 GiB for weights, 0.11 GiB for peak activation, 2.81 GiB for non-torch memory, 0.44 GiB for NPU graph memory. Replace gpu_memory_utilization with `--kv-cache-memory=580668723` (0.54 GiB) to fit into requested memory, or `--kv-cache-memory=6998874624` (6.52 GiB) to fully utilize NPU free memory. Current KV cache memory: 0.54 GiB. After warmup: torch reserved memory 52.22 GiB, torch allocated memory 51.72 GiB.
(Worker_DP5_TP0_EP10 pid=395297) INFO 07-28 09:50:59 [gpu_model_runner.py:6744] Graph capturing finished in 6 secs, took 0.44 GiB
(Worker_DP5_TP0_EP10 pid=395297) INFO 07-28 09:50:59 [worker.py:776] ACL graph pool memory: 0.44 GiB (actual), 0.59 GiB (estimated), difference: 0.15 GiB (33.9%).
(Worker_DP5_TP0_EP10 pid=395297) INFO 07-28 09:50:59 [worker.py:823] Free memory on device (60.88/61.27 GiB) on startup. Desired GPU memory utilization is (0.9, 55.14 GiB). Actual usage: 51.1 GiB for weights, 0.11 GiB for peak activation, 2.82 GiB for non-torch memory, 0.44 GiB for NPU graph memory. Replace gpu_memory_utilization with `--kv-cache-memory=571431424` (0.53 GiB) to fit into requested memory, or `--kv-cache-memory=6729914880` (6.27 GiB) to fully utilize NPU free memory. Current KV cache memory: 0.53 GiB. After warmup: torch reserved memory 52.22 GiB, torch allocated memory 51.72 GiB.
(Worker_DP2_TP0_EP4 pid=395296) INFO 07-28 09:50:59 [gpu_model_runner.py:6744] Graph capturing finished in 6 secs, took 0.44 GiB
(Worker_DP2_TP0_EP4 pid=395296) INFO 07-28 09:50:59 [worker.py:776] ACL graph pool memory: 0.44 GiB (actual), 0.58 GiB (estimated), difference: 0.14 GiB (33.0%).
(Worker_DP2_TP0_EP4 pid=395296) INFO 07-28 09:50:59 [worker.py:823] Free memory on device (60.86/61.27 GiB) on startup. Desired GPU memory utilization is (0.9, 55.14 GiB). Actual usage: 51.1 GiB for weights, 0.11 GiB for peak activation, 2.82 GiB for non-torch memory, 0.44 GiB for NPU graph memory. Replace gpu_memory_utilization with `--kv-cache-memory=567851520` (0.53 GiB) to fit into requested memory, or `--kv-cache-memory=6709799424` (6.25 GiB) to fully utilize NPU free memory. Current KV cache memory: 0.53 GiB. After warmup: torch reserved memory 52.22 GiB, torch allocated memory 51.72 GiB.
(Worker_DP1_TP0_EP2 pid=395294) INFO 07-28 09:50:59 [gpu_model_runner.py:6744] Graph capturing finished in 7 secs, took 0.44 GiB
(Worker_DP1_TP0_EP2 pid=395294) INFO 07-28 09:50:59 [worker.py:776] ACL graph pool memory: 0.44 GiB (actual), 0.59 GiB (estimated), difference: 0.14 GiB (32.4%).
(Worker_DP1_TP0_EP2 pid=395294) INFO 07-28 09:50:59 [worker.py:823] Free memory on device (60.87/61.27 GiB) on startup. Desired GPU memory utilization is (0.9, 55.14 GiB). Actual usage: 51.1 GiB for weights, 0.11 GiB for peak activation, 2.82 GiB for non-torch memory, 0.44 GiB for NPU graph memory. Replace gpu_memory_utilization with `--kv-cache-memory=562891264` (0.52 GiB) to fit into requested memory, or `--kv-cache-memory=6717344256` (6.26 GiB) to fully utilize NPU free memory. Current KV cache memory: 0.53 GiB. After warmup: torch reserved memory 52.22 GiB, torch allocated memory 51.71 GiB.
(Worker_DP0_TP1_EP1 pid=395706) INFO 07-28 09:50:59 [worker.py:776] ACL graph pool memory: 0.44 GiB (actual), 0.58 GiB (estimated), difference: 0.14 GiB (32.8%).
(Worker_DP0_TP1_EP1 pid=395706) INFO 07-28 09:50:59 [worker.py:823] Free memory on device (61.12/61.28 GiB) on startup. Desired GPU memory utilization is (0.9, 55.15 GiB). Actual usage: 51.1 GiB for weights, 0.11 GiB for peak activation, 2.82 GiB for non-torch memory, 0.44 GiB for NPU graph memory. Replace gpu_memory_utilization with `--kv-cache-memory=579648819` (0.54 GiB) to fit into requested memory, or `--kv-cache-memory=6991825408` (6.51 GiB) to fully utilize NPU free memory. Current KV cache memory: 0.54 GiB. After warmup: torch reserved memory 52.22 GiB, torch allocated memory 51.72 GiB.
(Worker_DP6_TP1_EP13 pid=395664) INFO 07-28 09:50:59 [worker.py:776] ACL graph pool memory: 0.44 GiB (actual), 0.58 GiB (estimated), difference: 0.15 GiB (33.5%).
(Worker_DP6_TP1_EP13 pid=395664) INFO 07-28 09:50:59 [worker.py:823] Free memory on device (61.12/61.28 GiB) on startup. Desired GPU memory utilization is (0.9, 55.15 GiB). Actual usage: 51.1 GiB for weights, 0.11 GiB for peak activation, 2.82 GiB for non-torch memory, 0.44 GiB for NPU graph memory. Replace gpu_memory_utilization with `--kv-cache-memory=581422387` (0.54 GiB) to fit into requested memory, or `--kv-cache-memory=6995352064` (6.51 GiB) to fully utilize NPU free memory. Current KV cache memory: 0.54 GiB. After warmup: torch reserved memory 52.22 GiB, torch allocated memory 51.72 GiB.
(Worker_DP0_TP0_EP0 pid=395300) INFO 07-28 09:50:59 [gpu_model_runner.py:6744] Graph capturing finished in 7 secs, took 0.44 GiB
(Worker_DP0_TP0_EP0 pid=395300) INFO 07-28 09:50:59 [worker.py:776] ACL graph pool memory: 0.44 GiB (actual), 0.58 GiB (estimated), difference: 0.14 GiB (32.7%).
(Worker_DP0_TP0_EP0 pid=395300) INFO 07-28 09:50:59 [worker.py:823] Free memory on device (60.85/61.27 GiB) on startup. Desired GPU memory utilization is (0.9, 55.14 GiB). Actual usage: 51.1 GiB for weights, 0.11 GiB for peak activation, 2.82 GiB for non-torch memory, 0.44 GiB for NPU graph memory. Replace gpu_memory_utilization with `--kv-cache-memory=570235392` (0.53 GiB) to fit into requested memory, or `--kv-cache-memory=6702107136` (6.24 GiB) to fully utilize NPU free memory. Current KV cache memory: 0.53 GiB. After warmup: torch reserved memory 52.22 GiB, torch allocated memory 51.72 GiB.
(Worker_DP2_TP1_EP5 pid=395661) INFO 07-28 09:50:59 [worker.py:776] ACL graph pool memory: 0.44 GiB (actual), 0.59 GiB (estimated), difference: 0.15 GiB (34.3%).
(Worker_DP2_TP1_EP5 pid=395661) INFO 07-28 09:50:59 [worker.py:823] Free memory on device (61.12/61.28 GiB) on startup. Desired GPU memory utilization is (0.9, 55.15 GiB). Actual usage: 51.1 GiB for weights, 0.11 GiB for peak activation, 2.81 GiB for non-torch memory, 0.44 GiB for NPU graph memory. Replace gpu_memory_utilization with `--kv-cache-memory=584793395` (0.54 GiB) to fit into requested memory, or `--kv-cache-memory=6997813760` (6.52 GiB) to fully utilize NPU free memory. Current KV cache memory: 0.54 GiB. After warmup: torch reserved memory 52.22 GiB, torch allocated memory 51.72 GiB.
(Worker_DP7_TP0_EP14 pid=395293) INFO 07-28 09:50:59 [gpu_model_runner.py:6744] Graph capturing finished in 7 secs, took 0.44 GiB
(Worker_DP7_TP0_EP14 pid=395293) INFO 07-28 09:50:59 [worker.py:776] ACL graph pool memory: 0.44 GiB (actual), 0.58 GiB (estimated), difference: 0.14 GiB (32.3%).
(Worker_DP7_TP0_EP14 pid=395293) INFO 07-28 09:50:59 [worker.py:823] Free memory on device (60.86/61.27 GiB) on startup. Desired GPU memory utilization is (0.9, 55.14 GiB). Actual usage: 51.1 GiB for weights, 0.11 GiB for peak activation, 2.82 GiB for non-torch memory, 0.44 GiB for NPU graph memory. Replace gpu_memory_utilization with `--kv-cache-memory=566893056` (0.53 GiB) to fit into requested memory, or `--kv-cache-memory=6709070336` (6.25 GiB) to fully utilize NPU free memory. Current KV cache memory: 0.53 GiB. After warmup: torch reserved memory 52.22 GiB, torch allocated memory 51.72 GiB.
(Worker_DP1_TP1_EP3 pid=395662) INFO 07-28 09:50:59 [worker.py:776] ACL graph pool memory: 0.44 GiB (actual), 0.58 GiB (estimated), difference: 0.14 GiB (32.3%).
(Worker_DP1_TP1_EP3 pid=395662) INFO 07-28 09:50:59 [worker.py:823] Free memory on device (61.11/61.28 GiB) on startup. Desired GPU memory utilization is (0.9, 55.15 GiB). Actual usage: 51.1 GiB for weights, 0.11 GiB for peak activation, 2.82 GiB for non-torch memory, 0.44 GiB for NPU graph memory. Replace gpu_memory_utilization with `--kv-cache-memory=574229811` (0.53 GiB) to fit into requested memory, or `--kv-cache-memory=6976895488` (6.5 GiB) to fully utilize NPU free memory. Current KV cache memory: 0.54 GiB. After warmup: torch reserved memory 52.22 GiB, torch allocated memory 51.71 GiB.
(Worker_DP3_TP0_EP6 pid=395299) INFO 07-28 09:50:59 [gpu_model_runner.py:6744] Graph capturing finished in 7 secs, took 0.44 GiB
(Worker_DP3_TP0_EP6 pid=395299) INFO 07-28 09:50:59 [worker.py:776] ACL graph pool memory: 0.44 GiB (actual), 0.58 GiB (estimated), difference: 0.14 GiB (32.7%).
(Worker_DP3_TP0_EP6 pid=395299) INFO 07-28 09:50:59 [worker.py:823] Free memory on device (60.87/61.27 GiB) on startup. Desired GPU memory utilization is (0.9, 55.14 GiB). Actual usage: 51.1 GiB for weights, 0.11 GiB for peak activation, 2.82 GiB for non-torch memory, 0.44 GiB for NPU graph memory. Replace gpu_memory_utilization with `--kv-cache-memory=567343616` (0.53 GiB) to fit into requested memory, or `--kv-cache-memory=6711806464` (6.25 GiB) to fully utilize NPU free memory. Current KV cache memory: 0.53 GiB. After warmup: torch reserved memory 52.22 GiB, torch allocated memory 51.72 GiB.
(Worker_DP7_TP1_EP15 pid=395663) INFO 07-28 09:50:59 [worker.py:776] ACL graph pool memory: 0.44 GiB (actual), 0.58 GiB (estimated), difference: 0.14 GiB (32.3%).
(Worker_DP7_TP1_EP15 pid=395663) INFO 07-28 09:50:59 [worker.py:823] Free memory on device (61.12/61.28 GiB) on startup. Desired GPU memory utilization is (0.9, 55.15 GiB). Actual usage: 51.1 GiB for weights, 0.11 GiB for peak activation, 2.82 GiB for non-torch memory, 0.44 GiB for NPU graph memory. Replace gpu_memory_utilization with `--kv-cache-memory=577473843` (0.54 GiB) to fit into requested memory, or `--kv-cache-memory=6990825984` (6.51 GiB) to fully utilize NPU free memory. Current KV cache memory: 0.54 GiB. After warmup: torch reserved memory 52.22 GiB, torch allocated memory 51.72 GiB.
(Worker_DP6_TP0_EP12 pid=395295) INFO 07-28 09:50:59 [gpu_model_runner.py:6744] Graph capturing finished in 7 secs, took 0.44 GiB
(Worker_DP6_TP0_EP12 pid=395295) INFO 07-28 09:50:59 [worker.py:776] ACL graph pool memory: 0.44 GiB (actual), 0.58 GiB (estimated), difference: 0.15 GiB (33.9%).
(Worker_DP6_TP0_EP12 pid=395295) INFO 07-28 09:50:59 [worker.py:823] Free memory on device (60.86/61.27 GiB) on startup. Desired GPU memory utilization is (0.9, 55.14 GiB). Actual usage: 51.1 GiB for weights, 0.11 GiB for peak activation, 2.82 GiB for non-torch memory, 0.44 GiB for NPU graph memory. Replace gpu_memory_utilization with `--kv-cache-memory=572496384` (0.53 GiB) to fit into requested memory, or `--kv-cache-memory=6712117760` (6.25 GiB) to fully utilize NPU free memory. Current KV cache memory: 0.53 GiB. After warmup: torch reserved memory 52.22 GiB, torch allocated memory 51.72 GiB.
(Worker_DP3_TP1_EP7 pid=395707) INFO 07-28 09:50:59 [worker.py:776] ACL graph pool memory: 0.44 GiB (actual), 0.58 GiB (estimated), difference: 0.14 GiB (32.9%).
(Worker_DP3_TP1_EP7 pid=395707) INFO 07-28 09:50:59 [worker.py:823] Free memory on device (61.12/61.28 GiB) on startup. Desired GPU memory utilization is (0.9, 55.15 GiB). Actual usage: 51.1 GiB for weights, 0.11 GiB for peak activation, 2.82 GiB for non-torch memory, 0.44 GiB for NPU graph memory. Replace gpu_memory_utilization with `--kv-cache-memory=579157299` (0.54 GiB) to fit into requested memory, or `--kv-cache-memory=6993709568` (6.51 GiB) to fully utilize NPU free memory. Current KV cache memory: 0.54 GiB. After warmup: torch reserved memory 52.22 GiB, torch allocated memory 51.72 GiB.
(Worker_DP5_TP1_EP11 pid=395704) INFO 07-28 09:50:59 [worker.py:776] ACL graph pool memory: 0.44 GiB (actual), 0.58 GiB (estimated), difference: 0.15 GiB (33.3%).
(Worker_DP5_TP1_EP11 pid=395704) INFO 07-28 09:50:59 [worker.py:823] Free memory on device (61.12/61.28 GiB) on startup. Desired GPU memory utilization is (0.9, 55.15 GiB). Actual usage: 51.1 GiB for weights, 0.11 GiB for peak activation, 2.81 GiB for non-torch memory, 0.44 GiB for NPU graph memory. Replace gpu_memory_utilization with `--kv-cache-memory=582430003` (0.54 GiB) to fit into requested memory, or `--kv-cache-memory=6989728256` (6.51 GiB) to fully utilize NPU free memory. Current KV cache memory: 0.54 GiB. After warmup: torch reserved memory 52.22 GiB, torch allocated memory 51.72 GiB.
(Worker_DP4_TP0_EP8 pid=395298) INFO 07-28 09:50:59 [gpu_model_runner.py:6744] Graph capturing finished in 8 secs, took 0.44 GiB
(Worker_DP4_TP0_EP8 pid=395298) INFO 07-28 09:50:59 [worker.py:776] ACL graph pool memory: 0.44 GiB (actual), 0.58 GiB (estimated), difference: 0.14 GiB (32.4%).
(Worker_DP4_TP0_EP8 pid=395298) INFO 07-28 09:50:59 [worker.py:823] Free memory on device (60.87/61.27 GiB) on startup. Desired GPU memory utilization is (0.9, 55.14 GiB). Actual usage: 51.1 GiB for weights, 0.11 GiB for peak activation, 2.82 GiB for non-torch memory, 0.44 GiB for NPU graph memory. Replace gpu_memory_utilization with `--kv-cache-memory=567896576` (0.53 GiB) to fit into requested memory, or `--kv-cache-memory=6712396288` (6.25 GiB) to fully utilize NPU free memory. Current KV cache memory: 0.53 GiB. After warmup: torch reserved memory 52.22 GiB, torch allocated memory 51.72 GiB.
(Worker_DP4_TP1_EP9 pid=395729) INFO 07-28 09:51:02 [cpu_binding.py:542] [cpu_bind_mode] mode=global_slice rank=1 visible_npus=[0, 1, 2, 3, 4, 5, 6, 7, 8, 9, 10, 11, 12, 13, 14, 15]
(Worker_DP4_TP1_EP9 pid=395729) INFO 07-28 09:51:02 [cpu_binding.py:626] The CPU allocation plan is as follows:
(Worker_DP4_TP1_EP9 pid=395729) INFO 07-28 09:51:02 [cpu_binding.py:641] NPU1: main=[26 27 28 29 30 31 32 33 34 35 36 37 38 39 40 41 42 43 44 45]  acl=[46]  release=[[47]]
(Worker_DP5_TP0_EP10 pid=395297) INFO 07-28 09:51:02 [cpu_binding.py:542] [cpu_bind_mode] mode=global_slice rank=0 visible_npus=[0, 1, 2, 3, 4, 5, 6, 7, 8, 9, 10, 11, 12, 13, 14, 15]
(Worker_DP5_TP0_EP10 pid=395297) INFO 07-28 09:51:02 [cpu_binding.py:626] The CPU allocation plan is as follows:
(Worker_DP5_TP0_EP10 pid=395297) INFO 07-28 09:51:02 [cpu_binding.py:641] NPU0: main=[2 3 4 5 6 7 8 9 10 11 12 13 14 15 16 17 18 19 20 21]  acl=[22]  release=[[23]]
(Worker_DP4_TP1_EP9 pid=395729) INFO 07-28 09:51:02 [cpu_binding.py:652] The 'migratepages' command is not available, skipping memory binding.
(Worker_DP5_TP0_EP10 pid=395297) INFO 07-28 09:51:02 [cpu_binding.py:652] The 'migratepages' command is not available, skipping memory binding.
(Worker_DP2_TP0_EP4 pid=395296) INFO 07-28 09:51:03 [cpu_binding.py:542] [cpu_bind_mode] mode=global_slice rank=0 visible_npus=[0, 1, 2, 3, 4, 5, 6, 7, 8, 9, 10, 11, 12, 13, 14, 15]
(Worker_DP2_TP0_EP4 pid=395296) INFO 07-28 09:51:03 [cpu_binding.py:626] The CPU allocation plan is as follows:
(Worker_DP2_TP0_EP4 pid=395296) INFO 07-28 09:51:03 [cpu_binding.py:641] NPU0: main=[2 3 4 5 6 7 8 9 10 11 12 13 14 15 16 17 18 19 20 21]  acl=[22]  release=[[23]]
(Worker_DP1_TP0_EP2 pid=395294) INFO 07-28 09:51:03 [cpu_binding.py:542] [cpu_bind_mode] mode=global_slice rank=0 visible_npus=[0, 1, 2, 3, 4, 5, 6, 7, 8, 9, 10, 11, 12, 13, 14, 15]
(Worker_DP4_TP1_EP9 pid=395729) INFO 07-28 09:51:03 [cpu_binding.py:778] NPU1(PCI 0000:9f:00.0): sq_send_trigger_irq IRQ_ID=1396 -> CPU24, cq_update_irq IRQ_ID=1397 -> CPU25
(Worker_DP1_TP0_EP2 pid=395294) INFO 07-28 09:51:03 [cpu_binding.py:626] The CPU allocation plan is as follows:
(Worker_DP1_TP0_EP2 pid=395294) INFO 07-28 09:51:03 [cpu_binding.py:641] NPU0: main=[2 3 4 5 6 7 8 9 10 11 12 13 14 15 16 17 18 19 20 21]  acl=[22]  release=[[23]]
(Worker_DP5_TP0_EP10 pid=395297) INFO 07-28 09:51:03 [cpu_binding.py:778] NPU0(PCI 0000:9d:00.0): sq_send_trigger_irq IRQ_ID=1136 -> CPU0, cq_update_irq IRQ_ID=1137 -> CPU1
(Worker_DP0_TP1_EP1 pid=395706) INFO 07-28 09:51:03 [cpu_binding.py:542] [cpu_bind_mode] mode=global_slice rank=1 visible_npus=[0, 1, 2, 3, 4, 5, 6, 7, 8, 9, 10, 11, 12, 13, 14, 15]
(Worker_DP0_TP1_EP1 pid=395706) INFO 07-28 09:51:03 [cpu_binding.py:626] The CPU allocation plan is as follows:
(Worker_DP0_TP1_EP1 pid=395706) INFO 07-28 09:51:03 [cpu_binding.py:641] NPU1: main=[26 27 28 29 30 31 32 33 34 35 36 37 38 39 40 41 42 43 44 45]  acl=[46]  release=[[47]]
(Worker_DP2_TP0_EP4 pid=395296) INFO 07-28 09:51:03 [cpu_binding.py:652] The 'migratepages' command is not available, skipping memory binding.
(Worker_DP6_TP1_EP13 pid=395664) INFO 07-28 09:51:03 [cpu_binding.py:542] [cpu_bind_mode] mode=global_slice rank=1 visible_npus=[0, 1, 2, 3, 4, 5, 6, 7, 8, 9, 10, 11, 12, 13, 14, 15]
(Worker_DP6_TP1_EP13 pid=395664) INFO 07-28 09:51:03 [cpu_binding.py:626] The CPU allocation plan is as follows:
(Worker_DP6_TP1_EP13 pid=395664) INFO 07-28 09:51:03 [cpu_binding.py:641] NPU1: main=[26 27 28 29 30 31 32 33 34 35 36 37 38 39 40 41 42 43 44 45]  acl=[46]  release=[[47]]
(Worker_DP1_TP0_EP2 pid=395294) INFO 07-28 09:51:03 [cpu_binding.py:652] The 'migratepages' command is not available, skipping memory binding.
(Worker_DP0_TP0_EP0 pid=395300) INFO 07-28 09:51:03 [cpu_binding.py:542] [cpu_bind_mode] mode=global_slice rank=0 visible_npus=[0, 1, 2, 3, 4, 5, 6, 7, 8, 9, 10, 11, 12, 13, 14, 15]
(Worker_DP0_TP0_EP0 pid=395300) INFO 07-28 09:51:03 [cpu_binding.py:626] The CPU allocation plan is as follows:
(Worker_DP0_TP0_EP0 pid=395300) INFO 07-28 09:51:03 [cpu_binding.py:641] NPU0: main=[2 3 4 5 6 7 8 9 10 11 12 13 14 15 16 17 18 19 20 21]  acl=[22]  release=[[23]]
(Worker_DP0_TP1_EP1 pid=395706) INFO 07-28 09:51:03 [cpu_binding.py:652] The 'migratepages' command is not available, skipping memory binding.
(Worker_DP6_TP1_EP13 pid=395664) INFO 07-28 09:51:04 [cpu_binding.py:652] The 'migratepages' command is not available, skipping memory binding.
(Worker_DP2_TP1_EP5 pid=395661) INFO 07-28 09:51:04 [cpu_binding.py:542] [cpu_bind_mode] mode=global_slice rank=1 visible_npus=[0, 1, 2, 3, 4, 5, 6, 7, 8, 9, 10, 11, 12, 13, 14, 15]
(Worker_DP2_TP1_EP5 pid=395661) INFO 07-28 09:51:04 [cpu_binding.py:626] The CPU allocation plan is as follows:
(Worker_DP2_TP1_EP5 pid=395661) INFO 07-28 09:51:04 [cpu_binding.py:641] NPU1: main=[26 27 28 29 30 31 32 33 34 35 36 37 38 39 40 41 42 43 44 45]  acl=[46]  release=[[47]]
(Worker_DP0_TP0_EP0 pid=395300) INFO 07-28 09:51:04 [cpu_binding.py:652] The 'migratepages' command is not available, skipping memory binding.
(Worker_DP2_TP0_EP4 pid=395296) INFO 07-28 09:51:04 [cpu_binding.py:778] NPU0(PCI 0000:9d:00.0): sq_send_trigger_irq IRQ_ID=1136 -> CPU0, cq_update_irq IRQ_ID=1137 -> CPU1
(Worker_DP2_TP1_EP5 pid=395661) INFO 07-28 09:51:04 [cpu_binding.py:652] The 'migratepages' command is not available, skipping memory binding.
(Worker_DP1_TP0_EP2 pid=395294) INFO 07-28 09:51:04 [cpu_binding.py:778] NPU0(PCI 0000:9d:00.0): sq_send_trigger_irq IRQ_ID=1136 -> CPU0, cq_update_irq IRQ_ID=1137 -> CPU1
(Worker_DP7_TP0_EP14 pid=395293) INFO 07-28 09:51:04 [cpu_binding.py:542] [cpu_bind_mode] mode=global_slice rank=0 visible_npus=[0, 1, 2, 3, 4, 5, 6, 7, 8, 9, 10, 11, 12, 13, 14, 15]
(Worker_DP7_TP0_EP14 pid=395293) INFO 07-28 09:51:04 [cpu_binding.py:626] The CPU allocation plan is as follows:
(Worker_DP7_TP0_EP14 pid=395293) INFO 07-28 09:51:04 [cpu_binding.py:641] NPU0: main=[2 3 4 5 6 7 8 9 10 11 12 13 14 15 16 17 18 19 20 21]  acl=[22]  release=[[23]]
(Worker_DP0_TP1_EP1 pid=395706) INFO 07-28 09:51:04 [cpu_binding.py:778] NPU1(PCI 0000:9f:00.0): sq_send_trigger_irq IRQ_ID=1396 -> CPU24, cq_update_irq IRQ_ID=1397 -> CPU25
(Worker_DP1_TP1_EP3 pid=395662) INFO 07-28 09:51:04 [cpu_binding.py:542] [cpu_bind_mode] mode=global_slice rank=1 visible_npus=[0, 1, 2, 3, 4, 5, 6, 7, 8, 9, 10, 11, 12, 13, 14, 15]
(Worker_DP1_TP1_EP3 pid=395662) INFO 07-28 09:51:04 [cpu_binding.py:626] The CPU allocation plan is as follows:
(Worker_DP1_TP1_EP3 pid=395662) INFO 07-28 09:51:04 [cpu_binding.py:641] NPU1: main=[26 27 28 29 30 31 32 33 34 35 36 37 38 39 40 41 42 43 44 45]  acl=[46]  release=[[47]]
(Worker_DP6_TP1_EP13 pid=395664) INFO 07-28 09:51:04 [cpu_binding.py:778] NPU1(PCI 0000:9f:00.0): sq_send_trigger_irq IRQ_ID=1396 -> CPU24, cq_update_irq IRQ_ID=1397 -> CPU25
(Worker_DP7_TP1_EP15 pid=395663) INFO 07-28 09:51:04 [cpu_binding.py:542] [cpu_bind_mode] mode=global_slice rank=1 visible_npus=[0, 1, 2, 3, 4, 5, 6, 7, 8, 9, 10, 11, 12, 13, 14, 15]
(Worker_DP7_TP1_EP15 pid=395663) INFO 07-28 09:51:04 [cpu_binding.py:626] The CPU allocation plan is as follows:
(Worker_DP7_TP1_EP15 pid=395663) INFO 07-28 09:51:04 [cpu_binding.py:641] NPU1: main=[26 27 28 29 30 31 32 33 34 35 36 37 38 39 40 41 42 43 44 45]  acl=[46]  release=[[47]]
(Worker_DP7_TP0_EP14 pid=395293) INFO 07-28 09:51:04 [cpu_binding.py:652] The 'migratepages' command is not available, skipping memory binding.
(Worker_DP0_TP0_EP0 pid=395300) INFO 07-28 09:51:05 [cpu_binding.py:778] NPU0(PCI 0000:9d:00.0): sq_send_trigger_irq IRQ_ID=1136 -> CPU0, cq_update_irq IRQ_ID=1137 -> CPU1
(EngineCore_DP0 pid=394878) INFO 07-28 09:51:05 [core.py:337] init engine (profile, create kv cache, warmup model) took 35.88 s (compilation: 2.16 s)
(Worker_DP1_TP1_EP3 pid=395662) INFO 07-28 09:51:05 [cpu_binding.py:652] The 'migratepages' command is not available, skipping memory binding.
(Worker_DP3_TP0_EP6 pid=395299) INFO 07-28 09:51:05 [cpu_binding.py:542] [cpu_bind_mode] mode=global_slice rank=0 visible_npus=[0, 1, 2, 3, 4, 5, 6, 7, 8, 9, 10, 11, 12, 13, 14, 15]
(Worker_DP3_TP0_EP6 pid=395299) INFO 07-28 09:51:05 [cpu_binding.py:626] The CPU allocation plan is as follows:
(Worker_DP3_TP0_EP6 pid=395299) INFO 07-28 09:51:05 [cpu_binding.py:641] NPU0: main=[2 3 4 5 6 7 8 9 10 11 12 13 14 15 16 17 18 19 20 21]  acl=[22]  release=[[23]]
(Worker_DP7_TP1_EP15 pid=395663) INFO 07-28 09:51:05 [cpu_binding.py:652] The 'migratepages' command is not available, skipping memory binding.
(Worker_DP2_TP1_EP5 pid=395661) INFO 07-28 09:51:05 [cpu_binding.py:778] NPU1(PCI 0000:9f:00.0): sq_send_trigger_irq IRQ_ID=1396 -> CPU24, cq_update_irq IRQ_ID=1397 -> CPU25
(EngineCore_DP2 pid=394852) INFO 07-28 09:51:05 [core.py:337] init engine (profile, create kv cache, warmup model) took 35.91 s (compilation: 2.14 s)
(Worker_DP6_TP0_EP12 pid=395295) INFO 07-28 09:51:05 [cpu_binding.py:542] [cpu_bind_mode] mode=global_slice rank=0 visible_npus=[0, 1, 2, 3, 4, 5, 6, 7, 8, 9, 10, 11, 12, 13, 14, 15]
(Worker_DP6_TP0_EP12 pid=395295) INFO 07-28 09:51:05 [cpu_binding.py:626] The CPU allocation plan is as follows:
(Worker_DP6_TP0_EP12 pid=395295) INFO 07-28 09:51:05 [cpu_binding.py:641] NPU0: main=[2 3 4 5 6 7 8 9 10 11 12 13 14 15 16 17 18 19 20 21]  acl=[22]  release=[[23]]
(Worker_DP3_TP0_EP6 pid=395299) INFO 07-28 09:51:05 [cpu_binding.py:652] The 'migratepages' command is not available, skipping memory binding.
(Worker_DP6_TP0_EP12 pid=395295) INFO 07-28 09:51:05 [cpu_binding.py:652] The 'migratepages' command is not available, skipping memory binding.
(Worker_DP3_TP1_EP7 pid=395707) INFO 07-28 09:51:05 [cpu_binding.py:542] [cpu_bind_mode] mode=global_slice rank=1 visible_npus=[0, 1, 2, 3, 4, 5, 6, 7, 8, 9, 10, 11, 12, 13, 14, 15]
(Worker_DP3_TP1_EP7 pid=395707) INFO 07-28 09:51:05 [cpu_binding.py:626] The CPU allocation plan is as follows:
(Worker_DP3_TP1_EP7 pid=395707) INFO 07-28 09:51:05 [cpu_binding.py:641] NPU1: main=[26 27 28 29 30 31 32 33 34 35 36 37 38 39 40 41 42 43 44 45]  acl=[46]  release=[[47]]
(Worker_DP7_TP0_EP14 pid=395293) INFO 07-28 09:51:05 [cpu_binding.py:778] NPU0(PCI 0000:9d:00.0): sq_send_trigger_irq IRQ_ID=1136 -> CPU0, cq_update_irq IRQ_ID=1137 -> CPU1
(Worker_DP1_TP1_EP3 pid=395662) INFO 07-28 09:51:05 [cpu_binding.py:778] NPU1(PCI 0000:9f:00.0): sq_send_trigger_irq IRQ_ID=1396 -> CPU24, cq_update_irq IRQ_ID=1397 -> CPU25
(EngineCore_DP1 pid=394832) INFO 07-28 09:51:05 [core.py:337] init engine (profile, create kv cache, warmup model) took 37.91 s (compilation: 2.23 s)
(Worker_DP5_TP1_EP11 pid=395704) INFO 07-28 09:51:05 [cpu_binding.py:542] [cpu_bind_mode] mode=global_slice rank=1 visible_npus=[0, 1, 2, 3, 4, 5, 6, 7, 8, 9, 10, 11, 12, 13, 14, 15]
(Worker_DP5_TP1_EP11 pid=395704) INFO 07-28 09:51:05 [cpu_binding.py:626] The CPU allocation plan is as follows:
(Worker_DP5_TP1_EP11 pid=395704) INFO 07-28 09:51:05 [cpu_binding.py:641] NPU1: main=[26 27 28 29 30 31 32 33 34 35 36 37 38 39 40 41 42 43 44 45]  acl=[46]  release=[[47]]
(Worker_DP4_TP0_EP8 pid=395298) INFO 07-28 09:51:05 [cpu_binding.py:542] [cpu_bind_mode] mode=global_slice rank=0 visible_npus=[0, 1, 2, 3, 4, 5, 6, 7, 8, 9, 10, 11, 12, 13, 14, 15]
(Worker_DP4_TP0_EP8 pid=395298) INFO 07-28 09:51:05 [cpu_binding.py:626] The CPU allocation plan is as follows:
(Worker_DP4_TP0_EP8 pid=395298) INFO 07-28 09:51:05 [cpu_binding.py:641] NPU0: main=[2 3 4 5 6 7 8 9 10 11 12 13 14 15 16 17 18 19 20 21]  acl=[22]  release=[[23]]
(Worker_DP3_TP1_EP7 pid=395707) INFO 07-28 09:51:05 [cpu_binding.py:652] The 'migratepages' command is not available, skipping memory binding.
(Worker_DP7_TP1_EP15 pid=395663) INFO 07-28 09:51:05 [cpu_binding.py:778] NPU1(PCI 0000:9f:00.0): sq_send_trigger_irq IRQ_ID=1396 -> CPU24, cq_update_irq IRQ_ID=1397 -> CPU25
(EngineCore_DP7 pid=394851) INFO 07-28 09:51:05 [core.py:337] init engine (profile, create kv cache, warmup model) took 37.17 s (compilation: 2.14 s)
(Worker_DP3_TP0_EP6 pid=395299) INFO 07-28 09:51:06 [cpu_binding.py:778] NPU0(PCI 0000:9d:00.0): sq_send_trigger_irq IRQ_ID=1136 -> CPU0, cq_update_irq IRQ_ID=1137 -> CPU1
(Worker_DP5_TP1_EP11 pid=395704) INFO 07-28 09:51:06 [cpu_binding.py:652] The 'migratepages' command is not available, skipping memory binding.
(Worker_DP4_TP0_EP8 pid=395298) INFO 07-28 09:51:06 [cpu_binding.py:652] The 'migratepages' command is not available, skipping memory binding.
(Worker_DP6_TP0_EP12 pid=395295) INFO 07-28 09:51:06 [cpu_binding.py:778] NPU0(PCI 0000:9d:00.0): sq_send_trigger_irq IRQ_ID=1136 -> CPU0, cq_update_irq IRQ_ID=1137 -> CPU1
(EngineCore_DP6 pid=394853) INFO 07-28 09:51:06 [core.py:337] init engine (profile, create kv cache, warmup model) took 37.58 s (compilation: 2.15 s)
(EngineCore_DP0 pid=394878) INFO 07-28 09:51:06 [vllm.py:1090] Asynchronous scheduling is enabled.
(EngineCore_DP0 pid=394878) WARNING 07-28 09:51:06 [vllm.py:1114] Disabling cascade attention (not yet compatible with async speculative decoding).
(EngineCore_DP0 pid=394878) INFO 07-28 09:51:06 [kernel.py:292] Final IR op priority after setting platform defaults: IrOpPriorityConfig(rms_norm=['native'], fused_add_rms_norm=['native'])
(EngineCore_DP0 pid=394878) WARNING 07-28 09:51:06 [vllm.py:1697] max_num_scheduled_tokens is set to 256 based on the speculative decoding settings. This may lead to suboptimal performance. Consider increasing max_num_batched_tokens to accommodate the additional draft token slots, or decrease num_speculative_tokens or max_num_seqs.
(EngineCore_DP0 pid=394878) WARNING 07-28 09:51:06 [platform.py:1043] GPU-specific parameter is not supported on Ascend. parameter=disable_cascade_attn, value=True, action: resetting to False.
(EngineCore_DP0 pid=394878) INFO 07-28 09:51:06 [ascend_config.py:490] finegrained_tp_config enabled: lmhead_tensor_parallel_size=2
(EngineCore_DP0 pid=394878) INFO 07-28 09:51:06 [ascend_config.py:824] Dynamic EPLB is False
(EngineCore_DP0 pid=394878) INFO 07-28 09:51:06 [ascend_config.py:825] The number of redundant experts is 0
(EngineCore_DP0 pid=394878) INFO 07-28 09:51:06 [ascend_config.py:289] AscendConfig.enable_mlapo falls back to environment variable VLLM_ASCEND_ENABLE_MLAPO with value True. Please use additional_config.enable_mlapo instead, because VLLM_ASCEND_ENABLE_MLAPO will be removed in the next release.
(EngineCore_DP0 pid=394878) INFO 07-28 09:51:06 [platform.py:770] Set PYTORCH_NPU_ALLOC_CONF=expandable_segments:True
(EngineCore_DP0 pid=394878) INFO 07-28 09:51:06 [compilation.py:312] Enabled custom fusions: norm_quant, act_quant
rank=0 prompts=1

Rendering prompts:   0%|          | 0/1 [00:00<?, ?it/s]
Rendering prompts: 100%|██████████| 1/1 [00:00<00:00, 25.68it/s]

Processed prompts:   0%|          | 0/1 [00:00<?, ?it/s, est. speed input: 0.00 toks/s, output: 0.00 toks/s](EngineCore_DP2 pid=394852) INFO 07-28 09:51:06 [vllm.py:1090] Asynchronous scheduling is enabled.
(EngineCore_DP2 pid=394852) WARNING 07-28 09:51:06 [vllm.py:1114] Disabling cascade attention (not yet compatible with async speculative decoding).
(EngineCore_DP2 pid=394852) INFO 07-28 09:51:06 [kernel.py:292] Final IR op priority after setting platform defaults: IrOpPriorityConfig(rms_norm=['native'], fused_add_rms_norm=['native'])
(EngineCore_DP2 pid=394852) WARNING 07-28 09:51:06 [vllm.py:1697] max_num_scheduled_tokens is set to 256 based on the speculative decoding settings. This may lead to suboptimal performance. Consider increasing max_num_batched_tokens to accommodate the additional draft token slots, or decrease num_speculative_tokens or max_num_seqs.
(EngineCore_DP2 pid=394852) WARNING 07-28 09:51:06 [platform.py:1043] GPU-specific parameter is not supported on Ascend. parameter=disable_cascade_attn, value=True, action: resetting to False.
(EngineCore_DP2 pid=394852) INFO 07-28 09:51:06 [ascend_config.py:490] finegrained_tp_config enabled: lmhead_tensor_parallel_size=2
(EngineCore_DP2 pid=394852) INFO 07-28 09:51:06 [ascend_config.py:824] Dynamic EPLB is False
(EngineCore_DP2 pid=394852) INFO 07-28 09:51:06 [ascend_config.py:825] The number of redundant experts is 0
(EngineCore_DP2 pid=394852) INFO 07-28 09:51:06 [ascend_config.py:289] AscendConfig.enable_mlapo falls back to environment variable VLLM_ASCEND_ENABLE_MLAPO with value True. Please use additional_config.enable_mlapo instead, because VLLM_ASCEND_ENABLE_MLAPO will be removed in the next release.
(EngineCore_DP2 pid=394852) INFO 07-28 09:51:06 [platform.py:770] Set PYTORCH_NPU_ALLOC_CONF=expandable_segments:True
(EngineCore_DP2 pid=394852) INFO 07-28 09:51:06 [compilation.py:312] Enabled custom fusions: norm_quant, act_quant
rank=2 prompts=1

Rendering prompts:   0%|          | 0/1 [00:00<?, ?it/s]
Rendering prompts: 100%|██████████| 1/1 [00:00<00:00, 26.95it/s]

Processed prompts:   0%|          | 0/1 [00:00<?, ?it/s, est. speed input: 0.00 toks/s, output: 0.00 toks/s](Worker_DP3_TP1_EP7 pid=395707) INFO 07-28 09:51:06 [cpu_binding.py:778] NPU1(PCI 0000:9f:00.0): sq_send_trigger_irq IRQ_ID=1396 -> CPU24, cq_update_irq IRQ_ID=1397 -> CPU25
(EngineCore_DP3 pid=394825) INFO 07-28 09:51:06 [core.py:337] init engine (profile, create kv cache, warmup model) took 42.20 s (compilation: 2.08 s)
(Worker_DP5_TP1_EP11 pid=395704) INFO 07-28 09:51:06 [cpu_binding.py:778] NPU1(PCI 0000:9f:00.0): sq_send_trigger_irq IRQ_ID=1396 -> CPU24, cq_update_irq IRQ_ID=1397 -> CPU25
(EngineCore_DP5 pid=394894) INFO 07-28 09:51:06 [core.py:337] init engine (profile, create kv cache, warmup model) took 32.71 s (compilation: 2.17 s)
(Worker_DP4_TP0_EP8 pid=395298) INFO 07-28 09:51:07 [cpu_binding.py:778] NPU0(PCI 0000:9d:00.0): sq_send_trigger_irq IRQ_ID=1136 -> CPU0, cq_update_irq IRQ_ID=1137 -> CPU1
(EngineCore_DP4 pid=394824) INFO 07-28 09:51:07 [core.py:337] init engine (profile, create kv cache, warmup model) took 33.60 s (compilation: 2.26 s)
(EngineCore_DP1 pid=394832) INFO 07-28 09:51:07 [vllm.py:1090] Asynchronous scheduling is enabled.
(EngineCore_DP1 pid=394832) WARNING 07-28 09:51:07 [vllm.py:1114] Disabling cascade attention (not yet compatible with async speculative decoding).
(EngineCore_DP1 pid=394832) INFO 07-28 09:51:07 [kernel.py:292] Final IR op priority after setting platform defaults: IrOpPriorityConfig(rms_norm=['native'], fused_add_rms_norm=['native'])
(EngineCore_DP1 pid=394832) WARNING 07-28 09:51:07 [vllm.py:1697] max_num_scheduled_tokens is set to 256 based on the speculative decoding settings. This may lead to suboptimal performance. Consider increasing max_num_batched_tokens to accommodate the additional draft token slots, or decrease num_speculative_tokens or max_num_seqs.
(EngineCore_DP1 pid=394832) WARNING 07-28 09:51:07 [platform.py:1043] GPU-specific parameter is not supported on Ascend. parameter=disable_cascade_attn, value=True, action: resetting to False.
(EngineCore_DP1 pid=394832) INFO 07-28 09:51:07 [ascend_config.py:490] finegrained_tp_config enabled: lmhead_tensor_parallel_size=2
(EngineCore_DP1 pid=394832) INFO 07-28 09:51:07 [ascend_config.py:824] Dynamic EPLB is False
(EngineCore_DP1 pid=394832) INFO 07-28 09:51:07 [ascend_config.py:825] The number of redundant experts is 0
(EngineCore_DP1 pid=394832) INFO 07-28 09:51:07 [ascend_config.py:289] AscendConfig.enable_mlapo falls back to environment variable VLLM_ASCEND_ENABLE_MLAPO with value True. Please use additional_config.enable_mlapo instead, because VLLM_ASCEND_ENABLE_MLAPO will be removed in the next release.
(EngineCore_DP1 pid=394832) INFO 07-28 09:51:07 [platform.py:770] Set PYTORCH_NPU_ALLOC_CONF=expandable_segments:True
(EngineCore_DP1 pid=394832) INFO 07-28 09:51:07 [compilation.py:312] Enabled custom fusions: norm_quant, act_quant
rank=1 prompts=1

Rendering prompts:   0%|          | 0/1 [00:00<?, ?it/s](EngineCore_DP7 pid=394851) INFO 07-28 09:51:07 [vllm.py:1090] Asynchronous scheduling is enabled.
(EngineCore_DP7 pid=394851) WARNING 07-28 09:51:07 [vllm.py:1114] Disabling cascade attention (not yet compatible with async speculative decoding).
(EngineCore_DP7 pid=394851) INFO 07-28 09:51:07 [kernel.py:292] Final IR op priority after setting platform defaults: IrOpPriorityConfig(rms_norm=['native'], fused_add_rms_norm=['native'])
(EngineCore_DP7 pid=394851) WARNING 07-28 09:51:07 [vllm.py:1697] max_num_scheduled_tokens is set to 256 based on the speculative decoding settings. This may lead to suboptimal performance. Consider increasing max_num_batched_tokens to accommodate the additional draft token slots, or decrease num_speculative_tokens or max_num_seqs.
(EngineCore_DP7 pid=394851) WARNING 07-28 09:51:07 [platform.py:1043] GPU-specific parameter is not supported on Ascend. parameter=disable_cascade_attn, value=True, action: resetting to False.
(EngineCore_DP7 pid=394851) INFO 07-28 09:51:07 [ascend_config.py:490] finegrained_tp_config enabled: lmhead_tensor_parallel_size=2
(EngineCore_DP7 pid=394851) INFO 07-28 09:51:07 [ascend_config.py:824] Dynamic EPLB is False
(EngineCore_DP7 pid=394851) INFO 07-28 09:51:07 [ascend_config.py:825] The number of redundant experts is 0
(EngineCore_DP7 pid=394851) INFO 07-28 09:51:07 [ascend_config.py:289] AscendConfig.enable_mlapo falls back to environment variable VLLM_ASCEND_ENABLE_MLAPO with value True. Please use additional_config.enable_mlapo instead, because VLLM_ASCEND_ENABLE_MLAPO will be removed in the next release.

Rendering prompts: 100%|██████████| 1/1 [00:00<00:00, 25.36it/s]

Processed prompts:   0%|          | 0/1 [00:00<?, ?it/s, est. speed input: 0.00 toks/s, output: 0.00 toks/s](EngineCore_DP7 pid=394851) INFO 07-28 09:51:07 [platform.py:770] Set PYTORCH_NPU_ALLOC_CONF=expandable_segments:True
(EngineCore_DP7 pid=394851) INFO 07-28 09:51:07 [compilation.py:312] Enabled custom fusions: norm_quant, act_quant
rank=7 prompts=1

Rendering prompts:   0%|          | 0/1 [00:00<?, ?it/s]
Rendering prompts: 100%|██████████| 1/1 [00:00<00:00, 29.00it/s]

Processed prompts:   0%|          | 0/1 [00:00<?, ?it/s, est. speed input: 0.00 toks/s, output: 0.00 toks/s](EngineCore_DP6 pid=394853) INFO 07-28 09:51:07 [vllm.py:1090] Asynchronous scheduling is enabled.
(EngineCore_DP6 pid=394853) WARNING 07-28 09:51:07 [vllm.py:1114] Disabling cascade attention (not yet compatible with async speculative decoding).
(EngineCore_DP6 pid=394853) INFO 07-28 09:51:07 [kernel.py:292] Final IR op priority after setting platform defaults: IrOpPriorityConfig(rms_norm=['native'], fused_add_rms_norm=['native'])
(EngineCore_DP6 pid=394853) WARNING 07-28 09:51:07 [vllm.py:1697] max_num_scheduled_tokens is set to 256 based on the speculative decoding settings. This may lead to suboptimal performance. Consider increasing max_num_batched_tokens to accommodate the additional draft token slots, or decrease num_speculative_tokens or max_num_seqs.
(EngineCore_DP6 pid=394853) WARNING 07-28 09:51:07 [platform.py:1043] GPU-specific parameter is not supported on Ascend. parameter=disable_cascade_attn, value=True, action: resetting to False.
(EngineCore_DP6 pid=394853) INFO 07-28 09:51:07 [ascend_config.py:490] finegrained_tp_config enabled: lmhead_tensor_parallel_size=2
(EngineCore_DP6 pid=394853) INFO 07-28 09:51:07 [ascend_config.py:824] Dynamic EPLB is False
(EngineCore_DP6 pid=394853) INFO 07-28 09:51:07 [ascend_config.py:825] The number of redundant experts is 0
(EngineCore_DP6 pid=394853) INFO 07-28 09:51:07 [ascend_config.py:289] AscendConfig.enable_mlapo falls back to environment variable VLLM_ASCEND_ENABLE_MLAPO with value True. Please use additional_config.enable_mlapo instead, because VLLM_ASCEND_ENABLE_MLAPO will be removed in the next release.
(EngineCore_DP6 pid=394853) INFO 07-28 09:51:07 [platform.py:770] Set PYTORCH_NPU_ALLOC_CONF=expandable_segments:True
(EngineCore_DP6 pid=394853) INFO 07-28 09:51:07 [compilation.py:312] Enabled custom fusions: norm_quant, act_quant
rank=6 prompts=1

Rendering prompts:   0%|          | 0/1 [00:00<?, ?it/s]
Rendering prompts: 100%|██████████| 1/1 [00:00<00:00, 29.83it/s]

Processed prompts:   0%|          | 0/1 [00:00<?, ?it/s, est. speed input: 0.00 toks/s, output: 0.00 toks/s](EngineCore_DP3 pid=394825) INFO 07-28 09:51:08 [vllm.py:1090] Asynchronous scheduling is enabled.
(EngineCore_DP3 pid=394825) WARNING 07-28 09:51:08 [vllm.py:1114] Disabling cascade attention (not yet compatible with async speculative decoding).
(EngineCore_DP3 pid=394825) INFO 07-28 09:51:08 [kernel.py:292] Final IR op priority after setting platform defaults: IrOpPriorityConfig(rms_norm=['native'], fused_add_rms_norm=['native'])
(EngineCore_DP3 pid=394825) WARNING 07-28 09:51:08 [vllm.py:1697] max_num_scheduled_tokens is set to 256 based on the speculative decoding settings. This may lead to suboptimal performance. Consider increasing max_num_batched_tokens to accommodate the additional draft token slots, or decrease num_speculative_tokens or max_num_seqs.
(EngineCore_DP3 pid=394825) WARNING 07-28 09:51:08 [platform.py:1043] GPU-specific parameter is not supported on Ascend. parameter=disable_cascade_attn, value=True, action: resetting to False.
(EngineCore_DP3 pid=394825) INFO 07-28 09:51:08 [ascend_config.py:490] finegrained_tp_config enabled: lmhead_tensor_parallel_size=2
(EngineCore_DP3 pid=394825) INFO 07-28 09:51:08 [ascend_config.py:824] Dynamic EPLB is False
(EngineCore_DP3 pid=394825) INFO 07-28 09:51:08 [ascend_config.py:825] The number of redundant experts is 0
(EngineCore_DP3 pid=394825) INFO 07-28 09:51:08 [ascend_config.py:289] AscendConfig.enable_mlapo falls back to environment variable VLLM_ASCEND_ENABLE_MLAPO with value True. Please use additional_config.enable_mlapo instead, because VLLM_ASCEND_ENABLE_MLAPO will be removed in the next release.
(EngineCore_DP3 pid=394825) INFO 07-28 09:51:08 [platform.py:770] Set PYTORCH_NPU_ALLOC_CONF=expandable_segments:True
(EngineCore_DP3 pid=394825) INFO 07-28 09:51:08 [compilation.py:312] Enabled custom fusions: norm_quant, act_quant
rank=3 prompts=1

Rendering prompts:   0%|          | 0/1 [00:00<?, ?it/s]
Rendering prompts: 100%|██████████| 1/1 [00:00<00:00, 28.71it/s]
(EngineCore_DP5 pid=394894) INFO 07-28 09:51:08 [vllm.py:1090] Asynchronous scheduling is enabled.

Processed prompts:   0%|          | 0/1 [00:00<?, ?it/s, est. speed input: 0.00 toks/s, output: 0.00 toks/s](EngineCore_DP5 pid=394894) WARNING 07-28 09:51:08 [vllm.py:1114] Disabling cascade attention (not yet compatible with async speculative decoding).
(EngineCore_DP5 pid=394894) INFO 07-28 09:51:08 [kernel.py:292] Final IR op priority after setting platform defaults: IrOpPriorityConfig(rms_norm=['native'], fused_add_rms_norm=['native'])
(EngineCore_DP5 pid=394894) WARNING 07-28 09:51:08 [vllm.py:1697] max_num_scheduled_tokens is set to 256 based on the speculative decoding settings. This may lead to suboptimal performance. Consider increasing max_num_batched_tokens to accommodate the additional draft token slots, or decrease num_speculative_tokens or max_num_seqs.
(EngineCore_DP5 pid=394894) WARNING 07-28 09:51:08 [platform.py:1043] GPU-specific parameter is not supported on Ascend. parameter=disable_cascade_attn, value=True, action: resetting to False.
(EngineCore_DP5 pid=394894) INFO 07-28 09:51:08 [ascend_config.py:490] finegrained_tp_config enabled: lmhead_tensor_parallel_size=2
(EngineCore_DP5 pid=394894) INFO 07-28 09:51:08 [ascend_config.py:824] Dynamic EPLB is False
(EngineCore_DP5 pid=394894) INFO 07-28 09:51:08 [ascend_config.py:825] The number of redundant experts is 0
(EngineCore_DP5 pid=394894) INFO 07-28 09:51:08 [ascend_config.py:289] AscendConfig.enable_mlapo falls back to environment variable VLLM_ASCEND_ENABLE_MLAPO with value True. Please use additional_config.enable_mlapo instead, because VLLM_ASCEND_ENABLE_MLAPO will be removed in the next release.
(EngineCore_DP5 pid=394894) INFO 07-28 09:51:08 [platform.py:770] Set PYTORCH_NPU_ALLOC_CONF=expandable_segments:True
(EngineCore_DP5 pid=394894) INFO 07-28 09:51:08 [compilation.py:312] Enabled custom fusions: norm_quant, act_quant
rank=5 prompts=1

Rendering prompts:   0%|          | 0/1 [00:00<?, ?it/s]
Rendering prompts: 100%|██████████| 1/1 [00:00<00:00, 29.09it/s]

Processed prompts:   0%|          | 0/1 [00:00<?, ?it/s, est. speed input: 0.00 toks/s, output: 0.00 toks/s](EngineCore_DP4 pid=394824) INFO 07-28 09:51:08 [vllm.py:1090] Asynchronous scheduling is enabled.
(EngineCore_DP4 pid=394824) WARNING 07-28 09:51:08 [vllm.py:1114] Disabling cascade attention (not yet compatible with async speculative decoding).
(EngineCore_DP4 pid=394824) INFO 07-28 09:51:08 [kernel.py:292] Final IR op priority after setting platform defaults: IrOpPriorityConfig(rms_norm=['native'], fused_add_rms_norm=['native'])
(EngineCore_DP4 pid=394824) WARNING 07-28 09:51:08 [vllm.py:1697] max_num_scheduled_tokens is set to 256 based on the speculative decoding settings. This may lead to suboptimal performance. Consider increasing max_num_batched_tokens to accommodate the additional draft token slots, or decrease num_speculative_tokens or max_num_seqs.
(EngineCore_DP4 pid=394824) WARNING 07-28 09:51:08 [platform.py:1043] GPU-specific parameter is not supported on Ascend. parameter=disable_cascade_attn, value=True, action: resetting to False.
(EngineCore_DP4 pid=394824) INFO 07-28 09:51:08 [ascend_config.py:490] finegrained_tp_config enabled: lmhead_tensor_parallel_size=2
(EngineCore_DP4 pid=394824) INFO 07-28 09:51:08 [ascend_config.py:824] Dynamic EPLB is False
(EngineCore_DP4 pid=394824) INFO 07-28 09:51:08 [ascend_config.py:825] The number of redundant experts is 0
(EngineCore_DP4 pid=394824) INFO 07-28 09:51:08 [ascend_config.py:289] AscendConfig.enable_mlapo falls back to environment variable VLLM_ASCEND_ENABLE_MLAPO with value True. Please use additional_config.enable_mlapo instead, because VLLM_ASCEND_ENABLE_MLAPO will be removed in the next release.
(EngineCore_DP4 pid=394824) INFO 07-28 09:51:08 [platform.py:770] Set PYTORCH_NPU_ALLOC_CONF=expandable_segments:True
(EngineCore_DP4 pid=394824) INFO 07-28 09:51:08 [compilation.py:312] Enabled custom fusions: norm_quant, act_quant
rank=4 prompts=1

Rendering prompts:   0%|          | 0/1 [00:00<?, ?it/s]
Rendering prompts: 100%|██████████| 1/1 [00:00<00:00, 29.90it/s]

Processed prompts:   0%|          | 0/1 [00:00<?, ?it/s, est. speed input: 0.00 toks/s, output: 0.00 toks/s](Worker_DP5_TP0_EP10 pid=395297) INFO 07-28 09:51:10 [acl_graph.py:268] Replaying aclgraph
(Worker_DP4_TP0_EP8 pid=395298) INFO 07-28 09:51:10 [acl_graph.py:268] Replaying aclgraph
(Worker_DP1_TP0_EP2 pid=395294) INFO 07-28 09:51:10 [acl_graph.py:268] Replaying aclgraph
(Worker_DP0_TP0_EP0 pid=395300) INFO 07-28 09:51:10 [acl_graph.py:268] Replaying aclgraph
(Worker_DP6_TP0_EP12 pid=395295) INFO 07-28 09:51:10 [acl_graph.py:268] Replaying aclgraph
(Worker_DP7_TP0_EP14 pid=395293) INFO 07-28 09:51:10 [acl_graph.py:268] Replaying aclgraph
(Worker_DP2_TP0_EP4 pid=395296) INFO 07-28 09:51:10 [acl_graph.py:268] Replaying aclgraph
(Worker_DP3_TP0_EP6 pid=395299) INFO 07-28 09:51:10 [acl_graph.py:268] Replaying aclgraph
(EngineCore_DP3 pid=394825) INFO 07-28 09:52:11 [shm_broadcast.py:705] No available shared memory broadcast block found in 60 seconds. This typically happens when some processes are hanging or doing some time-consuming work (e.g. compilation, weight/kv cache quantization).
(EngineCore_DP0 pid=394878) INFO 07-28 09:52:11 [shm_broadcast.py:705] No available shared memory broadcast block found in 60 seconds. This typically happens when some processes are hanging or doing some time-consuming work (e.g. compilation, weight/kv cache quantization).
(EngineCore_DP1 pid=394832) INFO 07-28 09:52:11 [shm_broadcast.py:705] No available shared memory broadcast block found in 60 seconds. This typically happens when some processes are hanging or doing some time-consuming work (e.g. compilation, weight/kv cache quantization).
(EngineCore_DP7 pid=394851) INFO 07-28 09:52:11 [shm_broadcast.py:705] No available shared memory broadcast block found in 60 seconds. This typically happens when some processes are hanging or doing some time-consuming work (e.g. compilation, weight/kv cache quantization).
(EngineCore_DP2 pid=394852) INFO 07-28 09:52:11 [shm_broadcast.py:705] No available shared memory broadcast block found in 60 seconds. This typically happens when some processes are hanging or doing some time-consuming work (e.g. compilation, weight/kv cache quantization).
(EngineCore_DP5 pid=394894) INFO 07-28 09:52:11 [shm_broadcast.py:705] No available shared memory broadcast block found in 60 seconds. This typically happens when some processes are hanging or doing some time-consuming work (e.g. compilation, weight/kv cache quantization).
(EngineCore_DP6 pid=394853) INFO 07-28 09:52:11 [shm_broadcast.py:705] No available shared memory broadcast block found in 60 seconds. This typically happens when some processes are hanging or doing some time-consuming work (e.g. compilation, weight/kv cache quantization).
(EngineCore_DP4 pid=394824) INFO 07-28 09:52:11 [shm_broadcast.py:705] No available shared memory broadcast block found in 60 seconds. This typically happens when some processes are hanging or doing some time-consuming work (e.g. compilation, weight/kv cache quantization).
(EngineCore_DP3 pid=394825) INFO 07-28 09:53:11 [shm_broadcast.py:705] No available shared memory broadcast block found in 60 seconds. This typically happens when some processes are hanging or doing some time-consuming work (e.g. compilation, weight/kv cache quantization).
(EngineCore_DP0 pid=394878) INFO 07-28 09:53:11 [shm_broadcast.py:705] No available shared memory broadcast block found in 60 seconds. This typically happens when some processes are hanging or doing some time-consuming work (e.g. compilation, weight/kv cache quantization).
(EngineCore_DP1 pid=394832) INFO 07-28 09:53:11 [shm_broadcast.py:705] No available shared memory broadcast block found in 60 seconds. This typically happens when some processes are hanging or doing some time-consuming work (e.g. compilation, weight/kv cache quantization).
(EngineCore_DP7 pid=394851) INFO 07-28 09:53:11 [shm_broadcast.py:705] No available shared memory broadcast block found in 60 seconds. This typically happens when some processes are hanging or doing some time-consuming work (e.g. compilation, weight/kv cache quantization).
(EngineCore_DP2 pid=394852) INFO 07-28 09:53:11 [shm_broadcast.py:705] No available shared memory broadcast block found in 60 seconds. This typically happens when some processes are hanging or doing some time-consuming work (e.g. compilation, weight/kv cache quantization).
(EngineCore_DP5 pid=394894) INFO 07-28 09:53:11 [shm_broadcast.py:705] No available shared memory broadcast block found in 60 seconds. This typically happens when some processes are hanging or doing some time-consuming work (e.g. compilation, weight/kv cache quantization).
(EngineCore_DP6 pid=394853) INFO 07-28 09:53:11 [shm_broadcast.py:705] No available shared memory broadcast block found in 60 seconds. This typically happens when some processes are hanging or doing some time-consuming work (e.g. compilation, weight/kv cache quantization).
(EngineCore_DP4 pid=394824) INFO 07-28 09:53:11 [shm_broadcast.py:705] No available shared memory broadcast block found in 60 seconds. This typically happens when some processes are hanging or doing some time-consuming work (e.g. compilation, weight/kv cache quantization).
(EngineCore_DP3 pid=394825) INFO 07-28 09:54:11 [shm_broadcast.py:705] No available shared memory broadcast block found in 60 seconds. This typically happens when some processes are hanging or doing some time-consuming work (e.g. compilation, weight/kv cache quantization).
(EngineCore_DP0 pid=394878) INFO 07-28 09:54:11 [shm_broadcast.py:705] No available shared memory broadcast block found in 60 seconds. This typically happens when some processes are hanging or doing some time-consuming work (e.g. compilation, weight/kv cache quantization).
(EngineCore_DP1 pid=394832) INFO 07-28 09:54:11 [shm_broadcast.py:705] No available shared memory broadcast block found in 60 seconds. This typically happens when some processes are hanging or doing some time-consuming work (e.g. compilation, weight/kv cache quantization).
(EngineCore_DP7 pid=394851) INFO 07-28 09:54:11 [shm_broadcast.py:705] No available shared memory broadcast block found in 60 seconds. This typically happens when some processes are hanging or doing some time-consuming work (e.g. compilation, weight/kv cache quantization).
(EngineCore_DP6 pid=394853) INFO 07-28 09:54:11 [shm_broadcast.py:705] No available shared memory broadcast block found in 60 seconds. This typically happens when some processes are hanging or doing some time-consuming work (e.g. compilation, weight/kv cache quantization).
(EngineCore_DP2 pid=394852) INFO 07-28 09:54:11 [shm_broadcast.py:705] No available shared memory broadcast block found in 60 seconds. This typically happens when some processes are hanging or doing some time-consuming work (e.g. compilation, weight/kv cache quantization).
(EngineCore_DP5 pid=394894) INFO 07-28 09:54:11 [shm_broadcast.py:705] No available shared memory broadcast block found in 60 seconds. This typically happens when some processes are hanging or doing some time-consuming work (e.g. compilation, weight/kv cache quantization).
(EngineCore_DP4 pid=394824) INFO 07-28 09:54:11 [shm_broadcast.py:705] No available shared memory broadcast block found in 60 seconds. This typically happens when some processes are hanging or doing some time-consuming work (e.g. compilation, weight/kv cache quantization).
(Worker_DP3_TP1_EP7 pid=395707) ERROR 07-28 09:54:36 [multiproc_executor.py:1007] WorkerProc hit an exception.
(Worker_DP3_TP1_EP7 pid=395707) ERROR 07-28 09:54:36 [multiproc_executor.py:1007] Traceback (most recent call last):
(Worker_DP3_TP1_EP7 pid=395707) ERROR 07-28 09:54:36 [multiproc_executor.py:1007]   File "/home/l00838859/cann/my-project/vllm/vllm/v1/executor/multiproc_executor.py", line 999, in worker_busy_loop
(Worker_DP3_TP1_EP7 pid=395707) ERROR 07-28 09:54:36 [multiproc_executor.py:1007]     output = func(*args, **kwargs)
(Worker_DP3_TP1_EP7 pid=395707) ERROR 07-28 09:54:36 [multiproc_executor.py:1007]              ^^^^^^^^^^^^^^^^^^^^^
(Worker_DP3_TP1_EP7 pid=395707) ERROR 07-28 09:54:36 [multiproc_executor.py:1007]   File "/home/l00838859/cann/my-project/vllm/vllm/v1/worker/worker_base.py", line 351, in execute_model
(Worker_DP3_TP1_EP7 pid=395707) ERROR 07-28 09:54:36 [multiproc_executor.py:1007]     return self.worker.execute_model(scheduler_output)
(Worker_DP3_TP1_EP7 pid=395707) ERROR 07-28 09:54:36 [multiproc_executor.py:1007]            ^^^^^^^^^^^^^^^^^^^^^^^^^^^^^^^^^^^^^^^^^^^
(Worker_DP3_TP1_EP7 pid=395707) ERROR 07-28 09:54:36 [multiproc_executor.py:1007]   File "/home/l00838859/cann/my-project/vllm-ascend/vllm_ascend/worker/worker.py", line 685, in execute_model
(Worker_DP3_TP1_EP7 pid=395707) ERROR 07-28 09:54:36 [multiproc_executor.py:1007]     output = self.model_runner.execute_model(scheduler_output, intermediate_tensors)
(Worker_DP3_TP1_EP7 pid=395707) ERROR 07-28 09:54:36 [multiproc_executor.py:1007]              ^^^^^^^^^^^^^^^^^^^^^^^^^^^^^^^^^^^^^^^^^^^^^^^^^^^^^^^^^^^^^^^^^^^^^^^
(Worker_DP3_TP1_EP7 pid=395707) ERROR 07-28 09:54:36 [multiproc_executor.py:1007]   File "/usr/local/lib/python3.11/site-packages/torch/utils/_contextlib.py", line 124, in decorate_context
(Worker_DP3_TP1_EP7 pid=395707) ERROR 07-28 09:54:36 [multiproc_executor.py:1007]     return func(*args, **kwargs)
(Worker_DP3_TP1_EP7 pid=395707) ERROR 07-28 09:54:36 [multiproc_executor.py:1007]            ^^^^^^^^^^^^^^^^^^^^^
(Worker_DP3_TP1_EP7 pid=395707) ERROR 07-28 09:54:36 [multiproc_executor.py:1007]   File "/home/l00838859/cann/my-project/vllm-ascend/vllm_ascend/worker/model_runner_v1.py", line 2346, in execute_model
(Worker_DP3_TP1_EP7 pid=395707) ERROR 07-28 09:54:36 [multiproc_executor.py:1007]     hidden_states = self._model_forward(
(Worker_DP3_TP1_EP7 pid=395707) ERROR 07-28 09:54:36 [multiproc_executor.py:1007]                     ^^^^^^^^^^^^^^^^^^^^
(Worker_DP3_TP1_EP7 pid=395707) ERROR 07-28 09:54:36 [multiproc_executor.py:1007]   File "/home/l00838859/cann/my-project/vllm-ascend/vllm_ascend/worker/model_runner_v1.py", line 2915, in _model_forward
(Worker_DP3_TP1_EP7 pid=395707) ERROR 07-28 09:54:36 [multiproc_executor.py:1007]     hidden_states = run_model()
(Worker_DP3_TP1_EP7 pid=395707) ERROR 07-28 09:54:36 [multiproc_executor.py:1007]                     ^^^^^^^^^^^
(Worker_DP3_TP1_EP7 pid=395707) ERROR 07-28 09:54:36 [multiproc_executor.py:1007]   File "/home/l00838859/cann/my-project/vllm-ascend/vllm_ascend/compilation/acl_graph.py", line 281, in __call__
(Worker_DP3_TP1_EP7 pid=395707) ERROR 07-28 09:54:36 [multiproc_executor.py:1007]     torch.npu.current_stream().synchronize()
(Worker_DP3_TP1_EP7 pid=395707) ERROR 07-28 09:54:36 [multiproc_executor.py:1007]   File "/usr/local/lib/python3.11/site-packages/torch_npu/npu/streams.py", line 85, in synchronize
(Worker_DP3_TP1_EP7 pid=395707) ERROR 07-28 09:54:36 [multiproc_executor.py:1007]     super(Stream, self).synchronize()
(Worker_DP3_TP1_EP7 pid=395707) ERROR 07-28 09:54:36 [multiproc_executor.py:1007] RuntimeError: synchronize:../torch_npu/csrc/core/npu/NPUStream.cpp:361 NPU function error: c10_npu::acl::AclrtSynchronizeStreamWithTimeout(stream()), error code is 507011
(Worker_DP3_TP1_EP7 pid=395707) ERROR 07-28 09:54:36 [multiproc_executor.py:1007] [ERROR] 2026-07-28-09:54:36 (PID:395707, Device:7, RankID:-1) ERR00100 PTA call acl api failed
(Worker_DP3_TP1_EP7 pid=395707) ERROR 07-28 09:54:36 [multiproc_executor.py:1007] [Error]: Model execution failed. 
(Worker_DP3_TP1_EP7 pid=395707) ERROR 07-28 09:54:36 [multiproc_executor.py:1007]         Rectify the fault based on the error information in the ascend log.
(Worker_DP3_TP1_EP7 pid=395707) ERROR 07-28 09:54:36 [multiproc_executor.py:1007] [PID: 395707] 2026-07-28-09:54:36.626.520 Execution_Error_SDMA(EI0012): SDMA memory copy task exception occurred. Remote rank: [0]. Base information: [streamID:[83], taskID[19], taskType[Task AIV], tag[AllReduce_group_name_9], AlgType(level 0-1-2):[ring-ring-ring].]. Task information: [cmdType:[2], tag:[383], size:[43008], numBlocks:[2], rankSize:[2], aivRdmaStep:[-1], flagMem:[0x130f5f200000], isOpbase:[1]
(Worker_DP3_TP1_EP7 pid=395707) ERROR 07-28 09:54:36 [multiproc_executor.py:1007] there are 5 abnormal device(s), only the first 3 devices are listed:
(Worker_DP3_TP1_EP7 pid=395707) ERROR 07-28 09:54:36 [multiproc_executor.py:1007] 	[TaskExecStage][HeartbeatAbnormal]Cluster Exception Location[IP/ID]:[10.10.1.44/13], Arrival Time:[Tue Jul 28 09:52:57 2026], ExceptionType:[Stuck Occurred], Possible Reason:1.Host process is stuck, 2.Device task is stuck
(Worker_DP3_TP1_EP7 pid=395707) ERROR 07-28 09:54:36 [multiproc_executor.py:1007] 	[TaskExecStage][HeartbeatAbnormal]Cluster Exception Location[IP/ID]:[10.10.1.44/15], Arrival Time:[Tue Jul 28 09:52:57 2026], ExceptionType:[Stuck Occurred], Possible Reason:1.Host process is stuck, 2.Device task is stuck
(Worker_DP3_TP1_EP7 pid=395707) ERROR 07-28 09:54:36 [multiproc_executor.py:1007] 	[TaskExecStage][HeartbeatAbnormal]Cluster Exception Location[IP/ID]:[10.10.1.44/4], Arrival Time:[Tue Jul 28 09:52:57 2026], ExceptionType:[Stuck Occurred], Possible Reason:1.Host process is stuck, 2.Device task is stuck
(Worker_DP3_TP1_EP7 pid=395707) ERROR 07-28 09:54:36 [multiproc_executor.py:1007] ]. Communicator information: [].
(Worker_DP3_TP1_EP7 pid=395707) ERROR 07-28 09:54:36 [multiproc_executor.py:1007]         Possible Cause: 1. Network connection exception occurred during the SDMA task execution. 2. The peer process exits abnormally. 3. The input or output memory address is not allocated, the actual allocated size is smaller than the input data size, or the memory is freed before the operator execution is complete.
(Worker_DP3_TP1_EP7 pid=395707) ERROR 07-28 09:54:36 [multiproc_executor.py:1007]         Solution: 1. Check whether the network link is abnormal during the execution. 2. Check whether a process in the cluster exits before an error is reported. If yes, locate the cause of the process exit. 3. Check whether the size of the input/output memory passed to the communication operator meets the expectation, and whether the input/output memory or communicator is freed or destroyed before the operator execution is complete.
(Worker_DP3_TP1_EP7 pid=395707) ERROR 07-28 09:54:36 [multiproc_executor.py:1007]         TraceBack (most recent call last):
(Worker_DP3_TP1_EP7 pid=395707) ERROR 07-28 09:54:36 [multiproc_executor.py:1007]         The error from device(chipId:3, dieId:1), serial number is 15, there is an exception of aivec error, core id is 34, error code = 0, dump info: pc start: 0x12c0de0c3400, current: 0x12c0de12a000, vec error info: 0xad00000cfe, mte error info: 0xf603064c70, ifu error info: 0x217ffbe014040, ccu error info: 0xefdb05186880003f, cube error info: 0, biu error info: 0, aic error mask: 0x6500020bd00028c, para base: 0x12c1401f7000.[FUNC:PrintCoreInfo][FILE:device_error_core_proc.cc][LINE:645]
(Worker_DP3_TP1_EP7 pid=395707) ERROR 07-28 09:54:36 [multiproc_executor.py:1007]         The extend info: errcode:(0, 0, 0) errorStr: timeout or trap error. fixp_error0 info: 0x3064c70, fixp_error1 info: 0xf6, fsmId:0, tslot:6, thread:0, ctxid:0, blk:0, sublk:0, subErrType:4.[FUNC:PrintCoreInfo][FILE:device_error_core_proc.cc][LINE:658]
(Worker_DP3_TP1_EP7 pid=395707) ERROR 07-28 09:54:36 [multiproc_executor.py:1007]         SDMA memory copy task exception occurred. Remote rank: [0]. Base information: [streamID:[83], taskID[19], taskType[Task AIV], tag[AllReduce_group_name_9], AlgType(level 0-1-2):[ring-ring-ring].]. Task information: [cmdType:[2], tag:[383], size:[43008], numBlocks:[2], rankSize:[2], aivRdmaStep:[-1], flagMem:[0x130f5f200000], isOpbase:[1]
(Worker_DP3_TP1_EP7 pid=395707) ERROR 07-28 09:54:36 [multiproc_executor.py:1007] there are 5 abnormal device(s), only the first 3 devices are listed:
(Worker_DP3_TP1_EP7 pid=395707) ERROR 07-28 09:54:36 [multiproc_executor.py:1007] 	[TaskExecStage][HeartbeatAbnormal]Cluster Exception Location[IP/ID]:[10.10.1.44/13], Arrival Time:[Tue Jul 28 09:52:57 2026], ExceptionType:[Stuck Occurred], Possible Reason:1.Host process is stuck, 2.Device task is stuck
(Worker_DP3_TP1_EP7 pid=395707) ERROR 07-28 09:54:36 [multiproc_executor.py:1007] 	[TaskExecStage][HeartbeatAbnormal]Cluster Exception Location[IP/ID]:[10.10.1.44/15], Arrival Time:[Tue Jul 28 09:52:57 2026], ExceptionType:[Stuck Occurred], Possible Reason:1.Host process is stuck, 2.Device task is stuck
(Worker_DP3_TP1_EP7 pid=395707) ERROR 07-28 09:54:36 [multiproc_executor.py:1007] 	[TaskExecStage][HeartbeatAbnormal]Cluster Exception Location[IP/ID]:[10.10.1.44/4], Arrival Time:[Tue Jul 28 09:52:57 2026], ExceptionType:[Stuck Occurred], Possible Reason:1.Host process is stuck, 2.Device task is stuck
(Worker_DP3_TP1_EP7 pid=395707) ERROR 07-28 09:54:36 [multiproc_executor.py:1007] ]. Communicator information: [].
(Worker_DP3_TP1_EP7 pid=395707) ERROR 07-28 09:54:36 [multiproc_executor.py:1007]         rtStreamSynchronizeWithTimeout execution failed, reason=the model stream execute failed[FUNC:FuncErrorReason][FILE:error_message_manage.cc][LINE:65]
(Worker_DP3_TP1_EP7 pid=395707) ERROR 07-28 09:54:36 [multiproc_executor.py:1007]         synchronize stream with timeout failed, runtime result = 507011[FUNC:ReportCallError][FILE:log_inner.cpp][LINE:148]
(Worker_DP3_TP1_EP7 pid=395707) ERROR 07-28 09:54:36 [multiproc_executor.py:1007] 
(Worker_DP3_TP1_EP7 pid=395707) ERROR 07-28 09:54:36 [multiproc_executor.py:1007] Traceback (most recent call last):
(Worker_DP3_TP1_EP7 pid=395707) ERROR 07-28 09:54:36 [multiproc_executor.py:1007]   File "/home/l00838859/cann/my-project/vllm/vllm/v1/executor/multiproc_executor.py", line 999, in worker_busy_loop
(Worker_DP3_TP1_EP7 pid=395707) ERROR 07-28 09:54:36 [multiproc_executor.py:1007]     output = func(*args, **kwargs)
(Worker_DP3_TP1_EP7 pid=395707) ERROR 07-28 09:54:36 [multiproc_executor.py:1007]              ^^^^^^^^^^^^^^^^^^^^^
(Worker_DP3_TP1_EP7 pid=395707) ERROR 07-28 09:54:36 [multiproc_executor.py:1007]   File "/home/l00838859/cann/my-project/vllm/vllm/v1/worker/worker_base.py", line 351, in execute_model
(Worker_DP3_TP1_EP7 pid=395707) ERROR 07-28 09:54:36 [multiproc_executor.py:1007]     return self.worker.execute_model(scheduler_output)
(Worker_DP3_TP1_EP7 pid=395707) ERROR 07-28 09:54:36 [multiproc_executor.py:1007]            ^^^^^^^^^^^^^^^^^^^^^^^^^^^^^^^^^^^^^^^^^^^
(Worker_DP3_TP1_EP7 pid=395707) ERROR 07-28 09:54:36 [multiproc_executor.py:1007]   File "/home/l00838859/cann/my-project/vllm-ascend/vllm_ascend/worker/worker.py", line 685, in execute_model
(Worker_DP3_TP1_EP7 pid=395707) ERROR 07-28 09:54:36 [multiproc_executor.py:1007]     output = self.model_runner.execute_model(scheduler_output, intermediate_tensors)
(Worker_DP3_TP1_EP7 pid=395707) ERROR 07-28 09:54:36 [multiproc_executor.py:1007]              ^^^^^^^^^^^^^^^^^^^^^^^^^^^^^^^^^^^^^^^^^^^^^^^^^^^^^^^^^^^^^^^^^^^^^^^
(Worker_DP3_TP1_EP7 pid=395707) ERROR 07-28 09:54:36 [multiproc_executor.py:1007]   File "/usr/local/lib/python3.11/site-packages/torch/utils/_contextlib.py", line 124, in decorate_context
(Worker_DP3_TP1_EP7 pid=395707) ERROR 07-28 09:54:36 [multiproc_executor.py:1007]     return func(*args, **kwargs)
(Worker_DP3_TP1_EP7 pid=395707) ERROR 07-28 09:54:36 [multiproc_executor.py:1007]            ^^^^^^^^^^^^^^^^^^^^^
(Worker_DP3_TP1_EP7 pid=395707) ERROR 07-28 09:54:36 [multiproc_executor.py:1007]   File "/home/l00838859/cann/my-project/vllm-ascend/vllm_ascend/worker/model_runner_v1.py", line 2346, in execute_model
(Worker_DP3_TP1_EP7 pid=395707) ERROR 07-28 09:54:36 [multiproc_executor.py:1007]     hidden_states = self._model_forward(
(Worker_DP3_TP1_EP7 pid=395707) ERROR 07-28 09:54:36 [multiproc_executor.py:1007]                     ^^^^^^^^^^^^^^^^^^^^
(Worker_DP3_TP1_EP7 pid=395707) ERROR 07-28 09:54:36 [multiproc_executor.py:1007]   File "/home/l00838859/cann/my-project/vllm-ascend/vllm_ascend/worker/model_runner_v1.py", line 2915, in _model_forward
(Worker_DP3_TP1_EP7 pid=395707) ERROR 07-28 09:54:36 [multiproc_executor.py:1007]     hidden_states = run_model()
(Worker_DP3_TP1_EP7 pid=395707) ERROR 07-28 09:54:36 [multiproc_executor.py:1007]                     ^^^^^^^^^^^
(Worker_DP3_TP1_EP7 pid=395707) ERROR 07-28 09:54:36 [multiproc_executor.py:1007]   File "/home/l00838859/cann/my-project/vllm-ascend/vllm_ascend/compilation/acl_graph.py", line 281, in __call__
(Worker_DP3_TP1_EP7 pid=395707) ERROR 07-28 09:54:36 [multiproc_executor.py:1007]     torch.npu.current_stream().synchronize()
(Worker_DP3_TP1_EP7 pid=395707) ERROR 07-28 09:54:36 [multiproc_executor.py:1007]   File "/usr/local/lib/python3.11/site-packages/torch_npu/npu/streams.py", line 85, in synchronize
(Worker_DP3_TP1_EP7 pid=395707) ERROR 07-28 09:54:36 [multiproc_executor.py:1007]     super(Stream, self).synchronize()
(Worker_DP3_TP1_EP7 pid=395707) ERROR 07-28 09:54:36 [multiproc_executor.py:1007] RuntimeError: synchronize:../torch_npu/csrc/core/npu/NPUStream.cpp:361 NPU function error: c10_npu::acl::AclrtSynchronizeStreamWithTimeout(stream()), error code is 507011
(Worker_DP3_TP1_EP7 pid=395707) ERROR 07-28 09:54:36 [multiproc_executor.py:1007] [ERROR] 2026-07-28-09:54:36 (PID:395707, Device:7, RankID:-1) ERR00100 PTA call acl api failed
(Worker_DP3_TP1_EP7 pid=395707) ERROR 07-28 09:54:36 [multiproc_executor.py:1007] [Error]: Model execution failed. 
(Worker_DP3_TP1_EP7 pid=395707) ERROR 07-28 09:54:36 [multiproc_executor.py:1007]         Rectify the fault based on the error information in the ascend log.
(Worker_DP3_TP1_EP7 pid=395707) ERROR 07-28 09:54:36 [multiproc_executor.py:1007] [PID: 395707] 2026-07-28-09:54:36.626.520 Execution_Error_SDMA(EI0012): SDMA memory copy task exception occurred. Remote rank: [0]. Base information: [streamID:[83], taskID[19], taskType[Task AIV], tag[AllReduce_group_name_9], AlgType(level 0-1-2):[ring-ring-ring].]. Task information: [cmdType:[2], tag:[383], size:[43008], numBlocks:[2], rankSize:[2], aivRdmaStep:[-1], flagMem:[0x130f5f200000], isOpbase:[1]
(Worker_DP3_TP1_EP7 pid=395707) ERROR 07-28 09:54:36 [multiproc_executor.py:1007] there are 5 abnormal device(s), only the first 3 devices are listed:
(Worker_DP3_TP1_EP7 pid=395707) ERROR 07-28 09:54:36 [multiproc_executor.py:1007] 	[TaskExecStage][HeartbeatAbnormal]Cluster Exception Location[IP/ID]:[10.10.1.44/13], Arrival Time:[Tue Jul 28 09:52:57 2026], ExceptionType:[Stuck Occurred], Possible Reason:1.Host process is stuck, 2.Device task is stuck
(Worker_DP3_TP1_EP7 pid=395707) ERROR 07-28 09:54:36 [multiproc_executor.py:1007] 	[TaskExecStage][HeartbeatAbnormal]Cluster Exception Location[IP/ID]:[10.10.1.44/15], Arrival Time:[Tue Jul 28 09:52:57 2026], ExceptionType:[Stuck Occurred], Possible Reason:1.Host process is stuck, 2.Device task is stuck
(Worker_DP3_TP1_EP7 pid=395707) ERROR 07-28 09:54:36 [multiproc_executor.py:1007] 	[TaskExecStage][HeartbeatAbnormal]Cluster Exception Location[IP/ID]:[10.10.1.44/4], Arrival Time:[Tue Jul 28 09:52:57 2026], ExceptionType:[Stuck Occurred], Possible Reason:1.Host process is stuck, 2.Device task is stuck
(Worker_DP3_TP1_EP7 pid=395707) ERROR 07-28 09:54:36 [multiproc_executor.py:1007] ]. Communicator information: [].
(Worker_DP3_TP1_EP7 pid=395707) ERROR 07-28 09:54:36 [multiproc_executor.py:1007]         Possible Cause: 1. Network connection exception occurred during the SDMA task execution. 2. The peer process exits abnormally. 3. The input or output memory address is not allocated, the actual allocated size is smaller than the input data size, or the memory is freed before the operator execution is complete.
(Worker_DP3_TP1_EP7 pid=395707) ERROR 07-28 09:54:36 [multiproc_executor.py:1007]         Solution: 1. Check whether the network link is abnormal during the execution. 2. Check whether a process in the cluster exits before an error is reported. If yes, locate the cause of the process exit. 3. Check whether the size of the input/output memory passed to the communication operator meets the expectation, and whether the input/output memory or communicator is freed or destroyed before the operator execution is complete.
(Worker_DP3_TP1_EP7 pid=395707) ERROR 07-28 09:54:36 [multiproc_executor.py:1007]         TraceBack (most recent call last):
(Worker_DP3_TP1_EP7 pid=395707) ERROR 07-28 09:54:36 [multiproc_executor.py:1007]         The error from device(chipId:3, dieId:1), serial number is 15, there is an exception of aivec error, core id is 34, error code = 0, dump info: pc start: 0x12c0de0c3400, current: 0x12c0de12a000, vec error info: 0xad00000cfe, mte error info: 0xf603064c70, ifu error info: 0x217ffbe014040, ccu error info: 0xefdb05186880003f, cube error info: 0, biu error info: 0, aic error mask: 0x6500020bd00028c, para base: 0x12c1401f7000.[FUNC:PrintCoreInfo][FILE:device_error_core_proc.cc][LINE:645]
(Worker_DP3_TP1_EP7 pid=395707) ERROR 07-28 09:54:36 [multiproc_executor.py:1007]         The extend info: errcode:(0, 0, 0) errorStr: timeout or trap error. fixp_error0 info: 0x3064c70, fixp_error1 info: 0xf6, fsmId:0, tslot:6, thread:0, ctxid:0, blk:0, sublk:0, subErrType:4.[FUNC:PrintCoreInfo][FILE:device_error_core_proc.cc][LINE:658]
(Worker_DP3_TP1_EP7 pid=395707) ERROR 07-28 09:54:36 [multiproc_executor.py:1007]         SDMA memory copy task exception occurred. Remote rank: [0]. Base information: [streamID:[83], taskID[19], taskType[Task AIV], tag[AllReduce_group_name_9], AlgType(level 0-1-2):[ring-ring-ring].]. Task information: [cmdType:[2], tag:[383], size:[43008], numBlocks:[2], rankSize:[2], aivRdmaStep:[-1], flagMem:[0x130f5f200000], isOpbase:[1]
(Worker_DP3_TP1_EP7 pid=395707) ERROR 07-28 09:54:36 [multiproc_executor.py:1007] there are 5 abnormal device(s), only the first 3 devices are listed:
(Worker_DP3_TP1_EP7 pid=395707) ERROR 07-28 09:54:36 [multiproc_executor.py:1007] 	[TaskExecStage][HeartbeatAbnormal]Cluster Exception Location[IP/ID]:[10.10.1.44/13], Arrival Time:[Tue Jul 28 09:52:57 2026], ExceptionType:[Stuck Occurred], Possible Reason:1.Host process is stuck, 2.Device task is stuck
(Worker_DP3_TP1_EP7 pid=395707) ERROR 07-28 09:54:36 [multiproc_executor.py:1007] 	[TaskExecStage][HeartbeatAbnormal]Cluster Exception Location[IP/ID]:[10.10.1.44/15], Arrival Time:[Tue Jul 28 09:52:57 2026], ExceptionType:[Stuck Occurred], Possible Reason:1.Host process is stuck, 2.Device task is stuck
(Worker_DP3_TP1_EP7 pid=395707) ERROR 07-28 09:54:36 [multiproc_executor.py:1007] 	[TaskExecStage][HeartbeatAbnormal]Cluster Exception Location[IP/ID]:[10.10.1.44/4], Arrival Time:[Tue Jul 28 09:52:57 2026], ExceptionType:[Stuck Occurred], Possible Reason:1.Host process is stuck, 2.Device task is stuck
(Worker_DP3_TP1_EP7 pid=395707) ERROR 07-28 09:54:36 [multiproc_executor.py:1007] ]. Communicator information: [].
(Worker_DP3_TP1_EP7 pid=395707) ERROR 07-28 09:54:36 [multiproc_executor.py:1007]         rtStreamSynchronizeWithTimeout execution failed, reason=the model stream execute failed[FUNC:FuncErrorReason][FILE:error_message_manage.cc][LINE:65]
(Worker_DP3_TP1_EP7 pid=395707) ERROR 07-28 09:54:36 [multiproc_executor.py:1007]         synchronize stream with timeout failed, runtime result = 507011[FUNC:ReportCallError][FILE:log_inner.cpp][LINE:148]
(Worker_DP3_TP1_EP7 pid=395707) ERROR 07-28 09:54:36 [multiproc_executor.py:1007] 
(Worker_DP3_TP1_EP7 pid=395707) ERROR 07-28 09:54:36 [multiproc_executor.py:1007] 
(Worker_DP2_TP1_EP5 pid=395661) ERROR 07-28 09:54:36 [multiproc_executor.py:1007] WorkerProc hit an exception.
(Worker_DP2_TP1_EP5 pid=395661) ERROR 07-28 09:54:36 [multiproc_executor.py:1007] Traceback (most recent call last):
(Worker_DP2_TP1_EP5 pid=395661) ERROR 07-28 09:54:36 [multiproc_executor.py:1007]   File "/home/l00838859/cann/my-project/vllm/vllm/v1/executor/multiproc_executor.py", line 999, in worker_busy_loop
(Worker_DP2_TP1_EP5 pid=395661) ERROR 07-28 09:54:36 [multiproc_executor.py:1007]     output = func(*args, **kwargs)
(Worker_DP2_TP1_EP5 pid=395661) ERROR 07-28 09:54:36 [multiproc_executor.py:1007]              ^^^^^^^^^^^^^^^^^^^^^
(Worker_DP2_TP1_EP5 pid=395661) ERROR 07-28 09:54:36 [multiproc_executor.py:1007]   File "/home/l00838859/cann/my-project/vllm/vllm/v1/worker/worker_base.py", line 351, in execute_model
(Worker_DP2_TP1_EP5 pid=395661) ERROR 07-28 09:54:36 [multiproc_executor.py:1007]     return self.worker.execute_model(scheduler_output)
(Worker_DP2_TP1_EP5 pid=395661) ERROR 07-28 09:54:36 [multiproc_executor.py:1007]            ^^^^^^^^^^^^^^^^^^^^^^^^^^^^^^^^^^^^^^^^^^^
(Worker_DP2_TP1_EP5 pid=395661) ERROR 07-28 09:54:36 [multiproc_executor.py:1007]   File "/home/l00838859/cann/my-project/vllm-ascend/vllm_ascend/worker/worker.py", line 685, in execute_model
(Worker_DP2_TP1_EP5 pid=395661) ERROR 07-28 09:54:36 [multiproc_executor.py:1007]     output = self.model_runner.execute_model(scheduler_output, intermediate_tensors)
(Worker_DP2_TP1_EP5 pid=395661) ERROR 07-28 09:54:36 [multiproc_executor.py:1007]              ^^^^^^^^^^^^^^^^^^^^^^^^^^^^^^^^^^^^^^^^^^^^^^^^^^^^^^^^^^^^^^^^^^^^^^^
(Worker_DP2_TP1_EP5 pid=395661) ERROR 07-28 09:54:36 [multiproc_executor.py:1007]   File "/usr/local/lib/python3.11/site-packages/torch/utils/_contextlib.py", line 124, in decorate_context
(Worker_DP2_TP1_EP5 pid=395661) ERROR 07-28 09:54:36 [multiproc_executor.py:1007]     return func(*args, **kwargs)
(Worker_DP2_TP1_EP5 pid=395661) ERROR 07-28 09:54:36 [multiproc_executor.py:1007]            ^^^^^^^^^^^^^^^^^^^^^
(Worker_DP2_TP1_EP5 pid=395661) ERROR 07-28 09:54:36 [multiproc_executor.py:1007]   File "/home/l00838859/cann/my-project/vllm-ascend/vllm_ascend/worker/model_runner_v1.py", line 2346, in execute_model
(Worker_DP2_TP1_EP5 pid=395661) ERROR 07-28 09:54:36 [multiproc_executor.py:1007]     hidden_states = self._model_forward(
(Worker_DP2_TP1_EP5 pid=395661) ERROR 07-28 09:54:36 [multiproc_executor.py:1007]                     ^^^^^^^^^^^^^^^^^^^^
(Worker_DP2_TP1_EP5 pid=395661) ERROR 07-28 09:54:36 [multiproc_executor.py:1007]   File "/home/l00838859/cann/my-project/vllm-ascend/vllm_ascend/worker/model_runner_v1.py", line 2915, in _model_forward
(Worker_DP2_TP1_EP5 pid=395661) ERROR 07-28 09:54:36 [multiproc_executor.py:1007]     hidden_states = run_model()
(Worker_DP2_TP1_EP5 pid=395661) ERROR 07-28 09:54:36 [multiproc_executor.py:1007]                     ^^^^^^^^^^^
(Worker_DP2_TP1_EP5 pid=395661) ERROR 07-28 09:54:36 [multiproc_executor.py:1007]   File "/home/l00838859/cann/my-project/vllm-ascend/vllm_ascend/compilation/acl_graph.py", line 281, in __call__
(Worker_DP2_TP1_EP5 pid=395661) ERROR 07-28 09:54:36 [multiproc_executor.py:1007]     torch.npu.current_stream().synchronize()
(Worker_DP2_TP1_EP5 pid=395661) ERROR 07-28 09:54:36 [multiproc_executor.py:1007]   File "/usr/local/lib/python3.11/site-packages/torch_npu/npu/streams.py", line 85, in synchronize
(Worker_DP2_TP1_EP5 pid=395661) ERROR 07-28 09:54:36 [multiproc_executor.py:1007]     super(Stream, self).synchronize()
(Worker_DP2_TP1_EP5 pid=395661) ERROR 07-28 09:54:36 [multiproc_executor.py:1007] RuntimeError: synchronize:../torch_npu/csrc/core/npu/NPUStream.cpp:361 NPU function error: c10_npu::acl::AclrtSynchronizeStreamWithTimeout(stream()), error code is 507011
(Worker_DP2_TP1_EP5 pid=395661) ERROR 07-28 09:54:36 [multiproc_executor.py:1007] [ERROR] 2026-07-28-09:54:36 (PID:395661, Device:5, RankID:-1) ERR00100 PTA call acl api failed
(Worker_DP2_TP1_EP5 pid=395661) ERROR 07-28 09:54:36 [multiproc_executor.py:1007] [Error]: Model execution failed. 
(Worker_DP2_TP1_EP5 pid=395661) ERROR 07-28 09:54:36 [multiproc_executor.py:1007]         Rectify the fault based on the error information in the ascend log.
(Worker_DP2_TP1_EP5 pid=395661) ERROR 07-28 09:54:36 [multiproc_executor.py:1007] [PID: 395661] 2026-07-28-09:54:36.625.901 Execution_Error_SDMA(EI0012): SDMA memory copy task exception occurred. Remote rank: [0]. Base information: [streamID:[83], taskID[19], taskType[Task AIV], tag[AllReduce_group_name_7], AlgType(level 0-1-2):[ring-ring-ring].]. Task information: [cmdType:[2], tag:[383], size:[43008], numBlocks:[2], rankSize:[2], aivRdmaStep:[-1], flagMem:[0x130f5f200000], isOpbase:[1]
(Worker_DP2_TP1_EP5 pid=395661) ERROR 07-28 09:54:36 [multiproc_executor.py:1007] there are 5 abnormal device(s), only the first 3 devices are listed:
(Worker_DP2_TP1_EP5 pid=395661) ERROR 07-28 09:54:36 [multiproc_executor.py:1007] 	[TaskExecStage][HeartbeatAbnormal]Cluster Exception Location[IP/ID]:[10.10.1.44/13], Arrival Time:[Tue Jul 28 09:52:57 2026], ExceptionType:[Stuck Occurred], Possible Reason:1.Host process is stuck, 2.Device task is stuck
(Worker_DP2_TP1_EP5 pid=395661) ERROR 07-28 09:54:36 [multiproc_executor.py:1007] 	[TaskExecStage][HeartbeatAbnormal]Cluster Exception Location[IP/ID]:[10.10.1.44/4], Arrival Time:[Tue Jul 28 09:52:57 2026], ExceptionType:[Stuck Occurred], Possible Reason:1.Host process is stuck, 2.Device task is stuck
(Worker_DP2_TP1_EP5 pid=395661) ERROR 07-28 09:54:36 [multiproc_executor.py:1007] 	[TaskExecStage][HeartbeatAbnormal]Cluster Exception Location[IP/ID]:[10.10.1.44/15], Arrival Time:[Tue Jul 28 09:52:57 2026], ExceptionType:[Stuck Occurred], Possible Reason:1.Host process is stuck, 2.Device task is stuck
(Worker_DP2_TP1_EP5 pid=395661) ERROR 07-28 09:54:36 [multiproc_executor.py:1007] ]. Communicator information: [].
(Worker_DP2_TP1_EP5 pid=395661) ERROR 07-28 09:54:36 [multiproc_executor.py:1007]         Possible Cause: 1. Network connection exception occurred during the SDMA task execution. 2. The peer process exits abnormally. 3. The input or output memory address is not allocated, the actual allocated size is smaller than the input data size, or the memory is freed before the operator execution is complete.
(Worker_DP2_TP1_EP5 pid=395661) ERROR 07-28 09:54:36 [multiproc_executor.py:1007]         Solution: 1. Check whether the network link is abnormal during the execution. 2. Check whether a process in the cluster exits before an error is reported. If yes, locate the cause of the process exit. 3. Check whether the size of the input/output memory passed to the communication operator meets the expectation, and whether the input/output memory or communicator is freed or destroyed before the operator execution is complete.
(Worker_DP2_TP1_EP5 pid=395661) ERROR 07-28 09:54:36 [multiproc_executor.py:1007]         TraceBack (most recent call last):
(Worker_DP2_TP1_EP5 pid=395661) ERROR 07-28 09:54:36 [multiproc_executor.py:1007]         The error from device(chipId:2, dieId:1), serial number is 14, there is an exception of aivec error, core id is 25, error code = 0, dump info: pc start: 0x12c0de0c3400, current: 0x12c0de12a00c, vec error info: 0xad00000cfe, mte error info: 0xf603064c70, ifu error info: 0x217fffe01c000, ccu error info: 0xf0d3cae26880003f, cube error info: 0, biu error info: 0, aic error mask: 0x6500020bd00028c, para base: 0x12c1401f7000.[FUNC:PrintCoreInfo][FILE:device_error_core_proc.cc][LINE:645]
(Worker_DP2_TP1_EP5 pid=395661) ERROR 07-28 09:54:36 [multiproc_executor.py:1007]         The extend info: errcode:(0, 0, 0) errorStr: timeout or trap error. fixp_error0 info: 0x3064c70, fixp_error1 info: 0xf6, fsmId:0, tslot:5, thread:0, ctxid:0, blk:0, sublk:0, subErrType:4.[FUNC:PrintCoreInfo][FILE:device_error_core_proc.cc][LINE:658]
(Worker_DP2_TP1_EP5 pid=395661) ERROR 07-28 09:54:36 [multiproc_executor.py:1007]         SDMA memory copy task exception occurred. Remote rank: [0]. Base information: [streamID:[83], taskID[19], taskType[Task AIV], tag[AllReduce_group_name_7], AlgType(level 0-1-2):[ring-ring-ring].]. Task information: [cmdType:[2], tag:[383], size:[43008], numBlocks:[2], rankSize:[2], aivRdmaStep:[-1], flagMem:[0x130f5f200000], isOpbase:[1]
(Worker_DP2_TP1_EP5 pid=395661) ERROR 07-28 09:54:36 [multiproc_executor.py:1007] there are 5 abnormal device(s), only the first 3 devices are listed:
(Worker_DP2_TP1_EP5 pid=395661) ERROR 07-28 09:54:36 [multiproc_executor.py:1007] 	[TaskExecStage][HeartbeatAbnormal]Cluster Exception Location[IP/ID]:[10.10.1.44/13], Arrival Time:[Tue Jul 28 09:52:57 2026], ExceptionType:[Stuck Occurred], Possible Reason:1.Host process is stuck, 2.Device task is stuck
(Worker_DP2_TP1_EP5 pid=395661) ERROR 07-28 09:54:36 [multiproc_executor.py:1007] 	[TaskExecStage][HeartbeatAbnormal]Cluster Exception Location[IP/ID]:[10.10.1.44/4], Arrival Time:[Tue Jul 28 09:52:57 2026], ExceptionType:[Stuck Occurred], Possible Reason:1.Host process is stuck, 2.Device task is stuck
(Worker_DP2_TP1_EP5 pid=395661) ERROR 07-28 09:54:36 [multiproc_executor.py:1007] 	[TaskExecStage][HeartbeatAbnormal]Cluster Exception Location[IP/ID]:[10.10.1.44/15], Arrival Time:[Tue Jul 28 09:52:57 2026], ExceptionType:[Stuck Occurred], Possible Reason:1.Host process is stuck, 2.Device task is stuck
(Worker_DP2_TP1_EP5 pid=395661) ERROR 07-28 09:54:36 [multiproc_executor.py:1007] ]. Communicator information: [].
(Worker_DP2_TP1_EP5 pid=395661) ERROR 07-28 09:54:36 [multiproc_executor.py:1007]         rtStreamSynchronizeWithTimeout execution failed, reason=the model stream execute failed[FUNC:FuncErrorReason][FILE:error_message_manage.cc][LINE:65]
(Worker_DP2_TP1_EP5 pid=395661) ERROR 07-28 09:54:36 [multiproc_executor.py:1007]         synchronize stream with timeout failed, runtime result = 507011[FUNC:ReportCallError][FILE:log_inner.cpp][LINE:148]
(Worker_DP2_TP1_EP5 pid=395661) ERROR 07-28 09:54:36 [multiproc_executor.py:1007] 
(Worker_DP2_TP1_EP5 pid=395661) ERROR 07-28 09:54:36 [multiproc_executor.py:1007] Traceback (most recent call last):
(Worker_DP2_TP1_EP5 pid=395661) ERROR 07-28 09:54:36 [multiproc_executor.py:1007]   File "/home/l00838859/cann/my-project/vllm/vllm/v1/executor/multiproc_executor.py", line 999, in worker_busy_loop
(Worker_DP2_TP1_EP5 pid=395661) ERROR 07-28 09:54:36 [multiproc_executor.py:1007]     output = func(*args, **kwargs)
(Worker_DP2_TP1_EP5 pid=395661) ERROR 07-28 09:54:36 [multiproc_executor.py:1007]              ^^^^^^^^^^^^^^^^^^^^^
(Worker_DP2_TP1_EP5 pid=395661) ERROR 07-28 09:54:36 [multiproc_executor.py:1007]   File "/home/l00838859/cann/my-project/vllm/vllm/v1/worker/worker_base.py", line 351, in execute_model
(Worker_DP2_TP1_EP5 pid=395661) ERROR 07-28 09:54:36 [multiproc_executor.py:1007]     return self.worker.execute_model(scheduler_output)
(Worker_DP2_TP1_EP5 pid=395661) ERROR 07-28 09:54:36 [multiproc_executor.py:1007]            ^^^^^^^^^^^^^^^^^^^^^^^^^^^^^^^^^^^^^^^^^^^
(Worker_DP2_TP1_EP5 pid=395661) ERROR 07-28 09:54:36 [multiproc_executor.py:1007]   File "/home/l00838859/cann/my-project/vllm-ascend/vllm_ascend/worker/worker.py", line 685, in execute_model
(Worker_DP2_TP1_EP5 pid=395661) ERROR 07-28 09:54:36 [multiproc_executor.py:1007]     output = self.model_runner.execute_model(scheduler_output, intermediate_tensors)
(Worker_DP2_TP1_EP5 pid=395661) ERROR 07-28 09:54:36 [multiproc_executor.py:1007]              ^^^^^^^^^^^^^^^^^^^^^^^^^^^^^^^^^^^^^^^^^^^^^^^^^^^^^^^^^^^^^^^^^^^^^^^
(Worker_DP2_TP1_EP5 pid=395661) ERROR 07-28 09:54:36 [multiproc_executor.py:1007]   File "/usr/local/lib/python3.11/site-packages/torch/utils/_contextlib.py", line 124, in decorate_context
(Worker_DP2_TP1_EP5 pid=395661) ERROR 07-28 09:54:36 [multiproc_executor.py:1007]     return func(*args, **kwargs)
(Worker_DP2_TP1_EP5 pid=395661) ERROR 07-28 09:54:36 [multiproc_executor.py:1007]            ^^^^^^^^^^^^^^^^^^^^^
(Worker_DP2_TP1_EP5 pid=395661) ERROR 07-28 09:54:36 [multiproc_executor.py:1007]   File "/home/l00838859/cann/my-project/vllm-ascend/vllm_ascend/worker/model_runner_v1.py", line 2346, in execute_model
(Worker_DP2_TP1_EP5 pid=395661) ERROR 07-28 09:54:36 [multiproc_executor.py:1007]     hidden_states = self._model_forward(
(Worker_DP2_TP1_EP5 pid=395661) ERROR 07-28 09:54:36 [multiproc_executor.py:1007]                     ^^^^^^^^^^^^^^^^^^^^
(Worker_DP2_TP1_EP5 pid=395661) ERROR 07-28 09:54:36 [multiproc_executor.py:1007]   File "/home/l00838859/cann/my-project/vllm-ascend/vllm_ascend/worker/model_runner_v1.py", line 2915, in _model_forward
(Worker_DP2_TP1_EP5 pid=395661) ERROR 07-28 09:54:36 [multiproc_executor.py:1007]     hidden_states = run_model()
(Worker_DP2_TP1_EP5 pid=395661) ERROR 07-28 09:54:36 [multiproc_executor.py:1007]                     ^^^^^^^^^^^
(Worker_DP2_TP1_EP5 pid=395661) ERROR 07-28 09:54:36 [multiproc_executor.py:1007]   File "/home/l00838859/cann/my-project/vllm-ascend/vllm_ascend/compilation/acl_graph.py", line 281, in __call__
(Worker_DP2_TP1_EP5 pid=395661) ERROR 07-28 09:54:36 [multiproc_executor.py:1007]     torch.npu.current_stream().synchronize()
(Worker_DP2_TP1_EP5 pid=395661) ERROR 07-28 09:54:36 [multiproc_executor.py:1007]   File "/usr/local/lib/python3.11/site-packages/torch_npu/npu/streams.py", line 85, in synchronize
(Worker_DP2_TP1_EP5 pid=395661) ERROR 07-28 09:54:36 [multiproc_executor.py:1007]     super(Stream, self).synchronize()
(Worker_DP2_TP1_EP5 pid=395661) ERROR 07-28 09:54:36 [multiproc_executor.py:1007] RuntimeError: synchronize:../torch_npu/csrc/core/npu/NPUStream.cpp:361 NPU function error: c10_npu::acl::AclrtSynchronizeStreamWithTimeout(stream()), error code is 507011
(Worker_DP2_TP1_EP5 pid=395661) ERROR 07-28 09:54:36 [multiproc_executor.py:1007] [ERROR] 2026-07-28-09:54:36 (PID:395661, Device:5, RankID:-1) ERR00100 PTA call acl api failed
(Worker_DP2_TP1_EP5 pid=395661) ERROR 07-28 09:54:36 [multiproc_executor.py:1007] [Error]: Model execution failed. 
(Worker_DP2_TP1_EP5 pid=395661) ERROR 07-28 09:54:36 [multiproc_executor.py:1007]         Rectify the fault based on the error information in the ascend log.
(Worker_DP2_TP1_EP5 pid=395661) ERROR 07-28 09:54:36 [multiproc_executor.py:1007] [PID: 395661] 2026-07-28-09:54:36.625.901 Execution_Error_SDMA(EI0012): SDMA memory copy task exception occurred. Remote rank: [0]. Base information: [streamID:[83], taskID[19], taskType[Task AIV], tag[AllReduce_group_name_7], AlgType(level 0-1-2):[ring-ring-ring].]. Task information: [cmdType:[2], tag:[383], size:[43008], numBlocks:[2], rankSize:[2], aivRdmaStep:[-1], flagMem:[0x130f5f200000], isOpbase:[1]
(Worker_DP2_TP1_EP5 pid=395661) ERROR 07-28 09:54:36 [multiproc_executor.py:1007] there are 5 abnormal device(s), only the first 3 devices are listed:
(Worker_DP2_TP1_EP5 pid=395661) ERROR 07-28 09:54:36 [multiproc_executor.py:1007] 	[TaskExecStage][HeartbeatAbnormal]Cluster Exception Location[IP/ID]:[10.10.1.44/13], Arrival Time:[Tue Jul 28 09:52:57 2026], ExceptionType:[Stuck Occurred], Possible Reason:1.Host process is stuck, 2.Device task is stuck
(Worker_DP2_TP1_EP5 pid=395661) ERROR 07-28 09:54:36 [multiproc_executor.py:1007] 	[TaskExecStage][HeartbeatAbnormal]Cluster Exception Location[IP/ID]:[10.10.1.44/4], Arrival Time:[Tue Jul 28 09:52:57 2026], ExceptionType:[Stuck Occurred], Possible Reason:1.Host process is stuck, 2.Device task is stuck
(Worker_DP2_TP1_EP5 pid=395661) ERROR 07-28 09:54:36 [multiproc_executor.py:1007] 	[TaskExecStage][HeartbeatAbnormal]Cluster Exception Location[IP/ID]:[10.10.1.44/15], Arrival Time:[Tue Jul 28 09:52:57 2026], ExceptionType:[Stuck Occurred], Possible Reason:1.Host process is stuck, 2.Device task is stuck
(Worker_DP2_TP1_EP5 pid=395661) ERROR 07-28 09:54:36 [multiproc_executor.py:1007] ]. Communicator information: [].
(Worker_DP2_TP1_EP5 pid=395661) ERROR 07-28 09:54:36 [multiproc_executor.py:1007]         Possible Cause: 1. Network connection exception occurred during the SDMA task execution. 2. The peer process exits abnormally. 3. The input or output memory address is not allocated, the actual allocated size is smaller than the input data size, or the memory is freed before the operator execution is complete.
(Worker_DP2_TP1_EP5 pid=395661) ERROR 07-28 09:54:36 [multiproc_executor.py:1007]         Solution: 1. Check whether the network link is abnormal during the execution. 2. Check whether a process in the cluster exits before an error is reported. If yes, locate the cause of the process exit. 3. Check whether the size of the input/output memory passed to the communication operator meets the expectation, and whether the input/output memory or communicator is freed or destroyed before the operator execution is complete.
(Worker_DP2_TP1_EP5 pid=395661) ERROR 07-28 09:54:36 [multiproc_executor.py:1007]         TraceBack (most recent call last):
(Worker_DP2_TP1_EP5 pid=395661) ERROR 07-28 09:54:36 [multiproc_executor.py:1007]         The error from device(chipId:2, dieId:1), serial number is 14, there is an exception of aivec error, core id is 25, error code = 0, dump info: pc start: 0x12c0de0c3400, current: 0x12c0de12a00c, vec error info: 0xad00000cfe, mte error info: 0xf603064c70, ifu error info: 0x217fffe01c000, ccu error info: 0xf0d3cae26880003f, cube error info: 0, biu error info: 0, aic error mask: 0x6500020bd00028c, para base: 0x12c1401f7000.[FUNC:PrintCoreInfo][FILE:device_error_core_proc.cc][LINE:645]
(Worker_DP2_TP1_EP5 pid=395661) ERROR 07-28 09:54:36 [multiproc_executor.py:1007]         The extend info: errcode:(0, 0, 0) errorStr: timeout or trap error. fixp_error0 info: 0x3064c70, fixp_error1 info: 0xf6, fsmId:0, tslot:5, thread:0, ctxid:0, blk:0, sublk:0, subErrType:4.[FUNC:PrintCoreInfo][FILE:device_error_core_proc.cc][LINE:658]
(Worker_DP2_TP1_EP5 pid=395661) ERROR 07-28 09:54:36 [multiproc_executor.py:1007]         SDMA memory copy task exception occurred. Remote rank: [0]. Base information: [streamID:[83], taskID[19], taskType[Task AIV], tag[AllReduce_group_name_7], AlgType(level 0-1-2):[ring-ring-ring].]. Task information: [cmdType:[2], tag:[383], size:[43008], numBlocks:[2], rankSize:[2], aivRdmaStep:[-1], flagMem:[0x130f5f200000], isOpbase:[1]
(Worker_DP2_TP1_EP5 pid=395661) ERROR 07-28 09:54:36 [multiproc_executor.py:1007] there are 5 abnormal device(s), only the first 3 devices are listed:
(Worker_DP2_TP1_EP5 pid=395661) ERROR 07-28 09:54:36 [multiproc_executor.py:1007] 	[TaskExecStage][HeartbeatAbnormal]Cluster Exception Location[IP/ID]:[10.10.1.44/13], Arrival Time:[Tue Jul 28 09:52:57 2026], ExceptionType:[Stuck Occurred], Possible Reason:1.Host process is stuck, 2.Device task is stuck
(Worker_DP2_TP1_EP5 pid=395661) ERROR 07-28 09:54:36 [multiproc_executor.py:1007] 	[TaskExecStage][HeartbeatAbnormal]Cluster Exception Location[IP/ID]:[10.10.1.44/4], Arrival Time:[Tue Jul 28 09:52:57 2026], ExceptionType:[Stuck Occurred], Possible Reason:1.Host process is stuck, 2.Device task is stuck
(Worker_DP2_TP1_EP5 pid=395661) ERROR 07-28 09:54:36 [multiproc_executor.py:1007] 	[TaskExecStage][HeartbeatAbnormal]Cluster Exception Location[IP/ID]:[10.10.1.44/15], Arrival Time:[Tue Jul 28 09:52:57 2026], ExceptionType:[Stuck Occurred], Possible Reason:1.Host process is stuck, 2.Device task is stuck
(Worker_DP2_TP1_EP5 pid=395661) ERROR 07-28 09:54:36 [multiproc_executor.py:1007] ]. Communicator information: [].
(Worker_DP2_TP1_EP5 pid=395661) ERROR 07-28 09:54:36 [multiproc_executor.py:1007]         rtStreamSynchronizeWithTimeout execution failed, reason=the model stream execute failed[FUNC:FuncErrorReason][FILE:error_message_manage.cc][LINE:65]
(Worker_DP2_TP1_EP5 pid=395661) ERROR 07-28 09:54:36 [multiproc_executor.py:1007]         synchronize stream with timeout failed, runtime result = 507011[FUNC:ReportCallError][FILE:log_inner.cpp][LINE:148]
(Worker_DP2_TP1_EP5 pid=395661) ERROR 07-28 09:54:36 [multiproc_executor.py:1007] 
(Worker_DP2_TP1_EP5 pid=395661) ERROR 07-28 09:54:36 [multiproc_executor.py:1007] 
(Worker_DP1_TP1_EP3 pid=395662) ERROR 07-28 09:54:36 [multiproc_executor.py:1007] WorkerProc hit an exception.
(Worker_DP1_TP1_EP3 pid=395662) ERROR 07-28 09:54:36 [multiproc_executor.py:1007] Traceback (most recent call last):
(Worker_DP1_TP1_EP3 pid=395662) ERROR 07-28 09:54:36 [multiproc_executor.py:1007]   File "/home/l00838859/cann/my-project/vllm/vllm/v1/executor/multiproc_executor.py", line 999, in worker_busy_loop
(Worker_DP1_TP1_EP3 pid=395662) ERROR 07-28 09:54:36 [multiproc_executor.py:1007]     output = func(*args, **kwargs)
(Worker_DP1_TP1_EP3 pid=395662) ERROR 07-28 09:54:36 [multiproc_executor.py:1007]              ^^^^^^^^^^^^^^^^^^^^^
(Worker_DP1_TP1_EP3 pid=395662) ERROR 07-28 09:54:36 [multiproc_executor.py:1007]   File "/home/l00838859/cann/my-project/vllm/vllm/v1/worker/worker_base.py", line 351, in execute_model
(Worker_DP1_TP1_EP3 pid=395662) ERROR 07-28 09:54:36 [multiproc_executor.py:1007]     return self.worker.execute_model(scheduler_output)
(Worker_DP1_TP1_EP3 pid=395662) ERROR 07-28 09:54:36 [multiproc_executor.py:1007]            ^^^^^^^^^^^^^^^^^^^^^^^^^^^^^^^^^^^^^^^^^^^
(Worker_DP1_TP1_EP3 pid=395662) ERROR 07-28 09:54:36 [multiproc_executor.py:1007]   File "/home/l00838859/cann/my-project/vllm-ascend/vllm_ascend/worker/worker.py", line 685, in execute_model
(Worker_DP1_TP1_EP3 pid=395662) ERROR 07-28 09:54:36 [multiproc_executor.py:1007]     output = self.model_runner.execute_model(scheduler_output, intermediate_tensors)
(Worker_DP1_TP1_EP3 pid=395662) ERROR 07-28 09:54:36 [multiproc_executor.py:1007]              ^^^^^^^^^^^^^^^^^^^^^^^^^^^^^^^^^^^^^^^^^^^^^^^^^^^^^^^^^^^^^^^^^^^^^^^
(Worker_DP1_TP1_EP3 pid=395662) ERROR 07-28 09:54:36 [multiproc_executor.py:1007]   File "/usr/local/lib/python3.11/site-packages/torch/utils/_contextlib.py", line 124, in decorate_context
(Worker_DP1_TP1_EP3 pid=395662) ERROR 07-28 09:54:36 [multiproc_executor.py:1007]     return func(*args, **kwargs)
(Worker_DP1_TP1_EP3 pid=395662) ERROR 07-28 09:54:36 [multiproc_executor.py:1007]            ^^^^^^^^^^^^^^^^^^^^^
(Worker_DP1_TP1_EP3 pid=395662) ERROR 07-28 09:54:36 [multiproc_executor.py:1007]   File "/home/l00838859/cann/my-project/vllm-ascend/vllm_ascend/worker/model_runner_v1.py", line 2346, in execute_model
(Worker_DP1_TP1_EP3 pid=395662) ERROR 07-28 09:54:36 [multiproc_executor.py:1007]     hidden_states = self._model_forward(
(Worker_DP1_TP1_EP3 pid=395662) ERROR 07-28 09:54:36 [multiproc_executor.py:1007]                     ^^^^^^^^^^^^^^^^^^^^
(Worker_DP1_TP1_EP3 pid=395662) ERROR 07-28 09:54:36 [multiproc_executor.py:1007]   File "/home/l00838859/cann/my-project/vllm-ascend/vllm_ascend/worker/model_runner_v1.py", line 2915, in _model_forward
(Worker_DP1_TP1_EP3 pid=395662) ERROR 07-28 09:54:36 [multiproc_executor.py:1007]     hidden_states = run_model()
(Worker_DP1_TP1_EP3 pid=395662) ERROR 07-28 09:54:36 [multiproc_executor.py:1007]                     ^^^^^^^^^^^
(Worker_DP1_TP1_EP3 pid=395662) ERROR 07-28 09:54:36 [multiproc_executor.py:1007]   File "/home/l00838859/cann/my-project/vllm-ascend/vllm_ascend/compilation/acl_graph.py", line 281, in __call__
(Worker_DP1_TP1_EP3 pid=395662) ERROR 07-28 09:54:36 [multiproc_executor.py:1007]     torch.npu.current_stream().synchronize()
(Worker_DP1_TP1_EP3 pid=395662) ERROR 07-28 09:54:36 [multiproc_executor.py:1007]   File "/usr/local/lib/python3.11/site-packages/torch_npu/npu/streams.py", line 85, in synchronize
(Worker_DP1_TP1_EP3 pid=395662) ERROR 07-28 09:54:36 [multiproc_executor.py:1007]     super(Stream, self).synchronize()
(Worker_DP1_TP1_EP3 pid=395662) ERROR 07-28 09:54:36 [multiproc_executor.py:1007] RuntimeError: synchronize:../torch_npu/csrc/core/npu/NPUStream.cpp:361 NPU function error: c10_npu::acl::AclrtSynchronizeStreamWithTimeout(stream()), error code is 507011
(Worker_DP1_TP1_EP3 pid=395662) ERROR 07-28 09:54:36 [multiproc_executor.py:1007] [ERROR] 2026-07-28-09:54:36 (PID:395662, Device:3, RankID:-1) ERR00100 PTA call acl api failed
(Worker_DP1_TP1_EP3 pid=395662) ERROR 07-28 09:54:36 [multiproc_executor.py:1007] [Error]: Model execution failed. 
(Worker_DP1_TP1_EP3 pid=395662) ERROR 07-28 09:54:36 [multiproc_executor.py:1007]         Rectify the fault based on the error information in the ascend log.
(Worker_DP1_TP1_EP3 pid=395662) ERROR 07-28 09:54:36 [multiproc_executor.py:1007] [PID: 395662] 2026-07-28-09:54:36.630.088 Execution_Error_SDMA(EI0012): SDMA memory copy task exception occurred. Remote rank: [0]. Base information: [streamID:[81], taskID[1], taskType[Task AIV], tag[], AlgType(level 0-1-2):[ring-ring-ring].]. Task information: [cmdType:[6], tag:[5], size:[688128], numBlocks:[8], rankSize:[2], aivRdmaStep:[-1], flagMem:[0x130f61a00000], isOpbase:[0]
(Worker_DP1_TP1_EP3 pid=395662) ERROR 07-28 09:54:36 [multiproc_executor.py:1007] there are 6 abnormal device(s), only the first 3 devices are listed:
(Worker_DP1_TP1_EP3 pid=395662) ERROR 07-28 09:54:36 [multiproc_executor.py:1007] 	[TaskExecStage][HeartbeatAbnormal]Cluster Exception Location[IP/ID]:[10.10.1.44/1], Arrival Time:[Tue Jul 28 09:52:56 2026], ExceptionType:[Stuck Occurred], Possible Reason:1.Host process is stuck, 2.Device task is stuck
(Worker_DP1_TP1_EP3 pid=395662) ERROR 07-28 09:54:36 [multiproc_executor.py:1007] 	[TaskExecStage][HeartbeatAbnormal]Cluster Exception Location[IP/ID]:[10.10.1.44/4], Arrival Time:[Tue Jul 28 09:52:57 2026], ExceptionType:[Stuck Occurred], Possible Reason:1.Host process is stuck, 2.Device task is stuck
(Worker_DP1_TP1_EP3 pid=395662) ERROR 07-28 09:54:36 [multiproc_executor.py:1007] 	[TaskExecStage][HeartbeatAbnormal]Cluster Exception Location[IP/ID]:[10.10.1.44/0], Arrival Time:[Tue Jul 28 09:52:57 2026], ExceptionType:[Stuck Occurred], Possible Reason:1.Host process is stuck, 2.Device task is stuck
(Worker_DP1_TP1_EP3 pid=395662) ERROR 07-28 09:54:36 [multiproc_executor.py:1007] ]. Communicator information: [].
(Worker_DP1_TP1_EP3 pid=395662) ERROR 07-28 09:54:36 [multiproc_executor.py:1007]         Possible Cause: 1. Network connection exception occurred during the SDMA task execution. 2. The peer process exits abnormally. 3. The input or output memory address is not allocated, the actual allocated size is smaller than the input data size, or the memory is freed before the operator execution is complete.
(Worker_DP1_TP1_EP3 pid=395662) ERROR 07-28 09:54:36 [multiproc_executor.py:1007]         Solution: 1. Check whether the network link is abnormal during the execution. 2. Check whether a process in the cluster exits before an error is reported. If yes, locate the cause of the process exit. 3. Check whether the size of the input/output memory passed to the communication operator meets the expectation, and whether the input/output memory or communicator is freed or destroyed before the operator execution is complete.
(Worker_DP1_TP1_EP3 pid=395662) ERROR 07-28 09:54:36 [multiproc_executor.py:1007]         TraceBack (most recent call last):
(Worker_DP1_TP1_EP3 pid=395662) ERROR 07-28 09:54:36 [multiproc_executor.py:1007]         The error from device(chipId:1, dieId:1), serial number is 33, there is an exception of aivec error, core id is 20, error code = 0, dump info: pc start: 0x12c0de87ba0c, current: 0x12c0de89f0c4, vec error info: 0xad00000cfe, mte error info: 0xe2030002f7, ifu error info: 0x1fffffffefcc0, ccu error info: 0xdbe6472d6880003f, cube error info: 0, biu error info: 0, aic error mask: 0x6500020bd00028c, para base: 0x12c140199000.[FUNC:PrintCoreInfo][FILE:device_error_core_proc.cc][LINE:645]
(Worker_DP1_TP1_EP3 pid=395662) ERROR 07-28 09:54:36 [multiproc_executor.py:1007]         The extend info: errcode:(0, 0, 0) errorStr: timeout or trap error. fixp_error0 info: 0x30002f7, fixp_error1 info: 0xe2, fsmId:0, tslot:4, thread:0, ctxid:0, blk:0, sublk:0, subErrType:4.[FUNC:PrintCoreInfo][FILE:device_error_core_proc.cc][LINE:658]
(Worker_DP1_TP1_EP3 pid=395662) ERROR 07-28 09:54:36 [multiproc_executor.py:1007]         The error from device(chipId:1, dieId:1), serial number is 33, there is an exception of aivec error, core id is 21, error code = 0, dump info: pc start: 0x12c0de87ba0c, current: 0x12c0de89f0c4, vec error info: 0xad00000cfe, mte error info: 0xe2030004f7, ifu error info: 0x1fffffffefcc0, ccu error info: 0xdbe6472d6880003f, cube error info: 0, biu error info: 0, aic error mask: 0x6500020bd00028c, para base: 0x12c140199000.[FUNC:PrintCoreInfo][FILE:device_error_core_proc.cc][LINE:645]
(Worker_DP1_TP1_EP3 pid=395662) ERROR 07-28 09:54:36 [multiproc_executor.py:1007]         The extend info: errcode:(0, 0, 0) errorStr: timeout or trap error. fixp_error0 info: 0x30004f7, fixp_error1 info: 0xe2, fsmId:0, tslot:4, thread:0, ctxid:0, blk:1, sublk:0, subErrType:4.[FUNC:PrintCoreInfo][FILE:device_error_core_proc.cc][LINE:658]
(Worker_DP1_TP1_EP3 pid=395662) ERROR 07-28 09:54:36 [multiproc_executor.py:1007]         The error from device(chipId:1, dieId:1), serial number is 33, there is an exception of aivec error, core id is 22, error code = 0, dump info: pc start: 0x12c0de87ba0c, current: 0x12c0de89f0c4, vec error info: 0xad00000cfe, mte error info: 0xe2030000f7, ifu error info: 0x1fffffffefcc0, ccu error info: 0xdbe6472d6880003f, cube error info: 0, biu error info: 0, aic error mask: 0x6500020bd00028c, para base: 0x12c140199000.[FUNC:PrintCoreInfo][FILE:device_error_core_proc.cc][LINE:645]
(Worker_DP1_TP1_EP3 pid=395662) ERROR 07-28 09:54:36 [multiproc_executor.py:1007]         The extend info: errcode:(0, 0, 0) errorStr: timeout or trap error. fixp_error0 info: 0x30000f7, fixp_error1 info: 0xe2, fsmId:0, tslot:4, thread:0, ctxid:0, blk:2, sublk:0, subErrType:4.[FUNC:PrintCoreInfo][FILE:device_error_core_proc.cc][LINE:658]
(Worker_DP1_TP1_EP3 pid=395662) ERROR 07-28 09:54:36 [multiproc_executor.py:1007]         The error from device(chipId:1, dieId:1), serial number is 33, there is an exception of aivec error, core id is 23, error code = 0, dump info: pc start: 0x12c0de87ba0c, current: 0x12c0de89f0c4, vec error info: 0xad00000cfe, mte error info: 0xe2030000f7, ifu error info: 0x20001bdc5c500, ccu error info: 0xf4bd3a76880003f, cube error info: 0, biu error info: 0, aic error mask: 0x6500020bd00028c, para base: 0x12c140199000.[FUNC:PrintCoreInfo][FILE:device_error_core_proc.cc][LINE:645]
(Worker_DP1_TP1_EP3 pid=395662) ERROR 07-28 09:54:36 [multiproc_executor.py:1007]         The extend info: errcode:(0, 0, 0) errorStr: timeout or trap error. fixp_error0 info: 0x30000f7, fixp_error1 info: 0xe2, fsmId:0, tslot:4, thread:0, ctxid:0, blk:3, sublk:0, subErrType:4.[FUNC:PrintCoreInfo][FILE:device_error_core_proc.cc][LINE:658]
(Worker_DP1_TP1_EP3 pid=395662) ERROR 07-28 09:54:36 [multiproc_executor.py:1007]         SDMA memory copy task exception occurred. Remote rank: [0]. Base information: [streamID:[81], taskID[1], taskType[Task AIV], tag[], AlgType(level 0-1-2):[ring-ring-ring].]. Task information: [cmdType:[6], tag:[5], size:[688128], numBlocks:[8], rankSize:[2], aivRdmaStep:[-1], flagMem:[0x130f61a00000], isOpbase:[0]
(Worker_DP1_TP1_EP3 pid=395662) ERROR 07-28 09:54:36 [multiproc_executor.py:1007] there are 6 abnormal device(s), only the first 3 devices are listed:
(Worker_DP1_TP1_EP3 pid=395662) ERROR 07-28 09:54:36 [multiproc_executor.py:1007] 	[TaskExecStage][HeartbeatAbnormal]Cluster Exception Location[IP/ID]:[10.10.1.44/1], Arrival Time:[Tue Jul 28 09:52:56 2026], ExceptionType:[Stuck Occurred], Possible Reason:1.Host process is stuck, 2.Device task is stuck
(Worker_DP1_TP1_EP3 pid=395662) ERROR 07-28 09:54:36 [multiproc_executor.py:1007] 	[TaskExecStage][HeartbeatAbnormal]Cluster Exception Location[IP/ID]:[10.10.1.44/4], Arrival Time:[Tue Jul 28 09:52:57 2026], ExceptionType:[Stuck Occurred], Possible Reason:1.Host process is stuck, 2.Device task is stuck
(Worker_DP1_TP1_EP3 pid=395662) ERROR 07-28 09:54:36 [multiproc_executor.py:1007] 	[TaskExecStage][HeartbeatAbnormal]Cluster Exception Location[IP/ID]:[10.10.1.44/0], Arrival Time:[Tue Jul 28 09:52:57 2026], ExceptionType:[Stuck Occurred], Possible Reason:1.Host process is stuck, 2.Device task is stuck
(Worker_DP1_TP1_EP3 pid=395662) ERROR 07-28 09:54:36 [multiproc_executor.py:1007] ]. Communicator information: [].
(Worker_DP1_TP1_EP3 pid=395662) ERROR 07-28 09:54:36 [multiproc_executor.py:1007]         rtStreamSynchronizeWithTimeout execution failed, reason=the model stream execute failed[FUNC:FuncErrorReason][FILE:error_message_manage.cc][LINE:65]
(Worker_DP1_TP1_EP3 pid=395662) ERROR 07-28 09:54:36 [multiproc_executor.py:1007]         synchronize stream with timeout failed, runtime result = 507011[FUNC:ReportCallError][FILE:log_inner.cpp][LINE:148]
(Worker_DP1_TP1_EP3 pid=395662) ERROR 07-28 09:54:36 [multiproc_executor.py:1007] 
(Worker_DP1_TP1_EP3 pid=395662) ERROR 07-28 09:54:36 [multiproc_executor.py:1007] Traceback (most recent call last):
(Worker_DP1_TP1_EP3 pid=395662) ERROR 07-28 09:54:36 [multiproc_executor.py:1007]   File "/home/l00838859/cann/my-project/vllm/vllm/v1/executor/multiproc_executor.py", line 999, in worker_busy_loop
(Worker_DP1_TP1_EP3 pid=395662) ERROR 07-28 09:54:36 [multiproc_executor.py:1007]     output = func(*args, **kwargs)
(Worker_DP1_TP1_EP3 pid=395662) ERROR 07-28 09:54:36 [multiproc_executor.py:1007]              ^^^^^^^^^^^^^^^^^^^^^
(Worker_DP1_TP1_EP3 pid=395662) ERROR 07-28 09:54:36 [multiproc_executor.py:1007]   File "/home/l00838859/cann/my-project/vllm/vllm/v1/worker/worker_base.py", line 351, in execute_model
(Worker_DP1_TP1_EP3 pid=395662) ERROR 07-28 09:54:36 [multiproc_executor.py:1007]     return self.worker.execute_model(scheduler_output)
(Worker_DP1_TP1_EP3 pid=395662) ERROR 07-28 09:54:36 [multiproc_executor.py:1007]            ^^^^^^^^^^^^^^^^^^^^^^^^^^^^^^^^^^^^^^^^^^^
(Worker_DP1_TP1_EP3 pid=395662) ERROR 07-28 09:54:36 [multiproc_executor.py:1007]   File "/home/l00838859/cann/my-project/vllm-ascend/vllm_ascend/worker/worker.py", line 685, in execute_model
(Worker_DP1_TP1_EP3 pid=395662) ERROR 07-28 09:54:36 [multiproc_executor.py:1007]     output = self.model_runner.execute_model(scheduler_output, intermediate_tensors)
(Worker_DP1_TP1_EP3 pid=395662) ERROR 07-28 09:54:36 [multiproc_executor.py:1007]              ^^^^^^^^^^^^^^^^^^^^^^^^^^^^^^^^^^^^^^^^^^^^^^^^^^^^^^^^^^^^^^^^^^^^^^^
(Worker_DP1_TP1_EP3 pid=395662) ERROR 07-28 09:54:36 [multiproc_executor.py:1007]   File "/usr/local/lib/python3.11/site-packages/torch/utils/_contextlib.py", line 124, in decorate_context
(Worker_DP1_TP1_EP3 pid=395662) ERROR 07-28 09:54:36 [multiproc_executor.py:1007]     return func(*args, **kwargs)
(Worker_DP1_TP1_EP3 pid=395662) ERROR 07-28 09:54:36 [multiproc_executor.py:1007]            ^^^^^^^^^^^^^^^^^^^^^
(Worker_DP1_TP1_EP3 pid=395662) ERROR 07-28 09:54:36 [multiproc_executor.py:1007]   File "/home/l00838859/cann/my-project/vllm-ascend/vllm_ascend/worker/model_runner_v1.py", line 2346, in execute_model
(Worker_DP1_TP1_EP3 pid=395662) ERROR 07-28 09:54:36 [multiproc_executor.py:1007]     hidden_states = self._model_forward(
(Worker_DP1_TP1_EP3 pid=395662) ERROR 07-28 09:54:36 [multiproc_executor.py:1007]                     ^^^^^^^^^^^^^^^^^^^^
(Worker_DP1_TP1_EP3 pid=395662) ERROR 07-28 09:54:36 [multiproc_executor.py:1007]   File "/home/l00838859/cann/my-project/vllm-ascend/vllm_ascend/worker/model_runner_v1.py", line 2915, in _model_forward
(Worker_DP1_TP1_EP3 pid=395662) ERROR 07-28 09:54:36 [multiproc_executor.py:1007]     hidden_states = run_model()
(Worker_DP1_TP1_EP3 pid=395662) ERROR 07-28 09:54:36 [multiproc_executor.py:1007]                     ^^^^^^^^^^^
(Worker_DP1_TP1_EP3 pid=395662) ERROR 07-28 09:54:36 [multiproc_executor.py:1007]   File "/home/l00838859/cann/my-project/vllm-ascend/vllm_ascend/compilation/acl_graph.py", line 281, in __call__
(Worker_DP1_TP1_EP3 pid=395662) ERROR 07-28 09:54:36 [multiproc_executor.py:1007]     torch.npu.current_stream().synchronize()
(Worker_DP1_TP1_EP3 pid=395662) ERROR 07-28 09:54:36 [multiproc_executor.py:1007]   File "/usr/local/lib/python3.11/site-packages/torch_npu/npu/streams.py", line 85, in synchronize
(Worker_DP1_TP1_EP3 pid=395662) ERROR 07-28 09:54:36 [multiproc_executor.py:1007]     super(Stream, self).synchronize()
(Worker_DP1_TP1_EP3 pid=395662) ERROR 07-28 09:54:36 [multiproc_executor.py:1007] RuntimeError: synchronize:../torch_npu/csrc/core/npu/NPUStream.cpp:361 NPU function error: c10_npu::acl::AclrtSynchronizeStreamWithTimeout(stream()), error code is 507011
(Worker_DP1_TP1_EP3 pid=395662) ERROR 07-28 09:54:36 [multiproc_executor.py:1007] [ERROR] 2026-07-28-09:54:36 (PID:395662, Device:3, RankID:-1) ERR00100 PTA call acl api failed
(Worker_DP1_TP1_EP3 pid=395662) ERROR 07-28 09:54:36 [multiproc_executor.py:1007] [Error]: Model execution failed. 
(Worker_DP1_TP1_EP3 pid=395662) ERROR 07-28 09:54:36 [multiproc_executor.py:1007]         Rectify the fault based on the error information in the ascend log.
(Worker_DP1_TP1_EP3 pid=395662) ERROR 07-28 09:54:36 [multiproc_executor.py:1007] [PID: 395662] 2026-07-28-09:54:36.630.088 Execution_Error_SDMA(EI0012): SDMA memory copy task exception occurred. Remote rank: [0]. Base information: [streamID:[81], taskID[1], taskType[Task AIV], tag[], AlgType(level 0-1-2):[ring-ring-ring].]. Task information: [cmdType:[6], tag:[5], size:[688128], numBlocks:[8], rankSize:[2], aivRdmaStep:[-1], flagMem:[0x130f61a00000], isOpbase:[0]
(Worker_DP1_TP1_EP3 pid=395662) ERROR 07-28 09:54:36 [multiproc_executor.py:1007] there are 6 abnormal device(s), only the first 3 devices are listed:
(Worker_DP1_TP1_EP3 pid=395662) ERROR 07-28 09:54:36 [multiproc_executor.py:1007] 	[TaskExecStage][HeartbeatAbnormal]Cluster Exception Location[IP/ID]:[10.10.1.44/1], Arrival Time:[Tue Jul 28 09:52:56 2026], ExceptionType:[Stuck Occurred], Possible Reason:1.Host process is stuck, 2.Device task is stuck
(Worker_DP1_TP1_EP3 pid=395662) ERROR 07-28 09:54:36 [multiproc_executor.py:1007] 	[TaskExecStage][HeartbeatAbnormal]Cluster Exception Location[IP/ID]:[10.10.1.44/4], Arrival Time:[Tue Jul 28 09:52:57 2026], ExceptionType:[Stuck Occurred], Possible Reason:1.Host process is stuck, 2.Device task is stuck
(Worker_DP1_TP1_EP3 pid=395662) ERROR 07-28 09:54:36 [multiproc_executor.py:1007] 	[TaskExecStage][HeartbeatAbnormal]Cluster Exception Location[IP/ID]:[10.10.1.44/0], Arrival Time:[Tue Jul 28 09:52:57 2026], ExceptionType:[Stuck Occurred], Possible Reason:1.Host process is stuck, 2.Device task is stuck
(Worker_DP1_TP1_EP3 pid=395662) ERROR 07-28 09:54:36 [multiproc_executor.py:1007] ]. Communicator information: [].
(Worker_DP1_TP1_EP3 pid=395662) ERROR 07-28 09:54:36 [multiproc_executor.py:1007]         Possible Cause: 1. Network connection exception occurred during the SDMA task execution. 2. The peer process exits abnormally. 3. The input or output memory address is not allocated, the actual allocated size is smaller than the input data size, or the memory is freed before the operator execution is complete.
(Worker_DP1_TP1_EP3 pid=395662) ERROR 07-28 09:54:36 [multiproc_executor.py:1007]         Solution: 1. Check whether the network link is abnormal during the execution. 2. Check whether a process in the cluster exits before an error is reported. If yes, locate the cause of the process exit. 3. Check whether the size of the input/output memory passed to the communication operator meets the expectation, and whether the input/output memory or communicator is freed or destroyed before the operator execution is complete.
(Worker_DP1_TP1_EP3 pid=395662) ERROR 07-28 09:54:36 [multiproc_executor.py:1007]         TraceBack (most recent call last):
(Worker_DP1_TP1_EP3 pid=395662) ERROR 07-28 09:54:36 [multiproc_executor.py:1007]         The error from device(chipId:1, dieId:1), serial number is 33, there is an exception of aivec error, core id is 20, error code = 0, dump info: pc start: 0x12c0de87ba0c, current: 0x12c0de89f0c4, vec error info: 0xad00000cfe, mte error info: 0xe2030002f7, ifu error info: 0x1fffffffefcc0, ccu error info: 0xdbe6472d6880003f, cube error info: 0, biu error info: 0, aic error mask: 0x6500020bd00028c, para base: 0x12c140199000.[FUNC:PrintCoreInfo][FILE:device_error_core_proc.cc][LINE:645]
(Worker_DP1_TP1_EP3 pid=395662) ERROR 07-28 09:54:36 [multiproc_executor.py:1007]         The extend info: errcode:(0, 0, 0) errorStr: timeout or trap error. fixp_error0 info: 0x30002f7, fixp_error1 info: 0xe2, fsmId:0, tslot:4, thread:0, ctxid:0, blk:0, sublk:0, subErrType:4.[FUNC:PrintCoreInfo][FILE:device_error_core_proc.cc][LINE:658]
(Worker_DP1_TP1_EP3 pid=395662) ERROR 07-28 09:54:36 [multiproc_executor.py:1007]         The error from device(chipId:1, dieId:1), serial number is 33, there is an exception of aivec error, core id is 21, error code = 0, dump info: pc start: 0x12c0de87ba0c, current: 0x12c0de89f0c4, vec error info: 0xad00000cfe, mte error info: 0xe2030004f7, ifu error info: 0x1fffffffefcc0, ccu error info: 0xdbe6472d6880003f, cube error info: 0, biu error info: 0, aic error mask: 0x6500020bd00028c, para base: 0x12c140199000.[FUNC:PrintCoreInfo][FILE:device_error_core_proc.cc][LINE:645]
(Worker_DP1_TP1_EP3 pid=395662) ERROR 07-28 09:54:36 [multiproc_executor.py:1007]         The extend info: errcode:(0, 0, 0) errorStr: timeout or trap error. fixp_error0 info: 0x30004f7, fixp_error1 info: 0xe2, fsmId:0, tslot:4, thread:0, ctxid:0, blk:1, sublk:0, subErrType:4.[FUNC:PrintCoreInfo][FILE:device_error_core_proc.cc][LINE:658]
(Worker_DP1_TP1_EP3 pid=395662) ERROR 07-28 09:54:36 [multiproc_executor.py:1007]         The error from device(chipId:1, dieId:1), serial number is 33, there is an exception of aivec error, core id is 22, error code = 0, dump info: pc start: 0x12c0de87ba0c, current: 0x12c0de89f0c4, vec error info: 0xad00000cfe, mte error info: 0xe2030000f7, ifu error info: 0x1fffffffefcc0, ccu error info: 0xdbe6472d6880003f, cube error info: 0, biu error info: 0, aic error mask: 0x6500020bd00028c, para base: 0x12c140199000.[FUNC:PrintCoreInfo][FILE:device_error_core_proc.cc][LINE:645]
(Worker_DP1_TP1_EP3 pid=395662) ERROR 07-28 09:54:36 [multiproc_executor.py:1007]         The extend info: errcode:(0, 0, 0) errorStr: timeout or trap error. fixp_error0 info: 0x30000f7, fixp_error1 info: 0xe2, fsmId:0, tslot:4, thread:0, ctxid:0, blk:2, sublk:0, subErrType:4.[FUNC:PrintCoreInfo][FILE:device_error_core_proc.cc][LINE:658]
(Worker_DP1_TP1_EP3 pid=395662) ERROR 07-28 09:54:36 [multiproc_executor.py:1007]         The error from device(chipId:1, dieId:1), serial number is 33, there is an exception of aivec error, core id is 23, error code = 0, dump info: pc start: 0x12c0de87ba0c, current: 0x12c0de89f0c4, vec error info: 0xad00000cfe, mte error info: 0xe2030000f7, ifu error info: 0x20001bdc5c500, ccu error info: 0xf4bd3a76880003f, cube error info: 0, biu error info: 0, aic error mask: 0x6500020bd00028c, para base: 0x12c140199000.[FUNC:PrintCoreInfo][FILE:device_error_core_proc.cc][LINE:645]
(Worker_DP1_TP1_EP3 pid=395662) ERROR 07-28 09:54:36 [multiproc_executor.py:1007]         The extend info: errcode:(0, 0, 0) errorStr: timeout or trap error. fixp_error0 info: 0x30000f7, fixp_error1 info: 0xe2, fsmId:0, tslot:4, thread:0, ctxid:0, blk:3, sublk:0, subErrType:4.[FUNC:PrintCoreInfo][FILE:device_error_core_proc.cc][LINE:658]
(Worker_DP1_TP1_EP3 pid=395662) ERROR 07-28 09:54:36 [multiproc_executor.py:1007]         SDMA memory copy task exception occurred. Remote rank: [0]. Base information: [streamID:[81], taskID[1], taskType[Task AIV], tag[], AlgType(level 0-1-2):[ring-ring-ring].]. Task information: [cmdType:[6], tag:[5], size:[688128], numBlocks:[8], rankSize:[2], aivRdmaStep:[-1], flagMem:[0x130f61a00000], isOpbase:[0]
(Worker_DP1_TP1_EP3 pid=395662) ERROR 07-28 09:54:36 [multiproc_executor.py:1007] there are 6 abnormal device(s), only the first 3 devices are listed:
(Worker_DP1_TP1_EP3 pid=395662) ERROR 07-28 09:54:36 [multiproc_executor.py:1007] 	[TaskExecStage][HeartbeatAbnormal]Cluster Exception Location[IP/ID]:[10.10.1.44/1], Arrival Time:[Tue Jul 28 09:52:56 2026], ExceptionType:[Stuck Occurred], Possible Reason:1.Host process is stuck, 2.Device task is stuck
(Worker_DP1_TP1_EP3 pid=395662) ERROR 07-28 09:54:36 [multiproc_executor.py:1007] 	[TaskExecStage][HeartbeatAbnormal]Cluster Exception Location[IP/ID]:[10.10.1.44/4], Arrival Time:[Tue Jul 28 09:52:57 2026], ExceptionType:[Stuck Occurred], Possible Reason:1.Host process is stuck, 2.Device task is stuck
(Worker_DP1_TP1_EP3 pid=395662) ERROR 07-28 09:54:36 [multiproc_executor.py:1007] 	[TaskExecStage][HeartbeatAbnormal]Cluster Exception Location[IP/ID]:[10.10.1.44/0], Arrival Time:[Tue Jul 28 09:52:57 2026], ExceptionType:[Stuck Occurred], Possible Reason:1.Host process is stuck, 2.Device task is stuck
(Worker_DP1_TP1_EP3 pid=395662) ERROR 07-28 09:54:36 [multiproc_executor.py:1007] ]. Communicator information: [].
(Worker_DP1_TP1_EP3 pid=395662) ERROR 07-28 09:54:36 [multiproc_executor.py:1007]         rtStreamSynchronizeWithTimeout execution failed, reason=the model stream execute failed[FUNC:FuncErrorReason][FILE:error_message_manage.cc][LINE:65]
(Worker_DP1_TP1_EP3 pid=395662) ERROR 07-28 09:54:36 [multiproc_executor.py:1007]         synchronize stream with timeout failed, runtime result = 507011[FUNC:ReportCallError][FILE:log_inner.cpp][LINE:148]
(Worker_DP1_TP1_EP3 pid=395662) ERROR 07-28 09:54:36 [multiproc_executor.py:1007] 
(Worker_DP1_TP1_EP3 pid=395662) ERROR 07-28 09:54:36 [multiproc_executor.py:1007] 
(Worker_DP4_TP1_EP9 pid=395729) ERROR 07-28 09:54:36 [multiproc_executor.py:1007] WorkerProc hit an exception.
(Worker_DP4_TP1_EP9 pid=395729) ERROR 07-28 09:54:36 [multiproc_executor.py:1007] Traceback (most recent call last):
(Worker_DP4_TP1_EP9 pid=395729) ERROR 07-28 09:54:36 [multiproc_executor.py:1007]   File "/home/l00838859/cann/my-project/vllm/vllm/v1/executor/multiproc_executor.py", line 999, in worker_busy_loop
(Worker_DP4_TP1_EP9 pid=395729) ERROR 07-28 09:54:36 [multiproc_executor.py:1007]     output = func(*args, **kwargs)
(Worker_DP4_TP1_EP9 pid=395729) ERROR 07-28 09:54:36 [multiproc_executor.py:1007]              ^^^^^^^^^^^^^^^^^^^^^
(Worker_DP4_TP1_EP9 pid=395729) ERROR 07-28 09:54:36 [multiproc_executor.py:1007]   File "/home/l00838859/cann/my-project/vllm/vllm/v1/worker/worker_base.py", line 351, in execute_model
(Worker_DP4_TP1_EP9 pid=395729) ERROR 07-28 09:54:36 [multiproc_executor.py:1007]     return self.worker.execute_model(scheduler_output)
(Worker_DP4_TP1_EP9 pid=395729) ERROR 07-28 09:54:36 [multiproc_executor.py:1007]            ^^^^^^^^^^^^^^^^^^^^^^^^^^^^^^^^^^^^^^^^^^^
(Worker_DP4_TP1_EP9 pid=395729) ERROR 07-28 09:54:36 [multiproc_executor.py:1007]   File "/home/l00838859/cann/my-project/vllm-ascend/vllm_ascend/worker/worker.py", line 685, in execute_model
(Worker_DP4_TP1_EP9 pid=395729) ERROR 07-28 09:54:36 [multiproc_executor.py:1007]     output = self.model_runner.execute_model(scheduler_output, intermediate_tensors)
(Worker_DP4_TP1_EP9 pid=395729) ERROR 07-28 09:54:36 [multiproc_executor.py:1007]              ^^^^^^^^^^^^^^^^^^^^^^^^^^^^^^^^^^^^^^^^^^^^^^^^^^^^^^^^^^^^^^^^^^^^^^^
(Worker_DP4_TP1_EP9 pid=395729) ERROR 07-28 09:54:36 [multiproc_executor.py:1007]   File "/usr/local/lib/python3.11/site-packages/torch/utils/_contextlib.py", line 124, in decorate_context
(Worker_DP4_TP1_EP9 pid=395729) ERROR 07-28 09:54:36 [multiproc_executor.py:1007]     return func(*args, **kwargs)
(Worker_DP4_TP1_EP9 pid=395729) ERROR 07-28 09:54:36 [multiproc_executor.py:1007]            ^^^^^^^^^^^^^^^^^^^^^
(Worker_DP4_TP1_EP9 pid=395729) ERROR 07-28 09:54:36 [multiproc_executor.py:1007]   File "/home/l00838859/cann/my-project/vllm-ascend/vllm_ascend/worker/model_runner_v1.py", line 2346, in execute_model
(Worker_DP4_TP1_EP9 pid=395729) ERROR 07-28 09:54:36 [multiproc_executor.py:1007]     hidden_states = self._model_forward(
(Worker_DP4_TP1_EP9 pid=395729) ERROR 07-28 09:54:36 [multiproc_executor.py:1007]                     ^^^^^^^^^^^^^^^^^^^^
(Worker_DP4_TP1_EP9 pid=395729) ERROR 07-28 09:54:36 [multiproc_executor.py:1007]   File "/home/l00838859/cann/my-project/vllm-ascend/vllm_ascend/worker/model_runner_v1.py", line 2915, in _model_forward
(Worker_DP4_TP1_EP9 pid=395729) ERROR 07-28 09:54:36 [multiproc_executor.py:1007]     hidden_states = run_model()
(Worker_DP4_TP1_EP9 pid=395729) ERROR 07-28 09:54:36 [multiproc_executor.py:1007]                     ^^^^^^^^^^^
(Worker_DP4_TP1_EP9 pid=395729) ERROR 07-28 09:54:36 [multiproc_executor.py:1007]   File "/home/l00838859/cann/my-project/vllm-ascend/vllm_ascend/compilation/acl_graph.py", line 281, in __call__
(Worker_DP4_TP1_EP9 pid=395729) ERROR 07-28 09:54:36 [multiproc_executor.py:1007]     torch.npu.current_stream().synchronize()
(Worker_DP4_TP1_EP9 pid=395729) ERROR 07-28 09:54:36 [multiproc_executor.py:1007]   File "/usr/local/lib/python3.11/site-packages/torch_npu/npu/streams.py", line 85, in synchronize
(Worker_DP4_TP1_EP9 pid=395729) ERROR 07-28 09:54:36 [multiproc_executor.py:1007]     super(Stream, self).synchronize()
(Worker_DP4_TP1_EP9 pid=395729) ERROR 07-28 09:54:36 [multiproc_executor.py:1007] RuntimeError: synchronize:../torch_npu/csrc/core/npu/NPUStream.cpp:361 NPU function error: c10_npu::acl::AclrtSynchronizeStreamWithTimeout(stream()), error code is 507011
(Worker_DP4_TP1_EP9 pid=395729) ERROR 07-28 09:54:36 [multiproc_executor.py:1007] [ERROR] 2026-07-28-09:54:36 (PID:395729, Device:9, RankID:-1) ERR00100 PTA call acl api failed
(Worker_DP4_TP1_EP9 pid=395729) ERROR 07-28 09:54:36 [multiproc_executor.py:1007] [Error]: Model execution failed. 
(Worker_DP4_TP1_EP9 pid=395729) ERROR 07-28 09:54:36 [multiproc_executor.py:1007]         Rectify the fault based on the error information in the ascend log.
(Worker_DP4_TP1_EP9 pid=395729) ERROR 07-28 09:54:36 [multiproc_executor.py:1007] [PID: 395729] 2026-07-28-09:54:36.630.505 Execution_Error_SDMA(EI0012): SDMA memory copy task exception occurred. Remote rank: [0]. Base information: [streamID:[81], taskID[1], taskType[Task AIV], tag[], AlgType(level 0-1-2):[ring-ring-ring].]. Task information: [cmdType:[6], tag:[5], size:[688128], numBlocks:[8], rankSize:[2], aivRdmaStep:[-1], flagMem:[0x130f61a00000], isOpbase:[0]
(Worker_DP4_TP1_EP9 pid=395729) ERROR 07-28 09:54:36 [multiproc_executor.py:1007] there are 7 abnormal device(s), only the first 3 devices are listed:
(Worker_DP4_TP1_EP9 pid=395729) ERROR 07-28 09:54:36 [multiproc_executor.py:1007] 	[TaskExecStage][HeartbeatAbnormal]Cluster Exception Location[IP/ID]:[10.10.1.44/11], Arrival Time:[Tue Jul 28 09:52:57 2026], ExceptionType:[Stuck Occurred], Possible Reason:1.Host process is stuck, 2.Device task is stuck
(Worker_DP4_TP1_EP9 pid=395729) ERROR 07-28 09:54:36 [multiproc_executor.py:1007] 	[TaskExecStage][HeartbeatAbnormal]Cluster Exception Location[IP/ID]:[10.10.1.44/9], Arrival Time:[Tue Jul 28 09:52:57 2026], ExceptionType:[Stuck Occurred], Possible Reason:1.Host process is stuck, 2.Device task is stuck
(Worker_DP4_TP1_EP9 pid=395729) ERROR 07-28 09:54:36 [multiproc_executor.py:1007] 	[TaskExecStage][HeartbeatAbnormal]Cluster Exception Location[IP/ID]:[10.10.1.44/1], Arrival Time:[Tue Jul 28 09:52:57 2026], ExceptionType:[Stuck Occurred], Possible Reason:1.Host process is stuck, 2.Device task is stuck
(Worker_DP4_TP1_EP9 pid=395729) ERROR 07-28 09:54:36 [multiproc_executor.py:1007] ]. Communicator information: [].
(Worker_DP4_TP1_EP9 pid=395729) ERROR 07-28 09:54:36 [multiproc_executor.py:1007]         Possible Cause: 1. Network connection exception occurred during the SDMA task execution. 2. The peer process exits abnormally. 3. The input or output memory address is not allocated, the actual allocated size is smaller than the input data size, or the memory is freed before the operator execution is complete.
(Worker_DP4_TP1_EP9 pid=395729) ERROR 07-28 09:54:36 [multiproc_executor.py:1007]         Solution: 1. Check whether the network link is abnormal during the execution. 2. Check whether a process in the cluster exits before an error is reported. If yes, locate the cause of the process exit. 3. Check whether the size of the input/output memory passed to the communication operator meets the expectation, and whether the input/output memory or communicator is freed or destroyed before the operator execution is complete.
(Worker_DP4_TP1_EP9 pid=395729) ERROR 07-28 09:54:36 [multiproc_executor.py:1007]         TraceBack (most recent call last):
(Worker_DP4_TP1_EP9 pid=395729) ERROR 07-28 09:54:36 [multiproc_executor.py:1007]         The error from device(chipId:4, dieId:1), serial number is 21, there is an exception of aivec error, core id is 13, error code = 0, dump info: pc start: 0x12c0de87ba0c, current: 0x12c0de89f0c4, vec error info: 0xad00000cfe, mte error info: 0xf603067c6e, ifu error info: 0x20001bdc5ce00, ccu error info: 0xfdecede96880003f, cube error info: 0, biu error info: 0, aic error mask: 0x6500020bd00028c, para base: 0x12c142119000.[FUNC:PrintCoreInfo][FILE:device_error_core_proc.cc][LINE:645]
(Worker_DP4_TP1_EP9 pid=395729) ERROR 07-28 09:54:36 [multiproc_executor.py:1007]         The extend info: errcode:(0, 0, 0) errorStr: timeout or trap error. fixp_error0 info: 0x3067c6e, fixp_error1 info: 0xf6, fsmId:0, tslot:4, thread:0, ctxid:0, blk:5, sublk:0, subErrType:4.[FUNC:PrintCoreInfo][FILE:device_error_core_proc.cc][LINE:658]
(Worker_DP4_TP1_EP9 pid=395729) ERROR 07-28 09:54:36 [multiproc_executor.py:1007]         The error from device(chipId:4, dieId:1), serial number is 21, there is an exception of aivec error, core id is 14, error code = 0, dump info: pc start: 0x12c0de87ba0c, current: 0x12c0de89f0c4, vec error info: 0xad00000cfe, mte error info: 0xf603068c6e, ifu error info: 0x2000400080f80, ccu error info: 0xfdecede96880003f, cube error info: 0, biu error info: 0, aic error mask: 0x6500020bd00028c, para base: 0x12c142119000.[FUNC:PrintCoreInfo][FILE:device_error_core_proc.cc][LINE:645]
(Worker_DP4_TP1_EP9 pid=395729) ERROR 07-28 09:54:36 [multiproc_executor.py:1007]         The extend info: errcode:(0, 0, 0) errorStr: timeout or trap error. fixp_error0 info: 0x3068c6e, fixp_error1 info: 0xf6, fsmId:0, tslot:4, thread:0, ctxid:0, blk:6, sublk:0, subErrType:4.[FUNC:PrintCoreInfo][FILE:device_error_core_proc.cc][LINE:658]
(Worker_DP4_TP1_EP9 pid=395729) ERROR 07-28 09:54:36 [multiproc_executor.py:1007]         The error from device(chipId:4, dieId:1), serial number is 21, there is an exception of aivec error, core id is 15, error code = 0, dump info: pc start: 0x12c0de87ba0c, current: 0x12c0de89f0c4, vec error info: 0xad00000cfe, mte error info: 0x4e060000c7, ifu error info: 0x217ffbe014040, ccu error info: 0xfdecede96880003f, cube error info: 0, biu error info: 0, aic error mask: 0x6500020bd00028c, para base: 0x12c142119000.[FUNC:PrintCoreInfo][FILE:device_error_core_proc.cc][LINE:645]
(Worker_DP4_TP1_EP9 pid=395729) ERROR 07-28 09:54:36 [multiproc_executor.py:1007]         The extend info: errcode:(0, 0, 0) errorStr: timeout or trap error. fixp_error0 info: 0x60000c7, fixp_error1 info: 0x4e, fsmId:0, tslot:4, thread:0, ctxid:0, blk:7, sublk:0, subErrType:4.[FUNC:PrintCoreInfo][FILE:device_error_core_proc.cc][LINE:658]
(Worker_DP4_TP1_EP9 pid=395729) ERROR 07-28 09:54:36 [multiproc_executor.py:1007]         The error from device(chipId:4, dieId:1), serial number is 21, there is an exception of aivec error, core id is 12, error code = 0, dump info: pc start: 0x12c0de87ba0c, current: 0x12c0de89f0c4, vec error info: 0xad00000cfe, mte error info: 0x50000000fe, ifu error info: 0x20001bdc5c100, ccu error info: 0xfdecede96880003f, cube error info: 0, biu error info: 0, aic error mask: 0x6500020bd00028c, para base: 0x12c142119000.[FUNC:PrintCoreInfo][FILE:device_error_core_proc.cc][LINE:645]
(Worker_DP4_TP1_EP9 pid=395729) ERROR 07-28 09:54:36 [multiproc_executor.py:1007]         The extend info: errcode:(0, 0, 0) errorStr: timeout or trap error. fixp_error0 info: 0xfe, fixp_error1 info: 0x50, fsmId:1, tslot:4, thread:0, ctxid:0, blk:4, sublk:0, subErrType:4.[FUNC:PrintCoreInfo][FILE:device_error_core_proc.cc][LINE:658]
(Worker_DP4_TP1_EP9 pid=395729) ERROR 07-28 09:54:36 [multiproc_executor.py:1007]         SDMA memory copy task exception occurred. Remote rank: [0]. Base information: [streamID:[81], taskID[1], taskType[Task AIV], tag[], AlgType(level 0-1-2):[ring-ring-ring].]. Task information: [cmdType:[6], tag:[5], size:[688128], numBlocks:[8], rankSize:[2], aivRdmaStep:[-1], flagMem:[0x130f61a00000], isOpbase:[0]
(Worker_DP4_TP1_EP9 pid=395729) ERROR 07-28 09:54:36 [multiproc_executor.py:1007] there are 7 abnormal device(s), only the first 3 devices are listed:
(Worker_DP4_TP1_EP9 pid=395729) ERROR 07-28 09:54:36 [multiproc_executor.py:1007] 	[TaskExecStage][HeartbeatAbnormal]Cluster Exception Location[IP/ID]:[10.10.1.44/11], Arrival Time:[Tue Jul 28 09:52:57 2026], ExceptionType:[Stuck Occurred], Possible Reason:1.Host process is stuck, 2.Device task is stuck
(Worker_DP4_TP1_EP9 pid=395729) ERROR 07-28 09:54:36 [multiproc_executor.py:1007] 	[TaskExecStage][HeartbeatAbnormal]Cluster Exception Location[IP/ID]:[10.10.1.44/9], Arrival Time:[Tue Jul 28 09:52:57 2026], ExceptionType:[Stuck Occurred], Possible Reason:1.Host process is stuck, 2.Device task is stuck
(Worker_DP4_TP1_EP9 pid=395729) ERROR 07-28 09:54:36 [multiproc_executor.py:1007] 	[TaskExecStage][HeartbeatAbnormal]Cluster Exception Location[IP/ID]:[10.10.1.44/1], Arrival Time:[Tue Jul 28 09:52:57 2026], ExceptionType:[Stuck Occurred], Possible Reason:1.Host process is stuck, 2.Device task is stuck
(Worker_DP4_TP1_EP9 pid=395729) ERROR 07-28 09:54:36 [multiproc_executor.py:1007] ]. Communicator information: [].
(Worker_DP4_TP1_EP9 pid=395729) ERROR 07-28 09:54:36 [multiproc_executor.py:1007]         rtStreamSynchronizeWithTimeout execution failed, reason=the model stream execute failed[FUNC:FuncErrorReason][FILE:error_message_manage.cc][LINE:65]
(Worker_DP4_TP1_EP9 pid=395729) ERROR 07-28 09:54:36 [multiproc_executor.py:1007]         synchronize stream with timeout failed, runtime result = 507011[FUNC:ReportCallError][FILE:log_inner.cpp][LINE:148]
(Worker_DP4_TP1_EP9 pid=395729) ERROR 07-28 09:54:36 [multiproc_executor.py:1007] 
(Worker_DP4_TP1_EP9 pid=395729) ERROR 07-28 09:54:36 [multiproc_executor.py:1007] Traceback (most recent call last):
(Worker_DP4_TP1_EP9 pid=395729) ERROR 07-28 09:54:36 [multiproc_executor.py:1007]   File "/home/l00838859/cann/my-project/vllm/vllm/v1/executor/multiproc_executor.py", line 999, in worker_busy_loop
(Worker_DP4_TP1_EP9 pid=395729) ERROR 07-28 09:54:36 [multiproc_executor.py:1007]     output = func(*args, **kwargs)
(Worker_DP4_TP1_EP9 pid=395729) ERROR 07-28 09:54:36 [multiproc_executor.py:1007]              ^^^^^^^^^^^^^^^^^^^^^
(Worker_DP4_TP1_EP9 pid=395729) ERROR 07-28 09:54:36 [multiproc_executor.py:1007]   File "/home/l00838859/cann/my-project/vllm/vllm/v1/worker/worker_base.py", line 351, in execute_model
(Worker_DP4_TP1_EP9 pid=395729) ERROR 07-28 09:54:36 [multiproc_executor.py:1007]     return self.worker.execute_model(scheduler_output)
(Worker_DP4_TP1_EP9 pid=395729) ERROR 07-28 09:54:36 [multiproc_executor.py:1007]            ^^^^^^^^^^^^^^^^^^^^^^^^^^^^^^^^^^^^^^^^^^^
(Worker_DP4_TP1_EP9 pid=395729) ERROR 07-28 09:54:36 [multiproc_executor.py:1007]   File "/home/l00838859/cann/my-project/vllm-ascend/vllm_ascend/worker/worker.py", line 685, in execute_model
(Worker_DP4_TP1_EP9 pid=395729) ERROR 07-28 09:54:36 [multiproc_executor.py:1007]     output = self.model_runner.execute_model(scheduler_output, intermediate_tensors)
(Worker_DP4_TP1_EP9 pid=395729) ERROR 07-28 09:54:36 [multiproc_executor.py:1007]              ^^^^^^^^^^^^^^^^^^^^^^^^^^^^^^^^^^^^^^^^^^^^^^^^^^^^^^^^^^^^^^^^^^^^^^^
(Worker_DP4_TP1_EP9 pid=395729) ERROR 07-28 09:54:36 [multiproc_executor.py:1007]   File "/usr/local/lib/python3.11/site-packages/torch/utils/_contextlib.py", line 124, in decorate_context
(Worker_DP4_TP1_EP9 pid=395729) ERROR 07-28 09:54:36 [multiproc_executor.py:1007]     return func(*args, **kwargs)
(Worker_DP4_TP1_EP9 pid=395729) ERROR 07-28 09:54:36 [multiproc_executor.py:1007]            ^^^^^^^^^^^^^^^^^^^^^
(Worker_DP4_TP1_EP9 pid=395729) ERROR 07-28 09:54:36 [multiproc_executor.py:1007]   File "/home/l00838859/cann/my-project/vllm-ascend/vllm_ascend/worker/model_runner_v1.py", line 2346, in execute_model
(Worker_DP4_TP1_EP9 pid=395729) ERROR 07-28 09:54:36 [multiproc_executor.py:1007]     hidden_states = self._model_forward(
(Worker_DP4_TP1_EP9 pid=395729) ERROR 07-28 09:54:36 [multiproc_executor.py:1007]                     ^^^^^^^^^^^^^^^^^^^^
(Worker_DP4_TP1_EP9 pid=395729) ERROR 07-28 09:54:36 [multiproc_executor.py:1007]   File "/home/l00838859/cann/my-project/vllm-ascend/vllm_ascend/worker/model_runner_v1.py", line 2915, in _model_forward
(Worker_DP4_TP1_EP9 pid=395729) ERROR 07-28 09:54:36 [multiproc_executor.py:1007]     hidden_states = run_model()
(Worker_DP4_TP1_EP9 pid=395729) ERROR 07-28 09:54:36 [multiproc_executor.py:1007]                     ^^^^^^^^^^^
(Worker_DP4_TP1_EP9 pid=395729) ERROR 07-28 09:54:36 [multiproc_executor.py:1007]   File "/home/l00838859/cann/my-project/vllm-ascend/vllm_ascend/compilation/acl_graph.py", line 281, in __call__
(Worker_DP4_TP1_EP9 pid=395729) ERROR 07-28 09:54:36 [multiproc_executor.py:1007]     torch.npu.current_stream().synchronize()
(Worker_DP4_TP1_EP9 pid=395729) ERROR 07-28 09:54:36 [multiproc_executor.py:1007]   File "/usr/local/lib/python3.11/site-packages/torch_npu/npu/streams.py", line 85, in synchronize
(Worker_DP4_TP1_EP9 pid=395729) ERROR 07-28 09:54:36 [multiproc_executor.py:1007]     super(Stream, self).synchronize()
(Worker_DP4_TP1_EP9 pid=395729) ERROR 07-28 09:54:36 [multiproc_executor.py:1007] RuntimeError: synchronize:../torch_npu/csrc/core/npu/NPUStream.cpp:361 NPU function error: c10_npu::acl::AclrtSynchronizeStreamWithTimeout(stream()), error code is 507011
(Worker_DP4_TP1_EP9 pid=395729) ERROR 07-28 09:54:36 [multiproc_executor.py:1007] [ERROR] 2026-07-28-09:54:36 (PID:395729, Device:9, RankID:-1) ERR00100 PTA call acl api failed
(Worker_DP4_TP1_EP9 pid=395729) ERROR 07-28 09:54:36 [multiproc_executor.py:1007] [Error]: Model execution failed. 
(Worker_DP4_TP1_EP9 pid=395729) ERROR 07-28 09:54:36 [multiproc_executor.py:1007]         Rectify the fault based on the error information in the ascend log.
(Worker_DP4_TP1_EP9 pid=395729) ERROR 07-28 09:54:36 [multiproc_executor.py:1007] [PID: 395729] 2026-07-28-09:54:36.630.505 Execution_Error_SDMA(EI0012): SDMA memory copy task exception occurred. Remote rank: [0]. Base information: [streamID:[81], taskID[1], taskType[Task AIV], tag[], AlgType(level 0-1-2):[ring-ring-ring].]. Task information: [cmdType:[6], tag:[5], size:[688128], numBlocks:[8], rankSize:[2], aivRdmaStep:[-1], flagMem:[0x130f61a00000], isOpbase:[0]
(Worker_DP4_TP1_EP9 pid=395729) ERROR 07-28 09:54:36 [multiproc_executor.py:1007] there are 7 abnormal device(s), only the first 3 devices are listed:
(Worker_DP4_TP1_EP9 pid=395729) ERROR 07-28 09:54:36 [multiproc_executor.py:1007] 	[TaskExecStage][HeartbeatAbnormal]Cluster Exception Location[IP/ID]:[10.10.1.44/11], Arrival Time:[Tue Jul 28 09:52:57 2026], ExceptionType:[Stuck Occurred], Possible Reason:1.Host process is stuck, 2.Device task is stuck
(Worker_DP4_TP1_EP9 pid=395729) ERROR 07-28 09:54:36 [multiproc_executor.py:1007] 	[TaskExecStage][HeartbeatAbnormal]Cluster Exception Location[IP/ID]:[10.10.1.44/9], Arrival Time:[Tue Jul 28 09:52:57 2026], ExceptionType:[Stuck Occurred], Possible Reason:1.Host process is stuck, 2.Device task is stuck
(Worker_DP4_TP1_EP9 pid=395729) ERROR 07-28 09:54:36 [multiproc_executor.py:1007] 	[TaskExecStage][HeartbeatAbnormal]Cluster Exception Location[IP/ID]:[10.10.1.44/1], Arrival Time:[Tue Jul 28 09:52:57 2026], ExceptionType:[Stuck Occurred], Possible Reason:1.Host process is stuck, 2.Device task is stuck
(Worker_DP4_TP1_EP9 pid=395729) ERROR 07-28 09:54:36 [multiproc_executor.py:1007] ]. Communicator information: [].
(Worker_DP4_TP1_EP9 pid=395729) ERROR 07-28 09:54:36 [multiproc_executor.py:1007]         Possible Cause: 1. Network connection exception occurred during the SDMA task execution. 2. The peer process exits abnormally. 3. The input or output memory address is not allocated, the actual allocated size is smaller than the input data size, or the memory is freed before the operator execution is complete.
(Worker_DP4_TP1_EP9 pid=395729) ERROR 07-28 09:54:36 [multiproc_executor.py:1007]         Solution: 1. Check whether the network link is abnormal during the execution. 2. Check whether a process in the cluster exits before an error is reported. If yes, locate the cause of the process exit. 3. Check whether the size of the input/output memory passed to the communication operator meets the expectation, and whether the input/output memory or communicator is freed or destroyed before the operator execution is complete.
(Worker_DP4_TP1_EP9 pid=395729) ERROR 07-28 09:54:36 [multiproc_executor.py:1007]         TraceBack (most recent call last):
(Worker_DP4_TP1_EP9 pid=395729) ERROR 07-28 09:54:36 [multiproc_executor.py:1007]         The error from device(chipId:4, dieId:1), serial number is 21, there is an exception of aivec error, core id is 13, error code = 0, dump info: pc start: 0x12c0de87ba0c, current: 0x12c0de89f0c4, vec error info: 0xad00000cfe, mte error info: 0xf603067c6e, ifu error info: 0x20001bdc5ce00, ccu error info: 0xfdecede96880003f, cube error info: 0, biu error info: 0, aic error mask: 0x6500020bd00028c, para base: 0x12c142119000.[FUNC:PrintCoreInfo][FILE:device_error_core_proc.cc][LINE:645]
(Worker_DP4_TP1_EP9 pid=395729) ERROR 07-28 09:54:36 [multiproc_executor.py:1007]         The extend info: errcode:(0, 0, 0) errorStr: timeout or trap error. fixp_error0 info: 0x3067c6e, fixp_error1 info: 0xf6, fsmId:0, tslot:4, thread:0, ctxid:0, blk:5, sublk:0, subErrType:4.[FUNC:PrintCoreInfo][FILE:device_error_core_proc.cc][LINE:658]
(Worker_DP4_TP1_EP9 pid=395729) ERROR 07-28 09:54:36 [multiproc_executor.py:1007]         The error from device(chipId:4, dieId:1), serial number is 21, there is an exception of aivec error, core id is 14, error code = 0, dump info: pc start: 0x12c0de87ba0c, current: 0x12c0de89f0c4, vec error info: 0xad00000cfe, mte error info: 0xf603068c6e, ifu error info: 0x2000400080f80, ccu error info: 0xfdecede96880003f, cube error info: 0, biu error info: 0, aic error mask: 0x6500020bd00028c, para base: 0x12c142119000.[FUNC:PrintCoreInfo][FILE:device_error_core_proc.cc][LINE:645]
(Worker_DP4_TP1_EP9 pid=395729) ERROR 07-28 09:54:36 [multiproc_executor.py:1007]         The extend info: errcode:(0, 0, 0) errorStr: timeout or trap error. fixp_error0 info: 0x3068c6e, fixp_error1 info: 0xf6, fsmId:0, tslot:4, thread:0, ctxid:0, blk:6, sublk:0, subErrType:4.[FUNC:PrintCoreInfo][FILE:device_error_core_proc.cc][LINE:658]
(Worker_DP4_TP1_EP9 pid=395729) ERROR 07-28 09:54:36 [multiproc_executor.py:1007]         The error from device(chipId:4, dieId:1), serial number is 21, there is an exception of aivec error, core id is 15, error code = 0, dump info: pc start: 0x12c0de87ba0c, current: 0x12c0de89f0c4, vec error info: 0xad00000cfe, mte error info: 0x4e060000c7, ifu error info: 0x217ffbe014040, ccu error info: 0xfdecede96880003f, cube error info: 0, biu error info: 0, aic error mask: 0x6500020bd00028c, para base: 0x12c142119000.[FUNC:PrintCoreInfo][FILE:device_error_core_proc.cc][LINE:645]
(Worker_DP4_TP1_EP9 pid=395729) ERROR 07-28 09:54:36 [multiproc_executor.py:1007]         The extend info: errcode:(0, 0, 0) errorStr: timeout or trap error. fixp_error0 info: 0x60000c7, fixp_error1 info: 0x4e, fsmId:0, tslot:4, thread:0, ctxid:0, blk:7, sublk:0, subErrType:4.[FUNC:PrintCoreInfo][FILE:device_error_core_proc.cc][LINE:658]
(Worker_DP4_TP1_EP9 pid=395729) ERROR 07-28 09:54:36 [multiproc_executor.py:1007]         The error from device(chipId:4, dieId:1), serial number is 21, there is an exception of aivec error, core id is 12, error code = 0, dump info: pc start: 0x12c0de87ba0c, current: 0x12c0de89f0c4, vec error info: 0xad00000cfe, mte error info: 0x50000000fe, ifu error info: 0x20001bdc5c100, ccu error info: 0xfdecede96880003f, cube error info: 0, biu error info: 0, aic error mask: 0x6500020bd00028c, para base: 0x12c142119000.[FUNC:PrintCoreInfo][FILE:device_error_core_proc.cc][LINE:645]
(Worker_DP4_TP1_EP9 pid=395729) ERROR 07-28 09:54:36 [multiproc_executor.py:1007]         The extend info: errcode:(0, 0, 0) errorStr: timeout or trap error. fixp_error0 info: 0xfe, fixp_error1 info: 0x50, fsmId:1, tslot:4, thread:0, ctxid:0, blk:4, sublk:0, subErrType:4.[FUNC:PrintCoreInfo][FILE:device_error_core_proc.cc][LINE:658]
(Worker_DP4_TP1_EP9 pid=395729) ERROR 07-28 09:54:36 [multiproc_executor.py:1007]         SDMA memory copy task exception occurred. Remote rank: [0]. Base information: [streamID:[81], taskID[1], taskType[Task AIV], tag[], AlgType(level 0-1-2):[ring-ring-ring].]. Task information: [cmdType:[6], tag:[5], size:[688128], numBlocks:[8], rankSize:[2], aivRdmaStep:[-1], flagMem:[0x130f61a00000], isOpbase:[0]
(Worker_DP4_TP1_EP9 pid=395729) ERROR 07-28 09:54:36 [multiproc_executor.py:1007] there are 7 abnormal device(s), only the first 3 devices are listed:
(Worker_DP4_TP1_EP9 pid=395729) ERROR 07-28 09:54:36 [multiproc_executor.py:1007] 	[TaskExecStage][HeartbeatAbnormal]Cluster Exception Location[IP/ID]:[10.10.1.44/11], Arrival Time:[Tue Jul 28 09:52:57 2026], ExceptionType:[Stuck Occurred], Possible Reason:1.Host process is stuck, 2.Device task is stuck
(Worker_DP4_TP1_EP9 pid=395729) ERROR 07-28 09:54:36 [multiproc_executor.py:1007] 	[TaskExecStage][HeartbeatAbnormal]Cluster Exception Location[IP/ID]:[10.10.1.44/9], Arrival Time:[Tue Jul 28 09:52:57 2026], ExceptionType:[Stuck Occurred], Possible Reason:1.Host process is stuck, 2.Device task is stuck
(Worker_DP4_TP1_EP9 pid=395729) ERROR 07-28 09:54:36 [multiproc_executor.py:1007] 	[TaskExecStage][HeartbeatAbnormal]Cluster Exception Location[IP/ID]:[10.10.1.44/1], Arrival Time:[Tue Jul 28 09:52:57 2026], ExceptionType:[Stuck Occurred], Possible Reason:1.Host process is stuck, 2.Device task is stuck
(Worker_DP4_TP1_EP9 pid=395729) ERROR 07-28 09:54:36 [multiproc_executor.py:1007] ]. Communicator information: [].
(Worker_DP4_TP1_EP9 pid=395729) ERROR 07-28 09:54:36 [multiproc_executor.py:1007]         rtStreamSynchronizeWithTimeout execution failed, reason=the model stream execute failed[FUNC:FuncErrorReason][FILE:error_message_manage.cc][LINE:65]
(Worker_DP4_TP1_EP9 pid=395729) ERROR 07-28 09:54:36 [multiproc_executor.py:1007]         synchronize stream with timeout failed, runtime result = 507011[FUNC:ReportCallError][FILE:log_inner.cpp][LINE:148]
(Worker_DP4_TP1_EP9 pid=395729) ERROR 07-28 09:54:36 [multiproc_executor.py:1007] 
(Worker_DP4_TP1_EP9 pid=395729) ERROR 07-28 09:54:36 [multiproc_executor.py:1007] 
(Worker_DP0_TP0_EP0 pid=395300) ERROR 07-28 09:54:36 [multiproc_executor.py:1007] WorkerProc hit an exception.
(Worker_DP0_TP0_EP0 pid=395300) ERROR 07-28 09:54:36 [multiproc_executor.py:1007] Traceback (most recent call last):
(Worker_DP0_TP0_EP0 pid=395300) ERROR 07-28 09:54:36 [multiproc_executor.py:1007]   File "/home/l00838859/cann/my-project/vllm/vllm/v1/executor/multiproc_executor.py", line 999, in worker_busy_loop
(Worker_DP0_TP0_EP0 pid=395300) ERROR 07-28 09:54:36 [multiproc_executor.py:1007]     output = func(*args, **kwargs)
(Worker_DP0_TP0_EP0 pid=395300) ERROR 07-28 09:54:36 [multiproc_executor.py:1007]              ^^^^^^^^^^^^^^^^^^^^^
(Worker_DP0_TP0_EP0 pid=395300) ERROR 07-28 09:54:36 [multiproc_executor.py:1007]   File "/home/l00838859/cann/my-project/vllm/vllm/v1/worker/worker_base.py", line 351, in execute_model
(Worker_DP0_TP0_EP0 pid=395300) ERROR 07-28 09:54:36 [multiproc_executor.py:1007]     return self.worker.execute_model(scheduler_output)
(Worker_DP0_TP0_EP0 pid=395300) ERROR 07-28 09:54:36 [multiproc_executor.py:1007]            ^^^^^^^^^^^^^^^^^^^^^^^^^^^^^^^^^^^^^^^^^^^
(Worker_DP0_TP0_EP0 pid=395300) ERROR 07-28 09:54:36 [multiproc_executor.py:1007]   File "/home/l00838859/cann/my-project/vllm-ascend/vllm_ascend/worker/worker.py", line 685, in execute_model
(Worker_DP0_TP0_EP0 pid=395300) ERROR 07-28 09:54:36 [multiproc_executor.py:1007]     output = self.model_runner.execute_model(scheduler_output, intermediate_tensors)
(Worker_DP0_TP0_EP0 pid=395300) ERROR 07-28 09:54:36 [multiproc_executor.py:1007]              ^^^^^^^^^^^^^^^^^^^^^^^^^^^^^^^^^^^^^^^^^^^^^^^^^^^^^^^^^^^^^^^^^^^^^^^
(Worker_DP0_TP0_EP0 pid=395300) ERROR 07-28 09:54:36 [multiproc_executor.py:1007]   File "/usr/local/lib/python3.11/site-packages/torch/utils/_contextlib.py", line 124, in decorate_context
(Worker_DP0_TP0_EP0 pid=395300) ERROR 07-28 09:54:36 [multiproc_executor.py:1007]     return func(*args, **kwargs)
(Worker_DP0_TP0_EP0 pid=395300) ERROR 07-28 09:54:36 [multiproc_executor.py:1007]            ^^^^^^^^^^^^^^^^^^^^^
(Worker_DP0_TP0_EP0 pid=395300) ERROR 07-28 09:54:36 [multiproc_executor.py:1007]   File "/home/l00838859/cann/my-project/vllm-ascend/vllm_ascend/worker/model_runner_v1.py", line 2346, in execute_model
(Worker_DP0_TP0_EP0 pid=395300) ERROR 07-28 09:54:36 [multiproc_executor.py:1007]     hidden_states = self._model_forward(
(Worker_DP0_TP0_EP0 pid=395300) ERROR 07-28 09:54:36 [multiproc_executor.py:1007]                     ^^^^^^^^^^^^^^^^^^^^
(Worker_DP0_TP0_EP0 pid=395300) ERROR 07-28 09:54:36 [multiproc_executor.py:1007]   File "/home/l00838859/cann/my-project/vllm-ascend/vllm_ascend/worker/model_runner_v1.py", line 2915, in _model_forward
(Worker_DP0_TP0_EP0 pid=395300) ERROR 07-28 09:54:36 [multiproc_executor.py:1007]     hidden_states = run_model()
(Worker_DP0_TP0_EP0 pid=395300) ERROR 07-28 09:54:36 [multiproc_executor.py:1007]                     ^^^^^^^^^^^
(Worker_DP0_TP0_EP0 pid=395300) ERROR 07-28 09:54:36 [multiproc_executor.py:1007]   File "/home/l00838859/cann/my-project/vllm-ascend/vllm_ascend/compilation/acl_graph.py", line 281, in __call__
(Worker_DP0_TP0_EP0 pid=395300) ERROR 07-28 09:54:36 [multiproc_executor.py:1007]     torch.npu.current_stream().synchronize()
(Worker_DP0_TP0_EP0 pid=395300) ERROR 07-28 09:54:36 [multiproc_executor.py:1007]   File "/usr/local/lib/python3.11/site-packages/torch_npu/npu/streams.py", line 85, in synchronize
(Worker_DP0_TP0_EP0 pid=395300) ERROR 07-28 09:54:36 [multiproc_executor.py:1007]     super(Stream, self).synchronize()
(Worker_DP0_TP0_EP0 pid=395300) ERROR 07-28 09:54:36 [multiproc_executor.py:1007] RuntimeError: synchronize:../torch_npu/csrc/core/npu/NPUStream.cpp:361 NPU function error: c10_npu::acl::AclrtSynchronizeStreamWithTimeout(stream()), error code is 507011
(Worker_DP0_TP0_EP0 pid=395300) ERROR 07-28 09:54:36 [multiproc_executor.py:1007] [ERROR] 2026-07-28-09:54:36 (PID:395300, Device:0, RankID:-1) ERR00100 PTA call acl api failed
(Worker_DP0_TP0_EP0 pid=395300) ERROR 07-28 09:54:36 [multiproc_executor.py:1007] [Error]: Model execution failed. 
(Worker_DP0_TP0_EP0 pid=395300) ERROR 07-28 09:54:36 [multiproc_executor.py:1007]         Rectify the fault based on the error information in the ascend log.
(Worker_DP0_TP0_EP0 pid=395300) ERROR 07-28 09:54:36 [multiproc_executor.py:1007] EE9999: Inner Error!
(Worker_DP0_TP0_EP0 pid=395300) ERROR 07-28 09:54:36 [multiproc_executor.py:1007] EE9999[PID: 395300] 2026-07-28-09:54:36.630.712 (EE9999):  rtStreamSynchronizeWithTimeout execution failed, reason=the model stream execute failed[FUNC:FuncErrorReason][FILE:error_message_manage.cc][LINE:65]
(Worker_DP0_TP0_EP0 pid=395300) ERROR 07-28 09:54:36 [multiproc_executor.py:1007]         TraceBack (most recent call last):
(Worker_DP0_TP0_EP0 pid=395300) ERROR 07-28 09:54:36 [multiproc_executor.py:1007]        synchronize stream with timeout failed, runtime result = 507011[FUNC:ReportCallError][FILE:log_inner.cpp][LINE:148]
(Worker_DP0_TP0_EP0 pid=395300) ERROR 07-28 09:54:36 [multiproc_executor.py:1007] 
(Worker_DP0_TP0_EP0 pid=395300) ERROR 07-28 09:54:36 [multiproc_executor.py:1007] Traceback (most recent call last):
(Worker_DP0_TP0_EP0 pid=395300) ERROR 07-28 09:54:36 [multiproc_executor.py:1007]   File "/home/l00838859/cann/my-project/vllm/vllm/v1/executor/multiproc_executor.py", line 999, in worker_busy_loop
(Worker_DP0_TP0_EP0 pid=395300) ERROR 07-28 09:54:36 [multiproc_executor.py:1007]     output = func(*args, **kwargs)
(Worker_DP0_TP0_EP0 pid=395300) ERROR 07-28 09:54:36 [multiproc_executor.py:1007]              ^^^^^^^^^^^^^^^^^^^^^
(Worker_DP0_TP0_EP0 pid=395300) ERROR 07-28 09:54:36 [multiproc_executor.py:1007]   File "/home/l00838859/cann/my-project/vllm/vllm/v1/worker/worker_base.py", line 351, in execute_model
(Worker_DP0_TP0_EP0 pid=395300) ERROR 07-28 09:54:36 [multiproc_executor.py:1007]     return self.worker.execute_model(scheduler_output)
(Worker_DP0_TP0_EP0 pid=395300) ERROR 07-28 09:54:36 [multiproc_executor.py:1007]            ^^^^^^^^^^^^^^^^^^^^^^^^^^^^^^^^^^^^^^^^^^^
(Worker_DP0_TP0_EP0 pid=395300) ERROR 07-28 09:54:36 [multiproc_executor.py:1007]   File "/home/l00838859/cann/my-project/vllm-ascend/vllm_ascend/worker/worker.py", line 685, in execute_model
(Worker_DP0_TP0_EP0 pid=395300) ERROR 07-28 09:54:36 [multiproc_executor.py:1007]     output = self.model_runner.execute_model(scheduler_output, intermediate_tensors)
(Worker_DP0_TP0_EP0 pid=395300) ERROR 07-28 09:54:36 [multiproc_executor.py:1007]              ^^^^^^^^^^^^^^^^^^^^^^^^^^^^^^^^^^^^^^^^^^^^^^^^^^^^^^^^^^^^^^^^^^^^^^^
(Worker_DP0_TP0_EP0 pid=395300) ERROR 07-28 09:54:36 [multiproc_executor.py:1007]   File "/usr/local/lib/python3.11/site-packages/torch/utils/_contextlib.py", line 124, in decorate_context
(Worker_DP0_TP0_EP0 pid=395300) ERROR 07-28 09:54:36 [multiproc_executor.py:1007]     return func(*args, **kwargs)
(Worker_DP0_TP0_EP0 pid=395300) ERROR 07-28 09:54:36 [multiproc_executor.py:1007]            ^^^^^^^^^^^^^^^^^^^^^
(Worker_DP0_TP0_EP0 pid=395300) ERROR 07-28 09:54:36 [multiproc_executor.py:1007]   File "/home/l00838859/cann/my-project/vllm-ascend/vllm_ascend/worker/model_runner_v1.py", line 2346, in execute_model
(Worker_DP0_TP0_EP0 pid=395300) ERROR 07-28 09:54:36 [multiproc_executor.py:1007]     hidden_states = self._model_forward(
(Worker_DP0_TP0_EP0 pid=395300) ERROR 07-28 09:54:36 [multiproc_executor.py:1007]                     ^^^^^^^^^^^^^^^^^^^^
(Worker_DP0_TP0_EP0 pid=395300) ERROR 07-28 09:54:36 [multiproc_executor.py:1007]   File "/home/l00838859/cann/my-project/vllm-ascend/vllm_ascend/worker/model_runner_v1.py", line 2915, in _model_forward
(Worker_DP0_TP0_EP0 pid=395300) ERROR 07-28 09:54:36 [multiproc_executor.py:1007]     hidden_states = run_model()
(Worker_DP0_TP0_EP0 pid=395300) ERROR 07-28 09:54:36 [multiproc_executor.py:1007]                     ^^^^^^^^^^^
(Worker_DP0_TP0_EP0 pid=395300) ERROR 07-28 09:54:36 [multiproc_executor.py:1007]   File "/home/l00838859/cann/my-project/vllm-ascend/vllm_ascend/compilation/acl_graph.py", line 281, in __call__
(Worker_DP0_TP0_EP0 pid=395300) ERROR 07-28 09:54:36 [multiproc_executor.py:1007]     torch.npu.current_stream().synchronize()
(Worker_DP0_TP0_EP0 pid=395300) ERROR 07-28 09:54:36 [multiproc_executor.py:1007]   File "/usr/local/lib/python3.11/site-packages/torch_npu/npu/streams.py", line 85, in synchronize
(Worker_DP0_TP0_EP0 pid=395300) ERROR 07-28 09:54:36 [multiproc_executor.py:1007]     super(Stream, self).synchronize()
(Worker_DP0_TP0_EP0 pid=395300) ERROR 07-28 09:54:36 [multiproc_executor.py:1007] RuntimeError: synchronize:../torch_npu/csrc/core/npu/NPUStream.cpp:361 NPU function error: c10_npu::acl::AclrtSynchronizeStreamWithTimeout(stream()), error code is 507011
(Worker_DP0_TP0_EP0 pid=395300) ERROR 07-28 09:54:36 [multiproc_executor.py:1007] [ERROR] 2026-07-28-09:54:36 (PID:395300, Device:0, RankID:-1) ERR00100 PTA call acl api failed
(Worker_DP0_TP0_EP0 pid=395300) ERROR 07-28 09:54:36 [multiproc_executor.py:1007] [Error]: Model execution failed. 
(Worker_DP0_TP0_EP0 pid=395300) ERROR 07-28 09:54:36 [multiproc_executor.py:1007]         Rectify the fault based on the error information in the ascend log.
(Worker_DP0_TP0_EP0 pid=395300) ERROR 07-28 09:54:36 [multiproc_executor.py:1007] EE9999: Inner Error!
(Worker_DP0_TP0_EP0 pid=395300) ERROR 07-28 09:54:36 [multiproc_executor.py:1007] EE9999[PID: 395300] 2026-07-28-09:54:36.630.712 (EE9999):  rtStreamSynchronizeWithTimeout execution failed, reason=the model stream execute failed[FUNC:FuncErrorReason][FILE:error_message_manage.cc][LINE:65]
(Worker_DP0_TP0_EP0 pid=395300) ERROR 07-28 09:54:36 [multiproc_executor.py:1007]         TraceBack (most recent call last):
(Worker_DP0_TP0_EP0 pid=395300) ERROR 07-28 09:54:36 [multiproc_executor.py:1007]        synchronize stream with timeout failed, runtime result = 507011[FUNC:ReportCallError][FILE:log_inner.cpp][LINE:148]
(Worker_DP0_TP0_EP0 pid=395300) ERROR 07-28 09:54:36 [multiproc_executor.py:1007] 
(Worker_DP0_TP0_EP0 pid=395300) ERROR 07-28 09:54:36 [multiproc_executor.py:1007] 
(Worker_DP3_TP0_EP6 pid=395299) ERROR 07-28 09:54:36 [multiproc_executor.py:948] Error getting async model runner output
(Worker_DP3_TP0_EP6 pid=395299) ERROR 07-28 09:54:36 [multiproc_executor.py:948] Traceback (most recent call last):
(Worker_DP3_TP0_EP6 pid=395299) ERROR 07-28 09:54:36 [multiproc_executor.py:948]   File "/home/l00838859/cann/my-project/vllm/vllm/v1/executor/multiproc_executor.py", line 946, in enqueue_output
(Worker_DP3_TP0_EP6 pid=395299) ERROR 07-28 09:54:36 [multiproc_executor.py:948]     output = output.get_output()
(Worker_DP3_TP0_EP6 pid=395299) ERROR 07-28 09:54:36 [multiproc_executor.py:948]              ^^^^^^^^^^^^^^^^^^^
(Worker_DP3_TP0_EP6 pid=395299) ERROR 07-28 09:54:36 [multiproc_executor.py:948]   File "/home/l00838859/cann/my-project/vllm/vllm/v1/worker/gpu_model_runner.py", line 305, in get_output
(Worker_DP3_TP0_EP6 pid=395299) ERROR 07-28 09:54:36 [multiproc_executor.py:948]     self.async_copy_ready_event.synchronize()
(Worker_DP3_TP0_EP6 pid=395299) ERROR 07-28 09:54:36 [multiproc_executor.py:948]   File "/usr/local/lib/python3.11/site-packages/torch_npu/npu/streams.py", line 192, in synchronize
(Worker_DP3_TP0_EP6 pid=395299) ERROR 07-28 09:54:36 [multiproc_executor.py:948]     super(Event, self).synchronize()
(Worker_DP3_TP0_EP6 pid=395299) ERROR 07-28 09:54:36 [multiproc_executor.py:948] RuntimeError: synchronize:../torch_npu/csrc/core/npu/NPUEvent.cpp:212 NPU function error: aclrtSynchronizeEvent(event_), error code is 507011
(Worker_DP3_TP0_EP6 pid=395299) ERROR 07-28 09:54:36 [multiproc_executor.py:948] [ERROR] 2026-07-28-09:54:36 (PID:395299, Device:6, RankID:-1) ERR00100 PTA call acl api failed
(Worker_DP3_TP0_EP6 pid=395299) ERROR 07-28 09:54:36 [multiproc_executor.py:948] [Error]: Model execution failed. 
(Worker_DP3_TP0_EP6 pid=395299) ERROR 07-28 09:54:36 [multiproc_executor.py:948]         Rectify the fault based on the error information in the ascend log.
(Worker_DP3_TP0_EP6 pid=395299) ERROR 07-28 09:54:36 [multiproc_executor.py:948] [PID: 395299] 2026-07-28-09:54:36.630.636 Execution_Error_SDMA(EI0012): SDMA memory copy task exception occurred. Remote rank: [0]. Base information: [streamID:[81], taskID[1], taskType[Task AIV], tag[], AlgType(level 0-1-2):[ring-ring-ring].]. Task information: [cmdType:[6], tag:[5], size:[688128], numBlocks:[8], rankSize:[2], aivRdmaStep:[-1], flagMem:[0x130f61a00000], isOpbase:[0]
(Worker_DP3_TP0_EP6 pid=395299) ERROR 07-28 09:54:36 [multiproc_executor.py:948] there are 5 abnormal device(s), only the first 3 devices are listed:
(Worker_DP3_TP0_EP6 pid=395299) ERROR 07-28 09:54:36 [multiproc_executor.py:948] 	[TaskExecStage][HeartbeatAbnormal]Cluster Exception Location[IP/ID]:[10.10.1.44/4], Arrival Time:[Tue Jul 28 09:52:57 2026], ExceptionType:[Stuck Occurred], Possible Reason:1.Host process is stuck, 2.Device task is stuck
(Worker_DP3_TP0_EP6 pid=395299) ERROR 07-28 09:54:36 [multiproc_executor.py:948] 	[TaskExecStage][HeartbeatAbnormal]Cluster Exception Location[IP/ID]:[10.10.1.44/13], Arrival Time:[Tue Jul 28 09:52:57 2026], ExceptionType:[Stuck Occurred], Possible Reason:1.Host process is stuck, 2.Device task is stuck
(Worker_DP3_TP0_EP6 pid=395299) ERROR 07-28 09:54:36 [multiproc_executor.py:948] 	[TaskExecStage][HeartbeatAbnormal]Cluster Exception Location[IP/ID]:[10.10.1.44/15], Arrival Time:[Tue Jul 28 09:52:57 2026], ExceptionType:[Stuck Occurred], Possible Reason:1.Host process is stuck, 2.Device task is stuck
(Worker_DP3_TP0_EP6 pid=395299) ERROR 07-28 09:54:36 [multiproc_executor.py:948] ]. Communicator information: [].
(Worker_DP3_TP0_EP6 pid=395299) ERROR 07-28 09:54:36 [multiproc_executor.py:948]         Possible Cause: 1. Network connection exception occurred during the SDMA task execution. 2. The peer process exits abnormally. 3. The input or output memory address is not allocated, the actual allocated size is smaller than the input data size, or the memory is freed before the operator execution is complete.
(Worker_DP3_TP0_EP6 pid=395299) ERROR 07-28 09:54:36 [multiproc_executor.py:948]         Solution: 1. Check whether the network link is abnormal during the execution. 2. Check whether a process in the cluster exits before an error is reported. If yes, locate the cause of the process exit. 3. Check whether the size of the input/output memory passed to the communication operator meets the expectation, and whether the input/output memory or communicator is freed or destroyed before the operator execution is complete.
(Worker_DP3_TP0_EP6 pid=395299) ERROR 07-28 09:54:36 [multiproc_executor.py:948]         TraceBack (most recent call last):
(Worker_DP3_TP0_EP6 pid=395299) ERROR 07-28 09:54:36 [multiproc_executor.py:948]         The error from device(chipId:3, dieId:0), serial number is 16, there is an exception of aivec error, core id is 36, error code = 0, dump info: pc start: 0x12c0de87ba0c, current: 0x12c0de89f0c4, vec error info: 0xad00000cfe, mte error info: 0xf603079c70, ifu error info: 0x217ffbe014040, ccu error info: 0xf245808a6880003f, cube error info: 0, biu error info: 0, aic error mask: 0x6500020bd00028c, para base: 0x12c140019000.[FUNC:PrintCoreInfo][FILE:device_error_core_proc.cc][LINE:645]
(Worker_DP3_TP0_EP6 pid=395299) ERROR 07-28 09:54:36 [multiproc_executor.py:948]         The extend info: errcode:(0, 0, 0) errorStr: timeout or trap error. fixp_error0 info: 0x3079c70, fixp_error1 info: 0xf6, fsmId:0, tslot:3, thread:0, ctxid:0, blk:1, sublk:0, subErrType:4.[FUNC:PrintCoreInfo][FILE:device_error_core_proc.cc][LINE:658]
(Worker_DP3_TP0_EP6 pid=395299) ERROR 07-28 09:54:36 [multiproc_executor.py:948]         The error from device(chipId:3, dieId:0), serial number is 16, there is an exception of aivec error, core id is 38, error code = 0, dump info: pc start: 0x12c0de87ba0c, current: 0x12c0de89f0c4, vec error info: 0xad00000bfe, mte error info: 0xf603080c70, ifu error info: 0x20001bdc5cb00, ccu error info: 0x3388add06880003f, cube error info: 0, biu error info: 0, aic error mask: 0x6500020bd00028c, para base: 0x12c140019000.[FUNC:PrintCoreInfo][FILE:device_error_core_proc.cc][LINE:645]
(Worker_DP3_TP0_EP6 pid=395299) ERROR 07-28 09:54:36 [multiproc_executor.py:948]         The extend info: errcode:(0, 0, 0) errorStr: timeout or trap error. fixp_error0 info: 0x3080c70, fixp_error1 info: 0xf6, fsmId:0, tslot:3, thread:0, ctxid:0, blk:3, sublk:0, subErrType:4.[FUNC:PrintCoreInfo][FILE:device_error_core_proc.cc][LINE:658]
(Worker_DP3_TP0_EP6 pid=395299) ERROR 07-28 09:54:36 [multiproc_executor.py:948]         The error from device(chipId:3, dieId:0), serial number is 16, there is an exception of aivec error, core id is 35, error code = 0, dump info: pc start: 0x12c0de87ba0c, current: 0x12c0de89f0c4, vec error info: 0xad00000cfe, mte error info: 0xf603064c70, ifu error info: 0x20001bdc5cb00, ccu error info: 0x432a0aef668000ae, cube error info: 0, biu error info: 0, aic error mask: 0x6500020bd00028c, para base: 0x12c140019000.[FUNC:PrintCoreInfo][FILE:device_error_core_proc.cc][LINE:645]
(Worker_DP3_TP0_EP6 pid=395299) ERROR 07-28 09:54:36 [multiproc_executor.py:948]         The extend info: errcode:(0, 0, 0) errorStr: timeout or trap error. fixp_error0 info: 0x3064c70, fixp_error1 info: 0xf6, fsmId:1, tslot:3, thread:0, ctxid:0, blk:0, sublk:0, subErrType:4.[FUNC:PrintCoreInfo][FILE:device_error_core_proc.cc][LINE:658]
(Worker_DP3_TP0_EP6 pid=395299) ERROR 07-28 09:54:36 [multiproc_executor.py:948]         The error from device(chipId:3, dieId:0), serial number is 16, there is an exception of aivec error, core id is 37, error code = 0, dump info: pc start: 0x12c0de87ba0c, current: 0x12c0de89f0c4, vec error info: 0xad00000bfe, mte error info: 0xf60307cc70, ifu error info: 0x217ffbe014040, ccu error info: 0xb8e780076880003f, cube error info: 0, biu error info: 0, aic error mask: 0x6500020bd00028c, para base: 0x12c140019000.[FUNC:PrintCoreInfo][FILE:device_error_core_proc.cc][LINE:645]
(Worker_DP3_TP0_EP6 pid=395299) ERROR 07-28 09:54:36 [multiproc_executor.py:948]         The extend info: errcode:(0, 0, 0) errorStr: timeout or trap error. fixp_error0 info: 0x307cc70, fixp_error1 info: 0xf6, fsmId:1, tslot:3, thread:0, ctxid:0, blk:2, sublk:0, subErrType:4.[FUNC:PrintCoreInfo][FILE:device_error_core_proc.cc][LINE:658]
(Worker_DP3_TP0_EP6 pid=395299) ERROR 07-28 09:54:36 [multiproc_executor.py:948]         SDMA memory copy task exception occurred. Remote rank: [0]. Base information: [streamID:[81], taskID[1], taskType[Task AIV], tag[], AlgType(level 0-1-2):[ring-ring-ring].]. Task information: [cmdType:[6], tag:[5], size:[688128], numBlocks:[8], rankSize:[2], aivRdmaStep:[-1], flagMem:[0x130f61a00000], isOpbase:[0]
(Worker_DP3_TP0_EP6 pid=395299) ERROR 07-28 09:54:36 [multiproc_executor.py:948] there are 5 abnormal device(s), only the first 3 devices are listed:
(Worker_DP3_TP0_EP6 pid=395299) ERROR 07-28 09:54:36 [multiproc_executor.py:948] 	[TaskExecStage][HeartbeatAbnormal]Cluster Exception Location[IP/ID]:[10.10.1.44/4], Arrival Time:[Tue Jul 28 09:52:57 2026], ExceptionType:[Stuck Occurred], Possible Reason:1.Host process is stuck, 2.Device task is stuck
(Worker_DP3_TP0_EP6 pid=395299) ERROR 07-28 09:54:36 [multiproc_executor.py:948] 	[TaskExecStage][HeartbeatAbnormal]Cluster Exception Location[IP/ID]:[10.10.1.44/13], Arrival Time:[Tue Jul 28 09:52:57 2026], ExceptionType:[Stuck Occurred], Possible Reason:1.Host process is stuck, 2.Device task is stuck
(Worker_DP3_TP0_EP6 pid=395299) ERROR 07-28 09:54:36 [multiproc_executor.py:948] 	[TaskExecStage][HeartbeatAbnormal]Cluster Exception Location[IP/ID]:[10.10.1.44/15], Arrival Time:[Tue Jul 28 09:52:57 2026], ExceptionType:[Stuck Occurred], Possible Reason:1.Host process is stuck, 2.Device task is stuck
(Worker_DP3_TP0_EP6 pid=395299) ERROR 07-28 09:54:36 [multiproc_executor.py:948] ]. Communicator information: [].
(Worker_DP3_TP0_EP6 pid=395299) ERROR 07-28 09:54:36 [multiproc_executor.py:948]         rtEventSynchronize execution failed, reason=the model stream execute failed[FUNC:FuncErrorReason][FILE:error_message_manage.cc][LINE:65]
(Worker_DP3_TP0_EP6 pid=395299) ERROR 07-28 09:54:36 [multiproc_executor.py:948]         wait event to be complete failed, runtime result = 507011[FUNC:ReportCallError][FILE:log_inner.cpp][LINE:148]
(Worker_DP3_TP0_EP6 pid=395299) ERROR 07-28 09:54:36 [multiproc_executor.py:948] 
(Worker_DP0_TP0_EP0 pid=395300) ERROR 07-28 09:54:36 [multiproc_executor.py:948] Error getting async model runner output
(Worker_DP0_TP0_EP0 pid=395300) ERROR 07-28 09:54:36 [multiproc_executor.py:948] Traceback (most recent call last):
(Worker_DP0_TP0_EP0 pid=395300) ERROR 07-28 09:54:36 [multiproc_executor.py:948]   File "/home/l00838859/cann/my-project/vllm/vllm/v1/executor/multiproc_executor.py", line 946, in enqueue_output
(Worker_DP0_TP0_EP0 pid=395300) ERROR 07-28 09:54:36 [multiproc_executor.py:948]     output = output.get_output()
(Worker_DP0_TP0_EP0 pid=395300) ERROR 07-28 09:54:36 [multiproc_executor.py:948]              ^^^^^^^^^^^^^^^^^^^
(Worker_DP0_TP0_EP0 pid=395300) ERROR 07-28 09:54:36 [multiproc_executor.py:948]   File "/home/l00838859/cann/my-project/vllm/vllm/v1/worker/gpu_model_runner.py", line 305, in get_output
(Worker_DP0_TP0_EP0 pid=395300) ERROR 07-28 09:54:36 [multiproc_executor.py:948]     self.async_copy_ready_event.synchronize()
(Worker_DP0_TP0_EP0 pid=395300) ERROR 07-28 09:54:36 [multiproc_executor.py:948]   File "/usr/local/lib/python3.11/site-packages/torch_npu/npu/streams.py", line 192, in synchronize
(Worker_DP0_TP0_EP0 pid=395300) ERROR 07-28 09:54:36 [multiproc_executor.py:948]     super(Event, self).synchronize()
(Worker_DP0_TP0_EP0 pid=395300) ERROR 07-28 09:54:36 [multiproc_executor.py:948] RuntimeError: synchronize:../torch_npu/csrc/core/npu/NPUEvent.cpp:212 NPU function error: aclrtSynchronizeEvent(event_), error code is 507011
(Worker_DP0_TP0_EP0 pid=395300) ERROR 07-28 09:54:36 [multiproc_executor.py:948] [ERROR] 2026-07-28-09:54:36 (PID:395300, Device:0, RankID:-1) ERR00100 PTA call acl api failed
(Worker_DP0_TP0_EP0 pid=395300) ERROR 07-28 09:54:36 [multiproc_executor.py:948] [Error]: Model execution failed. 
(Worker_DP0_TP0_EP0 pid=395300) ERROR 07-28 09:54:36 [multiproc_executor.py:948]         Rectify the fault based on the error information in the ascend log.
(Worker_DP0_TP0_EP0 pid=395300) ERROR 07-28 09:54:36 [multiproc_executor.py:948] [PID: 395300] 2026-07-28-09:54:36.630.494 Execution_Error_SDMA(EI0012): SDMA memory copy task exception occurred. Remote rank: [0]. Base information: [streamID:[81], taskID[1], taskType[Task AIV], tag[], AlgType(level 0-1-2):[ring-ring-ring].]. Task information: [cmdType:[6], tag:[5], size:[688128], numBlocks:[8], rankSize:[2], aivRdmaStep:[-1], flagMem:[0x130f61a00000], isOpbase:[0]
(Worker_DP0_TP0_EP0 pid=395300) ERROR 07-28 09:54:36 [multiproc_executor.py:948] there are 5 abnormal device(s), only the first 3 devices are listed:
(Worker_DP0_TP0_EP0 pid=395300) ERROR 07-28 09:54:36 [multiproc_executor.py:948] 	[TaskExecStage][HeartbeatAbnormal]Cluster Exception Location[IP/ID]:[10.10.1.44/1], Arrival Time:[Tue Jul 28 09:52:57 2026], ExceptionType:[Stuck Occurred], Possible Reason:1.Host process is stuck, 2.Device task is stuck
(Worker_DP0_TP0_EP0 pid=395300) ERROR 07-28 09:54:36 [multiproc_executor.py:948] 	[TaskExecStage][HeartbeatAbnormal]Cluster Exception Location[IP/ID]:[10.10.1.44/0], Arrival Time:[Tue Jul 28 09:52:57 2026], ExceptionType:[Stuck Occurred], Possible Reason:1.Host process is stuck, 2.Device task is stuck
(Worker_DP0_TP0_EP0 pid=395300) ERROR 07-28 09:54:36 [multiproc_executor.py:948] 	[TaskExecStage][HeartbeatAbnormal]Cluster Exception Location[IP/ID]:[10.10.1.44/11], Arrival Time:[Tue Jul 28 09:52:57 2026], ExceptionType:[Stuck Occurred], Possible Reason:1.Host process is stuck, 2.Device task is stuck
(Worker_DP0_TP0_EP0 pid=395300) ERROR 07-28 09:54:36 [multiproc_executor.py:948] ]. Communicator information: [].
(Worker_DP0_TP0_EP0 pid=395300) ERROR 07-28 09:54:36 [multiproc_executor.py:948]         Possible Cause: 1. Network connection exception occurred during the SDMA task execution. 2. The peer process exits abnormally. 3. The input or output memory address is not allocated, the actual allocated size is smaller than the input data size, or the memory is freed before the operator execution is complete.
(Worker_DP0_TP0_EP0 pid=395300) ERROR 07-28 09:54:36 [multiproc_executor.py:948]         Solution: 1. Check whether the network link is abnormal during the execution. 2. Check whether a process in the cluster exits before an error is reported. If yes, locate the cause of the process exit. 3. Check whether the size of the input/output memory passed to the communication operator meets the expectation, and whether the input/output memory or communicator is freed or destroyed before the operator execution is complete.
(Worker_DP0_TP0_EP0 pid=395300) ERROR 07-28 09:54:36 [multiproc_executor.py:948]         TraceBack (most recent call last):
(Worker_DP0_TP0_EP0 pid=395300) ERROR 07-28 09:54:36 [multiproc_executor.py:948]         The error from device(chipId:0, dieId:0), serial number is 24, there is an exception of aivec error, core id is 11, error code = 0, dump info: pc start: 0x12c0de87ba0c, current: 0x12c0de89f0c4, vec error info: 0xad00000cfe, mte error info: 0xe2030003f7, ifu error info: 0x20001bdc5ce00, ccu error info: 0x2b8133a46880003f, cube error info: 0, biu error info: 0, aic error mask: 0x6500020bd00028c, para base: 0x12c1427d8000.[FUNC:PrintCoreInfo][FILE:device_error_core_proc.cc][LINE:645]
(Worker_DP0_TP0_EP0 pid=395300) ERROR 07-28 09:54:36 [multiproc_executor.py:948]         The extend info: errcode:(0, 0, 0) errorStr: timeout or trap error. fixp_error0 info: 0x30003f7, fixp_error1 info: 0xe2, fsmId:0, tslot:7, thread:0, ctxid:0, blk:4, sublk:0, subErrType:4.[FUNC:PrintCoreInfo][FILE:device_error_core_proc.cc][LINE:658]
(Worker_DP0_TP0_EP0 pid=395300) ERROR 07-28 09:54:36 [multiproc_executor.py:948]         The error from device(chipId:0, dieId:0), serial number is 24, there is an exception of aivec error, core id is 12, error code = 0, dump info: pc start: 0x12c0de87ba0c, current: 0x12c0de89f0c4, vec error info: 0xad00000cfe, mte error info: 0xe2030000f7, ifu error info: 0x2fffffe500000, ccu error info: 0xf84416606880003f, cube error info: 0, biu error info: 0, aic error mask: 0x6500020bd00028c, para base: 0x12c1427d8000.[FUNC:PrintCoreInfo][FILE:device_error_core_proc.cc][LINE:645]
(Worker_DP0_TP0_EP0 pid=395300) ERROR 07-28 09:54:36 [multiproc_executor.py:948]         The extend info: errcode:(0, 0, 0) errorStr: timeout or trap error. fixp_error0 info: 0x30000f7, fixp_error1 info: 0xe2, fsmId:0, tslot:7, thread:0, ctxid:0, blk:5, sublk:0, subErrType:4.[FUNC:PrintCoreInfo][FILE:device_error_core_proc.cc][LINE:658]
(Worker_DP0_TP0_EP0 pid=395300) ERROR 07-28 09:54:36 [multiproc_executor.py:948]         The error from device(chipId:0, dieId:0), serial number is 24, there is an exception of aivec error, core id is 14, error code = 0, dump info: pc start: 0x12c0de87ba0c, current: 0x12c0de89f0c4, vec error info: 0xad00000cfe, mte error info: 0xe2030000f7, ifu error info: 0x217ffbe014040, ccu error info: 0x3f36741c6880003f, cube error info: 0, biu error info: 0, aic error mask: 0x6500020bd00028c, para base: 0x12c1427d8000.[FUNC:PrintCoreInfo][FILE:device_error_core_proc.cc][LINE:645]
(Worker_DP0_TP0_EP0 pid=395300) ERROR 07-28 09:54:36 [multiproc_executor.py:948]         The extend info: errcode:(0, 0, 0) errorStr: timeout or trap error. fixp_error0 info: 0x30000f7, fixp_error1 info: 0xe2, fsmId:0, tslot:7, thread:0, ctxid:0, blk:7, sublk:0, subErrType:4.[FUNC:PrintCoreInfo][FILE:device_error_core_proc.cc][LINE:658]
(Worker_DP0_TP0_EP0 pid=395300) ERROR 07-28 09:54:36 [multiproc_executor.py:948]         The error from device(chipId:0, dieId:0), serial number is 24, there is an exception of aivec error, core id is 13, error code = 0, dump info: pc start: 0x12c0de87ba0c, current: 0x12c0de89f0c4, vec error info: 0xad00000cfe, mte error info: 0xe2030001f7, ifu error info: 0x2fffffe600000, ccu error info: 0x131781926880003f, cube error info: 0, biu error info: 0, aic error mask: 0x6500020bd00028c, para base: 0x12c1427d8000.[FUNC:PrintCoreInfo][FILE:device_error_core_proc.cc][LINE:645]
(Worker_DP0_TP0_EP0 pid=395300) ERROR 07-28 09:54:36 [multiproc_executor.py:948]         The extend info: errcode:(0, 0, 0) errorStr: timeout or trap error. fixp_error0 info: 0x30001f7, fixp_error1 info: 0xe2, fsmId:1, tslot:7, thread:0, ctxid:0, blk:6, sublk:0, subErrType:4.[FUNC:PrintCoreInfo][FILE:device_error_core_proc.cc][LINE:658]
(Worker_DP0_TP0_EP0 pid=395300) ERROR 07-28 09:54:36 [multiproc_executor.py:948]         SDMA memory copy task exception occurred. Remote rank: [0]. Base information: [streamID:[81], taskID[1], taskType[Task AIV], tag[], AlgType(level 0-1-2):[ring-ring-ring].]. Task information: [cmdType:[6], tag:[5], size:[688128], numBlocks:[8], rankSize:[2], aivRdmaStep:[-1], flagMem:[0x130f61a00000], isOpbase:[0]
(Worker_DP0_TP0_EP0 pid=395300) ERROR 07-28 09:54:36 [multiproc_executor.py:948] there are 5 abnormal device(s), only the first 3 devices are listed:
(Worker_DP0_TP0_EP0 pid=395300) ERROR 07-28 09:54:36 [multiproc_executor.py:948] 	[TaskExecStage][HeartbeatAbnormal]Cluster Exception Location[IP/ID]:[10.10.1.44/1], Arrival Time:[Tue Jul 28 09:52:57 2026], ExceptionType:[Stuck Occurred], Possible Reason:1.Host process is stuck, 2.Device task is stuck
(Worker_DP0_TP0_EP0 pid=395300) ERROR 07-28 09:54:36 [multiproc_executor.py:948] 	[TaskExecStage][HeartbeatAbnormal]Cluster Exception Location[IP/ID]:[10.10.1.44/0], Arrival Time:[Tue Jul 28 09:52:57 2026], ExceptionType:[Stuck Occurred], Possible Reason:1.Host process is stuck, 2.Device task is stuck
(Worker_DP0_TP0_EP0 pid=395300) ERROR 07-28 09:54:36 [multiproc_executor.py:948] 	[TaskExecStage][HeartbeatAbnormal]Cluster Exception Location[IP/ID]:[10.10.1.44/11], Arrival Time:[Tue Jul 28 09:52:57 2026], ExceptionType:[Stuck Occurred], Possible Reason:1.Host process is stuck, 2.Device task is stuck
(Worker_DP0_TP0_EP0 pid=395300) ERROR 07-28 09:54:36 [multiproc_executor.py:948] ]. Communicator information: [].
(Worker_DP0_TP0_EP0 pid=395300) ERROR 07-28 09:54:36 [multiproc_executor.py:948]         rtEventSynchronize execution failed, reason=the model stream execute failed[FUNC:FuncErrorReason][FILE:error_message_manage.cc][LINE:65]
(Worker_DP0_TP0_EP0 pid=395300) ERROR 07-28 09:54:36 [multiproc_executor.py:948]         wait event to be complete failed, runtime result = 507011[FUNC:ReportCallError][FILE:log_inner.cpp][LINE:148]
(Worker_DP0_TP0_EP0 pid=395300) ERROR 07-28 09:54:36 [multiproc_executor.py:948] 
(EngineCore_DP3 pid=394825) ERROR 07-28 09:54:36 [dump_input.py:72] Dumping input data for V1 LLM engine (v0.1.dev18654+g54503ecec) with config: model='/mnt/weights/DeepSeek-V3.1-Terminus-w8a8-QuaRot-lfs', speculative_config=SpeculativeConfig(method='mtp', model='/mnt/weights/DeepSeek-V3.1-Terminus-w8a8-QuaRot-lfs', num_spec_tokens=2), tokenizer='/mnt/weights/DeepSeek-V3.1-Terminus-w8a8-QuaRot-lfs', skip_tokenizer_init=False, tokenizer_mode=auto, revision=None, tokenizer_revision=None, trust_remote_code=True, dtype=torch.bfloat16, max_seq_len=4096, download_dir=None, load_format=auto, tensor_parallel_size=2, pipeline_parallel_size=1, data_parallel_size=8, decode_context_parallel_size=1, dcp_comm_backend=ag_rs, disable_custom_all_reduce=True, quantization=ascend, quantization_config=None, enforce_eager=False, enable_return_routed_experts=False, kv_cache_dtype=auto, device_config=npu, structured_outputs_config=StructuredOutputsConfig(backend='auto', disable_any_whitespace=False, disable_additional_properties=False, reasoning_parser='', reasoning_parser_plugin='', enable_in_reasoning=False), observability_config=ObservabilityConfig(show_hidden_metrics_for_version=None, otlp_traces_endpoint=None, collect_detailed_traces=None, kv_cache_metrics=False, kv_cache_metrics_sample=0.01, cudagraph_metrics=False, enable_layerwise_nvtx_tracing=False, enable_mfu_metrics=False, enable_mm_processor_stats=False, enable_logging_iteration_details=False, jit_monitor_mode='warn', jit_monitor_verbose=False), seed=1024, served_model_name=/mnt/weights/DeepSeek-V3.1-Terminus-w8a8-QuaRot-lfs, enable_prefix_caching=False, enable_chunked_prefill=True, pooler_config=None, compilation_config={'mode': <CompilationMode.VLLM_COMPILE: 3>, 'debug_dump_path': PosixPath('/home/l00838859/cann/vllm-runner/fx-graph'), 'cache_dir': '', 'compile_cache_save_format': 'binary', 'backend': 'vllm_ascend.compilation.compiler_interface.AscendCompiler', 'custom_ops': ['all'], 'ir_enable_torch_wrap': False, 'splitting_ops': [], 'compile_mm_encoder': False, 'cudagraph_mm_encoder': False, 'encoder_cudagraph_token_budgets': [], 'encoder_cudagraph_max_vision_items_per_batch': 0, 'encoder_cudagraph_max_frames_per_batch': None, 'compile_sizes': [], 'compile_ranges_endpoints': [256], 'inductor_compile_config': {'enable_auto_functionalized_v2': False, 'size_asserts': False, 'alignment_asserts': False, 'scalar_asserts': False, 'combo_kernels': True, 'benchmark_combo_kernel': True}, 'inductor_passes': {}, 'cudagraph_mode': <CUDAGraphMode.FULL_DECODE_ONLY: (2, 0)>, 'cudagraph_num_of_warmups': 1, 'cudagraph_capture_sizes': [3, 48], 'cudagraph_copy_inputs': False, 'cudagraph_specialize_lora': True, 'use_inductor_graph_partition': False, 'pass_config': {'fuse_norm_quant': True, 'fuse_act_quant': True, 'fuse_attn_quant': False, 'enable_sp': False, 'fuse_gemm_comms': False, 'fuse_allreduce_rms': False, 'fuse_rope_kvcache_cat_mla': False, 'fuse_act_padding': False}, 'max_cudagraph_capture_size': 48, 'dynamic_shapes_config': {'type': <DynamicShapesType.BACKED: 'backed'>, 'evaluate_guards': False, 'assume_32_bit_indexing': False}, 'local_cache_dir': None, 'fast_moe_cold_start': False, 'static_all_moe_layers': []}, kernel_config=KernelConfig(ir_op_priority=IrOpPriorityConfig(rms_norm=['native'], fused_add_rms_norm=['native']), enable_flashinfer_autotune=True, enable_cutedsl_warmup=True, moe_backend='auto', linear_backend='auto'), 
(EngineCore_DP3 pid=394825) ERROR 07-28 09:54:36 [dump_input.py:79] Dumping scheduler output for model execution: SchedulerOutput(scheduled_new_reqs=[], scheduled_cached_reqs=CachedRequestData(req_ids=['0-8c2b51a2'],resumed_req_ids=set(),new_token_ids_lens=[],all_token_ids_lens={},new_block_ids=[None],num_computed_tokens=[2],num_output_tokens=[1]), num_scheduled_tokens={0-8c2b51a2: 3}, total_num_scheduled_tokens=3, scheduled_spec_decode_tokens={0-8c2b51a2: [-1, -1]}, scheduled_encoder_inputs={}, num_common_prefix_blocks=[0], finished_req_ids=[], free_encoder_mm_hashes=[], preempted_req_ids=[], has_structured_output_requests=false, pending_structured_output_tokens=false, num_invalid_spec_tokens=null, kv_connector_metadata=null, ec_connector_metadata=null, new_block_ids_to_zero=null, num_spec_tokens_to_schedule=2)
(Worker_DP5_TP0_EP10 pid=395297) ERROR 07-28 09:54:36 [multiproc_executor.py:948] Error getting async model runner output
(Worker_DP5_TP0_EP10 pid=395297) ERROR 07-28 09:54:36 [multiproc_executor.py:948] Traceback (most recent call last):
(Worker_DP5_TP0_EP10 pid=395297) ERROR 07-28 09:54:36 [multiproc_executor.py:948]   File "/home/l00838859/cann/my-project/vllm/vllm/v1/executor/multiproc_executor.py", line 946, in enqueue_output
(Worker_DP5_TP0_EP10 pid=395297) ERROR 07-28 09:54:36 [multiproc_executor.py:948]     output = output.get_output()
(Worker_DP5_TP0_EP10 pid=395297) ERROR 07-28 09:54:36 [multiproc_executor.py:948]              ^^^^^^^^^^^^^^^^^^^
(Worker_DP5_TP0_EP10 pid=395297) ERROR 07-28 09:54:36 [multiproc_executor.py:948]   File "/home/l00838859/cann/my-project/vllm/vllm/v1/worker/gpu_model_runner.py", line 305, in get_output
(Worker_DP5_TP0_EP10 pid=395297) ERROR 07-28 09:54:36 [multiproc_executor.py:948]     self.async_copy_ready_event.synchronize()
(Worker_DP5_TP0_EP10 pid=395297) ERROR 07-28 09:54:36 [multiproc_executor.py:948]   File "/usr/local/lib/python3.11/site-packages/torch_npu/npu/streams.py", line 192, in synchronize
(Worker_DP5_TP0_EP10 pid=395297) ERROR 07-28 09:54:36 [multiproc_executor.py:948]     super(Event, self).synchronize()
(Worker_DP5_TP0_EP10 pid=395297) ERROR 07-28 09:54:36 [multiproc_executor.py:948] RuntimeError: synchronize:../torch_npu/csrc/core/npu/NPUEvent.cpp:212 NPU function error: aclrtSynchronizeEvent(event_), error code is 507011
(Worker_DP5_TP0_EP10 pid=395297) ERROR 07-28 09:54:36 [multiproc_executor.py:948] [ERROR] 2026-07-28-09:54:36 (PID:395297, Device:10, RankID:-1) ERR00100 PTA call acl api failed
(Worker_DP5_TP0_EP10 pid=395297) ERROR 07-28 09:54:36 [multiproc_executor.py:948] [Error]: Model execution failed. 
(Worker_DP5_TP0_EP10 pid=395297) ERROR 07-28 09:54:36 [multiproc_executor.py:948]         Rectify the fault based on the error information in the ascend log.
(Worker_DP5_TP0_EP10 pid=395297) ERROR 07-28 09:54:36 [multiproc_executor.py:948] [PID: 395297] 2026-07-28-09:54:36.634.317 Execution_Error_SDMA(EI0012): SDMA memory copy task exception occurred. Remote rank: [0]. Base information: [streamID:[81], taskID[1], taskType[Task AIV], tag[], AlgType(level 0-1-2):[ring-ring-ring].]. Task information: [cmdType:[6], tag:[5], size:[688128], numBlocks:[8], rankSize:[2], aivRdmaStep:[-1], flagMem:[0x130f61a00000], isOpbase:[0]
(Worker_DP5_TP0_EP10 pid=395297) ERROR 07-28 09:54:36 [multiproc_executor.py:948] there are 7 abnormal device(s), only the first 3 devices are listed:
(Worker_DP5_TP0_EP10 pid=395297) ERROR 07-28 09:54:36 [multiproc_executor.py:948] 	[TaskExecStage][HeartbeatAbnormal]Cluster Exception Location[IP/ID]:[10.10.1.44/11], Arrival Time:[Tue Jul 28 09:52:57 2026], ExceptionType:[Stuck Occurred], Possible Reason:1.Host process is stuck, 2.Device task is stuck
(Worker_DP5_TP0_EP10 pid=395297) ERROR 07-28 09:54:36 [multiproc_executor.py:948] 	[TaskExecStage][HeartbeatAbnormal]Cluster Exception Location[IP/ID]:[10.10.1.44/1], Arrival Time:[Tue Jul 28 09:52:57 2026], ExceptionType:[Stuck Occurred], Possible Reason:1.Host process is stuck, 2.Device task is stuck
(Worker_DP5_TP0_EP10 pid=395297) ERROR 07-28 09:54:36 [multiproc_executor.py:948] 	[TaskExecStage][HeartbeatAbnormal]Cluster Exception Location[IP/ID]:[10.10.1.44/0], Arrival Time:[Tue Jul 28 09:52:57 2026], ExceptionType:[Stuck Occurred], Possible Reason:1.Host process is stuck, 2.Device task is stuck
(Worker_DP5_TP0_EP10 pid=395297) ERROR 07-28 09:54:36 [multiproc_executor.py:948] ]. Communicator information: [].
(Worker_DP5_TP0_EP10 pid=395297) ERROR 07-28 09:54:36 [multiproc_executor.py:948]         Possible Cause: 1. Network connection exception occurred during the SDMA task execution. 2. The peer process exits abnormally. 3. The input or output memory address is not allocated, the actual allocated size is smaller than the input data size, or the memory is freed before the operator execution is complete.
(Worker_DP5_TP0_EP10 pid=395297) ERROR 07-28 09:54:36 [multiproc_executor.py:948]         Solution: 1. Check whether the network link is abnormal during the execution. 2. Check whether a process in the cluster exits before an error is reported. If yes, locate the cause of the process exit. 3. Check whether the size of the input/output memory passed to the communication operator meets the expectation, and whether the input/output memory or communicator is freed or destroyed before the operator execution is complete.
(Worker_DP5_TP0_EP10 pid=395297) ERROR 07-28 09:54:36 [multiproc_executor.py:948]         TraceBack (most recent call last):
(Worker_DP5_TP0_EP10 pid=395297) ERROR 07-28 09:54:36 [multiproc_executor.py:948]         The error from device(chipId:5, dieId:0), serial number is 21, there is an exception of aivec error, core id is 6, error code = 0, dump info: pc start: 0x12c0de87ba0c, current: 0x12c0de89f0c4, vec error info: 0xad00000cfe, mte error info: 0xf60306fc6e, ifu error info: 0x217ffbe014040, ccu error info: 0xffb7eecb6880003f, cube error info: 0, biu error info: 0, aic error mask: 0x6500020bd00028c, para base: 0x12c142519000.[FUNC:PrintCoreInfo][FILE:device_error_core_proc.cc][LINE:645]
(Worker_DP5_TP0_EP10 pid=395297) ERROR 07-28 09:54:36 [multiproc_executor.py:948]         The extend info: errcode:(0, 0, 0) errorStr: timeout or trap error. fixp_error0 info: 0x306fc6e, fixp_error1 info: 0xf6, fsmId:0, tslot:6, thread:0, ctxid:0, blk:0, sublk:0, subErrType:4.[FUNC:PrintCoreInfo][FILE:device_error_core_proc.cc][LINE:658]
(Worker_DP5_TP0_EP10 pid=395297) ERROR 07-28 09:54:36 [multiproc_executor.py:948]         The error from device(chipId:5, dieId:0), serial number is 21, there is an exception of aivec error, core id is 8, error code = 0, dump info: pc start: 0x12c0de87ba0c, current: 0x12c0de89f0c4, vec error info: 0xad00000cfe, mte error info: 0x4e060000c7, ifu error info: 0x217ffbe014040, ccu error info: 0xffb7eecb6880003f, cube error info: 0, biu error info: 0, aic error mask: 0x6500020bd00028c, para base: 0x12c142519000.[FUNC:PrintCoreInfo][FILE:device_error_core_proc.cc][LINE:645]
(Worker_DP5_TP0_EP10 pid=395297) ERROR 07-28 09:54:36 [multiproc_executor.py:948]         The extend info: errcode:(0, 0, 0) errorStr: timeout or trap error. fixp_error0 info: 0x60000c7, fixp_error1 info: 0x4e, fsmId:0, tslot:6, thread:0, ctxid:0, blk:2, sublk:0, subErrType:4.[FUNC:PrintCoreInfo][FILE:device_error_core_proc.cc][LINE:658]
(Worker_DP5_TP0_EP10 pid=395297) ERROR 07-28 09:54:36 [multiproc_executor.py:948]         The error from device(chipId:5, dieId:0), serial number is 21, there is an exception of aivec error, core id is 7, error code = 0, dump info: pc start: 0x12c0de87ba0c, current: 0x12c0de89f0c4, vec error info: 0xad00000cfe, mte error info: 0xcd000000ae, ifu error info: 0x20001bdc5ce00, ccu error info: 0xffb7eecb6880003f, cube error info: 0, biu error info: 0, aic error mask: 0x6500020bd00028c, para base: 0x12c142519000.[FUNC:PrintCoreInfo][FILE:device_error_core_proc.cc][LINE:645]
(Worker_DP5_TP0_EP10 pid=395297) ERROR 07-28 09:54:36 [multiproc_executor.py:948]         The extend info: errcode:(0, 0, 0) errorStr: timeout or trap error. fixp_error0 info: 0xae, fixp_error1 info: 0xcd, fsmId:1, tslot:6, thread:0, ctxid:0, blk:1, sublk:0, subErrType:4.[FUNC:PrintCoreInfo][FILE:device_error_core_proc.cc][LINE:658]
(Worker_DP5_TP0_EP10 pid=395297) ERROR 07-28 09:54:36 [multiproc_executor.py:948]         The error from device(chipId:5, dieId:0), serial number is 21, there is an exception of aivec error, core id is 9, error code = 0, dump info: pc start: 0x12c0de87ba0c, current: 0x12c0de89f0c4, vec error info: 0xad00000cfe, mte error info: 0xf603064c6e, ifu error info: 0x20001bdc5c100, ccu error info: 0xffb7eecb6880003f, cube error info: 0, biu error info: 0, aic error mask: 0x6500020bd00028c, para base: 0x12c142519000.[FUNC:PrintCoreInfo][FILE:device_error_core_proc.cc][LINE:645]
(Worker_DP5_TP0_EP10 pid=395297) ERROR 07-28 09:54:36 [multiproc_executor.py:948]         The extend info: errcode:(0, 0, 0) errorStr: timeout or trap error. fixp_error0 info: 0x3064c6e, fixp_error1 info: 0xf6, fsmId:1, tslot:6, thread:0, ctxid:0, blk:3, sublk:0, subErrType:4.[FUNC:PrintCoreInfo][FILE:device_error_core_proc.cc][LINE:658]
(Worker_DP5_TP0_EP10 pid=395297) ERROR 07-28 09:54:36 [multiproc_executor.py:948]         SDMA memory copy task exception occurred. Remote rank: [0]. Base information: [streamID:[81], taskID[1], taskType[Task AIV], tag[], AlgType(level 0-1-2):[ring-ring-ring].]. Task information: [cmdType:[6], tag:[5], size:[688128], numBlocks:[8], rankSize:[2], aivRdmaStep:[-1], flagMem:[0x130f61a00000], isOpbase:[0]
(Worker_DP5_TP0_EP10 pid=395297) ERROR 07-28 09:54:36 [multiproc_executor.py:948] there are 7 abnormal device(s), only the first 3 devices are listed:
(Worker_DP5_TP0_EP10 pid=395297) ERROR 07-28 09:54:36 [multiproc_executor.py:948] 	[TaskExecStage][HeartbeatAbnormal]Cluster Exception Location[IP/ID]:[10.10.1.44/11], Arrival Time:[Tue Jul 28 09:52:57 2026], ExceptionType:[Stuck Occurred], Possible Reason:1.Host process is stuck, 2.Device task is stuck
(Worker_DP5_TP0_EP10 pid=395297) ERROR 07-28 09:54:36 [multiproc_executor.py:948] 	[TaskExecStage][HeartbeatAbnormal]Cluster Exception Location[IP/ID]:[10.10.1.44/1], Arrival Time:[Tue Jul 28 09:52:57 2026], ExceptionType:[Stuck Occurred], Possible Reason:1.Host process is stuck, 2.Device task is stuck
(Worker_DP5_TP0_EP10 pid=395297) ERROR 07-28 09:54:36 [multiproc_executor.py:948] 	[TaskExecStage][HeartbeatAbnormal]Cluster Exception Location[IP/ID]:[10.10.1.44/0], Arrival Time:[Tue Jul 28 09:52:57 2026], ExceptionType:[Stuck Occurred], Possible Reason:1.Host process is stuck, 2.Device task is stuck
(Worker_DP5_TP0_EP10 pid=395297) ERROR 07-28 09:54:36 [multiproc_executor.py:948] ]. Communicator information: [].
(Worker_DP5_TP0_EP10 pid=395297) ERROR 07-28 09:54:36 [multiproc_executor.py:948]         rtEventSynchronize execution failed, reason=the model stream execute failed[FUNC:FuncErrorReason][FILE:error_message_manage.cc][LINE:65]
(Worker_DP5_TP0_EP10 pid=395297) ERROR 07-28 09:54:36 [multiproc_executor.py:948]         wait event to be complete failed, runtime result = 507011[FUNC:ReportCallError][FILE:log_inner.cpp][LINE:148]
(Worker_DP5_TP0_EP10 pid=395297) ERROR 07-28 09:54:36 [multiproc_executor.py:948] 
(Worker_DP3_TP0_EP6 pid=395299) ERROR 07-28 09:54:36 [multiproc_executor.py:1007] WorkerProc hit an exception.
(Worker_DP3_TP0_EP6 pid=395299) ERROR 07-28 09:54:36 [multiproc_executor.py:1007] Traceback (most recent call last):
(Worker_DP3_TP0_EP6 pid=395299) ERROR 07-28 09:54:36 [multiproc_executor.py:1007]   File "/home/l00838859/cann/my-project/vllm/vllm/v1/executor/multiproc_executor.py", line 999, in worker_busy_loop
(Worker_DP3_TP0_EP6 pid=395299) ERROR 07-28 09:54:36 [multiproc_executor.py:1007]     output = func(*args, **kwargs)
(Worker_DP3_TP0_EP6 pid=395299) ERROR 07-28 09:54:36 [multiproc_executor.py:1007]              ^^^^^^^^^^^^^^^^^^^^^
(Worker_DP3_TP0_EP6 pid=395299) ERROR 07-28 09:54:36 [multiproc_executor.py:1007]   File "/home/l00838859/cann/my-project/vllm/vllm/v1/worker/worker_base.py", line 351, in execute_model
(Worker_DP3_TP0_EP6 pid=395299) ERROR 07-28 09:54:36 [multiproc_executor.py:1007]     return self.worker.execute_model(scheduler_output)
(Worker_DP3_TP0_EP6 pid=395299) ERROR 07-28 09:54:36 [multiproc_executor.py:1007]            ^^^^^^^^^^^^^^^^^^^^^^^^^^^^^^^^^^^^^^^^^^^
(Worker_DP3_TP0_EP6 pid=395299) ERROR 07-28 09:54:36 [multiproc_executor.py:1007]   File "/home/l00838859/cann/my-project/vllm-ascend/vllm_ascend/worker/worker.py", line 685, in execute_model
(Worker_DP3_TP0_EP6 pid=395299) ERROR 07-28 09:54:36 [multiproc_executor.py:1007]     output = self.model_runner.execute_model(scheduler_output, intermediate_tensors)
(Worker_DP3_TP0_EP6 pid=395299) ERROR 07-28 09:54:36 [multiproc_executor.py:1007]              ^^^^^^^^^^^^^^^^^^^^^^^^^^^^^^^^^^^^^^^^^^^^^^^^^^^^^^^^^^^^^^^^^^^^^^^
(Worker_DP3_TP0_EP6 pid=395299) ERROR 07-28 09:54:36 [multiproc_executor.py:1007]   File "/usr/local/lib/python3.11/site-packages/torch/utils/_contextlib.py", line 124, in decorate_context
(Worker_DP3_TP0_EP6 pid=395299) ERROR 07-28 09:54:36 [multiproc_executor.py:1007]     return func(*args, **kwargs)
(Worker_DP3_TP0_EP6 pid=395299) ERROR 07-28 09:54:36 [multiproc_executor.py:1007]            ^^^^^^^^^^^^^^^^^^^^^
(Worker_DP3_TP0_EP6 pid=395299) ERROR 07-28 09:54:36 [multiproc_executor.py:1007]   File "/home/l00838859/cann/my-project/vllm-ascend/vllm_ascend/worker/model_runner_v1.py", line 2346, in execute_model
(Worker_DP3_TP0_EP6 pid=395299) ERROR 07-28 09:54:36 [multiproc_executor.py:1007]     hidden_states = self._model_forward(
(Worker_DP3_TP0_EP6 pid=395299) ERROR 07-28 09:54:36 [multiproc_executor.py:1007]                     ^^^^^^^^^^^^^^^^^^^^
(Worker_DP3_TP0_EP6 pid=395299) ERROR 07-28 09:54:36 [multiproc_executor.py:1007]   File "/home/l00838859/cann/my-project/vllm-ascend/vllm_ascend/worker/model_runner_v1.py", line 2915, in _model_forward
(Worker_DP3_TP0_EP6 pid=395299) ERROR 07-28 09:54:36 [multiproc_executor.py:1007]     hidden_states = run_model()
(Worker_DP3_TP0_EP6 pid=395299) ERROR 07-28 09:54:36 [multiproc_executor.py:1007]                     ^^^^^^^^^^^
(Worker_DP3_TP0_EP6 pid=395299) ERROR 07-28 09:54:36 [multiproc_executor.py:1007]   File "/home/l00838859/cann/my-project/vllm-ascend/vllm_ascend/compilation/acl_graph.py", line 281, in __call__
(Worker_DP3_TP0_EP6 pid=395299) ERROR 07-28 09:54:36 [multiproc_executor.py:1007]     torch.npu.current_stream().synchronize()
(Worker_DP3_TP0_EP6 pid=395299) ERROR 07-28 09:54:36 [multiproc_executor.py:1007]   File "/usr/local/lib/python3.11/site-packages/torch_npu/npu/streams.py", line 85, in synchronize
(Worker_DP3_TP0_EP6 pid=395299) ERROR 07-28 09:54:36 [multiproc_executor.py:1007]     super(Stream, self).synchronize()
(Worker_DP3_TP0_EP6 pid=395299) ERROR 07-28 09:54:36 [multiproc_executor.py:1007] RuntimeError: synchronize:../torch_npu/csrc/core/npu/NPUStream.cpp:361 NPU function error: c10_npu::acl::AclrtSynchronizeStreamWithTimeout(stream()), error code is 507011
(Worker_DP3_TP0_EP6 pid=395299) ERROR 07-28 09:54:36 [multiproc_executor.py:1007] [ERROR] 2026-07-28-09:54:36 (PID:395299, Device:6, RankID:-1) ERR00100 PTA call acl api failed
(Worker_DP3_TP0_EP6 pid=395299) ERROR 07-28 09:54:36 [multiproc_executor.py:1007] [Error]: Model execution failed. 
(Worker_DP3_TP0_EP6 pid=395299) ERROR 07-28 09:54:36 [multiproc_executor.py:1007]         Rectify the fault based on the error information in the ascend log.
(Worker_DP3_TP0_EP6 pid=395299) ERROR 07-28 09:54:36 [multiproc_executor.py:1007] EE9999: Inner Error!
(Worker_DP3_TP0_EP6 pid=395299) ERROR 07-28 09:54:36 [multiproc_executor.py:1007] EE9999[PID: 395299] 2026-07-28-09:54:36.631.399 (EE9999):  rtStreamSynchronizeWithTimeout execution failed, reason=the model stream execute failed[FUNC:FuncErrorReason][FILE:error_message_manage.cc][LINE:65]
(Worker_DP3_TP0_EP6 pid=395299) ERROR 07-28 09:54:36 [multiproc_executor.py:1007]         TraceBack (most recent call last):
(Worker_DP3_TP0_EP6 pid=395299) ERROR 07-28 09:54:36 [multiproc_executor.py:1007]        synchronize stream with timeout failed, runtime result = 507011[FUNC:ReportCallError][FILE:log_inner.cpp][LINE:148]
(Worker_DP3_TP0_EP6 pid=395299) ERROR 07-28 09:54:36 [multiproc_executor.py:1007] 
(Worker_DP3_TP0_EP6 pid=395299) ERROR 07-28 09:54:36 [multiproc_executor.py:1007] Traceback (most recent call last):
(Worker_DP3_TP0_EP6 pid=395299) ERROR 07-28 09:54:36 [multiproc_executor.py:1007]   File "/home/l00838859/cann/my-project/vllm/vllm/v1/executor/multiproc_executor.py", line 999, in worker_busy_loop
(Worker_DP3_TP0_EP6 pid=395299) ERROR 07-28 09:54:36 [multiproc_executor.py:1007]     output = func(*args, **kwargs)
(Worker_DP3_TP0_EP6 pid=395299) ERROR 07-28 09:54:36 [multiproc_executor.py:1007]              ^^^^^^^^^^^^^^^^^^^^^
(Worker_DP3_TP0_EP6 pid=395299) ERROR 07-28 09:54:36 [multiproc_executor.py:1007]   File "/home/l00838859/cann/my-project/vllm/vllm/v1/worker/worker_base.py", line 351, in execute_model
(Worker_DP3_TP0_EP6 pid=395299) ERROR 07-28 09:54:36 [multiproc_executor.py:1007]     return self.worker.execute_model(scheduler_output)
(Worker_DP3_TP0_EP6 pid=395299) ERROR 07-28 09:54:36 [multiproc_executor.py:1007]            ^^^^^^^^^^^^^^^^^^^^^^^^^^^^^^^^^^^^^^^^^^^
(Worker_DP3_TP0_EP6 pid=395299) ERROR 07-28 09:54:36 [multiproc_executor.py:1007]   File "/home/l00838859/cann/my-project/vllm-ascend/vllm_ascend/worker/worker.py", line 685, in execute_model
(Worker_DP3_TP0_EP6 pid=395299) ERROR 07-28 09:54:36 [multiproc_executor.py:1007]     output = self.model_runner.execute_model(scheduler_output, intermediate_tensors)
(Worker_DP3_TP0_EP6 pid=395299) ERROR 07-28 09:54:36 [multiproc_executor.py:1007]              ^^^^^^^^^^^^^^^^^^^^^^^^^^^^^^^^^^^^^^^^^^^^^^^^^^^^^^^^^^^^^^^^^^^^^^^
(Worker_DP3_TP0_EP6 pid=395299) ERROR 07-28 09:54:36 [multiproc_executor.py:1007]   File "/usr/local/lib/python3.11/site-packages/torch/utils/_contextlib.py", line 124, in decorate_context
(Worker_DP3_TP0_EP6 pid=395299) ERROR 07-28 09:54:36 [multiproc_executor.py:1007]     return func(*args, **kwargs)
(Worker_DP3_TP0_EP6 pid=395299) ERROR 07-28 09:54:36 [multiproc_executor.py:1007]            ^^^^^^^^^^^^^^^^^^^^^
(Worker_DP3_TP0_EP6 pid=395299) ERROR 07-28 09:54:36 [multiproc_executor.py:1007]   File "/home/l00838859/cann/my-project/vllm-ascend/vllm_ascend/worker/model_runner_v1.py", line 2346, in execute_model
(Worker_DP3_TP0_EP6 pid=395299) ERROR 07-28 09:54:36 [multiproc_executor.py:1007]     hidden_states = self._model_forward(
(Worker_DP3_TP0_EP6 pid=395299) ERROR 07-28 09:54:36 [multiproc_executor.py:1007]                     ^^^^^^^^^^^^^^^^^^^^
(Worker_DP3_TP0_EP6 pid=395299) ERROR 07-28 09:54:36 [multiproc_executor.py:1007]   File "/home/l00838859/cann/my-project/vllm-ascend/vllm_ascend/worker/model_runner_v1.py", line 2915, in _model_forward
(Worker_DP3_TP0_EP6 pid=395299) ERROR 07-28 09:54:36 [multiproc_executor.py:1007]     hidden_states = run_model()
(Worker_DP3_TP0_EP6 pid=395299) ERROR 07-28 09:54:36 [multiproc_executor.py:1007]                     ^^^^^^^^^^^
(Worker_DP3_TP0_EP6 pid=395299) ERROR 07-28 09:54:36 [multiproc_executor.py:1007]   File "/home/l00838859/cann/my-project/vllm-ascend/vllm_ascend/compilation/acl_graph.py", line 281, in __call__
(Worker_DP3_TP0_EP6 pid=395299) ERROR 07-28 09:54:36 [multiproc_executor.py:1007]     torch.npu.current_stream().synchronize()
(Worker_DP3_TP0_EP6 pid=395299) ERROR 07-28 09:54:36 [multiproc_executor.py:1007]   File "/usr/local/lib/python3.11/site-packages/torch_npu/npu/streams.py", line 85, in synchronize
(Worker_DP3_TP0_EP6 pid=395299) ERROR 07-28 09:54:36 [multiproc_executor.py:1007]     super(Stream, self).synchronize()
(Worker_DP3_TP0_EP6 pid=395299) ERROR 07-28 09:54:36 [multiproc_executor.py:1007] RuntimeError: synchronize:../torch_npu/csrc/core/npu/NPUStream.cpp:361 NPU function error: c10_npu::acl::AclrtSynchronizeStreamWithTimeout(stream()), error code is 507011
(Worker_DP3_TP0_EP6 pid=395299) ERROR 07-28 09:54:36 [multiproc_executor.py:1007] [ERROR] 2026-07-28-09:54:36 (PID:395299, Device:6, RankID:-1) ERR00100 PTA call acl api failed
(Worker_DP3_TP0_EP6 pid=395299) ERROR 07-28 09:54:36 [multiproc_executor.py:1007] [Error]: Model execution failed. 
(Worker_DP3_TP0_EP6 pid=395299) ERROR 07-28 09:54:36 [multiproc_executor.py:1007]         Rectify the fault based on the error information in the ascend log.
(Worker_DP3_TP0_EP6 pid=395299) ERROR 07-28 09:54:36 [multiproc_executor.py:1007] EE9999: Inner Error!
(Worker_DP3_TP0_EP6 pid=395299) ERROR 07-28 09:54:36 [multiproc_executor.py:1007] EE9999[PID: 395299] 2026-07-28-09:54:36.631.399 (EE9999):  rtStreamSynchronizeWithTimeout execution failed, reason=the model stream execute failed[FUNC:FuncErrorReason][FILE:error_message_manage.cc][LINE:65]
(Worker_DP3_TP0_EP6 pid=395299) ERROR 07-28 09:54:36 [multiproc_executor.py:1007]         TraceBack (most recent call last):
(Worker_DP3_TP0_EP6 pid=395299) ERROR 07-28 09:54:36 [multiproc_executor.py:1007]        synchronize stream with timeout failed, runtime result = 507011[FUNC:ReportCallError][FILE:log_inner.cpp][LINE:148]
(Worker_DP3_TP0_EP6 pid=395299) ERROR 07-28 09:54:36 [multiproc_executor.py:1007] 
(Worker_DP3_TP0_EP6 pid=395299) ERROR 07-28 09:54:36 [multiproc_executor.py:1007] 
(EngineCore_DP3 pid=394825) ERROR 07-28 09:54:36 [dump_input.py:81] Dumping scheduler stats: SchedulerStats(num_running_reqs=1, num_waiting_reqs=0, num_skipped_waiting_reqs=0, step_counter=0, current_wave=0, kv_cache_usage=0.016393442622950838, prefix_cache_stats=PrefixCacheStats(reset=False, requests=0, queries=0, hits=0, preempted_requests=0, preempted_queries=0, preempted_hits=0), connector_prefix_cache_stats=None, kv_cache_eviction_events=[], spec_decoding_stats=None, kv_connector_stats=None, waiting_lora_adapters={}, running_lora_adapters={}, cudagraph_stats=None, perf_stats=None)
(EngineCore_DP0 pid=394878) ERROR 07-28 09:54:36 [dump_input.py:72] Dumping input data for V1 LLM engine (v0.1.dev18654+g54503ecec) with config: model='/mnt/weights/DeepSeek-V3.1-Terminus-w8a8-QuaRot-lfs', speculative_config=SpeculativeConfig(method='mtp', model='/mnt/weights/DeepSeek-V3.1-Terminus-w8a8-QuaRot-lfs', num_spec_tokens=2), tokenizer='/mnt/weights/DeepSeek-V3.1-Terminus-w8a8-QuaRot-lfs', skip_tokenizer_init=False, tokenizer_mode=auto, revision=None, tokenizer_revision=None, trust_remote_code=True, dtype=torch.bfloat16, max_seq_len=4096, download_dir=None, load_format=auto, tensor_parallel_size=2, pipeline_parallel_size=1, data_parallel_size=8, decode_context_parallel_size=1, dcp_comm_backend=ag_rs, disable_custom_all_reduce=True, quantization=ascend, quantization_config=None, enforce_eager=False, enable_return_routed_experts=False, kv_cache_dtype=auto, device_config=npu, structured_outputs_config=StructuredOutputsConfig(backend='auto', disable_any_whitespace=False, disable_additional_properties=False, reasoning_parser='', reasoning_parser_plugin='', enable_in_reasoning=False), observability_config=ObservabilityConfig(show_hidden_metrics_for_version=None, otlp_traces_endpoint=None, collect_detailed_traces=None, kv_cache_metrics=False, kv_cache_metrics_sample=0.01, cudagraph_metrics=False, enable_layerwise_nvtx_tracing=False, enable_mfu_metrics=False, enable_mm_processor_stats=False, enable_logging_iteration_details=False, jit_monitor_mode='warn', jit_monitor_verbose=False), seed=1024, served_model_name=/mnt/weights/DeepSeek-V3.1-Terminus-w8a8-QuaRot-lfs, enable_prefix_caching=False, enable_chunked_prefill=True, pooler_config=None, compilation_config={'mode': <CompilationMode.VLLM_COMPILE: 3>, 'debug_dump_path': PosixPath('/home/l00838859/cann/vllm-runner/fx-graph'), 'cache_dir': '', 'compile_cache_save_format': 'binary', 'backend': 'vllm_ascend.compilation.compiler_interface.AscendCompiler', 'custom_ops': ['all'], 'ir_enable_torch_wrap': False, 'splitting_ops': [], 'compile_mm_encoder': False, 'cudagraph_mm_encoder': False, 'encoder_cudagraph_token_budgets': [], 'encoder_cudagraph_max_vision_items_per_batch': 0, 'encoder_cudagraph_max_frames_per_batch': None, 'compile_sizes': [], 'compile_ranges_endpoints': [256], 'inductor_compile_config': {'enable_auto_functionalized_v2': False, 'size_asserts': False, 'alignment_asserts': False, 'scalar_asserts': False, 'combo_kernels': True, 'benchmark_combo_kernel': True}, 'inductor_passes': {}, 'cudagraph_mode': <CUDAGraphMode.FULL_DECODE_ONLY: (2, 0)>, 'cudagraph_num_of_warmups': 1, 'cudagraph_capture_sizes': [3, 48], 'cudagraph_copy_inputs': False, 'cudagraph_specialize_lora': True, 'use_inductor_graph_partition': False, 'pass_config': {'fuse_norm_quant': True, 'fuse_act_quant': True, 'fuse_attn_quant': False, 'enable_sp': False, 'fuse_gemm_comms': False, 'fuse_allreduce_rms': False, 'fuse_rope_kvcache_cat_mla': False, 'fuse_act_padding': False}, 'max_cudagraph_capture_size': 48, 'dynamic_shapes_config': {'type': <DynamicShapesType.BACKED: 'backed'>, 'evaluate_guards': False, 'assume_32_bit_indexing': False}, 'local_cache_dir': None, 'fast_moe_cold_start': False, 'static_all_moe_layers': []}, kernel_config=KernelConfig(ir_op_priority=IrOpPriorityConfig(rms_norm=['native'], fused_add_rms_norm=['native']), enable_flashinfer_autotune=True, enable_cutedsl_warmup=True, moe_backend='auto', linear_backend='auto'), 
(Worker_DP5_TP1_EP11 pid=395704) ERROR 07-28 09:54:36 [multiproc_executor.py:1007] WorkerProc hit an exception.
(Worker_DP5_TP1_EP11 pid=395704) ERROR 07-28 09:54:36 [multiproc_executor.py:1007] Traceback (most recent call last):
(Worker_DP5_TP1_EP11 pid=395704) ERROR 07-28 09:54:36 [multiproc_executor.py:1007]   File "/home/l00838859/cann/my-project/vllm/vllm/v1/executor/multiproc_executor.py", line 999, in worker_busy_loop
(Worker_DP5_TP1_EP11 pid=395704) ERROR 07-28 09:54:36 [multiproc_executor.py:1007]     output = func(*args, **kwargs)
(Worker_DP5_TP1_EP11 pid=395704) ERROR 07-28 09:54:36 [multiproc_executor.py:1007]              ^^^^^^^^^^^^^^^^^^^^^
(Worker_DP5_TP1_EP11 pid=395704) ERROR 07-28 09:54:36 [multiproc_executor.py:1007]   File "/home/l00838859/cann/my-project/vllm/vllm/v1/worker/worker_base.py", line 351, in execute_model
(Worker_DP5_TP1_EP11 pid=395704) ERROR 07-28 09:54:36 [multiproc_executor.py:1007]     return self.worker.execute_model(scheduler_output)
(Worker_DP5_TP1_EP11 pid=395704) ERROR 07-28 09:54:36 [multiproc_executor.py:1007]            ^^^^^^^^^^^^^^^^^^^^^^^^^^^^^^^^^^^^^^^^^^^
(Worker_DP5_TP1_EP11 pid=395704) ERROR 07-28 09:54:36 [multiproc_executor.py:1007]   File "/home/l00838859/cann/my-project/vllm-ascend/vllm_ascend/worker/worker.py", line 685, in execute_model
(Worker_DP5_TP1_EP11 pid=395704) ERROR 07-28 09:54:36 [multiproc_executor.py:1007]     output = self.model_runner.execute_model(scheduler_output, intermediate_tensors)
(Worker_DP5_TP1_EP11 pid=395704) ERROR 07-28 09:54:36 [multiproc_executor.py:1007]              ^^^^^^^^^^^^^^^^^^^^^^^^^^^^^^^^^^^^^^^^^^^^^^^^^^^^^^^^^^^^^^^^^^^^^^^
(Worker_DP5_TP1_EP11 pid=395704) ERROR 07-28 09:54:36 [multiproc_executor.py:1007]   File "/usr/local/lib/python3.11/site-packages/torch/utils/_contextlib.py", line 124, in decorate_context
(Worker_DP5_TP1_EP11 pid=395704) ERROR 07-28 09:54:36 [multiproc_executor.py:1007]     return func(*args, **kwargs)
(Worker_DP5_TP1_EP11 pid=395704) ERROR 07-28 09:54:36 [multiproc_executor.py:1007]            ^^^^^^^^^^^^^^^^^^^^^
(Worker_DP5_TP1_EP11 pid=395704) ERROR 07-28 09:54:36 [multiproc_executor.py:1007]   File "/home/l00838859/cann/my-project/vllm-ascend/vllm_ascend/worker/model_runner_v1.py", line 2346, in execute_model
(Worker_DP5_TP1_EP11 pid=395704) ERROR 07-28 09:54:36 [multiproc_executor.py:1007]     hidden_states = self._model_forward(
(Worker_DP5_TP1_EP11 pid=395704) ERROR 07-28 09:54:36 [multiproc_executor.py:1007]                     ^^^^^^^^^^^^^^^^^^^^
(Worker_DP5_TP1_EP11 pid=395704) ERROR 07-28 09:54:36 [multiproc_executor.py:1007]   File "/home/l00838859/cann/my-project/vllm-ascend/vllm_ascend/worker/model_runner_v1.py", line 2915, in _model_forward
(Worker_DP5_TP1_EP11 pid=395704) ERROR 07-28 09:54:36 [multiproc_executor.py:1007]     hidden_states = run_model()
(Worker_DP5_TP1_EP11 pid=395704) ERROR 07-28 09:54:36 [multiproc_executor.py:1007]                     ^^^^^^^^^^^
(Worker_DP5_TP1_EP11 pid=395704) ERROR 07-28 09:54:36 [multiproc_executor.py:1007]   File "/home/l00838859/cann/my-project/vllm-ascend/vllm_ascend/compilation/acl_graph.py", line 281, in __call__
(Worker_DP5_TP1_EP11 pid=395704) ERROR 07-28 09:54:36 [multiproc_executor.py:1007]     torch.npu.current_stream().synchronize()
(Worker_DP5_TP1_EP11 pid=395704) ERROR 07-28 09:54:36 [multiproc_executor.py:1007]   File "/usr/local/lib/python3.11/site-packages/torch_npu/npu/streams.py", line 85, in synchronize
(Worker_DP5_TP1_EP11 pid=395704) ERROR 07-28 09:54:36 [multiproc_executor.py:1007]     super(Stream, self).synchronize()
(Worker_DP5_TP1_EP11 pid=395704) ERROR 07-28 09:54:36 [multiproc_executor.py:1007] RuntimeError: synchronize:../torch_npu/csrc/core/npu/NPUStream.cpp:361 NPU function error: c10_npu::acl::AclrtSynchronizeStreamWithTimeout(stream()), error code is 507011
(Worker_DP5_TP1_EP11 pid=395704) ERROR 07-28 09:54:36 [multiproc_executor.py:1007] [ERROR] 2026-07-28-09:54:36 (PID:395704, Device:11, RankID:-1) ERR00100 PTA call acl api failed
(Worker_DP5_TP1_EP11 pid=395704) ERROR 07-28 09:54:36 [multiproc_executor.py:1007] [Error]: Model execution failed. 
(Worker_DP5_TP1_EP11 pid=395704) ERROR 07-28 09:54:36 [multiproc_executor.py:1007]         Rectify the fault based on the error information in the ascend log.
(Worker_DP5_TP1_EP11 pid=395704) ERROR 07-28 09:54:36 [multiproc_executor.py:1007] [PID: 395704] 2026-07-28-09:54:36.636.954 Execution_Error_SDMA(EI0012): SDMA memory copy task exception occurred. Remote rank: [0]. Base information: [streamID:[85], taskID[1], taskType[Task AIV], tag[], AlgType(level 0-1-2):[ring-ring-ring].]. Task information: [cmdType:[6], tag:[1], size:[688128], numBlocks:[8], rankSize:[2], aivRdmaStep:[-1], flagMem:[0x130f61a00000], isOpbase:[0]
(Worker_DP5_TP1_EP11 pid=395704) ERROR 07-28 09:54:36 [multiproc_executor.py:1007] there are 4 abnormal device(s), only the first 3 devices are listed:
(Worker_DP5_TP1_EP11 pid=395704) ERROR 07-28 09:54:36 [multiproc_executor.py:1007] 	[TaskExecStage][HeartbeatAbnormal]Cluster Exception Location[IP/ID]:[10.10.1.44/11], Arrival Time:[Tue Jul 28 09:52:57 2026], ExceptionType:[Stuck Occurred], Possible Reason:1.Host process is stuck, 2.Device task is stuck
(Worker_DP5_TP1_EP11 pid=395704) ERROR 07-28 09:54:36 [multiproc_executor.py:1007] 	[TaskExecStage][HeartbeatAbnormal]Cluster Exception Location[IP/ID]:[10.10.1.44/13], Arrival Time:[Tue Jul 28 09:52:57 2026], ExceptionType:[Stuck Occurred], Possible Reason:1.Host process is stuck, 2.Device task is stuck
(Worker_DP5_TP1_EP11 pid=395704) ERROR 07-28 09:54:36 [multiproc_executor.py:1007] 	[TaskExecStage][HeartbeatAbnormal]Cluster Exception Location[IP/ID]:[10.10.1.44/12], Arrival Time:[Tue Jul 28 09:52:58 2026], ExceptionType:[Stuck Occurred], Possible Reason:1.Host process is stuck, 2.Device task is stuck
(Worker_DP5_TP1_EP11 pid=395704) ERROR 07-28 09:54:36 [multiproc_executor.py:1007] ]. Communicator information: [].
(Worker_DP5_TP1_EP11 pid=395704) ERROR 07-28 09:54:36 [multiproc_executor.py:1007]         Possible Cause: 1. Network connection exception occurred during the SDMA task execution. 2. The peer process exits abnormally. 3. The input or output memory address is not allocated, the actual allocated size is smaller than the input data size, or the memory is freed before the operator execution is complete.
(Worker_DP5_TP1_EP11 pid=395704) ERROR 07-28 09:54:36 [multiproc_executor.py:1007]         Solution: 1. Check whether the network link is abnormal during the execution. 2. Check whether a process in the cluster exits before an error is reported. If yes, locate the cause of the process exit. 3. Check whether the size of the input/output memory passed to the communication operator meets the expectation, and whether the input/output memory or communicator is freed or destroyed before the operator execution is complete.
(Worker_DP5_TP1_EP11 pid=395704) ERROR 07-28 09:54:36 [multiproc_executor.py:1007]         TraceBack (most recent call last):
(Worker_DP5_TP1_EP11 pid=395704) ERROR 07-28 09:54:36 [multiproc_executor.py:1007]         The error from device(chipId:5, dieId:1), serial number is 21, there is an exception of aivec error, core id is 1, error code = 0, dump info: pc start: 0x12c0de87ba0c, current: 0x12c0de89db44, vec error info: 0xad00000cfe, mte error info: 0xf603082c6e, ifu error info: 0x20001bdc5ce00, ccu error info: 0x190804b16880003f, cube error info: 0, biu error info: 0, aic error mask: 0x6500020bd00028c, para base: 0x12c1401d6000.[FUNC:PrintCoreInfo][FILE:device_error_core_proc.cc][LINE:645]
(Worker_DP5_TP1_EP11 pid=395704) ERROR 07-28 09:54:36 [multiproc_executor.py:1007]         The extend info: errcode:(0, 0, 0) errorStr: timeout or trap error. fixp_error0 info: 0x3082c6e, fixp_error1 info: 0xf6, fsmId:0, tslot:1, thread:0, ctxid:0, blk:4, sublk:0, subErrType:4.[FUNC:PrintCoreInfo][FILE:device_error_core_proc.cc][LINE:658]
(Worker_DP5_TP1_EP11 pid=395704) ERROR 07-28 09:54:36 [multiproc_executor.py:1007]         The error from device(chipId:5, dieId:1), serial number is 21, there is an exception of aivec error, core id is 4, error code = 0, dump info: pc start: 0x12c0de87ba0c, current: 0x12c0de89db44, vec error info: 0xad000030c3, mte error info: 0xf6060000a2, ifu error info: 0x217ffbe014040, ccu error info: 0x5e42c0946880003f, cube error info: 0, biu error info: 0, aic error mask: 0x6500020bd00028c, para base: 0x12c1401d6000.[FUNC:PrintCoreInfo][FILE:device_error_core_proc.cc][LINE:645]
(Worker_DP5_TP1_EP11 pid=395704) ERROR 07-28 09:54:36 [multiproc_executor.py:1007]         The extend info: errcode:(0, 0, 0) errorStr: timeout or trap error. fixp_error0 info: 0x60000a2, fixp_error1 info: 0xf6, fsmId:0, tslot:1, thread:0, ctxid:0, blk:7, sublk:0, subErrType:4.[FUNC:PrintCoreInfo][FILE:device_error_core_proc.cc][LINE:658]
(Worker_DP5_TP1_EP11 pid=395704) ERROR 07-28 09:54:36 [multiproc_executor.py:1007]         The error from device(chipId:5, dieId:1), serial number is 21, there is an exception of aivec error, core id is 48, error code = 0, dump info: pc start: 0x12c0de87ba0c, current: 0x12c0de89db44, vec error info: 0xad00000cfe, mte error info: 0xf603064c6e, ifu error info: 0x20001bdc5c600, ccu error info: 0xc86a6d86880003f, cube error info: 0, biu error info: 0, aic error mask: 0x6500020bd00028c, para base: 0x12c1401d6000.[FUNC:PrintCoreInfo][FILE:device_error_core_proc.cc][LINE:645]
(Worker_DP5_TP1_EP11 pid=395704) ERROR 07-28 09:54:36 [multiproc_executor.py:1007]         The extend info: errcode:(0, 0, 0) errorStr: timeout or trap error. fixp_error0 info: 0x3064c6e, fixp_error1 info: 0xf6, fsmId:0, tslot:1, thread:0, ctxid:0, blk:1, sublk:0, subErrType:4.[FUNC:PrintCoreInfo][FILE:device_error_core_proc.cc][LINE:658]
(Worker_DP5_TP1_EP11 pid=395704) ERROR 07-28 09:54:36 [multiproc_executor.py:1007]         The error from device(chipId:5, dieId:1), serial number is 21, there is an exception of aivec error, core id is 49, error code = 0, dump info: pc start: 0x12c0de87ba0c, current: 0x12c0de89db44, vec error info: 0xad00000cfe, mte error info: 0xf603066c6e, ifu error info: 0x217ffbe014040, ccu error info: 0x3627bce36880003f, cube error info: 0, biu error info: 0, aic error mask: 0x6500020bd00028c, para base: 0x12c1401d6000.[FUNC:PrintCoreInfo][FILE:device_error_core_proc.cc][LINE:645]
(Worker_DP5_TP1_EP11 pid=395704) ERROR 07-28 09:54:36 [multiproc_executor.py:1007]         The extend info: errcode:(0, 0, 0) errorStr: timeout or trap error. fixp_error0 info: 0x3066c6e, fixp_error1 info: 0xf6, fsmId:0, tslot:1, thread:0, ctxid:0, blk:2, sublk:0, subErrType:4.[FUNC:PrintCoreInfo][FILE:device_error_core_proc.cc][LINE:658]
(Worker_DP5_TP1_EP11 pid=395704) ERROR 07-28 09:54:36 [multiproc_executor.py:1007]         The error from device(chipId:5, dieId:1), serial number is 21, there is an exception of aivec error, core id is 0, error code = 0, dump info: pc start: 0x12c0de87ba0c, current: 0x12c0de89db64, vec error info: 0xad00000cfe, mte error info: 0x4e060000c7, ifu error info: 0x20001bdc63e00, ccu error info: 0x54f721786880003f, cube error info: 0, biu error info: 0, aic error mask: 0x6500020bd00028c, para base: 0x12c1401d6000.[FUNC:PrintCoreInfo][FILE:device_error_core_proc.cc][LINE:645]
(Worker_DP5_TP1_EP11 pid=395704) ERROR 07-28 09:54:36 [multiproc_executor.py:1007]         The extend info: errcode:(0, 0, 0) errorStr: timeout or trap error. fixp_error0 info: 0x60000c7, fixp_error1 info: 0x4e, fsmId:1, tslot:1, thread:0, ctxid:0, blk:3, sublk:0, subErrType:4.[FUNC:PrintCoreInfo][FILE:device_error_core_proc.cc][LINE:658]
(Worker_DP5_TP1_EP11 pid=395704) ERROR 07-28 09:54:36 [multiproc_executor.py:1007]         The error from device(chipId:5, dieId:1), serial number is 21, there is an exception of aivec error, core id is 2, error code = 0, dump info: pc start: 0x12c0de87ba0c, current: 0x12c0de89db44, vec error info: 0xad00000cfe, mte error info: 0xf603064c6e, ifu error info: 0x2fffffe500000, ccu error info: 0xbc70da886880003f, cube error info: 0, biu error info: 0, aic error mask: 0x6500020bd00028c, para base: 0x12c1401d6000.[FUNC:PrintCoreInfo][FILE:device_error_core_proc.cc][LINE:645]
(Worker_DP5_TP1_EP11 pid=395704) ERROR 07-28 09:54:36 [multiproc_executor.py:1007]         The extend info: errcode:(0, 0, 0) errorStr: timeout or trap error. fixp_error0 info: 0x3064c6e, fixp_error1 info: 0xf6, fsmId:1, tslot:1, thread:0, ctxid:0, blk:5, sublk:0, subErrType:4.[FUNC:PrintCoreInfo][FILE:device_error_core_proc.cc][LINE:658]
(Worker_DP5_TP1_EP11 pid=395704) ERROR 07-28 09:54:36 [multiproc_executor.py:1007]         The error from device(chipId:5, dieId:1), serial number is 21, there is an exception of aivec error, core id is 3, error code = 0, dump info: pc start: 0x12c0de87ba0c, current: 0x12c0de89db24, vec error info: 0xad000030c3, mte error info: 0xf6060000a2, ifu error info: 0x2fffffe600000, ccu error info: 0x95ba3bd76880003f, cube error info: 0, biu error info: 0, aic error mask: 0x6500020bd00028c, para base: 0x12c1401d6000.[FUNC:PrintCoreInfo][FILE:device_error_core_proc.cc][LINE:645]
(Worker_DP5_TP1_EP11 pid=395704) ERROR 07-28 09:54:36 [multiproc_executor.py:1007]         The extend info: errcode:(0, 0, 0) errorStr: timeout or trap error. fixp_error0 info: 0x60000a2, fixp_error1 info: 0xf6, fsmId:1, tslot:1, thread:0, ctxid:0, blk:6, sublk:0, subErrType:4.[FUNC:PrintCoreInfo][FILE:device_error_core_proc.cc][LINE:658]
(Worker_DP5_TP1_EP11 pid=395704) ERROR 07-28 09:54:36 [multiproc_executor.py:1007]         The error from device(chipId:5, dieId:1), serial number is 21, there is an exception of aivec error, core id is 47, error code = 0, dump info: pc start: 0x12c0de87ba0c, current: 0x12c0de884c50, vec error info: 0xad00000cfe, mte error info: 0xf6060000a2, ifu error info: 0x217ffbe014040, ccu error info: 0xa91d009b6880003f, cube error info: 0, biu error info: 0, aic error mask: 0x6500020bd00028c, para base: 0x12c1401d6000.[FUNC:PrintCoreInfo][FILE:device_error_core_proc.cc][LINE:645]
(Worker_DP5_TP1_EP11 pid=395704) ERROR 07-28 09:54:36 [multiproc_executor.py:1007]         The extend info: errcode:(0, 0, 0) errorStr: timeout or trap error. fixp_error0 info: 0x60000a2, fixp_error1 info: 0xf6, fsmId:1, tslot:1, thread:0, ctxid:0, blk:0, sublk:0, subErrType:4.[FUNC:PrintCoreInfo][FILE:device_error_core_proc.cc][LINE:658]
(Worker_DP5_TP1_EP11 pid=395704) ERROR 07-28 09:54:36 [multiproc_executor.py:1007]         SDMA memory copy task exception occurred. Remote rank: [0]. Base information: [streamID:[85], taskID[1], taskType[Task AIV], tag[], AlgType(level 0-1-2):[ring-ring-ring].]. Task information: [cmdType:[6], tag:[1], size:[688128], numBlocks:[8], rankSize:[2], aivRdmaStep:[-1], flagMem:[0x130f61a00000], isOpbase:[0]
(Worker_DP5_TP1_EP11 pid=395704) ERROR 07-28 09:54:36 [multiproc_executor.py:1007] there are 4 abnormal device(s), only the first 3 devices are listed:
(Worker_DP5_TP1_EP11 pid=395704) ERROR 07-28 09:54:36 [multiproc_executor.py:1007] 	[TaskExecStage][HeartbeatAbnormal]Cluster Exception Location[IP/ID]:[10.10.1.44/11], Arrival Time:[Tue Jul 28 09:52:57 2026], ExceptionType:[Stuck Occurred], Possible Reason:1.Host process is stuck, 2.Device task is stuck
(Worker_DP5_TP1_EP11 pid=395704) ERROR 07-28 09:54:36 [multiproc_executor.py:1007] 	[TaskExecStage][HeartbeatAbnormal]Cluster Exception Location[IP/ID]:[10.10.1.44/13], Arrival Time:[Tue Jul 28 09:52:57 2026], ExceptionType:[Stuck Occurred], Possible Reason:1.Host process is stuck, 2.Device task is stuck
(Worker_DP5_TP1_EP11 pid=395704) ERROR 07-28 09:54:36 [multiproc_executor.py:1007] 	[TaskExecStage][HeartbeatAbnormal]Cluster Exception Location[IP/ID]:[10.10.1.44/12], Arrival Time:[Tue Jul 28 09:52:58 2026], ExceptionType:[Stuck Occurred], Possible Reason:1.Host process is stuck, 2.Device task is stuck
(Worker_DP5_TP1_EP11 pid=395704) ERROR 07-28 09:54:36 [multiproc_executor.py:1007] ]. Communicator information: [].
(Worker_DP5_TP1_EP11 pid=395704) ERROR 07-28 09:54:36 [multiproc_executor.py:1007]         rtStreamSynchronizeWithTimeout execution failed, reason=the model stream execute failed[FUNC:FuncErrorReason][FILE:error_message_manage.cc][LINE:65]
(Worker_DP5_TP1_EP11 pid=395704) ERROR 07-28 09:54:36 [multiproc_executor.py:1007]         synchronize stream with timeout failed, runtime result = 507011[FUNC:ReportCallError][FILE:log_inner.cpp][LINE:148]
(Worker_DP5_TP1_EP11 pid=395704) ERROR 07-28 09:54:36 [multiproc_executor.py:1007] 
(Worker_DP5_TP1_EP11 pid=395704) ERROR 07-28 09:54:36 [multiproc_executor.py:1007] Traceback (most recent call last):
(Worker_DP5_TP1_EP11 pid=395704) ERROR 07-28 09:54:36 [multiproc_executor.py:1007]   File "/home/l00838859/cann/my-project/vllm/vllm/v1/executor/multiproc_executor.py", line 999, in worker_busy_loop
(Worker_DP5_TP1_EP11 pid=395704) ERROR 07-28 09:54:36 [multiproc_executor.py:1007]     output = func(*args, **kwargs)
(Worker_DP5_TP1_EP11 pid=395704) ERROR 07-28 09:54:36 [multiproc_executor.py:1007]              ^^^^^^^^^^^^^^^^^^^^^
(Worker_DP5_TP1_EP11 pid=395704) ERROR 07-28 09:54:36 [multiproc_executor.py:1007]   File "/home/l00838859/cann/my-project/vllm/vllm/v1/worker/worker_base.py", line 351, in execute_model
(Worker_DP5_TP1_EP11 pid=395704) ERROR 07-28 09:54:36 [multiproc_executor.py:1007]     return self.worker.execute_model(scheduler_output)
(Worker_DP5_TP1_EP11 pid=395704) ERROR 07-28 09:54:36 [multiproc_executor.py:1007]            ^^^^^^^^^^^^^^^^^^^^^^^^^^^^^^^^^^^^^^^^^^^
(Worker_DP5_TP1_EP11 pid=395704) ERROR 07-28 09:54:36 [multiproc_executor.py:1007]   File "/home/l00838859/cann/my-project/vllm-ascend/vllm_ascend/worker/worker.py", line 685, in execute_model
(Worker_DP5_TP1_EP11 pid=395704) ERROR 07-28 09:54:36 [multiproc_executor.py:1007]     output = self.model_runner.execute_model(scheduler_output, intermediate_tensors)
(Worker_DP5_TP1_EP11 pid=395704) ERROR 07-28 09:54:36 [multiproc_executor.py:1007]              ^^^^^^^^^^^^^^^^^^^^^^^^^^^^^^^^^^^^^^^^^^^^^^^^^^^^^^^^^^^^^^^^^^^^^^^
(Worker_DP5_TP1_EP11 pid=395704) ERROR 07-28 09:54:36 [multiproc_executor.py:1007]   File "/usr/local/lib/python3.11/site-packages/torch/utils/_contextlib.py", line 124, in decorate_context
(Worker_DP5_TP1_EP11 pid=395704) ERROR 07-28 09:54:36 [multiproc_executor.py:1007]     return func(*args, **kwargs)
(Worker_DP5_TP1_EP11 pid=395704) ERROR 07-28 09:54:36 [multiproc_executor.py:1007]            ^^^^^^^^^^^^^^^^^^^^^
(Worker_DP5_TP1_EP11 pid=395704) ERROR 07-28 09:54:36 [multiproc_executor.py:1007]   File "/home/l00838859/cann/my-project/vllm-ascend/vllm_ascend/worker/model_runner_v1.py", line 2346, in execute_model
(Worker_DP5_TP1_EP11 pid=395704) ERROR 07-28 09:54:36 [multiproc_executor.py:1007]     hidden_states = self._model_forward(
(Worker_DP5_TP1_EP11 pid=395704) ERROR 07-28 09:54:36 [multiproc_executor.py:1007]                     ^^^^^^^^^^^^^^^^^^^^
(Worker_DP5_TP1_EP11 pid=395704) ERROR 07-28 09:54:36 [multiproc_executor.py:1007]   File "/home/l00838859/cann/my-project/vllm-ascend/vllm_ascend/worker/model_runner_v1.py", line 2915, in _model_forward
(Worker_DP5_TP1_EP11 pid=395704) ERROR 07-28 09:54:36 [multiproc_executor.py:1007]     hidden_states = run_model()
(Worker_DP5_TP1_EP11 pid=395704) ERROR 07-28 09:54:36 [multiproc_executor.py:1007]                     ^^^^^^^^^^^
(Worker_DP5_TP1_EP11 pid=395704) ERROR 07-28 09:54:36 [multiproc_executor.py:1007]   File "/home/l00838859/cann/my-project/vllm-ascend/vllm_ascend/compilation/acl_graph.py", line 281, in __call__
(Worker_DP5_TP1_EP11 pid=395704) ERROR 07-28 09:54:36 [multiproc_executor.py:1007]     torch.npu.current_stream().synchronize()
(Worker_DP5_TP1_EP11 pid=395704) ERROR 07-28 09:54:36 [multiproc_executor.py:1007]   File "/usr/local/lib/python3.11/site-packages/torch_npu/npu/streams.py", line 85, in synchronize
(Worker_DP5_TP1_EP11 pid=395704) ERROR 07-28 09:54:36 [multiproc_executor.py:1007]     super(Stream, self).synchronize()
(Worker_DP5_TP1_EP11 pid=395704) ERROR 07-28 09:54:36 [multiproc_executor.py:1007] RuntimeError: synchronize:../torch_npu/csrc/core/npu/NPUStream.cpp:361 NPU function error: c10_npu::acl::AclrtSynchronizeStreamWithTimeout(stream()), error code is 507011
(Worker_DP5_TP1_EP11 pid=395704) ERROR 07-28 09:54:36 [multiproc_executor.py:1007] [ERROR] 2026-07-28-09:54:36 (PID:395704, Device:11, RankID:-1) ERR00100 PTA call acl api failed
(Worker_DP5_TP1_EP11 pid=395704) ERROR 07-28 09:54:36 [multiproc_executor.py:1007] [Error]: Model execution failed. 
(Worker_DP5_TP1_EP11 pid=395704) ERROR 07-28 09:54:36 [multiproc_executor.py:1007]         Rectify the fault based on the error information in the ascend log.
(Worker_DP5_TP1_EP11 pid=395704) ERROR 07-28 09:54:36 [multiproc_executor.py:1007] [PID: 395704] 2026-07-28-09:54:36.636.954 Execution_Error_SDMA(EI0012): SDMA memory copy task exception occurred. Remote rank: [0]. Base information: [streamID:[85], taskID[1], taskType[Task AIV], tag[], AlgType(level 0-1-2):[ring-ring-ring].]. Task information: [cmdType:[6], tag:[1], size:[688128], numBlocks:[8], rankSize:[2], aivRdmaStep:[-1], flagMem:[0x130f61a00000], isOpbase:[0]
(Worker_DP5_TP1_EP11 pid=395704) ERROR 07-28 09:54:36 [multiproc_executor.py:1007] there are 4 abnormal device(s), only the first 3 devices are listed:
(Worker_DP5_TP1_EP11 pid=395704) ERROR 07-28 09:54:36 [multiproc_executor.py:1007] 	[TaskExecStage][HeartbeatAbnormal]Cluster Exception Location[IP/ID]:[10.10.1.44/11], Arrival Time:[Tue Jul 28 09:52:57 2026], ExceptionType:[Stuck Occurred], Possible Reason:1.Host process is stuck, 2.Device task is stuck
(Worker_DP5_TP1_EP11 pid=395704) ERROR 07-28 09:54:36 [multiproc_executor.py:1007] 	[TaskExecStage][HeartbeatAbnormal]Cluster Exception Location[IP/ID]:[10.10.1.44/13], Arrival Time:[Tue Jul 28 09:52:57 2026], ExceptionType:[Stuck Occurred], Possible Reason:1.Host process is stuck, 2.Device task is stuck
(Worker_DP5_TP1_EP11 pid=395704) ERROR 07-28 09:54:36 [multiproc_executor.py:1007] 	[TaskExecStage][HeartbeatAbnormal]Cluster Exception Location[IP/ID]:[10.10.1.44/12], Arrival Time:[Tue Jul 28 09:52:58 2026], ExceptionType:[Stuck Occurred], Possible Reason:1.Host process is stuck, 2.Device task is stuck
(Worker_DP5_TP1_EP11 pid=395704) ERROR 07-28 09:54:36 [multiproc_executor.py:1007] ]. Communicator information: [].
(Worker_DP5_TP1_EP11 pid=395704) ERROR 07-28 09:54:36 [multiproc_executor.py:1007]         Possible Cause: 1. Network connection exception occurred during the SDMA task execution. 2. The peer process exits abnormally. 3. The input or output memory address is not allocated, the actual allocated size is smaller than the input data size, or the memory is freed before the operator execution is complete.
(Worker_DP5_TP1_EP11 pid=395704) ERROR 07-28 09:54:36 [multiproc_executor.py:1007]         Solution: 1. Check whether the network link is abnormal during the execution. 2. Check whether a process in the cluster exits before an error is reported. If yes, locate the cause of the process exit. 3. Check whether the size of the input/output memory passed to the communication operator meets the expectation, and whether the input/output memory or communicator is freed or destroyed before the operator execution is complete.
(Worker_DP5_TP1_EP11 pid=395704) ERROR 07-28 09:54:36 [multiproc_executor.py:1007]         TraceBack (most recent call last):
(Worker_DP5_TP1_EP11 pid=395704) ERROR 07-28 09:54:36 [multiproc_executor.py:1007]         The error from device(chipId:5, dieId:1), serial number is 21, there is an exception of aivec error, core id is 1, error code = 0, dump info: pc start: 0x12c0de87ba0c, current: 0x12c0de89db44, vec error info: 0xad00000cfe, mte error info: 0xf603082c6e, ifu error info: 0x20001bdc5ce00, ccu error info: 0x190804b16880003f, cube error info: 0, biu error info: 0, aic error mask: 0x6500020bd00028c, para base: 0x12c1401d6000.[FUNC:PrintCoreInfo][FILE:device_error_core_proc.cc][LINE:645]
(Worker_DP5_TP1_EP11 pid=395704) ERROR 07-28 09:54:36 [multiproc_executor.py:1007]         The extend info: errcode:(0, 0, 0) errorStr: timeout or trap error. fixp_error0 info: 0x3082c6e, fixp_error1 info: 0xf6, fsmId:0, tslot:1, thread:0, ctxid:0, blk:4, sublk:0, subErrType:4.[FUNC:PrintCoreInfo][FILE:device_error_core_proc.cc][LINE:658]
(Worker_DP5_TP1_EP11 pid=395704) ERROR 07-28 09:54:36 [multiproc_executor.py:1007]         The error from device(chipId:5, dieId:1), serial number is 21, there is an exception of aivec error, core id is 4, error code = 0, dump info: pc start: 0x12c0de87ba0c, current: 0x12c0de89db44, vec error info: 0xad000030c3, mte error info: 0xf6060000a2, ifu error info: 0x217ffbe014040, ccu error info: 0x5e42c0946880003f, cube error info: 0, biu error info: 0, aic error mask: 0x6500020bd00028c, para base: 0x12c1401d6000.[FUNC:PrintCoreInfo][FILE:device_error_core_proc.cc][LINE:645]
(Worker_DP5_TP1_EP11 pid=395704) ERROR 07-28 09:54:36 [multiproc_executor.py:1007]         The extend info: errcode:(0, 0, 0) errorStr: timeout or trap error. fixp_error0 info: 0x60000a2, fixp_error1 info: 0xf6, fsmId:0, tslot:1, thread:0, ctxid:0, blk:7, sublk:0, subErrType:4.[FUNC:PrintCoreInfo][FILE:device_error_core_proc.cc][LINE:658]
(Worker_DP5_TP1_EP11 pid=395704) ERROR 07-28 09:54:36 [multiproc_executor.py:1007]         The error from device(chipId:5, dieId:1), serial number is 21, there is an exception of aivec error, core id is 48, error code = 0, dump info: pc start: 0x12c0de87ba0c, current: 0x12c0de89db44, vec error info: 0xad00000cfe, mte error info: 0xf603064c6e, ifu error info: 0x20001bdc5c600, ccu error info: 0xc86a6d86880003f, cube error info: 0, biu error info: 0, aic error mask: 0x6500020bd00028c, para base: 0x12c1401d6000.[FUNC:PrintCoreInfo][FILE:device_error_core_proc.cc][LINE:645]
(Worker_DP5_TP1_EP11 pid=395704) ERROR 07-28 09:54:36 [multiproc_executor.py:1007]         The extend info: errcode:(0, 0, 0) errorStr: timeout or trap error. fixp_error0 info: 0x3064c6e, fixp_error1 info: 0xf6, fsmId:0, tslot:1, thread:0, ctxid:0, blk:1, sublk:0, subErrType:4.[FUNC:PrintCoreInfo][FILE:device_error_core_proc.cc][LINE:658]
(Worker_DP5_TP1_EP11 pid=395704) ERROR 07-28 09:54:36 [multiproc_executor.py:1007]         The error from device(chipId:5, dieId:1), serial number is 21, there is an exception of aivec error, core id is 49, error code = 0, dump info: pc start: 0x12c0de87ba0c, current: 0x12c0de89db44, vec error info: 0xad00000cfe, mte error info: 0xf603066c6e, ifu error info: 0x217ffbe014040, ccu error info: 0x3627bce36880003f, cube error info: 0, biu error info: 0, aic error mask: 0x6500020bd00028c, para base: 0x12c1401d6000.[FUNC:PrintCoreInfo][FILE:device_error_core_proc.cc][LINE:645]
(Worker_DP5_TP1_EP11 pid=395704) ERROR 07-28 09:54:36 [multiproc_executor.py:1007]         The extend info: errcode:(0, 0, 0) errorStr: timeout or trap error. fixp_error0 info: 0x3066c6e, fixp_error1 info: 0xf6, fsmId:0, tslot:1, thread:0, ctxid:0, blk:2, sublk:0, subErrType:4.[FUNC:PrintCoreInfo][FILE:device_error_core_proc.cc][LINE:658]
(Worker_DP5_TP1_EP11 pid=395704) ERROR 07-28 09:54:36 [multiproc_executor.py:1007]         The error from device(chipId:5, dieId:1), serial number is 21, there is an exception of aivec error, core id is 0, error code = 0, dump info: pc start: 0x12c0de87ba0c, current: 0x12c0de89db64, vec error info: 0xad00000cfe, mte error info: 0x4e060000c7, ifu error info: 0x20001bdc63e00, ccu error info: 0x54f721786880003f, cube error info: 0, biu error info: 0, aic error mask: 0x6500020bd00028c, para base: 0x12c1401d6000.[FUNC:PrintCoreInfo][FILE:device_error_core_proc.cc][LINE:645]
(Worker_DP5_TP1_EP11 pid=395704) ERROR 07-28 09:54:36 [multiproc_executor.py:1007]         The extend info: errcode:(0, 0, 0) errorStr: timeout or trap error. fixp_error0 info: 0x60000c7, fixp_error1 info: 0x4e, fsmId:1, tslot:1, thread:0, ctxid:0, blk:3, sublk:0, subErrType:4.[FUNC:PrintCoreInfo][FILE:device_error_core_proc.cc][LINE:658]
(Worker_DP5_TP1_EP11 pid=395704) ERROR 07-28 09:54:36 [multiproc_executor.py:1007]         The error from device(chipId:5, dieId:1), serial number is 21, there is an exception of aivec error, core id is 2, error code = 0, dump info: pc start: 0x12c0de87ba0c, current: 0x12c0de89db44, vec error info: 0xad00000cfe, mte error info: 0xf603064c6e, ifu error info: 0x2fffffe500000, ccu error info: 0xbc70da886880003f, cube error info: 0, biu error info: 0, aic error mask: 0x6500020bd00028c, para base: 0x12c1401d6000.[FUNC:PrintCoreInfo][FILE:device_error_core_proc.cc][LINE:645]
(Worker_DP5_TP1_EP11 pid=395704) ERROR 07-28 09:54:36 [multiproc_executor.py:1007]         The extend info: errcode:(0, 0, 0) errorStr: timeout or trap error. fixp_error0 info: 0x3064c6e, fixp_error1 info: 0xf6, fsmId:1, tslot:1, thread:0, ctxid:0, blk:5, sublk:0, subErrType:4.[FUNC:PrintCoreInfo][FILE:device_error_core_proc.cc][LINE:658]
(Worker_DP5_TP1_EP11 pid=395704) ERROR 07-28 09:54:36 [multiproc_executor.py:1007]         The error from device(chipId:5, dieId:1), serial number is 21, there is an exception of aivec error, core id is 3, error code = 0, dump info: pc start: 0x12c0de87ba0c, current: 0x12c0de89db24, vec error info: 0xad000030c3, mte error info: 0xf6060000a2, ifu error info: 0x2fffffe600000, ccu error info: 0x95ba3bd76880003f, cube error info: 0, biu error info: 0, aic error mask: 0x6500020bd00028c, para base: 0x12c1401d6000.[FUNC:PrintCoreInfo][FILE:device_error_core_proc.cc][LINE:645]
(Worker_DP5_TP1_EP11 pid=395704) ERROR 07-28 09:54:36 [multiproc_executor.py:1007]         The extend info: errcode:(0, 0, 0) errorStr: timeout or trap error. fixp_error0 info: 0x60000a2, fixp_error1 info: 0xf6, fsmId:1, tslot:1, thread:0, ctxid:0, blk:6, sublk:0, subErrType:4.[FUNC:PrintCoreInfo][FILE:device_error_core_proc.cc][LINE:658]
(Worker_DP5_TP1_EP11 pid=395704) ERROR 07-28 09:54:36 [multiproc_executor.py:1007]         The error from device(chipId:5, dieId:1), serial number is 21, there is an exception of aivec error, core id is 47, error code = 0, dump info: pc start: 0x12c0de87ba0c, current: 0x12c0de884c50, vec error info: 0xad00000cfe, mte error info: 0xf6060000a2, ifu error info: 0x217ffbe014040, ccu error info: 0xa91d009b6880003f, cube error info: 0, biu error info: 0, aic error mask: 0x6500020bd00028c, para base: 0x12c1401d6000.[FUNC:PrintCoreInfo][FILE:device_error_core_proc.cc][LINE:645]
(Worker_DP5_TP1_EP11 pid=395704) ERROR 07-28 09:54:36 [multiproc_executor.py:1007]         The extend info: errcode:(0, 0, 0) errorStr: timeout or trap error. fixp_error0 info: 0x60000a2, fixp_error1 info: 0xf6, fsmId:1, tslot:1, thread:0, ctxid:0, blk:0, sublk:0, subErrType:4.[FUNC:PrintCoreInfo][FILE:device_error_core_proc.cc][LINE:658]
(Worker_DP5_TP1_EP11 pid=395704) ERROR 07-28 09:54:36 [multiproc_executor.py:1007]         SDMA memory copy task exception occurred. Remote rank: [0]. Base information: [streamID:[85], taskID[1], taskType[Task AIV], tag[], AlgType(level 0-1-2):[ring-ring-ring].]. Task information: [cmdType:[6], tag:[1], size:[688128], numBlocks:[8], rankSize:[2], aivRdmaStep:[-1], flagMem:[0x130f61a00000], isOpbase:[0]
(Worker_DP5_TP1_EP11 pid=395704) ERROR 07-28 09:54:36 [multiproc_executor.py:1007] there are 4 abnormal device(s), only the first 3 devices are listed:
(Worker_DP5_TP1_EP11 pid=395704) ERROR 07-28 09:54:36 [multiproc_executor.py:1007] 	[TaskExecStage][HeartbeatAbnormal]Cluster Exception Location[IP/ID]:[10.10.1.44/11], Arrival Time:[Tue Jul 28 09:52:57 2026], ExceptionType:[Stuck Occurred], Possible Reason:1.Host process is stuck, 2.Device task is stuck
(Worker_DP5_TP1_EP11 pid=395704) ERROR 07-28 09:54:36 [multiproc_executor.py:1007] 	[TaskExecStage][HeartbeatAbnormal]Cluster Exception Location[IP/ID]:[10.10.1.44/13], Arrival Time:[Tue Jul 28 09:52:57 2026], ExceptionType:[Stuck Occurred], Possible Reason:1.Host process is stuck, 2.Device task is stuck
(Worker_DP5_TP1_EP11 pid=395704) ERROR 07-28 09:54:36 [multiproc_executor.py:1007] 	[TaskExecStage][HeartbeatAbnormal]Cluster Exception Location[IP/ID]:[10.10.1.44/12], Arrival Time:[Tue Jul 28 09:52:58 2026], ExceptionType:[Stuck Occurred], Possible Reason:1.Host process is stuck, 2.Device task is stuck
(Worker_DP5_TP1_EP11 pid=395704) ERROR 07-28 09:54:36 [multiproc_executor.py:1007] ]. Communicator information: [].
(Worker_DP5_TP1_EP11 pid=395704) ERROR 07-28 09:54:36 [multiproc_executor.py:1007]         rtStreamSynchronizeWithTimeout execution failed, reason=the model stream execute failed[FUNC:FuncErrorReason][FILE:error_message_manage.cc][LINE:65]
(Worker_DP5_TP1_EP11 pid=395704) ERROR 07-28 09:54:36 [multiproc_executor.py:1007]         synchronize stream with timeout failed, runtime result = 507011[FUNC:ReportCallError][FILE:log_inner.cpp][LINE:148]
(Worker_DP5_TP1_EP11 pid=395704) ERROR 07-28 09:54:36 [multiproc_executor.py:1007] 
(Worker_DP5_TP1_EP11 pid=395704) ERROR 07-28 09:54:36 [multiproc_executor.py:1007] 
(EngineCore_DP0 pid=394878) ERROR 07-28 09:54:36 [dump_input.py:79] Dumping scheduler output for model execution: SchedulerOutput(scheduled_new_reqs=[], scheduled_cached_reqs=CachedRequestData(req_ids=['0-a837222e'],resumed_req_ids=set(),new_token_ids_lens=[],all_token_ids_lens={},new_block_ids=[None],num_computed_tokens=[2],num_output_tokens=[1]), num_scheduled_tokens={0-a837222e: 3}, total_num_scheduled_tokens=3, scheduled_spec_decode_tokens={0-a837222e: [-1, -1]}, scheduled_encoder_inputs={}, num_common_prefix_blocks=[0], finished_req_ids=[], free_encoder_mm_hashes=[], preempted_req_ids=[], has_structured_output_requests=false, pending_structured_output_tokens=false, num_invalid_spec_tokens=null, kv_connector_metadata=null, ec_connector_metadata=null, new_block_ids_to_zero=null, num_spec_tokens_to_schedule=2)
(Worker_DP5_TP0_EP10 pid=395297) ERROR 07-28 09:54:36 [multiproc_executor.py:1007] WorkerProc hit an exception.
(Worker_DP5_TP0_EP10 pid=395297) ERROR 07-28 09:54:36 [multiproc_executor.py:1007] Traceback (most recent call last):
(Worker_DP5_TP0_EP10 pid=395297) ERROR 07-28 09:54:36 [multiproc_executor.py:1007]   File "/home/l00838859/cann/my-project/vllm/vllm/v1/executor/multiproc_executor.py", line 999, in worker_busy_loop
(Worker_DP5_TP0_EP10 pid=395297) ERROR 07-28 09:54:36 [multiproc_executor.py:1007]     output = func(*args, **kwargs)
(Worker_DP5_TP0_EP10 pid=395297) ERROR 07-28 09:54:36 [multiproc_executor.py:1007]              ^^^^^^^^^^^^^^^^^^^^^
(Worker_DP5_TP0_EP10 pid=395297) ERROR 07-28 09:54:36 [multiproc_executor.py:1007]   File "/home/l00838859/cann/my-project/vllm/vllm/v1/worker/worker_base.py", line 351, in execute_model
(Worker_DP5_TP0_EP10 pid=395297) ERROR 07-28 09:54:36 [multiproc_executor.py:1007]     return self.worker.execute_model(scheduler_output)
(Worker_DP5_TP0_EP10 pid=395297) ERROR 07-28 09:54:36 [multiproc_executor.py:1007]            ^^^^^^^^^^^^^^^^^^^^^^^^^^^^^^^^^^^^^^^^^^^
(Worker_DP5_TP0_EP10 pid=395297) ERROR 07-28 09:54:36 [multiproc_executor.py:1007]   File "/home/l00838859/cann/my-project/vllm-ascend/vllm_ascend/worker/worker.py", line 685, in execute_model
(Worker_DP5_TP0_EP10 pid=395297) ERROR 07-28 09:54:36 [multiproc_executor.py:1007]     output = self.model_runner.execute_model(scheduler_output, intermediate_tensors)
(Worker_DP5_TP0_EP10 pid=395297) ERROR 07-28 09:54:36 [multiproc_executor.py:1007]              ^^^^^^^^^^^^^^^^^^^^^^^^^^^^^^^^^^^^^^^^^^^^^^^^^^^^^^^^^^^^^^^^^^^^^^^
(Worker_DP5_TP0_EP10 pid=395297) ERROR 07-28 09:54:36 [multiproc_executor.py:1007]   File "/usr/local/lib/python3.11/site-packages/torch/utils/_contextlib.py", line 124, in decorate_context
(Worker_DP5_TP0_EP10 pid=395297) ERROR 07-28 09:54:36 [multiproc_executor.py:1007]     return func(*args, **kwargs)
(Worker_DP5_TP0_EP10 pid=395297) ERROR 07-28 09:54:36 [multiproc_executor.py:1007]            ^^^^^^^^^^^^^^^^^^^^^
(Worker_DP5_TP0_EP10 pid=395297) ERROR 07-28 09:54:36 [multiproc_executor.py:1007]   File "/home/l00838859/cann/my-project/vllm-ascend/vllm_ascend/worker/model_runner_v1.py", line 2346, in execute_model
(Worker_DP5_TP0_EP10 pid=395297) ERROR 07-28 09:54:36 [multiproc_executor.py:1007]     hidden_states = self._model_forward(
(Worker_DP5_TP0_EP10 pid=395297) ERROR 07-28 09:54:36 [multiproc_executor.py:1007]                     ^^^^^^^^^^^^^^^^^^^^
(Worker_DP5_TP0_EP10 pid=395297) ERROR 07-28 09:54:36 [multiproc_executor.py:1007]   File "/home/l00838859/cann/my-project/vllm-ascend/vllm_ascend/worker/model_runner_v1.py", line 2915, in _model_forward
(Worker_DP5_TP0_EP10 pid=395297) ERROR 07-28 09:54:36 [multiproc_executor.py:1007]     hidden_states = run_model()
(Worker_DP5_TP0_EP10 pid=395297) ERROR 07-28 09:54:36 [multiproc_executor.py:1007]                     ^^^^^^^^^^^
(Worker_DP5_TP0_EP10 pid=395297) ERROR 07-28 09:54:36 [multiproc_executor.py:1007]   File "/home/l00838859/cann/my-project/vllm-ascend/vllm_ascend/compilation/acl_graph.py", line 281, in __call__
(Worker_DP5_TP0_EP10 pid=395297) ERROR 07-28 09:54:36 [multiproc_executor.py:1007]     torch.npu.current_stream().synchronize()
(Worker_DP5_TP0_EP10 pid=395297) ERROR 07-28 09:54:36 [multiproc_executor.py:1007]   File "/usr/local/lib/python3.11/site-packages/torch_npu/npu/streams.py", line 85, in synchronize
(Worker_DP5_TP0_EP10 pid=395297) ERROR 07-28 09:54:36 [multiproc_executor.py:1007]     super(Stream, self).synchronize()
(Worker_DP5_TP0_EP10 pid=395297) ERROR 07-28 09:54:36 [multiproc_executor.py:1007] RuntimeError: synchronize:../torch_npu/csrc/core/npu/NPUStream.cpp:361 NPU function error: c10_npu::acl::AclrtSynchronizeStreamWithTimeout(stream()), error code is 507011
(Worker_DP5_TP0_EP10 pid=395297) ERROR 07-28 09:54:36 [multiproc_executor.py:1007] [ERROR] 2026-07-28-09:54:36 (PID:395297, Device:10, RankID:-1) ERR00100 PTA call acl api failed
(Worker_DP5_TP0_EP10 pid=395297) ERROR 07-28 09:54:36 [multiproc_executor.py:1007] [Error]: Model execution failed. 
(Worker_DP5_TP0_EP10 pid=395297) ERROR 07-28 09:54:36 [multiproc_executor.py:1007]         Rectify the fault based on the error information in the ascend log.
(Worker_DP5_TP0_EP10 pid=395297) ERROR 07-28 09:54:36 [multiproc_executor.py:1007] EE9999: Inner Error!
(Worker_DP5_TP0_EP10 pid=395297) ERROR 07-28 09:54:36 [multiproc_executor.py:1007] EE9999[PID: 395297] 2026-07-28-09:54:36.636.402 (EE9999):  rtStreamSynchronizeWithTimeout execution failed, reason=the model stream execute failed[FUNC:FuncErrorReason][FILE:error_message_manage.cc][LINE:65]
(Worker_DP5_TP0_EP10 pid=395297) ERROR 07-28 09:54:36 [multiproc_executor.py:1007]         TraceBack (most recent call last):
(Worker_DP5_TP0_EP10 pid=395297) ERROR 07-28 09:54:36 [multiproc_executor.py:1007]        synchronize stream with timeout failed, runtime result = 507011[FUNC:ReportCallError][FILE:log_inner.cpp][LINE:148]
(Worker_DP5_TP0_EP10 pid=395297) ERROR 07-28 09:54:36 [multiproc_executor.py:1007] 
(Worker_DP5_TP0_EP10 pid=395297) ERROR 07-28 09:54:36 [multiproc_executor.py:1007] Traceback (most recent call last):
(Worker_DP5_TP0_EP10 pid=395297) ERROR 07-28 09:54:36 [multiproc_executor.py:1007]   File "/home/l00838859/cann/my-project/vllm/vllm/v1/executor/multiproc_executor.py", line 999, in worker_busy_loop
(Worker_DP5_TP0_EP10 pid=395297) ERROR 07-28 09:54:36 [multiproc_executor.py:1007]     output = func(*args, **kwargs)
(Worker_DP5_TP0_EP10 pid=395297) ERROR 07-28 09:54:36 [multiproc_executor.py:1007]              ^^^^^^^^^^^^^^^^^^^^^
(Worker_DP5_TP0_EP10 pid=395297) ERROR 07-28 09:54:36 [multiproc_executor.py:1007]   File "/home/l00838859/cann/my-project/vllm/vllm/v1/worker/worker_base.py", line 351, in execute_model
(Worker_DP5_TP0_EP10 pid=395297) ERROR 07-28 09:54:36 [multiproc_executor.py:1007]     return self.worker.execute_model(scheduler_output)
(Worker_DP5_TP0_EP10 pid=395297) ERROR 07-28 09:54:36 [multiproc_executor.py:1007]            ^^^^^^^^^^^^^^^^^^^^^^^^^^^^^^^^^^^^^^^^^^^
(Worker_DP5_TP0_EP10 pid=395297) ERROR 07-28 09:54:36 [multiproc_executor.py:1007]   File "/home/l00838859/cann/my-project/vllm-ascend/vllm_ascend/worker/worker.py", line 685, in execute_model
(Worker_DP5_TP0_EP10 pid=395297) ERROR 07-28 09:54:36 [multiproc_executor.py:1007]     output = self.model_runner.execute_model(scheduler_output, intermediate_tensors)
(Worker_DP5_TP0_EP10 pid=395297) ERROR 07-28 09:54:36 [multiproc_executor.py:1007]              ^^^^^^^^^^^^^^^^^^^^^^^^^^^^^^^^^^^^^^^^^^^^^^^^^^^^^^^^^^^^^^^^^^^^^^^
(Worker_DP5_TP0_EP10 pid=395297) ERROR 07-28 09:54:36 [multiproc_executor.py:1007]   File "/usr/local/lib/python3.11/site-packages/torch/utils/_contextlib.py", line 124, in decorate_context
(Worker_DP5_TP0_EP10 pid=395297) ERROR 07-28 09:54:36 [multiproc_executor.py:1007]     return func(*args, **kwargs)
(Worker_DP5_TP0_EP10 pid=395297) ERROR 07-28 09:54:36 [multiproc_executor.py:1007]            ^^^^^^^^^^^^^^^^^^^^^
(Worker_DP5_TP0_EP10 pid=395297) ERROR 07-28 09:54:36 [multiproc_executor.py:1007]   File "/home/l00838859/cann/my-project/vllm-ascend/vllm_ascend/worker/model_runner_v1.py", line 2346, in execute_model
(Worker_DP5_TP0_EP10 pid=395297) ERROR 07-28 09:54:36 [multiproc_executor.py:1007]     hidden_states = self._model_forward(
(Worker_DP5_TP0_EP10 pid=395297) ERROR 07-28 09:54:36 [multiproc_executor.py:1007]                     ^^^^^^^^^^^^^^^^^^^^
(Worker_DP5_TP0_EP10 pid=395297) ERROR 07-28 09:54:36 [multiproc_executor.py:1007]   File "/home/l00838859/cann/my-project/vllm-ascend/vllm_ascend/worker/model_runner_v1.py", line 2915, in _model_forward
(Worker_DP5_TP0_EP10 pid=395297) ERROR 07-28 09:54:36 [multiproc_executor.py:1007]     hidden_states = run_model()
(Worker_DP5_TP0_EP10 pid=395297) ERROR 07-28 09:54:36 [multiproc_executor.py:1007]                     ^^^^^^^^^^^
(Worker_DP5_TP0_EP10 pid=395297) ERROR 07-28 09:54:36 [multiproc_executor.py:1007]   File "/home/l00838859/cann/my-project/vllm-ascend/vllm_ascend/compilation/acl_graph.py", line 281, in __call__
(Worker_DP5_TP0_EP10 pid=395297) ERROR 07-28 09:54:36 [multiproc_executor.py:1007]     torch.npu.current_stream().synchronize()
(Worker_DP5_TP0_EP10 pid=395297) ERROR 07-28 09:54:36 [multiproc_executor.py:1007]   File "/usr/local/lib/python3.11/site-packages/torch_npu/npu/streams.py", line 85, in synchronize
(Worker_DP5_TP0_EP10 pid=395297) ERROR 07-28 09:54:36 [multiproc_executor.py:1007]     super(Stream, self).synchronize()
(Worker_DP5_TP0_EP10 pid=395297) ERROR 07-28 09:54:36 [multiproc_executor.py:1007] RuntimeError: synchronize:../torch_npu/csrc/core/npu/NPUStream.cpp:361 NPU function error: c10_npu::acl::AclrtSynchronizeStreamWithTimeout(stream()), error code is 507011
(Worker_DP5_TP0_EP10 pid=395297) ERROR 07-28 09:54:36 [multiproc_executor.py:1007] [ERROR] 2026-07-28-09:54:36 (PID:395297, Device:10, RankID:-1) ERR00100 PTA call acl api failed
(Worker_DP5_TP0_EP10 pid=395297) ERROR 07-28 09:54:36 [multiproc_executor.py:1007] [Error]: Model execution failed. 
(Worker_DP5_TP0_EP10 pid=395297) ERROR 07-28 09:54:36 [multiproc_executor.py:1007]         Rectify the fault based on the error information in the ascend log.
(Worker_DP5_TP0_EP10 pid=395297) ERROR 07-28 09:54:36 [multiproc_executor.py:1007] EE9999: Inner Error!
(Worker_DP5_TP0_EP10 pid=395297) ERROR 07-28 09:54:36 [multiproc_executor.py:1007] EE9999[PID: 395297] 2026-07-28-09:54:36.636.402 (EE9999):  rtStreamSynchronizeWithTimeout execution failed, reason=the model stream execute failed[FUNC:FuncErrorReason][FILE:error_message_manage.cc][LINE:65]
(Worker_DP5_TP0_EP10 pid=395297) ERROR 07-28 09:54:36 [multiproc_executor.py:1007]         TraceBack (most recent call last):
(Worker_DP5_TP0_EP10 pid=395297) ERROR 07-28 09:54:36 [multiproc_executor.py:1007]        synchronize stream with timeout failed, runtime result = 507011[FUNC:ReportCallError][FILE:log_inner.cpp][LINE:148]
(Worker_DP5_TP0_EP10 pid=395297) ERROR 07-28 09:54:36 [multiproc_executor.py:1007] 
(Worker_DP5_TP0_EP10 pid=395297) ERROR 07-28 09:54:36 [multiproc_executor.py:1007] 
(Worker_DP2_TP0_EP4 pid=395296) ERROR 07-28 09:54:36 [multiproc_executor.py:948] Error getting async model runner output
(Worker_DP2_TP0_EP4 pid=395296) ERROR 07-28 09:54:36 [multiproc_executor.py:948] Traceback (most recent call last):
(Worker_DP2_TP0_EP4 pid=395296) ERROR 07-28 09:54:36 [multiproc_executor.py:948]   File "/home/l00838859/cann/my-project/vllm/vllm/v1/executor/multiproc_executor.py", line 946, in enqueue_output
(Worker_DP2_TP0_EP4 pid=395296) ERROR 07-28 09:54:36 [multiproc_executor.py:948]     output = output.get_output()
(Worker_DP2_TP0_EP4 pid=395296) ERROR 07-28 09:54:36 [multiproc_executor.py:948]              ^^^^^^^^^^^^^^^^^^^
(Worker_DP2_TP0_EP4 pid=395296) ERROR 07-28 09:54:36 [multiproc_executor.py:948]   File "/home/l00838859/cann/my-project/vllm/vllm/v1/worker/gpu_model_runner.py", line 305, in get_output
(Worker_DP2_TP0_EP4 pid=395296) ERROR 07-28 09:54:36 [multiproc_executor.py:948]     self.async_copy_ready_event.synchronize()
(Worker_DP2_TP0_EP4 pid=395296) ERROR 07-28 09:54:36 [multiproc_executor.py:948]   File "/usr/local/lib/python3.11/site-packages/torch_npu/npu/streams.py", line 192, in synchronize
(Worker_DP2_TP0_EP4 pid=395296) ERROR 07-28 09:54:36 [multiproc_executor.py:948]     super(Event, self).synchronize()
(Worker_DP2_TP0_EP4 pid=395296) ERROR 07-28 09:54:36 [multiproc_executor.py:948] RuntimeError: synchronize:../torch_npu/csrc/core/npu/NPUEvent.cpp:212 NPU function error: aclrtSynchronizeEvent(event_), error code is 507011
(Worker_DP2_TP0_EP4 pid=395296) ERROR 07-28 09:54:36 [multiproc_executor.py:948] [ERROR] 2026-07-28-09:54:36 (PID:395296, Device:4, RankID:-1) ERR00100 PTA call acl api failed
(Worker_DP2_TP0_EP4 pid=395296) ERROR 07-28 09:54:36 [multiproc_executor.py:948] [Error]: Model execution failed. 
(Worker_DP2_TP0_EP4 pid=395296) ERROR 07-28 09:54:36 [multiproc_executor.py:948]         Rectify the fault based on the error information in the ascend log.
(Worker_DP2_TP0_EP4 pid=395296) ERROR 07-28 09:54:36 [multiproc_executor.py:948] [PID: 395296] 2026-07-28-09:54:36.636.833 Execution_Error_SDMA(EI0012): SDMA memory copy task exception occurred. Remote rank: [0]. Base information: [streamID:[1302], taskID[1], taskType[Task AIV], tag[], AlgType(level 0-1-2):[ring-ring-ring].]. Task information: [cmdType:[6], tag:[1], size:[688128], numBlocks:[8], rankSize:[2], aivRdmaStep:[-1], flagMem:[0x130f61a00000], isOpbase:[0]
(Worker_DP2_TP0_EP4 pid=395296) ERROR 07-28 09:54:36 [multiproc_executor.py:948] there are(is) 2 abnormal device(s):
(Worker_DP2_TP0_EP4 pid=395296) ERROR 07-28 09:54:36 [multiproc_executor.py:948] 	[TaskExecStage][HeartbeatAbnormal]Cluster Exception Location[IP/ID]:[10.10.1.44/4], Arrival Time:[Tue Jul 28 09:52:57 2026], ExceptionType:[Stuck Occurred], Possible Reason:1.Host process is stuck, 2.Device task is stuck
(Worker_DP2_TP0_EP4 pid=395296) ERROR 07-28 09:54:36 [multiproc_executor.py:948] 	[TaskExecStage][HeartbeatAbnormal]Cluster Exception Location[IP/ID]:[10.10.1.44/1], Arrival Time:[Tue Jul 28 09:52:57 2026], ExceptionType:[Stuck Occurred], Possible Reason:1.Host process is stuck, 2.Device task is stuck
(Worker_DP2_TP0_EP4 pid=395296) ERROR 07-28 09:54:36 [multiproc_executor.py:948] ]. Communicator information: [].
(Worker_DP2_TP0_EP4 pid=395296) ERROR 07-28 09:54:36 [multiproc_executor.py:948]         Possible Cause: 1. Network connection exception occurred during the SDMA task execution. 2. The peer process exits abnormally. 3. The input or output memory address is not allocated, the actual allocated size is smaller than the input data size, or the memory is freed before the operator execution is complete.
(Worker_DP2_TP0_EP4 pid=395296) ERROR 07-28 09:54:36 [multiproc_executor.py:948]         Solution: 1. Check whether the network link is abnormal during the execution. 2. Check whether a process in the cluster exits before an error is reported. If yes, locate the cause of the process exit. 3. Check whether the size of the input/output memory passed to the communication operator meets the expectation, and whether the input/output memory or communicator is freed or destroyed before the operator execution is complete.
(Worker_DP2_TP0_EP4 pid=395296) ERROR 07-28 09:54:36 [multiproc_executor.py:948]         TraceBack (most recent call last):
(Worker_DP2_TP0_EP4 pid=395296) ERROR 07-28 09:54:36 [multiproc_executor.py:948]         The error from device(chipId:2, dieId:0), serial number is 15, there is an exception of aivec error, core id is 12, error code = 0, dump info: pc start: 0x12c0de87ba0c, current: 0x12c0de884c50, vec error info: 0xad00000cfe, mte error info: 0xf603064c70, ifu error info: 0x217fffe01c000, ccu error info: 0x9132daa56880003f, cube error info: 0, biu error info: 0, aic error mask: 0x6500020bd00028c, para base: 0x12c141434000.[FUNC:PrintCoreInfo][FILE:device_error_core_proc.cc][LINE:645]
(Worker_DP2_TP0_EP4 pid=395296) ERROR 07-28 09:54:36 [multiproc_executor.py:948]         The extend info: errcode:(0, 0, 0) errorStr: timeout or trap error. fixp_error0 info: 0x3064c70, fixp_error1 info: 0xf6, fsmId:0, tslot:1, thread:0, ctxid:0, blk:0, sublk:0, subErrType:4.[FUNC:PrintCoreInfo][FILE:device_error_core_proc.cc][LINE:658]
(Worker_DP2_TP0_EP4 pid=395296) ERROR 07-28 09:54:36 [multiproc_executor.py:948]         The error from device(chipId:2, dieId:0), serial number is 15, there is an exception of aivec error, core id is 13, error code = 0, dump info: pc start: 0x12c0de87ba0c, current: 0x12c0de89db6c, vec error info: 0xad00000cfe, mte error info: 0xf603070c70, ifu error info: 0x217fffe01c000, ccu error info: 0xb2730a3a6880003f, cube error info: 0, biu error info: 0, aic error mask: 0x6500020bd00028c, para base: 0x12c141434000.[FUNC:PrintCoreInfo][FILE:device_error_core_proc.cc][LINE:645]
(Worker_DP2_TP0_EP4 pid=395296) ERROR 07-28 09:54:36 [multiproc_executor.py:948]         The extend info: errcode:(0, 0, 0) errorStr: timeout or trap error. fixp_error0 info: 0x3070c70, fixp_error1 info: 0xf6, fsmId:0, tslot:1, thread:0, ctxid:0, blk:1, sublk:0, subErrType:4.[FUNC:PrintCoreInfo][FILE:device_error_core_proc.cc][LINE:658]
(Worker_DP2_TP0_EP4 pid=395296) ERROR 07-28 09:54:36 [multiproc_executor.py:948]         The error from device(chipId:2, dieId:0), serial number is 15, there is an exception of aivec error, core id is 14, error code = 0, dump info: pc start: 0x12c0de87ba0c, current: 0x12c0de89db24, vec error info: 0xad00000cfe, mte error info: 0xf603064c70, ifu error info: 0x217fffe01c000, ccu error info: 0x1181b4986880003f, cube error info: 0, biu error info: 0, aic error mask: 0x6500020bd00028c, para base: 0x12c141434000.[FUNC:PrintCoreInfo][FILE:device_error_core_proc.cc][LINE:645]
(Worker_DP2_TP0_EP4 pid=395296) ERROR 07-28 09:54:36 [multiproc_executor.py:948]         The extend info: errcode:(0, 0, 0) errorStr: timeout or trap error. fixp_error0 info: 0x3064c70, fixp_error1 info: 0xf6, fsmId:0, tslot:1, thread:0, ctxid:0, blk:2, sublk:0, subErrType:4.[FUNC:PrintCoreInfo][FILE:device_error_core_proc.cc][LINE:658]
(Worker_DP2_TP0_EP4 pid=395296) ERROR 07-28 09:54:36 [multiproc_executor.py:948]         The error from device(chipId:2, dieId:0), serial number is 15, there is an exception of aivec error, core id is 15, error code = 0, dump info: pc start: 0x12c0de87ba0c, current: 0x12c0de89db44, vec error info: 0xad00000cfe, mte error info: 0xf60306ac70, ifu error info: 0x217fffe01c000, ccu error info: 0xc68937e36880003f, cube error info: 0, biu error info: 0, aic error mask: 0x6500020bd00028c, para base: 0x12c141434000.[FUNC:PrintCoreInfo][FILE:device_error_core_proc.cc][LINE:645]
(Worker_DP2_TP0_EP4 pid=395296) ERROR 07-28 09:54:36 [multiproc_executor.py:948]         The extend info: errcode:(0, 0, 0) errorStr: timeout or trap error. fixp_error0 info: 0x306ac70, fixp_error1 info: 0xf6, fsmId:0, tslot:1, thread:0, ctxid:0, blk:3, sublk:0, subErrType:4.[FUNC:PrintCoreInfo][FILE:device_error_core_proc.cc][LINE:658]
(Worker_DP2_TP0_EP4 pid=395296) ERROR 07-28 09:54:36 [multiproc_executor.py:948]         The error from device(chipId:2, dieId:0), serial number is 15, there is an exception of aivec error, core id is 17, error code = 0, dump info: pc start: 0x12c0de87ba0c, current: 0x12c0de89db44, vec error info: 0xad000030c3, mte error info: 0x4e060000c7, ifu error info: 0x217fffe01c000, ccu error info: 0x1a0b6b936880003f, cube error info: 0, biu error info: 0, aic error mask: 0x6500020bd00028c, para base: 0x12c141434000.[FUNC:PrintCoreInfo][FILE:device_error_core_proc.cc][LINE:645]
(Worker_DP2_TP0_EP4 pid=395296) ERROR 07-28 09:54:36 [multiproc_executor.py:948]         The extend info: errcode:(0, 0, 0) errorStr: timeout or trap error. fixp_error0 info: 0x60000c7, fixp_error1 info: 0x4e, fsmId:0, tslot:1, thread:0, ctxid:0, blk:5, sublk:0, subErrType:4.[FUNC:PrintCoreInfo][FILE:device_error_core_proc.cc][LINE:658]
(Worker_DP2_TP0_EP4 pid=395296) ERROR 07-28 09:54:36 [multiproc_executor.py:948]         The error from device(chipId:2, dieId:0), serial number is 15, there is an exception of aivec error, core id is 16, error code = 0, dump info: pc start: 0x12c0de87ba0c, current: 0x12c0de89db44, vec error info: 0xad000030c3, mte error info: 0xf603064c70, ifu error info: 0x217fffe01c000, ccu error info: 0x8e18481f6880003f, cube error info: 0, biu error info: 0, aic error mask: 0x6500020bd00028c, para base: 0x12c141434000.[FUNC:PrintCoreInfo][FILE:device_error_core_proc.cc][LINE:645]
(Worker_DP2_TP0_EP4 pid=395296) ERROR 07-28 09:54:36 [multiproc_executor.py:948]         The extend info: errcode:(0, 0, 0) errorStr: timeout or trap error. fixp_error0 info: 0x3064c70, fixp_error1 info: 0xf6, fsmId:1, tslot:1, thread:0, ctxid:0, blk:4, sublk:0, subErrType:4.[FUNC:PrintCoreInfo][FILE:device_error_core_proc.cc][LINE:658]
(Worker_DP2_TP0_EP4 pid=395296) ERROR 07-28 09:54:36 [multiproc_executor.py:948]         The error from device(chipId:2, dieId:0), serial number is 15, there is an exception of aivec error, core id is 18, error code = 0, dump info: pc start: 0x12c0de87ba0c, current: 0x12c0de89db44, vec error info: 0xad00000cfe, mte error info: 0xf603064c70, ifu error info: 0x217fffe01c000, ccu error info: 0x122cf8026880003f, cube error info: 0, biu error info: 0, aic error mask: 0x6500020bd00028c, para base: 0x12c141434000.[FUNC:PrintCoreInfo][FILE:device_error_core_proc.cc][LINE:645]
(Worker_DP2_TP0_EP4 pid=395296) ERROR 07-28 09:54:36 [multiproc_executor.py:948]         The extend info: errcode:(0, 0, 0) errorStr: timeout or trap error. fixp_error0 info: 0x3064c70, fixp_error1 info: 0xf6, fsmId:1, tslot:1, thread:0, ctxid:0, blk:6, sublk:0, subErrType:4.[FUNC:PrintCoreInfo][FILE:device_error_core_proc.cc][LINE:658]
(Worker_DP2_TP0_EP4 pid=395296) ERROR 07-28 09:54:36 [multiproc_executor.py:948]         The error from device(chipId:2, dieId:0), serial number is 15, there is an exception of aivec error, core id is 19, error code = 0, dump info: pc start: 0x12c0de87ba0c, current: 0x12c0de89db38, vec error info: 0xad00000cfe, mte error info: 0xf60307ac70, ifu error info: 0x217fffe01c000, ccu error info: 0x12a17dc86880003f, cube error info: 0, biu error info: 0, aic error mask: 0x6500020bd00028c, para base: 0x12c141434000.[FUNC:PrintCoreInfo][FILE:device_error_core_proc.cc][LINE:645]
(Worker_DP2_TP0_EP4 pid=395296) ERROR 07-28 09:54:36 [multiproc_executor.py:948]         The extend info: errcode:(0, 0, 0) errorStr: timeout or trap error. fixp_error0 info: 0x307ac70, fixp_error1 info: 0xf6, fsmId:1, tslot:1, thread:0, ctxid:0, blk:7, sublk:0, subErrType:4.[FUNC:PrintCoreInfo][FILE:device_error_core_proc.cc][LINE:658]
(Worker_DP2_TP0_EP4 pid=395296) ERROR 07-28 09:54:36 [multiproc_executor.py:948]         SDMA memory copy task exception occurred. Remote rank: [0]. Base information: [streamID:[1302], taskID[1], taskType[Task AIV], tag[], AlgType(level 0-1-2):[ring-ring-ring].]. Task information: [cmdType:[6], tag:[1], size:[688128], numBlocks:[8], rankSize:[2], aivRdmaStep:[-1], flagMem:[0x130f61a00000], isOpbase:[0]
(Worker_DP2_TP0_EP4 pid=395296) ERROR 07-28 09:54:36 [multiproc_executor.py:948] there are(is) 2 abnormal device(s):
(Worker_DP2_TP0_EP4 pid=395296) ERROR 07-28 09:54:36 [multiproc_executor.py:948] 	[TaskExecStage][HeartbeatAbnormal]Cluster Exception Location[IP/ID]:[10.10.1.44/4], Arrival Time:[Tue Jul 28 09:52:57 2026], ExceptionType:[Stuck Occurred], Possible Reason:1.Host process is stuck, 2.Device task is stuck
(Worker_DP2_TP0_EP4 pid=395296) ERROR 07-28 09:54:36 [multiproc_executor.py:948] 	[TaskExecStage][HeartbeatAbnormal]Cluster Exception Location[IP/ID]:[10.10.1.44/1], Arrival Time:[Tue Jul 28 09:52:57 2026], ExceptionType:[Stuck Occurred], Possible Reason:1.Host process is stuck, 2.Device task is stuck
(Worker_DP2_TP0_EP4 pid=395296) ERROR 07-28 09:54:36 [multiproc_executor.py:948] ]. Communicator information: [].
(Worker_DP2_TP0_EP4 pid=395296) ERROR 07-28 09:54:36 [multiproc_executor.py:948]         rtEventSynchronize execution failed, reason=the model stream execute failed[FUNC:FuncErrorReason][FILE:error_message_manage.cc][LINE:65]
(Worker_DP2_TP0_EP4 pid=395296) ERROR 07-28 09:54:36 [multiproc_executor.py:948]         wait event to be complete failed, runtime result = 507011[FUNC:ReportCallError][FILE:log_inner.cpp][LINE:148]
(Worker_DP2_TP0_EP4 pid=395296) ERROR 07-28 09:54:36 [multiproc_executor.py:948] 
(EngineCore_DP3 pid=394825) ERROR 07-28 09:54:36 [core.py:1233] EngineCore encountered a fatal error.
(EngineCore_DP3 pid=394825) ERROR 07-28 09:54:36 [core.py:1233] Traceback (most recent call last):
(EngineCore_DP3 pid=394825) ERROR 07-28 09:54:36 [core.py:1233]   File "/home/l00838859/cann/my-project/vllm/vllm/v1/engine/core.py", line 1224, in run_engine_core
(EngineCore_DP3 pid=394825) ERROR 07-28 09:54:36 [core.py:1233]     engine_core.run_busy_loop()
(EngineCore_DP3 pid=394825) ERROR 07-28 09:54:36 [core.py:1233]   File "/home/l00838859/cann/my-project/vllm/vllm/v1/engine/core.py", line 1943, in run_busy_loop
(EngineCore_DP3 pid=394825) ERROR 07-28 09:54:36 [core.py:1233]     executed = self._process_engine_step()
(EngineCore_DP3 pid=394825) ERROR 07-28 09:54:36 [core.py:1233]                ^^^^^^^^^^^^^^^^^^^^^^^^^^^
(EngineCore_DP3 pid=394825) ERROR 07-28 09:54:36 [core.py:1233]   File "/home/l00838859/cann/my-project/vllm/vllm/v1/engine/core.py", line 1304, in _process_engine_step
(EngineCore_DP3 pid=394825) ERROR 07-28 09:54:36 [core.py:1233]     outputs, model_executed = self.step_fn()
(EngineCore_DP3 pid=394825) ERROR 07-28 09:54:36 [core.py:1233]                               ^^^^^^^^^^^^^^
(EngineCore_DP3 pid=394825) ERROR 07-28 09:54:36 [core.py:1233]   File "/home/l00838859/cann/my-project/vllm/vllm/v1/engine/core.py", line 595, in step_with_batch_queue
(EngineCore_DP3 pid=394825) ERROR 07-28 09:54:36 [core.py:1233]     model_output = future.result()
(EngineCore_DP3 pid=394825) ERROR 07-28 09:54:36 [core.py:1233]                    ^^^^^^^^^^^^^^^
(EngineCore_DP3 pid=394825) ERROR 07-28 09:54:36 [core.py:1233]   File "/home/l00838859/cann/my-project/vllm/vllm/v1/executor/multiproc_executor.py", line 91, in result
(EngineCore_DP3 pid=394825) ERROR 07-28 09:54:36 [core.py:1233]     return super().result()
(EngineCore_DP3 pid=394825) ERROR 07-28 09:54:36 [core.py:1233]            ^^^^^^^^^^^^^^^^
(EngineCore_DP3 pid=394825) ERROR 07-28 09:54:36 [core.py:1233]   File "/usr/local/lib/python3.11/concurrent/futures/_base.py", line 449, in result
(EngineCore_DP3 pid=394825) ERROR 07-28 09:54:36 [core.py:1233]     return self.__get_result()
(EngineCore_DP3 pid=394825) ERROR 07-28 09:54:36 [core.py:1233]            ^^^^^^^^^^^^^^^^^^^
(EngineCore_DP3 pid=394825) ERROR 07-28 09:54:36 [core.py:1233]   File "/usr/local/lib/python3.11/concurrent/futures/_base.py", line 401, in __get_result
(EngineCore_DP3 pid=394825) ERROR 07-28 09:54:36 [core.py:1233]     raise self._exception
(EngineCore_DP3 pid=394825) ERROR 07-28 09:54:36 [core.py:1233]   File "/home/l00838859/cann/my-project/vllm/vllm/v1/executor/multiproc_executor.py", line 95, in _wait_for_response
(EngineCore_DP3 pid=394825) ERROR 07-28 09:54:36 [core.py:1233]     response = self.aggregate(self.get_response())
(EngineCore_DP3 pid=394825) ERROR 07-28 09:54:36 [core.py:1233]                               ^^^^^^^^^^^^^^^^^^^
(EngineCore_DP3 pid=394825) ERROR 07-28 09:54:36 [core.py:1233]   File "/home/l00838859/cann/my-project/vllm/vllm/v1/executor/multiproc_executor.py", line 394, in get_response
(EngineCore_DP3 pid=394825) ERROR 07-28 09:54:36 [core.py:1233]     raise RuntimeError(
(EngineCore_DP3 pid=394825) ERROR 07-28 09:54:36 [core.py:1233] RuntimeError: Worker failed with error 'synchronize:../torch_npu/csrc/core/npu/NPUEvent.cpp:212 NPU function error: aclrtSynchronizeEvent(event_), error code is 507011
(EngineCore_DP3 pid=394825) ERROR 07-28 09:54:36 [core.py:1233] [ERROR] 2026-07-28-09:54:36 (PID:395299, Device:6, RankID:-1) ERR00100 PTA call acl api failed
(EngineCore_DP3 pid=394825) ERROR 07-28 09:54:36 [core.py:1233] [Error]: Model execution failed. 
(EngineCore_DP3 pid=394825) ERROR 07-28 09:54:36 [core.py:1233]         Rectify the fault based on the error information in the ascend log.
(EngineCore_DP3 pid=394825) ERROR 07-28 09:54:36 [core.py:1233] [PID: 395299] 2026-07-28-09:54:36.630.636 Execution_Error_SDMA(EI0012): SDMA memory copy task exception occurred. Remote rank: [0]. Base information: [streamID:[81], taskID[1], taskType[Task AIV], tag[], AlgType(level 0-1-2):[ring-ring-ring].]. Task information: [cmdType:[6], tag:[5], size:[688128], numBlocks:[8], rankSize:[2], aivRdmaStep:[-1], flagMem:[0x130f61a00000], isOpbase:[0]
(EngineCore_DP3 pid=394825) ERROR 07-28 09:54:36 [core.py:1233] there are 5 abnormal device(s), only the first 3 devices are listed:
(EngineCore_DP3 pid=394825) ERROR 07-28 09:54:36 [core.py:1233] 	[TaskExecStage][HeartbeatAbnormal]Cluster Exception Location[IP/ID]:[10.10.1.44/4], Arrival Time:[Tue Jul 28 09:52:57 2026], ExceptionType:[Stuck Occurred], Possible Reason:1.Host process is stuck, 2.Device task is stuck
(EngineCore_DP3 pid=394825) ERROR 07-28 09:54:36 [core.py:1233] 	[TaskExecStage][HeartbeatAbnormal]Cluster Exception Location[IP/ID]:[10.10.1.44/13], Arrival Time:[Tue Jul 28 09:52:57 2026], ExceptionType:[Stuck Occurred], Possible Reason:1.Host process is stuck, 2.Device task is stuck
(EngineCore_DP3 pid=394825) ERROR 07-28 09:54:36 [core.py:1233] 	[TaskExecStage][HeartbeatAbnormal]Cluster Exception Location[IP/ID]:[10.10.1.44/15], Arrival Time:[Tue Jul 28 09:52:57 2026], ExceptionType:[Stuck Occurred], Possible Reason:1.Host process is stuck, 2.Device task is stuck
(EngineCore_DP3 pid=394825) ERROR 07-28 09:54:36 [core.py:1233] ]. Communicator information: [].
(EngineCore_DP3 pid=394825) ERROR 07-28 09:54:36 [core.py:1233]         Possible Cause: 1. Network connection exception occurred during the SDMA task execution. 2. The peer process exits abnormally. 3. The input or output memory address is not allocated, the actual allocated size is smaller than the input data size, or the memory is freed before the operator execution is complete.
(EngineCore_DP3 pid=394825) ERROR 07-28 09:54:36 [core.py:1233]         Solution: 1. Check whether the network link is abnormal during the execution. 2. Check whether a process in the cluster exits before an error is reported. If yes, locate the cause of the process exit. 3. Check whether the size of the input/output memory passed to the communication operator meets the expectation, and whether the input/output memory or communicator is freed or destroyed before the operator execution is complete.
(EngineCore_DP3 pid=394825) ERROR 07-28 09:54:36 [core.py:1233]         TraceBack (most recent call last):
(EngineCore_DP3 pid=394825) ERROR 07-28 09:54:36 [core.py:1233]         The error from device(chipId:3, dieId:0), serial number is 16, there is an exception of aivec error, core id is 36, error code = 0, dump info: pc start: 0x12c0de87ba0c, current: 0x12c0de89f0c4, vec error info: 0xad00000cfe, mte error info: 0xf603079c70, ifu error info: 0x217ffbe014040, ccu error info: 0xf245808a6880003f, cube error info: 0, biu error info: 0, aic error mask: 0x6500020bd00028c, para base: 0x12c140019000.[FUNC:PrintCoreInfo][FILE:device_error_core_proc.cc][LINE:645]
(EngineCore_DP3 pid=394825) ERROR 07-28 09:54:36 [core.py:1233]         The extend info: errcode:(0, 0, 0) errorStr: timeout or trap error. fixp_error0 info: 0x3079c70, fixp_error1 info: 0xf6, fsmId:0, tslot:3, thread:0, ctxid:0, blk:1, sublk:0, subErrType:4.[FUNC:PrintCoreInfo][FILE:device_error_core_proc.cc][LINE:658]
(EngineCore_DP3 pid=394825) ERROR 07-28 09:54:36 [core.py:1233]         The error from device(chipId:3, dieId:0), serial number is 16, there is an exception of aivec error, core id is 38, error code = 0, dump info: pc start: 0x12c0de87ba0c, current: 0x12c0de89f0c4, vec error info: 0xad00000bfe, mte error info: 0xf603080c70, ifu error info: 0x20001bdc5cb00, ccu error info: 0x3388add06880003f, cube error info: 0, biu error info: 0, aic error mask: 0x6500020bd00028c, para base: 0x12c140019000.[FUNC:PrintCoreInfo][FILE:device_error_core_proc.cc][LINE:645]
(EngineCore_DP3 pid=394825) ERROR 07-28 09:54:36 [core.py:1233]         The extend info: errcode:(0, 0, 0) errorStr: timeout or trap error. fixp_error0 info: 0x3080c70, fixp_error1 info: 0xf6, fsmId:0, tslot:3, thread:0, ctxid:0, blk:3, sublk:0, subErrType:4.[FUNC:PrintCoreInfo][FILE:device_error_core_proc.cc][LINE:658]
(EngineCore_DP3 pid=394825) ERROR 07-28 09:54:36 [core.py:1233]         The error from device(chipId:3, dieId:0), serial number is 16, there is an exception of aivec error, core id is 35, error code = 0, dump info: pc start: 0x12c0de87ba0c, current: 0x12c0de89f0c4, vec error info: 0xad00000cfe, mte error info: 0xf603064c70, ifu error info: 0x20001bdc5cb00, ccu error info: 0x432a0aef668000ae, cube error info: 0, biu error info: 0, aic error mask: 0x6500020bd00028c, para base: 0x12c140019000.[FUNC:PrintCoreInfo][FILE:device_error_core_proc.cc][LINE:645]
(EngineCore_DP3 pid=394825) ERROR 07-28 09:54:36 [core.py:1233]         The extend info: errcode:(0, 0, 0) errorStr: timeout or trap error. fixp_error0 info: 0x3064c70, fixp_error1 info: 0xf6, fsmId:1, tslot:3, thread:0, ctxid:0, blk:0, sublk:0, subErrType:4.[FUNC:PrintCoreInfo][FILE:device_error_core_proc.cc][LINE:658]
(EngineCore_DP3 pid=394825) ERROR 07-28 09:54:36 [core.py:1233]         The error from device(chipId:3, dieId:0), serial number is 16, there is an exception of aivec error, core id is 37, error code = 0, dump info: pc start: 0x12c0de87ba0c, current: 0x12c0de89f0c4, vec error info: 0xad00000bfe, mte error info: 0xf60307cc70, ifu error info: 0x217ffbe014040, ccu error info: 0xb8e780076880003f, cube error info: 0, biu error info: 0, aic error mask: 0x6500020bd00028c, para base: 0x12c140019000.[FUNC:PrintCoreInfo][FILE:device_error_core_proc.cc][LINE:645]
(EngineCore_DP3 pid=394825) ERROR 07-28 09:54:36 [core.py:1233]         The extend info: errcode:(0, 0, 0) errorStr: timeout or trap error. fixp_error0 info: 0x307cc70, fixp_error1 info: 0xf6, fsmId:1, tslot:3, thread:0, ctxid:0, blk:2, sublk:0, subErrType:4.[FUNC:PrintCoreInfo][FILE:device_error_core_proc.cc][LINE:658]
(EngineCore_DP3 pid=394825) ERROR 07-28 09:54:36 [core.py:1233]         SDMA memory copy task exception occurred. Remote rank: [0]. Base information: [streamID:[81], taskID[1], taskType[Task AIV], tag[], AlgType(level 0-1-2):[ring-ring-ring].]. Task information: [cmdType:[6], tag:[5], size:[688128], numBlocks:[8], rankSize:[2], aivRdmaStep:[-1], flagMem:[0x130f61a00000], isOpbase:[0]
(EngineCore_DP3 pid=394825) ERROR 07-28 09:54:36 [core.py:1233] there are 5 abnormal device(s), only the first 3 devices are listed:
(EngineCore_DP3 pid=394825) ERROR 07-28 09:54:36 [core.py:1233] 	[TaskExecStage][HeartbeatAbnormal]Cluster Exception Location[IP/ID]:[10.10.1.44/4], Arrival Time:[Tue Jul 28 09:52:57 2026], ExceptionType:[Stuck Occurred], Possible Reason:1.Host process is stuck, 2.Device task is stuck
(EngineCore_DP3 pid=394825) ERROR 07-28 09:54:36 [core.py:1233] 	[TaskExecStage][HeartbeatAbnormal]Cluster Exception Location[IP/ID]:[10.10.1.44/13], Arrival Time:[Tue Jul 28 09:52:57 2026], ExceptionType:[Stuck Occurred], Possible Reason:1.Host process is stuck, 2.Device task is stuck
(EngineCore_DP3 pid=394825) ERROR 07-28 09:54:36 [core.py:1233] 	[TaskExecStage][HeartbeatAbnormal]Cluster Exception Location[IP/ID]:[10.10.1.44/15], Arrival Time:[Tue Jul 28 09:52:57 2026], ExceptionType:[Stuck Occurred], Possible Reason:1.Host process is stuck, 2.Device task is stuck
(EngineCore_DP3 pid=394825) ERROR 07-28 09:54:36 [core.py:1233] ]. Communicator information: [].
(EngineCore_DP3 pid=394825) ERROR 07-28 09:54:36 [core.py:1233]         rtEventSynchronize execution failed, reason=the model stream execute failed[FUNC:FuncErrorReason][FILE:error_message_manage.cc][LINE:65]
(EngineCore_DP3 pid=394825) ERROR 07-28 09:54:36 [core.py:1233]         wait event to be complete failed, runtime result = 507011[FUNC:ReportCallError][FILE:log_inner.cpp][LINE:148]
(EngineCore_DP3 pid=394825) ERROR 07-28 09:54:36 [core.py:1233] ', please check the stack trace above for the root cause
(Worker_DP0_TP1_EP1 pid=395706) ERROR 07-28 09:54:36 [multiproc_executor.py:1007] WorkerProc hit an exception.
(Worker_DP0_TP1_EP1 pid=395706) ERROR 07-28 09:54:36 [multiproc_executor.py:1007] Traceback (most recent call last):
(Worker_DP0_TP1_EP1 pid=395706) ERROR 07-28 09:54:36 [multiproc_executor.py:1007]   File "/home/l00838859/cann/my-project/vllm/vllm/v1/executor/multiproc_executor.py", line 999, in worker_busy_loop
(Worker_DP0_TP1_EP1 pid=395706) ERROR 07-28 09:54:36 [multiproc_executor.py:1007]     output = func(*args, **kwargs)
(Worker_DP0_TP1_EP1 pid=395706) ERROR 07-28 09:54:36 [multiproc_executor.py:1007]              ^^^^^^^^^^^^^^^^^^^^^
(Worker_DP0_TP1_EP1 pid=395706) ERROR 07-28 09:54:36 [multiproc_executor.py:1007]   File "/home/l00838859/cann/my-project/vllm/vllm/v1/worker/worker_base.py", line 351, in execute_model
(Worker_DP0_TP1_EP1 pid=395706) ERROR 07-28 09:54:36 [multiproc_executor.py:1007]     return self.worker.execute_model(scheduler_output)
(Worker_DP0_TP1_EP1 pid=395706) ERROR 07-28 09:54:36 [multiproc_executor.py:1007]            ^^^^^^^^^^^^^^^^^^^^^^^^^^^^^^^^^^^^^^^^^^^
(Worker_DP0_TP1_EP1 pid=395706) ERROR 07-28 09:54:36 [multiproc_executor.py:1007]   File "/home/l00838859/cann/my-project/vllm-ascend/vllm_ascend/worker/worker.py", line 685, in execute_model
(Worker_DP0_TP1_EP1 pid=395706) ERROR 07-28 09:54:36 [multiproc_executor.py:1007]     output = self.model_runner.execute_model(scheduler_output, intermediate_tensors)
(Worker_DP0_TP1_EP1 pid=395706) ERROR 07-28 09:54:36 [multiproc_executor.py:1007]              ^^^^^^^^^^^^^^^^^^^^^^^^^^^^^^^^^^^^^^^^^^^^^^^^^^^^^^^^^^^^^^^^^^^^^^^
(Worker_DP0_TP1_EP1 pid=395706) ERROR 07-28 09:54:36 [multiproc_executor.py:1007]   File "/usr/local/lib/python3.11/site-packages/torch/utils/_contextlib.py", line 124, in decorate_context
(Worker_DP0_TP1_EP1 pid=395706) ERROR 07-28 09:54:36 [multiproc_executor.py:1007]     return func(*args, **kwargs)
(Worker_DP0_TP1_EP1 pid=395706) ERROR 07-28 09:54:36 [multiproc_executor.py:1007]            ^^^^^^^^^^^^^^^^^^^^^
(Worker_DP0_TP1_EP1 pid=395706) ERROR 07-28 09:54:36 [multiproc_executor.py:1007]   File "/home/l00838859/cann/my-project/vllm-ascend/vllm_ascend/worker/model_runner_v1.py", line 2346, in execute_model
(Worker_DP0_TP1_EP1 pid=395706) ERROR 07-28 09:54:36 [multiproc_executor.py:1007]     hidden_states = self._model_forward(
(Worker_DP0_TP1_EP1 pid=395706) ERROR 07-28 09:54:36 [multiproc_executor.py:1007]                     ^^^^^^^^^^^^^^^^^^^^
(Worker_DP0_TP1_EP1 pid=395706) ERROR 07-28 09:54:36 [multiproc_executor.py:1007]   File "/home/l00838859/cann/my-project/vllm-ascend/vllm_ascend/worker/model_runner_v1.py", line 2915, in _model_forward
(Worker_DP0_TP1_EP1 pid=395706) ERROR 07-28 09:54:36 [multiproc_executor.py:1007]     hidden_states = run_model()
(Worker_DP0_TP1_EP1 pid=395706) ERROR 07-28 09:54:36 [multiproc_executor.py:1007]                     ^^^^^^^^^^^
(Worker_DP0_TP1_EP1 pid=395706) ERROR 07-28 09:54:36 [multiproc_executor.py:1007]   File "/home/l00838859/cann/my-project/vllm-ascend/vllm_ascend/compilation/acl_graph.py", line 281, in __call__
(Worker_DP0_TP1_EP1 pid=395706) ERROR 07-28 09:54:36 [multiproc_executor.py:1007]     torch.npu.current_stream().synchronize()
(Worker_DP0_TP1_EP1 pid=395706) ERROR 07-28 09:54:36 [multiproc_executor.py:1007]   File "/usr/local/lib/python3.11/site-packages/torch_npu/npu/streams.py", line 85, in synchronize
(Worker_DP0_TP1_EP1 pid=395706) ERROR 07-28 09:54:36 [multiproc_executor.py:1007]     super(Stream, self).synchronize()
(Worker_DP0_TP1_EP1 pid=395706) ERROR 07-28 09:54:36 [multiproc_executor.py:1007] RuntimeError: synchronize:../torch_npu/csrc/core/npu/NPUStream.cpp:361 NPU function error: c10_npu::acl::AclrtSynchronizeStreamWithTimeout(stream()), error code is 507011
(Worker_DP0_TP1_EP1 pid=395706) ERROR 07-28 09:54:36 [multiproc_executor.py:1007] [ERROR] 2026-07-28-09:54:36 (PID:395706, Device:1, RankID:-1) ERR00100 PTA call acl api failed
(Worker_DP0_TP1_EP1 pid=395706) ERROR 07-28 09:54:36 [multiproc_executor.py:1007] [Error]: Model execution failed. 
(Worker_DP0_TP1_EP1 pid=395706) ERROR 07-28 09:54:36 [multiproc_executor.py:1007]         Rectify the fault based on the error information in the ascend log.
(Worker_DP0_TP1_EP1 pid=395706) ERROR 07-28 09:54:36 [multiproc_executor.py:1007] [PID: 395706] 2026-07-28-09:54:36.638.698 Execution_Error_SDMA(EI0012): SDMA memory copy task exception occurred. Remote rank: [0]. Base information: [streamID:[1996], taskID[1], taskType[Task AIV], tag[], AlgType(level 0-1-2):[ring-ring-ring].]. Task information: [cmdType:[6], tag:[1], size:[688128], numBlocks:[8], rankSize:[2], aivRdmaStep:[-1], flagMem:[0x130f61a00000], isOpbase:[0]
(Worker_DP0_TP1_EP1 pid=395706) ERROR 07-28 09:54:36 [multiproc_executor.py:1007] there are(is) 3 abnormal device(s):
(Worker_DP0_TP1_EP1 pid=395706) ERROR 07-28 09:54:36 [multiproc_executor.py:1007] 	[TaskExecStage][HeartbeatAbnormal]Cluster Exception Location[IP/ID]:[10.10.1.44/1], Arrival Time:[Tue Jul 28 09:52:56 2026], ExceptionType:[Stuck Occurred], Possible Reason:1.Host process is stuck, 2.Device task is stuck
(Worker_DP0_TP1_EP1 pid=395706) ERROR 07-28 09:54:36 [multiproc_executor.py:1007] 	[TaskExecStage][HeartbeatAbnormal]Cluster Exception Location[IP/ID]:[10.10.1.44/0], Arrival Time:[Tue Jul 28 09:52:58 2026], ExceptionType:[Stuck Occurred], Possible Reason:1.Host process is stuck, 2.Device task is stuck
(Worker_DP0_TP1_EP1 pid=395706) ERROR 07-28 09:54:36 [multiproc_executor.py:1007] 	[TaskExecStage][HeartbeatAbnormal]Cluster Exception Location[IP/ID]:[10.10.1.44/2], Arrival Time:[Tue Jul 28 09:52:58 2026], ExceptionType:[Stuck Occurred], Possible Reason:1.Host process is stuck, 2.Device task is stuck
(Worker_DP0_TP1_EP1 pid=395706) ERROR 07-28 09:54:36 [multiproc_executor.py:1007] ]. Communicator information: [].
(Worker_DP0_TP1_EP1 pid=395706) ERROR 07-28 09:54:36 [multiproc_executor.py:1007]         Possible Cause: 1. Network connection exception occurred during the SDMA task execution. 2. The peer process exits abnormally. 3. The input or output memory address is not allocated, the actual allocated size is smaller than the input data size, or the memory is freed before the operator execution is complete.
(Worker_DP0_TP1_EP1 pid=395706) ERROR 07-28 09:54:36 [multiproc_executor.py:1007]         Solution: 1. Check whether the network link is abnormal during the execution. 2. Check whether a process in the cluster exits before an error is reported. If yes, locate the cause of the process exit. 3. Check whether the size of the input/output memory passed to the communication operator meets the expectation, and whether the input/output memory or communicator is freed or destroyed before the operator execution is complete.
(Worker_DP0_TP1_EP1 pid=395706) ERROR 07-28 09:54:36 [multiproc_executor.py:1007]         TraceBack (most recent call last):
(Worker_DP0_TP1_EP1 pid=395706) ERROR 07-28 09:54:36 [multiproc_executor.py:1007]         The error from device(chipId:0, dieId:1), serial number is 20, there is an exception of aivec error, core id is 29, error code = 0, dump info: pc start: 0x12c0de87ba0c, current: 0x12c0de884c50, vec error info: 0xad00000cfe, mte error info: 0xe2030000f7, ifu error info: 0x20001bdc5c100, ccu error info: 0xe2c119e06880003f, cube error info: 0, biu error info: 0, aic error mask: 0x6500020bd00028c, para base: 0x12c140196000.[FUNC:PrintCoreInfo][FILE:device_error_core_proc.cc][LINE:645]
(Worker_DP0_TP1_EP1 pid=395706) ERROR 07-28 09:54:36 [multiproc_executor.py:1007]         The extend info: errcode:(0, 0, 0) errorStr: timeout or trap error. fixp_error0 info: 0x30000f7, fixp_error1 info: 0xe2, fsmId:0, tslot:2, thread:0, ctxid:0, blk:0, sublk:0, subErrType:4.[FUNC:PrintCoreInfo][FILE:device_error_core_proc.cc][LINE:658]
(Worker_DP0_TP1_EP1 pid=395706) ERROR 07-28 09:54:36 [multiproc_executor.py:1007]         The error from device(chipId:0, dieId:1), serial number is 20, there is an exception of aivec error, core id is 30, error code = 0, dump info: pc start: 0x12c0de87ba0c, current: 0x12c0de89db44, vec error info: 0xad00000cfe, mte error info: 0xe2030002f7, ifu error info: 0x2fffffe500000, ccu error info: 0xe2c119e06880003f, cube error info: 0, biu error info: 0, aic error mask: 0x6500020bd00028c, para base: 0x12c140196000.[FUNC:PrintCoreInfo][FILE:device_error_core_proc.cc][LINE:645]
(Worker_DP0_TP1_EP1 pid=395706) ERROR 07-28 09:54:36 [multiproc_executor.py:1007]         The extend info: errcode:(0, 0, 0) errorStr: timeout or trap error. fixp_error0 info: 0x30002f7, fixp_error1 info: 0xe2, fsmId:0, tslot:2, thread:0, ctxid:0, blk:1, sublk:0, subErrType:4.[FUNC:PrintCoreInfo][FILE:device_error_core_proc.cc][LINE:658]
(Worker_DP0_TP1_EP1 pid=395706) ERROR 07-28 09:54:36 [multiproc_executor.py:1007]         The error from device(chipId:0, dieId:1), serial number is 20, there is an exception of aivec error, core id is 31, error code = 0, dump info: pc start: 0x12c0de87ba0c, current: 0x12c0de89db44, vec error info: 0xad00000cfe, mte error info: 0xe2030001f7, ifu error info: 0x2fffffe600000, ccu error info: 0xe2c119e06880003f, cube error info: 0, biu error info: 0, aic error mask: 0x6500020bd00028c, para base: 0x12c140196000.[FUNC:PrintCoreInfo][FILE:device_error_core_proc.cc][LINE:645]
(Worker_DP0_TP1_EP1 pid=395706) ERROR 07-28 09:54:36 [multiproc_executor.py:1007]         The extend info: errcode:(0, 0, 0) errorStr: timeout or trap error. fixp_error0 info: 0x30001f7, fixp_error1 info: 0xe2, fsmId:0, tslot:2, thread:0, ctxid:0, blk:2, sublk:0, subErrType:4.[FUNC:PrintCoreInfo][FILE:device_error_core_proc.cc][LINE:658]
(Worker_DP0_TP1_EP1 pid=395706) ERROR 07-28 09:54:36 [multiproc_executor.py:1007]         The error from device(chipId:0, dieId:1), serial number is 20, there is an exception of aivec error, core id is 33, error code = 0, dump info: pc start: 0x12c0de87ba0c, current: 0x12c0de89db44, vec error info: 0xad00000cfe, mte error info: 0xe2030000f7, ifu error info: 0x20001bdc5c100, ccu error info: 0xe2c119e06880003f, cube error info: 0, biu error info: 0, aic error mask: 0x6500020bd00028c, para base: 0x12c140196000.[FUNC:PrintCoreInfo][FILE:device_error_core_proc.cc][LINE:645]
(Worker_DP0_TP1_EP1 pid=395706) ERROR 07-28 09:54:36 [multiproc_executor.py:1007]         The extend info: errcode:(0, 0, 0) errorStr: timeout or trap error. fixp_error0 info: 0x30000f7, fixp_error1 info: 0xe2, fsmId:0, tslot:2, thread:0, ctxid:0, blk:4, sublk:0, subErrType:4.[FUNC:PrintCoreInfo][FILE:device_error_core_proc.cc][LINE:658]
(Worker_DP0_TP1_EP1 pid=395706) ERROR 07-28 09:54:36 [multiproc_executor.py:1007]         The error from device(chipId:0, dieId:1), serial number is 20, there is an exception of aivec error, core id is 36, error code = 0, dump info: pc start: 0x12c0de87ba0c, current: 0x12c0de89db44, vec error info: 0xad00000cfe, mte error info: 0xe2030000f7, ifu error info: 0x217ffbe014040, ccu error info: 0xca72b4886880003f, cube error info: 0, biu error info: 0, aic error mask: 0x6500020bd00028c, para base: 0x12c140196000.[FUNC:PrintCoreInfo][FILE:device_error_core_proc.cc][LINE:645]
(Worker_DP0_TP1_EP1 pid=395706) ERROR 07-28 09:54:36 [multiproc_executor.py:1007]         The extend info: errcode:(0, 0, 0) errorStr: timeout or trap error. fixp_error0 info: 0x30000f7, fixp_error1 info: 0xe2, fsmId:0, tslot:2, thread:0, ctxid:0, blk:7, sublk:0, subErrType:4.[FUNC:PrintCoreInfo][FILE:device_error_core_proc.cc][LINE:658]
(Worker_DP0_TP1_EP1 pid=395706) ERROR 07-28 09:54:36 [multiproc_executor.py:1007]         The error from device(chipId:0, dieId:1), serial number is 20, there is an exception of aivec error, core id is 32, error code = 0, dump info: pc start: 0x12c0de87ba0c, current: 0x12c0de89dc88, vec error info: 0xad00000cfe, mte error info: 0xe2030000f7, ifu error info: 0x217ffbe014040, ccu error info: 0xe2c119e06880003f, cube error info: 0, biu error info: 0, aic error mask: 0x6500020bd00028c, para base: 0x12c140196000.[FUNC:PrintCoreInfo][FILE:device_error_core_proc.cc][LINE:645]
(Worker_DP0_TP1_EP1 pid=395706) ERROR 07-28 09:54:36 [multiproc_executor.py:1007]         The extend info: errcode:(0, 0, 0) errorStr: timeout or trap error. fixp_error0 info: 0x30000f7, fixp_error1 info: 0xe2, fsmId:1, tslot:2, thread:0, ctxid:0, blk:3, sublk:0, subErrType:4.[FUNC:PrintCoreInfo][FILE:device_error_core_proc.cc][LINE:658]
(Worker_DP0_TP1_EP1 pid=395706) ERROR 07-28 09:54:36 [multiproc_executor.py:1007]         The error from device(chipId:0, dieId:1), serial number is 20, there is an exception of aivec error, core id is 34, error code = 0, dump info: pc start: 0x12c0de87ba0c, current: 0x12c0de89db44, vec error info: 0xad00000cfe, mte error info: 0xe2030000f7, ifu error info: 0x2ffffffffff40, ccu error info: 0xbd3e5df6880003f, cube error info: 0, biu error info: 0, aic error mask: 0x6500020bd00028c, para base: 0x12c140196000.[FUNC:PrintCoreInfo][FILE:device_error_core_proc.cc][LINE:645]
(Worker_DP0_TP1_EP1 pid=395706) ERROR 07-28 09:54:36 [multiproc_executor.py:1007]         The extend info: errcode:(0, 0, 0) errorStr: timeout or trap error. fixp_error0 info: 0x30000f7, fixp_error1 info: 0xe2, fsmId:1, tslot:2, thread:0, ctxid:0, blk:5, sublk:0, subErrType:4.[FUNC:PrintCoreInfo][FILE:device_error_core_proc.cc][LINE:658]
(Worker_DP0_TP1_EP1 pid=395706) ERROR 07-28 09:54:36 [multiproc_executor.py:1007]         The error from device(chipId:0, dieId:1), serial number is 20, there is an exception of aivec error, core id is 35, error code = 0, dump info: pc start: 0x12c0de87ba0c, current: 0x12c0de89db44, vec error info: 0xad00000cfe, mte error info: 0xe2030001f7, ifu error info: 0x20001bdc5ce00, ccu error info: 0x5809117d6880003f, cube error info: 0, biu error info: 0, aic error mask: 0x6500020bd00028c, para base: 0x12c140196000.[FUNC:PrintCoreInfo][FILE:device_error_core_proc.cc][LINE:645]
(Worker_DP0_TP1_EP1 pid=395706) ERROR 07-28 09:54:36 [multiproc_executor.py:1007]         The extend info: errcode:(0, 0, 0) errorStr: timeout or trap error. fixp_error0 info: 0x30001f7, fixp_error1 info: 0xe2, fsmId:1, tslot:2, thread:0, ctxid:0, blk:6, sublk:0, subErrType:4.[FUNC:PrintCoreInfo][FILE:device_error_core_proc.cc][LINE:658]
(Worker_DP0_TP1_EP1 pid=395706) ERROR 07-28 09:54:36 [multiproc_executor.py:1007]         SDMA memory copy task exception occurred. Remote rank: [0]. Base information: [streamID:[1996], taskID[1], taskType[Task AIV], tag[], AlgType(level 0-1-2):[ring-ring-ring].]. Task information: [cmdType:[6], tag:[1], size:[688128], numBlocks:[8], rankSize:[2], aivRdmaStep:[-1], flagMem:[0x130f61a00000], isOpbase:[0]
(Worker_DP0_TP1_EP1 pid=395706) ERROR 07-28 09:54:36 [multiproc_executor.py:1007] there are(is) 3 abnormal device(s):
(Worker_DP0_TP1_EP1 pid=395706) ERROR 07-28 09:54:36 [multiproc_executor.py:1007] 	[TaskExecStage][HeartbeatAbnormal]Cluster Exception Location[IP/ID]:[10.10.1.44/1], Arrival Time:[Tue Jul 28 09:52:56 2026], ExceptionType:[Stuck Occurred], Possible Reason:1.Host process is stuck, 2.Device task is stuck
(Worker_DP0_TP1_EP1 pid=395706) ERROR 07-28 09:54:36 [multiproc_executor.py:1007] 	[TaskExecStage][HeartbeatAbnormal]Cluster Exception Location[IP/ID]:[10.10.1.44/0], Arrival Time:[Tue Jul 28 09:52:58 2026], ExceptionType:[Stuck Occurred], Possible Reason:1.Host process is stuck, 2.Device task is stuck
(Worker_DP0_TP1_EP1 pid=395706) ERROR 07-28 09:54:36 [multiproc_executor.py:1007] 	[TaskExecStage][HeartbeatAbnormal]Cluster Exception Location[IP/ID]:[10.10.1.44/2], Arrival Time:[Tue Jul 28 09:52:58 2026], ExceptionType:[Stuck Occurred], Possible Reason:1.Host process is stuck, 2.Device task is stuck
(Worker_DP0_TP1_EP1 pid=395706) ERROR 07-28 09:54:36 [multiproc_executor.py:1007] ]. Communicator information: [].
(Worker_DP0_TP1_EP1 pid=395706) ERROR 07-28 09:54:36 [multiproc_executor.py:1007]         rtStreamSynchronizeWithTimeout execution failed, reason=the model stream execute failed[FUNC:FuncErrorReason][FILE:error_message_manage.cc][LINE:65]
(Worker_DP0_TP1_EP1 pid=395706) ERROR 07-28 09:54:36 [multiproc_executor.py:1007]         synchronize stream with timeout failed, runtime result = 507011[FUNC:ReportCallError][FILE:log_inner.cpp][LINE:148]
(Worker_DP0_TP1_EP1 pid=395706) ERROR 07-28 09:54:36 [multiproc_executor.py:1007] 
(Worker_DP0_TP1_EP1 pid=395706) ERROR 07-28 09:54:36 [multiproc_executor.py:1007] Traceback (most recent call last):
(Worker_DP0_TP1_EP1 pid=395706) ERROR 07-28 09:54:36 [multiproc_executor.py:1007]   File "/home/l00838859/cann/my-project/vllm/vllm/v1/executor/multiproc_executor.py", line 999, in worker_busy_loop
(Worker_DP0_TP1_EP1 pid=395706) ERROR 07-28 09:54:36 [multiproc_executor.py:1007]     output = func(*args, **kwargs)
(Worker_DP0_TP1_EP1 pid=395706) ERROR 07-28 09:54:36 [multiproc_executor.py:1007]              ^^^^^^^^^^^^^^^^^^^^^
(Worker_DP0_TP1_EP1 pid=395706) ERROR 07-28 09:54:36 [multiproc_executor.py:1007]   File "/home/l00838859/cann/my-project/vllm/vllm/v1/worker/worker_base.py", line 351, in execute_model
(Worker_DP0_TP1_EP1 pid=395706) ERROR 07-28 09:54:36 [multiproc_executor.py:1007]     return self.worker.execute_model(scheduler_output)
(Worker_DP0_TP1_EP1 pid=395706) ERROR 07-28 09:54:36 [multiproc_executor.py:1007]            ^^^^^^^^^^^^^^^^^^^^^^^^^^^^^^^^^^^^^^^^^^^
(Worker_DP0_TP1_EP1 pid=395706) ERROR 07-28 09:54:36 [multiproc_executor.py:1007]   File "/home/l00838859/cann/my-project/vllm-ascend/vllm_ascend/worker/worker.py", line 685, in execute_model
(Worker_DP0_TP1_EP1 pid=395706) ERROR 07-28 09:54:36 [multiproc_executor.py:1007]     output = self.model_runner.execute_model(scheduler_output, intermediate_tensors)
(Worker_DP0_TP1_EP1 pid=395706) ERROR 07-28 09:54:36 [multiproc_executor.py:1007]              ^^^^^^^^^^^^^^^^^^^^^^^^^^^^^^^^^^^^^^^^^^^^^^^^^^^^^^^^^^^^^^^^^^^^^^^
(Worker_DP0_TP1_EP1 pid=395706) ERROR 07-28 09:54:36 [multiproc_executor.py:1007]   File "/usr/local/lib/python3.11/site-packages/torch/utils/_contextlib.py", line 124, in decorate_context
(Worker_DP0_TP1_EP1 pid=395706) ERROR 07-28 09:54:36 [multiproc_executor.py:1007]     return func(*args, **kwargs)
(Worker_DP0_TP1_EP1 pid=395706) ERROR 07-28 09:54:36 [multiproc_executor.py:1007]            ^^^^^^^^^^^^^^^^^^^^^
(Worker_DP0_TP1_EP1 pid=395706) ERROR 07-28 09:54:36 [multiproc_executor.py:1007]   File "/home/l00838859/cann/my-project/vllm-ascend/vllm_ascend/worker/model_runner_v1.py", line 2346, in execute_model
(Worker_DP0_TP1_EP1 pid=395706) ERROR 07-28 09:54:36 [multiproc_executor.py:1007]     hidden_states = self._model_forward(
(Worker_DP0_TP1_EP1 pid=395706) ERROR 07-28 09:54:36 [multiproc_executor.py:1007]                     ^^^^^^^^^^^^^^^^^^^^
(Worker_DP0_TP1_EP1 pid=395706) ERROR 07-28 09:54:36 [multiproc_executor.py:1007]   File "/home/l00838859/cann/my-project/vllm-ascend/vllm_ascend/worker/model_runner_v1.py", line 2915, in _model_forward
(Worker_DP0_TP1_EP1 pid=395706) ERROR 07-28 09:54:36 [multiproc_executor.py:1007]     hidden_states = run_model()
(Worker_DP0_TP1_EP1 pid=395706) ERROR 07-28 09:54:36 [multiproc_executor.py:1007]                     ^^^^^^^^^^^
(Worker_DP0_TP1_EP1 pid=395706) ERROR 07-28 09:54:36 [multiproc_executor.py:1007]   File "/home/l00838859/cann/my-project/vllm-ascend/vllm_ascend/compilation/acl_graph.py", line 281, in __call__
(Worker_DP0_TP1_EP1 pid=395706) ERROR 07-28 09:54:36 [multiproc_executor.py:1007]     torch.npu.current_stream().synchronize()
(Worker_DP0_TP1_EP1 pid=395706) ERROR 07-28 09:54:36 [multiproc_executor.py:1007]   File "/usr/local/lib/python3.11/site-packages/torch_npu/npu/streams.py", line 85, in synchronize
(Worker_DP0_TP1_EP1 pid=395706) ERROR 07-28 09:54:36 [multiproc_executor.py:1007]     super(Stream, self).synchronize()
(Worker_DP0_TP1_EP1 pid=395706) ERROR 07-28 09:54:36 [multiproc_executor.py:1007] RuntimeError: synchronize:../torch_npu/csrc/core/npu/NPUStream.cpp:361 NPU function error: c10_npu::acl::AclrtSynchronizeStreamWithTimeout(stream()), error code is 507011
(Worker_DP0_TP1_EP1 pid=395706) ERROR 07-28 09:54:36 [multiproc_executor.py:1007] [ERROR] 2026-07-28-09:54:36 (PID:395706, Device:1, RankID:-1) ERR00100 PTA call acl api failed
(Worker_DP0_TP1_EP1 pid=395706) ERROR 07-28 09:54:36 [multiproc_executor.py:1007] [Error]: Model execution failed. 
(Worker_DP0_TP1_EP1 pid=395706) ERROR 07-28 09:54:36 [multiproc_executor.py:1007]         Rectify the fault based on the error information in the ascend log.
(Worker_DP0_TP1_EP1 pid=395706) ERROR 07-28 09:54:36 [multiproc_executor.py:1007] [PID: 395706] 2026-07-28-09:54:36.638.698 Execution_Error_SDMA(EI0012): SDMA memory copy task exception occurred. Remote rank: [0]. Base information: [streamID:[1996], taskID[1], taskType[Task AIV], tag[], AlgType(level 0-1-2):[ring-ring-ring].]. Task information: [cmdType:[6], tag:[1], size:[688128], numBlocks:[8], rankSize:[2], aivRdmaStep:[-1], flagMem:[0x130f61a00000], isOpbase:[0]
(Worker_DP0_TP1_EP1 pid=395706) ERROR 07-28 09:54:36 [multiproc_executor.py:1007] there are(is) 3 abnormal device(s):
(Worker_DP0_TP1_EP1 pid=395706) ERROR 07-28 09:54:36 [multiproc_executor.py:1007] 	[TaskExecStage][HeartbeatAbnormal]Cluster Exception Location[IP/ID]:[10.10.1.44/1], Arrival Time:[Tue Jul 28 09:52:56 2026], ExceptionType:[Stuck Occurred], Possible Reason:1.Host process is stuck, 2.Device task is stuck
(Worker_DP0_TP1_EP1 pid=395706) ERROR 07-28 09:54:36 [multiproc_executor.py:1007] 	[TaskExecStage][HeartbeatAbnormal]Cluster Exception Location[IP/ID]:[10.10.1.44/0], Arrival Time:[Tue Jul 28 09:52:58 2026], ExceptionType:[Stuck Occurred], Possible Reason:1.Host process is stuck, 2.Device task is stuck
(Worker_DP0_TP1_EP1 pid=395706) ERROR 07-28 09:54:36 [multiproc_executor.py:1007] 	[TaskExecStage][HeartbeatAbnormal]Cluster Exception Location[IP/ID]:[10.10.1.44/2], Arrival Time:[Tue Jul 28 09:52:58 2026], ExceptionType:[Stuck Occurred], Possible Reason:1.Host process is stuck, 2.Device task is stuck
(Worker_DP0_TP1_EP1 pid=395706) ERROR 07-28 09:54:36 [multiproc_executor.py:1007] ]. Communicator information: [].
(Worker_DP0_TP1_EP1 pid=395706) ERROR 07-28 09:54:36 [multiproc_executor.py:1007]         Possible Cause: 1. Network connection exception occurred during the SDMA task execution. 2. The peer process exits abnormally. 3. The input or output memory address is not allocated, the actual allocated size is smaller than the input data size, or the memory is freed before the operator execution is complete.
(Worker_DP0_TP1_EP1 pid=395706) ERROR 07-28 09:54:36 [multiproc_executor.py:1007]         Solution: 1. Check whether the network link is abnormal during the execution. 2. Check whether a process in the cluster exits before an error is reported. If yes, locate the cause of the process exit. 3. Check whether the size of the input/output memory passed to the communication operator meets the expectation, and whether the input/output memory or communicator is freed or destroyed before the operator execution is complete.
(Worker_DP0_TP1_EP1 pid=395706) ERROR 07-28 09:54:36 [multiproc_executor.py:1007]         TraceBack (most recent call last):
(Worker_DP0_TP1_EP1 pid=395706) ERROR 07-28 09:54:36 [multiproc_executor.py:1007]         The error from device(chipId:0, dieId:1), serial number is 20, there is an exception of aivec error, core id is 29, error code = 0, dump info: pc start: 0x12c0de87ba0c, current: 0x12c0de884c50, vec error info: 0xad00000cfe, mte error info: 0xe2030000f7, ifu error info: 0x20001bdc5c100, ccu error info: 0xe2c119e06880003f, cube error info: 0, biu error info: 0, aic error mask: 0x6500020bd00028c, para base: 0x12c140196000.[FUNC:PrintCoreInfo][FILE:device_error_core_proc.cc][LINE:645]
(Worker_DP0_TP1_EP1 pid=395706) ERROR 07-28 09:54:36 [multiproc_executor.py:1007]         The extend info: errcode:(0, 0, 0) errorStr: timeout or trap error. fixp_error0 info: 0x30000f7, fixp_error1 info: 0xe2, fsmId:0, tslot:2, thread:0, ctxid:0, blk:0, sublk:0, subErrType:4.[FUNC:PrintCoreInfo][FILE:device_error_core_proc.cc][LINE:658]
(Worker_DP0_TP1_EP1 pid=395706) ERROR 07-28 09:54:36 [multiproc_executor.py:1007]         The error from device(chipId:0, dieId:1), serial number is 20, there is an exception of aivec error, core id is 30, error code = 0, dump info: pc start: 0x12c0de87ba0c, current: 0x12c0de89db44, vec error info: 0xad00000cfe, mte error info: 0xe2030002f7, ifu error info: 0x2fffffe500000, ccu error info: 0xe2c119e06880003f, cube error info: 0, biu error info: 0, aic error mask: 0x6500020bd00028c, para base: 0x12c140196000.[FUNC:PrintCoreInfo][FILE:device_error_core_proc.cc][LINE:645]
(Worker_DP0_TP1_EP1 pid=395706) ERROR 07-28 09:54:36 [multiproc_executor.py:1007]         The extend info: errcode:(0, 0, 0) errorStr: timeout or trap error. fixp_error0 info: 0x30002f7, fixp_error1 info: 0xe2, fsmId:0, tslot:2, thread:0, ctxid:0, blk:1, sublk:0, subErrType:4.[FUNC:PrintCoreInfo][FILE:device_error_core_proc.cc][LINE:658]
(Worker_DP0_TP1_EP1 pid=395706) ERROR 07-28 09:54:36 [multiproc_executor.py:1007]         The error from device(chipId:0, dieId:1), serial number is 20, there is an exception of aivec error, core id is 31, error code = 0, dump info: pc start: 0x12c0de87ba0c, current: 0x12c0de89db44, vec error info: 0xad00000cfe, mte error info: 0xe2030001f7, ifu error info: 0x2fffffe600000, ccu error info: 0xe2c119e06880003f, cube error info: 0, biu error info: 0, aic error mask: 0x6500020bd00028c, para base: 0x12c140196000.[FUNC:PrintCoreInfo][FILE:device_error_core_proc.cc][LINE:645]
(Worker_DP0_TP1_EP1 pid=395706) ERROR 07-28 09:54:36 [multiproc_executor.py:1007]         The extend info: errcode:(0, 0, 0) errorStr: timeout or trap error. fixp_error0 info: 0x30001f7, fixp_error1 info: 0xe2, fsmId:0, tslot:2, thread:0, ctxid:0, blk:2, sublk:0, subErrType:4.[FUNC:PrintCoreInfo][FILE:device_error_core_proc.cc][LINE:658]
(Worker_DP0_TP1_EP1 pid=395706) ERROR 07-28 09:54:36 [multiproc_executor.py:1007]         The error from device(chipId:0, dieId:1), serial number is 20, there is an exception of aivec error, core id is 33, error code = 0, dump info: pc start: 0x12c0de87ba0c, current: 0x12c0de89db44, vec error info: 0xad00000cfe, mte error info: 0xe2030000f7, ifu error info: 0x20001bdc5c100, ccu error info: 0xe2c119e06880003f, cube error info: 0, biu error info: 0, aic error mask: 0x6500020bd00028c, para base: 0x12c140196000.[FUNC:PrintCoreInfo][FILE:device_error_core_proc.cc][LINE:645]
(Worker_DP0_TP1_EP1 pid=395706) ERROR 07-28 09:54:36 [multiproc_executor.py:1007]         The extend info: errcode:(0, 0, 0) errorStr: timeout or trap error. fixp_error0 info: 0x30000f7, fixp_error1 info: 0xe2, fsmId:0, tslot:2, thread:0, ctxid:0, blk:4, sublk:0, subErrType:4.[FUNC:PrintCoreInfo][FILE:device_error_core_proc.cc][LINE:658]
(Worker_DP0_TP1_EP1 pid=395706) ERROR 07-28 09:54:36 [multiproc_executor.py:1007]         The error from device(chipId:0, dieId:1), serial number is 20, there is an exception of aivec error, core id is 36, error code = 0, dump info: pc start: 0x12c0de87ba0c, current: 0x12c0de89db44, vec error info: 0xad00000cfe, mte error info: 0xe2030000f7, ifu error info: 0x217ffbe014040, ccu error info: 0xca72b4886880003f, cube error info: 0, biu error info: 0, aic error mask: 0x6500020bd00028c, para base: 0x12c140196000.[FUNC:PrintCoreInfo][FILE:device_error_core_proc.cc][LINE:645]
(Worker_DP0_TP1_EP1 pid=395706) ERROR 07-28 09:54:36 [multiproc_executor.py:1007]         The extend info: errcode:(0, 0, 0) errorStr: timeout or trap error. fixp_error0 info: 0x30000f7, fixp_error1 info: 0xe2, fsmId:0, tslot:2, thread:0, ctxid:0, blk:7, sublk:0, subErrType:4.[FUNC:PrintCoreInfo][FILE:device_error_core_proc.cc][LINE:658]
(Worker_DP0_TP1_EP1 pid=395706) ERROR 07-28 09:54:36 [multiproc_executor.py:1007]         The error from device(chipId:0, dieId:1), serial number is 20, there is an exception of aivec error, core id is 32, error code = 0, dump info: pc start: 0x12c0de87ba0c, current: 0x12c0de89dc88, vec error info: 0xad00000cfe, mte error info: 0xe2030000f7, ifu error info: 0x217ffbe014040, ccu error info: 0xe2c119e06880003f, cube error info: 0, biu error info: 0, aic error mask: 0x6500020bd00028c, para base: 0x12c140196000.[FUNC:PrintCoreInfo][FILE:device_error_core_proc.cc][LINE:645]
(Worker_DP0_TP1_EP1 pid=395706) ERROR 07-28 09:54:36 [multiproc_executor.py:1007]         The extend info: errcode:(0, 0, 0) errorStr: timeout or trap error. fixp_error0 info: 0x30000f7, fixp_error1 info: 0xe2, fsmId:1, tslot:2, thread:0, ctxid:0, blk:3, sublk:0, subErrType:4.[FUNC:PrintCoreInfo][FILE:device_error_core_proc.cc][LINE:658]
(Worker_DP0_TP1_EP1 pid=395706) ERROR 07-28 09:54:36 [multiproc_executor.py:1007]         The error from device(chipId:0, dieId:1), serial number is 20, there is an exception of aivec error, core id is 34, error code = 0, dump info: pc start: 0x12c0de87ba0c, current: 0x12c0de89db44, vec error info: 0xad00000cfe, mte error info: 0xe2030000f7, ifu error info: 0x2ffffffffff40, ccu error info: 0xbd3e5df6880003f, cube error info: 0, biu error info: 0, aic error mask: 0x6500020bd00028c, para base: 0x12c140196000.[FUNC:PrintCoreInfo][FILE:device_error_core_proc.cc][LINE:645]
(Worker_DP0_TP1_EP1 pid=395706) ERROR 07-28 09:54:36 [multiproc_executor.py:1007]         The extend info: errcode:(0, 0, 0) errorStr: timeout or trap error. fixp_error0 info: 0x30000f7, fixp_error1 info: 0xe2, fsmId:1, tslot:2, thread:0, ctxid:0, blk:5, sublk:0, subErrType:4.[FUNC:PrintCoreInfo][FILE:device_error_core_proc.cc][LINE:658]
(Worker_DP0_TP1_EP1 pid=395706) ERROR 07-28 09:54:36 [multiproc_executor.py:1007]         The error from device(chipId:0, dieId:1), serial number is 20, there is an exception of aivec error, core id is 35, error code = 0, dump info: pc start: 0x12c0de87ba0c, current: 0x12c0de89db44, vec error info: 0xad00000cfe, mte error info: 0xe2030001f7, ifu error info: 0x20001bdc5ce00, ccu error info: 0x5809117d6880003f, cube error info: 0, biu error info: 0, aic error mask: 0x6500020bd00028c, para base: 0x12c140196000.[FUNC:PrintCoreInfo][FILE:device_error_core_proc.cc][LINE:645]
(Worker_DP0_TP1_EP1 pid=395706) ERROR 07-28 09:54:36 [multiproc_executor.py:1007]         The extend info: errcode:(0, 0, 0) errorStr: timeout or trap error. fixp_error0 info: 0x30001f7, fixp_error1 info: 0xe2, fsmId:1, tslot:2, thread:0, ctxid:0, blk:6, sublk:0, subErrType:4.[FUNC:PrintCoreInfo][FILE:device_error_core_proc.cc][LINE:658]
(Worker_DP0_TP1_EP1 pid=395706) ERROR 07-28 09:54:36 [multiproc_executor.py:1007]         SDMA memory copy task exception occurred. Remote rank: [0]. Base information: [streamID:[1996], taskID[1], taskType[Task AIV], tag[], AlgType(level 0-1-2):[ring-ring-ring].]. Task information: [cmdType:[6], tag:[1], size:[688128], numBlocks:[8], rankSize:[2], aivRdmaStep:[-1], flagMem:[0x130f61a00000], isOpbase:[0]
(Worker_DP0_TP1_EP1 pid=395706) ERROR 07-28 09:54:36 [multiproc_executor.py:1007] there are(is) 3 abnormal device(s):
(Worker_DP0_TP1_EP1 pid=395706) ERROR 07-28 09:54:36 [multiproc_executor.py:1007] 	[TaskExecStage][HeartbeatAbnormal]Cluster Exception Location[IP/ID]:[10.10.1.44/1], Arrival Time:[Tue Jul 28 09:52:56 2026], ExceptionType:[Stuck Occurred], Possible Reason:1.Host process is stuck, 2.Device task is stuck
(Worker_DP0_TP1_EP1 pid=395706) ERROR 07-28 09:54:36 [multiproc_executor.py:1007] 	[TaskExecStage][HeartbeatAbnormal]Cluster Exception Location[IP/ID]:[10.10.1.44/0], Arrival Time:[Tue Jul 28 09:52:58 2026], ExceptionType:[Stuck Occurred], Possible Reason:1.Host process is stuck, 2.Device task is stuck
(Worker_DP0_TP1_EP1 pid=395706) ERROR 07-28 09:54:36 [multiproc_executor.py:1007] 	[TaskExecStage][HeartbeatAbnormal]Cluster Exception Location[IP/ID]:[10.10.1.44/2], Arrival Time:[Tue Jul 28 09:52:58 2026], ExceptionType:[Stuck Occurred], Possible Reason:1.Host process is stuck, 2.Device task is stuck
(Worker_DP0_TP1_EP1 pid=395706) ERROR 07-28 09:54:36 [multiproc_executor.py:1007] ]. Communicator information: [].
(Worker_DP0_TP1_EP1 pid=395706) ERROR 07-28 09:54:36 [multiproc_executor.py:1007]         rtStreamSynchronizeWithTimeout execution failed, reason=the model stream execute failed[FUNC:FuncErrorReason][FILE:error_message_manage.cc][LINE:65]
(Worker_DP0_TP1_EP1 pid=395706) ERROR 07-28 09:54:36 [multiproc_executor.py:1007]         synchronize stream with timeout failed, runtime result = 507011[FUNC:ReportCallError][FILE:log_inner.cpp][LINE:148]
(Worker_DP0_TP1_EP1 pid=395706) ERROR 07-28 09:54:36 [multiproc_executor.py:1007] 
(Worker_DP0_TP1_EP1 pid=395706) ERROR 07-28 09:54:36 [multiproc_executor.py:1007] 
(EngineCore_DP0 pid=394878) ERROR 07-28 09:54:36 [dump_input.py:81] Dumping scheduler stats: SchedulerStats(num_running_reqs=1, num_waiting_reqs=0, num_skipped_waiting_reqs=0, step_counter=0, current_wave=0, kv_cache_usage=0.016393442622950838, prefix_cache_stats=PrefixCacheStats(reset=False, requests=0, queries=0, hits=0, preempted_requests=0, preempted_queries=0, preempted_hits=0), connector_prefix_cache_stats=None, kv_cache_eviction_events=[], spec_decoding_stats=None, kv_connector_stats=None, waiting_lora_adapters={}, running_lora_adapters={}, cudagraph_stats=None, perf_stats=None)
(Worker_DP2_TP0_EP4 pid=395296) ERROR 07-28 09:54:36 [multiproc_executor.py:1007] WorkerProc hit an exception.
(Worker_DP2_TP0_EP4 pid=395296) ERROR 07-28 09:54:36 [multiproc_executor.py:1007] Traceback (most recent call last):
(Worker_DP2_TP0_EP4 pid=395296) ERROR 07-28 09:54:36 [multiproc_executor.py:1007]   File "/home/l00838859/cann/my-project/vllm/vllm/v1/executor/multiproc_executor.py", line 999, in worker_busy_loop
(Worker_DP2_TP0_EP4 pid=395296) ERROR 07-28 09:54:36 [multiproc_executor.py:1007]     output = func(*args, **kwargs)
(Worker_DP2_TP0_EP4 pid=395296) ERROR 07-28 09:54:36 [multiproc_executor.py:1007]              ^^^^^^^^^^^^^^^^^^^^^
(Worker_DP2_TP0_EP4 pid=395296) ERROR 07-28 09:54:36 [multiproc_executor.py:1007]   File "/home/l00838859/cann/my-project/vllm/vllm/v1/worker/worker_base.py", line 351, in execute_model
(Worker_DP2_TP0_EP4 pid=395296) ERROR 07-28 09:54:36 [multiproc_executor.py:1007]     return self.worker.execute_model(scheduler_output)
(Worker_DP2_TP0_EP4 pid=395296) ERROR 07-28 09:54:36 [multiproc_executor.py:1007]            ^^^^^^^^^^^^^^^^^^^^^^^^^^^^^^^^^^^^^^^^^^^
(Worker_DP2_TP0_EP4 pid=395296) ERROR 07-28 09:54:36 [multiproc_executor.py:1007]   File "/home/l00838859/cann/my-project/vllm-ascend/vllm_ascend/worker/worker.py", line 685, in execute_model
(Worker_DP2_TP0_EP4 pid=395296) ERROR 07-28 09:54:36 [multiproc_executor.py:1007]     output = self.model_runner.execute_model(scheduler_output, intermediate_tensors)
(Worker_DP2_TP0_EP4 pid=395296) ERROR 07-28 09:54:36 [multiproc_executor.py:1007]              ^^^^^^^^^^^^^^^^^^^^^^^^^^^^^^^^^^^^^^^^^^^^^^^^^^^^^^^^^^^^^^^^^^^^^^^
(Worker_DP2_TP0_EP4 pid=395296) ERROR 07-28 09:54:36 [multiproc_executor.py:1007]   File "/usr/local/lib/python3.11/site-packages/torch/utils/_contextlib.py", line 124, in decorate_context
(Worker_DP2_TP0_EP4 pid=395296) ERROR 07-28 09:54:36 [multiproc_executor.py:1007]     return func(*args, **kwargs)
(Worker_DP2_TP0_EP4 pid=395296) ERROR 07-28 09:54:36 [multiproc_executor.py:1007]            ^^^^^^^^^^^^^^^^^^^^^
(Worker_DP2_TP0_EP4 pid=395296) ERROR 07-28 09:54:36 [multiproc_executor.py:1007]   File "/home/l00838859/cann/my-project/vllm-ascend/vllm_ascend/worker/model_runner_v1.py", line 2346, in execute_model
(Worker_DP2_TP0_EP4 pid=395296) ERROR 07-28 09:54:36 [multiproc_executor.py:1007]     hidden_states = self._model_forward(
(Worker_DP2_TP0_EP4 pid=395296) ERROR 07-28 09:54:36 [multiproc_executor.py:1007]                     ^^^^^^^^^^^^^^^^^^^^
(Worker_DP2_TP0_EP4 pid=395296) ERROR 07-28 09:54:36 [multiproc_executor.py:1007]   File "/home/l00838859/cann/my-project/vllm-ascend/vllm_ascend/worker/model_runner_v1.py", line 2915, in _model_forward
(Worker_DP2_TP0_EP4 pid=395296) ERROR 07-28 09:54:36 [multiproc_executor.py:1007]     hidden_states = run_model()
(Worker_DP2_TP0_EP4 pid=395296) ERROR 07-28 09:54:36 [multiproc_executor.py:1007]                     ^^^^^^^^^^^
(Worker_DP2_TP0_EP4 pid=395296) ERROR 07-28 09:54:36 [multiproc_executor.py:1007]   File "/home/l00838859/cann/my-project/vllm-ascend/vllm_ascend/compilation/acl_graph.py", line 281, in __call__
(Worker_DP2_TP0_EP4 pid=395296) ERROR 07-28 09:54:36 [multiproc_executor.py:1007]     torch.npu.current_stream().synchronize()
(Worker_DP2_TP0_EP4 pid=395296) ERROR 07-28 09:54:36 [multiproc_executor.py:1007]   File "/usr/local/lib/python3.11/site-packages/torch_npu/npu/streams.py", line 85, in synchronize
(Worker_DP2_TP0_EP4 pid=395296) ERROR 07-28 09:54:36 [multiproc_executor.py:1007]     super(Stream, self).synchronize()
(Worker_DP2_TP0_EP4 pid=395296) ERROR 07-28 09:54:36 [multiproc_executor.py:1007] RuntimeError: synchronize:../torch_npu/csrc/core/npu/NPUStream.cpp:361 NPU function error: c10_npu::acl::AclrtSynchronizeStreamWithTimeout(stream()), error code is 507011
(Worker_DP2_TP0_EP4 pid=395296) ERROR 07-28 09:54:36 [multiproc_executor.py:1007] [ERROR] 2026-07-28-09:54:36 (PID:395296, Device:4, RankID:-1) ERR00100 PTA call acl api failed
(Worker_DP2_TP0_EP4 pid=395296) ERROR 07-28 09:54:36 [multiproc_executor.py:1007] [Error]: Model execution failed. 
(Worker_DP2_TP0_EP4 pid=395296) ERROR 07-28 09:54:36 [multiproc_executor.py:1007]         Rectify the fault based on the error information in the ascend log.
(Worker_DP2_TP0_EP4 pid=395296) ERROR 07-28 09:54:36 [multiproc_executor.py:1007] EE9999: Inner Error!
(Worker_DP2_TP0_EP4 pid=395296) ERROR 07-28 09:54:36 [multiproc_executor.py:1007] EE9999[PID: 395296] 2026-07-28-09:54:36.637.474 (EE9999):  rtStreamSynchronizeWithTimeout execution failed, reason=the model stream execute failed[FUNC:FuncErrorReason][FILE:error_message_manage.cc][LINE:65]
(Worker_DP2_TP0_EP4 pid=395296) ERROR 07-28 09:54:36 [multiproc_executor.py:1007]         TraceBack (most recent call last):
(Worker_DP2_TP0_EP4 pid=395296) ERROR 07-28 09:54:36 [multiproc_executor.py:1007]        synchronize stream with timeout failed, runtime result = 507011[FUNC:ReportCallError][FILE:log_inner.cpp][LINE:148]
(Worker_DP2_TP0_EP4 pid=395296) ERROR 07-28 09:54:36 [multiproc_executor.py:1007] 
(Worker_DP2_TP0_EP4 pid=395296) ERROR 07-28 09:54:36 [multiproc_executor.py:1007] Traceback (most recent call last):
(Worker_DP2_TP0_EP4 pid=395296) ERROR 07-28 09:54:36 [multiproc_executor.py:1007]   File "/home/l00838859/cann/my-project/vllm/vllm/v1/executor/multiproc_executor.py", line 999, in worker_busy_loop
(Worker_DP2_TP0_EP4 pid=395296) ERROR 07-28 09:54:36 [multiproc_executor.py:1007]     output = func(*args, **kwargs)
(Worker_DP2_TP0_EP4 pid=395296) ERROR 07-28 09:54:36 [multiproc_executor.py:1007]              ^^^^^^^^^^^^^^^^^^^^^
(Worker_DP2_TP0_EP4 pid=395296) ERROR 07-28 09:54:36 [multiproc_executor.py:1007]   File "/home/l00838859/cann/my-project/vllm/vllm/v1/worker/worker_base.py", line 351, in execute_model
(Worker_DP2_TP0_EP4 pid=395296) ERROR 07-28 09:54:36 [multiproc_executor.py:1007]     return self.worker.execute_model(scheduler_output)
(Worker_DP2_TP0_EP4 pid=395296) ERROR 07-28 09:54:36 [multiproc_executor.py:1007]            ^^^^^^^^^^^^^^^^^^^^^^^^^^^^^^^^^^^^^^^^^^^
(Worker_DP2_TP0_EP4 pid=395296) ERROR 07-28 09:54:36 [multiproc_executor.py:1007]   File "/home/l00838859/cann/my-project/vllm-ascend/vllm_ascend/worker/worker.py", line 685, in execute_model
(Worker_DP2_TP0_EP4 pid=395296) ERROR 07-28 09:54:36 [multiproc_executor.py:1007]     output = self.model_runner.execute_model(scheduler_output, intermediate_tensors)
(Worker_DP2_TP0_EP4 pid=395296) ERROR 07-28 09:54:36 [multiproc_executor.py:1007]              ^^^^^^^^^^^^^^^^^^^^^^^^^^^^^^^^^^^^^^^^^^^^^^^^^^^^^^^^^^^^^^^^^^^^^^^
(Worker_DP2_TP0_EP4 pid=395296) ERROR 07-28 09:54:36 [multiproc_executor.py:1007]   File "/usr/local/lib/python3.11/site-packages/torch/utils/_contextlib.py", line 124, in decorate_context
(Worker_DP2_TP0_EP4 pid=395296) ERROR 07-28 09:54:36 [multiproc_executor.py:1007]     return func(*args, **kwargs)
(Worker_DP2_TP0_EP4 pid=395296) ERROR 07-28 09:54:36 [multiproc_executor.py:1007]            ^^^^^^^^^^^^^^^^^^^^^
(Worker_DP2_TP0_EP4 pid=395296) ERROR 07-28 09:54:36 [multiproc_executor.py:1007]   File "/home/l00838859/cann/my-project/vllm-ascend/vllm_ascend/worker/model_runner_v1.py", line 2346, in execute_model
(Worker_DP2_TP0_EP4 pid=395296) ERROR 07-28 09:54:36 [multiproc_executor.py:1007]     hidden_states = self._model_forward(
(Worker_DP2_TP0_EP4 pid=395296) ERROR 07-28 09:54:36 [multiproc_executor.py:1007]                     ^^^^^^^^^^^^^^^^^^^^
(Worker_DP2_TP0_EP4 pid=395296) ERROR 07-28 09:54:36 [multiproc_executor.py:1007]   File "/home/l00838859/cann/my-project/vllm-ascend/vllm_ascend/worker/model_runner_v1.py", line 2915, in _model_forward
(Worker_DP2_TP0_EP4 pid=395296) ERROR 07-28 09:54:36 [multiproc_executor.py:1007]     hidden_states = run_model()
(Worker_DP2_TP0_EP4 pid=395296) ERROR 07-28 09:54:36 [multiproc_executor.py:1007]                     ^^^^^^^^^^^
(Worker_DP2_TP0_EP4 pid=395296) ERROR 07-28 09:54:36 [multiproc_executor.py:1007]   File "/home/l00838859/cann/my-project/vllm-ascend/vllm_ascend/compilation/acl_graph.py", line 281, in __call__
(Worker_DP2_TP0_EP4 pid=395296) ERROR 07-28 09:54:36 [multiproc_executor.py:1007]     torch.npu.current_stream().synchronize()
(Worker_DP2_TP0_EP4 pid=395296) ERROR 07-28 09:54:36 [multiproc_executor.py:1007]   File "/usr/local/lib/python3.11/site-packages/torch_npu/npu/streams.py", line 85, in synchronize
(Worker_DP2_TP0_EP4 pid=395296) ERROR 07-28 09:54:36 [multiproc_executor.py:1007]     super(Stream, self).synchronize()
(Worker_DP2_TP0_EP4 pid=395296) ERROR 07-28 09:54:36 [multiproc_executor.py:1007] RuntimeError: synchronize:../torch_npu/csrc/core/npu/NPUStream.cpp:361 NPU function error: c10_npu::acl::AclrtSynchronizeStreamWithTimeout(stream()), error code is 507011
(Worker_DP2_TP0_EP4 pid=395296) ERROR 07-28 09:54:36 [multiproc_executor.py:1007] [ERROR] 2026-07-28-09:54:36 (PID:395296, Device:4, RankID:-1) ERR00100 PTA call acl api failed
(Worker_DP2_TP0_EP4 pid=395296) ERROR 07-28 09:54:36 [multiproc_executor.py:1007] [Error]: Model execution failed. 
(Worker_DP2_TP0_EP4 pid=395296) ERROR 07-28 09:54:36 [multiproc_executor.py:1007]         Rectify the fault based on the error information in the ascend log.
(Worker_DP2_TP0_EP4 pid=395296) ERROR 07-28 09:54:36 [multiproc_executor.py:1007] EE9999: Inner Error!
(Worker_DP2_TP0_EP4 pid=395296) ERROR 07-28 09:54:36 [multiproc_executor.py:1007] EE9999[PID: 395296] 2026-07-28-09:54:36.637.474 (EE9999):  rtStreamSynchronizeWithTimeout execution failed, reason=the model stream execute failed[FUNC:FuncErrorReason][FILE:error_message_manage.cc][LINE:65]
(Worker_DP2_TP0_EP4 pid=395296) ERROR 07-28 09:54:36 [multiproc_executor.py:1007]         TraceBack (most recent call last):
(Worker_DP2_TP0_EP4 pid=395296) ERROR 07-28 09:54:36 [multiproc_executor.py:1007]        synchronize stream with timeout failed, runtime result = 507011[FUNC:ReportCallError][FILE:log_inner.cpp][LINE:148]
(Worker_DP2_TP0_EP4 pid=395296) ERROR 07-28 09:54:36 [multiproc_executor.py:1007] 
(Worker_DP2_TP0_EP4 pid=395296) ERROR 07-28 09:54:36 [multiproc_executor.py:1007] 
(EngineCore_DP0 pid=394878) ERROR 07-28 09:54:36 [core.py:1233] EngineCore encountered a fatal error.
(EngineCore_DP0 pid=394878) ERROR 07-28 09:54:36 [core.py:1233] Traceback (most recent call last):
(EngineCore_DP0 pid=394878) ERROR 07-28 09:54:36 [core.py:1233]   File "/home/l00838859/cann/my-project/vllm/vllm/v1/engine/core.py", line 1224, in run_engine_core
(EngineCore_DP0 pid=394878) ERROR 07-28 09:54:36 [core.py:1233]     engine_core.run_busy_loop()
(EngineCore_DP0 pid=394878) ERROR 07-28 09:54:36 [core.py:1233]   File "/home/l00838859/cann/my-project/vllm/vllm/v1/engine/core.py", line 1943, in run_busy_loop
(EngineCore_DP0 pid=394878) ERROR 07-28 09:54:36 [core.py:1233]     executed = self._process_engine_step()
(EngineCore_DP0 pid=394878) ERROR 07-28 09:54:36 [core.py:1233]                ^^^^^^^^^^^^^^^^^^^^^^^^^^^
(EngineCore_DP0 pid=394878) ERROR 07-28 09:54:36 [core.py:1233]   File "/home/l00838859/cann/my-project/vllm/vllm/v1/engine/core.py", line 1304, in _process_engine_step
(EngineCore_DP0 pid=394878) ERROR 07-28 09:54:36 [core.py:1233]     outputs, model_executed = self.step_fn()
(EngineCore_DP0 pid=394878) ERROR 07-28 09:54:36 [core.py:1233]                               ^^^^^^^^^^^^^^
(EngineCore_DP0 pid=394878) ERROR 07-28 09:54:36 [core.py:1233]   File "/home/l00838859/cann/my-project/vllm/vllm/v1/engine/core.py", line 595, in step_with_batch_queue
(EngineCore_DP0 pid=394878) ERROR 07-28 09:54:36 [core.py:1233]     model_output = future.result()
(EngineCore_DP0 pid=394878) ERROR 07-28 09:54:36 [core.py:1233]                    ^^^^^^^^^^^^^^^
(EngineCore_DP0 pid=394878) ERROR 07-28 09:54:36 [core.py:1233]   File "/home/l00838859/cann/my-project/vllm/vllm/v1/executor/multiproc_executor.py", line 91, in result
(EngineCore_DP0 pid=394878) ERROR 07-28 09:54:36 [core.py:1233]     return super().result()
(EngineCore_DP0 pid=394878) ERROR 07-28 09:54:36 [core.py:1233]            ^^^^^^^^^^^^^^^^
(EngineCore_DP0 pid=394878) ERROR 07-28 09:54:36 [core.py:1233]   File "/usr/local/lib/python3.11/concurrent/futures/_base.py", line 449, in result
(EngineCore_DP0 pid=394878) ERROR 07-28 09:54:36 [core.py:1233]     return self.__get_result()
(EngineCore_DP0 pid=394878) ERROR 07-28 09:54:36 [core.py:1233]            ^^^^^^^^^^^^^^^^^^^
(EngineCore_DP0 pid=394878) ERROR 07-28 09:54:36 [core.py:1233]   File "/usr/local/lib/python3.11/concurrent/futures/_base.py", line 401, in __get_result
(EngineCore_DP0 pid=394878) ERROR 07-28 09:54:36 [core.py:1233]     raise self._exception
(EngineCore_DP0 pid=394878) ERROR 07-28 09:54:36 [core.py:1233]   File "/home/l00838859/cann/my-project/vllm/vllm/v1/executor/multiproc_executor.py", line 95, in _wait_for_response
(EngineCore_DP0 pid=394878) ERROR 07-28 09:54:36 [core.py:1233]     response = self.aggregate(self.get_response())
(EngineCore_DP0 pid=394878) ERROR 07-28 09:54:36 [core.py:1233]                               ^^^^^^^^^^^^^^^^^^^
(EngineCore_DP0 pid=394878) ERROR 07-28 09:54:36 [core.py:1233]   File "/home/l00838859/cann/my-project/vllm/vllm/v1/executor/multiproc_executor.py", line 394, in get_response
(EngineCore_DP0 pid=394878) ERROR 07-28 09:54:36 [core.py:1233]     raise RuntimeError(
(EngineCore_DP0 pid=394878) ERROR 07-28 09:54:36 [core.py:1233] RuntimeError: Worker failed with error 'synchronize:../torch_npu/csrc/core/npu/NPUEvent.cpp:212 NPU function error: aclrtSynchronizeEvent(event_), error code is 507011
(EngineCore_DP0 pid=394878) ERROR 07-28 09:54:36 [core.py:1233] [ERROR] 2026-07-28-09:54:36 (PID:395300, Device:0, RankID:-1) ERR00100 PTA call acl api failed
(EngineCore_DP0 pid=394878) ERROR 07-28 09:54:36 [core.py:1233] [Error]: Model execution failed. 
(EngineCore_DP0 pid=394878) ERROR 07-28 09:54:36 [core.py:1233]         Rectify the fault based on the error information in the ascend log.
(EngineCore_DP0 pid=394878) ERROR 07-28 09:54:36 [core.py:1233] [PID: 395300] 2026-07-28-09:54:36.630.494 Execution_Error_SDMA(EI0012): SDMA memory copy task exception occurred. Remote rank: [0]. Base information: [streamID:[81], taskID[1], taskType[Task AIV], tag[], AlgType(level 0-1-2):[ring-ring-ring].]. Task information: [cmdType:[6], tag:[5], size:[688128], numBlocks:[8], rankSize:[2], aivRdmaStep:[-1], flagMem:[0x130f61a00000], isOpbase:[0]
(EngineCore_DP0 pid=394878) ERROR 07-28 09:54:36 [core.py:1233] there are 5 abnormal device(s), only the first 3 devices are listed:
(EngineCore_DP0 pid=394878) ERROR 07-28 09:54:36 [core.py:1233] 	[TaskExecStage][HeartbeatAbnormal]Cluster Exception Location[IP/ID]:[10.10.1.44/1], Arrival Time:[Tue Jul 28 09:52:57 2026], ExceptionType:[Stuck Occurred], Possible Reason:1.Host process is stuck, 2.Device task is stuck
(EngineCore_DP0 pid=394878) ERROR 07-28 09:54:36 [core.py:1233] 	[TaskExecStage][HeartbeatAbnormal]Cluster Exception Location[IP/ID]:[10.10.1.44/0], Arrival Time:[Tue Jul 28 09:52:57 2026], ExceptionType:[Stuck Occurred], Possible Reason:1.Host process is stuck, 2.Device task is stuck
(EngineCore_DP0 pid=394878) ERROR 07-28 09:54:36 [core.py:1233] 	[TaskExecStage][HeartbeatAbnormal]Cluster Exception Location[IP/ID]:[10.10.1.44/11], Arrival Time:[Tue Jul 28 09:52:57 2026], ExceptionType:[Stuck Occurred], Possible Reason:1.Host process is stuck, 2.Device task is stuck
(EngineCore_DP0 pid=394878) ERROR 07-28 09:54:36 [core.py:1233] ]. Communicator information: [].
(EngineCore_DP0 pid=394878) ERROR 07-28 09:54:36 [core.py:1233]         Possible Cause: 1. Network connection exception occurred during the SDMA task execution. 2. The peer process exits abnormally. 3. The input or output memory address is not allocated, the actual allocated size is smaller than the input data size, or the memory is freed before the operator execution is complete.
(EngineCore_DP0 pid=394878) ERROR 07-28 09:54:36 [core.py:1233]         Solution: 1. Check whether the network link is abnormal during the execution. 2. Check whether a process in the cluster exits before an error is reported. If yes, locate the cause of the process exit. 3. Check whether the size of the input/output memory passed to the communication operator meets the expectation, and whether the input/output memory or communicator is freed or destroyed before the operator execution is complete.
(EngineCore_DP0 pid=394878) ERROR 07-28 09:54:36 [core.py:1233]         TraceBack (most recent call last):
(EngineCore_DP0 pid=394878) ERROR 07-28 09:54:36 [core.py:1233]         The error from device(chipId:0, dieId:0), serial number is 24, there is an exception of aivec error, core id is 11, error code = 0, dump info: pc start: 0x12c0de87ba0c, current: 0x12c0de89f0c4, vec error info: 0xad00000cfe, mte error info: 0xe2030003f7, ifu error info: 0x20001bdc5ce00, ccu error info: 0x2b8133a46880003f, cube error info: 0, biu error info: 0, aic error mask: 0x6500020bd00028c, para base: 0x12c1427d8000.[FUNC:PrintCoreInfo][FILE:device_error_core_proc.cc][LINE:645]
(EngineCore_DP0 pid=394878) ERROR 07-28 09:54:36 [core.py:1233]         The extend info: errcode:(0, 0, 0) errorStr: timeout or trap error. fixp_error0 info: 0x30003f7, fixp_error1 info: 0xe2, fsmId:0, tslot:7, thread:0, ctxid:0, blk:4, sublk:0, subErrType:4.[FUNC:PrintCoreInfo][FILE:device_error_core_proc.cc][LINE:658]
(EngineCore_DP0 pid=394878) ERROR 07-28 09:54:36 [core.py:1233]         The error from device(chipId:0, dieId:0), serial number is 24, there is an exception of aivec error, core id is 12, error code = 0, dump info: pc start: 0x12c0de87ba0c, current: 0x12c0de89f0c4, vec error info: 0xad00000cfe, mte error info: 0xe2030000f7, ifu error info: 0x2fffffe500000, ccu error info: 0xf84416606880003f, cube error info: 0, biu error info: 0, aic error mask: 0x6500020bd00028c, para base: 0x12c1427d8000.[FUNC:PrintCoreInfo][FILE:device_error_core_proc.cc][LINE:645]
(EngineCore_DP0 pid=394878) ERROR 07-28 09:54:36 [core.py:1233]         The extend info: errcode:(0, 0, 0) errorStr: timeout or trap error. fixp_error0 info: 0x30000f7, fixp_error1 info: 0xe2, fsmId:0, tslot:7, thread:0, ctxid:0, blk:5, sublk:0, subErrType:4.[FUNC:PrintCoreInfo][FILE:device_error_core_proc.cc][LINE:658]
(EngineCore_DP0 pid=394878) (Worker_DP3_TP0_EP6 pid=395299) INFO 07-28 09:54:36 [multiproc_executor.py:793] Parent process exited, terminating worker queues
ERROR 07-28 09:54:36 [core.py:1233]         The error from device(chipId:0, dieId:0), serial number is 24, there is an exception of aivec error, core id is 14, error code = 0, dump info: pc start: 0x12c0de87ba0c, current: 0x12c0de89f0c4, vec error info: 0xad00000cfe, mte error info: 0xe2030000f7, ifu error info: 0x217ffbe014040, ccu error info: 0x3f36741c6880003f, cube error info: 0, biu error info: 0, aic error mask: 0x6500020bd00028c, para base: 0x12c1427d8000.[FUNC:PrintCoreInfo][FILE:device_error_core_proc.cc][LINE:645]
(EngineCore_DP0 pid=394878) ERROR 07-28 09:54:36 [core.py:1233]         The extend info: errcode:(0, 0, 0) errorStr: timeout or trap error. fixp_error0 info: 0x30000f7, fixp_error1 info: 0xe2, fsmId:0, tslot:7, thread:0, ctxid:0, blk:7, sublk:0, subErrType:4.[FUNC:PrintCoreInfo][FILE:device_error_core_proc.cc][LINE:658]
(EngineCore_DP0 pid=394878) ERROR 07-28 09:54:36 [core.py:1233]         The error from device(chipId:0, dieId:0), serial number is 24, there is an exception of aivec error, core id is 13, error code = 0, dump info: pc start: 0x12c0de87ba0c, current: 0x12c0de89f0c4, vec error info: 0xad00000cfe, mte error info: 0xe2030001f7, ifu error info: 0x2fffffe600000, ccu error info: 0x131781926880003f, cube error info: 0, biu error info: 0, aic error mask: 0x6500020bd00028c, para base: 0x12c1427d8000.[FUNC:PrintCoreInfo][FILE:device_error_core_proc.cc][LINE:645]
(EngineCore_DP0 pid=394878) ERROR 07-28 09:54:36 [core.py:1233]         The extend info: errcode:(0, 0, 0) errorStr: timeout or trap error. fixp_error0 info: 0x30001f7, fixp_error1 info: 0xe2, fsmId:1, tslot:7, thread:0, ctxid:0, blk:6, sublk:0, subErrType:4.[FUNC:PrintCoreInfo][FILE:device_error_core_proc.cc][LINE:658]
(EngineCore_DP0 pid=394878) ERROR 07-28 09:54:36 [core.py:1233]         SDMA memory copy task exception occurred. Remote rank: [0]. Base information: [streamID:[81], taskID[1], taskType[Task AIV], tag[], AlgType(level 0-1-2):[ring-ring-ring].]. Task information: [cmdType:[6], tag:[5], size:[688128], numBlocks:[8], rankSize:[2], aivRdmaStep:[-1], flagMem:[0x130f61a00000], isOpbase:[0]
(EngineCore_DP0 pid=394878) ERROR 07-28 09:54:36 [core.py:1233] there are 5 abnormal device(s), only the first 3 devices are listed:
(EngineCore_DP0 pid=394878) ERROR 07-28 09:54:36 [core.py:1233] 	[TaskExecStage][HeartbeatAbnormal]Cluster Exception Location[IP/ID]:[10.10.1.44/1], Arrival Time:[Tue Jul 28 09:52:57 2026], ExceptionType:[Stuck Occurred], Possible Reason:1.Host process is stuck, 2.Device task is stuck
(EngineCore_DP0 pid=394878) ERROR 07-28 09:54:36 [core.py:1233] 	[TaskExecStage][HeartbeatAbnormal]Cluster Exception Location[IP/ID]:[10.10.1.44/0], Arrival Time:[Tue Jul 28 09:52:57 2026], ExceptionType:[Stuck Occurred], Possible Reason:1.Host process is stuck, 2.Device task is stuck
(EngineCore_DP0 pid=394878) ERROR 07-28 09:54:36 [core.py:1233] 	[TaskExecStage][HeartbeatAbnormal]Cluster Exception Location[IP/ID]:[10.10.1.44/11], Arrival Time:[Tue Jul 28 09:52:57 2026], ExceptionType:[Stuck Occurred], Possible Reason:1.Host process is stuck, 2.Device task is stuck
(EngineCore_DP0 pid=394878) ERROR 07-28 09:54:36 [core.py:1233] ]. Communicator information: [].
(EngineCore_DP0 pid=394878) ERROR 07-28 09:54:36 [core.py:1233]         rtEventSynchronize execution failed, reason=the model stream execute failed[FUNC:FuncErrorReason][FILE:error_message_manage.cc][LINE:65]
(EngineCore_DP0 pid=394878) ERROR 07-28 09:54:36 [core.py:1233]         wait event to be complete failed, runtime result = 507011[FUNC:ReportCallError][FILE:log_inner.cpp][LINE:148]
(EngineCore_DP0 pid=394878) ERROR 07-28 09:54:36 [core.py:1233] ', please check the stack trace above for the root cause
(EngineCore_DP3 pid=394825) INFO 07-28 09:54:36 [multiproc_executor.py:429] [shutdown] Executor: waiting for worker exit count=2
(EngineCore_DP2 pid=394852) ERROR 07-28 09:54:36 [dump_input.py:72] Dumping input data for V1 LLM engine (v0.1.dev18654+g54503ecec) with config: model='/mnt/weights/DeepSeek-V3.1-Terminus-w8a8-QuaRot-lfs', speculative_config=SpeculativeConfig(method='mtp', model='/mnt/weights/DeepSeek-V3.1-Terminus-w8a8-QuaRot-lfs', num_spec_tokens=2), tokenizer='/mnt/weights/DeepSeek-V3.1-Terminus-w8a8-QuaRot-lfs', skip_tokenizer_init=False, tokenizer_mode=auto, revision=None, tokenizer_revision=None, trust_remote_code=True, dtype=torch.bfloat16, max_seq_len=4096, download_dir=None, load_format=auto, tensor_parallel_size=2, pipeline_parallel_size=1, data_parallel_size=8, decode_context_parallel_size=1, dcp_comm_backend=ag_rs, disable_custom_all_reduce=True, quantization=ascend, quantization_config=None, enforce_eager=False, enable_return_routed_experts=False, kv_cache_dtype=auto, device_config=npu, structured_outputs_config=StructuredOutputsConfig(backend='auto', disable_any_whitespace=False, disable_additional_properties=False, reasoning_parser='', reasoning_parser_plugin='', enable_in_reasoning=False), observability_config=ObservabilityConfig(show_hidden_metrics_for_version=None, otlp_traces_endpoint=None, collect_detailed_traces=None, kv_cache_metrics=False, kv_cache_metrics_sample=0.01, cudagraph_metrics=False, enable_layerwise_nvtx_tracing=False, enable_mfu_metrics=False, enable_mm_processor_stats=False, enable_logging_iteration_details=False, jit_monitor_mode='warn', jit_monitor_verbose=False), seed=1024, served_model_name=/mnt/weights/DeepSeek-V3.1-Terminus-w8a8-QuaRot-lfs, enable_prefix_caching=False, enable_chunked_prefill=True, pooler_config=None, compilation_config={'mode': <CompilationMode.VLLM_COMPILE: 3>, 'debug_dump_path': PosixPath('/home/l00838859/cann/vllm-runner/fx-graph'), 'cache_dir': '', 'compile_cache_save_format': 'binary', 'backend': 'vllm_ascend.compilation.compiler_interface.AscendCompiler', 'custom_ops': ['all'], 'ir_enable_torch_wrap': False, 'splitting_ops': [], 'compile_mm_encoder': False, 'cudagraph_mm_encoder': False, 'encoder_cudagraph_token_budgets': [], 'encoder_cudagraph_max_vision_items_per_batch': 0, 'encoder_cudagraph_max_frames_per_batch': None, 'compile_sizes': [], 'compile_ranges_endpoints': [256], 'inductor_compile_config': {'enable_auto_functionalized_v2': False, 'size_asserts': False, 'alignment_asserts': False, 'scalar_asserts': False, 'combo_kernels': True, 'benchmark_combo_kernel': True}, 'inductor_passes': {}, 'cudagraph_mode': <CUDAGraphMode.FULL_DECODE_ONLY: (2, 0)>, 'cudagraph_num_of_warmups': 1, 'cudagraph_capture_sizes': [3, 48], 'cudagraph_copy_inputs': False, 'cudagraph_specialize_lora': True, 'use_inductor_graph_partition': False, 'pass_config': {'fuse_norm_quant': True, 'fuse_act_quant': True, 'fuse_attn_quant': False, 'enable_sp': False, 'fuse_gemm_comms': False, 'fuse_allreduce_rms': False, 'fuse_rope_kvcache_cat_mla': False, 'fuse_act_padding': False}, 'max_cudagraph_capture_size': 48, 'dynamic_shapes_config': {'type': <DynamicShapesType.BACKED: 'backed'>, 'evaluate_guards': False, 'assume_32_bit_indexing': False}, 'local_cache_dir': None, 'fast_moe_cold_start': False, 'static_all_moe_layers': []}, kernel_config=KernelConfig(ir_op_priority=IrOpPriorityConfig(rms_norm=['native'], fused_add_rms_norm=['native']), enable_flashinfer_autotune=True, enable_cutedsl_warmup=True, moe_backend='auto', linear_backend='auto'), 
(EngineCore_DP5 pid=394894) ERROR 07-28 09:54:36 [dump_input.py:72] Dumping input data for V1 LLM engine (v0.1.dev18654+g54503ecec) with config: model='/mnt/weights/DeepSeek-V3.1-Terminus-w8a8-QuaRot-lfs', speculative_config=SpeculativeConfig(method='mtp', model='/mnt/weights/DeepSeek-V3.1-Terminus-w8a8-QuaRot-lfs', num_spec_tokens=2), tokenizer='/mnt/weights/DeepSeek-V3.1-Terminus-w8a8-QuaRot-lfs', skip_tokenizer_init=False, tokenizer_mode=auto, revision=None, tokenizer_revision=None, trust_remote_code=True, dtype=torch.bfloat16, max_seq_len=4096, download_dir=None, load_format=auto, tensor_parallel_size=2, pipeline_parallel_size=1, data_parallel_size=8, decode_context_parallel_size=1, dcp_comm_backend=ag_rs, disable_custom_all_reduce=True, quantization=ascend, quantization_config=None, enforce_eager=False, enable_return_routed_experts=False, kv_cache_dtype=auto, device_config=npu, structured_outputs_config=StructuredOutputsConfig(backend='auto', disable_any_whitespace=False, disable_additional_properties=False, reasoning_parser='', reasoning_parser_plugin='', enable_in_reasoning=False), observability_config=ObservabilityConfig(show_hidden_metrics_for_version=None, otlp_traces_endpoint=None, collect_detailed_traces=None, kv_cache_metrics=False, kv_cache_metrics_sample=0.01, cudagraph_metrics=False, enable_layerwise_nvtx_tracing=False, enable_mfu_metrics=False, enable_mm_processor_stats=False, enable_logging_iteration_details=False, jit_monitor_mode='warn', jit_monitor_verbose=False), seed=1024, served_model_name=/mnt/weights/DeepSeek-V3.1-Terminus-w8a8-QuaRot-lfs, enable_prefix_caching=False, enable_chunked_prefill=True, pooler_config=None, compilation_config={'mode': <CompilationMode.VLLM_COMPILE: 3>, 'debug_dump_path': PosixPath('/home/l00838859/cann/vllm-runner/fx-graph'), 'cache_dir': '', 'compile_cache_save_format': 'binary', 'backend': 'vllm_ascend.compilation.compiler_interface.AscendCompiler', 'custom_ops': ['all'], 'ir_enable_torch_wrap': False, 'splitting_ops': [], 'compile_mm_encoder': False, 'cudagraph_mm_encoder': False, 'encoder_cudagraph_token_budgets': [], 'encoder_cudagraph_max_vision_items_per_batch': 0, 'encoder_cudagraph_max_frames_per_batch': None, 'compile_sizes': [], 'compile_ranges_endpoints': [256], 'inductor_compile_config': {'enable_auto_functionalized_v2': False, 'size_asserts': False, 'alignment_asserts': False, 'scalar_asserts': False, 'combo_kernels': True, 'benchmark_combo_kernel': True}, 'inductor_passes': {}, 'cudagraph_mode': <CUDAGraphMode.FULL_DECODE_ONLY: (2, 0)>, 'cudagraph_num_of_warmups': 1, 'cudagraph_capture_sizes': [3, 48], 'cudagraph_copy_inputs': False, 'cudagraph_specialize_lora': True, 'use_inductor_graph_partition': False, 'pass_config': {'fuse_norm_quant': True, 'fuse_act_quant': True, 'fuse_attn_quant': False, 'enable_sp': False, 'fuse_gemm_comms': False, 'fuse_allreduce_rms': False, 'fuse_rope_kvcache_cat_mla': False, 'fuse_act_padding': False}, 'max_cudagraph_capture_size': 48, 'dynamic_shapes_config': {'type': <DynamicShapesType.BACKED: 'backed'>, 'evaluate_guards': False, 'assume_32_bit_indexing': False}, 'local_cache_dir': None, 'fast_moe_cold_start': False, 'static_all_moe_layers': []}, kernel_config=KernelConfig(ir_op_priority=IrOpPriorityConfig(rms_norm=['native'], fused_add_rms_norm=['native']), enable_flashinfer_autotune=True, enable_cutedsl_warmup=True, moe_backend='auto', linear_backend='auto'), 
(Worker_DP4_TP0_EP8 pid=395298) ERROR 07-28 09:54:36 [multiproc_executor.py:948] Error getting async model runner output
(Worker_DP4_TP0_EP8 pid=395298) ERROR 07-28 09:54:36 [multiproc_executor.py:948] Traceback (most recent call last):
(Worker_DP4_TP0_EP8 pid=395298) ERROR 07-28 09:54:36 [multiproc_executor.py:948]   File "/home/l00838859/cann/my-project/vllm/vllm/v1/executor/multiproc_executor.py", line 946, in enqueue_output
(Worker_DP4_TP0_EP8 pid=395298) ERROR 07-28 09:54:36 [multiproc_executor.py:948]     output = output.get_output()
(Worker_DP4_TP0_EP8 pid=395298) ERROR 07-28 09:54:36 [multiproc_executor.py:948]              ^^^^^^^^^^^^^^^^^^^
(Worker_DP4_TP0_EP8 pid=395298) ERROR 07-28 09:54:36 [multiproc_executor.py:948]   File "/home/l00838859/cann/my-project/vllm/vllm/v1/worker/gpu_model_runner.py", line 305, in get_output
(Worker_DP4_TP0_EP8 pid=395298) ERROR 07-28 09:54:36 [multiproc_executor.py:948]     self.async_copy_ready_event.synchronize()
(Worker_DP4_TP0_EP8 pid=395298) ERROR 07-28 09:54:36 [multiproc_executor.py:948]   File "/usr/local/lib/python3.11/site-packages/torch_npu/npu/streams.py", line 192, in synchronize
(Worker_DP4_TP0_EP8 pid=395298) ERROR 07-28 09:54:36 [multiproc_executor.py:948]     super(Event, self).synchronize()
(Worker_DP4_TP0_EP8 pid=395298) ERROR 07-28 09:54:36 [multiproc_executor.py:948] RuntimeError: synchronize:../torch_npu/csrc/core/npu/NPUEvent.cpp:212 NPU function error: aclrtSynchronizeEvent(event_), error code is 507011
(Worker_DP4_TP0_EP8 pid=395298) ERROR 07-28 09:54:36 [multiproc_executor.py:948] [ERROR] 2026-07-28-09:54:36 (PID:395298, Device:8, RankID:-1) ERR00100 PTA call acl api failed
(Worker_DP4_TP0_EP8 pid=395298) ERROR 07-28 09:54:36 [multiproc_executor.py:948] [Error]: Model execution failed. 
(Worker_DP4_TP0_EP8 pid=395298) ERROR 07-28 09:54:36 [multiproc_executor.py:948]         Rectify the fault based on the error information in the ascend log.
(Worker_DP4_TP0_EP8 pid=395298) ERROR 07-28 09:54:36 [multiproc_executor.py:948] [PID: 395298] 2026-07-28-09:54:36.640.381 Execution_Error_SDMA(EI0012): SDMA memory copy task exception occurred. Remote rank: [0]. Base information: [streamID:[85], taskID[1], taskType[Task AIV], tag[], AlgType(level 0-1-2):[ring-ring-ring].]. Task information: [cmdType:[6], tag:[1], size:[688128], numBlocks:[8], rankSize:[2], aivRdmaStep:[-1], flagMem:[0x130f61a00000], isOpbase:[0]
(Worker_DP4_TP0_EP8 pid=395298) ERROR 07-28 09:54:36 [multiproc_executor.py:948] there are 6 abnormal device(s), only the first 3 devices are listed:
(Worker_DP4_TP0_EP8 pid=395298) ERROR 07-28 09:54:36 [multiproc_executor.py:948] 	[TaskExecStage][HeartbeatAbnormal]Cluster Exception Location[IP/ID]:[10.10.1.44/11], Arrival Time:[Tue Jul 28 09:52:57 2026], ExceptionType:[Stuck Occurred], Possible Reason:1.Host process is stuck, 2.Device task is stuck
(Worker_DP4_TP0_EP8 pid=395298) ERROR 07-28 09:54:36 [multiproc_executor.py:948] 	[TaskExecStage][HeartbeatAbnormal]Cluster Exception Location[IP/ID]:[10.10.1.44/1], Arrival Time:[Tue Jul 28 09:52:57 2026], ExceptionType:[Stuck Occurred], Possible Reason:1.Host process is stuck, 2.Device task is stuck
(Worker_DP4_TP0_EP8 pid=395298) ERROR 07-28 09:54:36 [multiproc_executor.py:948] 	[TaskExecStage][HeartbeatAbnormal]Cluster Exception Location[IP/ID]:[10.10.1.44/0], Arrival Time:[Tue Jul 28 09:52:57 2026], ExceptionType:[Stuck Occurred], Possible Reason:1.Host process is stuck, 2.Device task is stuck
(Worker_DP4_TP0_EP8 pid=395298) ERROR 07-28 09:54:36 [multiproc_executor.py:948] ]. Communicator information: [].
(Worker_DP4_TP0_EP8 pid=395298) ERROR 07-28 09:54:36 [multiproc_executor.py:948]         Possible Cause: 1. Network connection exception occurred during the SDMA task execution. 2. The peer process exits abnormally. 3. The input or output memory address is not allocated, the actual allocated size is smaller than the input data size, or the memory is freed before the operator execution is complete.
(Worker_DP4_TP0_EP8 pid=395298) ERROR 07-28 09:54:36 [multiproc_executor.py:948]         Solution: 1. Check whether the network link is abnormal during the execution. 2. Check whether a process in the cluster exits before an error is reported. If yes, locate the cause of the process exit. 3. Check whether the size of the input/output memory passed to the communication operator meets the expectation, and whether the input/output memory or communicator is freed or destroyed before the operator execution is complete.
(Worker_DP4_TP0_EP8 pid=395298) ERROR 07-28 09:54:36 [multiproc_executor.py:948]         TraceBack (most recent call last):
(Worker_DP4_TP0_EP8 pid=395298) ERROR 07-28 09:54:36 [multiproc_executor.py:948]         The error from device(chipId:4, dieId:0), serial number is 22, there is an exception of aivec error, core id is 7, error code = 0, dump info: pc start: 0x12c0de87ba0c, current: 0x12c0de89db44, vec error info: 0xad00000cfe, mte error info: 0xf6060000a2, ifu error info: 0x20001bdc5c600, ccu error info: 0xe669eef66880003f, cube error info: 0, biu error info: 0, aic error mask: 0x6500020bd00028c, para base: 0x12c140116000.[FUNC:PrintCoreInfo][FILE:device_error_core_proc.cc][LINE:645]
(Worker_DP4_TP0_EP8 pid=395298) ERROR 07-28 09:54:36 [multiproc_executor.py:948]         The extend info: errcode:(0, 0, 0) errorStr: timeout or trap error. fixp_error0 info: 0x60000a2, fixp_error1 info: 0xf6, fsmId:0, tslot:4, thread:0, ctxid:0, blk:2, sublk:0, subErrType:4.[FUNC:PrintCoreInfo][FILE:device_error_core_proc.cc][LINE:658]
(Worker_DP4_TP0_EP8 pid=395298) ERROR 07-28 09:54:36 [multiproc_executor.py:948]         The error from device(chipId:4, dieId:0), serial number is 22, there is an exception of aivec error, core id is 9, error code = 0, dump info: pc start: 0x12c0de87ba0c, current: 0x12c0de89db44, vec error info: 0xad00000cfe, mte error info: 0xf603064c6e, ifu error info: 0x217ffbe014040, ccu error info: 0x50791c356880003f, cube error info: 0, biu error info: 0, aic error mask: 0x6500020bd00028c, para base: 0x12c140116000.[FUNC:PrintCoreInfo][FILE:device_error_core_proc.cc][LINE:645]
(Worker_DP4_TP0_EP8 pid=395298) ERROR 07-28 09:54:36 [multiproc_executor.py:948]         The extend info: errcode:(0, 0, 0) errorStr: timeout or trap error. fixp_error0 info: 0x3064c6e, fixp_error1 info: 0xf6, fsmId:0, tslot:4, thread:0, ctxid:0, blk:4, sublk:0, subErrType:4.[FUNC:PrintCoreInfo][FILE:device_error_core_proc.cc][LINE:658]
(Worker_DP4_TP0_EP8 pid=395298) ERROR 07-28 09:54:36 [multiproc_executor.py:948]         The error from device(chipId:4, dieId:0), serial number is 22, there is an exception of aivec error, core id is 11, error code = 0, dump info: pc start: 0x12c0de87ba0c, current: 0x12c0de89dc70, vec error info: 0xad00000cfe, mte error info: 0x4e060000c7, ifu error info: 0x20001bdc5ce00, ccu error info: 0x360078086880003f, cube error info: 0, biu error info: 0, aic error mask: 0x6500020bd00028c, para base: 0x12c140116000.[FUNC:PrintCoreInfo][FILE:device_error_core_proc.cc][LINE:645]
(Worker_DP4_TP0_EP8 pid=395298) ERROR 07-28 09:54:36 [multiproc_executor.py:948]         The extend info: errcode:(0, 0, 0) errorStr: timeout or trap error. fixp_error0 info: 0x60000c7, fixp_error1 info: 0x4e, fsmId:0, tslot:4, thread:0, ctxid:0, blk:6, sublk:0, subErrType:4.[FUNC:PrintCoreInfo][FILE:device_error_core_proc.cc][LINE:658]
(Worker_DP4_TP0_EP8 pid=395298) ERROR 07-28 09:54:36 [multiproc_executor.py:948]         The error from device(chipId:4, dieId:0), serial number is 22, there is an exception of aivec error, core id is 5, error code = 0, dump info: pc start: 0x12c0de87ba0c, current: 0x12c0de884c50, vec error info: 0xad00000cfe, mte error info: 0x4e060000c7, ifu error info: 0x217ffbe014040, ccu error info: 0x811170df6880003f, cube error info: 0, biu error info: 0, aic error mask: 0x6500020bd00028c, para base: 0x12c140116000.[FUNC:PrintCoreInfo][FILE:device_error_core_proc.cc][LINE:645]
(Worker_DP4_TP0_EP8 pid=395298) ERROR 07-28 09:54:36 [multiproc_executor.py:948]         The extend info: errcode:(0, 0, 0) errorStr: timeout or trap error. fixp_error0 info: 0x60000c7, fixp_error1 info: 0x4e, fsmId:1, tslot:4, thread:0, ctxid:0, blk:0, sublk:0, subErrType:4.[FUNC:PrintCoreInfo][FILE:device_error_core_proc.cc][LINE:658]
(Worker_DP4_TP0_EP8 pid=395298) ERROR 07-28 09:54:36 [multiproc_executor.py:948]         The error from device(chipId:4, dieId:0), serial number is 22, there is an exception of aivec error, core id is 6, error code = 0, dump info: pc start: 0x12c0de87ba0c, current: 0x12c0de89db44, vec error info: 0xad00000cfe, mte error info: 0xf6060000a2, ifu error info: 0x217ffbe014040, ccu error info: 0x61e32ce66880003f, cube error info: 0, biu error info: 0, aic error mask: 0x6500020bd00028c, para base: 0x12c140116000.[FUNC:PrintCoreInfo][FILE:device_error_core_proc.cc][LINE:645]
(Worker_DP4_TP0_EP8 pid=395298) ERROR 07-28 09:54:36 [multiproc_executor.py:948]         The extend info: errcode:(0, 0, 0) errorStr: timeout or trap error. fixp_error0 info: 0x60000a2, fixp_error1 info: 0xf6, fsmId:1, tslot:4, thread:0, ctxid:0, blk:1, sublk:0, subErrType:4.[FUNC:PrintCoreInfo][FILE:device_error_core_proc.cc][LINE:658]
(Worker_DP4_TP0_EP8 pid=395298) ERROR 07-28 09:54:36 [multiproc_executor.py:948]         The error from device(chipId:4, dieId:0), serial number is 22, there is an exception of aivec error, core id is 8, error code = 0, dump info: pc start: 0x12c0de87ba0c, current: 0x12c0de89db44, vec error info: 0xad00000cfe, mte error info: 0x4e060000c7, ifu error info: 0x217ffbe014040, ccu error info: 0xc3c794106880003f, cube error info: 0, biu error info: 0, aic error mask: 0x6500020bd00028c, para base: 0x12c140116000.[FUNC:PrintCoreInfo][FILE:device_error_core_proc.cc][LINE:645]
(Worker_DP4_TP0_EP8 pid=395298) ERROR 07-28 09:54:36 [multiproc_executor.py:948]         The extend info: errcode:(0, 0, 0) errorStr: timeout or trap error. fixp_error0 info: 0x60000c7, fixp_error1 info: 0x4e, fsmId:1, tslot:4, thread:0, ctxid:0, blk:3, sublk:0, subErrType:4.[FUNC:PrintCoreInfo][FILE:device_error_core_proc.cc][LINE:658]
(Worker_DP4_TP0_EP8 pid=395298) ERROR 07-28 09:54:36 [multiproc_executor.py:948]         The error from device(chipId:4, dieId:0), serial number is 22, there is an exception of aivec error, core id is 10, error code = 0, dump info: pc start: 0x12c0de87ba0c, current: 0x12c0de89db44, vec error info: 0xad00000cfe, mte error info: 0xad000000a3, ifu error info: 0x20001bdc63e00, ccu error info: 0xd59983296880003f, cube error info: 0, biu error info: 0, aic error mask: 0x6500020bd00028c, para base: 0x12c140116000.[FUNC:PrintCoreInfo][FILE:device_error_core_proc.cc][LINE:645]
(Worker_DP4_TP0_EP8 pid=395298) ERROR 07-28 09:54:36 [multiproc_executor.py:948]         The extend info: errcode:(0, 0, 0) errorStr: timeout or trap error. fixp_error0 info: 0xa3, fixp_error1 info: 0xad, fsmId:1, tslot:4, thread:0, ctxid:0, blk:5, sublk:0, subErrType:4.[FUNC:PrintCoreInfo][FILE:device_error_core_proc.cc][LINE:658]
(Worker_DP4_TP0_EP8 pid=395298) ERROR 07-28 09:54:36 [multiproc_executor.py:948]         The error from device(chipId:4, dieId:0), serial number is 22, there is an exception of aivec error, core id is 12, error code = 0, dump info: pc start: 0x12c0de87ba0c, current: 0x12c0de89db4c, vec error info: 0xad00000cfe, mte error info: 0xf6060000a2, ifu error info: 0x20001bdc5cb00, ccu error info: 0xaa0616046880003f, cube error info: 0, biu error info: 0, aic error mask: 0x6500020bd00028c, para base: 0x12c140116000.[FUNC:PrintCoreInfo][FILE:device_error_core_proc.cc][LINE:645]
(Worker_DP4_TP0_EP8 pid=395298) ERROR 07-28 09:54:36 [multiproc_executor.py:948]         The extend info: errcode:(0, 0, 0) errorStr: timeout or trap error. fixp_error0 info: 0x60000a2, fixp_error1 info: 0xf6, fsmId:1, tslot:4, thread:0, ctxid:0, blk:7, sublk:0, subErrType:4.[FUNC:PrintCoreInfo][FILE:device_error_core_proc.cc][LINE:658]
(Worker_DP4_TP0_EP8 pid=395298) ERROR 07-28 09:54:36 [multiproc_executor.py:948]         SDMA memory copy task exception occurred. Remote rank: [0]. Base information: [streamID:[85], taskID[1], taskType[Task AIV], tag[], AlgType(level 0-1-2):[ring-ring-ring].]. Task information: [cmdType:[6], tag:[1], size:[688128], numBlocks:[8], rankSize:[2], aivRdmaStep:[-1], flagMem:[0x130f61a00000], isOpbase:[0]
(Worker_DP4_TP0_EP8 pid=395298) ERROR 07-28 09:54:36 [multiproc_executor.py:948] there are 6 abnormal device(s), only the first 3 devices are listed:
(Worker_DP4_TP0_EP8 pid=395298) ERROR 07-28 09:54:36 [multiproc_executor.py:948] 	[TaskExecStage][HeartbeatAbnormal]Cluster Exception Location[IP/ID]:[10.10.1.44/11], Arrival Time:[Tue Jul 28 09:52:57 2026], ExceptionType:[Stuck Occurred], Possible Reason:1.Host process is stuck, 2.Device task is stuck
(Worker_DP4_TP0_EP8 pid=395298) ERROR 07-28 09:54:36 [multiproc_executor.py:948] 	[TaskExecStage][HeartbeatAbnormal]Cluster Exception Location[IP/ID]:[10.10.1.44/1], Arrival Time:[Tue Jul 28 09:52:57 2026], ExceptionType:[Stuck Occurred], Possible Reason:1.Host process is stuck, 2.Device task is stuck
(Worker_DP4_TP0_EP8 pid=395298) ERROR 07-28 09:54:36 [multiproc_executor.py:948] 	[TaskExecStage][HeartbeatAbnormal]Cluster Exception Location[IP/ID]:[10.10.1.44/0], Arrival Time:[Tue Jul 28 09:52:57 2026], ExceptionType:[Stuck Occurred], Possible Reason:1.Host process is stuck, 2.Device task is stuck
(Worker_DP4_TP0_EP8 pid=395298) ERROR 07-28 09:54:36 [multiproc_executor.py:948] ]. Communicator information: [].
(Worker_DP4_TP0_EP8 pid=395298) ERROR 07-28 09:54:36 [multiproc_executor.py:948]         rtEventSynchronize execution failed, reason=the model stream execute failed[FUNC:FuncErrorReason][FILE:error_message_manage.cc][LINE:65]
(Worker_DP4_TP0_EP8 pid=395298) ERROR 07-28 09:54:36 [multiproc_executor.py:948]         wait event to be complete failed, runtime result = 507011[FUNC:ReportCallError][FILE:log_inner.cpp][LINE:148]
(Worker_DP4_TP0_EP8 pid=395298) ERROR 07-28 09:54:36 [multiproc_executor.py:948] 
(EngineCore_DP5 pid=394894) ERROR 07-28 09:54:36 [dump_input.py:79] Dumping scheduler output for model execution: SchedulerOutput(scheduled_new_reqs=[], scheduled_cached_reqs=CachedRequestData(req_ids=['0-8ebb1a8a'],resumed_req_ids=set(),new_token_ids_lens=[],all_token_ids_lens={},new_block_ids=[None],num_computed_tokens=[2],num_output_tokens=[1]), num_scheduled_tokens={0-8ebb1a8a: 3}, total_num_scheduled_tokens=3, scheduled_spec_decode_tokens={0-8ebb1a8a: [-1, -1]}, scheduled_encoder_inputs={}, num_common_prefix_blocks=[0], finished_req_ids=[], free_encoder_mm_hashes=[], preempted_req_ids=[], has_structured_output_requests=false, pending_structured_output_tokens=false, num_invalid_spec_tokens=null, kv_connector_metadata=null, ec_connector_metadata=null, new_block_ids_to_zero=null, num_spec_tokens_to_schedule=2)
(EngineCore_DP2 pid=394852) ERROR 07-28 09:54:36 [dump_input.py:79] Dumping scheduler output for model execution: SchedulerOutput(scheduled_new_reqs=[], scheduled_cached_reqs=CachedRequestData(req_ids=['0-b2c118d0'],resumed_req_ids=set(),new_token_ids_lens=[],all_token_ids_lens={},new_block_ids=[None],num_computed_tokens=[2],num_output_tokens=[1]), num_scheduled_tokens={0-b2c118d0: 3}, total_num_scheduled_tokens=3, scheduled_spec_decode_tokens={0-b2c118d0: [-1, -1]}, scheduled_encoder_inputs={}, num_common_prefix_blocks=[0], finished_req_ids=[], free_encoder_mm_hashes=[], preempted_req_ids=[], has_structured_output_requests=false, pending_structured_output_tokens=false, num_invalid_spec_tokens=null, kv_connector_metadata=null, ec_connector_metadata=null, new_block_ids_to_zero=null, num_spec_tokens_to_schedule=2)
(Worker_DP4_TP0_EP8 pid=395298) ERROR 07-28 09:54:36 [multiproc_executor.py:1007] WorkerProc hit an exception.
(Worker_DP4_TP0_EP8 pid=395298) ERROR 07-28 09:54:36 [multiproc_executor.py:1007] Traceback (most recent call last):
(Worker_DP4_TP0_EP8 pid=395298) ERROR 07-28 09:54:36 [multiproc_executor.py:1007]   File "/home/l00838859/cann/my-project/vllm/vllm/v1/executor/multiproc_executor.py", line 999, in worker_busy_loop
(Worker_DP4_TP0_EP8 pid=395298) ERROR 07-28 09:54:36 [multiproc_executor.py:1007]     output = func(*args, **kwargs)
(Worker_DP4_TP0_EP8 pid=395298) ERROR 07-28 09:54:36 [multiproc_executor.py:1007]              ^^^^^^^^^^^^^^^^^^^^^
(Worker_DP4_TP0_EP8 pid=395298) ERROR 07-28 09:54:36 [multiproc_executor.py:1007]   File "/home/l00838859/cann/my-project/vllm/vllm/v1/worker/worker_base.py", line 351, in execute_model
(Worker_DP4_TP0_EP8 pid=395298) ERROR 07-28 09:54:36 [multiproc_executor.py:1007]     return self.worker.execute_model(scheduler_output)
(Worker_DP4_TP0_EP8 pid=395298) ERROR 07-28 09:54:36 [multiproc_executor.py:1007]            ^^^^^^^^^^^^^^^^^^^^^^^^^^^^^^^^^^^^^^^^^^^
(Worker_DP4_TP0_EP8 pid=395298) ERROR 07-28 09:54:36 [multiproc_executor.py:1007]   File "/home/l00838859/cann/my-project/vllm-ascend/vllm_ascend/worker/worker.py", line 685, in execute_model
(Worker_DP4_TP0_EP8 pid=395298) ERROR 07-28 09:54:36 [multiproc_executor.py:1007]     output = self.model_runner.execute_model(scheduler_output, intermediate_tensors)
(Worker_DP4_TP0_EP8 pid=395298) ERROR 07-28 09:54:36 [multiproc_executor.py:1007]              ^^^^^^^^^^^^^^^^^^^^^^^^^^^^^^^^^^^^^^^^^^^^^^^^^^^^^^^^^^^^^^^^^^^^^^^
(Worker_DP4_TP0_EP8 pid=395298) ERROR 07-28 09:54:36 [multiproc_executor.py:1007]   File "/usr/local/lib/python3.11/site-packages/torch/utils/_contextlib.py", line 124, in decorate_context
(Worker_DP4_TP0_EP8 pid=395298) ERROR 07-28 09:54:36 [multiproc_executor.py:1007]     return func(*args, **kwargs)
(Worker_DP4_TP0_EP8 pid=395298) ERROR 07-28 09:54:36 [multiproc_executor.py:1007]            ^^^^^^^^^^^^^^^^^^^^^
(Worker_DP4_TP0_EP8 pid=395298) ERROR 07-28 09:54:36 [multiproc_executor.py:1007]   File "/home/l00838859/cann/my-project/vllm-ascend/vllm_ascend/worker/model_runner_v1.py", line 2346, in execute_model
(Worker_DP4_TP0_EP8 pid=395298) ERROR 07-28 09:54:36 [multiproc_executor.py:1007]     hidden_states = self._model_forward(
(Worker_DP4_TP0_EP8 pid=395298) ERROR 07-28 09:54:36 [multiproc_executor.py:1007]                     ^^^^^^^^^^^^^^^^^^^^
(Worker_DP4_TP0_EP8 pid=395298) ERROR 07-28 09:54:36 [multiproc_executor.py:1007]   File "/home/l00838859/cann/my-project/vllm-ascend/vllm_ascend/worker/model_runner_v1.py", line 2915, in _model_forward
(Worker_DP4_TP0_EP8 pid=395298) ERROR 07-28 09:54:36 [multiproc_executor.py:1007]     hidden_states = run_model()
(Worker_DP4_TP0_EP8 pid=395298) ERROR 07-28 09:54:36 [multiproc_executor.py:1007]                     ^^^^^^^^^^^
(Worker_DP4_TP0_EP8 pid=395298) ERROR 07-28 09:54:36 [multiproc_executor.py:1007]   File "/home/l00838859/cann/my-project/vllm-ascend/vllm_ascend/compilation/acl_graph.py", line 281, in __call__
(Worker_DP4_TP0_EP8 pid=395298) ERROR 07-28 09:54:36 [multiproc_executor.py:1007]     torch.npu.current_stream().synchronize()
(Worker_DP4_TP0_EP8 pid=395298) ERROR 07-28 09:54:36 [multiproc_executor.py:1007]   File "/usr/local/lib/python3.11/site-packages/torch_npu/npu/streams.py", line 85, in synchronize
(Worker_DP4_TP0_EP8 pid=395298) ERROR 07-28 09:54:36 [multiproc_executor.py:1007]     super(Stream, self).synchronize()
(Worker_DP4_TP0_EP8 pid=395298) ERROR 07-28 09:54:36 [multiproc_executor.py:1007] RuntimeError: synchronize:../torch_npu/csrc/core/npu/NPUStream.cpp:361 NPU function error: c10_npu::acl::AclrtSynchronizeStreamWithTimeout(stream()), error code is 507011
(Worker_DP4_TP0_EP8 pid=395298) ERROR 07-28 09:54:36 [multiproc_executor.py:1007] [ERROR] 2026-07-28-09:54:36 (PID:395298, Device:8, RankID:-1) ERR00100 PTA call acl api failed
(Worker_DP4_TP0_EP8 pid=395298) ERROR 07-28 09:54:36 [multiproc_executor.py:1007] [Error]: Model execution failed. 
(Worker_DP4_TP0_EP8 pid=395298) ERROR 07-28 09:54:36 [multiproc_executor.py:1007]         Rectify the fault based on the error information in the ascend log.
(Worker_DP4_TP0_EP8 pid=395298) ERROR 07-28 09:54:36 [multiproc_executor.py:1007] EE9999: Inner Error!
(Worker_DP4_TP0_EP8 pid=395298) ERROR 07-28 09:54:36 [multiproc_executor.py:1007] EE9999[PID: 395298] 2026-07-28-09:54:36.640.987 (EE9999):  rtStreamSynchronizeWithTimeout execution failed, reason=the model stream execute failed[FUNC:FuncErrorReason][FILE:error_message_manage.cc][LINE:65]
(Worker_DP4_TP0_EP8 pid=395298) ERROR 07-28 09:54:36 [multiproc_executor.py:1007]         TraceBack (most recent call last):
(Worker_DP4_TP0_EP8 pid=395298) ERROR 07-28 09:54:36 [multiproc_executor.py:1007]        synchronize stream with timeout failed, runtime result = 507011[FUNC:ReportCallError][FILE:log_inner.cpp][LINE:148]
(Worker_DP4_TP0_EP8 pid=395298) ERROR 07-28 09:54:36 [multiproc_executor.py:1007] 
(Worker_DP4_TP0_EP8 pid=395298) ERROR 07-28 09:54:36 [multiproc_executor.py:1007] Traceback (most recent call last):
(Worker_DP4_TP0_EP8 pid=395298) ERROR 07-28 09:54:36 [multiproc_executor.py:1007]   File "/home/l00838859/cann/my-project/vllm/vllm/v1/executor/multiproc_executor.py", line 999, in worker_busy_loop
(Worker_DP4_TP0_EP8 pid=395298) ERROR 07-28 09:54:36 [multiproc_executor.py:1007]     output = func(*args, **kwargs)
(Worker_DP4_TP0_EP8 pid=395298) ERROR 07-28 09:54:36 [multiproc_executor.py:1007]              ^^^^^^^^^^^^^^^^^^^^^
(Worker_DP4_TP0_EP8 pid=395298) ERROR 07-28 09:54:36 [multiproc_executor.py:1007]   File "/home/l00838859/cann/my-project/vllm/vllm/v1/worker/worker_base.py", line 351, in execute_model
(Worker_DP4_TP0_EP8 pid=395298) ERROR 07-28 09:54:36 [multiproc_executor.py:1007]     return self.worker.execute_model(scheduler_output)
(Worker_DP4_TP0_EP8 pid=395298) ERROR 07-28 09:54:36 [multiproc_executor.py:1007]            ^^^^^^^^^^^^^^^^^^^^^^^^^^^^^^^^^^^^^^^^^^^
(Worker_DP4_TP0_EP8 pid=395298) ERROR 07-28 09:54:36 [multiproc_executor.py:1007]   File "/home/l00838859/cann/my-project/vllm-ascend/vllm_ascend/worker/worker.py", line 685, in execute_model
(Worker_DP4_TP0_EP8 pid=395298) ERROR 07-28 09:54:36 [multiproc_executor.py:1007]     output = self.model_runner.execute_model(scheduler_output, intermediate_tensors)
(Worker_DP4_TP0_EP8 pid=395298) ERROR 07-28 09:54:36 [multiproc_executor.py:1007]              ^^^^^^^^^^^^^^^^^^^^^^^^^^^^^^^^^^^^^^^^^^^^^^^^^^^^^^^^^^^^^^^^^^^^^^^
(Worker_DP4_TP0_EP8 pid=395298) ERROR 07-28 09:54:36 [multiproc_executor.py:1007]   File "/usr/local/lib/python3.11/site-packages/torch/utils/_contextlib.py", line 124, in decorate_context
(Worker_DP4_TP0_EP8 pid=395298) ERROR 07-28 09:54:36 [multiproc_executor.py:1007]     return func(*args, **kwargs)
(Worker_DP4_TP0_EP8 pid=395298) ERROR 07-28 09:54:36 [multiproc_executor.py:1007]            ^^^^^^^^^^^^^^^^^^^^^
(Worker_DP4_TP0_EP8 pid=395298) ERROR 07-28 09:54:36 [multiproc_executor.py:1007]   File "/home/l00838859/cann/my-project/vllm-ascend/vllm_ascend/worker/model_runner_v1.py", line 2346, in execute_model
(Worker_DP4_TP0_EP8 pid=395298) ERROR 07-28 09:54:36 [multiproc_executor.py:1007]     hidden_states = self._model_forward(
(Worker_DP4_TP0_EP8 pid=395298) ERROR 07-28 09:54:36 [multiproc_executor.py:1007]                     ^^^^^^^^^^^^^^^^^^^^
(Worker_DP4_TP0_EP8 pid=395298) ERROR 07-28 09:54:36 [multiproc_executor.py:1007]   File "/home/l00838859/cann/my-project/vllm-ascend/vllm_ascend/worker/model_runner_v1.py", line 2915, in _model_forward
(Worker_DP4_TP0_EP8 pid=395298) ERROR 07-28 09:54:36 [multiproc_executor.py:1007]     hidden_states = run_model()
(Worker_DP4_TP0_EP8 pid=395298) ERROR 07-28 09:54:36 [multiproc_executor.py:1007]                     ^^^^^^^^^^^
(Worker_DP4_TP0_EP8 pid=395298) ERROR 07-28 09:54:36 [multiproc_executor.py:1007]   File "/home/l00838859/cann/my-project/vllm-ascend/vllm_ascend/compilation/acl_graph.py", line 281, in __call__
(Worker_DP4_TP0_EP8 pid=395298) ERROR 07-28 09:54:36 [multiproc_executor.py:1007]     torch.npu.current_stream().synchronize()
(EngineCore_DP5 pid=394894) ERROR 07-28 09:54:36 [dump_input.py:81] Dumping scheduler stats: SchedulerStats(num_running_reqs=1, num_waiting_reqs=0, num_skipped_waiting_reqs=0, step_counter=0, current_wave=0, kv_cache_usage=0.016393442622950838, prefix_cache_stats=PrefixCacheStats(reset=False, requests=0, queries=0, hits=0, preempted_requests=0, preempted_queries=0, preempted_hits=0), connector_prefix_cache_stats=None, kv_cache_eviction_events=[], spec_decoding_stats=None, kv_connector_stats=None, waiting_lora_adapters={}, running_lora_adapters={}, cudagraph_stats=None, perf_stats=None)
(Worker_DP4_TP0_EP8 pid=395298) ERROR 07-28 09:54:36 [multiproc_executor.py:1007]   File "/usr/local/lib/python3.11/site-packages/torch_npu/npu/streams.py", line 85, in synchronize
(Worker_DP4_TP0_EP8 pid=395298) ERROR 07-28 09:54:36 [multiproc_executor.py:1007]     super(Stream, self).synchronize()
(Worker_DP4_TP0_EP8 pid=395298) ERROR 07-28 09:54:36 [multiproc_executor.py:1007] RuntimeError: synchronize:../torch_npu/csrc/core/npu/NPUStream.cpp:361 NPU function error: c10_npu::acl::AclrtSynchronizeStreamWithTimeout(stream()), error code is 507011
(Worker_DP4_TP0_EP8 pid=395298) ERROR 07-28 09:54:36 [multiproc_executor.py:1007] [ERROR] 2026-07-28-09:54:36 (PID:395298, Device:8, RankID:-1) ERR00100 PTA call acl api failed
(Worker_DP4_TP0_EP8 pid=395298) ERROR 07-28 09:54:36 [multiproc_executor.py:1007] [Error]: Model execution failed. 
(Worker_DP4_TP0_EP8 pid=395298) ERROR 07-28 09:54:36 [multiproc_executor.py:1007]         Rectify the fault based on the error information in the ascend log.
(Worker_DP4_TP0_EP8 pid=395298) ERROR 07-28 09:54:36 [multiproc_executor.py:1007] EE9999: Inner Error!
(Worker_DP4_TP0_EP8 pid=395298) ERROR 07-28 09:54:36 [multiproc_executor.py:1007] EE9999[PID: 395298] 2026-07-28-09:54:36.640.987 (EE9999):  rtStreamSynchronizeWithTimeout execution failed, reason=the model stream execute failed[FUNC:FuncErrorReason][FILE:error_message_manage.cc][LINE:65]
(Worker_DP4_TP0_EP8 pid=395298) ERROR 07-28 09:54:36 [multiproc_executor.py:1007]         TraceBack (most recent call last):
(Worker_DP4_TP0_EP8 pid=395298) ERROR 07-28 09:54:36 [multiproc_executor.py:1007]        synchronize stream with timeout failed, runtime result = 507011[FUNC:ReportCallError][FILE:log_inner.cpp][LINE:148]
(Worker_DP4_TP0_EP8 pid=395298) ERROR 07-28 09:54:36 [multiproc_executor.py:1007] 
(Worker_DP4_TP0_EP8 pid=395298) ERROR 07-28 09:54:36 [multiproc_executor.py:1007] 
(EngineCore_DP2 pid=394852) ERROR 07-28 09:54:36 [dump_input.py:81] Dumping scheduler stats: SchedulerStats(num_running_reqs=1, num_waiting_reqs=0, num_skipped_waiting_reqs=0, step_counter=0, current_wave=0, kv_cache_usage=0.016393442622950838, prefix_cache_stats=PrefixCacheStats(reset=False, requests=0, queries=0, hits=0, preempted_requests=0, preempted_queries=0, preempted_hits=0), connector_prefix_cache_stats=None, kv_cache_eviction_events=[], spec_decoding_stats=None, kv_connector_stats=None, waiting_lora_adapters={}, running_lora_adapters={}, cudagraph_stats=None, perf_stats=None)
(EngineCore_DP4 pid=394824) ERROR 07-28 09:54:36 [dump_input.py:72] Dumping input data for V1 LLM engine (v0.1.dev18654+g54503ecec) with config: model='/mnt/weights/DeepSeek-V3.1-Terminus-w8a8-QuaRot-lfs', speculative_config=SpeculativeConfig(method='mtp', model='/mnt/weights/DeepSeek-V3.1-Terminus-w8a8-QuaRot-lfs', num_spec_tokens=2), tokenizer='/mnt/weights/DeepSeek-V3.1-Terminus-w8a8-QuaRot-lfs', skip_tokenizer_init=False, tokenizer_mode=auto, revision=None, tokenizer_revision=None, trust_remote_code=True, dtype=torch.bfloat16, max_seq_len=4096, download_dir=None, load_format=auto, tensor_parallel_size=2, pipeline_parallel_size=1, data_parallel_size=8, decode_context_parallel_size=1, dcp_comm_backend=ag_rs, disable_custom_all_reduce=True, quantization=ascend, quantization_config=None, enforce_eager=False, enable_return_routed_experts=False, kv_cache_dtype=auto, device_config=npu, structured_outputs_config=StructuredOutputsConfig(backend='auto', disable_any_whitespace=False, disable_additional_properties=False, reasoning_parser='', reasoning_parser_plugin='', enable_in_reasoning=False), observability_config=ObservabilityConfig(show_hidden_metrics_for_version=None, otlp_traces_endpoint=None, collect_detailed_traces=None, kv_cache_metrics=False, kv_cache_metrics_sample=0.01, cudagraph_metrics=False, enable_layerwise_nvtx_tracing=False, enable_mfu_metrics=False, enable_mm_processor_stats=False, enable_logging_iteration_details=False, jit_monitor_mode='warn', jit_monitor_verbose=False), seed=1024, served_model_name=/mnt/weights/DeepSeek-V3.1-Terminus-w8a8-QuaRot-lfs, enable_prefix_caching=False, enable_chunked_prefill=True, pooler_config=None, compilation_config={'mode': <CompilationMode.VLLM_COMPILE: 3>, 'debug_dump_path': PosixPath('/home/l00838859/cann/vllm-runner/fx-graph'), 'cache_dir': '', 'compile_cache_save_format': 'binary', 'backend': 'vllm_ascend.compilation.compiler_interface.AscendCompiler', 'custom_ops': ['all'], 'ir_enable_torch_wrap': False, 'splitting_ops': [], 'compile_mm_encoder': False, 'cudagraph_mm_encoder': False, 'encoder_cudagraph_token_budgets': [], 'encoder_cudagraph_max_vision_items_per_batch': 0, 'encoder_cudagraph_max_frames_per_batch': None, 'compile_sizes': [], 'compile_ranges_endpoints': [256], 'inductor_compile_config': {'enable_auto_functionalized_v2': False, 'size_asserts': False, 'alignment_asserts': False, 'scalar_asserts': False, 'combo_kernels': True, 'benchmark_combo_kernel': True}, 'inductor_passes': {}, 'cudagraph_mode': <CUDAGraphMode.FULL_DECODE_ONLY: (2, 0)>, 'cudagraph_num_of_warmups': 1, 'cudagraph_capture_sizes': [3, 48], 'cudagraph_copy_inputs': False, 'cudagraph_specialize_lora': True, 'use_inductor_graph_partition': False, 'pass_config': {'fuse_norm_quant': True, 'fuse_act_quant': True, 'fuse_attn_quant': False, 'enable_sp': False, 'fuse_gemm_comms': False, 'fuse_allreduce_rms': False, 'fuse_rope_kvcache_cat_mla': False, 'fuse_act_padding': False}, 'max_cudagraph_capture_size': 48, 'dynamic_shapes_config': {'type': <DynamicShapesType.BACKED: 'backed'>, 'evaluate_guards': False, 'assume_32_bit_indexing': False}, 'local_cache_dir': None, 'fast_moe_cold_start': False, 'static_all_moe_layers': []}, kernel_config=KernelConfig(ir_op_priority=IrOpPriorityConfig(rms_norm=['native'], fused_add_rms_norm=['native']), enable_flashinfer_autotune=True, enable_cutedsl_warmup=True, moe_backend='auto', linear_backend='auto'), 
(EngineCore_DP5 pid=394894) ERROR 07-28 09:54:36 [core.py:1233] EngineCore encountered a fatal error.
(EngineCore_DP5 pid=394894) ERROR 07-28 09:54:36 [core.py:1233] Traceback (most recent call last):
(EngineCore_DP5 pid=394894) ERROR 07-28 09:54:36 [core.py:1233]   File "/home/l00838859/cann/my-project/vllm/vllm/v1/engine/core.py", line 1224, in run_engine_core
(EngineCore_DP5 pid=394894) ERROR 07-28 09:54:36 [core.py:1233]     engine_core.run_busy_loop()
(EngineCore_DP5 pid=394894) ERROR 07-28 09:54:36 [core.py:1233]   File "/home/l00838859/cann/my-project/vllm/vllm/v1/engine/core.py", line 1943, in run_busy_loop
(EngineCore_DP5 pid=394894) ERROR 07-28 09:54:36 [core.py:1233]     executed = self._process_engine_step()
(EngineCore_DP5 pid=394894) ERROR 07-28 09:54:36 [core.py:1233]                ^^^^^^^^^^^^^^^^^^^^^^^^^^^
(EngineCore_DP5 pid=394894) ERROR 07-28 09:54:36 [core.py:1233]   File "/home/l00838859/cann/my-project/vllm/vllm/v1/engine/core.py", line 1304, in _process_engine_step
(EngineCore_DP5 pid=394894) ERROR 07-28 09:54:36 [core.py:1233]     outputs, model_executed = self.step_fn()
(EngineCore_DP5 pid=394894) ERROR 07-28 09:54:36 [core.py:1233]                               ^^^^^^^^^^^^^^
(EngineCore_DP5 pid=394894) ERROR 07-28 09:54:36 [core.py:1233]   File "/home/l00838859/cann/my-project/vllm/vllm/v1/engine/core.py", line 595, in step_with_batch_queue
(EngineCore_DP5 pid=394894) ERROR 07-28 09:54:36 [core.py:1233]     model_output = future.result()
(EngineCore_DP5 pid=394894) ERROR 07-28 09:54:36 [core.py:1233]                    ^^^^^^^^^^^^^^^
(EngineCore_DP5 pid=394894) ERROR 07-28 09:54:36 [core.py:1233]   File "/home/l00838859/cann/my-project/vllm/vllm/v1/executor/multiproc_executor.py", line 91, in result
(EngineCore_DP5 pid=394894) ERROR 07-28 09:54:36 [core.py:1233]     return super().result()
(EngineCore_DP5 pid=394894) ERROR 07-28 09:54:36 [core.py:1233]            ^^^^^^^^^^^^^^^^
(EngineCore_DP5 pid=394894) ERROR 07-28 09:54:36 [core.py:1233]   File "/usr/local/lib/python3.11/concurrent/futures/_base.py", line 449, in result
(EngineCore_DP5 pid=394894) ERROR 07-28 09:54:36 [core.py:1233]     return self.__get_result()
(EngineCore_DP5 pid=394894) ERROR 07-28 09:54:36 [core.py:1233]            ^^^^^^^^^^^^^^^^^^^
(EngineCore_DP5 pid=394894) ERROR 07-28 09:54:36 [core.py:1233]   File "/usr/local/lib/python3.11/concurrent/futures/_base.py", line 401, in __get_result
(EngineCore_DP5 pid=394894) ERROR 07-28 09:54:36 [core.py:1233]     raise self._exception
(EngineCore_DP5 pid=394894) ERROR 07-28 09:54:36 [core.py:1233]   File "/home/l00838859/cann/my-project/vllm/vllm/v1/executor/multiproc_executor.py", line 95, in _wait_for_response
(EngineCore_DP5 pid=394894) ERROR 07-28 09:54:36 [core.py:1233]     response = self.aggregate(self.get_response())
(EngineCore_DP5 pid=394894) ERROR 07-28 09:54:36 [core.py:1233]                               ^^^^^^^^^^^^^^^^^^^
(EngineCore_DP5 pid=394894) ERROR 07-28 09:54:36 [core.py:1233]   File "/home/l00838859/cann/my-project/vllm/vllm/v1/executor/multiproc_executor.py", line 394, in get_response
(EngineCore_DP5 pid=394894) ERROR 07-28 09:54:36 [core.py:1233]     raise RuntimeError(
(EngineCore_DP5 pid=394894) ERROR 07-28 09:54:36 [core.py:1233] RuntimeError: Worker failed with error 'synchronize:../torch_npu/csrc/core/npu/NPUEvent.cpp:212 NPU function error: aclrtSynchronizeEvent(event_), error code is 507011
(EngineCore_DP5 pid=394894) ERROR 07-28 09:54:36 [core.py:1233] [ERROR] 2026-07-28-09:54:36 (PID:395297, Device:10, RankID:-1) ERR00100 PTA call acl api failed
(EngineCore_DP5 pid=394894) ERROR 07-28 09:54:36 [core.py:1233] [Error]: Model execution failed. 
(EngineCore_DP5 pid=394894) ERROR 07-28 09:54:36 [core.py:1233]         Rectify the fault based on the error information in the ascend log.
(EngineCore_DP5 pid=394894) ERROR 07-28 09:54:36 [core.py:1233] [PID: 395297] 2026-07-28-09:54:36.634.317 Execution_Error_SDMA(EI0012): SDMA memory copy task exception occurred. Remote rank: [0]. Base information: [streamID:[81], taskID[1], taskType[Task AIV], tag[], AlgType(level 0-1-2):[ring-ring-ring].]. Task information: [cmdType:[6], tag:[5], size:[688128], numBlocks:[8], rankSize:[2], aivRdmaStep:[-1], flagMem:[0x130f61a00000], isOpbase:[0]
(EngineCore_DP5 pid=394894) ERROR 07-28 09:54:36 [core.py:1233] there are 7 abnormal device(s), only the first 3 devices are listed:
(EngineCore_DP5 pid=394894) ERROR 07-28 09:54:36 [core.py:1233] 	[TaskExecStage][HeartbeatAbnormal]Cluster Exception Location[IP/ID]:[10.10.1.44/11], Arrival Time:[Tue Jul 28 09:52:57 2026], ExceptionType:[Stuck Occurred], Possible Reason:1.Host process is stuck, 2.Device task is stuck
(EngineCore_DP5 pid=394894) ERROR 07-28 09:54:36 [core.py:1233] 	[TaskExecStage][HeartbeatAbnormal]Cluster Exception Location[IP/ID]:[10.10.1.44/1], Arrival Time:[Tue Jul 28 09:52:57 2026], ExceptionType:[Stuck Occurred], Possible Reason:1.Host process is stuck, 2.Device task is stuck
(EngineCore_DP5 pid=394894) ERROR 07-28 09:54:36 [core.py:1233] 	[TaskExecStage][HeartbeatAbnormal]Cluster Exception Location[IP/ID]:[10.10.1.44/0], Arrival Time:[Tue Jul 28 09:52:57 2026], ExceptionType:[Stuck Occurred], Possible Reason:1.Host process is stuck, 2.Device task is stuck
(EngineCore_DP5 pid=394894) ERROR 07-28 09:54:36 [core.py:1233] ]. Communicator information: [].
(EngineCore_DP5 pid=394894) ERROR 07-28 09:54:36 [core.py:1233]         Possible Cause: 1. Network connection exception occurred during the SDMA task execution. 2. The peer process exits abnormally. 3. The input or output memory address is not allocated, the actual allocated size is smaller than the input data size, or the memory is freed before the operator execution is complete.
(EngineCore_DP5 pid=394894) ERROR 07-28 09:54:36 [core.py:1233]         Solution: 1. Check whether the network link is abnormal during the execution. 2. Check whether a process in the cluster exits before an error is reported. If yes, locate the cause of the process exit. 3. Check whether the size of the input/output memory passed to the communication operator meets the expectation, and whether the input/output memory or communicator is freed or destroyed before the operator execution is complete.
(EngineCore_DP5 pid=394894) ERROR 07-28 09:54:36 [core.py:1233]         TraceBack (most recent call last):
(EngineCore_DP5 pid=394894) ERROR 07-28 09:54:36 [core.py:1233]         The error from device(chipId:5, dieId:0), serial number is 21, there is an exception of aivec error, core id is 6, error code = 0, dump info: pc start: 0x12c0de87ba0c, current: 0x12c0de89f0c4, vec error info: 0xad00000cfe, mte error info: 0xf60306fc6e, ifu error info: 0x217ffbe014040, ccu error info: 0xffb7eecb6880003f, cube error info: 0, biu error info: 0, aic error mask: 0x6500020bd00028c, para base: 0x12c142519000.[FUNC:PrintCoreInfo][FILE:device_error_core_proc.cc][LINE:645]
(EngineCore_DP5 pid=394894) ERROR 07-28 09:54:36 [core.py:1233]         The extend info: errcode:(0, 0, 0) errorStr: timeout or trap error. fixp_error0 info: 0x306fc6e, fixp_error1 info: 0xf6, fsmId:0, tslot:6, thread:0, ctxid:0, blk:0, sublk:0, subErrType:4.[FUNC:PrintCoreInfo][FILE:device_error_core_proc.cc][LINE:658]
(EngineCore_DP5 pid=394894) ERROR 07-28 09:54:36 [core.py:1233]         The error from device(chipId:5, dieId:0), serial number is 21, there is an exception of aivec error, core id is 8, error code = 0, dump info: pc start: 0x12c0de87ba0c, current: 0x12c0de89f0c4, vec error info: 0xad00000cfe, mte error info: 0x4e060000c7, ifu error info: 0x217ffbe014040, ccu error info: 0xffb7eecb6880003f, cube error info: 0, biu error info: 0, aic error mask: 0x6500020bd00028c, para base: 0x12c142519000.[FUNC:PrintCoreInfo][FILE:device_error_core_proc.cc][LINE:645]
(EngineCore_DP5 pid=394894) ERROR 07-28 09:54:36 [core.py:1233]         The extend info: errcode:(0, 0, 0) errorStr: timeout or trap error. fixp_error0 info: 0x60000c7, fixp_error1 info: 0x4e, fsmId:0, tslot:6, thread:0, ctxid:0, blk:2, sublk:0, subErrType:4.[FUNC:PrintCoreInfo][FILE:device_error_core_proc.cc][LINE:658]
(EngineCore_DP5 pid=394894) ERROR 07-28 09:54:36 [core.py:1233]         The error from device(chipId:5, dieId:0), serial number is 21, there is an exception of aivec error, core id is 7, error code = 0, dump info: pc start: 0x12c0de87ba0c, current: 0x12c0de89f0c4, vec error info: 0xad00000cfe, mte error info: 0xcd000000ae, ifu error info: 0x20001bdc5ce00, ccu error info: 0xffb7eecb6880003f, cube error info: 0, biu error info: 0, aic error mask: 0x6500020bd00028c, para base: 0x12c142519000.[FUNC:PrintCoreInfo][FILE:device_error_core_proc.cc][LINE:645]
(EngineCore_DP5 pid=394894) ERROR 07-28 09:54:36 [core.py:1233]         The extend info: errcode:(0, 0, 0) errorStr: timeout or trap error. fixp_error0 info: 0xae, fixp_error1 info: 0xcd, fsmId:1, tslot:6, thread:0, ctxid:0, blk:1, sublk:0, subErrType:4.[FUNC:PrintCoreInfo][FILE:device_error_core_proc.cc][LINE:658]
(EngineCore_DP5 pid=394894) ERROR 07-28 09:54:36 [core.py:1233]         The error from device(chipId:5, dieId:0), serial number is 21, there is an exception of aivec error, core id is 9, error code = 0, dump info: pc start: 0x12c0de87ba0c, current: 0x12c0de89f0c4, vec error info: 0xad00000cfe, mte error info: 0xf603064c6e, ifu error info: 0x20001bdc5c100, ccu error info: 0xffb7eecb6880003f, cube error info: 0, biu error info: 0, aic error mask: 0x6500020bd00028c, para base: 0x12c142519000.[FUNC:PrintCoreInfo][FILE:device_error_core_proc.cc][LINE:645]
(EngineCore_DP5 pid=394894) ERROR 07-28 09:54:36 [core.py:1233]         The extend info: errcode:(0, 0, 0) errorStr: timeout or trap error. fixp_error0 info: 0x3064c6e, fixp_error1 info: 0xf6, fsmId:1, tslot:6, thread:0, ctxid:0, blk:3, sublk:0, subErrType:4.[FUNC:PrintCoreInfo][FILE:device_error_core_proc.cc][LINE:658]
(EngineCore_DP5 pid=394894) ERROR 07-28 09:54:36 [core.py:1233]         SDMA memory copy task exception occurred. Remote rank: [0]. Base information: [streamID:[81], taskID[1], taskType[Task AIV], tag[], AlgType(level 0-1-2):[ring-ring-ring].]. Task information: [cmdType:[6], tag:[5], size:[688128], numBlocks:[8], rankSize:[2], aivRdmaStep:[-1], flagMem:[0x130f61a00000], isOpbase:[0]
(EngineCore_DP5 pid=394894) ERROR 07-28 09:54:36 [core.py:1233] there are 7 abnormal device(s), only the first 3 devices are listed:
(EngineCore_DP5 pid=394894) ERROR 07-28 09:54:36 [core.py:1233] 	[TaskExecStage][HeartbeatAbnormal]Cluster Exception Location[IP/ID]:[10.10.1.44/11], Arrival Time:[Tue Jul 28 09:52:57 2026], ExceptionType:[Stuck Occurred], Possible Reason:1.Host process is stuck, 2.Device task is stuck
(EngineCore_DP5 pid=394894) ERROR 07-28 09:54:36 [core.py:1233] 	[TaskExecStage][HeartbeatAbnormal]Cluster Exception Location[IP/ID]:[10.10.1.44/1], Arrival Time:[Tue Jul 28 09:52:57 2026], ExceptionType:[Stuck Occurred], Possible Reason:1.Host process is stuck, 2.Device task is stuck
(EngineCore_DP5 pid=394894) ERROR 07-28 09:54:36 [core.py:1233] 	[TaskExecStage][HeartbeatAbnormal]Cluster Exception Location[IP/ID]:[10.10.1.44/0], Arrival Time:[Tue Jul 28 09:52:57 2026], ExceptionType:[Stuck Occurred], Possible Reason:1.Host process is stuck, 2.Device task is stuck
(EngineCore_DP5 pid=394894) ERROR 07-28 09:54:36 [core.py:1233] ]. Communicator information: [].
(EngineCore_DP5 pid=394894) ERROR 07-28 09:54:36 [core.py:1233]         rtEventSynchronize execution failed, reason=the model stream execute failed[FUNC:FuncErrorReason][FILE:error_message_manage.cc][LINE:65]
(EngineCore_DP5 pid=394894) ERROR 07-28 09:54:36 [core.py:1233]         wait event to be complete failed, runtime result = 507011[FUNC:ReportCallError][FILE:log_inner.cpp][LINE:148]
(EngineCore_DP5 pid=394894) ERROR 07-28 09:54:36 [core.py:1233] ', please check the stack trace above for the root cause
(EngineCore_DP4 pid=394824) ERROR 07-28 09:54:36 [dump_input.py:79] Dumping scheduler output for model execution: SchedulerOutput(scheduled_new_reqs=[], scheduled_cached_reqs=CachedRequestData(req_ids=['0-952c10f9'],resumed_req_ids=set(),new_token_ids_lens=[],all_token_ids_lens={},new_block_ids=[None],num_computed_tokens=[2],num_output_tokens=[1]), num_scheduled_tokens={0-952c10f9: 3}, total_num_scheduled_tokens=3, scheduled_spec_decode_tokens={0-952c10f9: [-1, -1]}, scheduled_encoder_inputs={}, num_common_prefix_blocks=[0], finished_req_ids=[], free_encoder_mm_hashes=[], preempted_req_ids=[], has_structured_output_requests=false, pending_structured_output_tokens=false, num_invalid_spec_tokens=null, kv_connector_metadata=null, ec_connector_metadata=null, new_block_ids_to_zero=null, num_spec_tokens_to_schedule=2)
(EngineCore_DP2 pid=394852) ERROR 07-28 09:54:36 [core.py:1233] EngineCore encountered a fatal error.
(EngineCore_DP2 pid=394852) ERROR 07-28 09:54:36 [core.py:1233] Traceback (most recent call last):
(EngineCore_DP2 pid=394852) ERROR 07-28 09:54:36 [core.py:1233]   File "/home/l00838859/cann/my-project/vllm/vllm/v1/engine/core.py", line 1224, in run_engine_core
(EngineCore_DP2 pid=394852) ERROR 07-28 09:54:36 [core.py:1233]     engine_core.run_busy_loop()
(EngineCore_DP2 pid=394852) ERROR 07-28 09:54:36 [core.py:1233]   File "/home/l00838859/cann/my-project/vllm/vllm/v1/engine/core.py", line 1943, in run_busy_loop
(EngineCore_DP2 pid=394852) ERROR 07-28 09:54:36 [core.py:1233]     executed = self._process_engine_step()
(EngineCore_DP2 pid=394852) ERROR 07-28 09:54:36 [core.py:1233]                ^^^^^^^^^^^^^^^^^^^^^^^^^^^
(EngineCore_DP2 pid=394852) ERROR 07-28 09:54:36 [core.py:1233]   File "/home/l00838859/cann/my-project/vllm/vllm/v1/engine/core.py", line 1304, in _process_engine_step
(EngineCore_DP2 pid=394852) ERROR 07-28 09:54:36 [core.py:1233]     outputs, model_executed = self.step_fn()
(EngineCore_DP2 pid=394852) ERROR 07-28 09:54:36 [core.py:1233]                               ^^^^^^^^^^^^^^
(EngineCore_DP2 pid=394852) ERROR 07-28 09:54:36 [core.py:1233]   File "/home/l00838859/cann/my-project/vllm/vllm/v1/engine/core.py", line 595, in step_with_batch_queue
(EngineCore_DP2 pid=394852) ERROR 07-28 09:54:36 [core.py:1233]     model_output = future.result()
(EngineCore_DP2 pid=394852) ERROR 07-28 09:54:36 [core.py:1233]                    ^^^^^^^^^^^^^^^
(EngineCore_DP2 pid=394852) ERROR 07-28 09:54:36 [core.py:1233]   File "/home/l00838859/cann/my-project/vllm/vllm/v1/executor/multiproc_executor.py", line 91, in result
(EngineCore_DP2 pid=394852) ERROR 07-28 09:54:36 [core.py:1233]     return super().result()
(EngineCore_DP2 pid=394852) ERROR 07-28 09:54:36 [core.py:1233]            ^^^^^^^^^^^^^^^^
(EngineCore_DP2 pid=394852) ERROR 07-28 09:54:36 [core.py:1233]   File "/usr/local/lib/python3.11/concurrent/futures/_base.py", line 449, in result
(EngineCore_DP2 pid=394852) ERROR 07-28 09:54:36 [core.py:1233]     return self.__get_result()
(EngineCore_DP2 pid=394852) ERROR 07-28 09:54:36 [core.py:1233]            ^^^^^^^^^^^^^^^^^^^
(EngineCore_DP2 pid=394852) ERROR 07-28 09:54:36 [core.py:1233]   File "/usr/local/lib/python3.11/concurrent/futures/_base.py", line 401, in __get_result
(EngineCore_DP2 pid=394852) ERROR 07-28 09:54:36 [core.py:1233]     raise self._exception
(EngineCore_DP2 pid=394852) ERROR 07-28 09:54:36 [core.py:1233]   File "/home/l00838859/cann/my-project/vllm/vllm/v1/executor/multiproc_executor.py", line 95, in _wait_for_response
(EngineCore_DP2 pid=394852) ERROR 07-28 09:54:36 [core.py:1233]     response = self.aggregate(self.get_response())
(EngineCore_DP2 pid=394852) ERROR 07-28 09:54:36 [core.py:1233]                               ^^^^^^^^^^^^^^^^^^^
(EngineCore_DP2 pid=394852) ERROR 07-28 09:54:36 [core.py:1233]   File "/home/l00838859/cann/my-project/vllm/vllm/v1/executor/multiproc_executor.py", line 394, in get_response
(EngineCore_DP2 pid=394852) ERROR 07-28 09:54:36 [core.py:1233]     raise RuntimeError(
(EngineCore_DP2 pid=394852) ERROR 07-28 09:54:36 [core.py:1233] RuntimeError: Worker failed with error 'synchronize:../torch_npu/csrc/core/npu/NPUEvent.cpp:212 NPU function error: aclrtSynchronizeEvent(event_), error code is 507011
(EngineCore_DP2 pid=394852) ERROR 07-28 09:54:36 [core.py:1233] [ERROR] 2026-07-28-09:54:36 (PID:395296, Device:4, RankID:-1) ERR00100 PTA call acl api failed
(EngineCore_DP2 pid=394852) ERROR 07-28 09:54:36 [core.py:1233] [Error]: Model execution failed. 
(EngineCore_DP2 pid=394852) ERROR 07-28 09:54:36 [core.py:1233]         Rectify the fault based on the error information in the ascend log.
(EngineCore_DP2 pid=394852) ERROR 07-28 09:54:36 [core.py:1233] [PID: 395296] 2026-07-28-09:54:36.636.833 Execution_Error_SDMA(EI0012): SDMA memory copy task exception occurred. Remote rank: [0]. Base information: [streamID:[1302], taskID[1], taskType[Task AIV], tag[], AlgType(level 0-1-2):[ring-ring-ring].]. Task information: [cmdType:[6], tag:[1], size:[688128], numBlocks:[8], rankSize:[2], aivRdmaStep:[-1], flagMem:[0x130f61a00000], isOpbase:[0]
(EngineCore_DP2 pid=394852) ERROR 07-28 09:54:36 [core.py:1233] there are(is) 2 abnormal device(s):
(EngineCore_DP2 pid=394852) ERROR 07-28 09:54:36 [core.py:1233] 	[TaskExecStage][HeartbeatAbnormal]Cluster Exception Location[IP/ID]:[10.10.1.44/4], Arrival Time:[Tue Jul 28 09:52:57 2026], ExceptionType:[Stuck Occurred], Possible Reason:1.Host process is stuck, 2.Device task is stuck
(EngineCore_DP2 pid=394852) ERROR 07-28 09:54:36 [core.py:1233] 	[TaskExecStage][HeartbeatAbnormal]Cluster Exception Location[IP/ID]:[10.10.1.44/1], Arrival Time:[Tue Jul 28 09:52:57 2026], ExceptionType:[Stuck Occurred], Possible Reason:1.Host process is stuck, 2.Device task is stuck
(EngineCore_DP2 pid=394852) ERROR 07-28 09:54:36 [core.py:1233] ]. Communicator information: [].
(EngineCore_DP2 pid=394852) ERROR 07-28 09:54:36 [core.py:1233]         Possible Cause: 1. Network connection exception occurred during the SDMA task execution. 2. The peer process exits abnormally. 3. The input or output memory address is not allocated, the actual allocated size is smaller than the input data size, or the memory is freed before the operator execution is complete.
(EngineCore_DP2 pid=394852) ERROR 07-28 09:54:36 [core.py:1233]         Solution: 1. Check whether the network link is abnormal during the execution. 2. Check whether a process in the cluster exits before an error is reported. If yes, locate the cause of the process exit. 3. Check whether the size of the input/output memory passed to the communication operator meets the expectation, and whether the input/output memory or communicator is freed or destroyed before the operator execution is complete.
(EngineCore_DP2 pid=394852) ERROR 07-28 09:54:36 [core.py:1233]         TraceBack (most recent call last):
(EngineCore_DP2 pid=394852) ERROR 07-28 09:54:36 [core.py:1233]         The error from device(chipId:2, dieId:0), serial number is 15, there is an exception of aivec error, core id is 12, error code = 0, dump info: pc start: 0x12c0de87ba0c, current: 0x12c0de884c50, vec error info: 0xad00000cfe, mte error info: 0xf603064c70, ifu error info: 0x217fffe01c000, ccu error info: 0x9132daa56880003f, cube error info: 0, biu error info: 0, aic error mask: 0x6500020bd00028c, para base: 0x12c141434000.[FUNC:PrintCoreInfo][FILE:device_error_core_proc.cc][LINE:645]
(EngineCore_DP2 pid=394852) ERROR 07-28 09:54:36 [core.py:1233]         The extend info: errcode:(0, 0, 0) errorStr: timeout or trap error. fixp_error0 info: 0x3064c70, fixp_error1 info: 0xf6, fsmId:0, tslot:1, thread:0, ctxid:0, blk:0, sublk:0, subErrType:4.[FUNC:PrintCoreInfo][FILE:device_error_core_proc.cc][LINE:658]
(EngineCore_DP2 pid=394852) ERROR 07-28 09:54:36 [core.py:1233]         The error from device(chipId:2, dieId:0), serial number is 15, there is an exception of aivec error, core id is 13, error code = 0, dump info: pc start: 0x12c0de87ba0c, current: 0x12c0de89db6c, vec error info: 0xad00000cfe, mte error info: 0xf603070c70, ifu error info: 0x217fffe01c000, ccu error info: 0xb2730a3a6880003f, cube error info: 0, biu error info: 0, aic error mask: 0x6500020bd00028c, para base: 0x12c141434000.[FUNC:PrintCoreInfo][FILE:device_error_core_proc.cc][LINE:645]
(EngineCore_DP2 pid=394852) ERROR 07-28 09:54:36 [core.py:1233]         The extend info: errcode:(0, 0, 0) errorStr: timeout or trap error. fixp_error0 info: 0x3070c70, fixp_error1 info: 0xf6, fsmId:0, tslot:1, thread:0, ctxid:0, blk:1, sublk:0, subErrType:4.[FUNC:PrintCoreInfo][FILE:device_error_core_proc.cc][LINE:658]
(EngineCore_DP2 pid=394852) ERROR 07-28 09:54:36 [core.py:1233]         The error from device(chipId:2, dieId:0), serial number is 15, there is an exception of aivec error, core id is 14, error code = 0, dump info: pc start: 0x12c0de87ba0c, current: 0x12c0de89db24, vec error info: 0xad00000cfe, mte error info: 0xf603064c70, ifu error info: 0x217fffe01c000, ccu error info: 0x1181b4986880003f, cube error info: 0, biu error info: 0, aic error mask: 0x6500020bd00028c, para base: 0x12c141434000.[FUNC:PrintCoreInfo][FILE:device_error_core_proc.cc][LINE:645]
(EngineCore_DP2 pid=394852) ERROR 07-28 09:54:36 [core.py:1233]         The extend info: errcode:(0, 0, 0) errorStr: timeout or trap error. fixp_error0 info: 0x3064c70, fixp_error1 info: 0xf6, fsmId:0, tslot:1, thread:0, ctxid:0, blk:2, sublk:0, subErrType:4.[FUNC:PrintCoreInfo][FILE:device_error_core_proc.cc][LINE:658]
(EngineCore_DP2 pid=394852) ERROR 07-28 09:54:36 [core.py:1233]         The error from device(chipId:2, dieId:0), serial number is 15, there is an exception of aivec error, core id is 15, error code = 0, dump info: pc start: 0x12c0de87ba0c, current: 0x12c0de89db44, vec error info: 0xad00000cfe, mte error info: 0xf60306ac70, ifu error info: 0x217fffe01c000, ccu error info: 0xc68937e36880003f, cube error info: 0, biu error info: 0, aic error mask: 0x6500020bd00028c, para base: 0x12c141434000.[FUNC:PrintCoreInfo][FILE:device_error_core_proc.cc][LINE:645]
(EngineCore_DP2 pid=394852) ERROR 07-28 09:54:36 [core.py:1233]         The extend info: errcode:(0, 0, 0) errorStr: timeout or trap error. fixp_error0 info: 0x306ac70, fixp_error1 info: 0xf6, fsmId:0, tslot:1, thread:0, ctxid:0, blk:3, sublk:0, subErrType:4.[FUNC:PrintCoreInfo][FILE:device_error_core_proc.cc][LINE:658]
(EngineCore_DP2 pid=394852) ERROR 07-28 09:54:36 [core.py:1233]         The error from device(chipId:2, dieId:0), serial number is 15, there is an exception of aivec error, core id is 17, error code = 0, dump info: pc start: 0x12c0de87ba0c, current: 0x12c0de89db44, vec error info: 0xad000030c3, mte error info: 0x4e060000c7, ifu error info: 0x217fffe01c000, ccu error info: 0x1a0b6b936880003f, cube error info: 0, biu error info: 0, aic error mask: 0x6500020bd00028c, para base: 0x12c141434000.[FUNC:PrintCoreInfo][FILE:device_error_core_proc.cc][LINE:645]
(EngineCore_DP2 pid=394852) ERROR 07-28 09:54:36 [core.py:1233]         The extend info: errcode:(0, 0, 0) errorStr: timeout or trap error. fixp_error0 info: 0x60000c7, fixp_error1 info: 0x4e, fsmId:0, tslot:1, thread:0, ctxid:0, blk:5, sublk:0, subErrType:4.[FUNC:PrintCoreInfo][FILE:device_error_core_proc.cc][LINE:658]
(EngineCore_DP2 pid=394852) ERROR 07-28 09:54:36 [core.py:1233]         The error from device(chipId:2, dieId:0), serial number is 15, there is an exception of aivec error, core id is 16, error code = 0, dump info: pc start: 0x12c0de87ba0c, current: 0x12c0de89db44, vec error info: 0xad000030c3, mte error info: 0xf603064c70, ifu error info: 0x217fffe01c000, ccu error info: 0x8e18481f6880003f, cube error info: 0, biu error info: 0, aic error mask: 0x6500020bd00028c, para base: 0x12c141434000.[FUNC:PrintCoreInfo][FILE:device_error_core_proc.cc][LINE:645]
(EngineCore_DP2 pid=394852) ERROR 07-28 09:54:36 [core.py:1233]         The extend info: errcode:(0, 0, 0) errorStr: timeout or trap error. fixp_error0 info: 0x3064c70, fixp_error1 info: 0xf6, fsmId:1, tslot:1, thread:0, ctxid:0, blk:4, sublk:0, subErrType:4.[FUNC:PrintCoreInfo][FILE:device_error_core_proc.cc][LINE:658]
(EngineCore_DP2 pid=394852) ERROR 07-28 09:54:36 [core.py:1233]         The error from device(chipId:2, dieId:0), serial number is 15, there is an exception of aivec error, core id is 18, error code = 0, dump info: pc start: 0x12c0de87ba0c, current: 0x12c0de89db44, vec error info: 0xad00000cfe, mte error info: 0xf603064c70, ifu error info: 0x217fffe01c000, ccu error info: 0x122cf8026880003f, cube error info: 0, biu error info: 0, aic error mask: 0x6500020bd00028c, para base: 0x12c141434000.[FUNC:PrintCoreInfo][FILE:device_error_core_proc.cc][LINE:645]
(EngineCore_DP2 pid=394852) ERROR 07-28 09:54:36 [core.py:1233]         The extend info: errcode:(0, 0, 0) errorStr: timeout or trap error. fixp_error0 info: 0x3064c70, fixp_error1 info: 0xf6, fsmId:1, tslot:1, thread:0, ctxid:0, blk:6, sublk:0, subErrType:4.[FUNC:PrintCoreInfo][FILE:device_error_core_proc.cc][LINE:658]
(EngineCore_DP2 pid=394852) ERROR 07-28 09:54:36 [core.py:1233]         The error from device(chipId:2, dieId:0), serial number is 15, there is an exception of aivec error, core id is 19, error code = 0, dump info: pc start: 0x12c0de87ba0c, current: 0x12c0de89db38, vec error info: 0xad00000cfe, mte error info: 0xf60307ac70, ifu error info: 0x217fffe01c000, ccu error info: 0x12a17dc86880003f, cube error info: 0, biu error info: 0, aic error mask: 0x6500020bd00028c, para base: 0x12c141434000.[FUNC:PrintCoreInfo][FILE:device_error_core_proc.cc][LINE:645]
(EngineCore_DP2 pid=394852) ERROR 07-28 09:54:36 [core.py:1233]         The extend info: errcode:(0, 0, 0) errorStr: timeout or trap error. fixp_error0 info: 0x307ac70, fixp_error1 info: 0xf6, fsmId:1, tslot:1, thread:0, ctxid:0, blk:7, sublk:0, subErrType:4.[FUNC:PrintCoreInfo][FILE:device_error_core_proc.cc][LINE:658]
(EngineCore_DP2 pid=394852) ERROR 07-28 09:54:36 [core.py:1233]         SDMA memory copy task exception occurred. Remote rank: [0]. Base information: [streamID:[1302], taskID[1], taskType[Task AIV], tag[], AlgType(level 0-1-2):[ring-ring-ring].]. Task information: [cmdType:[6], tag:[1], size:[688128], numBlocks:[8], rankSize:[2], aivRdmaStep:[-1], flagMem:[0x130f61a00000], isOpbase:[0]
(EngineCore_DP2 pid=394852) ERROR 07-28 09:54:36 [core.py:1233] there are(is) 2 abnormal device(s):
(EngineCore_DP2 pid=394852) ERROR 07-28 09:54:36 [core.py:1233] 	[TaskExecStage][HeartbeatAbnormal]Cluster Exception Location[IP/ID]:[10.10.1.44/4], Arrival Time:[Tue Jul 28 09:52:57 2026], ExceptionType:[Stuck Occurred], Possible Reason:1.Host process is stuck, 2.Device task is stuck
(EngineCore_DP2 pid=394852) ERROR 07-28 09:54:36 [core.py:1233] 	[TaskExecStage][HeartbeatAbnormal]Cluster Exception Location[IP/ID]:[10.10.1.44/1], Arrival Time:[Tue Jul 28 09:52:57 2026], ExceptionType:[Stuck Occurred], Possible Reason:1.Host process is stuck, 2.Device task is stuck
(EngineCore_DP2 pid=394852) ERROR 07-28 09:54:36 [core.py:1233] ]. Communicator information: [].
(EngineCore_DP2 pid=394852) ERROR 07-28 09:54:36 [core.py:1233]         rtEventSynchronize execution failed, reason=the model stream execute failed[FUNC:FuncErrorReason][FILE:error_message_manage.cc][LINE:65]
(EngineCore_DP2 pid=394852) ERROR 07-28 09:54:36 [core.py:1233]         wait event to be complete failed, runtime result = 507011[FUNC:ReportCallError][FILE:log_inner.cpp][LINE:148]
(EngineCore_DP2 pid=394852) ERROR 07-28 09:54:36 [core.py:1233] ', please check the stack trace above for the root cause
(EngineCore_DP4 pid=394824) ERROR 07-28 09:54:36 [dump_input.py:81] Dumping scheduler stats: SchedulerStats(num_running_reqs=1, num_waiting_reqs=0, num_skipped_waiting_reqs=0, step_counter=0, current_wave=0, kv_cache_usage=0.016393442622950838, prefix_cache_stats=PrefixCacheStats(reset=False, requests=0, queries=0, hits=0, preempted_requests=0, preempted_queries=0, preempted_hits=0), connector_prefix_cache_stats=None, kv_cache_eviction_events=[], spec_decoding_stats=None, kv_connector_stats=None, waiting_lora_adapters={}, running_lora_adapters={}, cudagraph_stats=None, perf_stats=None)
(EngineCore_DP0 pid=394878) INFO 07-28 09:54:36 [multiproc_executor.py:429] [shutdown] Executor: waiting for worker exit count=2
(Worker_DP0_TP0_EP0 pid=395300) INFO 07-28 09:54:36 [multiproc_executor.py:793] Parent process exited, terminating worker queues
(EngineCore_DP5 pid=394894) INFO 07-28 09:54:36 [multiproc_executor.py:429] [shutdown] Executor: waiting for worker exit count=2
(Worker_DP5_TP0_EP10 pid=395297) INFO 07-28 09:54:36 [multiproc_executor.py:793] Parent process exited, terminating worker queues
(EngineCore_DP4 pid=394824) ERROR 07-28 09:54:36 [core.py:1233] EngineCore encountered a fatal error.
(EngineCore_DP4 pid=394824) ERROR 07-28 09:54:36 [core.py:1233] Traceback (most recent call last):
(EngineCore_DP4 pid=394824) ERROR 07-28 09:54:36 [core.py:1233]   File "/home/l00838859/cann/my-project/vllm/vllm/v1/engine/core.py", line 1224, in run_engine_core
(EngineCore_DP4 pid=394824) ERROR 07-28 09:54:36 [core.py:1233]     engine_core.run_busy_loop()
(EngineCore_DP4 pid=394824) ERROR 07-28 09:54:36 [core.py:1233]   File "/home/l00838859/cann/my-project/vllm/vllm/v1/engine/core.py", line 1943, in run_busy_loop
(EngineCore_DP4 pid=394824) ERROR 07-28 09:54:36 [core.py:1233]     executed = self._process_engine_step()
(EngineCore_DP4 pid=394824) ERROR 07-28 09:54:36 [core.py:1233]                ^^^^^^^^^^^^^^^^^^^^^^^^^^^
(EngineCore_DP4 pid=394824) ERROR 07-28 09:54:36 [core.py:1233]   File "/home/l00838859/cann/my-project/vllm/vllm/v1/engine/core.py", line 1304, in _process_engine_step
(EngineCore_DP4 pid=394824) ERROR 07-28 09:54:36 [core.py:1233]     outputs, model_executed = self.step_fn()
(EngineCore_DP4 pid=394824) ERROR 07-28 09:54:36 [core.py:1233]                               ^^^^^^^^^^^^^^
(EngineCore_DP4 pid=394824) ERROR 07-28 09:54:36 [core.py:1233]   File "/home/l00838859/cann/my-project/vllm/vllm/v1/engine/core.py", line 595, in step_with_batch_queue
(EngineCore_DP4 pid=394824) ERROR 07-28 09:54:36 [core.py:1233]     model_output = future.result()
(EngineCore_DP4 pid=394824) ERROR 07-28 09:54:36 [core.py:1233]                    ^^^^^^^^^^^^^^^
(EngineCore_DP4 pid=394824) ERROR 07-28 09:54:36 [core.py:1233]   File "/home/l00838859/cann/my-project/vllm/vllm/v1/executor/multiproc_executor.py", line 91, in result
(EngineCore_DP4 pid=394824) ERROR 07-28 09:54:36 [core.py:1233]     return super().result()
(EngineCore_DP4 pid=394824) ERROR 07-28 09:54:36 [core.py:1233]            ^^^^^^^^^^^^^^^^
(EngineCore_DP4 pid=394824) ERROR 07-28 09:54:36 [core.py:1233]   File "/usr/local/lib/python3.11/concurrent/futures/_base.py", line 449, in result
(EngineCore_DP4 pid=394824) ERROR 07-28 09:54:36 [core.py:1233]     return self.__get_result()
(EngineCore_DP4 pid=394824) ERROR 07-28 09:54:36 [core.py:1233]            ^^^^^^^^^^^^^^^^^^^
(EngineCore_DP4 pid=394824) ERROR 07-28 09:54:36 [core.py:1233]   File "/usr/local/lib/python3.11/concurrent/futures/_base.py", line 401, in __get_result
(EngineCore_DP4 pid=394824) ERROR 07-28 09:54:36 [core.py:1233]     raise self._exception
(EngineCore_DP4 pid=394824) ERROR 07-28 09:54:36 [core.py:1233]   File "/home/l00838859/cann/my-project/vllm/vllm/v1/executor/multiproc_executor.py", line 95, in _wait_for_response
(EngineCore_DP4 pid=394824) ERROR 07-28 09:54:36 [core.py:1233]     response = self.aggregate(self.get_response())
(EngineCore_DP4 pid=394824) ERROR 07-28 09:54:36 [core.py:1233]                               ^^^^^^^^^^^^^^^^^^^
(EngineCore_DP4 pid=394824) ERROR 07-28 09:54:36 [core.py:1233]   File "/home/l00838859/cann/my-project/vllm/vllm/v1/executor/multiproc_executor.py", line 394, in get_response
(EngineCore_DP4 pid=394824) ERROR 07-28 09:54:36 [core.py:1233]     raise RuntimeError(
(EngineCore_DP4 pid=394824) ERROR 07-28 09:54:36 [core.py:1233] RuntimeError: Worker failed with error 'synchronize:../torch_npu/csrc/core/npu/NPUEvent.cpp:212 NPU function error: aclrtSynchronizeEvent(event_), error code is 507011
(EngineCore_DP4 pid=394824) ERROR 07-28 09:54:36 [core.py:1233] [ERROR] 2026-07-28-09:54:36 (PID:395298, Device:8, RankID:-1) ERR00100 PTA call acl api failed
(EngineCore_DP4 pid=394824) ERROR 07-28 09:54:36 [core.py:1233] [Error]: Model execution failed. 
(EngineCore_DP4 pid=394824) ERROR 07-28 09:54:36 [core.py:1233]         Rectify the fault based on the error information in the ascend log.
(EngineCore_DP4 pid=394824) ERROR 07-28 09:54:36 [core.py:1233] [PID: 395298] 2026-07-28-09:54:36.640.381 Execution_Error_SDMA(EI0012): SDMA memory copy task exception occurred. Remote rank: [0]. Base information: [streamID:[85], taskID[1], taskType[Task AIV], tag[], AlgType(level 0-1-2):[ring-ring-ring].]. Task information: [cmdType:[6], tag:[1], size:[688128], numBlocks:[8], rankSize:[2], aivRdmaStep:[-1], flagMem:[0x130f61a00000], isOpbase:[0]
(EngineCore_DP4 pid=394824) ERROR 07-28 09:54:36 [core.py:1233] there are 6 abnormal device(s), only the first 3 devices are listed:
(EngineCore_DP4 pid=394824) ERROR 07-28 09:54:36 [core.py:1233] 	[TaskExecStage][HeartbeatAbnormal]Cluster Exception Location[IP/ID]:[10.10.1.44/11], Arrival Time:[Tue Jul 28 09:52:57 2026], ExceptionType:[Stuck Occurred], Possible Reason:1.Host process is stuck, 2.Device task is stuck
(EngineCore_DP4 pid=394824) ERROR 07-28 09:54:36 [core.py:1233] 	[TaskExecStage][HeartbeatAbnormal]Cluster Exception Location[IP/ID]:[10.10.1.44/1], Arrival Time:[Tue Jul 28 09:52:57 2026], ExceptionType:[Stuck Occurred], Possible Reason:1.Host process is stuck, 2.Device task is stuck
(EngineCore_DP4 pid=394824) ERROR 07-28 09:54:36 [core.py:1233] 	[TaskExecStage][HeartbeatAbnormal]Cluster Exception Location[IP/ID]:[10.10.1.44/0], Arrival Time:[Tue Jul 28 09:52:57 2026], ExceptionType:[Stuck Occurred], Possible Reason:1.Host process is stuck, 2.Device task is stuck
(EngineCore_DP4 pid=394824) ERROR 07-28 09:54:36 [core.py:1233] ]. Communicator information: [].
(EngineCore_DP4 pid=394824) ERROR 07-28 09:54:36 [core.py:1233]         Possible Cause: 1. Network connection exception occurred during the SDMA task execution. 2. The peer process exits abnormally. 3. The input or output memory address is not allocated, the actual allocated size is smaller than the input data size, or the memory is freed before the operator execution is complete.
(EngineCore_DP4 pid=394824) ERROR 07-28 09:54:36 [core.py:1233]         Solution: 1. Check whether the network link is abnormal during the execution. 2. Check whether a process in the cluster exits before an error is reported. If yes, locate the cause of the process exit. 3. Check whether the size of the input/output memory passed to the communication operator meets the expectation, and whether the input/output memory or communicator is freed or destroyed before the operator execution is complete.
(EngineCore_DP4 pid=394824) ERROR 07-28 09:54:36 [core.py:1233]         TraceBack (most recent call last):
(EngineCore_DP4 pid=394824) ERROR 07-28 09:54:36 [core.py:1233]         The error from device(chipId:4, dieId:0), serial number is 22, there is an exception of aivec error, core id is 7, error code = 0, dump info: pc start: 0x12c0de87ba0c, current: 0x12c0de89db44, vec error info: 0xad00000cfe, mte error info: 0xf6060000a2, ifu error info: 0x20001bdc5c600, ccu error info: 0xe669eef66880003f, cube error info: 0, biu error info: 0, aic error mask: 0x6500020bd00028c, para base: 0x12c140116000.[FUNC:PrintCoreInfo][FILE:device_error_core_proc.cc][LINE:645]
(EngineCore_DP4 pid=394824) ERROR 07-28 09:54:36 [core.py:1233]         The extend info: errcode:(0, 0, 0) errorStr: timeout or trap error. fixp_error0 info: 0x60000a2, fixp_error1 info: 0xf6, fsmId:0, tslot:4, thread:0, ctxid:0, blk:2, sublk:0, subErrType:4.[FUNC:PrintCoreInfo][FILE:device_error_core_proc.cc][LINE:658]
(EngineCore_DP4 pid=394824) ERROR 07-28 09:54:36 [core.py:1233]         The error from device(chipId:4, dieId:0), serial number is 22, there is an exception of aivec error, core id is 9, error code = 0, dump info: pc start: 0x12c0de87ba0c, current: 0x12c0de89db44, vec error info: 0xad00000cfe, mte error info: 0xf603064c6e, ifu error info: 0x217ffbe014040, ccu error info: 0x50791c356880003f, cube error info: 0, biu error info: 0, aic error mask: 0x6500020bd00028c, para base: 0x12c140116000.[FUNC:PrintCoreInfo][FILE:device_error_core_proc.cc][LINE:645]
(EngineCore_DP4 pid=394824) ERROR 07-28 09:54:36 [core.py:1233]         The extend info: errcode:(0, 0, 0) errorStr: timeout or trap error. fixp_error0 info: 0x3064c6e, fixp_error1 info: 0xf6, fsmId:0, tslot:4, thread:0, ctxid:0, blk:4, sublk:0, subErrType:4.[FUNC:PrintCoreInfo][FILE:device_error_core_proc.cc][LINE:658]
(EngineCore_DP4 pid=394824) ERROR 07-28 09:54:36 [core.py:1233]         The error from device(chipId:4, dieId:0), serial number is 22, there is an exception of aivec error, core id is 11, error code = 0, dump info: pc start: 0x12c0de87ba0c, current: 0x12c0de89dc70, vec error info: 0xad00000cfe, mte error info: 0x4e060000c7, ifu error info: 0x20001bdc5ce00, ccu error info: 0x360078086880003f, cube error info: 0, biu error info: 0, aic error mask: 0x6500020bd00028c, para base: 0x12c140116000.[FUNC:PrintCoreInfo][FILE:device_error_core_proc.cc][LINE:645]
(EngineCore_DP4 pid=394824) ERROR 07-28 09:54:36 [core.py:1233]         The extend info: errcode:(0, 0, 0) errorStr: timeout or trap error. fixp_error0 info: 0x60000c7, fixp_error1 info: 0x4e, fsmId:0, tslot:4, thread:0, ctxid:0, blk:6, sublk:0, subErrType:4.[FUNC:PrintCoreInfo][FILE:device_error_core_proc.cc][LINE:658]
(EngineCore_DP4 pid=394824) ERROR 07-28 09:54:36 [core.py:1233]         The error from device(chipId:4, dieId:0), serial number is 22, there is an exception of aivec error, core id is 5, error code = 0, dump info: pc start: 0x12c0de87ba0c, current: 0x12c0de884c50, vec error info: 0xad00000cfe, mte error info: 0x4e060000c7, ifu error info: 0x217ffbe014040, ccu error info: 0x811170df6880003f, cube error info: 0, biu error info: 0, aic error mask: 0x6500020bd00028c, para base: 0x12c140116000.[FUNC:PrintCoreInfo][FILE:device_error_core_proc.cc][LINE:645]
(EngineCore_DP4 pid=394824) ERROR 07-28 09:54:36 [core.py:1233]         The extend info: errcode:(0, 0, 0) errorStr: timeout or trap error. fixp_error0 info: 0x60000c7, fixp_error1 info: 0x4e, fsmId:1, tslot:4, thread:0, ctxid:0, blk:0, sublk:0, subErrType:4.[FUNC:PrintCoreInfo][FILE:device_error_core_proc.cc][LINE:658]
(EngineCore_DP4 pid=394824) ERROR 07-28 09:54:36 [core.py:1233]         The error from device(chipId:4, dieId:0), serial number is 22, there is an exception of aivec error, core id is 6, error code = 0, dump info: pc start: 0x12c0de87ba0c, current: 0x12c0de89db44, vec error info: 0xad00000cfe, mte error info: 0xf6060000a2, ifu error info: 0x217ffbe014040, ccu error info: 0x61e32ce66880003f, cube error info: 0, biu error info: 0, aic error mask: 0x6500020bd00028c, para base: 0x12c140116000.[FUNC:PrintCoreInfo][FILE:device_error_core_proc.cc][LINE:645]
(EngineCore_DP4 pid=394824) ERROR 07-28 09:54:36 [core.py:1233]         The extend info: errcode:(0, 0, 0) errorStr: timeout or trap error. fixp_error0 info: 0x60000a2, fixp_error1 info: 0xf6, fsmId:1, tslot:4, thread:0, ctxid:0, blk:1, sublk:0, subErrType:4.[FUNC:PrintCoreInfo][FILE:device_error_core_proc.cc][LINE:658]
(EngineCore_DP4 pid=394824) ERROR 07-28 09:54:36 [core.py:1233]         The error from device(chipId:4, dieId:0), serial number is 22, there is an exception of aivec error, core id is 8, error code = 0, dump info: pc start: 0x12c0de87ba0c, current: 0x12c0de89db44, vec error info: 0xad00000cfe, mte error info: 0x4e060000c7, ifu error info: 0x217ffbe014040, ccu error info: 0xc3c794106880003f, cube error info: 0, biu error info: 0, aic error mask: 0x6500020bd00028c, para base: 0x12c140116000.[FUNC:PrintCoreInfo][FILE:device_error_core_proc.cc][LINE:645]
(EngineCore_DP4 pid=394824) ERROR 07-28 09:54:36 [core.py:1233]         The extend info: errcode:(0, 0, 0) errorStr: timeout or trap error. fixp_error0 info: 0x60000c7, fixp_error1 info: 0x4e, fsmId:1, tslot:4, thread:0, ctxid:0, blk:3, sublk:0, subErrType:4.[FUNC:PrintCoreInfo][FILE:device_error_core_proc.cc][LINE:658]
(EngineCore_DP4 pid=394824) ERROR 07-28 09:54:36 [core.py:1233]         The error from device(chipId:4, dieId:0), serial number is 22, there is an exception of aivec error, core id is 10, error code = 0, dump info: pc start: 0x12c0de87ba0c, current: 0x12c0de89db44, vec error info: 0xad00000cfe, mte error info: 0xad000000a3, ifu error info: 0x20001bdc63e00, ccu error info: 0xd59983296880003f, cube error info: 0, biu error info: 0, aic error mask: 0x6500020bd00028c, para base: 0x12c140116000.[FUNC:PrintCoreInfo][FILE:device_error_core_proc.cc][LINE:645]
(EngineCore_DP4 pid=394824) ERROR 07-28 09:54:36 [core.py:1233]         The extend info: errcode:(0, 0, 0) errorStr: timeout or trap error. fixp_error0 info: 0xa3, fixp_error1 info: 0xad, fsmId:1, tslot:4, thread:0, ctxid:0, blk:5, sublk:0, subErrType:4.[FUNC:PrintCoreInfo][FILE:device_error_core_proc.cc][LINE:658]
(EngineCore_DP4 pid=394824) ERROR 07-28 09:54:36 [core.py:1233]         The error from device(chipId:4, dieId:0), serial number is 22, there is an exception of aivec error, core id is 12, error code = 0, dump info: pc start: 0x12c0de87ba0c, current: 0x12c0de89db4c, vec error info: 0xad00000cfe, mte error info: 0xf6060000a2, ifu error info: 0x20001bdc5cb00, ccu error info: 0xaa0616046880003f, cube error info: 0, biu error info: 0, aic error mask: 0x6500020bd00028c, para base: 0x12c140116000.[FUNC:PrintCoreInfo][FILE:device_error_core_proc.cc][LINE:645]
(EngineCore_DP4 pid=394824) ERROR 07-28 09:54:36 [core.py:1233]         The extend info: errcode:(0, 0, 0) errorStr: timeout or trap error. fixp_error0 info: 0x60000a2, fixp_error1 info: 0xf6, fsmId:1, tslot:4, thread:0, ctxid:0, blk:7, sublk:0, subErrType:4.[FUNC:PrintCoreInfo][FILE:device_error_core_proc.cc][LINE:658]
(EngineCore_DP4 pid=394824) ERROR 07-28 09:54:36 [core.py:1233]         SDMA memory copy task exception occurred. Remote rank: [0]. Base information: [streamID:[85], taskID[1], taskType[Task AIV], tag[], AlgType(level 0-1-2):[ring-ring-ring].]. Task information: [cmdType:[6], tag:[1], size:[688128], numBlocks:[8], rankSize:[2], aivRdmaStep:[-1], flagMem:[0x130f61a00000], isOpbase:[0]
(EngineCore_DP4 pid=394824) ERROR 07-28 09:54:36 [core.py:1233] there are 6 abnormal device(s), only the first 3 devices are listed:
(EngineCore_DP4 pid=394824) ERROR 07-28 09:54:36 [core.py:1233] 	[TaskExecStage][HeartbeatAbnormal]Cluster Exception Location[IP/ID]:[10.10.1.44/11], Arrival Time:[Tue Jul 28 09:52:57 2026], ExceptionType:[Stuck Occurred], Possible Reason:1.Host process is stuck, 2.Device task is stuck
(EngineCore_DP4 pid=394824) ERROR 07-28 09:54:36 [core.py:1233] 	[TaskExecStage][HeartbeatAbnormal]Cluster Exception Location[IP/ID]:[10.10.1.44/1], Arrival Time:[Tue Jul 28 09:52:57 2026], ExceptionType:[Stuck Occurred], Possible Reason:1.Host process is stuck, 2.Device task is stuck
(EngineCore_DP4 pid=394824) ERROR 07-28 09:54:36 [core.py:1233] 	[TaskExecStage][HeartbeatAbnormal]Cluster Exception Location[IP/ID]:[10.10.1.44/0], Arrival Time:[Tue Jul 28 09:52:57 2026], ExceptionType:[Stuck Occurred], Possible Reason:1.Host process is stuck, 2.Device task is stuck
(EngineCore_DP4 pid=394824) ERROR 07-28 09:54:36 [core.py:1233] ]. Communicator information: [].
(EngineCore_DP4 pid=394824) ERROR 07-28 09:54:36 [core.py:1233]         rtEventSynchronize execution failed, reason=the model stream execute failed[FUNC:FuncErrorReason][FILE:error_message_manage.cc][LINE:65]
(EngineCore_DP4 pid=394824) ERROR 07-28 09:54:36 [core.py:1233]         wait event to be complete failed, runtime result = 507011[FUNC:ReportCallError][FILE:log_inner.cpp][LINE:148]
(EngineCore_DP4 pid=394824) ERROR 07-28 09:54:36 [core.py:1233] ', please check the stack trace above for the root cause
(Worker_DP1_TP0_EP2 pid=395294) ERROR 07-28 09:54:36 [multiproc_executor.py:948] Error getting async model runner output
(Worker_DP1_TP0_EP2 pid=395294) ERROR 07-28 09:54:36 [multiproc_executor.py:948] Traceback (most recent call last):
(Worker_DP1_TP0_EP2 pid=395294) ERROR 07-28 09:54:36 [multiproc_executor.py:948]   File "/home/l00838859/cann/my-project/vllm/vllm/v1/executor/multiproc_executor.py", line 946, in enqueue_output
(Worker_DP1_TP0_EP2 pid=395294) ERROR 07-28 09:54:36 [multiproc_executor.py:948]     output = output.get_output()
(Worker_DP1_TP0_EP2 pid=395294) ERROR 07-28 09:54:36 [multiproc_executor.py:948]              ^^^^^^^^^^^^^^^^^^^
(Worker_DP1_TP0_EP2 pid=395294) ERROR 07-28 09:54:36 [multiproc_executor.py:948]   File "/home/l00838859/cann/my-project/vllm/vllm/v1/worker/gpu_model_runner.py", line 305, in get_output
(Worker_DP1_TP0_EP2 pid=395294) ERROR 07-28 09:54:36 [multiproc_executor.py:948]     self.async_copy_ready_event.synchronize()
(Worker_DP1_TP0_EP2 pid=395294) ERROR 07-28 09:54:36 [multiproc_executor.py:948]   File "/usr/local/lib/python3.11/site-packages/torch_npu/npu/streams.py", line 192, in synchronize
(Worker_DP1_TP0_EP2 pid=395294) ERROR 07-28 09:54:36 [multiproc_executor.py:948]     super(Event, self).synchronize()
(Worker_DP1_TP0_EP2 pid=395294) ERROR 07-28 09:54:36 [multiproc_executor.py:948] RuntimeError: synchronize:../torch_npu/csrc/core/npu/NPUEvent.cpp:212 NPU function error: aclrtSynchronizeEvent(event_), error code is 507011
(Worker_DP1_TP0_EP2 pid=395294) ERROR 07-28 09:54:36 [multiproc_executor.py:948] [ERROR] 2026-07-28-09:54:36 (PID:395294, Device:2, RankID:-1) ERR00100 PTA call acl api failed
(Worker_DP1_TP0_EP2 pid=395294) ERROR 07-28 09:54:36 [multiproc_executor.py:948] [Error]: Model execution failed. 
(Worker_DP1_TP0_EP2 pid=395294) ERROR 07-28 09:54:36 [multiproc_executor.py:948]         Rectify the fault based on the error information in the ascend log.
(Worker_DP1_TP0_EP2 pid=395294) ERROR 07-28 09:54:36 [multiproc_executor.py:948] [PID: 395294] 2026-07-28-09:54:36.647.515 Execution_Error_SDMA(EI0012): SDMA memory copy task exception occurred. Remote rank: [0]. Base information: [streamID:[85], taskID[1], taskType[Task AIV], tag[], AlgType(level 0-1-2):[ring-ring-ring].]. Task information: [cmdType:[6], tag:[1], size:[688128], numBlocks:[8], rankSize:[2], aivRdmaStep:[-1], flagMem:[0x130f61a00000], isOpbase:[0]
(Worker_DP1_TP0_EP2 pid=395294) ERROR 07-28 09:54:36 [multiproc_executor.py:948] there are 6 abnormal device(s), only the first 3 devices are listed:
(Worker_DP1_TP0_EP2 pid=395294) ERROR 07-28 09:54:36 [multiproc_executor.py:948] 	[TaskExecStage][HeartbeatAbnormal]Cluster Exception Location[IP/ID]:[10.10.1.44/1], Arrival Time:[Tue Jul 28 09:52:57 2026], ExceptionType:[Stuck Occurred], Possible Reason:1.Host process is stuck, 2.Device task is stuck
(Worker_DP1_TP0_EP2 pid=395294) ERROR 07-28 09:54:36 [multiproc_executor.py:948] 	[TaskExecStage][HeartbeatAbnormal]Cluster Exception Location[IP/ID]:[10.10.1.44/0], Arrival Time:[Tue Jul 28 09:52:57 2026], ExceptionType:[Stuck Occurred], Possible Reason:1.Host process is stuck, 2.Device task is stuck
(Worker_DP1_TP0_EP2 pid=395294) ERROR 07-28 09:54:36 [multiproc_executor.py:948] 	[TaskExecStage][HeartbeatAbnormal]Cluster Exception Location[IP/ID]:[10.10.1.44/2], Arrival Time:[Tue Jul 28 09:52:57 2026], ExceptionType:[Stuck Occurred], Possible Reason:1.Host process is stuck, 2.Device task is stuck
(Worker_DP1_TP0_EP2 pid=395294) ERROR 07-28 09:54:36 [multiproc_executor.py:948] ]. Communicator information: [].
(Worker_DP1_TP0_EP2 pid=395294) ERROR 07-28 09:54:36 [multiproc_executor.py:948]         Possible Cause: 1. Network connection exception occurred during the SDMA task execution. 2. The peer process exits abnormally. 3. The input or output memory address is not allocated, the actual allocated size is smaller than the input data size, or the memory is freed before the operator execution is complete.
(Worker_DP1_TP0_EP2 pid=395294) ERROR 07-28 09:54:36 [multiproc_executor.py:948]         Solution: 1. Check whether the network link is abnormal during the execution. 2. Check whether a process in the cluster exits before an error is reported. If yes, locate the cause of the process exit. 3. Check whether the size of the input/output memory passed to the communication operator meets the expectation, and whether the input/output memory or communicator is freed or destroyed before the operator execution is complete.
(Worker_DP1_TP0_EP2 pid=395294) ERROR 07-28 09:54:36 [multiproc_executor.py:948]         TraceBack (most recent call last):
(Worker_DP1_TP0_EP2 pid=395294) ERROR 07-28 09:54:36 [multiproc_executor.py:948]         The error from device(chipId:1, dieId:0), serial number is 30, there is an exception of aivec error, core id is 22, error code = 0, dump info: pc start: 0x12c0de87ba0c, current: 0x12c0de89db44, vec error info: 0xad00000cfe, mte error info: 0xe2030003f7, ifu error info: 0x20003c0104800, ccu error info: 0x13c879806880003f, cube error info: 0, biu error info: 0, aic error mask: 0x6500020bd00028c, para base: 0x12c142758000.[FUNC:PrintCoreInfo][FILE:device_error_core_proc.cc][LINE:645]
(Worker_DP1_TP0_EP2 pid=395294) ERROR 07-28 09:54:36 [multiproc_executor.py:948]         The extend info: errcode:(0, 0, 0) errorStr: timeout or trap error. fixp_error0 info: 0x30003f7, fixp_error1 info: 0xe2, fsmId:0, tslot:6, thread:0, ctxid:0, blk:3, sublk:0, subErrType:4.[FUNC:PrintCoreInfo][FILE:device_error_core_proc.cc][LINE:658]
(Worker_DP1_TP0_EP2 pid=395294) ERROR 07-28 09:54:36 [multiproc_executor.py:948]         The error from device(chipId:1, dieId:0), serial number is 30, there is an exception of aivec error, core id is 25, error code = 0, dump info: pc start: 0x12c0de87ba0c, current: 0x12c0de89db44, vec error info: 0xad00000cfe, mte error info: 0xe2030004f7, ifu error info: 0x217ffbe014040, ccu error info: 0xc68b23fd6880003f, cube error info: 0, biu error info: 0, aic error mask: 0x6500020bd00028c, para base: 0x12c142758000.[FUNC:PrintCoreInfo][FILE:device_error_core_proc.cc][LINE:645]
(Worker_DP1_TP0_EP2 pid=395294) ERROR 07-28 09:54:36 [multiproc_executor.py:948]         The extend info: errcode:(0, 0, 0) errorStr: timeout or trap error. fixp_error0 info: 0x30004f7, fixp_error1 info: 0xe2, fsmId:0, tslot:6, thread:0, ctxid:0, blk:6, sublk:0, subErrType:4.[FUNC:PrintCoreInfo][FILE:device_error_core_proc.cc][LINE:658]
(Worker_DP1_TP0_EP2 pid=395294) ERROR 07-28 09:54:36 [multiproc_executor.py:948]         The error from device(chipId:1, dieId:0), serial number is 30, there is an exception of aivec error, core id is 26, error code = 0, dump info: pc start: 0x12c0de87ba0c, current: 0x12c0de89db44, vec error info: 0xad00000cfe, mte error info: 0xe2030003f7, ifu error info: 0x217ffbe014040, ccu error info: 0x37eb69876880003f, cube error info: 0, biu error info: 0, aic error mask: 0x6500020bd00028c, para base: 0x12c142758000.[FUNC:PrintCoreInfo][FILE:device_error_core_proc.cc][LINE:645]
(Worker_DP1_TP0_EP2 pid=395294) ERROR 07-28 09:54:36 [multiproc_executor.py:948]         The extend info: errcode:(0, 0, 0) errorStr: timeout or trap error. fixp_error0 info: 0x30003f7, fixp_error1 info: 0xe2, fsmId:0, tslot:6, thread:0, ctxid:0, blk:7, sublk:0, subErrType:4.[FUNC:PrintCoreInfo][FILE:device_error_core_proc.cc][LINE:658]
(Worker_DP1_TP0_EP2 pid=395294) ERROR 07-28 09:54:36 [multiproc_executor.py:948]         The error from device(chipId:1, dieId:0), serial number is 30, there is an exception of aivec error, core id is 19, error code = 0, dump info: pc start: 0x12c0de87ba0c, current: 0x12c0de884c50, vec error info: 0xad00000cfe, mte error info: 0xe2030002f7, ifu error info: 0x217ffbe014040, ccu error info: 0x65b321ef6880003f, cube error info: 0, biu error info: 0, aic error mask: 0x6500020bd00028c, para base: 0x12c142758000.[FUNC:PrintCoreInfo][FILE:device_error_core_proc.cc][LINE:645]
(Worker_DP1_TP0_EP2 pid=395294) ERROR 07-28 09:54:36 [multiproc_executor.py:948]         The extend info: errcode:(0, 0, 0) errorStr: timeout or trap error. fixp_error0 info: 0x30002f7, fixp_error1 info: 0xe2, fsmId:1, tslot:6, thread:0, ctxid:0, blk:0, sublk:0, subErrType:4.[FUNC:PrintCoreInfo][FILE:device_error_core_proc.cc][LINE:658]
(Worker_DP1_TP0_EP2 pid=395294) ERROR 07-28 09:54:36 [multiproc_executor.py:948]         The error from device(chipId:1, dieId:0), serial number is 30, there is an exception of aivec error, core id is 20, error code = 0, dump info: pc start: 0x12c0de87ba0c, current: 0x12c0de89db44, vec error info: 0xad00000cfe, mte error info: 0xe2030000f7, ifu error info: 0x20001bdc5c500, ccu error info: 0x6220e016680003f, cube error info: 0, biu error info: 0, aic error mask: 0x6500020bd00028c, para base: 0x12c142758000.[FUNC:PrintCoreInfo][FILE:device_error_core_proc.cc][LINE:645]
(Worker_DP1_TP0_EP2 pid=395294) ERROR 07-28 09:54:36 [multiproc_executor.py:948]         The extend info: errcode:(0, 0, 0) errorStr: timeout or trap error. fixp_error0 info: 0x30000f7, fixp_error1 info: 0xe2, fsmId:1, tslot:6, thread:0, ctxid:0, blk:1, sublk:0, subErrType:4.[FUNC:PrintCoreInfo][FILE:device_error_core_proc.cc][LINE:658]
(Worker_DP1_TP0_EP2 pid=395294) ERROR 07-28 09:54:36 [multiproc_executor.py:948]         The error from device(chipId:1, dieId:0), serial number is 30, there is an exception of aivec error, core id is 21, error code = 0, dump info: pc start: 0x12c0de87ba0c, current: 0x12c0de89db44, vec error info: 0xad00000cfe, mte error info: 0xe2030000f7, ifu error info: 0x20003c02047c0, ccu error info: 0x3f0beb136680003f, cube error info: 0, biu error info: 0, aic error mask: 0x6500020bd00028c, para base: 0x12c142758000.[FUNC:PrintCoreInfo][FILE:device_error_core_proc.cc][LINE:645]
(Worker_DP1_TP0_EP2 pid=395294) ERROR 07-28 09:54:36 [multiproc_executor.py:948]         The extend info: errcode:(0, 0, 0) errorStr: timeout or trap error. fixp_error0 info: 0x30000f7, fixp_error1 info: 0xe2, fsmId:1, tslot:6, thread:0, ctxid:0, blk:2, sublk:0, subErrType:4.[FUNC:PrintCoreInfo][FILE:device_error_core_proc.cc][LINE:658]
(Worker_DP1_TP0_EP2 pid=395294) ERROR 07-28 09:54:36 [multiproc_executor.py:948]         The error from device(chipId:1, dieId:0), serial number is 30, there is an exception of aivec error, core id is 23, error code = 0, dump info: pc start: 0x12c0de87ba0c, current: 0x12c0de89db44, vec error info: 0xad00000cfe, mte error info: 0xe2030002f7, ifu error info: 0x20003c00c5800, ccu error info: 0x23ae03506880003f, cube error info: 0, biu error info: 0, aic error mask: 0x6500020bd00028c, para base: 0x12c142758000.[FUNC:PrintCoreInfo][FILE:device_error_core_proc.cc][LINE:645]
(Worker_DP1_TP0_EP2 pid=395294) ERROR 07-28 09:54:36 [multiproc_executor.py:948]         The extend info: errcode:(0, 0, 0) errorStr: timeout or trap error. fixp_error0 info: 0x30002f7, fixp_error1 info: 0xe2, fsmId:1, tslot:6, thread:0, ctxid:0, blk:4, sublk:0, subErrType:4.[FUNC:PrintCoreInfo][FILE:device_error_core_proc.cc][LINE:658]
(Worker_DP1_TP0_EP2 pid=395294) ERROR 07-28 09:54:36 [multiproc_executor.py:948]         The error from device(chipId:1, dieId:0), serial number is 30, there is an exception of aivec error, core id is 24, error code = 0, dump info: pc start: 0x12c0de87ba0c, current: 0x12c0de89db44, vec error info: 0xad00000cfe, mte error info: 0xe2030001f7, ifu error info: 0x20001bdc5ce00, ccu error info: 0x4f532c846880003f, cube error info: 0, biu error info: 0, aic error mask: 0x6500020bd00028c, para base: 0x12c142758000.[FUNC:PrintCoreInfo][FILE:device_error_core_proc.cc][LINE:645]
(Worker_DP1_TP0_EP2 pid=395294) ERROR 07-28 09:54:36 [multiproc_executor.py:948]         The extend info: errcode:(0, 0, 0) errorStr: timeout or trap error. fixp_error0 info: 0x30001f7, fixp_error1 info: 0xe2, fsmId:1, tslot:6, thread:0, ctxid:0, blk:5, sublk:0, subErrType:4.[FUNC:PrintCoreInfo][FILE:device_error_core_proc.cc][LINE:658]
(Worker_DP1_TP0_EP2 pid=395294) ERROR 07-28 09:54:36 [multiproc_executor.py:948]         SDMA memory copy task exception occurred. Remote rank: [0]. Base information: [streamID:[85], taskID[1], taskType[Task AIV], tag[], AlgType(level 0-1-2):[ring-ring-ring].]. Task information: [cmdType:[6], tag:[1], size:[688128], numBlocks:[8], rankSize:[2], aivRdmaStep:[-1], flagMem:[0x130f61a00000], isOpbase:[0]
(Worker_DP1_TP0_EP2 pid=395294) ERROR 07-28 09:54:36 [multiproc_executor.py:948] there are 6 abnormal device(s), only the first 3 devices are listed:
(Worker_DP1_TP0_EP2 pid=395294) ERROR 07-28 09:54:36 [multiproc_executor.py:948] 	[TaskExecStage][HeartbeatAbnormal]Cluster Exception Location[IP/ID]:[10.10.1.44/1], Arrival Time:[Tue Jul 28 09:52:57 2026], ExceptionType:[Stuck Occurred], Possible Reason:1.Host process is stuck, 2.Device task is stuck
(Worker_DP1_TP0_EP2 pid=395294) ERROR 07-28 09:54:36 [multiproc_executor.py:948] 	[TaskExecStage][HeartbeatAbnormal]Cluster Exception Location[IP/ID]:[10.10.1.44/0], Arrival Time:[Tue Jul 28 09:52:57 2026], ExceptionType:[Stuck Occurred], Possible Reason:1.Host process is stuck, 2.Device task is stuck
(Worker_DP1_TP0_EP2 pid=395294) ERROR 07-28 09:54:36 [multiproc_executor.py:948] 	[TaskExecStage][HeartbeatAbnormal]Cluster Exception Location[IP/ID]:[10.10.1.44/2], Arrival Time:[Tue Jul 28 09:52:57 2026], ExceptionType:[Stuck Occurred], Possible Reason:1.Host process is stuck, 2.Device task is stuck
(Worker_DP1_TP0_EP2 pid=395294) ERROR 07-28 09:54:36 [multiproc_executor.py:948] ]. Communicator information: [].
(Worker_DP1_TP0_EP2 pid=395294) ERROR 07-28 09:54:36 [multiproc_executor.py:948]         rtEventSynchronize execution failed, reason=the model stream execute failed[FUNC:FuncErrorReason][FILE:error_message_manage.cc][LINE:65]
(Worker_DP1_TP0_EP2 pid=395294) ERROR 07-28 09:54:36 [multiproc_executor.py:948]         wait event to be complete failed, runtime result = 507011[FUNC:ReportCallError][FILE:log_inner.cpp][LINE:148]
(Worker_DP1_TP0_EP2 pid=395294) ERROR 07-28 09:54:36 [multiproc_executor.py:948] 
(EngineCore_DP2 pid=394852) INFO 07-28 09:54:36 [multiproc_executor.py:429] [shutdown] Executor: waiting for worker exit count=2
(Worker_DP2_TP0_EP4 pid=395296) INFO 07-28 09:54:36 [multiproc_executor.py:793] Parent process exited, terminating worker queues
(Worker_DP1_TP0_EP2 pid=395294) ERROR 07-28 09:54:36 [multiproc_executor.py:1007] WorkerProc hit an exception.
(Worker_DP1_TP0_EP2 pid=395294) ERROR 07-28 09:54:36 [multiproc_executor.py:1007] Traceback (most recent call last):
(Worker_DP1_TP0_EP2 pid=395294) ERROR 07-28 09:54:36 [multiproc_executor.py:1007]   File "/home/l00838859/cann/my-project/vllm/vllm/v1/executor/multiproc_executor.py", line 999, in worker_busy_loop
(Worker_DP1_TP0_EP2 pid=395294) ERROR 07-28 09:54:36 [multiproc_executor.py:1007]     output = func(*args, **kwargs)
(Worker_DP1_TP0_EP2 pid=395294) ERROR 07-28 09:54:36 [multiproc_executor.py:1007]              ^^^^^^^^^^^^^^^^^^^^^
(Worker_DP1_TP0_EP2 pid=395294) ERROR 07-28 09:54:36 [multiproc_executor.py:1007]   File "/home/l00838859/cann/my-project/vllm/vllm/v1/worker/worker_base.py", line 351, in execute_model
(Worker_DP1_TP0_EP2 pid=395294) ERROR 07-28 09:54:36 [multiproc_executor.py:1007]     return self.worker.execute_model(scheduler_output)
(Worker_DP1_TP0_EP2 pid=395294) ERROR 07-28 09:54:36 [multiproc_executor.py:1007]            ^^^^^^^^^^^^^^^^^^^^^^^^^^^^^^^^^^^^^^^^^^^
(Worker_DP1_TP0_EP2 pid=395294) ERROR 07-28 09:54:36 [multiproc_executor.py:1007]   File "/home/l00838859/cann/my-project/vllm-ascend/vllm_ascend/worker/worker.py", line 685, in execute_model
(Worker_DP1_TP0_EP2 pid=395294) ERROR 07-28 09:54:36 [multiproc_executor.py:1007]     output = self.model_runner.execute_model(scheduler_output, intermediate_tensors)
(Worker_DP1_TP0_EP2 pid=395294) ERROR 07-28 09:54:36 [multiproc_executor.py:1007]              ^^^^^^^^^^^^^^^^^^^^^^^^^^^^^^^^^^^^^^^^^^^^^^^^^^^^^^^^^^^^^^^^^^^^^^^
(Worker_DP1_TP0_EP2 pid=395294) ERROR 07-28 09:54:36 [multiproc_executor.py:1007]   File "/usr/local/lib/python3.11/site-packages/torch/utils/_contextlib.py", line 124, in decorate_context
(Worker_DP1_TP0_EP2 pid=395294) ERROR 07-28 09:54:36 [multiproc_executor.py:1007]     return func(*args, **kwargs)
(Worker_DP1_TP0_EP2 pid=395294) ERROR 07-28 09:54:36 [multiproc_executor.py:1007]            ^^^^^^^^^^^^^^^^^^^^^
(Worker_DP1_TP0_EP2 pid=395294) ERROR 07-28 09:54:36 [multiproc_executor.py:1007]   File "/home/l00838859/cann/my-project/vllm-ascend/vllm_ascend/worker/model_runner_v1.py", line 2346, in execute_model
(Worker_DP1_TP0_EP2 pid=395294) ERROR 07-28 09:54:36 [multiproc_executor.py:1007]     hidden_states = self._model_forward(
(Worker_DP1_TP0_EP2 pid=395294) ERROR 07-28 09:54:36 [multiproc_executor.py:1007]                     ^^^^^^^^^^^^^^^^^^^^
(Worker_DP1_TP0_EP2 pid=395294) ERROR 07-28 09:54:36 [multiproc_executor.py:1007]   File "/home/l00838859/cann/my-project/vllm-ascend/vllm_ascend/worker/model_runner_v1.py", line 2915, in _model_forward
(Worker_DP1_TP0_EP2 pid=395294) ERROR 07-28 09:54:36 [multiproc_executor.py:1007]     hidden_states = run_model()
(Worker_DP1_TP0_EP2 pid=395294) ERROR 07-28 09:54:36 [multiproc_executor.py:1007]                     ^^^^^^^^^^^
(Worker_DP1_TP0_EP2 pid=395294) ERROR 07-28 09:54:36 [multiproc_executor.py:1007]   File "/home/l00838859/cann/my-project/vllm-ascend/vllm_ascend/compilation/acl_graph.py", line 281, in __call__
(Worker_DP1_TP0_EP2 pid=395294) ERROR 07-28 09:54:36 [multiproc_executor.py:1007]     torch.npu.current_stream().synchronize()
(Worker_DP1_TP0_EP2 pid=395294) ERROR 07-28 09:54:36 [multiproc_executor.py:1007]   File "/usr/local/lib/python3.11/site-packages/torch_npu/npu/streams.py", line 85, in synchronize
(Worker_DP1_TP0_EP2 pid=395294) ERROR 07-28 09:54:36 [multiproc_executor.py:1007]     super(Stream, self).synchronize()
(Worker_DP1_TP0_EP2 pid=395294) ERROR 07-28 09:54:36 [multiproc_executor.py:1007] RuntimeError: synchronize:../torch_npu/csrc/core/npu/NPUStream.cpp:361 NPU function error: c10_npu::acl::AclrtSynchronizeStreamWithTimeout(stream()), error code is 507011
(Worker_DP1_TP0_EP2 pid=395294) ERROR 07-28 09:54:36 [multiproc_executor.py:1007] [ERROR] 2026-07-28-09:54:36 (PID:395294, Device:2, RankID:-1) ERR00100 PTA call acl api failed
(Worker_DP1_TP0_EP2 pid=395294) ERROR 07-28 09:54:36 [multiproc_executor.py:1007] [Error]: Model execution failed. 
(Worker_DP1_TP0_EP2 pid=395294) ERROR 07-28 09:54:36 [multiproc_executor.py:1007]         Rectify the fault based on the error information in the ascend log.
(Worker_DP1_TP0_EP2 pid=395294) ERROR 07-28 09:54:36 [multiproc_executor.py:1007] EE9999: Inner Error!
(Worker_DP1_TP0_EP2 pid=395294) ERROR 07-28 09:54:36 [multiproc_executor.py:1007] EE9999[PID: 395294] 2026-07-28-09:54:36.648.025 (EE9999):  rtStreamSynchronizeWithTimeout execution failed, reason=the model stream execute failed[FUNC:FuncErrorReason][FILE:error_message_manage.cc][LINE:65]
(Worker_DP1_TP0_EP2 pid=395294) ERROR 07-28 09:54:36 [multiproc_executor.py:1007]         TraceBack (most recent call last):
(Worker_DP1_TP0_EP2 pid=395294) ERROR 07-28 09:54:36 [multiproc_executor.py:1007]        synchronize stream with timeout failed, runtime result = 507011[FUNC:ReportCallError][FILE:log_inner.cpp][LINE:148]
(Worker_DP1_TP0_EP2 pid=395294) ERROR 07-28 09:54:36 [multiproc_executor.py:1007] 
(Worker_DP1_TP0_EP2 pid=395294) ERROR 07-28 09:54:36 [multiproc_executor.py:1007] Traceback (most recent call last):
(Worker_DP1_TP0_EP2 pid=395294) ERROR 07-28 09:54:36 [multiproc_executor.py:1007]   File "/home/l00838859/cann/my-project/vllm/vllm/v1/executor/multiproc_executor.py", line 999, in worker_busy_loop
(Worker_DP1_TP0_EP2 pid=395294) ERROR 07-28 09:54:36 [multiproc_executor.py:1007]     output = func(*args, **kwargs)
(Worker_DP1_TP0_EP2 pid=395294) ERROR 07-28 09:54:36 [multiproc_executor.py:1007]              ^^^^^^^^^^^^^^^^^^^^^
(Worker_DP1_TP0_EP2 pid=395294) ERROR 07-28 09:54:36 [multiproc_executor.py:1007]   File "/home/l00838859/cann/my-project/vllm/vllm/v1/worker/worker_base.py", line 351, in execute_model
(Worker_DP1_TP0_EP2 pid=395294) ERROR 07-28 09:54:36 [multiproc_executor.py:1007]     return self.worker.execute_model(scheduler_output)
(Worker_DP1_TP0_EP2 pid=395294) ERROR 07-28 09:54:36 [multiproc_executor.py:1007]            ^^^^^^^^^^^^^^^^^^^^^^^^^^^^^^^^^^^^^^^^^^^
(Worker_DP1_TP0_EP2 pid=395294) ERROR 07-28 09:54:36 [multiproc_executor.py:1007]   File "/home/l00838859/cann/my-project/vllm-ascend/vllm_ascend/worker/worker.py", line 685, in execute_model
(Worker_DP1_TP0_EP2 pid=395294) ERROR 07-28 09:54:36 [multiproc_executor.py:1007]     output = self.model_runner.execute_model(scheduler_output, intermediate_tensors)
(Worker_DP1_TP0_EP2 pid=395294) ERROR 07-28 09:54:36 [multiproc_executor.py:1007]              ^^^^^^^^^^^^^^^^^^^^^^^^^^^^^^^^^^^^^^^^^^^^^^^^^^^^^^^^^^^^^^^^^^^^^^^
(Worker_DP1_TP0_EP2 pid=395294) ERROR 07-28 09:54:36 [multiproc_executor.py:1007]   File "/usr/local/lib/python3.11/site-packages/torch/utils/_contextlib.py", line 124, in decorate_context
(Worker_DP1_TP0_EP2 pid=395294) ERROR 07-28 09:54:36 [multiproc_executor.py:1007]     return func(*args, **kwargs)
(Worker_DP1_TP0_EP2 pid=395294) ERROR 07-28 09:54:36 [multiproc_executor.py:1007]            ^^^^^^^^^^^^^^^^^^^^^
(Worker_DP1_TP0_EP2 pid=395294) ERROR 07-28 09:54:36 [multiproc_executor.py:1007]   File "/home/l00838859/cann/my-project/vllm-ascend/vllm_ascend/worker/model_runner_v1.py", line 2346, in execute_model
(Worker_DP1_TP0_EP2 pid=395294) ERROR 07-28 09:54:36 [multiproc_executor.py:1007]     hidden_states = self._model_forward(
(Worker_DP1_TP0_EP2 pid=395294) ERROR 07-28 09:54:36 [multiproc_executor.py:1007]                     ^^^^^^^^^^^^^^^^^^^^
(Worker_DP1_TP0_EP2 pid=395294) ERROR 07-28 09:54:36 [multiproc_executor.py:1007]   File "/home/l00838859/cann/my-project/vllm-ascend/vllm_ascend/worker/model_runner_v1.py", line 2915, in _model_forward
(Worker_DP1_TP0_EP2 pid=395294) ERROR 07-28 09:54:36 [multiproc_executor.py:1007]     hidden_states = run_model()
(Worker_DP1_TP0_EP2 pid=395294) ERROR 07-28 09:54:36 [multiproc_executor.py:1007]                     ^^^^^^^^^^^
(Worker_DP1_TP0_EP2 pid=395294) ERROR 07-28 09:54:36 [multiproc_executor.py:1007]   File "/home/l00838859/cann/my-project/vllm-ascend/vllm_ascend/compilation/acl_graph.py", line 281, in __call__
(Worker_DP1_TP0_EP2 pid=395294) ERROR 07-28 09:54:36 [multiproc_executor.py:1007]     torch.npu.current_stream().synchronize()
(Worker_DP1_TP0_EP2 pid=395294) ERROR 07-28 09:54:36 [multiproc_executor.py:1007]   File "/usr/local/lib/python3.11/site-packages/torch_npu/npu/streams.py", line 85, in synchronize
(Worker_DP1_TP0_EP2 pid=395294) ERROR 07-28 09:54:36 [multiproc_executor.py:1007]     super(Stream, self).synchronize()
(Worker_DP1_TP0_EP2 pid=395294) ERROR 07-28 09:54:36 [multiproc_executor.py:1007] RuntimeError: synchronize:../torch_npu/csrc/core/npu/NPUStream.cpp:361 NPU function error: c10_npu::acl::AclrtSynchronizeStreamWithTimeout(stream()), error code is 507011
(Worker_DP1_TP0_EP2 pid=395294) ERROR 07-28 09:54:36 [multiproc_executor.py:1007] [ERROR] 2026-07-28-09:54:36 (PID:395294, Device:2, RankID:-1) ERR00100 PTA call acl api failed
(Worker_DP1_TP0_EP2 pid=395294) ERROR 07-28 09:54:36 [multiproc_executor.py:1007] [Error]: Model execution failed. 
(Worker_DP1_TP0_EP2 pid=395294) ERROR 07-28 09:54:36 [multiproc_executor.py:1007]         Rectify the fault based on the error information in the ascend log.
(Worker_DP1_TP0_EP2 pid=395294) ERROR 07-28 09:54:36 [multiproc_executor.py:1007] EE9999: Inner Error!
(Worker_DP1_TP0_EP2 pid=395294) ERROR 07-28 09:54:36 [multiproc_executor.py:1007] EE9999[PID: 395294] 2026-07-28-09:54:36.648.025 (EE9999):  rtStreamSynchronizeWithTimeout execution failed, reason=the model stream execute failed[FUNC:FuncErrorReason][FILE:error_message_manage.cc][LINE:65]
(Worker_DP1_TP0_EP2 pid=395294) ERROR 07-28 09:54:36 [multiproc_executor.py:1007]         TraceBack (most recent call last):
(Worker_DP1_TP0_EP2 pid=395294) ERROR 07-28 09:54:36 [multiproc_executor.py:1007]        synchronize stream with timeout failed, runtime result = 507011[FUNC:ReportCallError][FILE:log_inner.cpp][LINE:148]
(Worker_DP1_TP0_EP2 pid=395294) ERROR 07-28 09:54:36 [multiproc_executor.py:1007] 
(Worker_DP1_TP0_EP2 pid=395294) ERROR 07-28 09:54:36 [multiproc_executor.py:1007] 
(EngineCore_DP4 pid=394824) INFO 07-28 09:54:36 [multiproc_executor.py:429] [shutdown] Executor: waiting for worker exit count=2
(Worker_DP4_TP0_EP8 pid=395298) INFO 07-28 09:54:36 [multiproc_executor.py:793] Parent process exited, terminating worker queues
(EngineCore_DP1 pid=394832) ERROR 07-28 09:54:36 [dump_input.py:72] Dumping input data for V1 LLM engine (v0.1.dev18654+g54503ecec) with config: model='/mnt/weights/DeepSeek-V3.1-Terminus-w8a8-QuaRot-lfs', speculative_config=SpeculativeConfig(method='mtp', model='/mnt/weights/DeepSeek-V3.1-Terminus-w8a8-QuaRot-lfs', num_spec_tokens=2), tokenizer='/mnt/weights/DeepSeek-V3.1-Terminus-w8a8-QuaRot-lfs', skip_tokenizer_init=False, tokenizer_mode=auto, revision=None, tokenizer_revision=None, trust_remote_code=True, dtype=torch.bfloat16, max_seq_len=4096, download_dir=None, load_format=auto, tensor_parallel_size=2, pipeline_parallel_size=1, data_parallel_size=8, decode_context_parallel_size=1, dcp_comm_backend=ag_rs, disable_custom_all_reduce=True, quantization=ascend, quantization_config=None, enforce_eager=False, enable_return_routed_experts=False, kv_cache_dtype=auto, device_config=npu, structured_outputs_config=StructuredOutputsConfig(backend='auto', disable_any_whitespace=False, disable_additional_properties=False, reasoning_parser='', reasoning_parser_plugin='', enable_in_reasoning=False), observability_config=ObservabilityConfig(show_hidden_metrics_for_version=None, otlp_traces_endpoint=None, collect_detailed_traces=None, kv_cache_metrics=False, kv_cache_metrics_sample=0.01, cudagraph_metrics=False, enable_layerwise_nvtx_tracing=False, enable_mfu_metrics=False, enable_mm_processor_stats=False, enable_logging_iteration_details=False, jit_monitor_mode='warn', jit_monitor_verbose=False), seed=1024, served_model_name=/mnt/weights/DeepSeek-V3.1-Terminus-w8a8-QuaRot-lfs, enable_prefix_caching=False, enable_chunked_prefill=True, pooler_config=None, compilation_config={'mode': <CompilationMode.VLLM_COMPILE: 3>, 'debug_dump_path': PosixPath('/home/l00838859/cann/vllm-runner/fx-graph'), 'cache_dir': '', 'compile_cache_save_format': 'binary', 'backend': 'vllm_ascend.compilation.compiler_interface.AscendCompiler', 'custom_ops': ['all'], 'ir_enable_torch_wrap': False, 'splitting_ops': [], 'compile_mm_encoder': False, 'cudagraph_mm_encoder': False, 'encoder_cudagraph_token_budgets': [], 'encoder_cudagraph_max_vision_items_per_batch': 0, 'encoder_cudagraph_max_frames_per_batch': None, 'compile_sizes': [], 'compile_ranges_endpoints': [256], 'inductor_compile_config': {'enable_auto_functionalized_v2': False, 'size_asserts': False, 'alignment_asserts': False, 'scalar_asserts': False, 'combo_kernels': True, 'benchmark_combo_kernel': True}, 'inductor_passes': {}, 'cudagraph_mode': <CUDAGraphMode.FULL_DECODE_ONLY: (2, 0)>, 'cudagraph_num_of_warmups': 1, 'cudagraph_capture_sizes': [3, 48], 'cudagraph_copy_inputs': False, 'cudagraph_specialize_lora': True, 'use_inductor_graph_partition': False, 'pass_config': {'fuse_norm_quant': True, 'fuse_act_quant': True, 'fuse_attn_quant': False, 'enable_sp': False, 'fuse_gemm_comms': False, 'fuse_allreduce_rms': False, 'fuse_rope_kvcache_cat_mla': False, 'fuse_act_padding': False}, 'max_cudagraph_capture_size': 48, 'dynamic_shapes_config': {'type': <DynamicShapesType.BACKED: 'backed'>, 'evaluate_guards': False, 'assume_32_bit_indexing': False}, 'local_cache_dir': None, 'fast_moe_cold_start': False, 'static_all_moe_layers': []}, kernel_config=KernelConfig(ir_op_priority=IrOpPriorityConfig(rms_norm=['native'], fused_add_rms_norm=['native']), enable_flashinfer_autotune=True, enable_cutedsl_warmup=True, moe_backend='auto', linear_backend='auto'), 
(EngineCore_DP1 pid=394832) ERROR 07-28 09:54:36 [dump_input.py:79] Dumping scheduler output for model execution: SchedulerOutput(scheduled_new_reqs=[], scheduled_cached_reqs=CachedRequestData(req_ids=['0-bf1b5b35'],resumed_req_ids=set(),new_token_ids_lens=[],all_token_ids_lens={},new_block_ids=[None],num_computed_tokens=[2],num_output_tokens=[1]), num_scheduled_tokens={0-bf1b5b35: 3}, total_num_scheduled_tokens=3, scheduled_spec_decode_tokens={0-bf1b5b35: [-1, -1]}, scheduled_encoder_inputs={}, num_common_prefix_blocks=[0], finished_req_ids=[], free_encoder_mm_hashes=[], preempted_req_ids=[], has_structured_output_requests=false, pending_structured_output_tokens=false, num_invalid_spec_tokens=null, kv_connector_metadata=null, ec_connector_metadata=null, new_block_ids_to_zero=null, num_spec_tokens_to_schedule=2)
(EngineCore_DP1 pid=394832) ERROR 07-28 09:54:36 [dump_input.py:81] Dumping scheduler stats: SchedulerStats(num_running_reqs=1, num_waiting_reqs=0, num_skipped_waiting_reqs=0, step_counter=0, current_wave=0, kv_cache_usage=0.01666666666666672, prefix_cache_stats=PrefixCacheStats(reset=False, requests=0, queries=0, hits=0, preempted_requests=0, preempted_queries=0, preempted_hits=0), connector_prefix_cache_stats=None, kv_cache_eviction_events=[], spec_decoding_stats=None, kv_connector_stats=None, waiting_lora_adapters={}, running_lora_adapters={}, cudagraph_stats=None, perf_stats=None)
(EngineCore_DP1 pid=394832) ERROR 07-28 09:54:36 [core.py:1233] EngineCore encountered a fatal error.
(EngineCore_DP1 pid=394832) ERROR 07-28 09:54:36 [core.py:1233] Traceback (most recent call last):
(EngineCore_DP1 pid=394832) ERROR 07-28 09:54:36 [core.py:1233]   File "/home/l00838859/cann/my-project/vllm/vllm/v1/engine/core.py", line 1224, in run_engine_core
(EngineCore_DP1 pid=394832) ERROR 07-28 09:54:36 [core.py:1233]     engine_core.run_busy_loop()
(EngineCore_DP1 pid=394832) ERROR 07-28 09:54:36 [core.py:1233]   File "/home/l00838859/cann/my-project/vllm/vllm/v1/engine/core.py", line 1943, in run_busy_loop
(EngineCore_DP1 pid=394832) ERROR 07-28 09:54:36 [core.py:1233]     executed = self._process_engine_step()
(EngineCore_DP1 pid=394832) ERROR 07-28 09:54:36 [core.py:1233]                ^^^^^^^^^^^^^^^^^^^^^^^^^^^
(EngineCore_DP1 pid=394832) ERROR 07-28 09:54:36 [core.py:1233]   File "/home/l00838859/cann/my-project/vllm/vllm/v1/engine/core.py", line 1304, in _process_engine_step
(EngineCore_DP1 pid=394832) ERROR 07-28 09:54:36 [core.py:1233]     outputs, model_executed = self.step_fn()
(EngineCore_DP1 pid=394832) ERROR 07-28 09:54:36 [core.py:1233]                               ^^^^^^^^^^^^^^
(EngineCore_DP1 pid=394832) ERROR 07-28 09:54:36 [core.py:1233]   File "/home/l00838859/cann/my-project/vllm/vllm/v1/engine/core.py", line 595, in step_with_batch_queue
(EngineCore_DP1 pid=394832) ERROR 07-28 09:54:36 [core.py:1233]     model_output = future.result()
(EngineCore_DP1 pid=394832) ERROR 07-28 09:54:36 [core.py:1233]                    ^^^^^^^^^^^^^^^
(EngineCore_DP1 pid=394832) ERROR 07-28 09:54:36 [core.py:1233]   File "/home/l00838859/cann/my-project/vllm/vllm/v1/executor/multiproc_executor.py", line 91, in result
(EngineCore_DP1 pid=394832) ERROR 07-28 09:54:36 [core.py:1233]     return super().result()
(EngineCore_DP1 pid=394832) ERROR 07-28 09:54:36 [core.py:1233]            ^^^^^^^^^^^^^^^^
(EngineCore_DP1 pid=394832) ERROR 07-28 09:54:36 [core.py:1233]   File "/usr/local/lib/python3.11/concurrent/futures/_base.py", line 449, in result
(EngineCore_DP1 pid=394832) ERROR 07-28 09:54:36 [core.py:1233]     return self.__get_result()
(EngineCore_DP1 pid=394832) ERROR 07-28 09:54:36 [core.py:1233]            ^^^^^^^^^^^^^^^^^^^
(EngineCore_DP1 pid=394832) ERROR 07-28 09:54:36 [core.py:1233]   File "/usr/local/lib/python3.11/concurrent/futures/_base.py", line 401, in __get_result
(EngineCore_DP1 pid=394832) ERROR 07-28 09:54:36 [core.py:1233]     raise self._exception
(EngineCore_DP1 pid=394832) ERROR 07-28 09:54:36 [core.py:1233]   File "/home/l00838859/cann/my-project/vllm/vllm/v1/executor/multiproc_executor.py", line 95, in _wait_for_response
(EngineCore_DP1 pid=394832) ERROR 07-28 09:54:36 [core.py:1233]     response = self.aggregate(self.get_response())
(EngineCore_DP1 pid=394832) ERROR 07-28 09:54:36 [core.py:1233]                               ^^^^^^^^^^^^^^^^^^^
(EngineCore_DP1 pid=394832) ERROR 07-28 09:54:36 [core.py:1233]   File "/home/l00838859/cann/my-project/vllm/vllm/v1/executor/multiproc_executor.py", line 394, in get_response
(EngineCore_DP1 pid=394832) ERROR 07-28 09:54:36 [core.py:1233]     raise RuntimeError(
(EngineCore_DP1 pid=394832) ERROR 07-28 09:54:36 [core.py:1233] RuntimeError: Worker failed with error 'synchronize:../torch_npu/csrc/core/npu/NPUEvent.cpp:212 NPU function error: aclrtSynchronizeEvent(event_), error code is 507011
(EngineCore_DP1 pid=394832) ERROR 07-28 09:54:36 [core.py:1233] [ERROR] 2026-07-28-09:54:36 (PID:395294, Device:2, RankID:-1) ERR00100 PTA call acl api failed
(EngineCore_DP1 pid=394832) ERROR 07-28 09:54:36 [core.py:1233] [Error]: Model execution failed. 
(EngineCore_DP1 pid=394832) ERROR 07-28 09:54:36 [core.py:1233]         Rectify the fault based on the error information in the ascend log.
(EngineCore_DP1 pid=394832) ERROR 07-28 09:54:36 [core.py:1233] [PID: 395294] 2026-07-28-09:54:36.647.515 Execution_Error_SDMA(EI0012): SDMA memory copy task exception occurred. Remote rank: [0]. Base information: [streamID:[85], taskID[1], taskType[Task AIV], tag[], AlgType(level 0-1-2):[ring-ring-ring].]. Task information: [cmdType:[6], tag:[1], size:[688128], numBlocks:[8], rankSize:[2], aivRdmaStep:[-1], flagMem:[0x130f61a00000], isOpbase:[0]
(EngineCore_DP1 pid=394832) ERROR 07-28 09:54:36 [core.py:1233] there are 6 abnormal device(s), only the first 3 devices are listed:
(EngineCore_DP1 pid=394832) ERROR 07-28 09:54:36 [core.py:1233] 	[TaskExecStage][HeartbeatAbnormal]Cluster Exception Location[IP/ID]:[10.10.1.44/1], Arrival Time:[Tue Jul 28 09:52:57 2026], ExceptionType:[Stuck Occurred], Possible Reason:1.Host process is stuck, 2.Device task is stuck
(EngineCore_DP1 pid=394832) ERROR 07-28 09:54:36 [core.py:1233] 	[TaskExecStage][HeartbeatAbnormal]Cluster Exception Location[IP/ID]:[10.10.1.44/0], Arrival Time:[Tue Jul 28 09:52:57 2026], ExceptionType:[Stuck Occurred], Possible Reason:1.Host process is stuck, 2.Device task is stuck
(EngineCore_DP1 pid=394832) ERROR 07-28 09:54:36 [core.py:1233] 	[TaskExecStage][HeartbeatAbnormal]Cluster Exception Location[IP/ID]:[10.10.1.44/2], Arrival Time:[Tue Jul 28 09:52:57 2026], ExceptionType:[Stuck Occurred], Possible Reason:1.Host process is stuck, 2.Device task is stuck
(EngineCore_DP1 pid=394832) ERROR 07-28 09:54:36 [core.py:1233] ]. Communicator information: [].
(EngineCore_DP1 pid=394832) ERROR 07-28 09:54:36 [core.py:1233]         Possible Cause: 1. Network connection exception occurred during the SDMA task execution. 2. The peer process exits abnormally. 3. The input or output memory address is not allocated, the actual allocated size is smaller than the input data size, or the memory is freed before the operator execution is complete.
(EngineCore_DP1 pid=394832) ERROR 07-28 09:54:36 [core.py:1233]         Solution: 1. Check whether the network link is abnormal during the execution. 2. Check whether a process in the cluster exits before an error is reported. If yes, locate the cause of the process exit. 3. Check whether the size of the input/output memory passed to the communication operator meets the expectation, and whether the input/output memory or communicator is freed or destroyed before the operator execution is complete.
(EngineCore_DP1 pid=394832) ERROR 07-28 09:54:36 [core.py:1233]         TraceBack (most recent call last):
(EngineCore_DP1 pid=394832) ERROR 07-28 09:54:36 [core.py:1233]         The error from device(chipId:1, dieId:0), serial number is 30, there is an exception of aivec error, core id is 22, error code = 0, dump info: pc start: 0x12c0de87ba0c, current: 0x12c0de89db44, vec error info: 0xad00000cfe, mte error info: 0xe2030003f7, ifu error info: 0x20003c0104800, ccu error info: 0x13c879806880003f, cube error info: 0, biu error info: 0, aic error mask: 0x6500020bd00028c, para base: 0x12c142758000.[FUNC:PrintCoreInfo][FILE:device_error_core_proc.cc][LINE:645]
(EngineCore_DP1 pid=394832) ERROR 07-28 09:54:36 [core.py:1233]         The extend info: errcode:(0, 0, 0) errorStr: timeout or trap error. fixp_error0 info: 0x30003f7, fixp_error1 info: 0xe2, fsmId:0, tslot:6, thread:0, ctxid:0, blk:3, sublk:0, subErrType:4.[FUNC:PrintCoreInfo][FILE:device_error_core_proc.cc][LINE:658]
(EngineCore_DP1 pid=394832) ERROR 07-28 09:54:36 [core.py:1233]         The error from device(chipId:1, dieId:0), serial number is 30, there is an exception of aivec error, core id is 25, error code = 0, dump info: pc start: 0x12c0de87ba0c, current: 0x12c0de89db44, vec error info: 0xad00000cfe, mte error info: 0xe2030004f7, ifu error info: 0x217ffbe014040, ccu error info: 0xc68b23fd6880003f, cube error info: 0, biu error info: 0, aic error mask: 0x6500020bd00028c, para base: 0x12c142758000.[FUNC:PrintCoreInfo][FILE:device_error_core_proc.cc][LINE:645]
(EngineCore_DP1 pid=394832) ERROR 07-28 09:54:36 [core.py:1233]         The extend info: errcode:(0, 0, 0) errorStr: timeout or trap error. fixp_error0 info: 0x30004f7, fixp_error1 info: 0xe2, fsmId:0, tslot:6, thread:0, ctxid:0, blk:6, sublk:0, subErrType:4.[FUNC:PrintCoreInfo][FILE:device_error_core_proc.cc][LINE:658]
(EngineCore_DP1 pid=394832) ERROR 07-28 09:54:36 [core.py:1233]         The error from device(chipId:1, dieId:0), serial number is 30, there is an exception of aivec error, core id is 26, error code = 0, dump info: pc start: 0x12c0de87ba0c, current: 0x12c0de89db44, vec error info: 0xad00000cfe, mte error info: 0xe2030003f7, ifu error info: 0x217ffbe014040, ccu error info: 0x37eb69876880003f, cube error info: 0, biu error info: 0, aic error mask: 0x6500020bd00028c, para base: 0x12c142758000.[FUNC:PrintCoreInfo][FILE:device_error_core_proc.cc][LINE:645]
(EngineCore_DP1 pid=394832) ERROR 07-28 09:54:36 [core.py:1233]         The extend info: errcode:(0, 0, 0) errorStr: timeout or trap error. fixp_error0 info: 0x30003f7, fixp_error1 info: 0xe2, fsmId:0, tslot:6, thread:0, ctxid:0, blk:7, sublk:0, subErrType:4.[FUNC:PrintCoreInfo][FILE:device_error_core_proc.cc][LINE:658]
(EngineCore_DP1 pid=394832) ERROR 07-28 09:54:36 [core.py:1233]         The error from device(chipId:1, dieId:0), serial number is 30, there is an exception of aivec error, core id is 19, error code = 0, dump info: pc start: 0x12c0de87ba0c, current: 0x12c0de884c50, vec error info: 0xad00000cfe, mte error info: 0xe2030002f7, ifu error info: 0x217ffbe014040, ccu error info: 0x65b321ef6880003f, cube error info: 0, biu error info: 0, aic error mask: 0x6500020bd00028c, para base: 0x12c142758000.[FUNC:PrintCoreInfo][FILE:device_error_core_proc.cc][LINE:645]
(EngineCore_DP1 pid=394832) ERROR 07-28 09:54:36 [core.py:1233]         The extend info: errcode:(0, 0, 0) errorStr: timeout or trap error. fixp_error0 info: 0x30002f7, fixp_error1 info: 0xe2, fsmId:1, tslot:6, thread:0, ctxid:0, blk:0, sublk:0, subErrType:4.[FUNC:PrintCoreInfo][FILE:device_error_core_proc.cc][LINE:658]
(EngineCore_DP1 pid=394832) ERROR 07-28 09:54:36 [core.py:1233]         The error from device(chipId:1, dieId:0), serial number is 30, there is an exception of aivec error, core id is 20, error code = 0, dump info: pc start: 0x12c0de87ba0c, current: 0x12c0de89db44, vec error info: 0xad00000cfe, mte error info: 0xe2030000f7, ifu error info: 0x20001bdc5c500, ccu error info: 0x6220e016680003f, cube error info: 0, biu error info: 0, aic error mask: 0x6500020bd00028c, para base: 0x12c142758000.[FUNC:PrintCoreInfo][FILE:device_error_core_proc.cc][LINE:645]
(EngineCore_DP1 pid=394832) ERROR 07-28 09:54:36 [core.py:1233]         The extend info: errcode:(0, 0, 0) errorStr: timeout or trap error. fixp_error0 info: 0x30000f7, fixp_error1 info: 0xe2, fsmId:1, tslot:6, thread:0, ctxid:0, blk:1, sublk:0, subErrType:4.[FUNC:PrintCoreInfo][FILE:device_error_core_proc.cc][LINE:658]
(EngineCore_DP1 pid=394832) ERROR 07-28 09:54:36 [core.py:1233]         The error from device(chipId:1, dieId:0), serial number is 30, there is an exception of aivec error, core id is 21, error code = 0, dump info: pc start: 0x12c0de87ba0c, current: 0x12c0de89db44, vec error info: 0xad00000cfe, mte error info: 0xe2030000f7, ifu error info: 0x20003c02047c0, ccu error info: 0x3f0beb136680003f, cube error info: 0, biu error info: 0, aic error mask: 0x6500020bd00028c, para base: 0x12c142758000.[FUNC:PrintCoreInfo][FILE:device_error_core_proc.cc][LINE:645]
(EngineCore_DP1 pid=394832) ERROR 07-28 09:54:36 [core.py:1233]         The extend info: errcode:(0, 0, 0) errorStr: timeout or trap error. fixp_error0 info: 0x30000f7, fixp_error1 info: 0xe2, fsmId:1, tslot:6, thread:0, ctxid:0, blk:2, sublk:0, subErrType:4.[FUNC:PrintCoreInfo][FILE:device_error_core_proc.cc][LINE:658]
(EngineCore_DP1 pid=394832) ERROR 07-28 09:54:36 [core.py:1233]         The error from device(chipId:1, dieId:0), serial number is 30, there is an exception of aivec error, core id is 23, error code = 0, dump info: pc start: 0x12c0de87ba0c, current: 0x12c0de89db44, vec error info: 0xad00000cfe, mte error info: 0xe2030002f7, ifu error info: 0x20003c00c5800, ccu error info: 0x23ae03506880003f, cube error info: 0, biu error info: 0, aic error mask: 0x6500020bd00028c, para base: 0x12c142758000.[FUNC:PrintCoreInfo][FILE:device_error_core_proc.cc][LINE:645]
(EngineCore_DP1 pid=394832) ERROR 07-28 09:54:36 [core.py:1233]         The extend info: errcode:(0, 0, 0) errorStr: timeout or trap error. fixp_error0 info: 0x30002f7, fixp_error1 info: 0xe2, fsmId:1, tslot:6, thread:0, ctxid:0, blk:4, sublk:0, subErrType:4.[FUNC:PrintCoreInfo][FILE:device_error_core_proc.cc][LINE:658]
(EngineCore_DP1 pid=394832) ERROR 07-28 09:54:36 [core.py:1233]         The error from device(chipId:1, dieId:0), serial number is 30, there is an exception of aivec error, core id is 24, error code = 0, dump info: pc start: 0x12c0de87ba0c, current: 0x12c0de89db44, vec error info: 0xad00000cfe, mte error info: 0xe2030001f7, ifu error info: 0x20001bdc5ce00, ccu error info: 0x4f532c846880003f, cube error info: 0, biu error info: 0, aic error mask: 0x6500020bd00028c, para base: 0x12c142758000.[FUNC:PrintCoreInfo][FILE:device_error_core_proc.cc][LINE:645]
(EngineCore_DP1 pid=394832) ERROR 07-28 09:54:36 [core.py:1233]         The extend info: errcode:(0, 0, 0) errorStr: timeout or trap error. fixp_error0 info: 0x30001f7, fixp_error1 info: 0xe2, fsmId:1, tslot:6, thread:0, ctxid:0, blk:5, sublk:0, subErrType:4.[FUNC:PrintCoreInfo][FILE:device_error_core_proc.cc][LINE:658]
(EngineCore_DP1 pid=394832) ERROR 07-28 09:54:36 [core.py:1233]         SDMA memory copy task exception occurred. Remote rank: [0]. Base information: [streamID:[85], taskID[1], taskType[Task AIV], tag[], AlgType(level 0-1-2):[ring-ring-ring].]. Task information: [cmdType:[6], tag:[1], size:[688128], numBlocks:[8], rankSize:[2], aivRdmaStep:[-1], flagMem:[0x130f61a00000], isOpbase:[0]
(EngineCore_DP1 pid=394832) ERROR 07-28 09:54:36 [core.py:1233] there are 6 abnormal device(s), only the first 3 devices are listed:
(EngineCore_DP1 pid=394832) ERROR 07-28 09:54:36 [core.py:1233] 	[TaskExecStage][HeartbeatAbnormal]Cluster Exception Location[IP/ID]:[10.10.1.44/1], Arrival Time:[Tue Jul 28 09:52:57 2026], ExceptionType:[Stuck Occurred], Possible Reason:1.Host process is stuck, 2.Device task is stuck
(EngineCore_DP1 pid=394832) ERROR 07-28 09:54:36 [core.py:1233] 	[TaskExecStage][HeartbeatAbnormal]Cluster Exception Location[IP/ID]:[10.10.1.44/0], Arrival Time:[Tue Jul 28 09:52:57 2026], ExceptionType:[Stuck Occurred], Possible Reason:1.Host process is stuck, 2.Device task is stuck
(EngineCore_DP1 pid=394832) ERROR 07-28 09:54:36 [core.py:1233] 	[TaskExecStage][HeartbeatAbnormal]Cluster Exception Location[IP/ID]:[10.10.1.44/2], Arrival Time:[Tue Jul 28 09:52:57 2026], ExceptionType:[Stuck Occurred], Possible Reason:1.Host process is stuck, 2.Device task is stuck
(EngineCore_DP1 pid=394832) ERROR 07-28 09:54:36 [core.py:1233] ]. Communicator information: [].
(EngineCore_DP1 pid=394832) ERROR 07-28 09:54:36 [core.py:1233]         rtEventSynchronize execution failed, reason=the model stream execute failed[FUNC:FuncErrorReason][FILE:error_message_manage.cc][LINE:65]
(EngineCore_DP1 pid=394832) ERROR 07-28 09:54:36 [core.py:1233]         wait event to be complete failed, runtime result = 507011[FUNC:ReportCallError][FILE:log_inner.cpp][LINE:148]
(EngineCore_DP1 pid=394832) ERROR 07-28 09:54:36 [core.py:1233] ', please check the stack trace above for the root cause
(Worker_DP1_TP0_EP2 pid=395294) INFO 07-28 09:54:36 [multiproc_executor.py:793] Parent process exited, terminating worker queues
(EngineCore_DP1 pid=394832) INFO 07-28 09:54:36 [multiproc_executor.py:429] [shutdown] Executor: waiting for worker exit count=2
(Worker_DP2_TP0_EP4 pid=395296) Process VllmWorker-0:
(Worker_DP5_TP1_EP11 pid=395704) Process VllmWorker-1:
(Worker_DP2_TP0_EP4 pid=395296) Traceback (most recent call last):
(Worker_DP2_TP0_EP4 pid=395296)   File "/usr/local/lib/python3.11/multiprocessing/process.py", line 314, in _bootstrap
(Worker_DP2_TP0_EP4 pid=395296)     self.run()
(Worker_DP2_TP0_EP4 pid=395296)   File "/usr/local/lib/python3.11/multiprocessing/process.py", line 108, in run
(Worker_DP2_TP0_EP4 pid=395296)     self._target(*self._args, **self._kwargs)
(Worker_DP2_TP0_EP4 pid=395296)   File "/home/l00838859/cann/my-project/vllm/vllm/v1/executor/multiproc_executor.py", line 933, in worker_main
(Worker_DP2_TP0_EP4 pid=395296)     worker.shutdown()
(Worker_DP2_TP0_EP4 pid=395296)   File "/home/l00838859/cann/my-project/vllm/vllm/v1/executor/multiproc_executor.py", line 778, in shutdown
(Worker_DP2_TP0_EP4 pid=395296)     self.worker.shutdown()
(Worker_DP2_TP0_EP4 pid=395296)   File "/home/l00838859/cann/my-project/vllm/vllm/v1/worker/worker_base.py", line 220, in shutdown
(Worker_DP2_TP0_EP4 pid=395296)     self.worker.shutdown()
(Worker_DP2_TP0_EP4 pid=395296)   File "/home/l00838859/cann/my-project/vllm-ascend/vllm_ascend/worker/worker.py", line 387, in shutdown
(Worker_DP2_TP0_EP4 pid=395296)     shutdown_fn()
(Worker_DP2_TP0_EP4 pid=395296)   File "/home/l00838859/cann/my-project/vllm/vllm/v1/worker/gpu_model_runner.py", line 6447, in shutdown
(Worker_DP2_TP0_EP4 pid=395296)     self._cleanup_profiling_kv_cache()
(Worker_DP2_TP0_EP4 pid=395296)   File "/home/l00838859/cann/my-project/vllm/vllm/v1/worker/gpu_model_runner.py", line 6465, in _cleanup_profiling_kv_cache
(Worker_DP2_TP0_EP4 pid=395296)     torch.accelerator.synchronize()
(Worker_DP2_TP0_EP4 pid=395296)   File "/usr/local/lib/python3.11/site-packages/torch/accelerator/__init__.py", line 262, in synchronize
(Worker_DP2_TP0_EP4 pid=395296)     torch._C._accelerator_synchronizeDevice(device_index)
(Worker_DP2_TP0_EP4 pid=395296) RuntimeError: npuSynchronizeDevice:../torch_npu/csrc/core/npu/NPUStream.cpp:576 NPU function error: AclrtSynchronizeDeviceWithTimeout, error code is 507011
(Worker_DP2_TP0_EP4 pid=395296) [ERROR] 2026-07-28-09:54:36 (PID:395296, Device:4, RankID:-1) ERR00100 PTA call acl api failed
(Worker_DP2_TP0_EP4 pid=395296) [Error]: Model execution failed. 
(Worker_DP2_TP0_EP4 pid=395296)         Rectify the fault based on the error information in the ascend log.
(Worker_DP2_TP0_EP4 pid=395296) EE9999: Inner Error!
(Worker_DP2_TP0_EP4 pid=395296) EE9999[PID: 395296] 2026-07-28-09:54:36.655.782 (EE9999):  rtDeviceSynchronizeWithTimeout execution failed, reason=the model stream execute failed[FUNC:FuncErrorReason][FILE:error_message_manage.cc][LINE:65]
(Worker_DP2_TP0_EP4 pid=395296)         TraceBack (most recent call last):
(Worker_DP2_TP0_EP4 pid=395296)        wait for compute device to finish failed, runtime result = 507011.[FUNC:ReportCallError][FILE:log_inner.cpp][LINE:148]
(Worker_DP2_TP0_EP4 pid=395296) 
(Worker_DP5_TP1_EP11 pid=395704) Traceback (most recent call last):
(Worker_DP5_TP1_EP11 pid=395704)   File "/usr/local/lib/python3.11/multiprocessing/process.py", line 314, in _bootstrap
(Worker_DP5_TP1_EP11 pid=395704)     self.run()
(Worker_DP5_TP1_EP11 pid=395704)   File "/usr/local/lib/python3.11/multiprocessing/process.py", line 108, in run
(Worker_DP5_TP1_EP11 pid=395704)     self._target(*self._args, **self._kwargs)
(Worker_DP5_TP1_EP11 pid=395704)   File "/home/l00838859/cann/my-project/vllm/vllm/v1/executor/multiproc_executor.py", line 933, in worker_main
(Worker_DP5_TP1_EP11 pid=395704)     worker.shutdown()
(Worker_DP5_TP1_EP11 pid=395704)   File "/home/l00838859/cann/my-project/vllm/vllm/v1/executor/multiproc_executor.py", line 778, in shutdown
(Worker_DP5_TP1_EP11 pid=395704)     self.worker.shutdown()
(Worker_DP5_TP1_EP11 pid=395704)   File "/home/l00838859/cann/my-project/vllm/vllm/v1/worker/worker_base.py", line 220, in shutdown
(Worker_DP5_TP1_EP11 pid=395704)     self.worker.shutdown()
(Worker_DP5_TP1_EP11 pid=395704)   File "/home/l00838859/cann/my-project/vllm-ascend/vllm_ascend/worker/worker.py", line 387, in shutdown
(Worker_DP5_TP1_EP11 pid=395704)     shutdown_fn()
(Worker_DP5_TP1_EP11 pid=395704)   File "/home/l00838859/cann/my-project/vllm/vllm/v1/worker/gpu_model_runner.py", line 6447, in shutdown
(Worker_DP5_TP1_EP11 pid=395704)     self._cleanup_profiling_kv_cache()
(Worker_DP5_TP1_EP11 pid=395704)   File "/home/l00838859/cann/my-project/vllm/vllm/v1/worker/gpu_model_runner.py", line 6465, in _cleanup_profiling_kv_cache
(Worker_DP5_TP1_EP11 pid=395704)     torch.accelerator.synchronize()
(Worker_DP5_TP1_EP11 pid=395704)   File "/usr/local/lib/python3.11/site-packages/torch/accelerator/__init__.py", line 262, in synchronize
(Worker_DP5_TP1_EP11 pid=395704)     torch._C._accelerator_synchronizeDevice(device_index)
(Worker_DP5_TP1_EP11 pid=395704) RuntimeError: The Inner error is reported as above. The process exits for this inner error, and the current working event is 0xaaab1d822690.
(Worker_DP5_TP1_EP11 pid=395704) Since the operator is called asynchronously, the stacktrace may be inaccurate. If you want to get the accurate stacktrace, please set the environment variable ASCEND_LAUNCH_BLOCKING=1.
(Worker_DP5_TP1_EP11 pid=395704) Note: ASCEND_LAUNCH_BLOCKING=1 will force ops to run in synchronous mode, resulting in performance degradation. Please unset ASCEND_LAUNCH_BLOCKING in time after debugging.
(Worker_DP5_TP1_EP11 pid=395704) [ERROR] 2026-07-28-09:54:36 (PID:395704, Device:11, RankID:-1) ERR00100 PTA call acl api failed.
(Worker_DP5_TP1_EP11 pid=395704) EE9999: Inner Error!
(Worker_DP5_TP1_EP11 pid=395704) EE9999[PID: 395704] 2026-07-28-09:54:36.643.288 (EE9999):  Failed to submit record task, retCode=0x7150050.[FUNC:Record][FILE:event.cc][LINE:487]
(Worker_DP5_TP1_EP11 pid=395704)         TraceBack (most recent call last):
(Worker_DP5_TP1_EP11 pid=395704)        rtEventRecord execution failed, reason=the model stream execute failed[FUNC:FuncErrorReason][FILE:error_message_manage.cc][LINE:65]
(Worker_DP5_TP1_EP11 pid=395704)        record event failed, runtime result = 507011[FUNC:ReportCallError][FILE:log_inner.cpp][LINE:148]
(Worker_DP5_TP1_EP11 pid=395704) 
[rank4]:[W728 09:54:38.116967910 NPUStream.cpp:596] Warning: NPU warning, error code is 507011[Error]: 
[Error]: Model execution failed. 
        Rectify the fault based on the error information in the ascend log.
EE9999: Inner Error!
EE9999[PID: 395296] 2026-07-28-09:54:38.203.063 (EE9999):  rtDeviceSynchronizeWithTimeout execution failed, reason=the model stream execute failed[FUNC:FuncErrorReason][FILE:error_message_manage.cc][LINE:65]
        TraceBack (most recent call last):
       wait for compute device to finish failed, runtime result = 507011.[FUNC:ReportCallError][FILE:log_inner.cpp][LINE:148]
 (function npuSynchronizeUsedDevices)
[rank11]:[W728 09:54:38.118108680 NPUStream.cpp:596] Warning: NPU warning, error code is 507011[Error]: 
[Error]: Model execution failed. 
        Rectify the fault based on the error information in the ascend log.
EE9999: Inner Error!
EE9999[PID: 395704] 2026-07-28-09:54:38.204.202 (EE9999):  rtDeviceSynchronizeWithTimeout execution failed, reason=the model stream execute failed[FUNC:FuncErrorReason][FILE:error_message_manage.cc][LINE:65]
        TraceBack (most recent call last):
       wait for compute device to finish failed, runtime result = 507011.[FUNC:ReportCallError][FILE:log_inner.cpp][LINE:148]
 (function npuSynchronizeUsedDevices)
[W728 09:54:38.127410150 NPUStream.cpp:578] Warning: NPU warning, error code is 507011[Error]: 
[Error]: Model execution failed. 
        Rectify the fault based on the error information in the ascend log.
EE9999: Inner Error!
EE9999[PID: 395296] 2026-07-28-09:54:38.213.763 (EE9999):  rtDeviceSynchronizeWithTimeout execution failed, reason=the model stream execute failed[FUNC:FuncErrorReason][FILE:error_message_manage.cc][LINE:65]
        TraceBack (most recent call last):
       wait for compute device to finish failed, runtime result = 507011.[FUNC:ReportCallError][FILE:log_inner.cpp][LINE:148]
 (function npuSynchronizeDevice)
[W728 09:54:38.128051190 NPUStream.cpp:578] Warning: NPU warning, error code is 507011[Error]: 
[Error]: Model execution failed. 
        Rectify the fault based on the error information in the ascend log.
EE9999: Inner Error!
EE9999[PID: 395296] 2026-07-28-09:54:38.214.435 (EE9999):  rtDeviceSynchronizeWithTimeout execution failed, reason=the model stream execute failed[FUNC:FuncErrorReason][FILE:error_message_manage.cc][LINE:65]
        TraceBack (most recent call last):
       wait for compute device to finish failed, runtime result = 507011.[FUNC:ReportCallError][FILE:log_inner.cpp][LINE:148]
 (function npuSynchronizeDevice)
[W728 09:54:38.129210150 NPUStream.cpp:578] Warning: NPU warning, error code is 507011[Error]: 
[Error]: Model execution failed. 
        Rectify the fault based on the error information in the ascend log.
EE9999: Inner Error!
EE9999[PID: 395704] 2026-07-28-09:54:38.215.548 (EE9999):  rtDeviceSynchronizeWithTimeout execution failed, reason=the model stream execute failed[FUNC:FuncErrorReason][FILE:error_message_manage.cc][LINE:65]
        TraceBack (most recent call last):
       wait for compute device to finish failed, runtime result = 507011.[FUNC:ReportCallError][FILE:log_inner.cpp][LINE:148]
 (function npuSynchronizeDevice)
[W728 09:54:38.129783300 NPUStream.cpp:578] Warning: NPU warning, error code is 507011[Error]: 
[Error]: Model execution failed. 
        Rectify the fault based on the error information in the ascend log.
EE9999: Inner Error!
EE9999[PID: 395704] 2026-07-28-09:54:38.216.235 (EE9999):  rtDeviceSynchronizeWithTimeout execution failed, reason=the model stream execute failed[FUNC:FuncErrorReason][FILE:error_message_manage.cc][LINE:65]
        TraceBack (most recent call last):
       wait for compute device to finish failed, runtime result = 507011.[FUNC:ReportCallError][FILE:log_inner.cpp][LINE:148]
 (function npuSynchronizeDevice)
[W728 09:54:38.132404070 NPUStream.cpp:578] Warning: NPU warning, error code is 507011[Error]: 
[Error]: Model execution failed. 
        Rectify the fault based on the error information in the ascend log.
EE9999: Inner Error!
EE9999[PID: 395296] 2026-07-28-09:54:38.218.727 (EE9999):  rtDeviceSynchronizeWithTimeout execution failed, reason=the model stream execute failed[FUNC:FuncErrorReason][FILE:error_message_manage.cc][LINE:65]
        TraceBack (most recent call last):
       wait for compute device to finish failed, runtime result = 507011.[FUNC:ReportCallError][FILE:log_inner.cpp][LINE:148]
 (function npuSynchronizeDevice)
[W728 09:54:38.133650180 NPUStream.cpp:578] Warning: NPU warning, error code is 507011[Error]: 
[Error]: Model execution failed. 
        Rectify the fault based on the error information in the ascend log.
EE9999: Inner Error!
EE9999[PID: 395704] 2026-07-28-09:54:38.220.035 (EE9999):  rtDeviceSynchronizeWithTimeout execution failed, reason=the model stream execute failed[FUNC:FuncErrorReason][FILE:error_message_manage.cc][LINE:65]
        TraceBack (most recent call last):
       wait for compute device to finish failed, runtime result = 507011.[FUNC:ReportCallError][FILE:log_inner.cpp][LINE:148]
 (function npuSynchronizeDevice)
[W728 09:54:38.143927500 NPUStream.cpp:578] Warning: NPU warning, error code is 507011[Error]: 
[Error]: Model execution failed. 
        Rectify the fault based on the error information in the ascend log.
EE9999: Inner Error!
EE9999[PID: 395296] 2026-07-28-09:54:38.230.217 (EE9999):  rtDeviceSynchronizeWithTimeout execution failed, reason=the model stream execute failed[FUNC:FuncErrorReason][FILE:error_message_manage.cc][LINE:65]
        TraceBack (most recent call last):
       wait for compute device to finish failed, runtime result = 507011.[FUNC:ReportCallError][FILE:log_inner.cpp][LINE:148]
 (function npuSynchronizeDevice)
[W728 09:54:38.145777060 NPUStream.cpp:578] Warning: NPU warning, error code is 507011[Error]: 
[Error]: Model execution failed. 
        Rectify the fault based on the error information in the ascend log.
EE9999: Inner Error!
EE9999[PID: 395704] 2026-07-28-09:54:38.232.090 (EE9999):  rtDeviceSynchronizeWithTimeout execution failed, reason=the model stream execute failed[FUNC:FuncErrorReason][FILE:error_message_manage.cc][LINE:65]
        TraceBack (most recent call last):
       wait for compute device to finish failed, runtime result = 507011.[FUNC:ReportCallError][FILE:log_inner.cpp][LINE:148]
 (function npuSynchronizeDevice)
[W728 09:54:38.151418650 NPUStream.cpp:578] Warning: NPU warning, error code is 507011[Error]: 
[Error]: Model execution failed. 
        Rectify the fault based on the error information in the ascend log.
EE9999: Inner Error!
EE9999[PID: 395296] 2026-07-28-09:54:38.237.673 (EE9999):  rtDeviceSynchronizeWithTimeout execution failed, reason=the model stream execute failed[FUNC:FuncErrorReason][FILE:error_message_manage.cc][LINE:65]
        TraceBack (most recent call last):
       wait for compute device to finish failed, runtime result = 507011.[FUNC:ReportCallError][FILE:log_inner.cpp][LINE:148]
 (function npuSynchronizeDevice)
[W728 09:54:38.153058150 NPUStream.cpp:578] Warning: NPU warning, error code is 507011[Error]: 
[Error]: Model execution failed. 
        Rectify the fault based on the error information in the ascend log.
EE9999: Inner Error!
EE9999[PID: 395704] 2026-07-28-09:54:38.239.329 (EE9999):  rtDeviceSynchronizeWithTimeout execution failed, reason=the model stream execute failed[FUNC:FuncErrorReason][FILE:error_message_manage.cc][LINE:65]
        TraceBack (most recent call last):
       wait for compute device to finish failed, runtime result = 507011.[FUNC:ReportCallError][FILE:log_inner.cpp][LINE:148]
 (function npuSynchronizeDevice)
[W728 09:54:38.153137530 NPUStream.cpp:578] Warning: NPU warning, error code is 507011[Error]: 
[Error]: Model execution failed. 
        Rectify the fault based on the error information in the ascend log.
EE9999: Inner Error!
EE9999[PID: 395296] 2026-07-28-09:54:38.239.469 (EE9999):  rtDeviceSynchronizeWithTimeout execution failed, reason=the model stream execute failed[FUNC:FuncErrorReason][FILE:error_message_manage.cc][LINE:65]
        TraceBack (most recent call last):
       wait for compute device to finish failed, runtime result = 507011.[FUNC:ReportCallError][FILE:log_inner.cpp][LINE:148]
 (function npuSynchronizeDevice)
[W728 09:54:38.154783630 NPUStream.cpp:578] Warning: NPU warning, error code is 507011[Error]: 
[Error]: Model execution failed. 
        Rectify the fault based on the error information in the ascend log.
EE9999: Inner Error!
EE9999[PID: 395704] 2026-07-28-09:54:38.241.158 (EE9999):  rtDeviceSynchronizeWithTimeout execution failed, reason=the model stream execute failed[FUNC:FuncErrorReason][FILE:error_message_manage.cc][LINE:65]
        TraceBack (most recent call last):
       wait for compute device to finish failed, runtime result = 507011.[FUNC:ReportCallError][FILE:log_inner.cpp][LINE:148]
 (function npuSynchronizeDevice)
(Worker_DP1_TP1_EP3 pid=395662) Process VllmWorker-1:
(Worker_DP1_TP1_EP3 pid=395662) Traceback (most recent call last):
(Worker_DP1_TP1_EP3 pid=395662)   File "/usr/local/lib/python3.11/multiprocessing/process.py", line 314, in _bootstrap
(Worker_DP1_TP1_EP3 pid=395662)     self.run()
(Worker_DP1_TP1_EP3 pid=395662)   File "/usr/local/lib/python3.11/multiprocessing/process.py", line 108, in run
(Worker_DP1_TP1_EP3 pid=395662)     self._target(*self._args, **self._kwargs)
(Worker_DP1_TP1_EP3 pid=395662)   File "/home/l00838859/cann/my-project/vllm/vllm/v1/executor/multiproc_executor.py", line 933, in worker_main
(Worker_DP1_TP1_EP3 pid=395662)     worker.shutdown()
(Worker_DP1_TP1_EP3 pid=395662)   File "/home/l00838859/cann/my-project/vllm/vllm/v1/executor/multiproc_executor.py", line 778, in shutdown
(Worker_DP1_TP1_EP3 pid=395662)     self.worker.shutdown()
(Worker_DP1_TP1_EP3 pid=395662)   File "/home/l00838859/cann/my-project/vllm/vllm/v1/worker/worker_base.py", line 220, in shutdown
(Worker_DP1_TP1_EP3 pid=395662)     self.worker.shutdown()
(Worker_DP1_TP1_EP3 pid=395662)   File "/home/l00838859/cann/my-project/vllm-ascend/vllm_ascend/worker/worker.py", line 387, in shutdown
(Worker_DP1_TP1_EP3 pid=395662)     shutdown_fn()
(Worker_DP1_TP1_EP3 pid=395662)   File "/home/l00838859/cann/my-project/vllm/vllm/v1/worker/gpu_model_runner.py", line 6447, in shutdown
(Worker_DP1_TP1_EP3 pid=395662)     self._cleanup_profiling_kv_cache()
(Worker_DP1_TP1_EP3 pid=395662)   File "/home/l00838859/cann/my-project/vllm/vllm/v1/worker/gpu_model_runner.py", line 6465, in _cleanup_profiling_kv_cache
(Worker_DP1_TP1_EP3 pid=395662)     torch.accelerator.synchronize()
(Worker_DP1_TP1_EP3 pid=395662)   File "/usr/local/lib/python3.11/site-packages/torch/accelerator/__init__.py", line 262, in synchronize
(Worker_DP1_TP1_EP3 pid=395662)     torch._C._accelerator_synchronizeDevice(device_index)
(Worker_DP1_TP1_EP3 pid=395662) RuntimeError: The Inner error is reported as above. The process exits for this inner error, and the current working event is 0xaaab0d783d90.
(Worker_DP1_TP1_EP3 pid=395662) Since the operator is called asynchronously, the stacktrace may be inaccurate. If you want to get the accurate stacktrace, please set the environment variable ASCEND_LAUNCH_BLOCKING=1.
(Worker_DP1_TP1_EP3 pid=395662) Note: ASCEND_LAUNCH_BLOCKING=1 will force ops to run in synchronous mode, resulting in performance degradation. Please unset ASCEND_LAUNCH_BLOCKING in time after debugging.
(Worker_DP1_TP1_EP3 pid=395662) [ERROR] 2026-07-28-09:54:36 (PID:395662, Device:3, RankID:-1) ERR00100 PTA call acl api failed.
(Worker_DP1_TP1_EP3 pid=395662) EE9999: Inner Error!
(Worker_DP1_TP1_EP3 pid=395662) EE9999[PID: 395662] 2026-07-28-09:54:36.636.311 (EE9999):  Failed to submit record task, retCode=0x7150050.[FUNC:Record][FILE:event.cc][LINE:487]
(Worker_DP1_TP1_EP3 pid=395662)         TraceBack (most recent call last):
(Worker_DP1_TP1_EP3 pid=395662)        rtEventRecord execution failed, reason=the model stream execute failed[FUNC:FuncErrorReason][FILE:error_message_manage.cc][LINE:65]
(Worker_DP1_TP1_EP3 pid=395662)        record event failed, runtime result = 507011[FUNC:ReportCallError][FILE:log_inner.cpp][LINE:148]
(Worker_DP1_TP1_EP3 pid=395662) 
[rank3]:[W728 09:54:38.176836190 NPUStream.cpp:596] Warning: NPU warning, error code is 507011[Error]: 
[Error]: Model execution failed. 
        Rectify the fault based on the error information in the ascend log.
EE9999: Inner Error!
EE9999[PID: 395662] 2026-07-28-09:54:38.262.948 (EE9999):  rtDeviceSynchronizeWithTimeout execution failed, reason=the model stream execute failed[FUNC:FuncErrorReason][FILE:error_message_manage.cc][LINE:65]
        TraceBack (most recent call last):
       wait for compute device to finish failed, runtime result = 507011.[FUNC:ReportCallError][FILE:log_inner.cpp][LINE:148]
 (function npuSynchronizeUsedDevices)
[W728 09:54:38.188229810 NPUStream.cpp:578] Warning: NPU warning, error code is 507011[Error]: 
[Error]: Model execution failed. 
        Rectify the fault based on the error information in the ascend log.
EE9999: Inner Error!
EE9999[PID: 395662] 2026-07-28-09:54:38.274.551 (EE9999):  rtDeviceSynchronizeWithTimeout execution failed, reason=the model stream execute failed[FUNC:FuncErrorReason][FILE:error_message_manage.cc][LINE:65]
        TraceBack (most recent call last):
       wait for compute device to finish failed, runtime result = 507011.[FUNC:ReportCallError][FILE:log_inner.cpp][LINE:148]
 (function npuSynchronizeDevice)
[W728 09:54:38.188951820 NPUStream.cpp:578] Warning: NPU warning, error code is 507011[Error]: 
[Error]: Model execution failed. 
        Rectify the fault based on the error information in the ascend log.
EE9999: Inner Error!
EE9999[PID: 395662] 2026-07-28-09:54:38.275.324 (EE9999):  rtDeviceSynchronizeWithTimeout execution failed, reason=the model stream execute failed[FUNC:FuncErrorReason][FILE:error_message_manage.cc][LINE:65]
        TraceBack (most recent call last):
       wait for compute device to finish failed, runtime result = 507011.[FUNC:ReportCallError][FILE:log_inner.cpp][LINE:148]
 (function npuSynchronizeDevice)
[W728 09:54:38.193204320 NPUStream.cpp:578] Warning: NPU warning, error code is 507011[Error]: 
[Error]: Model execution failed. 
        Rectify the fault based on the error information in the ascend log.
EE9999: Inner Error!
EE9999[PID: 395662] 2026-07-28-09:54:38.279.395 (EE9999):  rtDeviceSynchronizeWithTimeout execution failed, reason=the model stream execute failed[FUNC:FuncErrorReason][FILE:error_message_manage.cc][LINE:65]
        TraceBack (most recent call last):
       wait for compute device to finish failed, runtime result = 507011.[FUNC:ReportCallError][FILE:log_inner.cpp][LINE:148]
 (function npuSynchronizeDevice)
[W728 09:54:38.205642930 NPUStream.cpp:578] Warning: NPU warning, error code is 507011[Error]: 
[Error]: Model execution failed. 
        Rectify the fault based on the error information in the ascend log.
EE9999: Inner Error!
EE9999[PID: 395662] 2026-07-28-09:54:38.291.747 (EE9999):  rtDeviceSynchronizeWithTimeout execution failed, reason=the model stream execute failed[FUNC:FuncErrorReason][FILE:error_message_manage.cc][LINE:65]
        TraceBack (most recent call last):
       wait for compute device to finish failed, runtime result = 507011.[FUNC:ReportCallError][FILE:log_inner.cpp][LINE:148]
 (function npuSynchronizeDevice)
[W728 09:54:38.214259650 NPUStream.cpp:578] Warning: NPU warning, error code is 507011[Error]: 
[Error]: Model execution failed. 
        Rectify the fault based on the error information in the ascend log.
EE9999: Inner Error!
EE9999[PID: 395662] 2026-07-28-09:54:38.300.424 (EE9999):  rtDeviceSynchronizeWithTimeout execution failed, reason=the model stream execute failed[FUNC:FuncErrorReason][FILE:error_message_manage.cc][LINE:65]
        TraceBack (most recent call last):
       wait for compute device to finish failed, runtime result = 507011.[FUNC:ReportCallError][FILE:log_inner.cpp][LINE:148]
 (function npuSynchronizeDevice)
[W728 09:54:38.216584490 NPUStream.cpp:578] Warning: NPU warning, error code is 507011[Error]: 
[Error]: Model execution failed. 
        Rectify the fault based on the error information in the ascend log.
EE9999: Inner Error!
EE9999[PID: 395662] 2026-07-28-09:54:38.302.781 (EE9999):  rtDeviceSynchronizeWithTimeout execution failed, reason=the model stream execute failed[FUNC:FuncErrorReason][FILE:error_message_manage.cc][LINE:65]
        TraceBack (most recent call last):
       wait for compute device to finish failed, runtime result = 507011.[FUNC:ReportCallError][FILE:log_inner.cpp][LINE:148]
 (function npuSynchronizeDevice)
(Worker_DP1_TP0_EP2 pid=395294) Process VllmWorker-0:
(Worker_DP1_TP0_EP2 pid=395294) Traceback (most recent call last):
(Worker_DP1_TP0_EP2 pid=395294)   File "/usr/local/lib/python3.11/multiprocessing/process.py", line 314, in _bootstrap
(Worker_DP1_TP0_EP2 pid=395294)     self.run()
(Worker_DP1_TP0_EP2 pid=395294)   File "/usr/local/lib/python3.11/multiprocessing/process.py", line 108, in run
(Worker_DP1_TP0_EP2 pid=395294)     self._target(*self._args, **self._kwargs)
(Worker_DP1_TP0_EP2 pid=395294)   File "/home/l00838859/cann/my-project/vllm/vllm/v1/executor/multiproc_executor.py", line 933, in worker_main
(Worker_DP1_TP0_EP2 pid=395294)     worker.shutdown()
(Worker_DP1_TP0_EP2 pid=395294)   File "/home/l00838859/cann/my-project/vllm/vllm/v1/executor/multiproc_executor.py", line 778, in shutdown
(Worker_DP1_TP0_EP2 pid=395294)     self.worker.shutdown()
(Worker_DP1_TP0_EP2 pid=395294)   File "/home/l00838859/cann/my-project/vllm/vllm/v1/worker/worker_base.py", line 220, in shutdown
(Worker_DP1_TP0_EP2 pid=395294)     self.worker.shutdown()
(Worker_DP1_TP0_EP2 pid=395294)   File "/home/l00838859/cann/my-project/vllm-ascend/vllm_ascend/worker/worker.py", line 387, in shutdown
(Worker_DP1_TP0_EP2 pid=395294)     shutdown_fn()
(Worker_DP1_TP0_EP2 pid=395294)   File "/home/l00838859/cann/my-project/vllm/vllm/v1/worker/gpu_model_runner.py", line 6447, in shutdown
(Worker_DP1_TP0_EP2 pid=395294)     self._cleanup_profiling_kv_cache()
(Worker_DP1_TP0_EP2 pid=395294)   File "/home/l00838859/cann/my-project/vllm/vllm/v1/worker/gpu_model_runner.py", line 6465, in _cleanup_profiling_kv_cache
(Worker_DP1_TP0_EP2 pid=395294)     torch.accelerator.synchronize()
(Worker_DP1_TP0_EP2 pid=395294)   File "/usr/local/lib/python3.11/site-packages/torch/accelerator/__init__.py", line 262, in synchronize
(Worker_DP1_TP0_EP2 pid=395294)     torch._C._accelerator_synchronizeDevice(device_index)
(Worker_DP1_TP0_EP2 pid=395294) RuntimeError: npuSynchronizeDevice:../torch_npu/csrc/core/npu/NPUStream.cpp:576 NPU function error: AclrtSynchronizeDeviceWithTimeout, error code is 507011
(Worker_DP1_TP0_EP2 pid=395294) [ERROR] 2026-07-28-09:54:36 (PID:395294, Device:2, RankID:-1) ERR00100 PTA call acl api failed
(Worker_DP1_TP0_EP2 pid=395294) [Error]: Model execution failed. 
(Worker_DP1_TP0_EP2 pid=395294)         Rectify the fault based on the error information in the ascend log.
(Worker_DP1_TP0_EP2 pid=395294) EE9999: Inner Error!
(Worker_DP1_TP0_EP2 pid=395294) EE9999[PID: 395294] 2026-07-28-09:54:36.666.102 (EE9999):  rtDeviceSynchronizeWithTimeout execution failed, reason=the model stream execute failed[FUNC:FuncErrorReason][FILE:error_message_manage.cc][LINE:65]
(Worker_DP1_TP0_EP2 pid=395294)         TraceBack (most recent call last):
(Worker_DP1_TP0_EP2 pid=395294)        wait for compute device to finish failed, runtime result = 507011.[FUNC:ReportCallError][FILE:log_inner.cpp][LINE:148]
(Worker_DP1_TP0_EP2 pid=395294) 
[rank2]:[W728 09:54:38.224150580 NPUStream.cpp:596] Warning: NPU warning, error code is 507011[Error]: 
[Error]: Model execution failed. 
        Rectify the fault based on the error information in the ascend log.
EE9999: Inner Error!
EE9999[PID: 395294] 2026-07-28-09:54:38.310.200 (EE9999):  rtDeviceSynchronizeWithTimeout execution failed, reason=the model stream execute failed[FUNC:FuncErrorReason][FILE:error_message_manage.cc][LINE:65]
        TraceBack (most recent call last):
       wait for compute device to finish failed, runtime result = 507011.[FUNC:ReportCallError][FILE:log_inner.cpp][LINE:148]
 (function npuSynchronizeUsedDevices)
[W728 09:54:38.236053300 NPUStream.cpp:578] Warning: NPU warning, error code is 507011[Error]: 
[Error]: Model execution failed. 
        Rectify the fault based on the error information in the ascend log.
EE9999: Inner Error!
EE9999[PID: 395294] 2026-07-28-09:54:38.322.160 (EE9999):  rtDeviceSynchronizeWithTimeout execution failed, reason=the model stream execute failed[FUNC:FuncErrorReason][FILE:error_message_manage.cc][LINE:65]
        TraceBack (most recent call last):
       wait for compute device to finish failed, runtime result = 507011.[FUNC:ReportCallError][FILE:log_inner.cpp][LINE:148]
 (function npuSynchronizeDevice)
[W728 09:54:38.236954430 NPUStream.cpp:578] Warning: NPU warning, error code is 507011[Error]: 
[Error]: Model execution failed. 
        Rectify the fault based on the error information in the ascend log.
EE9999: Inner Error!
EE9999[PID: 395294] 2026-07-28-09:54:38.323.173 (EE9999):  rtDeviceSynchronizeWithTimeout execution failed, reason=the model stream execute failed[FUNC:FuncErrorReason][FILE:error_message_manage.cc][LINE:65]
        TraceBack (most recent call last):
       wait for compute device to finish failed, runtime result = 507011.[FUNC:ReportCallError][FILE:log_inner.cpp][LINE:148]
 (function npuSynchronizeDevice)
[W728 09:54:38.241821310 NPUStream.cpp:578] Warning: NPU warning, error code is 507011[Error]: 
[Error]: Model execution failed. 
        Rectify the fault based on the error information in the ascend log.
EE9999: Inner Error!
EE9999[PID: 395294] 2026-07-28-09:54:38.327.989 (EE9999):  rtDeviceSynchronizeWithTimeout execution failed, reason=the model stream execute failed[FUNC:FuncErrorReason][FILE:error_message_manage.cc][LINE:65]
        TraceBack (most recent call last):
       wait for compute device to finish failed, runtime result = 507011.[FUNC:ReportCallError][FILE:log_inner.cpp][LINE:148]
 (function npuSynchronizeDevice)
(Worker_DP3_TP1_EP7 pid=395707) Process VllmWorker-1:
(Worker_DP3_TP1_EP7 pid=395707) Traceback (most recent call last):
(Worker_DP3_TP1_EP7 pid=395707)   File "/usr/local/lib/python3.11/multiprocessing/process.py", line 314, in _bootstrap
(Worker_DP3_TP1_EP7 pid=395707)     self.run()
(Worker_DP3_TP1_EP7 pid=395707)   File "/usr/local/lib/python3.11/multiprocessing/process.py", line 108, in run
(Worker_DP3_TP1_EP7 pid=395707)     self._target(*self._args, **self._kwargs)
(Worker_DP3_TP1_EP7 pid=395707)   File "/home/l00838859/cann/my-project/vllm/vllm/v1/executor/multiproc_executor.py", line 933, in worker_main
(Worker_DP3_TP1_EP7 pid=395707)     worker.shutdown()
(Worker_DP3_TP1_EP7 pid=395707)   File "/home/l00838859/cann/my-project/vllm/vllm/v1/executor/multiproc_executor.py", line 778, in shutdown
(Worker_DP3_TP1_EP7 pid=395707)     self.worker.shutdown()
(Worker_DP3_TP1_EP7 pid=395707)   File "/home/l00838859/cann/my-project/vllm/vllm/v1/worker/worker_base.py", line 220, in shutdown
(Worker_DP3_TP1_EP7 pid=395707)     self.worker.shutdown()
(Worker_DP3_TP1_EP7 pid=395707)   File "/home/l00838859/cann/my-project/vllm-ascend/vllm_ascend/worker/worker.py", line 387, in shutdown
(Worker_DP3_TP1_EP7 pid=395707)     shutdown_fn()
(Worker_DP3_TP1_EP7 pid=395707)   File "/home/l00838859/cann/my-project/vllm/vllm/v1/worker/gpu_model_runner.py", line 6447, in shutdown
(Worker_DP3_TP1_EP7 pid=395707)     self._cleanup_profiling_kv_cache()
(Worker_DP3_TP1_EP7 pid=395707)   File "/home/l00838859/cann/my-project/vllm/vllm/v1/worker/gpu_model_runner.py", line 6465, in _cleanup_profiling_kv_cache
(Worker_DP3_TP1_EP7 pid=395707)     torch.accelerator.synchronize()
(Worker_DP3_TP1_EP7 pid=395707)   File "/usr/local/lib/python3.11/site-packages/torch/accelerator/__init__.py", line 262, in synchronize
(Worker_DP3_TP1_EP7 pid=395707)     torch._C._accelerator_synchronizeDevice(device_index)
(Worker_DP3_TP1_EP7 pid=395707) RuntimeError: The Inner error is reported as above. The process exits for this inner error, and the current working event is 0xaaab5c3a9420.
(Worker_DP3_TP1_EP7 pid=395707) Since the operator is called asynchronously, the stacktrace may be inaccurate. If you want to get the accurate stacktrace, please set the environment variable ASCEND_LAUNCH_BLOCKING=1.
(Worker_DP3_TP1_EP7 pid=395707) Note: ASCEND_LAUNCH_BLOCKING=1 will force ops to run in synchronous mode, resulting in performance degradation. Please unset ASCEND_LAUNCH_BLOCKING in time after debugging.
(Worker_DP3_TP1_EP7 pid=395707) [ERROR] 2026-07-28-09:54:36 (PID:395707, Device:7, RankID:-1) ERR00100 PTA call acl api failed.
(Worker_DP3_TP1_EP7 pid=395707) EE9999: Inner Error!
(Worker_DP3_TP1_EP7 pid=395707) EE9999[PID: 395707] 2026-07-28-09:54:36.633.462 (EE9999):  Failed to submit record task, retCode=0x7150050.[FUNC:Record][FILE:event.cc][LINE:487]
(Worker_DP3_TP1_EP7 pid=395707)         TraceBack (most recent call last):
(Worker_DP3_TP1_EP7 pid=395707)        rtEventRecord execution failed, reason=the model stream execute failed[FUNC:FuncErrorReason][FILE:error_message_manage.cc][LINE:65]
(Worker_DP3_TP1_EP7 pid=395707)        record event failed, runtime result = 507011[FUNC:ReportCallError][FILE:log_inner.cpp][LINE:148]
(Worker_DP3_TP1_EP7 pid=395707) 
[rank7]:[W728 09:54:38.251082260 NPUStream.cpp:596] Warning: NPU warning, error code is 507011[Error]: 
[Error]: Model execution failed. 
        Rectify the fault based on the error information in the ascend log.
EE9999: Inner Error!
EE9999[PID: 395707] 2026-07-28-09:54:38.337.110 (EE9999):  rtDeviceSynchronizeWithTimeout execution failed, reason=the model stream execute failed[FUNC:FuncErrorReason][FILE:error_message_manage.cc][LINE:65]
        TraceBack (most recent call last):
       wait for compute device to finish failed, runtime result = 507011.[FUNC:ReportCallError][FILE:log_inner.cpp][LINE:148]
 (function npuSynchronizeUsedDevices)
(Worker_DP3_TP0_EP6 pid=395299) Process VllmWorker-0:
[W728 09:54:38.255247450 NPUStream.cpp:578] Warning: NPU warning, error code is 507011[Error]: 
[Error]: Model execution failed. 
        Rectify the fault based on the error information in the ascend log.
EE9999: Inner Error!
EE9999[PID: 395294] 2026-07-28-09:54:38.341.356 (EE9999):  rtDeviceSynchronizeWithTimeout execution failed, reason=the model stream execute failed[FUNC:FuncErrorReason][FILE:error_message_manage.cc][LINE:65]
        TraceBack (most recent call last):
       wait for compute device to finish failed, runtime result = 507011.[FUNC:ReportCallError][FILE:log_inner.cpp][LINE:148]
 (function npuSynchronizeDevice)
(Worker_DP3_TP0_EP6 pid=395299) Traceback (most recent call last):
(Worker_DP3_TP0_EP6 pid=395299)   File "/usr/local/lib/python3.11/multiprocessing/process.py", line 314, in _bootstrap
(Worker_DP3_TP0_EP6 pid=395299)     self.run()
(Worker_DP3_TP0_EP6 pid=395299)   File "/usr/local/lib/python3.11/multiprocessing/process.py", line 108, in run
(Worker_DP3_TP0_EP6 pid=395299)     self._target(*self._args, **self._kwargs)
(Worker_DP3_TP0_EP6 pid=395299)   File "/home/l00838859/cann/my-project/vllm/vllm/v1/executor/multiproc_executor.py", line 933, in worker_main
(Worker_DP3_TP0_EP6 pid=395299)     worker.shutdown()
(Worker_DP3_TP0_EP6 pid=395299)   File "/home/l00838859/cann/my-project/vllm/vllm/v1/executor/multiproc_executor.py", line 778, in shutdown
(Worker_DP3_TP0_EP6 pid=395299)     self.worker.shutdown()
(Worker_DP3_TP0_EP6 pid=395299)   File "/home/l00838859/cann/my-project/vllm/vllm/v1/worker/worker_base.py", line 220, in shutdown
(Worker_DP3_TP0_EP6 pid=395299)     self.worker.shutdown()
(Worker_DP3_TP0_EP6 pid=395299)   File "/home/l00838859/cann/my-project/vllm-ascend/vllm_ascend/worker/worker.py", line 387, in shutdown
(Worker_DP3_TP0_EP6 pid=395299)     shutdown_fn()
(Worker_DP3_TP0_EP6 pid=395299)   File "/home/l00838859/cann/my-project/vllm/vllm/v1/worker/gpu_model_runner.py", line 6447, in shutdown
(Worker_DP3_TP0_EP6 pid=395299)     self._cleanup_profiling_kv_cache()
(Worker_DP3_TP0_EP6 pid=395299)   File "/home/l00838859/cann/my-project/vllm/vllm/v1/worker/gpu_model_runner.py", line 6465, in _cleanup_profiling_kv_cache
(Worker_DP3_TP0_EP6 pid=395299)     torch.accelerator.synchronize()
(Worker_DP3_TP0_EP6 pid=395299)   File "/usr/local/lib/python3.11/site-packages/torch/accelerator/__init__.py", line 262, in synchronize
(Worker_DP3_TP0_EP6 pid=395299)     torch._C._accelerator_synchronizeDevice(device_index)
(Worker_DP3_TP0_EP6 pid=395299) RuntimeError: npuSynchronizeDevice:../torch_npu/csrc/core/npu/NPUStream.cpp:576 NPU function error: AclrtSynchronizeDeviceWithTimeout, error code is 507011
(Worker_DP3_TP0_EP6 pid=395299) [ERROR] 2026-07-28-09:54:36 (PID:395299, Device:6, RankID:-1) ERR00100 PTA call acl api failed
(Worker_DP3_TP0_EP6 pid=395299) [Error]: Model execution failed. 
(Worker_DP3_TP0_EP6 pid=395299)         Rectify the fault based on the error information in the ascend log.
(Worker_DP3_TP0_EP6 pid=395299) EE9999: Inner Error!
(Worker_DP3_TP0_EP6 pid=395299) EE9999[PID: 395299] 2026-07-28-09:54:36.646.222 (EE9999):  rtDeviceSynchronizeWithTimeout execution failed, reason=the model stream execute failed[FUNC:FuncErrorReason][FILE:error_message_manage.cc][LINE:65]
(Worker_DP3_TP0_EP6 pid=395299)         TraceBack (most recent call last):
(Worker_DP3_TP0_EP6 pid=395299)        wait for compute device to finish failed, runtime result = 507011.[FUNC:ReportCallError][FILE:log_inner.cpp][LINE:148]
(Worker_DP3_TP0_EP6 pid=395299) 
[rank6]:[W728 09:54:38.257783900 NPUStream.cpp:596] Warning: NPU warning, error code is 507011[Error]: 
[Error]: Model execution failed. 
        Rectify the fault based on the error information in the ascend log.
EE9999: Inner Error!
EE9999[PID: 395299] 2026-07-28-09:54:38.343.948 (EE9999):  rtDeviceSynchronizeWithTimeout execution failed, reason=the model stream execute failed[FUNC:FuncErrorReason][FILE:error_message_manage.cc][LINE:65]
        TraceBack (most recent call last):
       wait for compute device to finish failed, runtime result = 507011.[FUNC:ReportCallError][FILE:log_inner.cpp][LINE:148]
 (function npuSynchronizeUsedDevices)
(Worker_DP4_TP0_EP8 pid=395298) Process VllmWorker-0:
(Worker_DP4_TP0_EP8 pid=395298) Traceback (most recent call last):
(Worker_DP4_TP0_EP8 pid=395298)   File "/usr/local/lib/python3.11/multiprocessing/process.py", line 314, in _bootstrap
(Worker_DP4_TP0_EP8 pid=395298)     self.run()
(Worker_DP4_TP0_EP8 pid=395298)   File "/usr/local/lib/python3.11/multiprocessing/process.py", line 108, in run
(Worker_DP4_TP0_EP8 pid=395298)     self._target(*self._args, **self._kwargs)
(Worker_DP4_TP0_EP8 pid=395298)   File "/home/l00838859/cann/my-project/vllm/vllm/v1/executor/multiproc_executor.py", line 933, in worker_main
(Worker_DP4_TP0_EP8 pid=395298)     worker.shutdown()
(Worker_DP4_TP0_EP8 pid=395298)   File "/home/l00838859/cann/my-project/vllm/vllm/v1/executor/multiproc_executor.py", line 778, in shutdown
(Worker_DP4_TP0_EP8 pid=395298)     self.worker.shutdown()
(Worker_DP4_TP0_EP8 pid=395298)   File "/home/l00838859/cann/my-project/vllm/vllm/v1/worker/worker_base.py", line 220, in shutdown
(Worker_DP4_TP0_EP8 pid=395298)     self.worker.shutdown()
(Worker_DP4_TP0_EP8 pid=395298)   File "/home/l00838859/cann/my-project/vllm-ascend/vllm_ascend/worker/worker.py", line 387, in shutdown
(Worker_DP4_TP0_EP8 pid=395298)     shutdown_fn()
(Worker_DP4_TP0_EP8 pid=395298)   File "/home/l00838859/cann/my-project/vllm/vllm/v1/worker/gpu_model_runner.py", line 6447, in shutdown
(Worker_DP4_TP0_EP8 pid=395298)     self._cleanup_profiling_kv_cache()
(Worker_DP4_TP0_EP8 pid=395298)   File "/home/l00838859/cann/my-project/vllm/vllm/v1/worker/gpu_model_runner.py", line 6465, in _cleanup_profiling_kv_cache
(Worker_DP4_TP0_EP8 pid=395298)     torch.accelerator.synchronize()
(Worker_DP4_TP0_EP8 pid=395298)   File "/usr/local/lib/python3.11/site-packages/torch/accelerator/__init__.py", line 262, in synchronize
(Worker_DP4_TP0_EP8 pid=395298)     torch._C._accelerator_synchronizeDevice(device_index)
(Worker_DP4_TP0_EP8 pid=395298) RuntimeError: npuSynchronizeDevice:../torch_npu/csrc/core/npu/NPUStream.cpp:576 NPU function error: AclrtSynchronizeDeviceWithTimeout, error code is 507011
(Worker_DP4_TP0_EP8 pid=395298) [ERROR] 2026-07-28-09:54:36 (PID:395298, Device:8, RankID:-1) ERR00100 PTA call acl api failed
(Worker_DP4_TP0_EP8 pid=395298) [Error]: Model execution failed. 
(Worker_DP4_TP0_EP8 pid=395298)         Rectify the fault based on the error information in the ascend log.
(Worker_DP4_TP0_EP8 pid=395298) EE9999: Inner Error!
(Worker_DP4_TP0_EP8 pid=395298) EE9999[PID: 395298] 2026-07-28-09:54:36.657.982 (EE9999):  rtDeviceSynchronizeWithTimeout execution failed, reason=the model stream execute failed[FUNC:FuncErrorReason][FILE:error_message_manage.cc][LINE:65]
(Worker_DP4_TP0_EP8 pid=395298)         TraceBack (most recent call last):
(Worker_DP4_TP0_EP8 pid=395298)        wait for compute device to finish failed, runtime result = 507011.[FUNC:ReportCallError][FILE:log_inner.cpp][LINE:148]
(Worker_DP4_TP0_EP8 pid=395298) 
[rank8]:[W728 09:54:38.261726650 NPUStream.cpp:596] Warning: NPU warning, error code is 507011[Error]: 
[Error]: Model execution failed. 
        Rectify the fault based on the error information in the ascend log.
EE9999: Inner Error!
EE9999[PID: 395298] 2026-07-28-09:54:38.347.893 (EE9999):  rtDeviceSynchronizeWithTimeout execution failed, reason=the model stream execute failed[FUNC:FuncErrorReason][FILE:error_message_manage.cc][LINE:65]
        TraceBack (most recent call last):
       wait for compute device to finish failed, runtime result = 507011.[FUNC:ReportCallError][FILE:log_inner.cpp][LINE:148]
 (function npuSynchronizeUsedDevices)
[W728 09:54:38.265269480 NPUStream.cpp:578] Warning: NPU warning, error code is 507011[Error]: 
[Error]: Model execution failed. 
        Rectify the fault based on the error information in the ascend log.
EE9999: Inner Error!
EE9999[PID: 395294] 2026-07-28-09:54:38.351.553 (EE9999):  rtDeviceSynchronizeWithTimeout execution failed, reason=the model stream execute failed[FUNC:FuncErrorReason][FILE:error_message_manage.cc][LINE:65]
        TraceBack (most recent call last):
       wait for compute device to finish failed, runtime result = 507011.[FUNC:ReportCallError][FILE:log_inner.cpp][LINE:148]
 (function npuSynchronizeDevice)
[W728 09:54:38.265359330 NPUStream.cpp:578] Warning: NPU warning, error code is 507011[Error]: 
[Error]: Model execution failed. 
        Rectify the fault based on the error information in the ascend log.
EE9999: Inner Error!
EE9999[PID: 395707] 2026-07-28-09:54:38.351.626 (EE9999):  rtDeviceSynchronizeWithTimeout execution failed, reason=the model stream execute failed[FUNC:FuncErrorReason][FILE:error_message_manage.cc][LINE:65]
        TraceBack (most recent call last):
       wait for compute device to finish failed, runtime result = 507011.[FUNC:ReportCallError][FILE:log_inner.cpp][LINE:148]
 (function npuSynchronizeDevice)
[W728 09:54:38.266058030 NPUStream.cpp:578] Warning: NPU warning, error code is 507011[Error]: 
[Error]: Model execution failed. 
        Rectify the fault based on the error information in the ascend log.
EE9999: Inner Error!
EE9999[PID: 395707] 2026-07-28-09:54:38.352.421 (EE9999):  rtDeviceSynchronizeWithTimeout execution failed, reason=the model stream execute failed[FUNC:FuncErrorReason][FILE:error_message_manage.cc][LINE:65]
        TraceBack (most recent call last):
       wait for compute device to finish failed, runtime result = 507011.[FUNC:ReportCallError][FILE:log_inner.cpp][LINE:148]
 (function npuSynchronizeDevice)
[W728 09:54:38.267058070 NPUStream.cpp:578] Warning: NPU warning, error code is 507011[Error]: 
[Error]: Model execution failed. 
        Rectify the fault based on the error information in the ascend log.
EE9999: Inner Error!
EE9999[PID: 395294] 2026-07-28-09:54:38.353.374 (EE9999):  rtDeviceSynchronizeWithTimeout execution failed, reason=the model stream execute failed[FUNC:FuncErrorReason][FILE:error_message_manage.cc][LINE:65]
        TraceBack (most recent call last):
       wait for compute device to finish failed, runtime result = 507011.[FUNC:ReportCallError][FILE:log_inner.cpp][LINE:148]
 (function npuSynchronizeDevice)
[W728 09:54:38.268303180 NPUStream.cpp:578] Warning: NPU warning, error code is 507011[Error]: 
[Error]: Model execution failed. 
        Rectify the fault based on the error information in the ascend log.
EE9999: Inner Error!
EE9999[PID: 395299] 2026-07-28-09:54:38.354.543 (EE9999):  rtDeviceSynchronizeWithTimeout execution failed, reason=the model stream execute failed[FUNC:FuncErrorReason][FILE:error_message_manage.cc][LINE:65]
        TraceBack (most recent call last):
       wait for compute device to finish failed, runtime result = 507011.[FUNC:ReportCallError][FILE:log_inner.cpp][LINE:148]
 (function npuSynchronizeDevice)
[W728 09:54:38.268901870 NPUStream.cpp:578] Warning: NPU warning, error code is 507011[Error]: 
[Error]: Model execution failed. 
        Rectify the fault based on the error information in the ascend log.
EE9999: Inner Error!
EE9999[PID: 395299] 2026-07-28-09:54:38.355.321 (EE9999):  rtDeviceSynchronizeWithTimeout execution failed, reason=the model stream execute failed[FUNC:FuncErrorReason][FILE:error_message_manage.cc][LINE:65]
        TraceBack (most recent call last):
       wait for compute device to finish failed, runtime result = 507011.[FUNC:ReportCallError][FILE:log_inner.cpp][LINE:148]
 (function npuSynchronizeDevice)
[W728 09:54:38.270010360 NPUStream.cpp:578] Warning: NPU warning, error code is 507011[Error]: 
[Error]: Model execution failed. 
        Rectify the fault based on the error information in the ascend log.
EE9999: Inner Error!
EE9999[PID: 395707] 2026-07-28-09:54:38.356.354 (EE9999):  rtDeviceSynchronizeWithTimeout execution failed, reason=the model stream execute failed[FUNC:FuncErrorReason][FILE:error_message_manage.cc][LINE:65]
        TraceBack (most recent call last):
       wait for compute device to finish failed, runtime result = 507011.[FUNC:ReportCallError][FILE:log_inner.cpp][LINE:148]
 (function npuSynchronizeDevice)
[W728 09:54:38.272093330 NPUStream.cpp:578] Warning: NPU warning, error code is 507011[Error]: 
[Error]: Model execution failed. 
        Rectify the fault based on the error information in the ascend log.
EE9999: Inner Error!
EE9999[PID: 395298] 2026-07-28-09:54:38.358.387 (EE9999):  rtDeviceSynchronizeWithTimeout execution failed, reason=the model stream execute failed[FUNC:FuncErrorReason][FILE:error_message_manage.cc][LINE:65]
        TraceBack (most recent call last):
       wait for compute device to finish failed, runtime result = 507011.[FUNC:ReportCallError][FILE:log_inner.cpp][LINE:148]
 (function npuSynchronizeDevice)
[W728 09:54:38.272792260 NPUStream.cpp:578] Warning: NPU warning, error code is 507011[Error]: 
[Error]: Model execution failed. 
        Rectify the fault based on the error information in the ascend log.
EE9999: Inner Error!
EE9999[PID: 395298] 2026-07-28-09:54:38.359.147 (EE9999):  rtDeviceSynchronizeWithTimeout execution failed, reason=the model stream execute failed[FUNC:FuncErrorReason][FILE:error_message_manage.cc][LINE:65]
        TraceBack (most recent call last):
       wait for compute device to finish failed, runtime result = 507011.[FUNC:ReportCallError][FILE:log_inner.cpp][LINE:148]
 (function npuSynchronizeDevice)
[W728 09:54:38.273120110 NPUStream.cpp:578] Warning: NPU warning, error code is 507011[Error]: 
[Error]: Model execution failed. 
        Rectify the fault based on the error information in the ascend log.
EE9999: Inner Error!
EE9999[PID: 395299] 2026-07-28-09:54:38.359.215 (EE9999):  rtDeviceSynchronizeWithTimeout execution failed, reason=the model stream execute failed[FUNC:FuncErrorReason][FILE:error_message_manage.cc][LINE:65]
        TraceBack (most recent call last):
       wait for compute device to finish failed, runtime result = 507011.[FUNC:ReportCallError][FILE:log_inner.cpp][LINE:148]
 (function npuSynchronizeDevice)
[W728 09:54:38.277079140 NPUStream.cpp:578] Warning: NPU warning, error code is 507011[Error]: 
[Error]: Model execution failed. 
        Rectify the fault based on the error information in the ascend log.
EE9999: Inner Error!
EE9999[PID: 395298] 2026-07-28-09:54:38.363.453 (EE9999):  rtDeviceSynchronizeWithTimeout execution failed, reason=the model stream execute failed[FUNC:FuncErrorReason][FILE:error_message_manage.cc][LINE:65]
        TraceBack (most recent call last):
       wait for compute device to finish failed, runtime result = 507011.[FUNC:ReportCallError][FILE:log_inner.cpp][LINE:148]
 (function npuSynchronizeDevice)
(Worker_DP0_TP1_EP1 pid=395706) Process VllmWorker-1:
(Worker_DP0_TP1_EP1 pid=395706) Traceback (most recent call last):
(Worker_DP0_TP1_EP1 pid=395706)   File "/usr/local/lib/python3.11/multiprocessing/process.py", line 314, in _bootstrap
(Worker_DP0_TP1_EP1 pid=395706)     self.run()
(Worker_DP0_TP1_EP1 pid=395706)   File "/usr/local/lib/python3.11/multiprocessing/process.py", line 108, in run
(Worker_DP0_TP1_EP1 pid=395706)     self._target(*self._args, **self._kwargs)
(Worker_DP0_TP1_EP1 pid=395706)   File "/home/l00838859/cann/my-project/vllm/vllm/v1/executor/multiproc_executor.py", line 933, in worker_main
(Worker_DP0_TP1_EP1 pid=395706)     worker.shutdown()
(Worker_DP0_TP1_EP1 pid=395706)   File "/home/l00838859/cann/my-project/vllm/vllm/v1/executor/multiproc_executor.py", line 778, in shutdown
(Worker_DP0_TP1_EP1 pid=395706)     self.worker.shutdown()
(Worker_DP0_TP1_EP1 pid=395706)   File "/home/l00838859/cann/my-project/vllm/vllm/v1/worker/worker_base.py", line 220, in shutdown
(Worker_DP0_TP1_EP1 pid=395706)     self.worker.shutdown()
(Worker_DP0_TP1_EP1 pid=395706)   File "/home/l00838859/cann/my-project/vllm-ascend/vllm_ascend/worker/worker.py", line 387, in shutdown
(Worker_DP0_TP1_EP1 pid=395706)     shutdown_fn()
(Worker_DP0_TP1_EP1 pid=395706)   File "/home/l00838859/cann/my-project/vllm/vllm/v1/worker/gpu_model_runner.py", line 6447, in shutdown
(Worker_DP0_TP1_EP1 pid=395706)     self._cleanup_profiling_kv_cache()
(Worker_DP0_TP1_EP1 pid=395706)   File "/home/l00838859/cann/my-project/vllm/vllm/v1/worker/gpu_model_runner.py", line 6465, in _cleanup_profiling_kv_cache
(Worker_DP0_TP1_EP1 pid=395706)     torch.accelerator.synchronize()
(Worker_DP0_TP1_EP1 pid=395706)   File "/usr/local/lib/python3.11/site-packages/torch/accelerator/__init__.py", line 262, in synchronize
(Worker_DP0_TP1_EP1 pid=395706)     torch._C._accelerator_synchronizeDevice(device_index)
(Worker_DP0_TP1_EP1 pid=395706) RuntimeError: The Inner error is reported as above. The process exits for this inner error, and the current working event is 0xaaab36fec550.
(Worker_DP0_TP1_EP1 pid=395706) Since the operator is called asynchronously, the stacktrace may be inaccurate. If you want to get the accurate stacktrace, please set the environment variable ASCEND_LAUNCH_BLOCKING=1.
(Worker_DP0_TP1_EP1 pid=395706) Note: ASCEND_LAUNCH_BLOCKING=1 will force ops to run in synchronous mode, resulting in performance degradation. Please unset ASCEND_LAUNCH_BLOCKING in time after debugging.
(Worker_DP0_TP1_EP1 pid=395706) [ERROR] 2026-07-28-09:54:36 (PID:395706, Device:1, RankID:-1) ERR00100 PTA call acl api failed.
(Worker_DP0_TP1_EP1 pid=395706) EE9999: Inner Error!
(Worker_DP0_TP1_EP1 pid=395706) EE9999[PID: 395706] 2026-07-28-09:54:36.645.271 (EE9999):  Failed to submit record task, retCode=0x7150050.[FUNC:Record][FILE:event.cc][LINE:487]
(Worker_DP0_TP1_EP1 pid=395706)         TraceBack (most recent call last):
(Worker_DP0_TP1_EP1 pid=395706)        rtEventRecord execution failed, reason=the model stream execute failed[FUNC:FuncErrorReason][FILE:error_message_manage.cc][LINE:65]
(Worker_DP0_TP1_EP1 pid=395706)        record event failed, runtime result = 507011[FUNC:ReportCallError][FILE:log_inner.cpp][LINE:148]
(Worker_DP0_TP1_EP1 pid=395706) 
[rank1]:[W728 09:54:38.280831920 NPUStream.cpp:596] Warning: NPU warning, error code is 507011[Error]: 
[Error]: Model execution failed. 
        Rectify the fault based on the error information in the ascend log.
EE9999: Inner Error!
EE9999[PID: 395706] 2026-07-28-09:54:38.367.026 (EE9999):  rtDeviceSynchronizeWithTimeout execution failed, reason=the model stream execute failed[FUNC:FuncErrorReason][FILE:error_message_manage.cc][LINE:65]
        TraceBack (most recent call last):
       wait for compute device to finish failed, runtime result = 507011.[FUNC:ReportCallError][FILE:log_inner.cpp][LINE:148]
 (function npuSynchronizeUsedDevices)
[W728 09:54:38.285216560 NPUStream.cpp:578] Warning: NPU warning, error code is 507011[Error]: 
[Error]: Model execution failed. 
        Rectify the fault based on the error information in the ascend log.
EE9999: Inner Error!
EE9999[PID: 395707] 2026-07-28-09:54:38.371.469 (EE9999):  rtDeviceSynchronizeWithTimeout execution failed, reason=the model stream execute failed[FUNC:FuncErrorReason][FILE:error_message_manage.cc][LINE:65]
        TraceBack (most recent call last):
       wait for compute device to finish failed, runtime result = 507011.[FUNC:ReportCallError][FILE:log_inner.cpp][LINE:148]
 (function npuSynchronizeDevice)
[W728 09:54:38.286232970 NPUStream.cpp:578] Warning: NPU warning, error code is 507011[Error]: 
[Error]: Model execution failed. 
        Rectify the fault based on the error information in the ascend log.
EE9999: Inner Error!
EE9999[PID: 395299] 2026-07-28-09:54:38.372.381 (EE9999):  rtDeviceSynchronizeWithTimeout execution failed, reason=the model stream execute failed[FUNC:FuncErrorReason][FILE:error_message_manage.cc][LINE:65]
        TraceBack (most recent call last):
       wait for compute device to finish failed, runtime result = 507011.[FUNC:ReportCallError][FILE:log_inner.cpp][LINE:148]
 (function npuSynchronizeDevice)
[W728 09:54:38.289491930 NPUStream.cpp:578] Warning: NPU warning, error code is 507011[Error]: 
[Error]: Model execution failed. 
        Rectify the fault based on the error information in the ascend log.
EE9999: Inner Error!
EE9999[PID: 395298] 2026-07-28-09:54:38.375.770 (EE9999):  rtDeviceSynchronizeWithTimeout execution failed, reason=the model stream execute failed[FUNC:FuncErrorReason][FILE:error_message_manage.cc][LINE:65]
        TraceBack (most recent call last):
       wait for compute device to finish failed, runtime result = 507011.[FUNC:ReportCallError][FILE:log_inner.cpp][LINE:148]
 (function npuSynchronizeDevice)
[W728 09:54:38.291697280 NPUStream.cpp:578] Warning: NPU warning, error code is 507011[Error]: 
[Error]: Model execution failed. 
        Rectify the fault based on the error information in the ascend log.
EE9999: Inner Error!
EE9999[PID: 395706] 2026-07-28-09:54:38.377.971 (EE9999):  rtDeviceSynchronizeWithTimeout execution failed, reason=the model stream execute failed[FUNC:FuncErrorReason][FILE:error_message_manage.cc][LINE:65]
        TraceBack (most recent call last):
       wait for compute device to finish failed, runtime result = 507011.[FUNC:ReportCallError][FILE:log_inner.cpp][LINE:148]
 (function npuSynchronizeDevice)
(Worker_DP2_TP1_EP5 pid=395661) Process VllmWorker-1:
[W728 09:54:38.292359950 NPUStream.cpp:578] Warning: NPU warning, error code is 507011[Error]: 
[Error]: Model execution failed. 
        Rectify the fault based on the error information in the ascend log.
EE9999: Inner Error!
EE9999[PID: 395706] 2026-07-28-09:54:38.378.747 (EE9999):  rtDeviceSynchronizeWithTimeout execution failed, reason=the model stream execute failed[FUNC:FuncErrorReason][FILE:error_message_manage.cc][LINE:65]
        TraceBack (most recent call last):
       wait for compute device to finish failed, runtime result = 507011.[FUNC:ReportCallError][FILE:log_inner.cpp][LINE:148]
 (function npuSynchronizeDevice)
[W728 09:54:38.292787350 NPUStream.cpp:578] Warning: NPU warning, error code is 507011[Error]: 
[Error]: Model execution failed. 
        Rectify the fault based on the error information in the ascend log.
EE9999: Inner Error!
EE9999[PID: 395707] 2026-07-28-09:54:38.379.134 (EE9999):  rtDeviceSynchronizeWithTimeout execution failed, reason=the model stream execute failed[FUNC:FuncErrorReason][FILE:error_message_manage.cc][LINE:65]
        TraceBack (most recent call last):
       wait for compute device to finish failed, runtime result = 507011.[FUNC:ReportCallError][FILE:log_inner.cpp][LINE:148]
 (function npuSynchronizeDevice)
(Worker_DP2_TP1_EP5 pid=395661) Traceback (most recent call last):
(Worker_DP2_TP1_EP5 pid=395661)   File "/usr/local/lib/python3.11/multiprocessing/process.py", line 314, in _bootstrap
(Worker_DP2_TP1_EP5 pid=395661)     self.run()
(Worker_DP2_TP1_EP5 pid=395661)   File "/usr/local/lib/python3.11/multiprocessing/process.py", line 108, in run
(Worker_DP2_TP1_EP5 pid=395661)     self._target(*self._args, **self._kwargs)
(Worker_DP2_TP1_EP5 pid=395661)   File "/home/l00838859/cann/my-project/vllm/vllm/v1/executor/multiproc_executor.py", line 933, in worker_main
(Worker_DP2_TP1_EP5 pid=395661)     worker.shutdown()
(Worker_DP2_TP1_EP5 pid=395661)   File "/home/l00838859/cann/my-project/vllm/vllm/v1/executor/multiproc_executor.py", line 778, in shutdown
(Worker_DP2_TP1_EP5 pid=395661)     self.worker.shutdown()
(Worker_DP2_TP1_EP5 pid=395661)   File "/home/l00838859/cann/my-project/vllm/vllm/v1/worker/worker_base.py", line 220, in shutdown
(Worker_DP2_TP1_EP5 pid=395661)     self.worker.shutdown()
(Worker_DP2_TP1_EP5 pid=395661)   File "/home/l00838859/cann/my-project/vllm-ascend/vllm_ascend/worker/worker.py", line 387, in shutdown
(Worker_DP2_TP1_EP5 pid=395661)     shutdown_fn()
(Worker_DP2_TP1_EP5 pid=395661)   File "/home/l00838859/cann/my-project/vllm/vllm/v1/worker/gpu_model_runner.py", line 6447, in shutdown
(Worker_DP2_TP1_EP5 pid=395661)     self._cleanup_profiling_kv_cache()
(Worker_DP2_TP1_EP5 pid=395661)   File "/home/l00838859/cann/my-project/vllm/vllm/v1/worker/gpu_model_runner.py", line 6465, in _cleanup_profiling_kv_cache
(Worker_DP2_TP1_EP5 pid=395661)     torch.accelerator.synchronize()
(Worker_DP2_TP1_EP5 pid=395661)   File "/usr/local/lib/python3.11/site-packages/torch/accelerator/__init__.py", line 262, in synchronize
(Worker_DP2_TP1_EP5 pid=395661)     torch._C._accelerator_synchronizeDevice(device_index)
(Worker_DP2_TP1_EP5 pid=395661) RuntimeError: The Inner error is reported as above. The process exits for this inner error, and the current working event is 0xaaab215bbc40.
(Worker_DP2_TP1_EP5 pid=395661) Since the operator is called asynchronously, the stacktrace may be inaccurate. If you want to get the accurate stacktrace, please set the environment variable ASCEND_LAUNCH_BLOCKING=1.
(Worker_DP2_TP1_EP5 pid=395661) Note: ASCEND_LAUNCH_BLOCKING=1 will force ops to run in synchronous mode, resulting in performance degradation. Please unset ASCEND_LAUNCH_BLOCKING in time after debugging.
(Worker_DP2_TP1_EP5 pid=395661) [ERROR] 2026-07-28-09:54:36 (PID:395661, Device:5, RankID:-1) ERR00100 PTA call acl api failed.
(Worker_DP2_TP1_EP5 pid=395661) EE9999: Inner Error!
(Worker_DP2_TP1_EP5 pid=395661) EE9999[PID: 395661] 2026-07-28-09:54:36.638.182 (EE9999):  Failed to submit record task, retCode=0x7150050.[FUNC:Record][FILE:event.cc][LINE:487]
(Worker_DP2_TP1_EP5 pid=395661)         TraceBack (most recent call last):
(Worker_DP2_TP1_EP5 pid=395661)        rtEventRecord execution failed, reason=the model stream execute failed[FUNC:FuncErrorReason][FILE:error_message_manage.cc][LINE:65]
(Worker_DP2_TP1_EP5 pid=395661)        record event failed, runtime result = 507011[FUNC:ReportCallError][FILE:log_inner.cpp][LINE:148]
(Worker_DP2_TP1_EP5 pid=395661) 
[W728 09:54:38.294203700 NPUStream.cpp:578] Warning: NPU warning, error code is 507011[Error]: 
[Error]: Model execution failed. 
        Rectify the fault based on the error information in the ascend log.
EE9999: Inner Error!
EE9999[PID: 395299] 2026-07-28-09:54:38.380.441 (EE9999):  rtDeviceSynchronizeWithTimeout execution failed, reason=the model stream execute failed[FUNC:FuncErrorReason][FILE:error_message_manage.cc][LINE:65]
        TraceBack (most recent call last):
       wait for compute device to finish failed, runtime result = 507011.[FUNC:ReportCallError][FILE:log_inner.cpp][LINE:148]
 (function npuSynchronizeDevice)
[W728 09:54:38.294545140 NPUStream.cpp:578] Warning: NPU warning, error code is 507011[Error]: 
[Error]: Model execution failed. 
        Rectify the fault based on the error information in the ascend log.
EE9999: Inner Error!
EE9999[PID: 395707] 2026-07-28-09:54:38.380.973 (EE9999):  rtDeviceSynchronizeWithTimeout execution failed, reason=the model stream execute failed[FUNC:FuncErrorReason][FILE:error_message_manage.cc][LINE:65]
        TraceBack (most recent call last):
       wait for compute device to finish failed, runtime result = 507011.[FUNC:ReportCallError][FILE:log_inner.cpp][LINE:148]
 (function npuSynchronizeDevice)
[rank5]:[W728 09:54:38.295631890 NPUStream.cpp:596] Warning: NPU warning, error code is 507011[Error]: 
[Error]: Model execution failed. 
        Rectify the fault based on the error information in the ascend log.
EE9999: Inner Error!
EE9999[PID: 395661] 2026-07-28-09:54:38.381.811 (EE9999):  rtDeviceSynchronizeWithTimeout execution failed, reason=the model stream execute failed[FUNC:FuncErrorReason][FILE:error_message_manage.cc][LINE:65]
        TraceBack (most recent call last):
       wait for compute device to finish failed, runtime result = 507011.[FUNC:ReportCallError][FILE:log_inner.cpp][LINE:148]
 (function npuSynchronizeUsedDevices)
[W728 09:54:38.296270780 NPUStream.cpp:578] Warning: NPU warning, error code is 507011[Error]: 
[Error]: Model execution failed. 
        Rectify the fault based on the error information in the ascend log.
EE9999: Inner Error!
EE9999[PID: 395299] 2026-07-28-09:54:38.382.450 (EE9999):  rtDeviceSynchronizeWithTimeout execution failed, reason=the model stream execute failed[FUNC:FuncErrorReason][FILE:error_message_manage.cc][LINE:65]
        TraceBack (most recent call last):
       wait for compute device to finish failed, runtime result = 507011.[FUNC:ReportCallError][FILE:log_inner.cpp][LINE:148]
 (function npuSynchronizeDevice)
[W728 09:54:38.296738180 NPUStream.cpp:578] Warning: NPU warning, error code is 507011[Error]: 
[Error]: Model execution failed. 
        Rectify the fault based on the error information in the ascend log.
EE9999: Inner Error!
EE9999[PID: 395706] 2026-07-28-09:54:38.382.964 (EE9999):  rtDeviceSynchronizeWithTimeout execution failed, reason=the model stream execute failed[FUNC:FuncErrorReason][FILE:error_message_manage.cc][LINE:65]
        TraceBack (most recent call last):
       wait for compute device to finish failed, runtime result = 507011.[FUNC:ReportCallError][FILE:log_inner.cpp][LINE:148]
 (function npuSynchronizeDevice)
[W728 09:54:38.296800640 NPUStream.cpp:578] Warning: NPU warning, error code is 507011[Error]: 
[Error]: Model execution failed. 
        Rectify the fault based on the error information in the ascend log.
EE9999: Inner Error!
EE9999[PID: 395298] 2026-07-28-09:54:38.383.100 (EE9999):  rtDeviceSynchronizeWithTimeout execution failed, reason=the model stream execute failed[FUNC:FuncErrorReason][FILE:error_message_manage.cc][LINE:65]
        TraceBack (most recent call last):
       wait for compute device to finish failed, runtime result = 507011.[FUNC:ReportCallError][FILE:log_inner.cpp][LINE:148]
 (function npuSynchronizeDevice)
[W728 09:54:38.298419210 NPUStream.cpp:578] Warning: NPU warning, error code is 507011[Error]: 
[Error]: Model execution failed. 
        Rectify the fault based on the error information in the ascend log.
EE9999: Inner Error!
EE9999[PID: 395298] 2026-07-28-09:54:38.384.819 (EE9999):  rtDeviceSynchronizeWithTimeout execution failed, reason=the model stream execute failed[FUNC:FuncErrorReason][FILE:error_message_manage.cc][LINE:65]
        TraceBack (most recent call last):
       wait for compute device to finish failed, runtime result = 507011.[FUNC:ReportCallError][FILE:log_inner.cpp][LINE:148]
 (function npuSynchronizeDevice)
[W728 09:54:38.306577820 NPUStream.cpp:578] Warning: NPU warning, error code is 507011[Error]: 
[Error]: Model execution failed. 
        Rectify the fault based on the error information in the ascend log.
EE9999: Inner Error!
EE9999[PID: 395661] 2026-07-28-09:54:38.392.926 (EE9999):  rtDeviceSynchronizeWithTimeout execution failed, reason=the model stream execute failed[FUNC:FuncErrorReason][FILE:error_message_manage.cc][LINE:65]
        TraceBack (most recent call last):
       wait for compute device to finish failed, runtime result = 507011.[FUNC:ReportCallError][FILE:log_inner.cpp][LINE:148]
 (function npuSynchronizeDevice)
(Worker_DP4_TP1_EP9 pid=395729) Process VllmWorker-1:
[W728 09:54:38.307216380 NPUStream.cpp:578] Warning: NPU warning, error code is 507011[Error]: 
[Error]: Model execution failed. 
        Rectify the fault based on the error information in the ascend log.
EE9999: Inner Error!
EE9999[PID: 395661] 2026-07-28-09:54:38.393.626 (EE9999):  rtDeviceSynchronizeWithTimeout execution failed, reason=the model stream execute failed[FUNC:FuncErrorReason][FILE:error_message_manage.cc][LINE:65]
        TraceBack (most recent call last):
       wait for compute device to finish failed, runtime result = 507011.[FUNC:ReportCallError][FILE:log_inner.cpp][LINE:148]
 (function npuSynchronizeDevice)
[W728 09:54:38.308082850 NPUStream.cpp:578] Warning: NPU warning, error code is 507011[Error]: 
[Error]: Model execution failed. 
        Rectify the fault based on the error information in the ascend log.
EE9999: Inner Error!
EE9999[PID: 395706] 2026-07-28-09:54:38.394.340 (EE9999):  rtDeviceSynchronizeWithTimeout execution failed, reason=the model stream execute failed[FUNC:FuncErrorReason][FILE:error_message_manage.cc][LINE:65]
        TraceBack (most recent call last):
       wait for compute device to finish failed, runtime result = 507011.[FUNC:ReportCallError][FILE:log_inner.cpp][LINE:148]
 (function npuSynchronizeDevice)
(Worker_DP4_TP1_EP9 pid=395729) Traceback (most recent call last):
(Worker_DP4_TP1_EP9 pid=395729)   File "/usr/local/lib/python3.11/multiprocessing/process.py", line 314, in _bootstrap
(Worker_DP4_TP1_EP9 pid=395729)     self.run()
(Worker_DP4_TP1_EP9 pid=395729)   File "/usr/local/lib/python3.11/multiprocessing/process.py", line 108, in run
(Worker_DP4_TP1_EP9 pid=395729)     self._target(*self._args, **self._kwargs)
(Worker_DP4_TP1_EP9 pid=395729)   File "/home/l00838859/cann/my-project/vllm/vllm/v1/executor/multiproc_executor.py", line 933, in worker_main
(Worker_DP4_TP1_EP9 pid=395729)     worker.shutdown()
(Worker_DP4_TP1_EP9 pid=395729)   File "/home/l00838859/cann/my-project/vllm/vllm/v1/executor/multiproc_executor.py", line 778, in shutdown
(Worker_DP4_TP1_EP9 pid=395729)     self.worker.shutdown()
(Worker_DP4_TP1_EP9 pid=395729)   File "/home/l00838859/cann/my-project/vllm/vllm/v1/worker/worker_base.py", line 220, in shutdown
(Worker_DP4_TP1_EP9 pid=395729)     self.worker.shutdown()
(Worker_DP4_TP1_EP9 pid=395729)   File "/home/l00838859/cann/my-project/vllm-ascend/vllm_ascend/worker/worker.py", line 387, in shutdown
(Worker_DP4_TP1_EP9 pid=395729)     shutdown_fn()
(Worker_DP4_TP1_EP9 pid=395729)   File "/home/l00838859/cann/my-project/vllm/vllm/v1/worker/gpu_model_runner.py", line 6447, in shutdown
(Worker_DP4_TP1_EP9 pid=395729)     self._cleanup_profiling_kv_cache()
(Worker_DP4_TP1_EP9 pid=395729)   File "/home/l00838859/cann/my-project/vllm/vllm/v1/worker/gpu_model_runner.py", line 6465, in _cleanup_profiling_kv_cache
(Worker_DP4_TP1_EP9 pid=395729)     torch.accelerator.synchronize()
(Worker_DP4_TP1_EP9 pid=395729)   File "/usr/local/lib/python3.11/site-packages/torch/accelerator/__init__.py", line 262, in synchronize
(Worker_DP4_TP1_EP9 pid=395729)     torch._C._accelerator_synchronizeDevice(device_index)
(Worker_DP4_TP1_EP9 pid=395729) RuntimeError: The Inner error is reported as above. The process exits for this inner error, and the current working event is 0xaaab2d505190.
(Worker_DP4_TP1_EP9 pid=395729) Since the operator is called asynchronously, the stacktrace may be inaccurate. If you want to get the accurate stacktrace, please set the environment variable ASCEND_LAUNCH_BLOCKING=1.
(Worker_DP4_TP1_EP9 pid=395729) Note: ASCEND_LAUNCH_BLOCKING=1 will force ops to run in synchronous mode, resulting in performance degradation. Please unset ASCEND_LAUNCH_BLOCKING in time after debugging.
(Worker_DP4_TP1_EP9 pid=395729) [ERROR] 2026-07-28-09:54:36 (PID:395729, Device:9, RankID:-1) ERR00100 PTA call acl api failed.
(Worker_DP4_TP1_EP9 pid=395729) EE9999: Inner Error!
(Worker_DP4_TP1_EP9 pid=395729) EE9999[PID: 395729] 2026-07-28-09:54:36.641.359 (EE9999):  Failed to submit record task, retCode=0x7150050.[FUNC:Record][FILE:event.cc][LINE:487]
(Worker_DP4_TP1_EP9 pid=395729)         TraceBack (most recent call last):
(Worker_DP4_TP1_EP9 pid=395729)        rtEventRecord execution failed, reason=the model stream execute failed[FUNC:FuncErrorReason][FILE:error_message_manage.cc][LINE:65]
(Worker_DP4_TP1_EP9 pid=395729)        record event failed, runtime result = 507011[FUNC:ReportCallError][FILE:log_inner.cpp][LINE:148]
(Worker_DP4_TP1_EP9 pid=395729) 
(Worker_DP0_TP0_EP0 pid=395300) Process VllmWorker-0:
(Worker_DP0_TP0_EP0 pid=395300) Traceback (most recent call last):
(Worker_DP0_TP0_EP0 pid=395300)   File "/usr/local/lib/python3.11/multiprocessing/process.py", line 314, in _bootstrap
(Worker_DP0_TP0_EP0 pid=395300)     self.run()
(Worker_DP0_TP0_EP0 pid=395300)   File "/usr/local/lib/python3.11/multiprocessing/process.py", line 108, in run
(Worker_DP0_TP0_EP0 pid=395300)     self._target(*self._args, **self._kwargs)
(Worker_DP0_TP0_EP0 pid=395300)   File "/home/l00838859/cann/my-project/vllm/vllm/v1/executor/multiproc_executor.py", line 933, in worker_main
(Worker_DP0_TP0_EP0 pid=395300)     worker.shutdown()
(Worker_DP0_TP0_EP0 pid=395300)   File "/home/l00838859/cann/my-project/vllm/vllm/v1/executor/multiproc_executor.py", line 778, in shutdown
(Worker_DP0_TP0_EP0 pid=395300)     self.worker.shutdown()
(Worker_DP0_TP0_EP0 pid=395300)   File "/home/l00838859/cann/my-project/vllm/vllm/v1/worker/worker_base.py", line 220, in shutdown
(Worker_DP0_TP0_EP0 pid=395300)     self.worker.shutdown()
(Worker_DP0_TP0_EP0 pid=395300)   File "/home/l00838859/cann/my-project/vllm-ascend/vllm_ascend/worker/worker.py", line 387, in shutdown
(Worker_DP0_TP0_EP0 pid=395300)     shutdown_fn()
(Worker_DP0_TP0_EP0 pid=395300)   File "/home/l00838859/cann/my-project/vllm/vllm/v1/worker/gpu_model_runner.py", line 6447, in shutdown
(Worker_DP0_TP0_EP0 pid=395300)     self._cleanup_profiling_kv_cache()
(Worker_DP0_TP0_EP0 pid=395300)   File "/home/l00838859/cann/my-project/vllm/vllm/v1/worker/gpu_model_runner.py", line 6465, in _cleanup_profiling_kv_cache
(Worker_DP0_TP0_EP0 pid=395300)     torch.accelerator.synchronize()
(Worker_DP0_TP0_EP0 pid=395300)   File "/usr/local/lib/python3.11/site-packages/torch/accelerator/__init__.py", line 262, in synchronize
(Worker_DP0_TP0_EP0 pid=395300)     torch._C._accelerator_synchronizeDevice(device_index)
(Worker_DP0_TP0_EP0 pid=395300) RuntimeError: npuSynchronizeDevice:../torch_npu/csrc/core/npu/NPUStream.cpp:576 NPU function error: AclrtSynchronizeDeviceWithTimeout, error code is 507011
(Worker_DP0_TP0_EP0 pid=395300) [ERROR] 2026-07-28-09:54:36 (PID:395300, Device:0, RankID:-1) ERR00100 PTA call acl api failed
(Worker_DP0_TP0_EP0 pid=395300) [Error]: Model execution failed. 
(Worker_DP0_TP0_EP0 pid=395300)         Rectify the fault based on the error information in the ascend log.
(Worker_DP0_TP0_EP0 pid=395300) EE9999: Inner Error!
(Worker_DP0_TP0_EP0 pid=395300) EE9999[PID: 395300] 2026-07-28-09:54:36.652.559 (EE9999):  rtDeviceSynchronizeWithTimeout execution failed, reason=the model stream execute failed[FUNC:FuncErrorReason][FILE:error_message_manage.cc][LINE:65]
(Worker_DP0_TP0_EP0 pid=395300)         TraceBack (most recent call last):
(Worker_DP0_TP0_EP0 pid=395300)        wait for compute device to finish failed, runtime result = 507011.[FUNC:ReportCallError][FILE:log_inner.cpp][LINE:148]
(Worker_DP0_TP0_EP0 pid=395300) 
[rank9]:[W728 09:54:38.310724920 NPUStream.cpp:596] Warning: NPU warning, error code is 507011[Error]: 
[Error]: Model execution failed. 
        Rectify the fault based on the error information in the ascend log.
EE9999: Inner Error!
EE9999[PID: 395729] 2026-07-28-09:54:38.396.931 (EE9999):  rtDeviceSynchronizeWithTimeout execution failed, reason=the model stream execute failed[FUNC:FuncErrorReason][FILE:error_message_manage.cc][LINE:65]
        TraceBack (most recent call last):
       wait for compute device to finish failed, runtime result = 507011.[FUNC:ReportCallError][FILE:log_inner.cpp][LINE:148]
 (function npuSynchronizeUsedDevices)
[W728 09:54:38.311449910 NPUStream.cpp:578] Warning: NPU warning, error code is 507011[Error]: 
[Error]: Model execution failed. 
        Rectify the fault based on the error information in the ascend log.
EE9999: Inner Error!
EE9999[PID: 395661] 2026-07-28-09:54:38.397.655 (EE9999):  rtDeviceSynchronizeWithTimeout execution failed, reason=the model stream execute failed[FUNC:FuncErrorReason][FILE:error_message_manage.cc][LINE:65]
        TraceBack (most recent call last):
       wait for compute device to finish failed, runtime result = 507011.[FUNC:ReportCallError][FILE:log_inner.cpp][LINE:148]
 (function npuSynchronizeDevice)
(Worker_DP5_TP0_EP10 pid=395297) Process VllmWorker-0:
[rank0]:[W728 09:54:38.311785250 NPUStream.cpp:596] Warning: NPU warning, error code is 507011[Error]: 
[Error]: Model execution failed. 
        Rectify the fault based on the error information in the ascend log.
EE9999: Inner Error!
EE9999[PID: 395300] 2026-07-28-09:54:38.397.906 (EE9999):  rtDeviceSynchronizeWithTimeout execution failed, reason=the model stream execute failed[FUNC:FuncErrorReason][FILE:error_message_manage.cc][LINE:65]
        TraceBack (most recent call last):
       wait for compute device to finish failed, runtime result = 507011.[FUNC:ReportCallError][FILE:log_inner.cpp][LINE:148]
 (function npuSynchronizeUsedDevices)
(Worker_DP5_TP0_EP10 pid=395297) Traceback (most recent call last):
(Worker_DP5_TP0_EP10 pid=395297)   File "/usr/local/lib/python3.11/multiprocessing/process.py", line 314, in _bootstrap
(Worker_DP5_TP0_EP10 pid=395297)     self.run()
(Worker_DP5_TP0_EP10 pid=395297)   File "/usr/local/lib/python3.11/multiprocessing/process.py", line 108, in run
(Worker_DP5_TP0_EP10 pid=395297)     self._target(*self._args, **self._kwargs)
(Worker_DP5_TP0_EP10 pid=395297)   File "/home/l00838859/cann/my-project/vllm/vllm/v1/executor/multiproc_executor.py", line 933, in worker_main
(Worker_DP5_TP0_EP10 pid=395297)     worker.shutdown()
(Worker_DP5_TP0_EP10 pid=395297)   File "/home/l00838859/cann/my-project/vllm/vllm/v1/executor/multiproc_executor.py", line 778, in shutdown
(Worker_DP5_TP0_EP10 pid=395297)     self.worker.shutdown()
(Worker_DP5_TP0_EP10 pid=395297)   File "/home/l00838859/cann/my-project/vllm/vllm/v1/worker/worker_base.py", line 220, in shutdown
(Worker_DP5_TP0_EP10 pid=395297)     self.worker.shutdown()
(Worker_DP5_TP0_EP10 pid=395297)   File "/home/l00838859/cann/my-project/vllm-ascend/vllm_ascend/worker/worker.py", line 387, in shutdown
(Worker_DP5_TP0_EP10 pid=395297)     shutdown_fn()
(Worker_DP5_TP0_EP10 pid=395297)   File "/home/l00838859/cann/my-project/vllm/vllm/v1/worker/gpu_model_runner.py", line 6447, in shutdown
(Worker_DP5_TP0_EP10 pid=395297)     self._cleanup_profiling_kv_cache()
(Worker_DP5_TP0_EP10 pid=395297)   File "/home/l00838859/cann/my-project/vllm/vllm/v1/worker/gpu_model_runner.py", line 6465, in _cleanup_profiling_kv_cache
(Worker_DP5_TP0_EP10 pid=395297)     torch.accelerator.synchronize()
(Worker_DP5_TP0_EP10 pid=395297)   File "/usr/local/lib/python3.11/site-packages/torch/accelerator/__init__.py", line 262, in synchronize
(Worker_DP5_TP0_EP10 pid=395297)     torch._C._accelerator_synchronizeDevice(device_index)
(Worker_DP5_TP0_EP10 pid=395297) RuntimeError: npuSynchronizeDevice:../torch_npu/csrc/core/npu/NPUStream.cpp:576 NPU function error: AclrtSynchronizeDeviceWithTimeout, error code is 507011
(Worker_DP5_TP0_EP10 pid=395297) [ERROR] 2026-07-28-09:54:36 (PID:395297, Device:10, RankID:-1) ERR00100 PTA call acl api failed
(Worker_DP5_TP0_EP10 pid=395297) [Error]: Model execution failed. 
(Worker_DP5_TP0_EP10 pid=395297)         Rectify the fault based on the error information in the ascend log.
(Worker_DP5_TP0_EP10 pid=395297) EE9999: Inner Error!
(Worker_DP5_TP0_EP10 pid=395297) EE9999[PID: 395297] 2026-07-28-09:54:36.655.206 (EE9999):  rtDeviceSynchronizeWithTimeout execution failed, reason=the model stream execute failed[FUNC:FuncErrorReason][FILE:error_message_manage.cc][LINE:65]
(Worker_DP5_TP0_EP10 pid=395297)         TraceBack (most recent call last):
(Worker_DP5_TP0_EP10 pid=395297)        wait for compute device to finish failed, runtime result = 507011.[FUNC:ReportCallError][FILE:log_inner.cpp][LINE:148]
(Worker_DP5_TP0_EP10 pid=395297) 
[rank10]:[W728 09:54:38.315165110 NPUStream.cpp:596] Warning: NPU warning, error code is 507011[Error]: 
[Error]: Model execution failed. 
        Rectify the fault based on the error information in the ascend log.
EE9999: Inner Error!
EE9999[PID: 395297] 2026-07-28-09:54:38.401.217 (EE9999):  rtDeviceSynchronizeWithTimeout execution failed, reason=the model stream execute failed[FUNC:FuncErrorReason][FILE:error_message_manage.cc][LINE:65]
        TraceBack (most recent call last):
       wait for compute device to finish failed, runtime result = 507011.[FUNC:ReportCallError][FILE:log_inner.cpp][LINE:148]
 (function npuSynchronizeUsedDevices)
[W728 09:54:38.317891810 NPUStream.cpp:578] Warning: NPU warning, error code is 507011[Error]: 
[Error]: Model execution failed. 
        Rectify the fault based on the error information in the ascend log.
EE9999: Inner Error!
EE9999[PID: 395706] 2026-07-28-09:54:38.404.140 (EE9999):  rtDeviceSynchronizeWithTimeout execution failed, reason=the model stream execute failed[FUNC:FuncErrorReason][FILE:error_message_manage.cc][LINE:65]
        TraceBack (most recent call last):
       wait for compute device to finish failed, runtime result = 507011.[FUNC:ReportCallError][FILE:log_inner.cpp][LINE:148]
 (function npuSynchronizeDevice)
[W728 09:54:38.319552790 NPUStream.cpp:578] Warning: NPU warning, error code is 507011[Error]: 
[Error]: Model execution failed. 
        Rectify the fault based on the error information in the ascend log.
EE9999: Inner Error!
EE9999[PID: 395706] 2026-07-28-09:54:38.405.952 (EE9999):  rtDeviceSynchronizeWithTimeout execution failed, reason=the model stream execute failed[FUNC:FuncErrorReason][FILE:error_message_manage.cc][LINE:65]
        TraceBack (most recent call last):
       wait for compute device to finish failed, runtime result = 507011.[FUNC:ReportCallError][FILE:log_inner.cpp][LINE:148]
 (function npuSynchronizeDevice)
[W728 09:54:38.322172960 NPUStream.cpp:578] Warning: NPU warning, error code is 507011[Error]: 
[Error]: Model execution failed. 
        Rectify the fault based on the error information in the ascend log.
EE9999: Inner Error!
EE9999[PID: 395729] 2026-07-28-09:54:38.408.461 (EE9999):  rtDeviceSynchronizeWithTimeout execution failed, reason=the model stream execute failed[FUNC:FuncErrorReason][FILE:error_message_manage.cc][LINE:65]
        TraceBack (most recent call last):
       wait for compute device to finish failed, runtime result = 507011.[FUNC:ReportCallError][FILE:log_inner.cpp][LINE:148]
 (function npuSynchronizeDevice)
[W728 09:54:38.322832930 NPUStream.cpp:578] Warning: NPU warning, error code is 507011[Error]: 
[Error]: Model execution failed. 
        Rectify the fault based on the error information in the ascend log.
EE9999: Inner Error!
EE9999[PID: 395729] 2026-07-28-09:54:38.409.232 (EE9999):  rtDeviceSynchronizeWithTimeout execution failed, reason=the model stream execute failed[FUNC:FuncErrorReason][FILE:error_message_manage.cc][LINE:65]
        TraceBack (most recent call last):
       wait for compute device to finish failed, runtime result = 507011.[FUNC:ReportCallError][FILE:log_inner.cpp][LINE:148]
 (function npuSynchronizeDevice)
[W728 09:54:38.323098250 NPUStream.cpp:578] Warning: NPU warning, error code is 507011[Error]: 
[Error]: Model execution failed. 
        Rectify the fault based on the error information in the ascend log.
EE9999: Inner Error!
EE9999[PID: 395661] 2026-07-28-09:54:38.409.428 (EE9999):  rtDeviceSynchronizeWithTimeout execution failed, reason=the model stream execute failed[FUNC:FuncErrorReason][FILE:error_message_manage.cc][LINE:65]
        TraceBack (most recent call last):
       wait for compute device to finish failed, runtime result = 507011.[FUNC:ReportCallError][FILE:log_inner.cpp][LINE:148]
 (function npuSynchronizeDevice)
[W728 09:54:38.323180890 NPUStream.cpp:578] Warning: NPU warning, error code is 507011[Error]: 
[Error]: Model execution failed. 
        Rectify the fault based on the error information in the ascend log.
EE9999: Inner Error!
EE9999[PID: 395300] 2026-07-28-09:54:38.409.525 (EE9999):  rtDeviceSynchronizeWithTimeout execution failed, reason=the model stream execute failed[FUNC:FuncErrorReason][FILE:error_message_manage.cc][LINE:65]
        TraceBack (most recent call last):
       wait for compute device to finish failed, runtime result = 507011.[FUNC:ReportCallError][FILE:log_inner.cpp][LINE:148]
 (function npuSynchronizeDevice)
[W728 09:54:38.323683680 NPUStream.cpp:578] Warning: NPU warning, error code is 507011[Error]: 
[Error]: Model execution failed. 
        Rectify the fault based on the error information in the ascend log.
EE9999: Inner Error!
EE9999[PID: 395300] 2026-07-28-09:54:38.410.120 (EE9999):  rtDeviceSynchronizeWithTimeout execution failed, reason=the model stream execute failed[FUNC:FuncErrorReason][FILE:error_message_manage.cc][LINE:65]
        TraceBack (most recent call last):
       wait for compute device to finish failed, runtime result = 507011.[FUNC:ReportCallError][FILE:log_inner.cpp][LINE:148]
 (function npuSynchronizeDevice)
[W728 09:54:38.327887360 NPUStream.cpp:578] Warning: NPU warning, error code is 507011[Error]: 
[Error]: Model execution failed. 
        Rectify the fault based on the error information in the ascend log.
EE9999: Inner Error!
EE9999[PID: 395729] 2026-07-28-09:54:38.414.134 (EE9999):  rtDeviceSynchronizeWithTimeout execution failed, reason=the model stream execute failed[FUNC:FuncErrorReason][FILE:error_message_manage.cc][LINE:65]
        TraceBack (most recent call last):
       wait for compute device to finish failed, runtime result = 507011.[FUNC:ReportCallError][FILE:log_inner.cpp][LINE:148]
 (function npuSynchronizeDevice)
[W728 09:54:38.329082610 NPUStream.cpp:578] Warning: NPU warning, error code is 507011[Error]: 
[Error]: Model execution failed. 
        Rectify the fault based on the error information in the ascend log.
EE9999: Inner Error!
EE9999[PID: 395300] 2026-07-28-09:54:38.415.249 (EE9999):  rtDeviceSynchronizeWithTimeout execution failed, reason=the model stream execute failed[FUNC:FuncErrorReason][FILE:error_message_manage.cc][LINE:65]
        TraceBack (most recent call last):
       wait for compute device to finish failed, runtime result = 507011.[FUNC:ReportCallError][FILE:log_inner.cpp][LINE:148]
 (function npuSynchronizeDevice)
[W728 09:54:38.329083480 NPUStream.cpp:578] Warning: NPU warning, error code is 507011[Error]: 
[Error]: Model execution failed. 
        Rectify the fault based on the error information in the ascend log.
EE9999: Inner Error!
EE9999[PID: 395297] 2026-07-28-09:54:38.415.190 (EE9999):  rtDeviceSynchronizeWithTimeout execution failed, reason=the model stream execute failed[FUNC:FuncErrorReason][FILE:error_message_manage.cc][LINE:65]
        TraceBack (most recent call last):
       wait for compute device to finish failed, runtime result = 507011.[FUNC:ReportCallError][FILE:log_inner.cpp][LINE:148]
 (function npuSynchronizeDevice)
[W728 09:54:38.329858920 NPUStream.cpp:578] Warning: NPU warning, error code is 507011[Error]: 
[Error]: Model execution failed. 
        Rectify the fault based on the error information in the ascend log.
EE9999: Inner Error!
EE9999[PID: 395297] 2026-07-28-09:54:38.416.167 (EE9999):  rtDeviceSynchronizeWithTimeout execution failed, reason=the model stream execute failed[FUNC:FuncErrorReason][FILE:error_message_manage.cc][LINE:65]
        TraceBack (most recent call last):
       wait for compute device to finish failed, runtime result = 507011.[FUNC:ReportCallError][FILE:log_inner.cpp][LINE:148]
 (function npuSynchronizeDevice)
[W728 09:54:38.331875830 NPUStream.cpp:578] Warning: NPU warning, error code is 507011[Error]: 
[Error]: Model execution failed. 
        Rectify the fault based on the error information in the ascend log.
EE9999: Inner Error!
EE9999[PID: 395661] 2026-07-28-09:54:38.418.165 (EE9999):  rtDeviceSynchronizeWithTimeout execution failed, reason=the model stream execute failed[FUNC:FuncErrorReason][FILE:error_message_manage.cc][LINE:65]
        TraceBack (most recent call last):
       wait for compute device to finish failed, runtime result = 507011.[FUNC:ReportCallError][FILE:log_inner.cpp][LINE:148]
 (function npuSynchronizeDevice)
[W728 09:54:38.333868710 NPUStream.cpp:578] Warning: NPU warning, error code is 507011[Error]: 
[Error]: Model execution failed. 
        Rectify the fault based on the error information in the ascend log.
EE9999: Inner Error!
EE9999[PID: 395661] 2026-07-28-09:54:38.420.207 (EE9999):  rtDeviceSynchronizeWithTimeout execution failed, reason=the model stream execute failed[FUNC:FuncErrorReason][FILE:error_message_manage.cc][LINE:65]
        TraceBack (most recent call last):
       wait for compute device to finish failed, runtime result = 507011.[FUNC:ReportCallError][FILE:log_inner.cpp][LINE:148]
 (function npuSynchronizeDevice)
[W728 09:54:38.333989160 NPUStream.cpp:578] Warning: NPU warning, error code is 507011[Error]: 
[Error]: Model execution failed. 
        Rectify the fault based on the error information in the ascend log.
EE9999: Inner Error!
EE9999[PID: 395297] 2026-07-28-09:54:38.420.240 (EE9999):  rtDeviceSynchronizeWithTimeout execution failed, reason=the model stream execute failed[FUNC:FuncErrorReason][FILE:error_message_manage.cc][LINE:65]
        TraceBack (most recent call last):
       wait for compute device to finish failed, runtime result = 507011.[FUNC:ReportCallError][FILE:log_inner.cpp][LINE:148]
 (function npuSynchronizeDevice)
[W728 09:54:38.339761880 NPUStream.cpp:578] Warning: NPU warning, error code is 507011[Error]: 
[Error]: Model execution failed. 
        Rectify the fault based on the error information in the ascend log.
EE9999: Inner Error!
EE9999[PID: 395729] 2026-07-28-09:54:38.426.048 (EE9999):  rtDeviceSynchronizeWithTimeout execution failed, reason=the model stream execute failed[FUNC:FuncErrorReason][FILE:error_message_manage.cc][LINE:65]
        TraceBack (most recent call last):
       wait for compute device to finish failed, runtime result = 507011.[FUNC:ReportCallError][FILE:log_inner.cpp][LINE:148]
 (function npuSynchronizeDevice)
[W728 09:54:38.343380770 NPUStream.cpp:578] Warning: NPU warning, error code is 507011[Error]: 
[Error]: Model execution failed. 
        Rectify the fault based on the error information in the ascend log.
EE9999: Inner Error!
EE9999[PID: 395300] 2026-07-28-09:54:38.429.644 (EE9999):  rtDeviceSynchronizeWithTimeout execution failed, reason=the model stream execute failed[FUNC:FuncErrorReason][FILE:error_message_manage.cc][LINE:65]
        TraceBack (most recent call last):
       wait for compute device to finish failed, runtime result = 507011.[FUNC:ReportCallError][FILE:log_inner.cpp][LINE:148]
 (function npuSynchronizeDevice)
[W728 09:54:38.346269070 NPUStream.cpp:578] Warning: NPU warning, error code is 507011[Error]: 
[Error]: Model execution failed. 
        Rectify the fault based on the error information in the ascend log.
EE9999: Inner Error!
EE9999[PID: 395297] 2026-07-28-09:54:38.432.490 (EE9999):  rtDeviceSynchronizeWithTimeout execution failed, reason=the model stream execute failed[FUNC:FuncErrorReason][FILE:error_message_manage.cc][LINE:65]
        TraceBack (most recent call last):
       wait for compute device to finish failed, runtime result = 507011.[FUNC:ReportCallError][FILE:log_inner.cpp][LINE:148]
 (function npuSynchronizeDevice)
[W728 09:54:38.347264610 NPUStream.cpp:578] Warning: NPU warning, error code is 507011[Error]: 
[Error]: Model execution failed. 
        Rectify the fault based on the error information in the ascend log.
EE9999: Inner Error!
EE9999[PID: 395729] 2026-07-28-09:54:38.433.531 (EE9999):  rtDeviceSynchronizeWithTimeout execution failed, reason=the model stream execute failed[FUNC:FuncErrorReason][FILE:error_message_manage.cc][LINE:65]
        TraceBack (most recent call last):
       wait for compute device to finish failed, runtime result = 507011.[FUNC:ReportCallError][FILE:log_inner.cpp][LINE:148]
 (function npuSynchronizeDevice)
[W728 09:54:38.349807860 NPUStream.cpp:578] Warning: NPU warning, error code is 507011[Error]: 
[Error]: Model execution failed. 
        Rectify the fault based on the error information in the ascend log.
EE9999: Inner Error!
EE9999[PID: 395729] 2026-07-28-09:54:38.436.138 (EE9999):  rtDeviceSynchronizeWithTimeout execution failed, reason=the model stream execute failed[FUNC:FuncErrorReason][FILE:error_message_manage.cc][LINE:65]
        TraceBack (most recent call last):
       wait for compute device to finish failed, runtime result = 507011.[FUNC:ReportCallError][FILE:log_inner.cpp][LINE:148]
 (function npuSynchronizeDevice)
[W728 09:54:38.353280610 NPUStream.cpp:578] Warning: NPU warning, error code is 507011[Error]: 
[Error]: Model execution failed. 
        Rectify the fault based on the error information in the ascend log.
EE9999: Inner Error!
EE9999[PID: 395300] 2026-07-28-09:54:38.439.513 (EE9999):  rtDeviceSynchronizeWithTimeout execution failed, reason=the model stream execute failed[FUNC:FuncErrorReason][FILE:error_message_manage.cc][LINE:65]
        TraceBack (most recent call last):
       wait for compute device to finish failed, runtime result = 507011.[FUNC:ReportCallError][FILE:log_inner.cpp][LINE:148]
 (function npuSynchronizeDevice)
[W728 09:54:38.354898970 NPUStream.cpp:578] Warning: NPU warning, error code is 507011[Error]: 
[Error]: Model execution failed. 
        Rectify the fault based on the error information in the ascend log.
EE9999: Inner Error!
EE9999[PID: 395297] 2026-07-28-09:54:38.440.994 (EE9999):  rtDeviceSynchronizeWithTimeout execution failed, reason=the model stream execute failed[FUNC:FuncErrorReason][FILE:error_message_manage.cc][LINE:65]
        TraceBack (most recent call last):
       wait for compute device to finish failed, runtime result = 507011.[FUNC:ReportCallError][FILE:log_inner.cpp][LINE:148]
 (function npuSynchronizeDevice)
[W728 09:54:38.356240190 NPUStream.cpp:578] Warning: NPU warning, error code is 507011[Error]: 
[Error]: Model execution failed. 
        Rectify the fault based on the error information in the ascend log.
EE9999: Inner Error!
EE9999[PID: 395300] 2026-07-28-09:54:38.442.461 (EE9999):  rtDeviceSynchronizeWithTimeout execution failed, reason=the model stream execute failed[FUNC:FuncErrorReason][FILE:error_message_manage.cc][LINE:65]
        TraceBack (most recent call last):
       wait for compute device to finish failed, runtime result = 507011.[FUNC:ReportCallError][FILE:log_inner.cpp][LINE:148]
 (function npuSynchronizeDevice)
[W728 09:54:38.356979910 NPUStream.cpp:578] Warning: NPU warning, error code is 507011[Error]: 
[Error]: Model execution failed. 
        Rectify the fault based on the error information in the ascend log.
EE9999: Inner Error!
EE9999[PID: 395297] 2026-07-28-09:54:38.443.287 (EE9999):  rtDeviceSynchronizeWithTimeout execution failed, reason=the model stream execute failed[FUNC:FuncErrorReason][FILE:error_message_manage.cc][LINE:65]
        TraceBack (most recent call last):
       wait for compute device to finish failed, runtime result = 507011.[FUNC:ReportCallError][FILE:log_inner.cpp][LINE:148]
 (function npuSynchronizeDevice)
(EngineCore_DP3 pid=394825) WARNING 07-28 09:54:41 [multiproc_executor.py:441] [shutdown] Executor: workers still running after grace period; sending SIGTERM count=2
(EngineCore_DP5 pid=394894) WARNING 07-28 09:54:41 [multiproc_executor.py:441] [shutdown] Executor: workers still running after grace period; sending SIGTERM count=2
(EngineCore_DP0 pid=394878) WARNING 07-28 09:54:41 [multiproc_executor.py:441] [shutdown] Executor: workers still running after grace period; sending SIGTERM count=2
(EngineCore_DP2 pid=394852) WARNING 07-28 09:54:41 [multiproc_executor.py:441] [shutdown] Executor: workers still running after grace period; sending SIGTERM count=2
(EngineCore_DP4 pid=394824) WARNING 07-28 09:54:41 [multiproc_executor.py:441] [shutdown] Executor: workers still running after grace period; sending SIGTERM count=2
(EngineCore_DP1 pid=394832) WARNING 07-28 09:54:41 [multiproc_executor.py:441] [shutdown] Executor: workers still running after grace period; sending SIGTERM count=2
(EngineCore_DP3 pid=394825) WARNING 07-28 09:54:42 [parallel_state.py:2131] torch._C._host_emptyCache() only available in Pytorch >=2.5
(EngineCore_DP3 pid=394825) Process EngineCore_DP3:
(EngineCore_DP3 pid=394825) Traceback (most recent call last):
(EngineCore_DP3 pid=394825)   File "/usr/local/lib/python3.11/multiprocessing/process.py", line 314, in _bootstrap
(EngineCore_DP3 pid=394825)     self.run()
(EngineCore_DP3 pid=394825)   File "/usr/local/lib/python3.11/multiprocessing/process.py", line 108, in run
(EngineCore_DP3 pid=394825)     self._target(*self._args, **self._kwargs)
(EngineCore_DP3 pid=394825)   File "/home/l00838859/cann/my-project/vllm-ascend/vllm_ascend/patch/platform/patch_balance_schedule.py", line 896, in _balance_run_engine_core
(EngineCore_DP3 pid=394825)     return _OriginalRunEngineCore(*args, dp_rank=dp_rank, local_dp_rank=local_dp_rank, **kwargs)
(EngineCore_DP3 pid=394825)            ^^^^^^^^^^^^^^^^^^^^^^^^^^^^^^^^^^^^^^^^^^^^^^^^^^^^^^^^^^^^^^^^^^^^^^^^^^^^^^^^^^^^^
(EngineCore_DP3 pid=394825)   File "/home/l00838859/cann/my-project/vllm/vllm/v1/engine/core.py", line 1235, in run_engine_core
(EngineCore_DP3 pid=394825)     raise e
(EngineCore_DP3 pid=394825)   File "/home/l00838859/cann/my-project/vllm/vllm/v1/engine/core.py", line 1224, in run_engine_core
(EngineCore_DP3 pid=394825)     engine_core.run_busy_loop()
(EngineCore_DP3 pid=394825)   File "/home/l00838859/cann/my-project/vllm/vllm/v1/engine/core.py", line 1943, in run_busy_loop
(EngineCore_DP3 pid=394825)     executed = self._process_engine_step()
(EngineCore_DP3 pid=394825)                ^^^^^^^^^^^^^^^^^^^^^^^^^^^
(EngineCore_DP3 pid=394825)   File "/home/l00838859/cann/my-project/vllm/vllm/v1/engine/core.py", line 1304, in _process_engine_step
(EngineCore_DP3 pid=394825)     outputs, model_executed = self.step_fn()
(EngineCore_DP3 pid=394825)                               ^^^^^^^^^^^^^^
(EngineCore_DP3 pid=394825)   File "/home/l00838859/cann/my-project/vllm/vllm/v1/engine/core.py", line 595, in step_with_batch_queue
(EngineCore_DP3 pid=394825)     model_output = future.result()
(EngineCore_DP3 pid=394825)                    ^^^^^^^^^^^^^^^
(EngineCore_DP3 pid=394825)   File "/home/l00838859/cann/my-project/vllm/vllm/v1/executor/multiproc_executor.py", line 91, in result
(EngineCore_DP3 pid=394825)     return super().result()
(EngineCore_DP3 pid=394825)            ^^^^^^^^^^^^^^^^
(EngineCore_DP3 pid=394825)   File "/usr/local/lib/python3.11/concurrent/futures/_base.py", line 449, in result
(EngineCore_DP3 pid=394825)     return self.__get_result()
(EngineCore_DP3 pid=394825)            ^^^^^^^^^^^^^^^^^^^
(EngineCore_DP3 pid=394825)   File "/usr/local/lib/python3.11/concurrent/futures/_base.py", line 401, in __get_result
(EngineCore_DP3 pid=394825)     raise self._exception
(EngineCore_DP3 pid=394825)   File "/home/l00838859/cann/my-project/vllm/vllm/v1/executor/multiproc_executor.py", line 95, in _wait_for_response
(EngineCore_DP3 pid=394825)     response = self.aggregate(self.get_response())
(EngineCore_DP3 pid=394825)                               ^^^^^^^^^^^^^^^^^^^
(EngineCore_DP3 pid=394825)   File "/home/l00838859/cann/my-project/vllm/vllm/v1/executor/multiproc_executor.py", line 394, in get_response
(EngineCore_DP3 pid=394825)     raise RuntimeError(
(EngineCore_DP3 pid=394825) RuntimeError: Worker failed with error 'synchronize:../torch_npu/csrc/core/npu/NPUEvent.cpp:212 NPU function error: aclrtSynchronizeEvent(event_), error code is 507011
(EngineCore_DP3 pid=394825) [ERROR] 2026-07-28-09:54:36 (PID:395299, Device:6, RankID:-1) ERR00100 PTA call acl api failed
(EngineCore_DP3 pid=394825) [Error]: Model execution failed. 
(EngineCore_DP3 pid=394825)         Rectify the fault based on the error information in the ascend log.
(EngineCore_DP3 pid=394825) [PID: 395299] 2026-07-28-09:54:36.630.636 Execution_Error_SDMA(EI0012): SDMA memory copy task exception occurred. Remote rank: [0]. Base information: [streamID:[81], taskID[1], taskType[Task AIV], tag[], AlgType(level 0-1-2):[ring-ring-ring].]. Task information: [cmdType:[6], tag:[5], size:[688128], numBlocks:[8], rankSize:[2], aivRdmaStep:[-1], flagMem:[0x130f61a00000], isOpbase:[0]
(EngineCore_DP3 pid=394825) there are 5 abnormal device(s), only the first 3 devices are listed:
(EngineCore_DP3 pid=394825) 	[TaskExecStage][HeartbeatAbnormal]Cluster Exception Location[IP/ID]:[10.10.1.44/4], Arrival Time:[Tue Jul 28 09:52:57 2026], ExceptionType:[Stuck Occurred], Possible Reason:1.Host process is stuck, 2.Device task is stuck
(EngineCore_DP3 pid=394825) 	[TaskExecStage][HeartbeatAbnormal]Cluster Exception Location[IP/ID]:[10.10.1.44/13], Arrival Time:[Tue Jul 28 09:52:57 2026], ExceptionType:[Stuck Occurred], Possible Reason:1.Host process is stuck, 2.Device task is stuck
(EngineCore_DP3 pid=394825) 	[TaskExecStage][HeartbeatAbnormal]Cluster Exception Location[IP/ID]:[10.10.1.44/15], Arrival Time:[Tue Jul 28 09:52:57 2026], ExceptionType:[Stuck Occurred], Possible Reason:1.Host process is stuck, 2.Device task is stuck
(EngineCore_DP3 pid=394825) ]. Communicator information: [].
(EngineCore_DP3 pid=394825)         Possible Cause: 1. Network connection exception occurred during the SDMA task execution. 2. The peer process exits abnormally. 3. The input or output memory address is not allocated, the actual allocated size is smaller than the input data size, or the memory is freed before the operator execution is complete.
(EngineCore_DP3 pid=394825)         Solution: 1. Check whether the network link is abnormal during the execution. 2. Check whether a process in the cluster exits before an error is reported. If yes, locate the cause of the process exit. 3. Check whether the size of the input/output memory passed to the communication operator meets the expectation, and whether the input/output memory or communicator is freed or destroyed before the operator execution is complete.
(EngineCore_DP3 pid=394825)         TraceBack (most recent call last):
(EngineCore_DP3 pid=394825)         The error from device(chipId:3, dieId:0), serial number is 16, there is an exception of aivec error, core id is 36, error code = 0, dump info: pc start: 0x12c0de87ba0c, current: 0x12c0de89f0c4, vec error info: 0xad00000cfe, mte error info: 0xf603079c70, ifu error info: 0x217ffbe014040, ccu error info: 0xf245808a6880003f, cube error info: 0, biu error info: 0, aic error mask: 0x6500020bd00028c, para base: 0x12c140019000.[FUNC:PrintCoreInfo][FILE:device_error_core_proc.cc][LINE:645]
(EngineCore_DP3 pid=394825)         The extend info: errcode:(0, 0, 0) errorStr: timeout or trap error. fixp_error0 info: 0x3079c70, fixp_error1 info: 0xf6, fsmId:0, tslot:3, thread:0, ctxid:0, blk:1, sublk:0, subErrType:4.[FUNC:PrintCoreInfo][FILE:device_error_core_proc.cc][LINE:658]
(EngineCore_DP3 pid=394825)         The error from device(chipId:3, dieId:0), serial number is 16, there is an exception of aivec error, core id is 38, error code = 0, dump info: pc start: 0x12c0de87ba0c, current: 0x12c0de89f0c4, vec error info: 0xad00000bfe, mte error info: 0xf603080c70, ifu error info: 0x20001bdc5cb00, ccu error info: 0x3388add06880003f, cube error info: 0, biu error info: 0, aic error mask: 0x6500020bd00028c, para base: 0x12c140019000.[FUNC:PrintCoreInfo][FILE:device_error_core_proc.cc][LINE:645]
(EngineCore_DP3 pid=394825)         The extend info: errcode:(0, 0, 0) errorStr: timeout or trap error. fixp_error0 info: 0x3080c70, fixp_error1 info: 0xf6, fsmId:0, tslot:3, thread:0, ctxid:0, blk:3, sublk:0, subErrType:4.[FUNC:PrintCoreInfo][FILE:device_error_core_proc.cc][LINE:658]
(EngineCore_DP3 pid=394825)         The error from device(chipId:3, dieId:0), serial number is 16, there is an exception of aivec error, core id is 35, error code = 0, dump info: pc start: 0x12c0de87ba0c, current: 0x12c0de89f0c4, vec error info: 0xad00000cfe, mte error info: 0xf603064c70, ifu error info: 0x20001bdc5cb00, ccu error info: 0x432a0aef668000ae, cube error info: 0, biu error info: 0, aic error mask: 0x6500020bd00028c, para base: 0x12c140019000.[FUNC:PrintCoreInfo][FILE:device_error_core_proc.cc][LINE:645]
(EngineCore_DP3 pid=394825)         The extend info: errcode:(0, 0, 0) errorStr: timeout or trap error. fixp_error0 info: 0x3064c70, fixp_error1 info: 0xf6, fsmId:1, tslot:3, thread:0, ctxid:0, blk:0, sublk:0, subErrType:4.[FUNC:PrintCoreInfo][FILE:device_error_core_proc.cc][LINE:658]
(EngineCore_DP3 pid=394825)         The error from device(chipId:3, dieId:0), serial number is 16, there is an exception of aivec error, core id is 37, error code = 0, dump info: pc start: 0x12c0de87ba0c, current: 0x12c0de89f0c4, vec error info: 0xad00000bfe, mte error info: 0xf60307cc70, ifu error info: 0x217ffbe014040, ccu error info: 0xb8e780076880003f, cube error info: 0, biu error info: 0, aic error mask: 0x6500020bd00028c, para base: 0x12c140019000.[FUNC:PrintCoreInfo][FILE:device_error_core_proc.cc][LINE:645]
(EngineCore_DP3 pid=394825)         The extend info: errcode:(0, 0, 0) errorStr: timeout or trap error. fixp_error0 info: 0x307cc70, fixp_error1 info: 0xf6, fsmId:1, tslot:3, thread:0, ctxid:0, blk:2, sublk:0, subErrType:4.[FUNC:PrintCoreInfo][FILE:device_error_core_proc.cc][LINE:658]
(EngineCore_DP3 pid=394825)         SDMA memory copy task exception occurred. Remote rank: [0]. Base information: [streamID:[81], taskID[1], taskType[Task AIV], tag[], AlgType(level 0-1-2):[ring-ring-ring].]. Task information: [cmdType:[6], tag:[5], size:[688128], numBlocks:[8], rankSize:[2], aivRdmaStep:[-1], flagMem:[0x130f61a00000], isOpbase:[0]
(EngineCore_DP3 pid=394825) there are 5 abnormal device(s), only the first 3 devices are listed:
(EngineCore_DP3 pid=394825) 	[TaskExecStage][HeartbeatAbnormal]Cluster Exception Location[IP/ID]:[10.10.1.44/4], Arrival Time:[Tue Jul 28 09:52:57 2026], ExceptionType:[Stuck Occurred], Possible Reason:1.Host process is stuck, 2.Device task is stuck
(EngineCore_DP3 pid=394825) 	[TaskExecStage][HeartbeatAbnormal]Cluster Exception Location[IP/ID]:[10.10.1.44/13], Arrival Time:[Tue Jul 28 09:52:57 2026], ExceptionType:[Stuck Occurred], Possible Reason:1.Host process is stuck, 2.Device task is stuck
(EngineCore_DP3 pid=394825) 	[TaskExecStage][HeartbeatAbnormal]Cluster Exception Location[IP/ID]:[10.10.1.44/15], Arrival Time:[Tue Jul 28 09:52:57 2026], ExceptionType:[Stuck Occurred], Possible Reason:1.Host process is stuck, 2.Device task is stuck
(EngineCore_DP3 pid=394825) ]. Communicator information: [].
(EngineCore_DP3 pid=394825)         rtEventSynchronize execution failed, reason=the model stream execute failed[FUNC:FuncErrorReason][FILE:error_message_manage.cc][LINE:65]
(EngineCore_DP3 pid=394825)         wait event to be complete failed, runtime result = 507011[FUNC:ReportCallError][FILE:log_inner.cpp][LINE:148]
(EngineCore_DP3 pid=394825) ', please check the stack trace above for the root cause
(EngineCore_DP2 pid=394852) WARNING 07-28 09:54:42 [parallel_state.py:2131] torch._C._host_emptyCache() only available in Pytorch >=2.5
(EngineCore_DP2 pid=394852) Process EngineCore_DP2:
(EngineCore_DP2 pid=394852) Traceback (most recent call last):
(EngineCore_DP2 pid=394852)   File "/usr/local/lib/python3.11/multiprocessing/process.py", line 314, in _bootstrap
(EngineCore_DP2 pid=394852)     self.run()
(EngineCore_DP2 pid=394852)   File "/usr/local/lib/python3.11/multiprocessing/process.py", line 108, in run
(EngineCore_DP2 pid=394852)     self._target(*self._args, **self._kwargs)
(EngineCore_DP2 pid=394852)   File "/home/l00838859/cann/my-project/vllm-ascend/vllm_ascend/patch/platform/patch_balance_schedule.py", line 896, in _balance_run_engine_core
(EngineCore_DP2 pid=394852)     return _OriginalRunEngineCore(*args, dp_rank=dp_rank, local_dp_rank=local_dp_rank, **kwargs)
(EngineCore_DP2 pid=394852)            ^^^^^^^^^^^^^^^^^^^^^^^^^^^^^^^^^^^^^^^^^^^^^^^^^^^^^^^^^^^^^^^^^^^^^^^^^^^^^^^^^^^^^
(EngineCore_DP2 pid=394852)   File "/home/l00838859/cann/my-project/vllm/vllm/v1/engine/core.py", line 1235, in run_engine_core
(EngineCore_DP2 pid=394852)     raise e
(EngineCore_DP2 pid=394852)   File "/home/l00838859/cann/my-project/vllm/vllm/v1/engine/core.py", line 1224, in run_engine_core
(EngineCore_DP2 pid=394852)     engine_core.run_busy_loop()
(EngineCore_DP2 pid=394852)   File "/home/l00838859/cann/my-project/vllm/vllm/v1/engine/core.py", line 1943, in run_busy_loop
(EngineCore_DP2 pid=394852)     executed = self._process_engine_step()
(EngineCore_DP2 pid=394852)                ^^^^^^^^^^^^^^^^^^^^^^^^^^^
(EngineCore_DP2 pid=394852)   File "/home/l00838859/cann/my-project/vllm/vllm/v1/engine/core.py", line 1304, in _process_engine_step
(EngineCore_DP2 pid=394852)     outputs, model_executed = self.step_fn()
(EngineCore_DP2 pid=394852)                               ^^^^^^^^^^^^^^
(EngineCore_DP2 pid=394852)   File "/home/l00838859/cann/my-project/vllm/vllm/v1/engine/core.py", line 595, in step_with_batch_queue
(EngineCore_DP2 pid=394852)     model_output = future.result()
(EngineCore_DP2 pid=394852)                    ^^^^^^^^^^^^^^^
(EngineCore_DP2 pid=394852)   File "/home/l00838859/cann/my-project/vllm/vllm/v1/executor/multiproc_executor.py", line 91, in result
(EngineCore_DP2 pid=394852)     return super().result()
(EngineCore_DP2 pid=394852)            ^^^^^^^^^^^^^^^^
(EngineCore_DP2 pid=394852)   File "/usr/local/lib/python3.11/concurrent/futures/_base.py", line 449, in result
(EngineCore_DP2 pid=394852)     return self.__get_result()
(EngineCore_DP2 pid=394852)            ^^^^^^^^^^^^^^^^^^^
(EngineCore_DP2 pid=394852)   File "/usr/local/lib/python3.11/concurrent/futures/_base.py", line 401, in __get_result
(EngineCore_DP2 pid=394852)     raise self._exception
(EngineCore_DP2 pid=394852)   File "/home/l00838859/cann/my-project/vllm/vllm/v1/executor/multiproc_executor.py", line 95, in _wait_for_response
(EngineCore_DP2 pid=394852)     response = self.aggregate(self.get_response())
(EngineCore_DP2 pid=394852)                               ^^^^^^^^^^^^^^^^^^^
(EngineCore_DP2 pid=394852)   File "/home/l00838859/cann/my-project/vllm/vllm/v1/executor/multiproc_executor.py", line 394, in get_response
(EngineCore_DP2 pid=394852)     raise RuntimeError(
(EngineCore_DP2 pid=394852) RuntimeError: Worker failed with error 'synchronize:../torch_npu/csrc/core/npu/NPUEvent.cpp:212 NPU function error: aclrtSynchronizeEvent(event_), error code is 507011
(EngineCore_DP2 pid=394852) [ERROR] 2026-07-28-09:54:36 (PID:395296, Device:4, RankID:-1) ERR00100 PTA call acl api failed
(EngineCore_DP2 pid=394852) [Error]: Model execution failed. 
(EngineCore_DP2 pid=394852)         Rectify the fault based on the error information in the ascend log.
(EngineCore_DP2 pid=394852) [PID: 395296] 2026-07-28-09:54:36.636.833 Execution_Error_SDMA(EI0012): SDMA memory copy task exception occurred. Remote rank: [0]. Base information: [streamID:[1302], taskID[1], taskType[Task AIV], tag[], AlgType(level 0-1-2):[ring-ring-ring].]. Task information: [cmdType:[6], tag:[1], size:[688128], numBlocks:[8], rankSize:[2], aivRdmaStep:[-1], flagMem:[0x130f61a00000], isOpbase:[0]
(EngineCore_DP2 pid=394852) there are(is) 2 abnormal device(s):
(EngineCore_DP2 pid=394852) 	[TaskExecStage][HeartbeatAbnormal]Cluster Exception Location[IP/ID]:[10.10.1.44/4], Arrival Time:[Tue Jul 28 09:52:57 2026], ExceptionType:[Stuck Occurred], Possible Reason:1.Host process is stuck, 2.Device task is stuck
(EngineCore_DP2 pid=394852) 	[TaskExecStage][HeartbeatAbnormal]Cluster Exception Location[IP/ID]:[10.10.1.44/1], Arrival Time:[Tue Jul 28 09:52:57 2026], ExceptionType:[Stuck Occurred], Possible Reason:1.Host process is stuck, 2.Device task is stuck
(EngineCore_DP2 pid=394852) ]. Communicator information: [].
(EngineCore_DP2 pid=394852)         Possible Cause: 1. Network connection exception occurred during the SDMA task execution. 2. The peer process exits abnormally. 3. The input or output memory address is not allocated, the actual allocated size is smaller than the input data size, or the memory is freed before the operator execution is complete.
(EngineCore_DP2 pid=394852)         Solution: 1. Check whether the network link is abnormal during the execution. 2. Check whether a process in the cluster exits before an error is reported. If yes, locate the cause of the process exit. 3. Check whether the size of the input/output memory passed to the communication operator meets the expectation, and whether the input/output memory or communicator is freed or destroyed before the operator execution is complete.
(EngineCore_DP2 pid=394852)         TraceBack (most recent call last):
(EngineCore_DP2 pid=394852)         The error from device(chipId:2, dieId:0), serial number is 15, there is an exception of aivec error, core id is 12, error code = 0, dump info: pc start: 0x12c0de87ba0c, current: 0x12c0de884c50, vec error info: 0xad00000cfe, mte error info: 0xf603064c70, ifu error info: 0x217fffe01c000, ccu error info: 0x9132daa56880003f, cube error info: 0, biu error info: 0, aic error mask: 0x6500020bd00028c, para base: 0x12c141434000.[FUNC:PrintCoreInfo][FILE:device_error_core_proc.cc][LINE:645]
(EngineCore_DP2 pid=394852)         The extend info: errcode:(0, 0, 0) errorStr: timeout or trap error. fixp_error0 info: 0x3064c70, fixp_error1 info: 0xf6, fsmId:0, tslot:1, thread:0, ctxid:0, blk:0, sublk:0, subErrType:4.[FUNC:PrintCoreInfo][FILE:device_error_core_proc.cc][LINE:658]
(EngineCore_DP2 pid=394852)         The error from device(chipId:2, dieId:0), serial number is 15, there is an exception of aivec error, core id is 13, error code = 0, dump info: pc start: 0x12c0de87ba0c, current: 0x12c0de89db6c, vec error info: 0xad00000cfe, mte error info: 0xf603070c70, ifu error info: 0x217fffe01c000, ccu error info: 0xb2730a3a6880003f, cube error info: 0, biu error info: 0, aic error mask: 0x6500020bd00028c, para base: 0x12c141434000.[FUNC:PrintCoreInfo][FILE:device_error_core_proc.cc][LINE:645]
(EngineCore_DP2 pid=394852)         The extend info: errcode:(0, 0, 0) errorStr: timeout or trap error. fixp_error0 info: 0x3070c70, fixp_error1 info: 0xf6, fsmId:0, tslot:1, thread:0, ctxid:0, blk:1, sublk:0, subErrType:4.[FUNC:PrintCoreInfo][FILE:device_error_core_proc.cc][LINE:658]
(EngineCore_DP2 pid=394852)         The error from device(chipId:2, dieId:0), serial number is 15, there is an exception of aivec error, core id is 14, error code = 0, dump info: pc start: 0x12c0de87ba0c, current: 0x12c0de89db24, vec error info: 0xad00000cfe, mte error info: 0xf603064c70, ifu error info: 0x217fffe01c000, ccu error info: 0x1181b4986880003f, cube error info: 0, biu error info: 0, aic error mask: 0x6500020bd00028c, para base: 0x12c141434000.[FUNC:PrintCoreInfo][FILE:device_error_core_proc.cc][LINE:645]
(EngineCore_DP2 pid=394852)         The extend info: errcode:(0, 0, 0) errorStr: timeout or trap error. fixp_error0 info: 0x3064c70, fixp_error1 info: 0xf6, fsmId:0, tslot:1, thread:0, ctxid:0, blk:2, sublk:0, subErrType:4.[FUNC:PrintCoreInfo][FILE:device_error_core_proc.cc][LINE:658]
(EngineCore_DP2 pid=394852)         The error from device(chipId:2, dieId:0), serial number is 15, there is an exception of aivec error, core id is 15, error code = 0, dump info: pc start: 0x12c0de87ba0c, current: 0x12c0de89db44, vec error info: 0xad00000cfe, mte error info: 0xf60306ac70, ifu error info: 0x217fffe01c000, ccu error info: 0xc68937e36880003f, cube error info: 0, biu error info: 0, aic error mask: 0x6500020bd00028c, para base: 0x12c141434000.[FUNC:PrintCoreInfo][FILE:device_error_core_proc.cc][LINE:645]
(EngineCore_DP2 pid=394852)         The extend info: errcode:(0, 0, 0) errorStr: timeout or trap error. fixp_error0 info: 0x306ac70, fixp_error1 info: 0xf6, fsmId:0, tslot:1, thread:0, ctxid:0, blk:3, sublk:0, subErrType:4.[FUNC:PrintCoreInfo][FILE:device_error_core_proc.cc][LINE:658]
(EngineCore_DP2 pid=394852)         The error from device(chipId:2, dieId:0), serial number is 15, there is an exception of aivec error, core id is 17, error code = 0, dump info: pc start: 0x12c0de87ba0c, current: 0x12c0de89db44, vec error info: 0xad000030c3, mte error info: 0x4e060000c7, ifu error info: 0x217fffe01c000, ccu error info: 0x1a0b6b936880003f, cube error info: 0, biu error info: 0, aic error mask: 0x6500020bd00028c, para base: 0x12c141434000.[FUNC:PrintCoreInfo][FILE:device_error_core_proc.cc][LINE:645]
(EngineCore_DP2 pid=394852)         The extend info: errcode:(0, 0, 0) errorStr: timeout or trap error. fixp_error0 info: 0x60000c7, fixp_error1 info: 0x4e, fsmId:0, tslot:1, thread:0, ctxid:0, blk:5, sublk:0, subErrType:4.[FUNC:PrintCoreInfo][FILE:device_error_core_proc.cc][LINE:658]
(EngineCore_DP2 pid=394852)         The error from device(chipId:2, dieId:0), serial number is 15, there is an exception of aivec error, core id is 16, error code = 0, dump info: pc start: 0x12c0de87ba0c, current: 0x12c0de89db44, vec error info: 0xad000030c3, mte error info: 0xf603064c70, ifu error info: 0x217fffe01c000, ccu error info: 0x8e18481f6880003f, cube error info: 0, biu error info: 0, aic error mask: 0x6500020bd00028c, para base: 0x12c141434000.[FUNC:PrintCoreInfo][FILE:device_error_core_proc.cc][LINE:645]
(EngineCore_DP2 pid=394852)         The extend info: errcode:(0, 0, 0) errorStr: timeout or trap error. fixp_error0 info: 0x3064c70, fixp_error1 info: 0xf6, fsmId:1, tslot:1, thread:0, ctxid:0, blk:4, sublk:0, subErrType:4.[FUNC:PrintCoreInfo][FILE:device_error_core_proc.cc][LINE:658]
(EngineCore_DP2 pid=394852)         The error from device(chipId:2, dieId:0), serial number is 15, there is an exception of aivec error, core id is 18, error code = 0, dump info: pc start: 0x12c0de87ba0c, current: 0x12c0de89db44, vec error info: 0xad00000cfe, mte error info: 0xf603064c70, ifu error info: 0x217fffe01c000, ccu error info: 0x122cf8026880003f, cube error info: 0, biu error info: 0, aic error mask: 0x6500020bd00028c, para base: 0x12c141434000.[FUNC:PrintCoreInfo][FILE:device_error_core_proc.cc][LINE:645]
(EngineCore_DP2 pid=394852)         The extend info: errcode:(0, 0, 0) errorStr: timeout or trap error. fixp_error0 info: 0x3064c70, fixp_error1 info: 0xf6, fsmId:1, tslot:1, thread:0, ctxid:0, blk:6, sublk:0, subErrType:4.[FUNC:PrintCoreInfo][FILE:device_error_core_proc.cc][LINE:658]
(EngineCore_DP2 pid=394852)         The error from device(chipId:2, dieId:0), serial number is 15, there is an exception of aivec error, core id is 19, error code = 0, dump info: pc start: 0x12c0de87ba0c, current: 0x12c0de89db38, vec error info: 0xad00000cfe, mte error info: 0xf60307ac70, ifu error info: 0x217fffe01c000, ccu error info: 0x12a17dc86880003f, cube error info: 0, biu error info: 0, aic error mask: 0x6500020bd00028c, para base: 0x12c141434000.[FUNC:PrintCoreInfo][FILE:device_error_core_proc.cc][LINE:645]
(EngineCore_DP2 pid=394852)         The extend info: errcode:(0, 0, 0) errorStr: timeout or trap error. fixp_error0 info: 0x307ac70, fixp_error1 info: 0xf6, fsmId:1, tslot:1, thread:0, ctxid:0, blk:7, sublk:0, subErrType:4.[FUNC:PrintCoreInfo][FILE:device_error_core_proc.cc][LINE:658]
(EngineCore_DP2 pid=394852)         SDMA memory copy task exception occurred. Remote rank: [0]. Base information: [streamID:[1302], taskID[1], taskType[Task AIV], tag[], AlgType(level 0-1-2):[ring-ring-ring].]. Task information: [cmdType:[6], tag:[1], size:[688128], numBlocks:[8], rankSize:[2], aivRdmaStep:[-1], flagMem:[0x130f61a00000], isOpbase:[0]
(EngineCore_DP2 pid=394852) there are(is) 2 abnormal device(s):
(EngineCore_DP2 pid=394852) 	[TaskExecStage][HeartbeatAbnormal]Cluster Exception Location[IP/ID]:[10.10.1.44/4], Arrival Time:[Tue Jul 28 09:52:57 2026], ExceptionType:[Stuck Occurred], Possible Reason:1.Host process is stuck, 2.Device task is stuck
(EngineCore_DP2 pid=394852) 	[TaskExecStage][HeartbeatAbnormal]Cluster Exception Location[IP/ID]:[10.10.1.44/1], Arrival Time:[Tue Jul 28 09:52:57 2026], ExceptionType:[Stuck Occurred], Possible Reason:1.Host process is stuck, 2.Device task is stuck
(EngineCore_DP2 pid=394852) ]. Communicator information: [].
(EngineCore_DP2 pid=394852)         rtEventSynchronize execution failed, reason=the model stream execute failed[FUNC:FuncErrorReason][FILE:error_message_manage.cc][LINE:65]
(EngineCore_DP2 pid=394852)         wait event to be complete failed, runtime result = 507011[FUNC:ReportCallError][FILE:log_inner.cpp][LINE:148]
(EngineCore_DP2 pid=394852) ', please check the stack trace above for the root cause
(EngineCore_DP0 pid=394878) WARNING 07-28 09:54:42 [parallel_state.py:2131] torch._C._host_emptyCache() only available in Pytorch >=2.5
(EngineCore_DP0 pid=394878) Process EngineCore_DP0:
(EngineCore_DP0 pid=394878) Traceback (most recent call last):
(EngineCore_DP0 pid=394878)   File "/usr/local/lib/python3.11/multiprocessing/process.py", line 314, in _bootstrap
(EngineCore_DP0 pid=394878)     self.run()
(EngineCore_DP0 pid=394878)   File "/usr/local/lib/python3.11/multiprocessing/process.py", line 108, in run
(EngineCore_DP0 pid=394878)     self._target(*self._args, **self._kwargs)
(EngineCore_DP0 pid=394878)   File "/home/l00838859/cann/my-project/vllm-ascend/vllm_ascend/patch/platform/patch_balance_schedule.py", line 896, in _balance_run_engine_core
(EngineCore_DP0 pid=394878)     return _OriginalRunEngineCore(*args, dp_rank=dp_rank, local_dp_rank=local_dp_rank, **kwargs)
(EngineCore_DP0 pid=394878)            ^^^^^^^^^^^^^^^^^^^^^^^^^^^^^^^^^^^^^^^^^^^^^^^^^^^^^^^^^^^^^^^^^^^^^^^^^^^^^^^^^^^^^
(EngineCore_DP0 pid=394878)   File "/home/l00838859/cann/my-project/vllm/vllm/v1/engine/core.py", line 1235, in run_engine_core
(EngineCore_DP0 pid=394878)     raise e
(EngineCore_DP0 pid=394878)   File "/home/l00838859/cann/my-project/vllm/vllm/v1/engine/core.py", line 1224, in run_engine_core
(EngineCore_DP0 pid=394878)     engine_core.run_busy_loop()
(EngineCore_DP0 pid=394878)   File "/home/l00838859/cann/my-project/vllm/vllm/v1/engine/core.py", line 1943, in run_busy_loop
(EngineCore_DP0 pid=394878)     executed = self._process_engine_step()
(EngineCore_DP0 pid=394878)                ^^^^^^^^^^^^^^^^^^^^^^^^^^^
(EngineCore_DP0 pid=394878)   File "/home/l00838859/cann/my-project/vllm/vllm/v1/engine/core.py", line 1304, in _process_engine_step
(EngineCore_DP0 pid=394878)     outputs, model_executed = self.step_fn()
(EngineCore_DP0 pid=394878)                               ^^^^^^^^^^^^^^
(EngineCore_DP0 pid=394878)   File "/home/l00838859/cann/my-project/vllm/vllm/v1/engine/core.py", line 595, in step_with_batch_queue
(EngineCore_DP0 pid=394878)     model_output = future.result()
(EngineCore_DP0 pid=394878)                    ^^^^^^^^^^^^^^^
(EngineCore_DP0 pid=394878)   File "/home/l00838859/cann/my-project/vllm/vllm/v1/executor/multiproc_executor.py", line 91, in result
(EngineCore_DP0 pid=394878)     return super().result()
(EngineCore_DP0 pid=394878)            ^^^^^^^^^^^^^^^^
(EngineCore_DP0 pid=394878)   File "/usr/local/lib/python3.11/concurrent/futures/_base.py", line 449, in result
(EngineCore_DP0 pid=394878)     return self.__get_result()
(EngineCore_DP0 pid=394878)            ^^^^^^^^^^^^^^^^^^^
(EngineCore_DP0 pid=394878)   File "/usr/local/lib/python3.11/concurrent/futures/_base.py", line 401, in __get_result
(EngineCore_DP0 pid=394878)     raise self._exception
(EngineCore_DP0 pid=394878)   File "/home/l00838859/cann/my-project/vllm/vllm/v1/executor/multiproc_executor.py", line 95, in _wait_for_response
(EngineCore_DP0 pid=394878)     response = self.aggregate(self.get_response())
(EngineCore_DP0 pid=394878)                               ^^^^^^^^^^^^^^^^^^^
(EngineCore_DP0 pid=394878)   File "/home/l00838859/cann/my-project/vllm/vllm/v1/executor/multiproc_executor.py", line 394, in get_response
(EngineCore_DP0 pid=394878)     raise RuntimeError(
(EngineCore_DP0 pid=394878) RuntimeError: Worker failed with error 'synchronize:../torch_npu/csrc/core/npu/NPUEvent.cpp:212 NPU function error: aclrtSynchronizeEvent(event_), error code is 507011
(EngineCore_DP0 pid=394878) [ERROR] 2026-07-28-09:54:36 (PID:395300, Device:0, RankID:-1) ERR00100 PTA call acl api failed
(EngineCore_DP0 pid=394878) [Error]: Model execution failed. 
(EngineCore_DP0 pid=394878)         Rectify the fault based on the error information in the ascend log.
(EngineCore_DP0 pid=394878) [PID: 395300] 2026-07-28-09:54:36.630.494 Execution_Error_SDMA(EI0012): SDMA memory copy task exception occurred. Remote rank: [0]. Base information: [streamID:[81], taskID[1], taskType[Task AIV], tag[], AlgType(level 0-1-2):[ring-ring-ring].]. Task information: [cmdType:[6], tag:[5], size:[688128], numBlocks:[8], rankSize:[2], aivRdmaStep:[-1], flagMem:[0x130f61a00000], isOpbase:[0]
(EngineCore_DP0 pid=394878) there are 5 abnormal device(s), only the first 3 devices are listed:
(EngineCore_DP0 pid=394878) 	[TaskExecStage][HeartbeatAbnormal]Cluster Exception Location[IP/ID]:[10.10.1.44/1], Arrival Time:[Tue Jul 28 09:52:57 2026], ExceptionType:[Stuck Occurred], Possible Reason:1.Host process is stuck, 2.Device task is stuck
(EngineCore_DP0 pid=394878) 	[TaskExecStage][HeartbeatAbnormal]Cluster Exception Location[IP/ID]:[10.10.1.44/0], Arrival Time:[Tue Jul 28 09:52:57 2026], ExceptionType:[Stuck Occurred], Possible Reason:1.Host process is stuck, 2.Device task is stuck
(EngineCore_DP0 pid=394878) 	[TaskExecStage][HeartbeatAbnormal]Cluster Exception Location[IP/ID]:[10.10.1.44/11], Arrival Time:[Tue Jul 28 09:52:57 2026], ExceptionType:[Stuck Occurred], Possible Reason:1.Host process is stuck, 2.Device task is stuck
(EngineCore_DP0 pid=394878) ]. Communicator information: [].
(EngineCore_DP0 pid=394878)         Possible Cause: 1. Network connection exception occurred during the SDMA task execution. 2. The peer process exits abnormally. 3. The input or output memory address is not allocated, the actual allocated size is smaller than the input data size, or the memory is freed before the operator execution is complete.
(EngineCore_DP0 pid=394878)         Solution: 1. Check whether the network link is abnormal during the execution. 2. Check whether a process in the cluster exits before an error is reported. If yes, locate the cause of the process exit. 3. Check whether the size of the input/output memory passed to the communication operator meets the expectation, and whether the input/output memory or communicator is freed or destroyed before the operator execution is complete.
(EngineCore_DP0 pid=394878)         TraceBack (most recent call last):
(EngineCore_DP0 pid=394878)         The error from device(chipId:0, dieId:0), serial number is 24, there is an exception of aivec error, core id is 11, error code = 0, dump info: pc start: 0x12c0de87ba0c, current: 0x12c0de89f0c4, vec error info: 0xad00000cfe, mte error info: 0xe2030003f7, ifu error info: 0x20001bdc5ce00, ccu error info: 0x2b8133a46880003f, cube error info: 0, biu error info: 0, aic error mask: 0x6500020bd00028c, para base: 0x12c1427d8000.[FUNC:PrintCoreInfo][FILE:device_error_core_proc.cc][LINE:645]
(EngineCore_DP0 pid=394878)         The extend info: errcode:(0, 0, 0) errorStr: timeout or trap error. fixp_error0 info: 0x30003f7, fixp_error1 info: 0xe2, fsmId:0, tslot:7, thread:0, ctxid:0, blk:4, sublk:0, subErrType:4.[FUNC:PrintCoreInfo][FILE:device_error_core_proc.cc][LINE:658]
(EngineCore_DP0 pid=394878)         The error from device(chipId:0, dieId:0), serial number is 24, there is an exception of aivec error, core id is 12, error code = 0, dump info: pc start: 0x12c0de87ba0c, current: 0x12c0de89f0c4, vec error info: 0xad00000cfe, mte error info: 0xe2030000f7, ifu error info: 0x2fffffe500000, ccu error info: 0xf84416606880003f, cube error info: 0, biu error info: 0, aic error mask: 0x6500020bd00028c, para base: 0x12c1427d8000.[FUNC:PrintCoreInfo][FILE:device_error_core_proc.cc][LINE:645]
(EngineCore_DP0 pid=394878)         The extend info: errcode:(0, 0, 0) errorStr: timeout or trap error. fixp_error0 info: 0x30000f7, fixp_error1 info: 0xe2, fsmId:0, tslot:7, thread:0, ctxid:0, blk:5, sublk:0, subErrType:4.[FUNC:PrintCoreInfo][FILE:device_error_core_proc.cc][LINE:658]
(EngineCore_DP0 pid=394878)         The error from device(chipId:0, dieId:0), serial number is 24, there is an exception of aivec error, core id is 14, error code = 0, dump info: pc start: 0x12c0de87ba0c, current: 0x12c0de89f0c4, vec error info: 0xad00000cfe, mte error info: 0xe2030000f7, ifu error info: 0x217ffbe014040, ccu error info: 0x3f36741c6880003f, cube error info: 0, biu error info: 0, aic error mask: 0x6500020bd00028c, para base: 0x12c1427d8000.[FUNC:PrintCoreInfo][FILE:device_error_core_proc.cc][LINE:645]
(EngineCore_DP0 pid=394878)         The extend info: errcode:(0, 0, 0) errorStr: timeout or trap error. fixp_error0 info: 0x30000f7, fixp_error1 info: 0xe2, fsmId:0, tslot:7, thread:0, ctxid:0, blk:7, sublk:0, subErrType:4.[FUNC:PrintCoreInfo][FILE:device_error_core_proc.cc][LINE:658]
(EngineCore_DP0 pid=394878)         The error from device(chipId:0, dieId:0), serial number is 24, there is an exception of aivec error, core id is 13, error code = 0, dump info: pc start: 0x12c0de87ba0c, current: 0x12c0de89f0c4, vec error info: 0xad00000cfe, mte error info: 0xe2030001f7, ifu error info: 0x2fffffe600000, ccu error info: 0x131781926880003f, cube error info: 0, biu error info: 0, aic error mask: 0x6500020bd00028c, para base: 0x12c1427d8000.[FUNC:PrintCoreInfo][FILE:device_error_core_proc.cc][LINE:645]
(EngineCore_DP0 pid=394878)         The extend info: errcode:(0, 0, 0) errorStr: timeout or trap error. fixp_error0 info: 0x30001f7, fixp_error1 info: 0xe2, fsmId:1, tslot:7, thread:0, ctxid:0, blk:6, sublk:0, subErrType:4.[FUNC:PrintCoreInfo][FILE:device_error_core_proc.cc][LINE:658]
(EngineCore_DP0 pid=394878)         SDMA memory copy task exception occurred. Remote rank: [0]. Base information: [streamID:[81], taskID[1], taskType[Task AIV], tag[], AlgType(level 0-1-2):[ring-ring-ring].]. Task information: [cmdType:[6], tag:[5], size:[688128], numBlocks:[8], rankSize:[2], aivRdmaStep:[-1], flagMem:[0x130f61a00000], isOpbase:[0]
(EngineCore_DP0 pid=394878) there are 5 abnormal device(s), only the first 3 devices are listed:
(EngineCore_DP0 pid=394878) 	[TaskExecStage][HeartbeatAbnormal]Cluster Exception Location[IP/ID]:[10.10.1.44/1], Arrival Time:[Tue Jul 28 09:52:57 2026], ExceptionType:[Stuck Occurred], Possible Reason:1.Host process is stuck, 2.Device task is stuck
(EngineCore_DP0 pid=394878) 	[TaskExecStage][HeartbeatAbnormal]Cluster Exception Location[IP/ID]:[10.10.1.44/0], Arrival Time:[Tue Jul 28 09:52:57 2026], ExceptionType:[Stuck Occurred], Possible Reason:1.Host process is stuck, 2.Device task is stuck
(EngineCore_DP0 pid=394878) 	[TaskExecStage][HeartbeatAbnormal]Cluster Exception Location[IP/ID]:[10.10.1.44/11], Arrival Time:[Tue Jul 28 09:52:57 2026], ExceptionType:[Stuck Occurred], Possible Reason:1.Host process is stuck, 2.Device task is stuck
(EngineCore_DP0 pid=394878) ]. Communicator information: [].
(EngineCore_DP0 pid=394878)         rtEventSynchronize execution failed, reason=the model stream execute failed[FUNC:FuncErrorReason][FILE:error_message_manage.cc][LINE:65]
(EngineCore_DP0 pid=394878)         wait event to be complete failed, runtime result = 507011[FUNC:ReportCallError][FILE:log_inner.cpp][LINE:148]
(EngineCore_DP0 pid=394878) ', please check the stack trace above for the root cause
(EngineCore_DP1 pid=394832) WARNING 07-28 09:54:42 [parallel_state.py:2131] torch._C._host_emptyCache() only available in Pytorch >=2.5
(EngineCore_DP1 pid=394832) Process EngineCore_DP1:
(EngineCore_DP1 pid=394832) Traceback (most recent call last):
(EngineCore_DP1 pid=394832)   File "/usr/local/lib/python3.11/multiprocessing/process.py", line 314, in _bootstrap
(EngineCore_DP1 pid=394832)     self.run()
(EngineCore_DP1 pid=394832)   File "/usr/local/lib/python3.11/multiprocessing/process.py", line 108, in run
(EngineCore_DP1 pid=394832)     self._target(*self._args, **self._kwargs)
(EngineCore_DP1 pid=394832)   File "/home/l00838859/cann/my-project/vllm-ascend/vllm_ascend/patch/platform/patch_balance_schedule.py", line 896, in _balance_run_engine_core
(EngineCore_DP1 pid=394832)     return _OriginalRunEngineCore(*args, dp_rank=dp_rank, local_dp_rank=local_dp_rank, **kwargs)
(EngineCore_DP1 pid=394832)            ^^^^^^^^^^^^^^^^^^^^^^^^^^^^^^^^^^^^^^^^^^^^^^^^^^^^^^^^^^^^^^^^^^^^^^^^^^^^^^^^^^^^^
(EngineCore_DP1 pid=394832)   File "/home/l00838859/cann/my-project/vllm/vllm/v1/engine/core.py", line 1235, in run_engine_core
(EngineCore_DP1 pid=394832)     raise e
(EngineCore_DP1 pid=394832)   File "/home/l00838859/cann/my-project/vllm/vllm/v1/engine/core.py", line 1224, in run_engine_core
(EngineCore_DP1 pid=394832)     engine_core.run_busy_loop()
(EngineCore_DP1 pid=394832)   File "/home/l00838859/cann/my-project/vllm/vllm/v1/engine/core.py", line 1943, in run_busy_loop
(EngineCore_DP1 pid=394832)     executed = self._process_engine_step()
(EngineCore_DP1 pid=394832)                ^^^^^^^^^^^^^^^^^^^^^^^^^^^
(EngineCore_DP1 pid=394832)   File "/home/l00838859/cann/my-project/vllm/vllm/v1/engine/core.py", line 1304, in _process_engine_step
(EngineCore_DP1 pid=394832)     outputs, model_executed = self.step_fn()
(EngineCore_DP1 pid=394832)                               ^^^^^^^^^^^^^^
(EngineCore_DP1 pid=394832)   File "/home/l00838859/cann/my-project/vllm/vllm/v1/engine/core.py", line 595, in step_with_batch_queue
(EngineCore_DP1 pid=394832)     model_output = future.result()
(EngineCore_DP1 pid=394832)                    ^^^^^^^^^^^^^^^
(EngineCore_DP1 pid=394832)   File "/home/l00838859/cann/my-project/vllm/vllm/v1/executor/multiproc_executor.py", line 91, in result
(EngineCore_DP1 pid=394832)     return super().result()
(EngineCore_DP1 pid=394832)            ^^^^^^^^^^^^^^^^
(EngineCore_DP1 pid=394832)   File "/usr/local/lib/python3.11/concurrent/futures/_base.py", line 449, in result
(EngineCore_DP1 pid=394832)     return self.__get_result()
(EngineCore_DP1 pid=394832)            ^^^^^^^^^^^^^^^^^^^
(EngineCore_DP1 pid=394832)   File "/usr/local/lib/python3.11/concurrent/futures/_base.py", line 401, in __get_result
(EngineCore_DP1 pid=394832)     raise self._exception
(EngineCore_DP1 pid=394832)   File "/home/l00838859/cann/my-project/vllm/vllm/v1/executor/multiproc_executor.py", line 95, in _wait_for_response
(EngineCore_DP1 pid=394832)     response = self.aggregate(self.get_response())
(EngineCore_DP1 pid=394832)                               ^^^^^^^^^^^^^^^^^^^
(EngineCore_DP1 pid=394832)   File "/home/l00838859/cann/my-project/vllm/vllm/v1/executor/multiproc_executor.py", line 394, in get_response
(EngineCore_DP1 pid=394832)     raise RuntimeError(
(EngineCore_DP1 pid=394832) RuntimeError: Worker failed with error 'synchronize:../torch_npu/csrc/core/npu/NPUEvent.cpp:212 NPU function error: aclrtSynchronizeEvent(event_), error code is 507011
(EngineCore_DP1 pid=394832) [ERROR] 2026-07-28-09:54:36 (PID:395294, Device:2, RankID:-1) ERR00100 PTA call acl api failed
(EngineCore_DP1 pid=394832) [Error]: Model execution failed. 
(EngineCore_DP1 pid=394832)         Rectify the fault based on the error information in the ascend log.
(EngineCore_DP1 pid=394832) [PID: 395294] 2026-07-28-09:54:36.647.515 Execution_Error_SDMA(EI0012): SDMA memory copy task exception occurred. Remote rank: [0]. Base information: [streamID:[85], taskID[1], taskType[Task AIV], tag[], AlgType(level 0-1-2):[ring-ring-ring].]. Task information: [cmdType:[6], tag:[1], size:[688128], numBlocks:[8], rankSize:[2], aivRdmaStep:[-1], flagMem:[0x130f61a00000], isOpbase:[0]
(EngineCore_DP1 pid=394832) there are 6 abnormal device(s), only the first 3 devices are listed:
(EngineCore_DP1 pid=394832) 	[TaskExecStage][HeartbeatAbnormal]Cluster Exception Location[IP/ID]:[10.10.1.44/1], Arrival Time:[Tue Jul 28 09:52:57 2026], ExceptionType:[Stuck Occurred], Possible Reason:1.Host process is stuck, 2.Device task is stuck
(EngineCore_DP1 pid=394832) 	[TaskExecStage][HeartbeatAbnormal]Cluster Exception Location[IP/ID]:[10.10.1.44/0], Arrival Time:[Tue Jul 28 09:52:57 2026], ExceptionType:[Stuck Occurred], Possible Reason:1.Host process is stuck, 2.Device task is stuck
(EngineCore_DP1 pid=394832) 	[TaskExecStage][HeartbeatAbnormal]Cluster Exception Location[IP/ID]:[10.10.1.44/2], Arrival Time:[Tue Jul 28 09:52:57 2026], ExceptionType:[Stuck Occurred], Possible Reason:1.Host process is stuck, 2.Device task is stuck
(EngineCore_DP1 pid=394832) ]. Communicator information: [].
(EngineCore_DP1 pid=394832)         Possible Cause: 1. Network connection exception occurred during the SDMA task execution. 2. The peer process exits abnormally. 3. The input or output memory address is not allocated, the actual allocated size is smaller than the input data size, or the memory is freed before the operator execution is complete.
(EngineCore_DP1 pid=394832)         Solution: 1. Check whether the network link is abnormal during the execution. 2. Check whether a process in the cluster exits before an error is reported. If yes, locate the cause of the process exit. 3. Check whether the size of the input/output memory passed to the communication operator meets the expectation, and whether the input/output memory or communicator is freed or destroyed before the operator execution is complete.
(EngineCore_DP1 pid=394832)         TraceBack (most recent call last):
(EngineCore_DP1 pid=394832)         The error from device(chipId:1, dieId:0), serial number is 30, there is an exception of aivec error, core id is 22, error code = 0, dump info: pc start: 0x12c0de87ba0c, current: 0x12c0de89db44, vec error info: 0xad00000cfe, mte error info: 0xe2030003f7, ifu error info: 0x20003c0104800, ccu error info: 0x13c879806880003f, cube error info: 0, biu error info: 0, aic error mask: 0x6500020bd00028c, para base: 0x12c142758000.[FUNC:PrintCoreInfo][FILE:device_error_core_proc.cc][LINE:645]
(EngineCore_DP1 pid=394832)         The extend info: errcode:(0, 0, 0) errorStr: timeout or trap error. fixp_error0 info: 0x30003f7, fixp_error1 info: 0xe2, fsmId:0, tslot:6, thread:0, ctxid:0, blk:3, sublk:0, subErrType:4.[FUNC:PrintCoreInfo][FILE:device_error_core_proc.cc][LINE:658]
(EngineCore_DP1 pid=394832)         The error from device(chipId:1, dieId:0), serial number is 30, there is an exception of aivec error, core id is 25, error code = 0, dump info: pc start: 0x12c0de87ba0c, current: 0x12c0de89db44, vec error info: 0xad00000cfe, mte error info: 0xe2030004f7, ifu error info: 0x217ffbe014040, ccu error info: 0xc68b23fd6880003f, cube error info: 0, biu error info: 0, aic error mask: 0x6500020bd00028c, para base: 0x12c142758000.[FUNC:PrintCoreInfo][FILE:device_error_core_proc.cc][LINE:645]
(EngineCore_DP1 pid=394832)         The extend info: errcode:(0, 0, 0) errorStr: timeout or trap error. fixp_error0 info: 0x30004f7, fixp_error1 info: 0xe2, fsmId:0, tslot:6, thread:0, ctxid:0, blk:6, sublk:0, subErrType:4.[FUNC:PrintCoreInfo][FILE:device_error_core_proc.cc][LINE:658]
(EngineCore_DP1 pid=394832)         The error from device(chipId:1, dieId:0), serial number is 30, there is an exception of aivec error, core id is 26, error code = 0, dump info: pc start: 0x12c0de87ba0c, current: 0x12c0de89db44, vec error info: 0xad00000cfe, mte error info: 0xe2030003f7, ifu error info: 0x217ffbe014040, ccu error info: 0x37eb69876880003f, cube error info: 0, biu error info: 0, aic error mask: 0x6500020bd00028c, para base: 0x12c142758000.[FUNC:PrintCoreInfo][FILE:device_error_core_proc.cc][LINE:645]
(EngineCore_DP1 pid=394832)         The extend info: errcode:(0, 0, 0) errorStr: timeout or trap error. fixp_error0 info: 0x30003f7, fixp_error1 info: 0xe2, fsmId:0, tslot:6, thread:0, ctxid:0, blk:7, sublk:0, subErrType:4.[FUNC:PrintCoreInfo][FILE:device_error_core_proc.cc][LINE:658]
(EngineCore_DP1 pid=394832)         The error from device(chipId:1, dieId:0), serial number is 30, there is an exception of aivec error, core id is 19, error code = 0, dump info: pc start: 0x12c0de87ba0c, current: 0x12c0de884c50, vec error info: 0xad00000cfe, mte error info: 0xe2030002f7, ifu error info: 0x217ffbe014040, ccu error info: 0x65b321ef6880003f, cube error info: 0, biu error info: 0, aic error mask: 0x6500020bd00028c, para base: 0x12c142758000.[FUNC:PrintCoreInfo][FILE:device_error_core_proc.cc][LINE:645]
(EngineCore_DP1 pid=394832)         The extend info: errcode:(0, 0, 0) errorStr: timeout or trap error. fixp_error0 info: 0x30002f7, fixp_error1 info: 0xe2, fsmId:1, tslot:6, thread:0, ctxid:0, blk:0, sublk:0, subErrType:4.[FUNC:PrintCoreInfo][FILE:device_error_core_proc.cc][LINE:658]
(EngineCore_DP1 pid=394832)         The error from device(chipId:1, dieId:0), serial number is 30, there is an exception of aivec error, core id is 20, error code = 0, dump info: pc start: 0x12c0de87ba0c, current: 0x12c0de89db44, vec error info: 0xad00000cfe, mte error info: 0xe2030000f7, ifu error info: 0x20001bdc5c500, ccu error info: 0x6220e016680003f, cube error info: 0, biu error info: 0, aic error mask: 0x6500020bd00028c, para base: 0x12c142758000.[FUNC:PrintCoreInfo][FILE:device_error_core_proc.cc][LINE:645]
(EngineCore_DP1 pid=394832)         The extend info: errcode:(0, 0, 0) errorStr: timeout or trap error. fixp_error0 info: 0x30000f7, fixp_error1 info: 0xe2, fsmId:1, tslot:6, thread:0, ctxid:0, blk:1, sublk:0, subErrType:4.[FUNC:PrintCoreInfo][FILE:device_error_core_proc.cc][LINE:658]
(EngineCore_DP1 pid=394832)         The error from device(chipId:1, dieId:0), serial number is 30, there is an exception of aivec error, core id is 21, error code = 0, dump info: pc start: 0x12c0de87ba0c, current: 0x12c0de89db44, vec error info: 0xad00000cfe, mte error info: 0xe2030000f7, ifu error info: 0x20003c02047c0, ccu error info: 0x3f0beb136680003f, cube error info: 0, biu error info: 0, aic error mask: 0x6500020bd00028c, para base: 0x12c142758000.[FUNC:PrintCoreInfo][FILE:device_error_core_proc.cc][LINE:645]
(EngineCore_DP1 pid=394832)         The extend info: errcode:(0, 0, 0) errorStr: timeout or trap error. fixp_error0 info: 0x30000f7, fixp_error1 info: 0xe2, fsmId:1, tslot:6, thread:0, ctxid:0, blk:2, sublk:0, subErrType:4.[FUNC:PrintCoreInfo][FILE:device_error_core_proc.cc][LINE:658]
(EngineCore_DP1 pid=394832)         The error from device(chipId:1, dieId:0), serial number is 30, there is an exception of aivec error, core id is 23, error code = 0, dump info: pc start: 0x12c0de87ba0c, current: 0x12c0de89db44, vec error info: 0xad00000cfe, mte error info: 0xe2030002f7, ifu error info: 0x20003c00c5800, ccu error info: 0x23ae03506880003f, cube error info: 0, biu error info: 0, aic error mask: 0x6500020bd00028c, para base: 0x12c142758000.[FUNC:PrintCoreInfo][FILE:device_error_core_proc.cc][LINE:645]
(EngineCore_DP1 pid=394832)         The extend info: errcode:(0, 0, 0) errorStr: timeout or trap error. fixp_error0 info: 0x30002f7, fixp_error1 info: 0xe2, fsmId:1, tslot:6, thread:0, ctxid:0, blk:4, sublk:0, subErrType:4.[FUNC:PrintCoreInfo][FILE:device_error_core_proc.cc][LINE:658]
(EngineCore_DP1 pid=394832)         The error from device(chipId:1, dieId:0), serial number is 30, there is an exception of aivec error, core id is 24, error code = 0, dump info: pc start: 0x12c0de87ba0c, current: 0x12c0de89db44, vec error info: 0xad00000cfe, mte error info: 0xe2030001f7, ifu error info: 0x20001bdc5ce00, ccu error info: 0x4f532c846880003f, cube error info: 0, biu error info: 0, aic error mask: 0x6500020bd00028c, para base: 0x12c142758000.[FUNC:PrintCoreInfo][FILE:device_error_core_proc.cc][LINE:645]
(EngineCore_DP1 pid=394832)         The extend info: errcode:(0, 0, 0) errorStr: timeout or trap error. fixp_error0 info: 0x30001f7, fixp_error1 info: 0xe2, fsmId:1, tslot:6, thread:0, ctxid:0, blk:5, sublk:0, subErrType:4.[FUNC:PrintCoreInfo][FILE:device_error_core_proc.cc][LINE:658]
(EngineCore_DP1 pid=394832)         SDMA memory copy task exception occurred. Remote rank: [0]. Base information: [streamID:[85], taskID[1], taskType[Task AIV], tag[], AlgType(level 0-1-2):[ring-ring-ring].]. Task information: [cmdType:[6], tag:[1], size:[688128], numBlocks:[8], rankSize:[2], aivRdmaStep:[-1], flagMem:[0x130f61a00000], isOpbase:[0]
(EngineCore_DP1 pid=394832) there are 6 abnormal device(s), only the first 3 devices are listed:
(EngineCore_DP1 pid=394832) 	[TaskExecStage][HeartbeatAbnormal]Cluster Exception Location[IP/ID]:[10.10.1.44/1], Arrival Time:[Tue Jul 28 09:52:57 2026], ExceptionType:[Stuck Occurred], Possible Reason:1.Host process is stuck, 2.Device task is stuck
(EngineCore_DP1 pid=394832) 	[TaskExecStage][HeartbeatAbnormal]Cluster Exception Location[IP/ID]:[10.10.1.44/0], Arrival Time:[Tue Jul 28 09:52:57 2026], ExceptionType:[Stuck Occurred], Possible Reason:1.Host process is stuck, 2.Device task is stuck
(EngineCore_DP1 pid=394832) 	[TaskExecStage][HeartbeatAbnormal]Cluster Exception Location[IP/ID]:[10.10.1.44/2], Arrival Time:[Tue Jul 28 09:52:57 2026], ExceptionType:[Stuck Occurred], Possible Reason:1.Host process is stuck, 2.Device task is stuck
(EngineCore_DP1 pid=394832) ]. Communicator information: [].
(EngineCore_DP1 pid=394832)         rtEventSynchronize execution failed, reason=the model stream execute failed[FUNC:FuncErrorReason][FILE:error_message_manage.cc][LINE:65]
(EngineCore_DP1 pid=394832)         wait event to be complete failed, runtime result = 507011[FUNC:ReportCallError][FILE:log_inner.cpp][LINE:148]
(EngineCore_DP1 pid=394832) ', please check the stack trace above for the root cause
(EngineCore_DP4 pid=394824) WARNING 07-28 09:54:42 [parallel_state.py:2131] torch._C._host_emptyCache() only available in Pytorch >=2.5
(EngineCore_DP4 pid=394824) Process EngineCore_DP4:
(EngineCore_DP4 pid=394824) Traceback (most recent call last):
(EngineCore_DP4 pid=394824)   File "/usr/local/lib/python3.11/multiprocessing/process.py", line 314, in _bootstrap
(EngineCore_DP4 pid=394824)     self.run()
(EngineCore_DP4 pid=394824)   File "/usr/local/lib/python3.11/multiprocessing/process.py", line 108, in run
(EngineCore_DP4 pid=394824)     self._target(*self._args, **self._kwargs)
(EngineCore_DP4 pid=394824)   File "/home/l00838859/cann/my-project/vllm-ascend/vllm_ascend/patch/platform/patch_balance_schedule.py", line 896, in _balance_run_engine_core
(EngineCore_DP4 pid=394824)     return _OriginalRunEngineCore(*args, dp_rank=dp_rank, local_dp_rank=local_dp_rank, **kwargs)
(EngineCore_DP4 pid=394824)            ^^^^^^^^^^^^^^^^^^^^^^^^^^^^^^^^^^^^^^^^^^^^^^^^^^^^^^^^^^^^^^^^^^^^^^^^^^^^^^^^^^^^^
(EngineCore_DP4 pid=394824)   File "/home/l00838859/cann/my-project/vllm/vllm/v1/engine/core.py", line 1235, in run_engine_core
(EngineCore_DP4 pid=394824)     raise e
(EngineCore_DP4 pid=394824)   File "/home/l00838859/cann/my-project/vllm/vllm/v1/engine/core.py", line 1224, in run_engine_core
(EngineCore_DP4 pid=394824)     engine_core.run_busy_loop()
(EngineCore_DP4 pid=394824)   File "/home/l00838859/cann/my-project/vllm/vllm/v1/engine/core.py", line 1943, in run_busy_loop
(EngineCore_DP4 pid=394824)     executed = self._process_engine_step()
(EngineCore_DP4 pid=394824)                ^^^^^^^^^^^^^^^^^^^^^^^^^^^
(EngineCore_DP4 pid=394824)   File "/home/l00838859/cann/my-project/vllm/vllm/v1/engine/core.py", line 1304, in _process_engine_step
(EngineCore_DP4 pid=394824)     outputs, model_executed = self.step_fn()
(EngineCore_DP4 pid=394824)                               ^^^^^^^^^^^^^^
(EngineCore_DP4 pid=394824)   File "/home/l00838859/cann/my-project/vllm/vllm/v1/engine/core.py", line 595, in step_with_batch_queue
(EngineCore_DP4 pid=394824)     model_output = future.result()
(EngineCore_DP4 pid=394824)                    ^^^^^^^^^^^^^^^
(EngineCore_DP4 pid=394824)   File "/home/l00838859/cann/my-project/vllm/vllm/v1/executor/multiproc_executor.py", line 91, in result
(EngineCore_DP4 pid=394824)     return super().result()
(EngineCore_DP4 pid=394824)            ^^^^^^^^^^^^^^^^
(EngineCore_DP4 pid=394824)   File "/usr/local/lib/python3.11/concurrent/futures/_base.py", line 449, in result
(EngineCore_DP4 pid=394824)     return self.__get_result()
(EngineCore_DP4 pid=394824)            ^^^^^^^^^^^^^^^^^^^
(EngineCore_DP4 pid=394824)   File "/usr/local/lib/python3.11/concurrent/futures/_base.py", line 401, in __get_result
(EngineCore_DP4 pid=394824)     raise self._exception
(EngineCore_DP4 pid=394824)   File "/home/l00838859/cann/my-project/vllm/vllm/v1/executor/multiproc_executor.py", line 95, in _wait_for_response
(EngineCore_DP4 pid=394824)     response = self.aggregate(self.get_response())
(EngineCore_DP4 pid=394824)                               ^^^^^^^^^^^^^^^^^^^
(EngineCore_DP4 pid=394824)   File "/home/l00838859/cann/my-project/vllm/vllm/v1/executor/multiproc_executor.py", line 394, in get_response
(EngineCore_DP4 pid=394824)     raise RuntimeError(
(EngineCore_DP4 pid=394824) RuntimeError: Worker failed with error 'synchronize:../torch_npu/csrc/core/npu/NPUEvent.cpp:212 NPU function error: aclrtSynchronizeEvent(event_), error code is 507011
(EngineCore_DP4 pid=394824) [ERROR] 2026-07-28-09:54:36 (PID:395298, Device:8, RankID:-1) ERR00100 PTA call acl api failed
(EngineCore_DP4 pid=394824) [Error]: Model execution failed. 
(EngineCore_DP4 pid=394824)         Rectify the fault based on the error information in the ascend log.
(EngineCore_DP4 pid=394824) [PID: 395298] 2026-07-28-09:54:36.640.381 Execution_Error_SDMA(EI0012): SDMA memory copy task exception occurred. Remote rank: [0]. Base information: [streamID:[85], taskID[1], taskType[Task AIV], tag[], AlgType(level 0-1-2):[ring-ring-ring].]. Task information: [cmdType:[6], tag:[1], size:[688128], numBlocks:[8], rankSize:[2], aivRdmaStep:[-1], flagMem:[0x130f61a00000], isOpbase:[0]
(EngineCore_DP4 pid=394824) there are 6 abnormal device(s), only the first 3 devices are listed:
(EngineCore_DP4 pid=394824) 	[TaskExecStage][HeartbeatAbnormal]Cluster Exception Location[IP/ID]:[10.10.1.44/11], Arrival Time:[Tue Jul 28 09:52:57 2026], ExceptionType:[Stuck Occurred], Possible Reason:1.Host process is stuck, 2.Device task is stuck
(EngineCore_DP4 pid=394824) 	[TaskExecStage][HeartbeatAbnormal]Cluster Exception Location[IP/ID]:[10.10.1.44/1], Arrival Time:[Tue Jul 28 09:52:57 2026], ExceptionType:[Stuck Occurred], Possible Reason:1.Host process is stuck, 2.Device task is stuck
(EngineCore_DP4 pid=394824) 	[TaskExecStage][HeartbeatAbnormal]Cluster Exception Location[IP/ID]:[10.10.1.44/0], Arrival Time:[Tue Jul 28 09:52:57 2026], ExceptionType:[Stuck Occurred], Possible Reason:1.Host process is stuck, 2.Device task is stuck
(EngineCore_DP4 pid=394824) ]. Communicator information: [].
(EngineCore_DP4 pid=394824)         Possible Cause: 1. Network connection exception occurred during the SDMA task execution. 2. The peer process exits abnormally. 3. The input or output memory address is not allocated, the actual allocated size is smaller than the input data size, or the memory is freed before the operator execution is complete.
(EngineCore_DP4 pid=394824)         Solution: 1. Check whether the network link is abnormal during the execution. 2. Check whether a process in the cluster exits before an error is reported. If yes, locate the cause of the process exit. 3. Check whether the size of the input/output memory passed to the communication operator meets the expectation, and whether the input/output memory or communicator is freed or destroyed before the operator execution is complete.
(EngineCore_DP4 pid=394824)         TraceBack (most recent call last):
(EngineCore_DP4 pid=394824)         The error from device(chipId:4, dieId:0), serial number is 22, there is an exception of aivec error, core id is 7, error code = 0, dump info: pc start: 0x12c0de87ba0c, current: 0x12c0de89db44, vec error info: 0xad00000cfe, mte error info: 0xf6060000a2, ifu error info: 0x20001bdc5c600, ccu error info: 0xe669eef66880003f, cube error info: 0, biu error info: 0, aic error mask: 0x6500020bd00028c, para base: 0x12c140116000.[FUNC:PrintCoreInfo][FILE:device_error_core_proc.cc][LINE:645]
(EngineCore_DP4 pid=394824)         The extend info: errcode:(0, 0, 0) errorStr: timeout or trap error. fixp_error0 info: 0x60000a2, fixp_error1 info: 0xf6, fsmId:0, tslot:4, thread:0, ctxid:0, blk:2, sublk:0, subErrType:4.[FUNC:PrintCoreInfo][FILE:device_error_core_proc.cc][LINE:658]
(EngineCore_DP4 pid=394824)         The error from device(chipId:4, dieId:0), serial number is 22, there is an exception of aivec error, core id is 9, error code = 0, dump info: pc start: 0x12c0de87ba0c, current: 0x12c0de89db44, vec error info: 0xad00000cfe, mte error info: 0xf603064c6e, ifu error info: 0x217ffbe014040, ccu error info: 0x50791c356880003f, cube error info: 0, biu error info: 0, aic error mask: 0x6500020bd00028c, para base: 0x12c140116000.[FUNC:PrintCoreInfo][FILE:device_error_core_proc.cc][LINE:645]
(EngineCore_DP4 pid=394824)         The extend info: errcode:(0, 0, 0) errorStr: timeout or trap error. fixp_error0 info: 0x3064c6e, fixp_error1 info: 0xf6, fsmId:0, tslot:4, thread:0, ctxid:0, blk:4, sublk:0, subErrType:4.[FUNC:PrintCoreInfo][FILE:device_error_core_proc.cc][LINE:658]
(EngineCore_DP4 pid=394824)         The error from device(chipId:4, dieId:0), serial number is 22, there is an exception of aivec error, core id is 11, error code = 0, dump info: pc start: 0x12c0de87ba0c, current: 0x12c0de89dc70, vec error info: 0xad00000cfe, mte error info: 0x4e060000c7, ifu error info: 0x20001bdc5ce00, ccu error info: 0x360078086880003f, cube error info: 0, biu error info: 0, aic error mask: 0x6500020bd00028c, para base: 0x12c140116000.[FUNC:PrintCoreInfo][FILE:device_error_core_proc.cc][LINE:645]
(EngineCore_DP4 pid=394824)         The extend info: errcode:(0, 0, 0) errorStr: timeout or trap error. fixp_error0 info: 0x60000c7, fixp_error1 info: 0x4e, fsmId:0, tslot:4, thread:0, ctxid:0, blk:6, sublk:0, subErrType:4.[FUNC:PrintCoreInfo][FILE:device_error_core_proc.cc][LINE:658]
(EngineCore_DP4 pid=394824)         The error from device(chipId:4, dieId:0), serial number is 22, there is an exception of aivec error, core id is 5, error code = 0, dump info: pc start: 0x12c0de87ba0c, current: 0x12c0de884c50, vec error info: 0xad00000cfe, mte error info: 0x4e060000c7, ifu error info: 0x217ffbe014040, ccu error info: 0x811170df6880003f, cube error info: 0, biu error info: 0, aic error mask: 0x6500020bd00028c, para base: 0x12c140116000.[FUNC:PrintCoreInfo][FILE:device_error_core_proc.cc][LINE:645]
(EngineCore_DP4 pid=394824)         The extend info: errcode:(0, 0, 0) errorStr: timeout or trap error. fixp_error0 info: 0x60000c7, fixp_error1 info: 0x4e, fsmId:1, tslot:4, thread:0, ctxid:0, blk:0, sublk:0, subErrType:4.[FUNC:PrintCoreInfo][FILE:device_error_core_proc.cc][LINE:658]
(EngineCore_DP4 pid=394824)         The error from device(chipId:4, dieId:0), serial number is 22, there is an exception of aivec error, core id is 6, error code = 0, dump info: pc start: 0x12c0de87ba0c, current: 0x12c0de89db44, vec error info: 0xad00000cfe, mte error info: 0xf6060000a2, ifu error info: 0x217ffbe014040, ccu error info: 0x61e32ce66880003f, cube error info: 0, biu error info: 0, aic error mask: 0x6500020bd00028c, para base: 0x12c140116000.[FUNC:PrintCoreInfo][FILE:device_error_core_proc.cc][LINE:645]
(EngineCore_DP4 pid=394824)         The extend info: errcode:(0, 0, 0) errorStr: timeout or trap error. fixp_error0 info: 0x60000a2, fixp_error1 info: 0xf6, fsmId:1, tslot:4, thread:0, ctxid:0, blk:1, sublk:0, subErrType:4.[FUNC:PrintCoreInfo][FILE:device_error_core_proc.cc][LINE:658]
(EngineCore_DP4 pid=394824)         The error from device(chipId:4, dieId:0), serial number is 22, there is an exception of aivec error, core id is 8, error code = 0, dump info: pc start: 0x12c0de87ba0c, current: 0x12c0de89db44, vec error info: 0xad00000cfe, mte error info: 0x4e060000c7, ifu error info: 0x217ffbe014040, ccu error info: 0xc3c794106880003f, cube error info: 0, biu error info: 0, aic error mask: 0x6500020bd00028c, para base: 0x12c140116000.[FUNC:PrintCoreInfo][FILE:device_error_core_proc.cc][LINE:645]
(EngineCore_DP4 pid=394824)         The extend info: errcode:(0, 0, 0) errorStr: timeout or trap error. fixp_error0 info: 0x60000c7, fixp_error1 info: 0x4e, fsmId:1, tslot:4, thread:0, ctxid:0, blk:3, sublk:0, subErrType:4.[FUNC:PrintCoreInfo][FILE:device_error_core_proc.cc][LINE:658]
(EngineCore_DP4 pid=394824)         The error from device(chipId:4, dieId:0), serial number is 22, there is an exception of aivec error, core id is 10, error code = 0, dump info: pc start: 0x12c0de87ba0c, current: 0x12c0de89db44, vec error info: 0xad00000cfe, mte error info: 0xad000000a3, ifu error info: 0x20001bdc63e00, ccu error info: 0xd59983296880003f, cube error info: 0, biu error info: 0, aic error mask: 0x6500020bd00028c, para base: 0x12c140116000.[FUNC:PrintCoreInfo][FILE:device_error_core_proc.cc][LINE:645]
(EngineCore_DP4 pid=394824)         The extend info: errcode:(0, 0, 0) errorStr: timeout or trap error. fixp_error0 info: 0xa3, fixp_error1 info: 0xad, fsmId:1, tslot:4, thread:0, ctxid:0, blk:5, sublk:0, subErrType:4.[FUNC:PrintCoreInfo][FILE:device_error_core_proc.cc][LINE:658]
(EngineCore_DP4 pid=394824)         The error from device(chipId:4, dieId:0), serial number is 22, there is an exception of aivec error, core id is 12, error code = 0, dump info: pc start: 0x12c0de87ba0c, current: 0x12c0de89db4c, vec error info: 0xad00000cfe, mte error info: 0xf6060000a2, ifu error info: 0x20001bdc5cb00, ccu error info: 0xaa0616046880003f, cube error info: 0, biu error info: 0, aic error mask: 0x6500020bd00028c, para base: 0x12c140116000.[FUNC:PrintCoreInfo][FILE:device_error_core_proc.cc][LINE:645]
(EngineCore_DP4 pid=394824)         The extend info: errcode:(0, 0, 0) errorStr: timeout or trap error. fixp_error0 info: 0x60000a2, fixp_error1 info: 0xf6, fsmId:1, tslot:4, thread:0, ctxid:0, blk:7, sublk:0, subErrType:4.[FUNC:PrintCoreInfo][FILE:device_error_core_proc.cc][LINE:658]
(EngineCore_DP4 pid=394824)         SDMA memory copy task exception occurred. Remote rank: [0]. Base information: [streamID:[85], taskID[1], taskType[Task AIV], tag[], AlgType(level 0-1-2):[ring-ring-ring].]. Task information: [cmdType:[6], tag:[1], size:[688128], numBlocks:[8], rankSize:[2], aivRdmaStep:[-1], flagMem:[0x130f61a00000], isOpbase:[0]
(EngineCore_DP4 pid=394824) there are 6 abnormal device(s), only the first 3 devices are listed:
(EngineCore_DP4 pid=394824) 	[TaskExecStage][HeartbeatAbnormal]Cluster Exception Location[IP/ID]:[10.10.1.44/11], Arrival Time:[Tue Jul 28 09:52:57 2026], ExceptionType:[Stuck Occurred], Possible Reason:1.Host process is stuck, 2.Device task is stuck
(EngineCore_DP4 pid=394824) 	[TaskExecStage][HeartbeatAbnormal]Cluster Exception Location[IP/ID]:[10.10.1.44/1], Arrival Time:[Tue Jul 28 09:52:57 2026], ExceptionType:[Stuck Occurred], Possible Reason:1.Host process is stuck, 2.Device task is stuck
(EngineCore_DP4 pid=394824) 	[TaskExecStage][HeartbeatAbnormal]Cluster Exception Location[IP/ID]:[10.10.1.44/0], Arrival Time:[Tue Jul 28 09:52:57 2026], ExceptionType:[Stuck Occurred], Possible Reason:1.Host process is stuck, 2.Device task is stuck
(EngineCore_DP4 pid=394824) ]. Communicator information: [].
(EngineCore_DP4 pid=394824)         rtEventSynchronize execution failed, reason=the model stream execute failed[FUNC:FuncErrorReason][FILE:error_message_manage.cc][LINE:65]
(EngineCore_DP4 pid=394824)         wait event to be complete failed, runtime result = 507011[FUNC:ReportCallError][FILE:log_inner.cpp][LINE:148]
(EngineCore_DP4 pid=394824) ', please check the stack trace above for the root cause
(EngineCore_DP5 pid=394894) WARNING 07-28 09:54:43 [parallel_state.py:2131] torch._C._host_emptyCache() only available in Pytorch >=2.5
(EngineCore_DP5 pid=394894) Process EngineCore_DP5:
(EngineCore_DP5 pid=394894) Traceback (most recent call last):
(EngineCore_DP5 pid=394894)   File "/usr/local/lib/python3.11/multiprocessing/process.py", line 314, in _bootstrap
(EngineCore_DP5 pid=394894)     self.run()
(EngineCore_DP5 pid=394894)   File "/usr/local/lib/python3.11/multiprocessing/process.py", line 108, in run
(EngineCore_DP5 pid=394894)     self._target(*self._args, **self._kwargs)
(EngineCore_DP5 pid=394894)   File "/home/l00838859/cann/my-project/vllm-ascend/vllm_ascend/patch/platform/patch_balance_schedule.py", line 896, in _balance_run_engine_core
(EngineCore_DP5 pid=394894)     return _OriginalRunEngineCore(*args, dp_rank=dp_rank, local_dp_rank=local_dp_rank, **kwargs)
(EngineCore_DP5 pid=394894)            ^^^^^^^^^^^^^^^^^^^^^^^^^^^^^^^^^^^^^^^^^^^^^^^^^^^^^^^^^^^^^^^^^^^^^^^^^^^^^^^^^^^^^
(EngineCore_DP5 pid=394894)   File "/home/l00838859/cann/my-project/vllm/vllm/v1/engine/core.py", line 1235, in run_engine_core
(EngineCore_DP5 pid=394894)     raise e
(EngineCore_DP5 pid=394894)   File "/home/l00838859/cann/my-project/vllm/vllm/v1/engine/core.py", line 1224, in run_engine_core
(EngineCore_DP5 pid=394894)     engine_core.run_busy_loop()
(EngineCore_DP5 pid=394894)   File "/home/l00838859/cann/my-project/vllm/vllm/v1/engine/core.py", line 1943, in run_busy_loop
(EngineCore_DP5 pid=394894)     executed = self._process_engine_step()
(EngineCore_DP5 pid=394894)                ^^^^^^^^^^^^^^^^^^^^^^^^^^^
(EngineCore_DP5 pid=394894)   File "/home/l00838859/cann/my-project/vllm/vllm/v1/engine/core.py", line 1304, in _process_engine_step
(EngineCore_DP5 pid=394894)     outputs, model_executed = self.step_fn()
(EngineCore_DP5 pid=394894)                               ^^^^^^^^^^^^^^
(EngineCore_DP5 pid=394894)   File "/home/l00838859/cann/my-project/vllm/vllm/v1/engine/core.py", line 595, in step_with_batch_queue
(EngineCore_DP5 pid=394894)     model_output = future.result()
(EngineCore_DP5 pid=394894)                    ^^^^^^^^^^^^^^^
(EngineCore_DP5 pid=394894)   File "/home/l00838859/cann/my-project/vllm/vllm/v1/executor/multiproc_executor.py", line 91, in result
(EngineCore_DP5 pid=394894)     return super().result()
(EngineCore_DP5 pid=394894)            ^^^^^^^^^^^^^^^^
(EngineCore_DP5 pid=394894)   File "/usr/local/lib/python3.11/concurrent/futures/_base.py", line 449, in result
(EngineCore_DP5 pid=394894)     return self.__get_result()
(EngineCore_DP5 pid=394894)            ^^^^^^^^^^^^^^^^^^^
(EngineCore_DP5 pid=394894)   File "/usr/local/lib/python3.11/concurrent/futures/_base.py", line 401, in __get_result
(EngineCore_DP5 pid=394894)     raise self._exception
(EngineCore_DP5 pid=394894)   File "/home/l00838859/cann/my-project/vllm/vllm/v1/executor/multiproc_executor.py", line 95, in _wait_for_response
(EngineCore_DP5 pid=394894)     response = self.aggregate(self.get_response())
(EngineCore_DP5 pid=394894)                               ^^^^^^^^^^^^^^^^^^^
(EngineCore_DP5 pid=394894)   File "/home/l00838859/cann/my-project/vllm/vllm/v1/executor/multiproc_executor.py", line 394, in get_response
(EngineCore_DP5 pid=394894)     raise RuntimeError(
(EngineCore_DP5 pid=394894) RuntimeError: Worker failed with error 'synchronize:../torch_npu/csrc/core/npu/NPUEvent.cpp:212 NPU function error: aclrtSynchronizeEvent(event_), error code is 507011
(EngineCore_DP5 pid=394894) [ERROR] 2026-07-28-09:54:36 (PID:395297, Device:10, RankID:-1) ERR00100 PTA call acl api failed
(EngineCore_DP5 pid=394894) [Error]: Model execution failed. 
(EngineCore_DP5 pid=394894)         Rectify the fault based on the error information in the ascend log.
(EngineCore_DP5 pid=394894) [PID: 395297] 2026-07-28-09:54:36.634.317 Execution_Error_SDMA(EI0012): SDMA memory copy task exception occurred. Remote rank: [0]. Base information: [streamID:[81], taskID[1], taskType[Task AIV], tag[], AlgType(level 0-1-2):[ring-ring-ring].]. Task information: [cmdType:[6], tag:[5], size:[688128], numBlocks:[8], rankSize:[2], aivRdmaStep:[-1], flagMem:[0x130f61a00000], isOpbase:[0]
(EngineCore_DP5 pid=394894) there are 7 abnormal device(s), only the first 3 devices are listed:
(EngineCore_DP5 pid=394894) 	[TaskExecStage][HeartbeatAbnormal]Cluster Exception Location[IP/ID]:[10.10.1.44/11], Arrival Time:[Tue Jul 28 09:52:57 2026], ExceptionType:[Stuck Occurred], Possible Reason:1.Host process is stuck, 2.Device task is stuck
(EngineCore_DP5 pid=394894) 	[TaskExecStage][HeartbeatAbnormal]Cluster Exception Location[IP/ID]:[10.10.1.44/1], Arrival Time:[Tue Jul 28 09:52:57 2026], ExceptionType:[Stuck Occurred], Possible Reason:1.Host process is stuck, 2.Device task is stuck
(EngineCore_DP5 pid=394894) 	[TaskExecStage][HeartbeatAbnormal]Cluster Exception Location[IP/ID]:[10.10.1.44/0], Arrival Time:[Tue Jul 28 09:52:57 2026], ExceptionType:[Stuck Occurred], Possible Reason:1.Host process is stuck, 2.Device task is stuck
(EngineCore_DP5 pid=394894) ]. Communicator information: [].
(EngineCore_DP5 pid=394894)         Possible Cause: 1. Network connection exception occurred during the SDMA task execution. 2. The peer process exits abnormally. 3. The input or output memory address is not allocated, the actual allocated size is smaller than the input data size, or the memory is freed before the operator execution is complete.
(EngineCore_DP5 pid=394894)         Solution: 1. Check whether the network link is abnormal during the execution. 2. Check whether a process in the cluster exits before an error is reported. If yes, locate the cause of the process exit. 3. Check whether the size of the input/output memory passed to the communication operator meets the expectation, and whether the input/output memory or communicator is freed or destroyed before the operator execution is complete.
(EngineCore_DP5 pid=394894)         TraceBack (most recent call last):
(EngineCore_DP5 pid=394894)         The error from device(chipId:5, dieId:0), serial number is 21, there is an exception of aivec error, core id is 6, error code = 0, dump info: pc start: 0x12c0de87ba0c, current: 0x12c0de89f0c4, vec error info: 0xad00000cfe, mte error info: 0xf60306fc6e, ifu error info: 0x217ffbe014040, ccu error info: 0xffb7eecb6880003f, cube error info: 0, biu error info: 0, aic error mask: 0x6500020bd00028c, para base: 0x12c142519000.[FUNC:PrintCoreInfo][FILE:device_error_core_proc.cc][LINE:645]
(EngineCore_DP5 pid=394894)         The extend info: errcode:(0, 0, 0) errorStr: timeout or trap error. fixp_error0 info: 0x306fc6e, fixp_error1 info: 0xf6, fsmId:0, tslot:6, thread:0, ctxid:0, blk:0, sublk:0, subErrType:4.[FUNC:PrintCoreInfo][FILE:device_error_core_proc.cc][LINE:658]
(EngineCore_DP5 pid=394894)         The error from device(chipId:5, dieId:0), serial number is 21, there is an exception of aivec error, core id is 8, error code = 0, dump info: pc start: 0x12c0de87ba0c, current: 0x12c0de89f0c4, vec error info: 0xad00000cfe, mte error info: 0x4e060000c7, ifu error info: 0x217ffbe014040, ccu error info: 0xffb7eecb6880003f, cube error info: 0, biu error info: 0, aic error mask: 0x6500020bd00028c, para base: 0x12c142519000.[FUNC:PrintCoreInfo][FILE:device_error_core_proc.cc][LINE:645]
(EngineCore_DP5 pid=394894)         The extend info: errcode:(0, 0, 0) errorStr: timeout or trap error. fixp_error0 info: 0x60000c7, fixp_error1 info: 0x4e, fsmId:0, tslot:6, thread:0, ctxid:0, blk:2, sublk:0, subErrType:4.[FUNC:PrintCoreInfo][FILE:device_error_core_proc.cc][LINE:658]
(EngineCore_DP5 pid=394894)         The error from device(chipId:5, dieId:0), serial number is 21, there is an exception of aivec error, core id is 7, error code = 0, dump info: pc start: 0x12c0de87ba0c, current: 0x12c0de89f0c4, vec error info: 0xad00000cfe, mte error info: 0xcd000000ae, ifu error info: 0x20001bdc5ce00, ccu error info: 0xffb7eecb6880003f, cube error info: 0, biu error info: 0, aic error mask: 0x6500020bd00028c, para base: 0x12c142519000.[FUNC:PrintCoreInfo][FILE:device_error_core_proc.cc][LINE:645]
(EngineCore_DP5 pid=394894)         The extend info: errcode:(0, 0, 0) errorStr: timeout or trap error. fixp_error0 info: 0xae, fixp_error1 info: 0xcd, fsmId:1, tslot:6, thread:0, ctxid:0, blk:1, sublk:0, subErrType:4.[FUNC:PrintCoreInfo][FILE:device_error_core_proc.cc][LINE:658]
(EngineCore_DP5 pid=394894)         The error from device(chipId:5, dieId:0), serial number is 21, there is an exception of aivec error, core id is 9, error code = 0, dump info: pc start: 0x12c0de87ba0c, current: 0x12c0de89f0c4, vec error info: 0xad00000cfe, mte error info: 0xf603064c6e, ifu error info: 0x20001bdc5c100, ccu error info: 0xffb7eecb6880003f, cube error info: 0, biu error info: 0, aic error mask: 0x6500020bd00028c, para base: 0x12c142519000.[FUNC:PrintCoreInfo][FILE:device_error_core_proc.cc][LINE:645]
(EngineCore_DP5 pid=394894)         The extend info: errcode:(0, 0, 0) errorStr: timeout or trap error. fixp_error0 info: 0x3064c6e, fixp_error1 info: 0xf6, fsmId:1, tslot:6, thread:0, ctxid:0, blk:3, sublk:0, subErrType:4.[FUNC:PrintCoreInfo][FILE:device_error_core_proc.cc][LINE:658]
(EngineCore_DP5 pid=394894)         SDMA memory copy task exception occurred. Remote rank: [0]. Base information: [streamID:[81], taskID[1], taskType[Task AIV], tag[], AlgType(level 0-1-2):[ring-ring-ring].]. Task information: [cmdType:[6], tag:[5], size:[688128], numBlocks:[8], rankSize:[2], aivRdmaStep:[-1], flagMem:[0x130f61a00000], isOpbase:[0]
(EngineCore_DP5 pid=394894) there are 7 abnormal device(s), only the first 3 devices are listed:
(EngineCore_DP5 pid=394894) 	[TaskExecStage][HeartbeatAbnormal]Cluster Exception Location[IP/ID]:[10.10.1.44/11], Arrival Time:[Tue Jul 28 09:52:57 2026], ExceptionType:[Stuck Occurred], Possible Reason:1.Host process is stuck, 2.Device task is stuck
(EngineCore_DP5 pid=394894) 	[TaskExecStage][HeartbeatAbnormal]Cluster Exception Location[IP/ID]:[10.10.1.44/1], Arrival Time:[Tue Jul 28 09:52:57 2026], ExceptionType:[Stuck Occurred], Possible Reason:1.Host process is stuck, 2.Device task is stuck
(EngineCore_DP5 pid=394894) 	[TaskExecStage][HeartbeatAbnormal]Cluster Exception Location[IP/ID]:[10.10.1.44/0], Arrival Time:[Tue Jul 28 09:52:57 2026], ExceptionType:[Stuck Occurred], Possible Reason:1.Host process is stuck, 2.Device task is stuck
(EngineCore_DP5 pid=394894) ]. Communicator information: [].
(EngineCore_DP5 pid=394894)         rtEventSynchronize execution failed, reason=the model stream execute failed[FUNC:FuncErrorReason][FILE:error_message_manage.cc][LINE:65]
(EngineCore_DP5 pid=394894)         wait event to be complete failed, runtime result = 507011[FUNC:ReportCallError][FILE:log_inner.cpp][LINE:148]
(EngineCore_DP5 pid=394894) ', please check the stack trace above for the root cause
WARNING 07-28 09:54:45 [utils.py:626] [shutdown] Process manager: force killing remaining processes count=1
Process Process-4:
Traceback (most recent call last):
  File "/usr/local/lib/python3.11/multiprocessing/process.py", line 314, in _bootstrap
    self.run()
  File "/usr/local/lib/python3.11/multiprocessing/process.py", line 108, in run
    self._target(*self._args, **self._kwargs)
  File "/home/l00838859/cann/vllm-runner/data_parallel.py", line 238, in run_vllm_main
    outputs = llm.generate(rank_prompts, sampling_params)
              ^^^^^^^^^^^^^^^^^^^^^^^^^^^^^^^^^^^^^^^^^^^
  File "/home/l00838859/cann/my-project/vllm/vllm/entrypoints/llm.py", line 476, in generate
    return self._run_completion(
           ^^^^^^^^^^^^^^^^^^^^^
  File "/home/l00838859/cann/my-project/vllm/vllm/entrypoints/offline_utils.py", line 349, in _run_completion
    return self._run_engine(use_tqdm=use_tqdm, output_type=output_type)
           ^^^^^^^^^^^^^^^^^^^^^^^^^^^^^^^^^^^^^^^^^^^^^^^^^^^^^^^^^^^^
  File "/home/l00838859/cann/my-project/vllm/vllm/entrypoints/offline_utils.py", line 595, in _run_engine
    step_outputs = self.llm_engine.step()
                   ^^^^^^^^^^^^^^^^^^^^^^
  File "/home/l00838859/cann/my-project/vllm/vllm/v1/engine/llm_engine.py", line 304, in step
    outputs = self.engine_core.get_output()
              ^^^^^^^^^^^^^^^^^^^^^^^^^^^^^
  File "/home/l00838859/cann/my-project/vllm/vllm/v1/engine/core_client.py", line 856, in get_output
    raise self._format_exception(outputs) from None
vllm.v1.engine.exceptions.EngineDeadError: EngineCore encountered an issue. See stack trace (above) for the root cause.

Processed prompts:   0%|          | 0/1 [03:37<?, ?it/s, est. speed input: 0.00 toks/s, output: 0.00 toks/s]
/usr/local/lib/python3.11/multiprocessing/resource_tracker.py:254: UserWarning: resource_tracker: There appear to be 3 leaked shared_memory objects to clean up at shutdown
  warnings.warn('resource_tracker: There appear to be %d '
WARNING 07-28 09:54:46 [utils.py:626] [shutdown] Process manager: force killing remaining processes count=1
Process Process-3:
Traceback (most recent call last):
  File "/usr/local/lib/python3.11/multiprocessing/process.py", line 314, in _bootstrap
    self.run()
  File "/usr/local/lib/python3.11/multiprocessing/process.py", line 108, in run
    self._target(*self._args, **self._kwargs)
  File "/home/l00838859/cann/vllm-runner/data_parallel.py", line 238, in run_vllm_main
    outputs = llm.generate(rank_prompts, sampling_params)
              ^^^^^^^^^^^^^^^^^^^^^^^^^^^^^^^^^^^^^^^^^^^
  File "/home/l00838859/cann/my-project/vllm/vllm/entrypoints/llm.py", line 476, in generate
    return self._run_completion(
           ^^^^^^^^^^^^^^^^^^^^^
  File "/home/l00838859/cann/my-project/vllm/vllm/entrypoints/offline_utils.py", line 349, in _run_completion
    return self._run_engine(use_tqdm=use_tqdm, output_type=output_type)
           ^^^^^^^^^^^^^^^^^^^^^^^^^^^^^^^^^^^^^^^^^^^^^^^^^^^^^^^^^^^^
  File "/home/l00838859/cann/my-project/vllm/vllm/entrypoints/offline_utils.py", line 595, in _run_engine
    step_outputs = self.llm_engine.step()
                   ^^^^^^^^^^^^^^^^^^^^^^
  File "/home/l00838859/cann/my-project/vllm/vllm/v1/engine/llm_engine.py", line 304, in step
    outputs = self.engine_core.get_output()
              ^^^^^^^^^^^^^^^^^^^^^^^^^^^^^
  File "/home/l00838859/cann/my-project/vllm/vllm/v1/engine/core_client.py", line 856, in get_output
    raise self._format_exception(outputs) from None
vllm.v1.engine.exceptions.EngineDeadError: EngineCore encountered an issue. See stack trace (above) for the root cause.

Processed prompts:   0%|          | 0/1 [03:39<?, ?it/s, est. speed input: 0.00 toks/s, output: 0.00 toks/s]
/usr/local/lib/python3.11/multiprocessing/resource_tracker.py:254: UserWarning: resource_tracker: There appear to be 3 leaked shared_memory objects to clean up at shutdown
  warnings.warn('resource_tracker: There appear to be %d '
WARNING 07-28 09:54:46 [utils.py:626] [shutdown] Process manager: force killing remaining processes count=1
Process Process-5:
Traceback (most recent call last):
  File "/usr/local/lib/python3.11/multiprocessing/process.py", line 314, in _bootstrap
    self.run()
  File "/usr/local/lib/python3.11/multiprocessing/process.py", line 108, in run
    self._target(*self._args, **self._kwargs)
  File "/home/l00838859/cann/vllm-runner/data_parallel.py", line 238, in run_vllm_main
    outputs = llm.generate(rank_prompts, sampling_params)
              ^^^^^^^^^^^^^^^^^^^^^^^^^^^^^^^^^^^^^^^^^^^
  File "/home/l00838859/cann/my-project/vllm/vllm/entrypoints/llm.py", line 476, in generate
    return self._run_completion(
           ^^^^^^^^^^^^^^^^^^^^^
  File "/home/l00838859/cann/my-project/vllm/vllm/entrypoints/offline_utils.py", line 349, in _run_completion
    return self._run_engine(use_tqdm=use_tqdm, output_type=output_type)
           ^^^^^^^^^^^^^^^^^^^^^^^^^^^^^^^^^^^^^^^^^^^^^^^^^^^^^^^^^^^^
  File "/home/l00838859/cann/my-project/vllm/vllm/entrypoints/offline_utils.py", line 595, in _run_engine
    step_outputs = self.llm_engine.step()
                   ^^^^^^^^^^^^^^^^^^^^^^
  File "/home/l00838859/cann/my-project/vllm/vllm/v1/engine/llm_engine.py", line 304, in step
    outputs = self.engine_core.get_output()
              ^^^^^^^^^^^^^^^^^^^^^^^^^^^^^
  File "/home/l00838859/cann/my-project/vllm/vllm/v1/engine/core_client.py", line 856, in get_output
    raise self._format_exception(outputs) from None
vllm.v1.engine.exceptions.EngineDeadError: EngineCore encountered an issue. See stack trace (above) for the root cause.

Processed prompts:   0%|          | 0/1 [03:37<?, ?it/s, est. speed input: 0.00 toks/s, output: 0.00 toks/s]
/usr/local/lib/python3.11/multiprocessing/resource_tracker.py:254: UserWarning: resource_tracker: There appear to be 3 leaked shared_memory objects to clean up at shutdown
  warnings.warn('resource_tracker: There appear to be %d '
WARNING 07-28 09:54:46 [utils.py:626] [shutdown] Process manager: force killing remaining processes count=1
Process Process-1:
Traceback (most recent call last):
  File "/usr/local/lib/python3.11/multiprocessing/process.py", line 314, in _bootstrap
    self.run()
  File "/usr/local/lib/python3.11/multiprocessing/process.py", line 108, in run
    self._target(*self._args, **self._kwargs)
  File "/home/l00838859/cann/vllm-runner/data_parallel.py", line 238, in run_vllm_main
    outputs = llm.generate(rank_prompts, sampling_params)
              ^^^^^^^^^^^^^^^^^^^^^^^^^^^^^^^^^^^^^^^^^^^
  File "/home/l00838859/cann/my-project/vllm/vllm/entrypoints/llm.py", line 476, in generate
    return self._run_completion(
           ^^^^^^^^^^^^^^^^^^^^^
  File "/home/l00838859/cann/my-project/vllm/vllm/entrypoints/offline_utils.py", line 349, in _run_completion
    return self._run_engine(use_tqdm=use_tqdm, output_type=output_type)
           ^^^^^^^^^^^^^^^^^^^^^^^^^^^^^^^^^^^^^^^^^^^^^^^^^^^^^^^^^^^^
  File "/home/l00838859/cann/my-project/vllm/vllm/entrypoints/offline_utils.py", line 595, in _run_engine
    step_outputs = self.llm_engine.step()
                   ^^^^^^^^^^^^^^^^^^^^^^
  File "/home/l00838859/cann/my-project/vllm/vllm/v1/engine/llm_engine.py", line 304, in step
    outputs = self.engine_core.get_output()
              ^^^^^^^^^^^^^^^^^^^^^^^^^^^^^
  File "/home/l00838859/cann/my-project/vllm/vllm/v1/engine/core_client.py", line 856, in get_output
    raise self._format_exception(outputs) from None
vllm.v1.engine.exceptions.EngineDeadError: EngineCore encountered an issue. See stack trace (above) for the root cause.

Processed prompts:   0%|          | 0/1 [03:39<?, ?it/s, est. speed input: 0.00 toks/s, output: 0.00 toks/s]
failed pid=394788 code=1
/usr/local/lib/python3.11/multiprocessing/resource_tracker.py:254: UserWarning: resource_tracker: There appear to be 3 leaked shared_memory objects to clean up at shutdown
  warnings.warn('resource_tracker: There appear to be %d '
WARNING 07-28 09:54:46 [utils.py:626] [shutdown] Process manager: force killing remaining processes count=1
Process Process-2:
Traceback (most recent call last):
  File "/usr/local/lib/python3.11/multiprocessing/process.py", line 314, in _bootstrap
    self.run()
  File "/usr/local/lib/python3.11/multiprocessing/process.py", line 108, in run
    self._target(*self._args, **self._kwargs)
  File "/home/l00838859/cann/vllm-runner/data_parallel.py", line 238, in run_vllm_main
    outputs = llm.generate(rank_prompts, sampling_params)
              ^^^^^^^^^^^^^^^^^^^^^^^^^^^^^^^^^^^^^^^^^^^
  File "/home/l00838859/cann/my-project/vllm/vllm/entrypoints/llm.py", line 476, in generate
    return self._run_completion(
           ^^^^^^^^^^^^^^^^^^^^^
  File "/home/l00838859/cann/my-project/vllm/vllm/entrypoints/offline_utils.py", line 349, in _run_completion
    return self._run_engine(use_tqdm=use_tqdm, output_type=output_type)
           ^^^^^^^^^^^^^^^^^^^^^^^^^^^^^^^^^^^^^^^^^^^^^^^^^^^^^^^^^^^^
  File "/home/l00838859/cann/my-project/vllm/vllm/entrypoints/offline_utils.py", line 595, in _run_engine
    step_outputs = self.llm_engine.step()
                   ^^^^^^^^^^^^^^^^^^^^^^
  File "/home/l00838859/cann/my-project/vllm/vllm/v1/engine/llm_engine.py", line 304, in step
    outputs = self.engine_core.get_output()
              ^^^^^^^^^^^^^^^^^^^^^^^^^^^^^
  File "/home/l00838859/cann/my-project/vllm/vllm/v1/engine/core_client.py", line 856, in get_output
    raise self._format_exception(outputs) from None
vllm.v1.engine.exceptions.EngineDeadError: EngineCore encountered an issue. See stack trace (above) for the root cause.

Processed prompts:   0%|          | 0/1 [03:38<?, ?it/s, est. speed input: 0.00 toks/s, output: 0.00 toks/s]
Process Process-6:
Traceback (most recent call last):
  File "/usr/local/lib/python3.11/multiprocessing/process.py", line 314, in _bootstrap
    self.run()
  File "/usr/local/lib/python3.11/multiprocessing/process.py", line 108, in run
    self._target(*self._args, **self._kwargs)
  File "/home/l00838859/cann/vllm-runner/data_parallel.py", line 238, in run_vllm_main
    outputs = llm.generate(rank_prompts, sampling_params)
              ^^^^^^^^^^^^^^^^^^^^^^^^^^^^^^^^^^^^^^^^^^^
  File "/home/l00838859/cann/my-project/vllm/vllm/entrypoints/llm.py", line 476, in generate
    return self._run_completion(
           ^^^^^^^^^^^^^^^^^^^^^
  File "/home/l00838859/cann/my-project/vllm/vllm/entrypoints/offline_utils.py", line 349, in _run_completion
    return self._run_engine(use_tqdm=use_tqdm, output_type=output_type)
           ^^^^^^^^^^^^^^^^^^^^^^^^^^^^^^^^^^^^^^^^^^^^^^^^^^^^^^^^^^^^
  File "/home/l00838859/cann/my-project/vllm/vllm/entrypoints/offline_utils.py", line 595, in _run_engine
    step_outputs = self.llm_engine.step()
                   ^^^^^^^^^^^^^^^^^^^^^^
  File "/home/l00838859/cann/my-project/vllm/vllm/v1/engine/llm_engine.py", line 304, in step
    outputs = self.engine_core.get_output()
              ^^^^^^^^^^^^^^^^^^^^^^^^^^^^^
  File "/home/l00838859/cann/my-project/vllm/vllm/v1/engine/core_client.py", line 856, in get_output
    raise self._format_exception(outputs) from None
vllm.v1.engine.exceptions.EngineDeadError: EngineCore encountered an issue. See stack trace (above) for the root cause.

Processed prompts:   0%|          | 0/1 [03:37<?, ?it/s, est. speed input: 0.00 toks/s, output: 0.00 toks/s]
failed pid=394790 code=1
failed pid=394792 code=1
failed pid=394794 code=1
failed pid=394796 code=1
/usr/local/lib/python3.11/multiprocessing/resource_tracker.py:254: UserWarning: resource_tracker: There appear to be 3 leaked shared_memory objects to clean up at shutdown
  warnings.warn('resource_tracker: There appear to be %d '
failed pid=394798 code=1
/usr/local/lib/python3.11/multiprocessing/resource_tracker.py:254: UserWarning: resource_tracker: There appear to be 3 leaked shared_memory objects to clean up at shutdown
  warnings.warn('resource_tracker: There appear to be %d '
(Worker_DP7_TP1_EP15 pid=395663) ERROR 07-28 09:55:11 [multiproc_executor.py:1007] WorkerProc hit an exception.
(Worker_DP7_TP1_EP15 pid=395663) ERROR 07-28 09:55:11 [multiproc_executor.py:1007] Traceback (most recent call last):
(Worker_DP7_TP1_EP15 pid=395663) ERROR 07-28 09:55:11 [multiproc_executor.py:1007]   File "/home/l00838859/cann/my-project/vllm/vllm/v1/executor/multiproc_executor.py", line 999, in worker_busy_loop
(Worker_DP7_TP1_EP15 pid=395663) ERROR 07-28 09:55:11 [multiproc_executor.py:1007]     output = func(*args, **kwargs)
(Worker_DP7_TP1_EP15 pid=395663) ERROR 07-28 09:55:11 [multiproc_executor.py:1007]              ^^^^^^^^^^^^^^^^^^^^^
(Worker_DP7_TP1_EP15 pid=395663) ERROR 07-28 09:55:11 [multiproc_executor.py:1007]   File "/home/l00838859/cann/my-project/vllm/vllm/v1/worker/worker_base.py", line 351, in execute_model
(Worker_DP7_TP1_EP15 pid=395663) ERROR 07-28 09:55:11 [multiproc_executor.py:1007]     return self.worker.execute_model(scheduler_output)
(Worker_DP7_TP1_EP15 pid=395663) ERROR 07-28 09:55:11 [multiproc_executor.py:1007]            ^^^^^^^^^^^^^^^^^^^^^^^^^^^^^^^^^^^^^^^^^^^
(Worker_DP7_TP1_EP15 pid=395663) ERROR 07-28 09:55:11 [multiproc_executor.py:1007]   File "/home/l00838859/cann/my-project/vllm-ascend/vllm_ascend/worker/worker.py", line 685, in execute_model
(Worker_DP7_TP1_EP15 pid=395663) ERROR 07-28 09:55:11 [multiproc_executor.py:1007]     output = self.model_runner.execute_model(scheduler_output, intermediate_tensors)
(Worker_DP7_TP1_EP15 pid=395663) ERROR 07-28 09:55:11 [multiproc_executor.py:1007]              ^^^^^^^^^^^^^^^^^^^^^^^^^^^^^^^^^^^^^^^^^^^^^^^^^^^^^^^^^^^^^^^^^^^^^^^
(Worker_DP7_TP1_EP15 pid=395663) ERROR 07-28 09:55:11 [multiproc_executor.py:1007]   File "/usr/local/lib/python3.11/site-packages/torch/utils/_contextlib.py", line 124, in decorate_context
(Worker_DP7_TP1_EP15 pid=395663) ERROR 07-28 09:55:11 [multiproc_executor.py:1007]     return func(*args, **kwargs)
(Worker_DP7_TP1_EP15 pid=395663) ERROR 07-28 09:55:11 [multiproc_executor.py:1007]            ^^^^^^^^^^^^^^^^^^^^^
(Worker_DP7_TP1_EP15 pid=395663) ERROR 07-28 09:55:11 [multiproc_executor.py:1007]   File "/home/l00838859/cann/my-project/vllm-ascend/vllm_ascend/worker/model_runner_v1.py", line 2346, in execute_model
(Worker_DP7_TP1_EP15 pid=395663) ERROR 07-28 09:55:11 [multiproc_executor.py:1007]     hidden_states = self._model_forward(
(Worker_DP7_TP1_EP15 pid=395663) ERROR 07-28 09:55:11 [multiproc_executor.py:1007]                     ^^^^^^^^^^^^^^^^^^^^
(Worker_DP7_TP1_EP15 pid=395663) ERROR 07-28 09:55:11 [multiproc_executor.py:1007]   File "/home/l00838859/cann/my-project/vllm-ascend/vllm_ascend/worker/model_runner_v1.py", line 2915, in _model_forward
(Worker_DP7_TP1_EP15 pid=395663) ERROR 07-28 09:55:11 [multiproc_executor.py:1007]     hidden_states = run_model()
(Worker_DP7_TP1_EP15 pid=395663) ERROR 07-28 09:55:11 [multiproc_executor.py:1007]                     ^^^^^^^^^^^
(Worker_DP7_TP1_EP15 pid=395663) ERROR 07-28 09:55:11 [multiproc_executor.py:1007]   File "/home/l00838859/cann/my-project/vllm-ascend/vllm_ascend/compilation/acl_graph.py", line 281, in __call__
(Worker_DP7_TP1_EP15 pid=395663) ERROR 07-28 09:55:11 [multiproc_executor.py:1007]     torch.npu.current_stream().synchronize()
(Worker_DP7_TP1_EP15 pid=395663) ERROR 07-28 09:55:11 [multiproc_executor.py:1007]   File "/usr/local/lib/python3.11/site-packages/torch_npu/npu/streams.py", line 85, in synchronize
(Worker_DP7_TP1_EP15 pid=395663) ERROR 07-28 09:55:11 [multiproc_executor.py:1007]     super(Stream, self).synchronize()
(Worker_DP7_TP1_EP15 pid=395663) ERROR 07-28 09:55:11 [multiproc_executor.py:1007] RuntimeError: synchronize:../torch_npu/csrc/core/npu/NPUStream.cpp:361 NPU function error: c10_npu::acl::AclrtSynchronizeStreamWithTimeout(stream()), error code is 107020
(Worker_DP7_TP1_EP15 pid=395663) ERROR 07-28 09:55:11 [multiproc_executor.py:1007] [ERROR] 2026-07-28-09:55:11 (PID:395663, Device:15, RankID:-1) ERR00100 PTA call acl api failed.
(Worker_DP7_TP1_EP15 pid=395663) ERROR 07-28 09:55:11 [multiproc_executor.py:1007] EE9999: Inner Error!
(Worker_DP7_TP1_EP15 pid=395663) ERROR 07-28 09:55:11 [multiproc_executor.py:1007] EE9999[PID: 395663] 2026-07-28-09:55:11.282.890 (EE9999):  The error from device(chipId:7, dieId:1), serial number is 22, event wait timeout occurred during task execution, stream_id:44, sq_id:5, task_id:4, event_id=541, timeout=234s.[FUNC:ProcessStarsWaitTimeoutErrorInfo][FILE:device_error_proc.cc][LINE:1593]
(Worker_DP7_TP1_EP15 pid=395663) ERROR 07-28 09:55:11 [multiproc_executor.py:1007]         TraceBack (most recent call last):
(Worker_DP7_TP1_EP15 pid=395663) ERROR 07-28 09:55:11 [multiproc_executor.py:1007]        rtStreamSynchronizeWithTimeout execution failed, reason=task timeout[FUNC:FuncErrorReason][FILE:error_message_manage.cc][LINE:65]
(Worker_DP7_TP1_EP15 pid=395663) ERROR 07-28 09:55:11 [multiproc_executor.py:1007]        synchronize stream with timeout failed, runtime result = 107020[FUNC:ReportCallError][FILE:log_inner.cpp][LINE:148]
(Worker_DP7_TP1_EP15 pid=395663) ERROR 07-28 09:55:11 [multiproc_executor.py:1007] 
(Worker_DP7_TP1_EP15 pid=395663) ERROR 07-28 09:55:11 [multiproc_executor.py:1007] Traceback (most recent call last):
(Worker_DP7_TP1_EP15 pid=395663) ERROR 07-28 09:55:11 [multiproc_executor.py:1007]   File "/home/l00838859/cann/my-project/vllm/vllm/v1/executor/multiproc_executor.py", line 999, in worker_busy_loop
(Worker_DP7_TP1_EP15 pid=395663) ERROR 07-28 09:55:11 [multiproc_executor.py:1007]     output = func(*args, **kwargs)
(Worker_DP7_TP1_EP15 pid=395663) ERROR 07-28 09:55:11 [multiproc_executor.py:1007]              ^^^^^^^^^^^^^^^^^^^^^
(Worker_DP7_TP1_EP15 pid=395663) ERROR 07-28 09:55:11 [multiproc_executor.py:1007]   File "/home/l00838859/cann/my-project/vllm/vllm/v1/worker/worker_base.py", line 351, in execute_model
(Worker_DP7_TP1_EP15 pid=395663) ERROR 07-28 09:55:11 [multiproc_executor.py:1007]     return self.worker.execute_model(scheduler_output)
(Worker_DP7_TP1_EP15 pid=395663) ERROR 07-28 09:55:11 [multiproc_executor.py:1007]            ^^^^^^^^^^^^^^^^^^^^^^^^^^^^^^^^^^^^^^^^^^^
(Worker_DP7_TP1_EP15 pid=395663) ERROR 07-28 09:55:11 [multiproc_executor.py:1007]   File "/home/l00838859/cann/my-project/vllm-ascend/vllm_ascend/worker/worker.py", line 685, in execute_model
(Worker_DP7_TP1_EP15 pid=395663) ERROR 07-28 09:55:11 [multiproc_executor.py:1007]     output = self.model_runner.execute_model(scheduler_output, intermediate_tensors)
(Worker_DP7_TP1_EP15 pid=395663) ERROR 07-28 09:55:11 [multiproc_executor.py:1007]              ^^^^^^^^^^^^^^^^^^^^^^^^^^^^^^^^^^^^^^^^^^^^^^^^^^^^^^^^^^^^^^^^^^^^^^^
(Worker_DP7_TP1_EP15 pid=395663) ERROR 07-28 09:55:11 [multiproc_executor.py:1007]   File "/usr/local/lib/python3.11/site-packages/torch/utils/_contextlib.py", line 124, in decorate_context
(Worker_DP7_TP1_EP15 pid=395663) ERROR 07-28 09:55:11 [multiproc_executor.py:1007]     return func(*args, **kwargs)
(Worker_DP7_TP1_EP15 pid=395663) ERROR 07-28 09:55:11 [multiproc_executor.py:1007]            ^^^^^^^^^^^^^^^^^^^^^
(Worker_DP7_TP1_EP15 pid=395663) ERROR 07-28 09:55:11 [multiproc_executor.py:1007]   File "/home/l00838859/cann/my-project/vllm-ascend/vllm_ascend/worker/model_runner_v1.py", line 2346, in execute_model
(Worker_DP7_TP1_EP15 pid=395663) ERROR 07-28 09:55:11 [multiproc_executor.py:1007]     hidden_states = self._model_forward(
(Worker_DP7_TP1_EP15 pid=395663) ERROR 07-28 09:55:11 [multiproc_executor.py:1007]                     ^^^^^^^^^^^^^^^^^^^^
(Worker_DP7_TP1_EP15 pid=395663) ERROR 07-28 09:55:11 [multiproc_executor.py:1007]   File "/home/l00838859/cann/my-project/vllm-ascend/vllm_ascend/worker/model_runner_v1.py", line 2915, in _model_forward
(Worker_DP7_TP1_EP15 pid=395663) ERROR 07-28 09:55:11 [multiproc_executor.py:1007]     hidden_states = run_model()
(Worker_DP7_TP1_EP15 pid=395663) ERROR 07-28 09:55:11 [multiproc_executor.py:1007]                     ^^^^^^^^^^^
(Worker_DP7_TP1_EP15 pid=395663) ERROR 07-28 09:55:11 [multiproc_executor.py:1007]   File "/home/l00838859/cann/my-project/vllm-ascend/vllm_ascend/compilation/acl_graph.py", line 281, in __call__
(Worker_DP7_TP1_EP15 pid=395663) ERROR 07-28 09:55:11 [multiproc_executor.py:1007]     torch.npu.current_stream().synchronize()
(Worker_DP7_TP1_EP15 pid=395663) ERROR 07-28 09:55:11 [multiproc_executor.py:1007]   File "/usr/local/lib/python3.11/site-packages/torch_npu/npu/streams.py", line 85, in synchronize
(Worker_DP7_TP1_EP15 pid=395663) ERROR 07-28 09:55:11 [multiproc_executor.py:1007]     super(Stream, self).synchronize()
(Worker_DP7_TP1_EP15 pid=395663) ERROR 07-28 09:55:11 [multiproc_executor.py:1007] RuntimeError: synchronize:../torch_npu/csrc/core/npu/NPUStream.cpp:361 NPU function error: c10_npu::acl::AclrtSynchronizeStreamWithTimeout(stream()), error code is 107020
(Worker_DP7_TP1_EP15 pid=395663) ERROR 07-28 09:55:11 [multiproc_executor.py:1007] [ERROR] 2026-07-28-09:55:11 (PID:395663, Device:15, RankID:-1) ERR00100 PTA call acl api failed.
(Worker_DP7_TP1_EP15 pid=395663) ERROR 07-28 09:55:11 [multiproc_executor.py:1007] EE9999: Inner Error!
(Worker_DP7_TP1_EP15 pid=395663) ERROR 07-28 09:55:11 [multiproc_executor.py:1007] EE9999[PID: 395663] 2026-07-28-09:55:11.282.890 (EE9999):  The error from device(chipId:7, dieId:1), serial number is 22, event wait timeout occurred during task execution, stream_id:44, sq_id:5, task_id:4, event_id=541, timeout=234s.[FUNC:ProcessStarsWaitTimeoutErrorInfo][FILE:device_error_proc.cc][LINE:1593]
(Worker_DP7_TP1_EP15 pid=395663) ERROR 07-28 09:55:11 [multiproc_executor.py:1007]         TraceBack (most recent call last):
(Worker_DP7_TP1_EP15 pid=395663) ERROR 07-28 09:55:11 [multiproc_executor.py:1007]        rtStreamSynchronizeWithTimeout execution failed, reason=task timeout[FUNC:FuncErrorReason][FILE:error_message_manage.cc][LINE:65]
(Worker_DP7_TP1_EP15 pid=395663) ERROR 07-28 09:55:11 [multiproc_executor.py:1007]        synchronize stream with timeout failed, runtime result = 107020[FUNC:ReportCallError][FILE:log_inner.cpp][LINE:148]
(Worker_DP7_TP1_EP15 pid=395663) ERROR 07-28 09:55:11 [multiproc_executor.py:1007] 
(Worker_DP7_TP1_EP15 pid=395663) ERROR 07-28 09:55:11 [multiproc_executor.py:1007] 
(EngineCore_DP7 pid=394851) INFO 07-28 09:55:11 [shm_broadcast.py:705] No available shared memory broadcast block found in 60 seconds. This typically happens when some processes are hanging or doing some time-consuming work (e.g. compilation, weight/kv cache quantization).
(EngineCore_DP6 pid=394853) INFO 07-28 09:55:11 [shm_broadcast.py:705] No available shared memory broadcast block found in 60 seconds. This typically happens when some processes are hanging or doing some time-consuming work (e.g. compilation, weight/kv cache quantization).
(Worker_DP7_TP0_EP14 pid=395293) ERROR 07-28 09:55:13 [multiproc_executor.py:948] Error getting async model runner output
(Worker_DP7_TP0_EP14 pid=395293) ERROR 07-28 09:55:13 [multiproc_executor.py:948] Traceback (most recent call last):
(Worker_DP7_TP0_EP14 pid=395293) ERROR 07-28 09:55:13 [multiproc_executor.py:948]   File "/home/l00838859/cann/my-project/vllm/vllm/v1/executor/multiproc_executor.py", line 946, in enqueue_output
(Worker_DP7_TP0_EP14 pid=395293) ERROR 07-28 09:55:13 [multiproc_executor.py:948]     output = output.get_output()
(Worker_DP7_TP0_EP14 pid=395293) ERROR 07-28 09:55:13 [multiproc_executor.py:948]              ^^^^^^^^^^^^^^^^^^^
(Worker_DP7_TP0_EP14 pid=395293) ERROR 07-28 09:55:13 [multiproc_executor.py:948]   File "/home/l00838859/cann/my-project/vllm/vllm/v1/worker/gpu_model_runner.py", line 305, in get_output
(Worker_DP7_TP0_EP14 pid=395293) ERROR 07-28 09:55:13 [multiproc_executor.py:948]     self.async_copy_ready_event.synchronize()
(Worker_DP7_TP0_EP14 pid=395293) ERROR 07-28 09:55:13 [multiproc_executor.py:948]   File "/usr/local/lib/python3.11/site-packages/torch_npu/npu/streams.py", line 192, in synchronize
(Worker_DP7_TP0_EP14 pid=395293) ERROR 07-28 09:55:13 [multiproc_executor.py:948]     super(Event, self).synchronize()
(Worker_DP7_TP0_EP14 pid=395293) ERROR 07-28 09:55:13 [multiproc_executor.py:948] RuntimeError: synchronize:../torch_npu/csrc/core/npu/NPUEvent.cpp:212 NPU function error: aclrtSynchronizeEvent(event_), error code is 107020
(Worker_DP7_TP0_EP14 pid=395293) ERROR 07-28 09:55:13 [multiproc_executor.py:948] [ERROR] 2026-07-28-09:55:13 (PID:395293, Device:14, RankID:-1) ERR00100 PTA call acl api failed.
(Worker_DP7_TP0_EP14 pid=395293) ERROR 07-28 09:55:13 [multiproc_executor.py:948] EE9999: Inner Error!
(Worker_DP7_TP0_EP14 pid=395293) ERROR 07-28 09:55:13 [multiproc_executor.py:948] EE9999[PID: 395293] 2026-07-28-09:55:13.111.320 (EE9999):  rtEventSynchronize execution failed, reason=task timeout[FUNC:FuncErrorReason][FILE:error_message_manage.cc][LINE:65]
(Worker_DP7_TP0_EP14 pid=395293) ERROR 07-28 09:55:13 [multiproc_executor.py:948]         TraceBack (most recent call last):
(Worker_DP7_TP0_EP14 pid=395293) ERROR 07-28 09:55:13 [multiproc_executor.py:948]        wait event to be complete failed, runtime result = 107020[FUNC:ReportCallError][FILE:log_inner.cpp][LINE:148]
(Worker_DP7_TP0_EP14 pid=395293) ERROR 07-28 09:55:13 [multiproc_executor.py:948] 
(Worker_DP7_TP0_EP14 pid=395293) ERROR 07-28 09:55:13 [multiproc_executor.py:1007] WorkerProc hit an exception.
(Worker_DP7_TP0_EP14 pid=395293) ERROR 07-28 09:55:13 [multiproc_executor.py:1007] Traceback (most recent call last):
(Worker_DP7_TP0_EP14 pid=395293) ERROR 07-28 09:55:13 [multiproc_executor.py:1007]   File "/home/l00838859/cann/my-project/vllm/vllm/v1/executor/multiproc_executor.py", line 999, in worker_busy_loop
(Worker_DP7_TP0_EP14 pid=395293) ERROR 07-28 09:55:13 [multiproc_executor.py:1007]     output = func(*args, **kwargs)
(Worker_DP7_TP0_EP14 pid=395293) ERROR 07-28 09:55:13 [multiproc_executor.py:1007]              ^^^^^^^^^^^^^^^^^^^^^
(Worker_DP7_TP0_EP14 pid=395293) ERROR 07-28 09:55:13 [multiproc_executor.py:1007]   File "/home/l00838859/cann/my-project/vllm/vllm/v1/worker/worker_base.py", line 351, in execute_model
(Worker_DP7_TP0_EP14 pid=395293) ERROR 07-28 09:55:13 [multiproc_executor.py:1007]     return self.worker.execute_model(scheduler_output)
(Worker_DP7_TP0_EP14 pid=395293) ERROR 07-28 09:55:13 [multiproc_executor.py:1007]            ^^^^^^^^^^^^^^^^^^^^^^^^^^^^^^^^^^^^^^^^^^^
(Worker_DP7_TP0_EP14 pid=395293) ERROR 07-28 09:55:13 [multiproc_executor.py:1007]   File "/home/l00838859/cann/my-project/vllm-ascend/vllm_ascend/worker/worker.py", line 685, in execute_model
(Worker_DP7_TP0_EP14 pid=395293) ERROR 07-28 09:55:13 [multiproc_executor.py:1007]     output = self.model_runner.execute_model(scheduler_output, intermediate_tensors)
(Worker_DP7_TP0_EP14 pid=395293) ERROR 07-28 09:55:13 [multiproc_executor.py:1007]              ^^^^^^^^^^^^^^^^^^^^^^^^^^^^^^^^^^^^^^^^^^^^^^^^^^^^^^^^^^^^^^^^^^^^^^^
(Worker_DP7_TP0_EP14 pid=395293) ERROR 07-28 09:55:13 [multiproc_executor.py:1007]   File "/usr/local/lib/python3.11/site-packages/torch/utils/_contextlib.py", line 124, in decorate_context
(Worker_DP7_TP0_EP14 pid=395293) ERROR 07-28 09:55:13 [multiproc_executor.py:1007]     return func(*args, **kwargs)
(Worker_DP7_TP0_EP14 pid=395293) ERROR 07-28 09:55:13 [multiproc_executor.py:1007]            ^^^^^^^^^^^^^^^^^^^^^
(Worker_DP7_TP0_EP14 pid=395293) ERROR 07-28 09:55:13 [multiproc_executor.py:1007]   File "/home/l00838859/cann/my-project/vllm-ascend/vllm_ascend/worker/model_runner_v1.py", line 2346, in execute_model
(Worker_DP7_TP0_EP14 pid=395293) ERROR 07-28 09:55:13 [multiproc_executor.py:1007]     hidden_states = self._model_forward(
(Worker_DP7_TP0_EP14 pid=395293) ERROR 07-28 09:55:13 [multiproc_executor.py:1007]                     ^^^^^^^^^^^^^^^^^^^^
(Worker_DP7_TP0_EP14 pid=395293) ERROR 07-28 09:55:13 [multiproc_executor.py:1007]   File "/home/l00838859/cann/my-project/vllm-ascend/vllm_ascend/worker/model_runner_v1.py", line 2915, in _model_forward
(Worker_DP7_TP0_EP14 pid=395293) ERROR 07-28 09:55:13 [multiproc_executor.py:1007]     hidden_states = run_model()
(Worker_DP7_TP0_EP14 pid=395293) ERROR 07-28 09:55:13 [multiproc_executor.py:1007]                     ^^^^^^^^^^^
(Worker_DP7_TP0_EP14 pid=395293) ERROR 07-28 09:55:13 [multiproc_executor.py:1007]   File "/home/l00838859/cann/my-project/vllm-ascend/vllm_ascend/compilation/acl_graph.py", line 281, in __call__
(Worker_DP7_TP0_EP14 pid=395293) ERROR 07-28 09:55:13 [multiproc_executor.py:1007]     torch.npu.current_stream().synchronize()
(Worker_DP7_TP0_EP14 pid=395293) ERROR 07-28 09:55:13 [multiproc_executor.py:1007]   File "/usr/local/lib/python3.11/site-packages/torch_npu/npu/streams.py", line 85, in synchronize
(Worker_DP7_TP0_EP14 pid=395293) ERROR 07-28 09:55:13 [multiproc_executor.py:1007]     super(Stream, self).synchronize()
(Worker_DP7_TP0_EP14 pid=395293) ERROR 07-28 09:55:13 [multiproc_executor.py:1007] RuntimeError: synchronize:../torch_npu/csrc/core/npu/NPUStream.cpp:361 NPU function error: c10_npu::acl::AclrtSynchronizeStreamWithTimeout(stream()), error code is 107020
(Worker_DP7_TP0_EP14 pid=395293) ERROR 07-28 09:55:13 [multiproc_executor.py:1007] [ERROR] 2026-07-28-09:55:13 (PID:395293, Device:14, RankID:-1) ERR00100 PTA call acl api failed.
(Worker_DP7_TP0_EP14 pid=395293) ERROR 07-28 09:55:13 [multiproc_executor.py:1007] EE9999: Inner Error!
(Worker_DP7_TP0_EP14 pid=395293) ERROR 07-28 09:55:13 [multiproc_executor.py:1007] EE9999[PID: 395293] 2026-07-28-09:55:13.107.715 (EE9999):  The error from device(chipId:7, dieId:0), serial number is 23, event wait timeout occurred during task execution, stream_id:44, sq_id:5, task_id:4, event_id=543, timeout=234s.[FUNC:ProcessStarsWaitTimeoutErrorInfo][FILE:device_error_proc.cc][LINE:1593]
(Worker_DP7_TP0_EP14 pid=395293) ERROR 07-28 09:55:13 [multiproc_executor.py:1007]         TraceBack (most recent call last):
(Worker_DP7_TP0_EP14 pid=395293) ERROR 07-28 09:55:13 [multiproc_executor.py:1007]        rtStreamSynchronizeWithTimeout execution failed, reason=task timeout[FUNC:FuncErrorReason][FILE:error_message_manage.cc][LINE:65]
(Worker_DP7_TP0_EP14 pid=395293) ERROR 07-28 09:55:13 [multiproc_executor.py:1007]        synchronize stream with timeout failed, runtime result = 107020[FUNC:ReportCallError][FILE:log_inner.cpp][LINE:148]
(Worker_DP7_TP0_EP14 pid=395293) ERROR 07-28 09:55:13 [multiproc_executor.py:1007] 
(Worker_DP7_TP0_EP14 pid=395293) ERROR 07-28 09:55:13 [multiproc_executor.py:1007] Traceback (most recent call last):
(Worker_DP7_TP0_EP14 pid=395293) ERROR 07-28 09:55:13 [multiproc_executor.py:1007]   File "/home/l00838859/cann/my-project/vllm/vllm/v1/executor/multiproc_executor.py", line 999, in worker_busy_loop
(Worker_DP7_TP0_EP14 pid=395293) ERROR 07-28 09:55:13 [multiproc_executor.py:1007]     output = func(*args, **kwargs)
(Worker_DP7_TP0_EP14 pid=395293) ERROR 07-28 09:55:13 [multiproc_executor.py:1007]              ^^^^^^^^^^^^^^^^^^^^^
(Worker_DP7_TP0_EP14 pid=395293) ERROR 07-28 09:55:13 [multiproc_executor.py:1007]   File "/home/l00838859/cann/my-project/vllm/vllm/v1/worker/worker_base.py", line 351, in execute_model
(Worker_DP7_TP0_EP14 pid=395293) ERROR 07-28 09:55:13 [multiproc_executor.py:1007]     return self.worker.execute_model(scheduler_output)
(Worker_DP7_TP0_EP14 pid=395293) ERROR 07-28 09:55:13 [multiproc_executor.py:1007]            ^^^^^^^^^^^^^^^^^^^^^^^^^^^^^^^^^^^^^^^^^^^
(Worker_DP7_TP0_EP14 pid=395293) ERROR 07-28 09:55:13 [multiproc_executor.py:1007]   File "/home/l00838859/cann/my-project/vllm-ascend/vllm_ascend/worker/worker.py", line 685, in execute_model
(Worker_DP7_TP0_EP14 pid=395293) ERROR 07-28 09:55:13 [multiproc_executor.py:1007]     output = self.model_runner.execute_model(scheduler_output, intermediate_tensors)
(Worker_DP7_TP0_EP14 pid=395293) ERROR 07-28 09:55:13 [multiproc_executor.py:1007]              ^^^^^^^^^^^^^^^^^^^^^^^^^^^^^^^^^^^^^^^^^^^^^^^^^^^^^^^^^^^^^^^^^^^^^^^
(Worker_DP7_TP0_EP14 pid=395293) ERROR 07-28 09:55:13 [multiproc_executor.py:1007]   File "/usr/local/lib/python3.11/site-packages/torch/utils/_contextlib.py", line 124, in decorate_context
(Worker_DP7_TP0_EP14 pid=395293) ERROR 07-28 09:55:13 [multiproc_executor.py:1007]     return func(*args, **kwargs)
(Worker_DP7_TP0_EP14 pid=395293) ERROR 07-28 09:55:13 [multiproc_executor.py:1007]            ^^^^^^^^^^^^^^^^^^^^^
(Worker_DP7_TP0_EP14 pid=395293) ERROR 07-28 09:55:13 [multiproc_executor.py:1007]   File "/home/l00838859/cann/my-project/vllm-ascend/vllm_ascend/worker/model_runner_v1.py", line 2346, in execute_model
(Worker_DP7_TP0_EP14 pid=395293) ERROR 07-28 09:55:13 [multiproc_executor.py:1007]     hidden_states = self._model_forward(
(Worker_DP7_TP0_EP14 pid=395293) ERROR 07-28 09:55:13 [multiproc_executor.py:1007]                     ^^^^^^^^^^^^^^^^^^^^
(Worker_DP7_TP0_EP14 pid=395293) ERROR 07-28 09:55:13 [multiproc_executor.py:1007]   File "/home/l00838859/cann/my-project/vllm-ascend/vllm_ascend/worker/model_runner_v1.py", line 2915, in _model_forward
(Worker_DP7_TP0_EP14 pid=395293) ERROR 07-28 09:55:13 [multiproc_executor.py:1007]     hidden_states = run_model()
(Worker_DP7_TP0_EP14 pid=395293) ERROR 07-28 09:55:13 [multiproc_executor.py:1007]                     ^^^^^^^^^^^
(Worker_DP7_TP0_EP14 pid=395293) ERROR 07-28 09:55:13 [multiproc_executor.py:1007]   File "/home/l00838859/cann/my-project/vllm-ascend/vllm_ascend/compilation/acl_graph.py", line 281, in __call__
(Worker_DP7_TP0_EP14 pid=395293) ERROR 07-28 09:55:13 [multiproc_executor.py:1007]     torch.npu.current_stream().synchronize()
(Worker_DP7_TP0_EP14 pid=395293) ERROR 07-28 09:55:13 [multiproc_executor.py:1007]   File "/usr/local/lib/python3.11/site-packages/torch_npu/npu/streams.py", line 85, in synchronize
(Worker_DP7_TP0_EP14 pid=395293) ERROR 07-28 09:55:13 [multiproc_executor.py:1007]     super(Stream, self).synchronize()
(Worker_DP7_TP0_EP14 pid=395293) ERROR 07-28 09:55:13 [multiproc_executor.py:1007] RuntimeError: synchronize:../torch_npu/csrc/core/npu/NPUStream.cpp:361 NPU function error: c10_npu::acl::AclrtSynchronizeStreamWithTimeout(stream()), error code is 107020
(Worker_DP7_TP0_EP14 pid=395293) ERROR 07-28 09:55:13 [multiproc_executor.py:1007] [ERROR] 2026-07-28-09:55:13 (PID:395293, Device:14, RankID:-1) ERR00100 PTA call acl api failed.
(Worker_DP7_TP0_EP14 pid=395293) ERROR 07-28 09:55:13 [multiproc_executor.py:1007] EE9999: Inner Error!
(Worker_DP7_TP0_EP14 pid=395293) ERROR 07-28 09:55:13 [multiproc_executor.py:1007] EE9999[PID: 395293] 2026-07-28-09:55:13.107.715 (EE9999):  The error from device(chipId:7, dieId:0), serial number is 23, event wait timeout occurred during task execution, stream_id:44, sq_id:5, task_id:4, event_id=543, timeout=234s.[FUNC:ProcessStarsWaitTimeoutErrorInfo][FILE:device_error_proc.cc][LINE:1593]
(Worker_DP7_TP0_EP14 pid=395293) ERROR 07-28 09:55:13 [multiproc_executor.py:1007]         TraceBack (most recent call last):
(Worker_DP7_TP0_EP14 pid=395293) ERROR 07-28 09:55:13 [multiproc_executor.py:1007]        rtStreamSynchronizeWithTimeout execution failed, reason=task timeout[FUNC:FuncErrorReason][FILE:error_message_manage.cc][LINE:65]
(Worker_DP7_TP0_EP14 pid=395293) ERROR 07-28 09:55:13 [multiproc_executor.py:1007]        synchronize stream with timeout failed, runtime result = 107020[FUNC:ReportCallError][FILE:log_inner.cpp][LINE:148]
(Worker_DP7_TP0_EP14 pid=395293) ERROR 07-28 09:55:13 [multiproc_executor.py:1007] 
(Worker_DP7_TP0_EP14 pid=395293) ERROR 07-28 09:55:13 [multiproc_executor.py:1007] 
(EngineCore_DP7 pid=394851) ERROR 07-28 09:55:13 [dump_input.py:72] Dumping input data for V1 LLM engine (v0.1.dev18654+g54503ecec) with config: model='/mnt/weights/DeepSeek-V3.1-Terminus-w8a8-QuaRot-lfs', speculative_config=SpeculativeConfig(method='mtp', model='/mnt/weights/DeepSeek-V3.1-Terminus-w8a8-QuaRot-lfs', num_spec_tokens=2), tokenizer='/mnt/weights/DeepSeek-V3.1-Terminus-w8a8-QuaRot-lfs', skip_tokenizer_init=False, tokenizer_mode=auto, revision=None, tokenizer_revision=None, trust_remote_code=True, dtype=torch.bfloat16, max_seq_len=4096, download_dir=None, load_format=auto, tensor_parallel_size=2, pipeline_parallel_size=1, data_parallel_size=8, decode_context_parallel_size=1, dcp_comm_backend=ag_rs, disable_custom_all_reduce=True, quantization=ascend, quantization_config=None, enforce_eager=False, enable_return_routed_experts=False, kv_cache_dtype=auto, device_config=npu, structured_outputs_config=StructuredOutputsConfig(backend='auto', disable_any_whitespace=False, disable_additional_properties=False, reasoning_parser='', reasoning_parser_plugin='', enable_in_reasoning=False), observability_config=ObservabilityConfig(show_hidden_metrics_for_version=None, otlp_traces_endpoint=None, collect_detailed_traces=None, kv_cache_metrics=False, kv_cache_metrics_sample=0.01, cudagraph_metrics=False, enable_layerwise_nvtx_tracing=False, enable_mfu_metrics=False, enable_mm_processor_stats=False, enable_logging_iteration_details=False, jit_monitor_mode='warn', jit_monitor_verbose=False), seed=1024, served_model_name=/mnt/weights/DeepSeek-V3.1-Terminus-w8a8-QuaRot-lfs, enable_prefix_caching=False, enable_chunked_prefill=True, pooler_config=None, compilation_config={'mode': <CompilationMode.VLLM_COMPILE: 3>, 'debug_dump_path': PosixPath('/home/l00838859/cann/vllm-runner/fx-graph'), 'cache_dir': '', 'compile_cache_save_format': 'binary', 'backend': 'vllm_ascend.compilation.compiler_interface.AscendCompiler', 'custom_ops': ['all'], 'ir_enable_torch_wrap': False, 'splitting_ops': [], 'compile_mm_encoder': False, 'cudagraph_mm_encoder': False, 'encoder_cudagraph_token_budgets': [], 'encoder_cudagraph_max_vision_items_per_batch': 0, 'encoder_cudagraph_max_frames_per_batch': None, 'compile_sizes': [], 'compile_ranges_endpoints': [256], 'inductor_compile_config': {'enable_auto_functionalized_v2': False, 'size_asserts': False, 'alignment_asserts': False, 'scalar_asserts': False, 'combo_kernels': True, 'benchmark_combo_kernel': True}, 'inductor_passes': {}, 'cudagraph_mode': <CUDAGraphMode.FULL_DECODE_ONLY: (2, 0)>, 'cudagraph_num_of_warmups': 1, 'cudagraph_capture_sizes': [3, 48], 'cudagraph_copy_inputs': False, 'cudagraph_specialize_lora': True, 'use_inductor_graph_partition': False, 'pass_config': {'fuse_norm_quant': True, 'fuse_act_quant': True, 'fuse_attn_quant': False, 'enable_sp': False, 'fuse_gemm_comms': False, 'fuse_allreduce_rms': False, 'fuse_rope_kvcache_cat_mla': False, 'fuse_act_padding': False}, 'max_cudagraph_capture_size': 48, 'dynamic_shapes_config': {'type': <DynamicShapesType.BACKED: 'backed'>, 'evaluate_guards': False, 'assume_32_bit_indexing': False}, 'local_cache_dir': None, 'fast_moe_cold_start': False, 'static_all_moe_layers': []}, kernel_config=KernelConfig(ir_op_priority=IrOpPriorityConfig(rms_norm=['native'], fused_add_rms_norm=['native']), enable_flashinfer_autotune=True, enable_cutedsl_warmup=True, moe_backend='auto', linear_backend='auto'), 
(EngineCore_DP7 pid=394851) ERROR 07-28 09:55:13 [dump_input.py:79] Dumping scheduler output for model execution: SchedulerOutput(scheduled_new_reqs=[], scheduled_cached_reqs=CachedRequestData(req_ids=['0-ae40f416'],resumed_req_ids=set(),new_token_ids_lens=[],all_token_ids_lens={},new_block_ids=[None],num_computed_tokens=[2],num_output_tokens=[1]), num_scheduled_tokens={0-ae40f416: 3}, total_num_scheduled_tokens=3, scheduled_spec_decode_tokens={0-ae40f416: [-1, -1]}, scheduled_encoder_inputs={}, num_common_prefix_blocks=[0], finished_req_ids=[], free_encoder_mm_hashes=[], preempted_req_ids=[], has_structured_output_requests=false, pending_structured_output_tokens=false, num_invalid_spec_tokens=null, kv_connector_metadata=null, ec_connector_metadata=null, new_block_ids_to_zero=null, num_spec_tokens_to_schedule=2)
(EngineCore_DP7 pid=394851) ERROR 07-28 09:55:13 [dump_input.py:81] Dumping scheduler stats: SchedulerStats(num_running_reqs=1, num_waiting_reqs=0, num_skipped_waiting_reqs=0, step_counter=0, current_wave=0, kv_cache_usage=0.016393442622950838, prefix_cache_stats=PrefixCacheStats(reset=False, requests=0, queries=0, hits=0, preempted_requests=0, preempted_queries=0, preempted_hits=0), connector_prefix_cache_stats=None, kv_cache_eviction_events=[], spec_decoding_stats=None, kv_connector_stats=None, waiting_lora_adapters={}, running_lora_adapters={}, cudagraph_stats=None, perf_stats=None)
(EngineCore_DP7 pid=394851) ERROR 07-28 09:55:13 [core.py:1233] EngineCore encountered a fatal error.
(EngineCore_DP7 pid=394851) ERROR 07-28 09:55:13 [core.py:1233] Traceback (most recent call last):
(EngineCore_DP7 pid=394851) ERROR 07-28 09:55:13 [core.py:1233]   File "/home/l00838859/cann/my-project/vllm/vllm/v1/engine/core.py", line 1224, in run_engine_core
(EngineCore_DP7 pid=394851) ERROR 07-28 09:55:13 [core.py:1233]     engine_core.run_busy_loop()
(EngineCore_DP7 pid=394851) ERROR 07-28 09:55:13 [core.py:1233]   File "/home/l00838859/cann/my-project/vllm/vllm/v1/engine/core.py", line 1943, in run_busy_loop
(EngineCore_DP7 pid=394851) ERROR 07-28 09:55:13 [core.py:1233]     executed = self._process_engine_step()
(EngineCore_DP7 pid=394851) ERROR 07-28 09:55:13 [core.py:1233]                ^^^^^^^^^^^^^^^^^^^^^^^^^^^
(EngineCore_DP7 pid=394851) ERROR 07-28 09:55:13 [core.py:1233]   File "/home/l00838859/cann/my-project/vllm/vllm/v1/engine/core.py", line 1304, in _process_engine_step
(EngineCore_DP7 pid=394851) ERROR 07-28 09:55:13 [core.py:1233]     outputs, model_executed = self.step_fn()
(EngineCore_DP7 pid=394851) ERROR 07-28 09:55:13 [core.py:1233]                               ^^^^^^^^^^^^^^
(EngineCore_DP7 pid=394851) ERROR 07-28 09:55:13 [core.py:1233]   File "/home/l00838859/cann/my-project/vllm/vllm/v1/engine/core.py", line 595, in step_with_batch_queue
(EngineCore_DP7 pid=394851) ERROR 07-28 09:55:13 [core.py:1233]     model_output = future.result()
(EngineCore_DP7 pid=394851) ERROR 07-28 09:55:13 [core.py:1233]                    ^^^^^^^^^^^^^^^
(EngineCore_DP7 pid=394851) ERROR 07-28 09:55:13 [core.py:1233]   File "/home/l00838859/cann/my-project/vllm/vllm/v1/executor/multiproc_executor.py", line 91, in result
(EngineCore_DP7 pid=394851) ERROR 07-28 09:55:13 [core.py:1233]     return super().result()
(EngineCore_DP7 pid=394851) ERROR 07-28 09:55:13 [core.py:1233]            ^^^^^^^^^^^^^^^^
(EngineCore_DP7 pid=394851) ERROR 07-28 09:55:13 [core.py:1233]   File "/usr/local/lib/python3.11/concurrent/futures/_base.py", line 449, in result
(EngineCore_DP7 pid=394851) ERROR 07-28 09:55:13 [core.py:1233]     return self.__get_result()
(EngineCore_DP7 pid=394851) ERROR 07-28 09:55:13 [core.py:1233]            ^^^^^^^^^^^^^^^^^^^
(EngineCore_DP7 pid=394851) ERROR 07-28 09:55:13 [core.py:1233]   File "/usr/local/lib/python3.11/concurrent/futures/_base.py", line 401, in __get_result
(EngineCore_DP7 pid=394851) ERROR 07-28 09:55:13 [core.py:1233]     raise self._exception
(EngineCore_DP7 pid=394851) ERROR 07-28 09:55:13 [core.py:1233]   File "/home/l00838859/cann/my-project/vllm/vllm/v1/executor/multiproc_executor.py", line 95, in _wait_for_response
(EngineCore_DP7 pid=394851) ERROR 07-28 09:55:13 [core.py:1233]     response = self.aggregate(self.get_response())
(EngineCore_DP7 pid=394851) ERROR 07-28 09:55:13 [core.py:1233]                               ^^^^^^^^^^^^^^^^^^^
(EngineCore_DP7 pid=394851) ERROR 07-28 09:55:13 [core.py:1233]   File "/home/l00838859/cann/my-project/vllm/vllm/v1/executor/multiproc_executor.py", line 394, in get_response
(EngineCore_DP7 pid=394851) ERROR 07-28 09:55:13 [core.py:1233]     raise RuntimeError(
(EngineCore_DP7 pid=394851) ERROR 07-28 09:55:13 [core.py:1233] RuntimeError: Worker failed with error 'synchronize:../torch_npu/csrc/core/npu/NPUEvent.cpp:212 NPU function error: aclrtSynchronizeEvent(event_), error code is 107020
(EngineCore_DP7 pid=394851) ERROR 07-28 09:55:13 [core.py:1233] [ERROR] 2026-07-28-09:55:13 (PID:395293, Device:14, RankID:-1) ERR00100 PTA call acl api failed.
(EngineCore_DP7 pid=394851) ERROR 07-28 09:55:13 [core.py:1233] EE9999: Inner Error!
(EngineCore_DP7 pid=394851) ERROR 07-28 09:55:13 [core.py:1233] EE9999[PID: 395293] 2026-07-28-09:55:13.111.320 (EE9999):  rtEventSynchronize execution failed, reason=task timeout[FUNC:FuncErrorReason][FILE:error_message_manage.cc][LINE:65]
(EngineCore_DP7 pid=394851) ERROR 07-28 09:55:13 [core.py:1233]         TraceBack (most recent call last):
(EngineCore_DP7 pid=394851) ERROR 07-28 09:55:13 [core.py:1233]        wait event to be complete failed, runtime result = 107020[FUNC:ReportCallError][FILE:log_inner.cpp][LINE:148]
(EngineCore_DP7 pid=394851) ERROR 07-28 09:55:13 [core.py:1233] ', please check the stack trace above for the root cause
(EngineCore_DP7 pid=394851) INFO 07-28 09:55:13 [multiproc_executor.py:429] [shutdown] Executor: waiting for worker exit count=2
(Worker_DP7_TP0_EP14 pid=395293) INFO 07-28 09:55:13 [multiproc_executor.py:793] Parent process exited, terminating worker queues
(Worker_DP7_TP1_EP15 pid=395663) Process VllmWorker-1:
(Worker_DP7_TP1_EP15 pid=395663) Traceback (most recent call last):
(Worker_DP7_TP1_EP15 pid=395663)   File "/usr/local/lib/python3.11/multiprocessing/process.py", line 314, in _bootstrap
(Worker_DP7_TP1_EP15 pid=395663)     self.run()
(Worker_DP7_TP1_EP15 pid=395663)   File "/usr/local/lib/python3.11/multiprocessing/process.py", line 108, in run
(Worker_DP7_TP1_EP15 pid=395663)     self._target(*self._args, **self._kwargs)
(Worker_DP7_TP1_EP15 pid=395663)   File "/home/l00838859/cann/my-project/vllm/vllm/v1/executor/multiproc_executor.py", line 933, in worker_main
(Worker_DP7_TP1_EP15 pid=395663)     worker.shutdown()
(Worker_DP7_TP1_EP15 pid=395663)   File "/home/l00838859/cann/my-project/vllm/vllm/v1/executor/multiproc_executor.py", line 778, in shutdown
(Worker_DP7_TP1_EP15 pid=395663)     self.worker.shutdown()
(Worker_DP7_TP1_EP15 pid=395663)   File "/home/l00838859/cann/my-project/vllm/vllm/v1/worker/worker_base.py", line 220, in shutdown
(Worker_DP7_TP1_EP15 pid=395663)     self.worker.shutdown()
(Worker_DP7_TP1_EP15 pid=395663)   File "/home/l00838859/cann/my-project/vllm-ascend/vllm_ascend/worker/worker.py", line 387, in shutdown
(Worker_DP7_TP1_EP15 pid=395663)     shutdown_fn()
(Worker_DP7_TP1_EP15 pid=395663)   File "/home/l00838859/cann/my-project/vllm/vllm/v1/worker/gpu_model_runner.py", line 6447, in shutdown
(Worker_DP7_TP1_EP15 pid=395663)     self._cleanup_profiling_kv_cache()
(Worker_DP7_TP1_EP15 pid=395663)   File "/home/l00838859/cann/my-project/vllm/vllm/v1/worker/gpu_model_runner.py", line 6465, in _cleanup_profiling_kv_cache
(Worker_DP7_TP1_EP15 pid=395663)     torch.accelerator.synchronize()
(Worker_DP7_TP1_EP15 pid=395663)   File "/usr/local/lib/python3.11/site-packages/torch/accelerator/__init__.py", line 262, in synchronize
(Worker_DP7_TP1_EP15 pid=395663)     torch._C._accelerator_synchronizeDevice(device_index)
(Worker_DP7_TP1_EP15 pid=395663) RuntimeError: The Inner error is reported as above. The process exits for this inner error, and the current working event is 0xaaab17073320.
(Worker_DP7_TP1_EP15 pid=395663) Since the operator is called asynchronously, the stacktrace may be inaccurate. If you want to get the accurate stacktrace, please set the environment variable ASCEND_LAUNCH_BLOCKING=1.
(Worker_DP7_TP1_EP15 pid=395663) Note: ASCEND_LAUNCH_BLOCKING=1 will force ops to run in synchronous mode, resulting in performance degradation. Please unset ASCEND_LAUNCH_BLOCKING in time after debugging.
(Worker_DP7_TP1_EP15 pid=395663) [ERROR] 2026-07-28-09:55:13 (PID:395663, Device:15, RankID:-1) ERR00100 PTA call acl api failed.
(Worker_DP7_TP1_EP15 pid=395663) EE9999: Inner Error!
(Worker_DP7_TP1_EP15 pid=395663) EE9999[PID: 395663] 2026-07-28-09:55:11.290.840 (EE9999):  Failed to submit record task, retCode=0x7150059.[FUNC:Record][FILE:event.cc][LINE:487]
(Worker_DP7_TP1_EP15 pid=395663)         TraceBack (most recent call last):
(Worker_DP7_TP1_EP15 pid=395663)        rtEventRecord execution failed, reason=task timeout[FUNC:FuncErrorReason][FILE:error_message_manage.cc][LINE:65]
(Worker_DP7_TP1_EP15 pid=395663)        record event failed, runtime result = 107020[FUNC:ReportCallError][FILE:log_inner.cpp][LINE:148]
(Worker_DP7_TP1_EP15 pid=395663) 
[rank15]:[W728 09:55:14.352445260 NPUStream.cpp:596] Warning: NPU warning, error code is 107020[Error]: .
EE9999: Inner Error!
EE9999[PID: 395663] 2026-07-28-09:55:14.438.518 (EE9999):  rtDeviceSynchronizeWithTimeout execution failed, reason=task timeout[FUNC:FuncErrorReason][FILE:error_message_manage.cc][LINE:65]
        TraceBack (most recent call last):
       wait for compute device to finish failed, runtime result = 107020.[FUNC:ReportCallError][FILE:log_inner.cpp][LINE:148]
 (function npuSynchronizeUsedDevices)
[W728 09:55:14.362996820 NPUStream.cpp:578] Warning: NPU warning, error code is 107020[Error]: .
EE9999: Inner Error!
EE9999[PID: 395663] 2026-07-28-09:55:14.449.360 (EE9999):  rtDeviceSynchronizeWithTimeout execution failed, reason=task timeout[FUNC:FuncErrorReason][FILE:error_message_manage.cc][LINE:65]
        TraceBack (most recent call last):
       wait for compute device to finish failed, runtime result = 107020.[FUNC:ReportCallError][FILE:log_inner.cpp][LINE:148]
 (function npuSynchronizeDevice)
[W728 09:55:14.363578980 NPUStream.cpp:578] Warning: NPU warning, error code is 107020[Error]: .
EE9999: Inner Error!
EE9999[PID: 395663] 2026-07-28-09:55:14.450.019 (EE9999):  rtDeviceSynchronizeWithTimeout execution failed, reason=task timeout[FUNC:FuncErrorReason][FILE:error_message_manage.cc][LINE:65]
        TraceBack (most recent call last):
       wait for compute device to finish failed, runtime result = 107020.[FUNC:ReportCallError][FILE:log_inner.cpp][LINE:148]
 (function npuSynchronizeDevice)
[W728 09:55:14.368168730 NPUStream.cpp:578] Warning: NPU warning, error code is 107020[Error]: .
EE9999: Inner Error!
EE9999[PID: 395663] 2026-07-28-09:55:14.454.538 (EE9999):  rtDeviceSynchronizeWithTimeout execution failed, reason=task timeout[FUNC:FuncErrorReason][FILE:error_message_manage.cc][LINE:65]
        TraceBack (most recent call last):
       wait for compute device to finish failed, runtime result = 107020.[FUNC:ReportCallError][FILE:log_inner.cpp][LINE:148]
 (function npuSynchronizeDevice)
(Worker_DP7_TP0_EP14 pid=395293) Process VllmWorker-0:
(Worker_DP7_TP0_EP14 pid=395293) Traceback (most recent call last):
(Worker_DP7_TP0_EP14 pid=395293)   File "/usr/local/lib/python3.11/multiprocessing/process.py", line 314, in _bootstrap
(Worker_DP7_TP0_EP14 pid=395293)     self.run()
(Worker_DP7_TP0_EP14 pid=395293)   File "/usr/local/lib/python3.11/multiprocessing/process.py", line 108, in run
(Worker_DP7_TP0_EP14 pid=395293)     self._target(*self._args, **self._kwargs)
(Worker_DP7_TP0_EP14 pid=395293)   File "/home/l00838859/cann/my-project/vllm/vllm/v1/executor/multiproc_executor.py", line 933, in worker_main
(Worker_DP7_TP0_EP14 pid=395293)     worker.shutdown()
(Worker_DP7_TP0_EP14 pid=395293)   File "/home/l00838859/cann/my-project/vllm/vllm/v1/executor/multiproc_executor.py", line 778, in shutdown
(Worker_DP7_TP0_EP14 pid=395293)     self.worker.shutdown()
(Worker_DP7_TP0_EP14 pid=395293)   File "/home/l00838859/cann/my-project/vllm/vllm/v1/worker/worker_base.py", line 220, in shutdown
(Worker_DP7_TP0_EP14 pid=395293)     self.worker.shutdown()
(Worker_DP7_TP0_EP14 pid=395293)   File "/home/l00838859/cann/my-project/vllm-ascend/vllm_ascend/worker/worker.py", line 387, in shutdown
(Worker_DP7_TP0_EP14 pid=395293)     shutdown_fn()
(Worker_DP7_TP0_EP14 pid=395293)   File "/home/l00838859/cann/my-project/vllm/vllm/v1/worker/gpu_model_runner.py", line 6447, in shutdown
(Worker_DP7_TP0_EP14 pid=395293)     self._cleanup_profiling_kv_cache()
(Worker_DP7_TP0_EP14 pid=395293)   File "/home/l00838859/cann/my-project/vllm/vllm/v1/worker/gpu_model_runner.py", line 6465, in _cleanup_profiling_kv_cache
(Worker_DP7_TP0_EP14 pid=395293)     torch.accelerator.synchronize()
(Worker_DP7_TP0_EP14 pid=395293)   File "/usr/local/lib/python3.11/site-packages/torch/accelerator/__init__.py", line 262, in synchronize
(Worker_DP7_TP0_EP14 pid=395293)     torch._C._accelerator_synchronizeDevice(device_index)
(Worker_DP7_TP0_EP14 pid=395293) RuntimeError: npuSynchronizeDevice:../torch_npu/csrc/core/npu/NPUStream.cpp:576 NPU function error: AclrtSynchronizeDeviceWithTimeout, error code is 107020
(Worker_DP7_TP0_EP14 pid=395293) [ERROR] 2026-07-28-09:55:13 (PID:395293, Device:14, RankID:-1) ERR00100 PTA call acl api failed.
(Worker_DP7_TP0_EP14 pid=395293) EE9999: Inner Error!
(Worker_DP7_TP0_EP14 pid=395293) EE9999[PID: 395293] 2026-07-28-09:55:13.122.232 (EE9999):  rtDeviceSynchronizeWithTimeout execution failed, reason=task timeout[FUNC:FuncErrorReason][FILE:error_message_manage.cc][LINE:65]
(Worker_DP7_TP0_EP14 pid=395293)         TraceBack (most recent call last):
(Worker_DP7_TP0_EP14 pid=395293)        wait for compute device to finish failed, runtime result = 107020.[FUNC:ReportCallError][FILE:log_inner.cpp][LINE:148]
(Worker_DP7_TP0_EP14 pid=395293) 
[rank14]:[W728 09:55:14.376934080 NPUStream.cpp:596] Warning: NPU warning, error code is 107020[Error]: .
EE9999: Inner Error!
EE9999[PID: 395293] 2026-07-28-09:55:14.463.205 (EE9999):  rtDeviceSynchronizeWithTimeout execution failed, reason=task timeout[FUNC:FuncErrorReason][FILE:error_message_manage.cc][LINE:65]
        TraceBack (most recent call last):
       wait for compute device to finish failed, runtime result = 107020.[FUNC:ReportCallError][FILE:log_inner.cpp][LINE:148]
 (function npuSynchronizeUsedDevices)
[W728 09:55:14.383326410 NPUStream.cpp:578] Warning: NPU warning, error code is 107020[Error]: .
EE9999: Inner Error!
EE9999[PID: 395663] 2026-07-28-09:55:14.469.669 (EE9999):  rtDeviceSynchronizeWithTimeout execution failed, reason=task timeout[FUNC:FuncErrorReason][FILE:error_message_manage.cc][LINE:65]
        TraceBack (most recent call last):
       wait for compute device to finish failed, runtime result = 107020.[FUNC:ReportCallError][FILE:log_inner.cpp][LINE:148]
 (function npuSynchronizeDevice)
[W728 09:55:14.386374620 NPUStream.cpp:578] Warning: NPU warning, error code is 107020[Error]: .
EE9999: Inner Error!
EE9999[PID: 395293] 2026-07-28-09:55:14.472.748 (EE9999):  rtDeviceSynchronizeWithTimeout execution failed, reason=task timeout[FUNC:FuncErrorReason][FILE:error_message_manage.cc][LINE:65]
        TraceBack (most recent call last):
       wait for compute device to finish failed, runtime result = 107020.[FUNC:ReportCallError][FILE:log_inner.cpp][LINE:148]
 (function npuSynchronizeDevice)
[W728 09:55:14.386949490 NPUStream.cpp:578] Warning: NPU warning, error code is 107020[Error]: .
EE9999: Inner Error!
EE9999[PID: 395293] 2026-07-28-09:55:14.473.402 (EE9999):  rtDeviceSynchronizeWithTimeout execution failed, reason=task timeout[FUNC:FuncErrorReason][FILE:error_message_manage.cc][LINE:65]
        TraceBack (most recent call last):
       wait for compute device to finish failed, runtime result = 107020.[FUNC:ReportCallError][FILE:log_inner.cpp][LINE:148]
 (function npuSynchronizeDevice)
[W728 09:55:14.391645680 NPUStream.cpp:578] Warning: NPU warning, error code is 107020[Error]: .
EE9999: Inner Error!
EE9999[PID: 395663] 2026-07-28-09:55:14.478.024 (EE9999):  rtDeviceSynchronizeWithTimeout execution failed, reason=task timeout[FUNC:FuncErrorReason][FILE:error_message_manage.cc][LINE:65]
        TraceBack (most recent call last):
       wait for compute device to finish failed, runtime result = 107020.[FUNC:ReportCallError][FILE:log_inner.cpp][LINE:148]
 (function npuSynchronizeDevice)
[W728 09:55:14.393332190 NPUStream.cpp:578] Warning: NPU warning, error code is 107020[Error]: .
EE9999: Inner Error!
EE9999[PID: 395663] 2026-07-28-09:55:14.479.722 (EE9999):  rtDeviceSynchronizeWithTimeout execution failed, reason=task timeout[FUNC:FuncErrorReason][FILE:error_message_manage.cc][LINE:65]
        TraceBack (most recent call last):
       wait for compute device to finish failed, runtime result = 107020.[FUNC:ReportCallError][FILE:log_inner.cpp][LINE:148]
 (function npuSynchronizeDevice)
[W728 09:55:14.393621990 NPUStream.cpp:578] Warning: NPU warning, error code is 107020[Error]: .
EE9999: Inner Error!
EE9999[PID: 395293] 2026-07-28-09:55:14.479.946 (EE9999):  rtDeviceSynchronizeWithTimeout execution failed, reason=task timeout[FUNC:FuncErrorReason][FILE:error_message_manage.cc][LINE:65]
        TraceBack (most recent call last):
       wait for compute device to finish failed, runtime result = 107020.[FUNC:ReportCallError][FILE:log_inner.cpp][LINE:148]
 (function npuSynchronizeDevice)
[W728 09:55:14.413022380 NPUStream.cpp:578] Warning: NPU warning, error code is 107020[Error]: .
EE9999: Inner Error!
EE9999[PID: 395293] 2026-07-28-09:55:14.499.396 (EE9999):  rtDeviceSynchronizeWithTimeout execution failed, reason=task timeout[FUNC:FuncErrorReason][FILE:error_message_manage.cc][LINE:65]
        TraceBack (most recent call last):
       wait for compute device to finish failed, runtime result = 107020.[FUNC:ReportCallError][FILE:log_inner.cpp][LINE:148]
 (function npuSynchronizeDevice)
[W728 09:55:14.420390260 NPUStream.cpp:578] Warning: NPU warning, error code is 107020[Error]: .
EE9999: Inner Error!
EE9999[PID: 395293] 2026-07-28-09:55:14.506.788 (EE9999):  rtDeviceSynchronizeWithTimeout execution failed, reason=task timeout[FUNC:FuncErrorReason][FILE:error_message_manage.cc][LINE:65]
        TraceBack (most recent call last):
       wait for compute device to finish failed, runtime result = 107020.[FUNC:ReportCallError][FILE:log_inner.cpp][LINE:148]
 (function npuSynchronizeDevice)
[W728 09:55:14.421855350 NPUStream.cpp:578] Warning: NPU warning, error code is 107020[Error]: .
EE9999: Inner Error!
EE9999[PID: 395293] 2026-07-28-09:55:14.508.300 (EE9999):  rtDeviceSynchronizeWithTimeout execution failed, reason=task timeout[FUNC:FuncErrorReason][FILE:error_message_manage.cc][LINE:65]
        TraceBack (most recent call last):
       wait for compute device to finish failed, runtime result = 107020.[FUNC:ReportCallError][FILE:log_inner.cpp][LINE:148]
 (function npuSynchronizeDevice)
(EngineCore_DP7 pid=394851) WARNING 07-28 09:55:18 [multiproc_executor.py:441] [shutdown] Executor: workers still running after grace period; sending SIGTERM count=2
(Worker_DP6_TP0_EP12 pid=395295) ERROR 07-28 09:55:19 [multiproc_executor.py:948] Error getting async model runner output
(Worker_DP6_TP0_EP12 pid=395295) ERROR 07-28 09:55:19 [multiproc_executor.py:948] Traceback (most recent call last):
(Worker_DP6_TP0_EP12 pid=395295) ERROR 07-28 09:55:19 [multiproc_executor.py:948]   File "/home/l00838859/cann/my-project/vllm/vllm/v1/executor/multiproc_executor.py", line 946, in enqueue_output
(Worker_DP6_TP0_EP12 pid=395295) ERROR 07-28 09:55:19 [multiproc_executor.py:948]     output = output.get_output()
(Worker_DP6_TP0_EP12 pid=395295) ERROR 07-28 09:55:19 [multiproc_executor.py:948]              ^^^^^^^^^^^^^^^^^^^
(Worker_DP6_TP0_EP12 pid=395295) ERROR 07-28 09:55:19 [multiproc_executor.py:948]   File "/home/l00838859/cann/my-project/vllm/vllm/v1/worker/gpu_model_runner.py", line 305, in get_output
(Worker_DP6_TP0_EP12 pid=395295) ERROR 07-28 09:55:19 [multiproc_executor.py:948]     self.async_copy_ready_event.synchronize()
(Worker_DP6_TP0_EP12 pid=395295) ERROR 07-28 09:55:19 [multiproc_executor.py:948]   File "/usr/local/lib/python3.11/site-packages/torch_npu/npu/streams.py", line 192, in synchronize
(Worker_DP6_TP0_EP12 pid=395295) ERROR 07-28 09:55:19 [multiproc_executor.py:948]     super(Event, self).synchronize()
(Worker_DP6_TP0_EP12 pid=395295) ERROR 07-28 09:55:19 [multiproc_executor.py:948] RuntimeError: synchronize:../torch_npu/csrc/core/npu/NPUEvent.cpp:212 NPU function error: aclrtSynchronizeEvent(event_), error code is 107020
(Worker_DP6_TP0_EP12 pid=395295) ERROR 07-28 09:55:19 [multiproc_executor.py:948] [ERROR] 2026-07-28-09:55:19 (PID:395295, Device:12, RankID:-1) ERR00100 PTA call acl api failed.
(Worker_DP6_TP0_EP12 pid=395295) ERROR 07-28 09:55:19 [multiproc_executor.py:948] EE9999: Inner Error!
(Worker_DP6_TP0_EP12 pid=395295) ERROR 07-28 09:55:19 [multiproc_executor.py:948] EE9999[PID: 395295] 2026-07-28-09:55:19.222.648 (EE9999):  The error from device(chipId:6, dieId:0), serial number is 22, event wait timeout occurred during task execution, stream_id:44, sq_id:5, task_id:4, event_id=231, timeout=234s.[FUNC:ProcessStarsWaitTimeoutErrorInfo][FILE:device_error_proc.cc][LINE:1593]
(Worker_DP6_TP0_EP12 pid=395295) ERROR 07-28 09:55:19 [multiproc_executor.py:948]         TraceBack (most recent call last):
(Worker_DP6_TP0_EP12 pid=395295) ERROR 07-28 09:55:19 [multiproc_executor.py:948]        rtEventSynchronize execution failed, reason=task timeout[FUNC:FuncErrorReason][FILE:error_message_manage.cc][LINE:65]
(Worker_DP6_TP0_EP12 pid=395295) ERROR 07-28 09:55:19 [multiproc_executor.py:948]        wait event to be complete failed, runtime result = 107020[FUNC:ReportCallError][FILE:log_inner.cpp][LINE:148]
(Worker_DP6_TP0_EP12 pid=395295) ERROR 07-28 09:55:19 [multiproc_executor.py:948] 
(Worker_DP6_TP0_EP12 pid=395295) ERROR 07-28 09:55:19 [multiproc_executor.py:1007] WorkerProc hit an exception.
(Worker_DP6_TP0_EP12 pid=395295) ERROR 07-28 09:55:19 [multiproc_executor.py:1007] Traceback (most recent call last):
(Worker_DP6_TP0_EP12 pid=395295) ERROR 07-28 09:55:19 [multiproc_executor.py:1007]   File "/home/l00838859/cann/my-project/vllm/vllm/v1/executor/multiproc_executor.py", line 999, in worker_busy_loop
(Worker_DP6_TP0_EP12 pid=395295) ERROR 07-28 09:55:19 [multiproc_executor.py:1007]     output = func(*args, **kwargs)
(Worker_DP6_TP0_EP12 pid=395295) ERROR 07-28 09:55:19 [multiproc_executor.py:1007]              ^^^^^^^^^^^^^^^^^^^^^
(Worker_DP6_TP0_EP12 pid=395295) ERROR 07-28 09:55:19 [multiproc_executor.py:1007]   File "/home/l00838859/cann/my-project/vllm/vllm/v1/worker/worker_base.py", line 351, in execute_model
(Worker_DP6_TP0_EP12 pid=395295) ERROR 07-28 09:55:19 [multiproc_executor.py:1007]     return self.worker.execute_model(scheduler_output)
(Worker_DP6_TP0_EP12 pid=395295) ERROR 07-28 09:55:19 [multiproc_executor.py:1007]            ^^^^^^^^^^^^^^^^^^^^^^^^^^^^^^^^^^^^^^^^^^^
(Worker_DP6_TP0_EP12 pid=395295) ERROR 07-28 09:55:19 [multiproc_executor.py:1007]   File "/home/l00838859/cann/my-project/vllm-ascend/vllm_ascend/worker/worker.py", line 685, in execute_model
(Worker_DP6_TP0_EP12 pid=395295) ERROR 07-28 09:55:19 [multiproc_executor.py:1007]     output = self.model_runner.execute_model(scheduler_output, intermediate_tensors)
(Worker_DP6_TP0_EP12 pid=395295) ERROR 07-28 09:55:19 [multiproc_executor.py:1007]              ^^^^^^^^^^^^^^^^^^^^^^^^^^^^^^^^^^^^^^^^^^^^^^^^^^^^^^^^^^^^^^^^^^^^^^^
(Worker_DP6_TP0_EP12 pid=395295) ERROR 07-28 09:55:19 [multiproc_executor.py:1007]   File "/usr/local/lib/python3.11/site-packages/torch/utils/_contextlib.py", line 124, in decorate_context
(Worker_DP6_TP0_EP12 pid=395295) ERROR 07-28 09:55:19 [multiproc_executor.py:1007]     return func(*args, **kwargs)
(Worker_DP6_TP0_EP12 pid=395295) ERROR 07-28 09:55:19 [multiproc_executor.py:1007]            ^^^^^^^^^^^^^^^^^^^^^
(Worker_DP6_TP0_EP12 pid=395295) ERROR 07-28 09:55:19 [multiproc_executor.py:1007]   File "/home/l00838859/cann/my-project/vllm-ascend/vllm_ascend/worker/model_runner_v1.py", line 2346, in execute_model
(Worker_DP6_TP0_EP12 pid=395295) ERROR 07-28 09:55:19 [multiproc_executor.py:1007]     hidden_states = self._model_forward(
(Worker_DP6_TP0_EP12 pid=395295) ERROR 07-28 09:55:19 [multiproc_executor.py:1007]                     ^^^^^^^^^^^^^^^^^^^^
(Worker_DP6_TP0_EP12 pid=395295) ERROR 07-28 09:55:19 [multiproc_executor.py:1007]   File "/home/l00838859/cann/my-project/vllm-ascend/vllm_ascend/worker/model_runner_v1.py", line 2915, in _model_forward
(Worker_DP6_TP0_EP12 pid=395295) ERROR 07-28 09:55:19 [multiproc_executor.py:1007]     hidden_states = run_model()
(Worker_DP6_TP0_EP12 pid=395295) ERROR 07-28 09:55:19 [multiproc_executor.py:1007]                     ^^^^^^^^^^^
(Worker_DP6_TP0_EP12 pid=395295) ERROR 07-28 09:55:19 [multiproc_executor.py:1007]   File "/home/l00838859/cann/my-project/vllm-ascend/vllm_ascend/compilation/acl_graph.py", line 281, in __call__
(Worker_DP6_TP0_EP12 pid=395295) ERROR 07-28 09:55:19 [multiproc_executor.py:1007]     torch.npu.current_stream().synchronize()
(Worker_DP6_TP0_EP12 pid=395295) ERROR 07-28 09:55:19 [multiproc_executor.py:1007]   File "/usr/local/lib/python3.11/site-packages/torch_npu/npu/streams.py", line 85, in synchronize
(Worker_DP6_TP0_EP12 pid=395295) ERROR 07-28 09:55:19 [multiproc_executor.py:1007]     super(Stream, self).synchronize()
(Worker_DP6_TP0_EP12 pid=395295) ERROR 07-28 09:55:19 [multiproc_executor.py:1007] RuntimeError: synchronize:../torch_npu/csrc/core/npu/NPUStream.cpp:361 NPU function error: c10_npu::acl::AclrtSynchronizeStreamWithTimeout(stream()), error code is 107020
(Worker_DP6_TP0_EP12 pid=395295) ERROR 07-28 09:55:19 [multiproc_executor.py:1007] [ERROR] 2026-07-28-09:55:19 (PID:395295, Device:12, RankID:-1) ERR00100 PTA call acl api failed.
(Worker_DP6_TP0_EP12 pid=395295) ERROR 07-28 09:55:19 [multiproc_executor.py:1007] EE9999: Inner Error!
(Worker_DP6_TP0_EP12 pid=395295) ERROR 07-28 09:55:19 [multiproc_executor.py:1007] EE9999[PID: 395295] 2026-07-28-09:55:19.225.896 (EE9999):  rtStreamSynchronizeWithTimeout execution failed, reason=task timeout[FUNC:FuncErrorReason][FILE:error_message_manage.cc][LINE:65]
(Worker_DP6_TP0_EP12 pid=395295) ERROR 07-28 09:55:19 [multiproc_executor.py:1007]         TraceBack (most recent call last):
(Worker_DP6_TP0_EP12 pid=395295) ERROR 07-28 09:55:19 [multiproc_executor.py:1007]        synchronize stream with timeout failed, runtime result = 107020[FUNC:ReportCallError][FILE:log_inner.cpp][LINE:148]
(Worker_DP6_TP0_EP12 pid=395295) ERROR 07-28 09:55:19 [multiproc_executor.py:1007] 
(Worker_DP6_TP0_EP12 pid=395295) ERROR 07-28 09:55:19 [multiproc_executor.py:1007] Traceback (most recent call last):
(Worker_DP6_TP0_EP12 pid=395295) ERROR 07-28 09:55:19 [multiproc_executor.py:1007]   File "/home/l00838859/cann/my-project/vllm/vllm/v1/executor/multiproc_executor.py", line 999, in worker_busy_loop
(Worker_DP6_TP0_EP12 pid=395295) ERROR 07-28 09:55:19 [multiproc_executor.py:1007]     output = func(*args, **kwargs)
(Worker_DP6_TP0_EP12 pid=395295) ERROR 07-28 09:55:19 [multiproc_executor.py:1007]              ^^^^^^^^^^^^^^^^^^^^^
(Worker_DP6_TP0_EP12 pid=395295) ERROR 07-28 09:55:19 [multiproc_executor.py:1007]   File "/home/l00838859/cann/my-project/vllm/vllm/v1/worker/worker_base.py", line 351, in execute_model
(Worker_DP6_TP0_EP12 pid=395295) ERROR 07-28 09:55:19 [multiproc_executor.py:1007]     return self.worker.execute_model(scheduler_output)
(Worker_DP6_TP0_EP12 pid=395295) ERROR 07-28 09:55:19 [multiproc_executor.py:1007]            ^^^^^^^^^^^^^^^^^^^^^^^^^^^^^^^^^^^^^^^^^^^
(Worker_DP6_TP0_EP12 pid=395295) ERROR 07-28 09:55:19 [multiproc_executor.py:1007]   File "/home/l00838859/cann/my-project/vllm-ascend/vllm_ascend/worker/worker.py", line 685, in execute_model
(Worker_DP6_TP0_EP12 pid=395295) ERROR 07-28 09:55:19 [multiproc_executor.py:1007]     output = self.model_runner.execute_model(scheduler_output, intermediate_tensors)
(Worker_DP6_TP0_EP12 pid=395295) ERROR 07-28 09:55:19 [multiproc_executor.py:1007]              ^^^^^^^^^^^^^^^^^^^^^^^^^^^^^^^^^^^^^^^^^^^^^^^^^^^^^^^^^^^^^^^^^^^^^^^
(Worker_DP6_TP0_EP12 pid=395295) ERROR 07-28 09:55:19 [multiproc_executor.py:1007]   File "/usr/local/lib/python3.11/site-packages/torch/utils/_contextlib.py", line 124, in decorate_context
(Worker_DP6_TP0_EP12 pid=395295) ERROR 07-28 09:55:19 [multiproc_executor.py:1007]     return func(*args, **kwargs)
(Worker_DP6_TP0_EP12 pid=395295) ERROR 07-28 09:55:19 [multiproc_executor.py:1007]            ^^^^^^^^^^^^^^^^^^^^^
(Worker_DP6_TP0_EP12 pid=395295) ERROR 07-28 09:55:19 [multiproc_executor.py:1007]   File "/home/l00838859/cann/my-project/vllm-ascend/vllm_ascend/worker/model_runner_v1.py", line 2346, in execute_model
(Worker_DP6_TP0_EP12 pid=395295) ERROR 07-28 09:55:19 [multiproc_executor.py:1007]     hidden_states = self._model_forward(
(Worker_DP6_TP0_EP12 pid=395295) ERROR 07-28 09:55:19 [multiproc_executor.py:1007]                     ^^^^^^^^^^^^^^^^^^^^
(Worker_DP6_TP0_EP12 pid=395295) ERROR 07-28 09:55:19 [multiproc_executor.py:1007]   File "/home/l00838859/cann/my-project/vllm-ascend/vllm_ascend/worker/model_runner_v1.py", line 2915, in _model_forward
(Worker_DP6_TP0_EP12 pid=395295) ERROR 07-28 09:55:19 [multiproc_executor.py:1007]     hidden_states = run_model()
(Worker_DP6_TP0_EP12 pid=395295) ERROR 07-28 09:55:19 [multiproc_executor.py:1007]                     ^^^^^^^^^^^
(Worker_DP6_TP0_EP12 pid=395295) ERROR 07-28 09:55:19 [multiproc_executor.py:1007]   File "/home/l00838859/cann/my-project/vllm-ascend/vllm_ascend/compilation/acl_graph.py", line 281, in __call__
(Worker_DP6_TP0_EP12 pid=395295) ERROR 07-28 09:55:19 [multiproc_executor.py:1007]     torch.npu.current_stream().synchronize()
(Worker_DP6_TP0_EP12 pid=395295) ERROR 07-28 09:55:19 [multiproc_executor.py:1007]   File "/usr/local/lib/python3.11/site-packages/torch_npu/npu/streams.py", line 85, in synchronize
(Worker_DP6_TP0_EP12 pid=395295) ERROR 07-28 09:55:19 [multiproc_executor.py:1007]     super(Stream, self).synchronize()
(Worker_DP6_TP0_EP12 pid=395295) ERROR 07-28 09:55:19 [multiproc_executor.py:1007] RuntimeError: synchronize:../torch_npu/csrc/core/npu/NPUStream.cpp:361 NPU function error: c10_npu::acl::AclrtSynchronizeStreamWithTimeout(stream()), error code is 107020
(Worker_DP6_TP0_EP12 pid=395295) ERROR 07-28 09:55:19 [multiproc_executor.py:1007] [ERROR] 2026-07-28-09:55:19 (PID:395295, Device:12, RankID:-1) ERR00100 PTA call acl api failed.
(Worker_DP6_TP0_EP12 pid=395295) ERROR 07-28 09:55:19 [multiproc_executor.py:1007] EE9999: Inner Error!
(Worker_DP6_TP0_EP12 pid=395295) ERROR 07-28 09:55:19 [multiproc_executor.py:1007] EE9999[PID: 395295] 2026-07-28-09:55:19.225.896 (EE9999):  rtStreamSynchronizeWithTimeout execution failed, reason=task timeout[FUNC:FuncErrorReason][FILE:error_message_manage.cc][LINE:65]
(Worker_DP6_TP0_EP12 pid=395295) ERROR 07-28 09:55:19 [multiproc_executor.py:1007]         TraceBack (most recent call last):
(Worker_DP6_TP0_EP12 pid=395295) ERROR 07-28 09:55:19 [multiproc_executor.py:1007]        synchronize stream with timeout failed, runtime result = 107020[FUNC:ReportCallError][FILE:log_inner.cpp][LINE:148]
(Worker_DP6_TP0_EP12 pid=395295) ERROR 07-28 09:55:19 [multiproc_executor.py:1007] 
(Worker_DP6_TP0_EP12 pid=395295) ERROR 07-28 09:55:19 [multiproc_executor.py:1007] 
(EngineCore_DP6 pid=394853) ERROR 07-28 09:55:19 [dump_input.py:72] Dumping input data for V1 LLM engine (v0.1.dev18654+g54503ecec) with config: model='/mnt/weights/DeepSeek-V3.1-Terminus-w8a8-QuaRot-lfs', speculative_config=SpeculativeConfig(method='mtp', model='/mnt/weights/DeepSeek-V3.1-Terminus-w8a8-QuaRot-lfs', num_spec_tokens=2), tokenizer='/mnt/weights/DeepSeek-V3.1-Terminus-w8a8-QuaRot-lfs', skip_tokenizer_init=False, tokenizer_mode=auto, revision=None, tokenizer_revision=None, trust_remote_code=True, dtype=torch.bfloat16, max_seq_len=4096, download_dir=None, load_format=auto, tensor_parallel_size=2, pipeline_parallel_size=1, data_parallel_size=8, decode_context_parallel_size=1, dcp_comm_backend=ag_rs, disable_custom_all_reduce=True, quantization=ascend, quantization_config=None, enforce_eager=False, enable_return_routed_experts=False, kv_cache_dtype=auto, device_config=npu, structured_outputs_config=StructuredOutputsConfig(backend='auto', disable_any_whitespace=False, disable_additional_properties=False, reasoning_parser='', reasoning_parser_plugin='', enable_in_reasoning=False), observability_config=ObservabilityConfig(show_hidden_metrics_for_version=None, otlp_traces_endpoint=None, collect_detailed_traces=None, kv_cache_metrics=False, kv_cache_metrics_sample=0.01, cudagraph_metrics=False, enable_layerwise_nvtx_tracing=False, enable_mfu_metrics=False, enable_mm_processor_stats=False, enable_logging_iteration_details=False, jit_monitor_mode='warn', jit_monitor_verbose=False), seed=1024, served_model_name=/mnt/weights/DeepSeek-V3.1-Terminus-w8a8-QuaRot-lfs, enable_prefix_caching=False, enable_chunked_prefill=True, pooler_config=None, compilation_config={'mode': <CompilationMode.VLLM_COMPILE: 3>, 'debug_dump_path': PosixPath('/home/l00838859/cann/vllm-runner/fx-graph'), 'cache_dir': '', 'compile_cache_save_format': 'binary', 'backend': 'vllm_ascend.compilation.compiler_interface.AscendCompiler', 'custom_ops': ['all'], 'ir_enable_torch_wrap': False, 'splitting_ops': [], 'compile_mm_encoder': False, 'cudagraph_mm_encoder': False, 'encoder_cudagraph_token_budgets': [], 'encoder_cudagraph_max_vision_items_per_batch': 0, 'encoder_cudagraph_max_frames_per_batch': None, 'compile_sizes': [], 'compile_ranges_endpoints': [256], 'inductor_compile_config': {'enable_auto_functionalized_v2': False, 'size_asserts': False, 'alignment_asserts': False, 'scalar_asserts': False, 'combo_kernels': True, 'benchmark_combo_kernel': True}, 'inductor_passes': {}, 'cudagraph_mode': <CUDAGraphMode.FULL_DECODE_ONLY: (2, 0)>, 'cudagraph_num_of_warmups': 1, 'cudagraph_capture_sizes': [3, 48], 'cudagraph_copy_inputs': False, 'cudagraph_specialize_lora': True, 'use_inductor_graph_partition': False, 'pass_config': {'fuse_norm_quant': True, 'fuse_act_quant': True, 'fuse_attn_quant': False, 'enable_sp': False, 'fuse_gemm_comms': False, 'fuse_allreduce_rms': False, 'fuse_rope_kvcache_cat_mla': False, 'fuse_act_padding': False}, 'max_cudagraph_capture_size': 48, 'dynamic_shapes_config': {'type': <DynamicShapesType.BACKED: 'backed'>, 'evaluate_guards': False, 'assume_32_bit_indexing': False}, 'local_cache_dir': None, 'fast_moe_cold_start': False, 'static_all_moe_layers': []}, kernel_config=KernelConfig(ir_op_priority=IrOpPriorityConfig(rms_norm=['native'], fused_add_rms_norm=['native']), enable_flashinfer_autotune=True, enable_cutedsl_warmup=True, moe_backend='auto', linear_backend='auto'), 
(EngineCore_DP6 pid=394853) ERROR 07-28 09:55:19 [dump_input.py:79] Dumping scheduler output for model execution: SchedulerOutput(scheduled_new_reqs=[], scheduled_cached_reqs=CachedRequestData(req_ids=['0-ba3a27ec'],resumed_req_ids=set(),new_token_ids_lens=[],all_token_ids_lens={},new_block_ids=[None],num_computed_tokens=[2],num_output_tokens=[1]), num_scheduled_tokens={0-ba3a27ec: 3}, total_num_scheduled_tokens=3, scheduled_spec_decode_tokens={0-ba3a27ec: [-1, -1]}, scheduled_encoder_inputs={}, num_common_prefix_blocks=[0], finished_req_ids=[], free_encoder_mm_hashes=[], preempted_req_ids=[], has_structured_output_requests=false, pending_structured_output_tokens=false, num_invalid_spec_tokens=null, kv_connector_metadata=null, ec_connector_metadata=null, new_block_ids_to_zero=null, num_spec_tokens_to_schedule=2)
(EngineCore_DP6 pid=394853) ERROR 07-28 09:55:19 [dump_input.py:81] Dumping scheduler stats: SchedulerStats(num_running_reqs=1, num_waiting_reqs=0, num_skipped_waiting_reqs=0, step_counter=0, current_wave=0, kv_cache_usage=0.016393442622950838, prefix_cache_stats=PrefixCacheStats(reset=False, requests=0, queries=0, hits=0, preempted_requests=0, preempted_queries=0, preempted_hits=0), connector_prefix_cache_stats=None, kv_cache_eviction_events=[], spec_decoding_stats=None, kv_connector_stats=None, waiting_lora_adapters={}, running_lora_adapters={}, cudagraph_stats=None, perf_stats=None)
(EngineCore_DP6 pid=394853) ERROR 07-28 09:55:19 [core.py:1233] EngineCore encountered a fatal error.
(EngineCore_DP6 pid=394853) ERROR 07-28 09:55:19 [core.py:1233] Traceback (most recent call last):
(EngineCore_DP6 pid=394853) ERROR 07-28 09:55:19 [core.py:1233]   File "/home/l00838859/cann/my-project/vllm/vllm/v1/engine/core.py", line 1224, in run_engine_core
(EngineCore_DP6 pid=394853) ERROR 07-28 09:55:19 [core.py:1233]     engine_core.run_busy_loop()
(EngineCore_DP6 pid=394853) ERROR 07-28 09:55:19 [core.py:1233]   File "/home/l00838859/cann/my-project/vllm/vllm/v1/engine/core.py", line 1943, in run_busy_loop
(EngineCore_DP6 pid=394853) ERROR 07-28 09:55:19 [core.py:1233]     executed = self._process_engine_step()
(EngineCore_DP6 pid=394853) ERROR 07-28 09:55:19 [core.py:1233]                ^^^^^^^^^^^^^^^^^^^^^^^^^^^
(EngineCore_DP6 pid=394853) ERROR 07-28 09:55:19 [core.py:1233]   File "/home/l00838859/cann/my-project/vllm/vllm/v1/engine/core.py", line 1304, in _process_engine_step
(EngineCore_DP6 pid=394853) ERROR 07-28 09:55:19 [core.py:1233]     outputs, model_executed = self.step_fn()
(EngineCore_DP6 pid=394853) ERROR 07-28 09:55:19 [core.py:1233]                               ^^^^^^^^^^^^^^
(EngineCore_DP6 pid=394853) ERROR 07-28 09:55:19 [core.py:1233]   File "/home/l00838859/cann/my-project/vllm/vllm/v1/engine/core.py", line 595, in step_with_batch_queue
(EngineCore_DP6 pid=394853) ERROR 07-28 09:55:19 [core.py:1233]     model_output = future.result()
(EngineCore_DP6 pid=394853) ERROR 07-28 09:55:19 [core.py:1233]                    ^^^^^^^^^^^^^^^
(EngineCore_DP6 pid=394853) ERROR 07-28 09:55:19 [core.py:1233]   File "/home/l00838859/cann/my-project/vllm/vllm/v1/executor/multiproc_executor.py", line 91, in result
(EngineCore_DP6 pid=394853) ERROR 07-28 09:55:19 [core.py:1233]     return super().result()
(EngineCore_DP6 pid=394853) ERROR 07-28 09:55:19 [core.py:1233]            ^^^^^^^^^^^^^^^^
(EngineCore_DP6 pid=394853) ERROR 07-28 09:55:19 [core.py:1233]   File "/usr/local/lib/python3.11/concurrent/futures/_base.py", line 449, in result
(EngineCore_DP6 pid=394853) ERROR 07-28 09:55:19 [core.py:1233]     return self.__get_result()
(EngineCore_DP6 pid=394853) ERROR 07-28 09:55:19 [core.py:1233]            ^^^^^^^^^^^^^^^^^^^
(EngineCore_DP6 pid=394853) ERROR 07-28 09:55:19 [core.py:1233]   File "/usr/local/lib/python3.11/concurrent/futures/_base.py", line 401, in __get_result
(EngineCore_DP6 pid=394853) ERROR 07-28 09:55:19 [core.py:1233]     raise self._exception
(EngineCore_DP6 pid=394853) ERROR 07-28 09:55:19 [core.py:1233]   File "/home/l00838859/cann/my-project/vllm/vllm/v1/executor/multiproc_executor.py", line 95, in _wait_for_response
(EngineCore_DP6 pid=394853) ERROR 07-28 09:55:19 [core.py:1233]     response = self.aggregate(self.get_response())
(EngineCore_DP6 pid=394853) ERROR 07-28 09:55:19 [core.py:1233]                               ^^^^^^^^^^^^^^^^^^^
(EngineCore_DP6 pid=394853) ERROR 07-28 09:55:19 [core.py:1233]   File "/home/l00838859/cann/my-project/vllm/vllm/v1/executor/multiproc_executor.py", line 394, in get_response
(EngineCore_DP6 pid=394853) ERROR 07-28 09:55:19 [core.py:1233]     raise RuntimeError(
(EngineCore_DP6 pid=394853) ERROR 07-28 09:55:19 [core.py:1233] RuntimeError: Worker failed with error 'synchronize:../torch_npu/csrc/core/npu/NPUEvent.cpp:212 NPU function error: aclrtSynchronizeEvent(event_), error code is 107020
(EngineCore_DP6 pid=394853) ERROR 07-28 09:55:19 [core.py:1233] [ERROR] 2026-07-28-09:55:19 (PID:395295, Device:12, RankID:-1) ERR00100 PTA call acl api failed.
(EngineCore_DP6 pid=394853) ERROR 07-28 09:55:19 [core.py:1233] EE9999: Inner Error!
(EngineCore_DP6 pid=394853) ERROR 07-28 09:55:19 [core.py:1233] EE9999[PID: 395295] 2026-07-28-09:55:19.222.648 (EE9999):  The error from device(chipId:6, dieId:0), serial number is 22, event wait timeout occurred during task execution, stream_id:44, sq_id:5, task_id:4, event_id=231, timeout=234s.[FUNC:ProcessStarsWaitTimeoutErrorInfo][FILE:device_error_proc.cc][LINE:1593]
(EngineCore_DP6 pid=394853) ERROR 07-28 09:55:19 [core.py:1233]         TraceBack (most recent call last):
(EngineCore_DP6 pid=394853) ERROR 07-28 09:55:19 [core.py:1233]        rtEventSynchronize execution failed, reason=task timeout[FUNC:FuncErrorReason][FILE:error_message_manage.cc][LINE:65]
(EngineCore_DP6 pid=394853) ERROR 07-28 09:55:19 [core.py:1233]        wait event to be complete failed, runtime result = 107020[FUNC:ReportCallError][FILE:log_inner.cpp][LINE:148]
(EngineCore_DP6 pid=394853) ERROR 07-28 09:55:19 [core.py:1233] ', please check the stack trace above for the root cause
(Worker_DP6_TP0_EP12 pid=395295) INFO 07-28 09:55:19 [multiproc_executor.py:793] Parent process exited, terminating worker queues
(EngineCore_DP6 pid=394853) INFO 07-28 09:55:19 [multiproc_executor.py:429] [shutdown] Executor: waiting for worker exit count=2
(Worker_DP6_TP0_EP12 pid=395295) Process VllmWorker-0:
(Worker_DP6_TP0_EP12 pid=395295) Traceback (most recent call last):
(Worker_DP6_TP0_EP12 pid=395295)   File "/usr/local/lib/python3.11/multiprocessing/process.py", line 314, in _bootstrap
(Worker_DP6_TP0_EP12 pid=395295)     self.run()
(Worker_DP6_TP0_EP12 pid=395295)   File "/usr/local/lib/python3.11/multiprocessing/process.py", line 108, in run
(Worker_DP6_TP0_EP12 pid=395295)     self._target(*self._args, **self._kwargs)
(Worker_DP6_TP0_EP12 pid=395295)   File "/home/l00838859/cann/my-project/vllm/vllm/v1/executor/multiproc_executor.py", line 933, in worker_main
(Worker_DP6_TP0_EP12 pid=395295)     worker.shutdown()
(Worker_DP6_TP0_EP12 pid=395295)   File "/home/l00838859/cann/my-project/vllm/vllm/v1/executor/multiproc_executor.py", line 778, in shutdown
(Worker_DP6_TP0_EP12 pid=395295)     self.worker.shutdown()
(Worker_DP6_TP0_EP12 pid=395295)   File "/home/l00838859/cann/my-project/vllm/vllm/v1/worker/worker_base.py", line 220, in shutdown
(Worker_DP6_TP0_EP12 pid=395295)     self.worker.shutdown()
(Worker_DP6_TP0_EP12 pid=395295)   File "/home/l00838859/cann/my-project/vllm-ascend/vllm_ascend/worker/worker.py", line 387, in shutdown
(Worker_DP6_TP0_EP12 pid=395295)     shutdown_fn()
(Worker_DP6_TP0_EP12 pid=395295)   File "/home/l00838859/cann/my-project/vllm/vllm/v1/worker/gpu_model_runner.py", line 6447, in shutdown
(Worker_DP6_TP0_EP12 pid=395295)     self._cleanup_profiling_kv_cache()
(Worker_DP6_TP0_EP12 pid=395295)   File "/home/l00838859/cann/my-project/vllm/vllm/v1/worker/gpu_model_runner.py", line 6465, in _cleanup_profiling_kv_cache
(Worker_DP6_TP0_EP12 pid=395295)     torch.accelerator.synchronize()
(Worker_DP6_TP0_EP12 pid=395295)   File "/usr/local/lib/python3.11/site-packages/torch/accelerator/__init__.py", line 262, in synchronize
(Worker_DP6_TP0_EP12 pid=395295)     torch._C._accelerator_synchronizeDevice(device_index)
(Worker_DP6_TP0_EP12 pid=395295) RuntimeError: npuSynchronizeDevice:../torch_npu/csrc/core/npu/NPUStream.cpp:576 NPU function error: AclrtSynchronizeDeviceWithTimeout, error code is 107020
(Worker_DP6_TP0_EP12 pid=395295) [ERROR] 2026-07-28-09:55:19 (PID:395295, Device:12, RankID:-1) ERR00100 PTA call acl api failed.
(Worker_DP6_TP0_EP12 pid=395295) EE9999: Inner Error!
(Worker_DP6_TP0_EP12 pid=395295) EE9999[PID: 395295] 2026-07-28-09:55:19.237.616 (EE9999):  rtDeviceSynchronizeWithTimeout execution failed, reason=task timeout[FUNC:FuncErrorReason][FILE:error_message_manage.cc][LINE:65]
(Worker_DP6_TP0_EP12 pid=395295)         TraceBack (most recent call last):
(Worker_DP6_TP0_EP12 pid=395295)        wait for compute device to finish failed, runtime result = 107020.[FUNC:ReportCallError][FILE:log_inner.cpp][LINE:148]
(Worker_DP6_TP0_EP12 pid=395295) 
[rank12]:[W728 09:55:20.441661610 NPUStream.cpp:596] Warning: NPU warning, error code is 107020[Error]: .
EE9999: Inner Error!
EE9999[PID: 395295] 2026-07-28-09:55:20.527.771 (EE9999):  rtDeviceSynchronizeWithTimeout execution failed, reason=task timeout[FUNC:FuncErrorReason][FILE:error_message_manage.cc][LINE:65]
        TraceBack (most recent call last):
       wait for compute device to finish failed, runtime result = 107020.[FUNC:ReportCallError][FILE:log_inner.cpp][LINE:148]
 (function npuSynchronizeUsedDevices)
[W728 09:55:20.451750160 NPUStream.cpp:578] Warning: NPU warning, error code is 107020[Error]: .
EE9999: Inner Error!
EE9999[PID: 395295] 2026-07-28-09:55:20.538.081 (EE9999):  rtDeviceSynchronizeWithTimeout execution failed, reason=task timeout[FUNC:FuncErrorReason][FILE:error_message_manage.cc][LINE:65]
        TraceBack (most recent call last):
       wait for compute device to finish failed, runtime result = 107020.[FUNC:ReportCallError][FILE:log_inner.cpp][LINE:148]
 (function npuSynchronizeDevice)
[W728 09:55:20.452341890 NPUStream.cpp:578] Warning: NPU warning, error code is 107020[Error]: .
EE9999: Inner Error!
EE9999[PID: 395295] 2026-07-28-09:55:20.538.743 (EE9999):  rtDeviceSynchronizeWithTimeout execution failed, reason=task timeout[FUNC:FuncErrorReason][FILE:error_message_manage.cc][LINE:65]
        TraceBack (most recent call last):
       wait for compute device to finish failed, runtime result = 107020.[FUNC:ReportCallError][FILE:log_inner.cpp][LINE:148]
 (function npuSynchronizeDevice)
[W728 09:55:20.456293850 NPUStream.cpp:578] Warning: NPU warning, error code is 107020[Error]: .
EE9999: Inner Error!
EE9999[PID: 395295] 2026-07-28-09:55:20.542.733 (EE9999):  rtDeviceSynchronizeWithTimeout execution failed, reason=task timeout[FUNC:FuncErrorReason][FILE:error_message_manage.cc][LINE:65]
        TraceBack (most recent call last):
       wait for compute device to finish failed, runtime result = 107020.[FUNC:ReportCallError][FILE:log_inner.cpp][LINE:148]
 (function npuSynchronizeDevice)
[W728 09:55:20.467961410 NPUStream.cpp:578] Warning: NPU warning, error code is 107020[Error]: .
EE9999: Inner Error!
EE9999[PID: 395295] 2026-07-28-09:55:20.554.346 (EE9999):  rtDeviceSynchronizeWithTimeout execution failed, reason=task timeout[FUNC:FuncErrorReason][FILE:error_message_manage.cc][LINE:65]
        TraceBack (most recent call last):
       wait for compute device to finish failed, runtime result = 107020.[FUNC:ReportCallError][FILE:log_inner.cpp][LINE:148]
 (function npuSynchronizeDevice)
[W728 09:55:20.475106120 NPUStream.cpp:578] Warning: NPU warning, error code is 107020[Error]: .
EE9999: Inner Error!
EE9999[PID: 395295] 2026-07-28-09:55:20.561.504 (EE9999):  rtDeviceSynchronizeWithTimeout execution failed, reason=task timeout[FUNC:FuncErrorReason][FILE:error_message_manage.cc][LINE:65]
        TraceBack (most recent call last):
       wait for compute device to finish failed, runtime result = 107020.[FUNC:ReportCallError][FILE:log_inner.cpp][LINE:148]
 (function npuSynchronizeDevice)
[W728 09:55:20.476636330 NPUStream.cpp:578] Warning: NPU warning, error code is 107020[Error]: .
EE9999: Inner Error!
EE9999[PID: 395295] 2026-07-28-09:55:20.563.067 (EE9999):  rtDeviceSynchronizeWithTimeout execution failed, reason=task timeout[FUNC:FuncErrorReason][FILE:error_message_manage.cc][LINE:65]
        TraceBack (most recent call last):
       wait for compute device to finish failed, runtime result = 107020.[FUNC:ReportCallError][FILE:log_inner.cpp][LINE:148]
 (function npuSynchronizeDevice)
(EngineCore_DP7 pid=394851) WARNING 07-28 09:55:22 [multiproc_executor.py:451] [shutdown] Executor: workers still running after SIGTERM; sending SIGKILL count=2
(EngineCore_DP7 pid=394851) WARNING 07-28 09:55:22 [parallel_state.py:2131] torch._C._host_emptyCache() only available in Pytorch >=2.5
(EngineCore_DP6 pid=394853) WARNING 07-28 09:55:24 [multiproc_executor.py:441] [shutdown] Executor: workers still running after grace period; sending SIGTERM count=2
(EngineCore_DP7 pid=394851) Process EngineCore_DP7:
(EngineCore_DP7 pid=394851) Traceback (most recent call last):
(EngineCore_DP7 pid=394851)   File "/usr/local/lib/python3.11/multiprocessing/process.py", line 314, in _bootstrap
(EngineCore_DP7 pid=394851)     self.run()
(EngineCore_DP7 pid=394851)   File "/usr/local/lib/python3.11/multiprocessing/process.py", line 108, in run
(EngineCore_DP7 pid=394851)     self._target(*self._args, **self._kwargs)
(EngineCore_DP7 pid=394851)   File "/home/l00838859/cann/my-project/vllm-ascend/vllm_ascend/patch/platform/patch_balance_schedule.py", line 896, in _balance_run_engine_core
(EngineCore_DP7 pid=394851)     return _OriginalRunEngineCore(*args, dp_rank=dp_rank, local_dp_rank=local_dp_rank, **kwargs)
(EngineCore_DP7 pid=394851)            ^^^^^^^^^^^^^^^^^^^^^^^^^^^^^^^^^^^^^^^^^^^^^^^^^^^^^^^^^^^^^^^^^^^^^^^^^^^^^^^^^^^^^
(EngineCore_DP7 pid=394851)   File "/home/l00838859/cann/my-project/vllm/vllm/v1/engine/core.py", line 1235, in run_engine_core
(EngineCore_DP7 pid=394851)     raise e
(EngineCore_DP7 pid=394851)   File "/home/l00838859/cann/my-project/vllm/vllm/v1/engine/core.py", line 1224, in run_engine_core
(EngineCore_DP7 pid=394851)     engine_core.run_busy_loop()
(EngineCore_DP7 pid=394851)   File "/home/l00838859/cann/my-project/vllm/vllm/v1/engine/core.py", line 1943, in run_busy_loop
(EngineCore_DP7 pid=394851)     executed = self._process_engine_step()
(EngineCore_DP7 pid=394851)                ^^^^^^^^^^^^^^^^^^^^^^^^^^^
(EngineCore_DP7 pid=394851)   File "/home/l00838859/cann/my-project/vllm/vllm/v1/engine/core.py", line 1304, in _process_engine_step
(EngineCore_DP7 pid=394851)     outputs, model_executed = self.step_fn()
(EngineCore_DP7 pid=394851)                               ^^^^^^^^^^^^^^
(EngineCore_DP7 pid=394851)   File "/home/l00838859/cann/my-project/vllm/vllm/v1/engine/core.py", line 595, in step_with_batch_queue
(EngineCore_DP7 pid=394851)     model_output = future.result()
(EngineCore_DP7 pid=394851)                    ^^^^^^^^^^^^^^^
(EngineCore_DP7 pid=394851)   File "/home/l00838859/cann/my-project/vllm/vllm/v1/executor/multiproc_executor.py", line 91, in result
(EngineCore_DP7 pid=394851)     return super().result()
(EngineCore_DP7 pid=394851)            ^^^^^^^^^^^^^^^^
(EngineCore_DP7 pid=394851)   File "/usr/local/lib/python3.11/concurrent/futures/_base.py", line 449, in result
(EngineCore_DP7 pid=394851)     return self.__get_result()
(EngineCore_DP7 pid=394851)            ^^^^^^^^^^^^^^^^^^^
(EngineCore_DP7 pid=394851)   File "/usr/local/lib/python3.11/concurrent/futures/_base.py", line 401, in __get_result
(EngineCore_DP7 pid=394851)     raise self._exception
(EngineCore_DP7 pid=394851)   File "/home/l00838859/cann/my-project/vllm/vllm/v1/executor/multiproc_executor.py", line 95, in _wait_for_response
(EngineCore_DP7 pid=394851)     response = self.aggregate(self.get_response())
(EngineCore_DP7 pid=394851)                               ^^^^^^^^^^^^^^^^^^^
(EngineCore_DP7 pid=394851)   File "/home/l00838859/cann/my-project/vllm/vllm/v1/executor/multiproc_executor.py", line 394, in get_response
(EngineCore_DP7 pid=394851)     raise RuntimeError(
(EngineCore_DP7 pid=394851) RuntimeError: Worker failed with error 'synchronize:../torch_npu/csrc/core/npu/NPUEvent.cpp:212 NPU function error: aclrtSynchronizeEvent(event_), error code is 107020
(EngineCore_DP7 pid=394851) [ERROR] 2026-07-28-09:55:13 (PID:395293, Device:14, RankID:-1) ERR00100 PTA call acl api failed.
(EngineCore_DP7 pid=394851) EE9999: Inner Error!
(EngineCore_DP7 pid=394851) EE9999[PID: 395293] 2026-07-28-09:55:13.111.320 (EE9999):  rtEventSynchronize execution failed, reason=task timeout[FUNC:FuncErrorReason][FILE:error_message_manage.cc][LINE:65]
(EngineCore_DP7 pid=394851)         TraceBack (most recent call last):
(EngineCore_DP7 pid=394851)        wait event to be complete failed, runtime result = 107020[FUNC:ReportCallError][FILE:log_inner.cpp][LINE:148]
(EngineCore_DP7 pid=394851) ', please check the stack trace above for the root cause
(Worker_DP6_TP1_EP13 pid=395664) ERROR 07-28 09:55:25 [multiproc_executor.py:1007] WorkerProc hit an exception.
(Worker_DP6_TP1_EP13 pid=395664) ERROR 07-28 09:55:25 [multiproc_executor.py:1007] Traceback (most recent call last):
(Worker_DP6_TP1_EP13 pid=395664) ERROR 07-28 09:55:25 [multiproc_executor.py:1007]   File "/home/l00838859/cann/my-project/vllm/vllm/v1/executor/multiproc_executor.py", line 999, in worker_busy_loop
(Worker_DP6_TP1_EP13 pid=395664) ERROR 07-28 09:55:25 [multiproc_executor.py:1007]     output = func(*args, **kwargs)
(Worker_DP6_TP1_EP13 pid=395664) ERROR 07-28 09:55:25 [multiproc_executor.py:1007]              ^^^^^^^^^^^^^^^^^^^^^
(Worker_DP6_TP1_EP13 pid=395664) ERROR 07-28 09:55:25 [multiproc_executor.py:1007]   File "/home/l00838859/cann/my-project/vllm/vllm/v1/worker/worker_base.py", line 351, in execute_model
(Worker_DP6_TP1_EP13 pid=395664) ERROR 07-28 09:55:25 [multiproc_executor.py:1007]     return self.worker.execute_model(scheduler_output)
(Worker_DP6_TP1_EP13 pid=395664) ERROR 07-28 09:55:25 [multiproc_executor.py:1007]            ^^^^^^^^^^^^^^^^^^^^^^^^^^^^^^^^^^^^^^^^^^^
(Worker_DP6_TP1_EP13 pid=395664) ERROR 07-28 09:55:25 [multiproc_executor.py:1007]   File "/home/l00838859/cann/my-project/vllm-ascend/vllm_ascend/worker/worker.py", line 685, in execute_model
(Worker_DP6_TP1_EP13 pid=395664) ERROR 07-28 09:55:25 [multiproc_executor.py:1007]     output = self.model_runner.execute_model(scheduler_output, intermediate_tensors)
(Worker_DP6_TP1_EP13 pid=395664) ERROR 07-28 09:55:25 [multiproc_executor.py:1007]              ^^^^^^^^^^^^^^^^^^^^^^^^^^^^^^^^^^^^^^^^^^^^^^^^^^^^^^^^^^^^^^^^^^^^^^^
(Worker_DP6_TP1_EP13 pid=395664) ERROR 07-28 09:55:25 [multiproc_executor.py:1007]   File "/usr/local/lib/python3.11/site-packages/torch/utils/_contextlib.py", line 124, in decorate_context
(Worker_DP6_TP1_EP13 pid=395664) ERROR 07-28 09:55:25 [multiproc_executor.py:1007]     return func(*args, **kwargs)
(Worker_DP6_TP1_EP13 pid=395664) ERROR 07-28 09:55:25 [multiproc_executor.py:1007]            ^^^^^^^^^^^^^^^^^^^^^
(Worker_DP6_TP1_EP13 pid=395664) ERROR 07-28 09:55:25 [multiproc_executor.py:1007]   File "/home/l00838859/cann/my-project/vllm-ascend/vllm_ascend/worker/model_runner_v1.py", line 2346, in execute_model
(Worker_DP6_TP1_EP13 pid=395664) ERROR 07-28 09:55:25 [multiproc_executor.py:1007]     hidden_states = self._model_forward(
(Worker_DP6_TP1_EP13 pid=395664) ERROR 07-28 09:55:25 [multiproc_executor.py:1007]                     ^^^^^^^^^^^^^^^^^^^^
(Worker_DP6_TP1_EP13 pid=395664) ERROR 07-28 09:55:25 [multiproc_executor.py:1007]   File "/home/l00838859/cann/my-project/vllm-ascend/vllm_ascend/worker/model_runner_v1.py", line 2915, in _model_forward
(Worker_DP6_TP1_EP13 pid=395664) ERROR 07-28 09:55:25 [multiproc_executor.py:1007]     hidden_states = run_model()
(Worker_DP6_TP1_EP13 pid=395664) ERROR 07-28 09:55:25 [multiproc_executor.py:1007]                     ^^^^^^^^^^^
(Worker_DP6_TP1_EP13 pid=395664) ERROR 07-28 09:55:25 [multiproc_executor.py:1007]   File "/home/l00838859/cann/my-project/vllm-ascend/vllm_ascend/compilation/acl_graph.py", line 281, in __call__
(Worker_DP6_TP1_EP13 pid=395664) ERROR 07-28 09:55:25 [multiproc_executor.py:1007]     torch.npu.current_stream().synchronize()
(Worker_DP6_TP1_EP13 pid=395664) ERROR 07-28 09:55:25 [multiproc_executor.py:1007]   File "/usr/local/lib/python3.11/site-packages/torch_npu/npu/streams.py", line 85, in synchronize
(Worker_DP6_TP1_EP13 pid=395664) ERROR 07-28 09:55:25 [multiproc_executor.py:1007]     super(Stream, self).synchronize()
(Worker_DP6_TP1_EP13 pid=395664) ERROR 07-28 09:55:25 [multiproc_executor.py:1007] RuntimeError: synchronize:../torch_npu/csrc/core/npu/NPUStream.cpp:361 NPU function error: c10_npu::acl::AclrtSynchronizeStreamWithTimeout(stream()), error code is 107020
(Worker_DP6_TP1_EP13 pid=395664) ERROR 07-28 09:55:25 [multiproc_executor.py:1007] [ERROR] 2026-07-28-09:55:25 (PID:395664, Device:13, RankID:-1) ERR00100 PTA call acl api failed.
(Worker_DP6_TP1_EP13 pid=395664) ERROR 07-28 09:55:25 [multiproc_executor.py:1007] EE9999: Inner Error!
(Worker_DP6_TP1_EP13 pid=395664) ERROR 07-28 09:55:25 [multiproc_executor.py:1007] EE9999[PID: 395664] 2026-07-28-09:55:25.230.387 (EE9999):  The error from device(chipId:6, dieId:1), serial number is 23, event wait timeout occurred during task execution, stream_id:44, sq_id:5, task_id:4, event_id=346, timeout=234s.[FUNC:ProcessStarsWaitTimeoutErrorInfo][FILE:device_error_proc.cc][LINE:1593]
(Worker_DP6_TP1_EP13 pid=395664) ERROR 07-28 09:55:25 [multiproc_executor.py:1007]         TraceBack (most recent call last):
(Worker_DP6_TP1_EP13 pid=395664) ERROR 07-28 09:55:25 [multiproc_executor.py:1007]        rtStreamSynchronizeWithTimeout execution failed, reason=task timeout[FUNC:FuncErrorReason][FILE:error_message_manage.cc][LINE:65]
(Worker_DP6_TP1_EP13 pid=395664) ERROR 07-28 09:55:25 [multiproc_executor.py:1007]        synchronize stream with timeout failed, runtime result = 107020[FUNC:ReportCallError][FILE:log_inner.cpp][LINE:148]
(Worker_DP6_TP1_EP13 pid=395664) ERROR 07-28 09:55:25 [multiproc_executor.py:1007] 
(Worker_DP6_TP1_EP13 pid=395664) ERROR 07-28 09:55:25 [multiproc_executor.py:1007] Traceback (most recent call last):
(Worker_DP6_TP1_EP13 pid=395664) ERROR 07-28 09:55:25 [multiproc_executor.py:1007]   File "/home/l00838859/cann/my-project/vllm/vllm/v1/executor/multiproc_executor.py", line 999, in worker_busy_loop
(Worker_DP6_TP1_EP13 pid=395664) ERROR 07-28 09:55:25 [multiproc_executor.py:1007]     output = func(*args, **kwargs)
(Worker_DP6_TP1_EP13 pid=395664) ERROR 07-28 09:55:25 [multiproc_executor.py:1007]              ^^^^^^^^^^^^^^^^^^^^^
(Worker_DP6_TP1_EP13 pid=395664) ERROR 07-28 09:55:25 [multiproc_executor.py:1007]   File "/home/l00838859/cann/my-project/vllm/vllm/v1/worker/worker_base.py", line 351, in execute_model
(Worker_DP6_TP1_EP13 pid=395664) ERROR 07-28 09:55:25 [multiproc_executor.py:1007]     return self.worker.execute_model(scheduler_output)
(Worker_DP6_TP1_EP13 pid=395664) ERROR 07-28 09:55:25 [multiproc_executor.py:1007]            ^^^^^^^^^^^^^^^^^^^^^^^^^^^^^^^^^^^^^^^^^^^
(Worker_DP6_TP1_EP13 pid=395664) ERROR 07-28 09:55:25 [multiproc_executor.py:1007]   File "/home/l00838859/cann/my-project/vllm-ascend/vllm_ascend/worker/worker.py", line 685, in execute_model
(Worker_DP6_TP1_EP13 pid=395664) ERROR 07-28 09:55:25 [multiproc_executor.py:1007]     output = self.model_runner.execute_model(scheduler_output, intermediate_tensors)
(Worker_DP6_TP1_EP13 pid=395664) ERROR 07-28 09:55:25 [multiproc_executor.py:1007]              ^^^^^^^^^^^^^^^^^^^^^^^^^^^^^^^^^^^^^^^^^^^^^^^^^^^^^^^^^^^^^^^^^^^^^^^
(Worker_DP6_TP1_EP13 pid=395664) ERROR 07-28 09:55:25 [multiproc_executor.py:1007]   File "/usr/local/lib/python3.11/site-packages/torch/utils/_contextlib.py", line 124, in decorate_context
(Worker_DP6_TP1_EP13 pid=395664) ERROR 07-28 09:55:25 [multiproc_executor.py:1007]     return func(*args, **kwargs)
(Worker_DP6_TP1_EP13 pid=395664) ERROR 07-28 09:55:25 [multiproc_executor.py:1007]            ^^^^^^^^^^^^^^^^^^^^^
(Worker_DP6_TP1_EP13 pid=395664) ERROR 07-28 09:55:25 [multiproc_executor.py:1007]   File "/home/l00838859/cann/my-project/vllm-ascend/vllm_ascend/worker/model_runner_v1.py", line 2346, in execute_model
(Worker_DP6_TP1_EP13 pid=395664) ERROR 07-28 09:55:25 [multiproc_executor.py:1007]     hidden_states = self._model_forward(
(Worker_DP6_TP1_EP13 pid=395664) ERROR 07-28 09:55:25 [multiproc_executor.py:1007]                     ^^^^^^^^^^^^^^^^^^^^
(Worker_DP6_TP1_EP13 pid=395664) ERROR 07-28 09:55:25 [multiproc_executor.py:1007]   File "/home/l00838859/cann/my-project/vllm-ascend/vllm_ascend/worker/model_runner_v1.py", line 2915, in _model_forward
(Worker_DP6_TP1_EP13 pid=395664) ERROR 07-28 09:55:25 [multiproc_executor.py:1007]     hidden_states = run_model()
(Worker_DP6_TP1_EP13 pid=395664) ERROR 07-28 09:55:25 [multiproc_executor.py:1007]                     ^^^^^^^^^^^
(Worker_DP6_TP1_EP13 pid=395664) ERROR 07-28 09:55:25 [multiproc_executor.py:1007]   File "/home/l00838859/cann/my-project/vllm-ascend/vllm_ascend/compilation/acl_graph.py", line 281, in __call__
(Worker_DP6_TP1_EP13 pid=395664) ERROR 07-28 09:55:25 [multiproc_executor.py:1007]     torch.npu.current_stream().synchronize()
(Worker_DP6_TP1_EP13 pid=395664) ERROR 07-28 09:55:25 [multiproc_executor.py:1007]   File "/usr/local/lib/python3.11/site-packages/torch_npu/npu/streams.py", line 85, in synchronize
(Worker_DP6_TP1_EP13 pid=395664) ERROR 07-28 09:55:25 [multiproc_executor.py:1007]     super(Stream, self).synchronize()
(Worker_DP6_TP1_EP13 pid=395664) ERROR 07-28 09:55:25 [multiproc_executor.py:1007] RuntimeError: synchronize:../torch_npu/csrc/core/npu/NPUStream.cpp:361 NPU function error: c10_npu::acl::AclrtSynchronizeStreamWithTimeout(stream()), error code is 107020
(Worker_DP6_TP1_EP13 pid=395664) ERROR 07-28 09:55:25 [multiproc_executor.py:1007] [ERROR] 2026-07-28-09:55:25 (PID:395664, Device:13, RankID:-1) ERR00100 PTA call acl api failed.
(Worker_DP6_TP1_EP13 pid=395664) ERROR 07-28 09:55:25 [multiproc_executor.py:1007] EE9999: Inner Error!
(Worker_DP6_TP1_EP13 pid=395664) ERROR 07-28 09:55:25 [multiproc_executor.py:1007] EE9999[PID: 395664] 2026-07-28-09:55:25.230.387 (EE9999):  The error from device(chipId:6, dieId:1), serial number is 23, event wait timeout occurred during task execution, stream_id:44, sq_id:5, task_id:4, event_id=346, timeout=234s.[FUNC:ProcessStarsWaitTimeoutErrorInfo][FILE:device_error_proc.cc][LINE:1593]
(Worker_DP6_TP1_EP13 pid=395664) ERROR 07-28 09:55:25 [multiproc_executor.py:1007]         TraceBack (most recent call last):
(Worker_DP6_TP1_EP13 pid=395664) ERROR 07-28 09:55:25 [multiproc_executor.py:1007]        rtStreamSynchronizeWithTimeout execution failed, reason=task timeout[FUNC:FuncErrorReason][FILE:error_message_manage.cc][LINE:65]
(Worker_DP6_TP1_EP13 pid=395664) ERROR 07-28 09:55:25 [multiproc_executor.py:1007]        synchronize stream with timeout failed, runtime result = 107020[FUNC:ReportCallError][FILE:log_inner.cpp][LINE:148]
(Worker_DP6_TP1_EP13 pid=395664) ERROR 07-28 09:55:25 [multiproc_executor.py:1007] 
(Worker_DP6_TP1_EP13 pid=395664) ERROR 07-28 09:55:25 [multiproc_executor.py:1007] 
(Worker_DP6_TP1_EP13 pid=395664) Process VllmWorker-1:
(Worker_DP6_TP1_EP13 pid=395664) Traceback (most recent call last):
(Worker_DP6_TP1_EP13 pid=395664)   File "/usr/local/lib/python3.11/multiprocessing/process.py", line 314, in _bootstrap
(Worker_DP6_TP1_EP13 pid=395664)     self.run()
(Worker_DP6_TP1_EP13 pid=395664)   File "/usr/local/lib/python3.11/multiprocessing/process.py", line 108, in run
(Worker_DP6_TP1_EP13 pid=395664)     self._target(*self._args, **self._kwargs)
(Worker_DP6_TP1_EP13 pid=395664)   File "/home/l00838859/cann/my-project/vllm/vllm/v1/executor/multiproc_executor.py", line 933, in worker_main
(Worker_DP6_TP1_EP13 pid=395664)     worker.shutdown()
(Worker_DP6_TP1_EP13 pid=395664)   File "/home/l00838859/cann/my-project/vllm/vllm/v1/executor/multiproc_executor.py", line 778, in shutdown
(Worker_DP6_TP1_EP13 pid=395664)     self.worker.shutdown()
(Worker_DP6_TP1_EP13 pid=395664)   File "/home/l00838859/cann/my-project/vllm/vllm/v1/worker/worker_base.py", line 220, in shutdown
(Worker_DP6_TP1_EP13 pid=395664)     self.worker.shutdown()
(Worker_DP6_TP1_EP13 pid=395664)   File "/home/l00838859/cann/my-project/vllm-ascend/vllm_ascend/worker/worker.py", line 387, in shutdown
(Worker_DP6_TP1_EP13 pid=395664)     shutdown_fn()
(Worker_DP6_TP1_EP13 pid=395664)   File "/home/l00838859/cann/my-project/vllm/vllm/v1/worker/gpu_model_runner.py", line 6447, in shutdown
(Worker_DP6_TP1_EP13 pid=395664)     self._cleanup_profiling_kv_cache()
(Worker_DP6_TP1_EP13 pid=395664)   File "/home/l00838859/cann/my-project/vllm/vllm/v1/worker/gpu_model_runner.py", line 6465, in _cleanup_profiling_kv_cache
(Worker_DP6_TP1_EP13 pid=395664)     torch.accelerator.synchronize()
(Worker_DP6_TP1_EP13 pid=395664)   File "/usr/local/lib/python3.11/site-packages/torch/accelerator/__init__.py", line 262, in synchronize
(Worker_DP6_TP1_EP13 pid=395664)     torch._C._accelerator_synchronizeDevice(device_index)
(Worker_DP6_TP1_EP13 pid=395664) RuntimeError: The Inner error is reported as above. The process exits for this inner error, and the current working event is 0xaaab4a7d8860.
(Worker_DP6_TP1_EP13 pid=395664) Since the operator is called asynchronously, the stacktrace may be inaccurate. If you want to get the accurate stacktrace, please set the environment variable ASCEND_LAUNCH_BLOCKING=1.
(Worker_DP6_TP1_EP13 pid=395664) Note: ASCEND_LAUNCH_BLOCKING=1 will force ops to run in synchronous mode, resulting in performance degradation. Please unset ASCEND_LAUNCH_BLOCKING in time after debugging.
(Worker_DP6_TP1_EP13 pid=395664) [ERROR] 2026-07-28-09:55:25 (PID:395664, Device:13, RankID:-1) ERR00100 PTA call acl api failed.
(Worker_DP6_TP1_EP13 pid=395664) EE9999: Inner Error!
(Worker_DP6_TP1_EP13 pid=395664) EE9999[PID: 395664] 2026-07-28-09:55:25.238.177 (EE9999):  Failed to submit record task, retCode=0x7150059.[FUNC:Record][FILE:event.cc][LINE:487]
(Worker_DP6_TP1_EP13 pid=395664)         TraceBack (most recent call last):
(Worker_DP6_TP1_EP13 pid=395664)        rtEventRecord execution failed, reason=task timeout[FUNC:FuncErrorReason][FILE:error_message_manage.cc][LINE:65]
(Worker_DP6_TP1_EP13 pid=395664)        record event failed, runtime result = 107020[FUNC:ReportCallError][FILE:log_inner.cpp][LINE:148]
(Worker_DP6_TP1_EP13 pid=395664) 
[rank13]:[W728 09:55:26.466392650 NPUStream.cpp:596] Warning: NPU warning, error code is 107020[Error]: .
EE9999: Inner Error!
EE9999[PID: 395664] 2026-07-28-09:55:26.552.443 (EE9999):  rtDeviceSynchronizeWithTimeout execution failed, reason=task timeout[FUNC:FuncErrorReason][FILE:error_message_manage.cc][LINE:65]
        TraceBack (most recent call last):
       wait for compute device to finish failed, runtime result = 107020.[FUNC:ReportCallError][FILE:log_inner.cpp][LINE:148]
 (function npuSynchronizeUsedDevices)
[W728 09:55:26.476758420 NPUStream.cpp:578] Warning: NPU warning, error code is 107020[Error]: .
EE9999: Inner Error!
EE9999[PID: 395664] 2026-07-28-09:55:26.563.117 (EE9999):  rtDeviceSynchronizeWithTimeout execution failed, reason=task timeout[FUNC:FuncErrorReason][FILE:error_message_manage.cc][LINE:65]
        TraceBack (most recent call last):
       wait for compute device to finish failed, runtime result = 107020.[FUNC:ReportCallError][FILE:log_inner.cpp][LINE:148]
 (function npuSynchronizeDevice)
[W728 09:55:26.477291220 NPUStream.cpp:578] Warning: NPU warning, error code is 107020[Error]: .
EE9999: Inner Error!
EE9999[PID: 395664] 2026-07-28-09:55:26.563.741 (EE9999):  rtDeviceSynchronizeWithTimeout execution failed, reason=task timeout[FUNC:FuncErrorReason][FILE:error_message_manage.cc][LINE:65]
        TraceBack (most recent call last):
       wait for compute device to finish failed, runtime result = 107020.[FUNC:ReportCallError][FILE:log_inner.cpp][LINE:148]
 (function npuSynchronizeDevice)
[W728 09:55:26.481797950 NPUStream.cpp:578] Warning: NPU warning, error code is 107020[Error]: .
EE9999: Inner Error!
EE9999[PID: 395664] 2026-07-28-09:55:26.568.221 (EE9999):  rtDeviceSynchronizeWithTimeout execution failed, reason=task timeout[FUNC:FuncErrorReason][FILE:error_message_manage.cc][LINE:65]
        TraceBack (most recent call last):
       wait for compute device to finish failed, runtime result = 107020.[FUNC:ReportCallError][FILE:log_inner.cpp][LINE:148]
 (function npuSynchronizeDevice)
[W728 09:55:26.493393120 NPUStream.cpp:578] Warning: NPU warning, error code is 107020[Error]: .
EE9999: Inner Error!
EE9999[PID: 395664] 2026-07-28-09:55:26.579.848 (EE9999):  rtDeviceSynchronizeWithTimeout execution failed, reason=task timeout[FUNC:FuncErrorReason][FILE:error_message_manage.cc][LINE:65]
        TraceBack (most recent call last):
       wait for compute device to finish failed, runtime result = 107020.[FUNC:ReportCallError][FILE:log_inner.cpp][LINE:148]
 (function npuSynchronizeDevice)
[W728 09:55:26.500715360 NPUStream.cpp:578] Warning: NPU warning, error code is 107020[Error]: .
EE9999: Inner Error!
EE9999[PID: 395664] 2026-07-28-09:55:26.587.100 (EE9999):  rtDeviceSynchronizeWithTimeout execution failed, reason=task timeout[FUNC:FuncErrorReason][FILE:error_message_manage.cc][LINE:65]
        TraceBack (most recent call last):
       wait for compute device to finish failed, runtime result = 107020.[FUNC:ReportCallError][FILE:log_inner.cpp][LINE:148]
 (function npuSynchronizeDevice)
[W728 09:55:26.502284780 NPUStream.cpp:578] Warning: NPU warning, error code is 107020[Error]: .
EE9999: Inner Error!
EE9999[PID: 395664] 2026-07-28-09:55:26.588.735 (EE9999):  rtDeviceSynchronizeWithTimeout execution failed, reason=task timeout[FUNC:FuncErrorReason][FILE:error_message_manage.cc][LINE:65]
        TraceBack (most recent call last):
       wait for compute device to finish failed, runtime result = 107020.[FUNC:ReportCallError][FILE:log_inner.cpp][LINE:148]
 (function npuSynchronizeDevice)
Process Process-8:
Traceback (most recent call last):
  File "/usr/local/lib/python3.11/multiprocessing/process.py", line 314, in _bootstrap
    self.run()
  File "/usr/local/lib/python3.11/multiprocessing/process.py", line 108, in run
    self._target(*self._args, **self._kwargs)
  File "/home/l00838859/cann/vllm-runner/data_parallel.py", line 238, in run_vllm_main
    outputs = llm.generate(rank_prompts, sampling_params)
              ^^^^^^^^^^^^^^^^^^^^^^^^^^^^^^^^^^^^^^^^^^^
  File "/home/l00838859/cann/my-project/vllm/vllm/entrypoints/llm.py", line 476, in generate
    return self._run_completion(
           ^^^^^^^^^^^^^^^^^^^^^
  File "/home/l00838859/cann/my-project/vllm/vllm/entrypoints/offline_utils.py", line 349, in _run_completion
    return self._run_engine(use_tqdm=use_tqdm, output_type=output_type)
           ^^^^^^^^^^^^^^^^^^^^^^^^^^^^^^^^^^^^^^^^^^^^^^^^^^^^^^^^^^^^
  File "/home/l00838859/cann/my-project/vllm/vllm/entrypoints/offline_utils.py", line 595, in _run_engine
    step_outputs = self.llm_engine.step()
                   ^^^^^^^^^^^^^^^^^^^^^^
  File "/home/l00838859/cann/my-project/vllm/vllm/v1/engine/llm_engine.py", line 304, in step
    outputs = self.engine_core.get_output()
              ^^^^^^^^^^^^^^^^^^^^^^^^^^^^^
  File "/home/l00838859/cann/my-project/vllm/vllm/v1/engine/core_client.py", line 856, in get_output
    raise self._format_exception(outputs) from None
vllm.v1.engine.exceptions.EngineDeadError: EngineCore encountered an issue. See stack trace (above) for the root cause.

Processed prompts:   0%|          | 0/1 [04:19<?, ?it/s, est. speed input: 0.00 toks/s, output: 0.00 toks/s]
/usr/local/lib/python3.11/multiprocessing/resource_tracker.py:254: UserWarning: resource_tracker: There appear to be 3 leaked shared_memory objects to clean up at shutdown
  warnings.warn('resource_tracker: There appear to be %d '
(EngineCore_DP6 pid=394853) WARNING 07-28 09:55:28 [multiproc_executor.py:451] [shutdown] Executor: workers still running after SIGTERM; sending SIGKILL count=2
(EngineCore_DP6 pid=394853) WARNING 07-28 09:55:28 [parallel_state.py:2131] torch._C._host_emptyCache() only available in Pytorch >=2.5
(EngineCore_DP6 pid=394853) Process EngineCore_DP6:
(EngineCore_DP6 pid=394853) Traceback (most recent call last):
(EngineCore_DP6 pid=394853)   File "/usr/local/lib/python3.11/multiprocessing/process.py", line 314, in _bootstrap
(EngineCore_DP6 pid=394853)     self.run()
(EngineCore_DP6 pid=394853)   File "/usr/local/lib/python3.11/multiprocessing/process.py", line 108, in run
(EngineCore_DP6 pid=394853)     self._target(*self._args, **self._kwargs)
(EngineCore_DP6 pid=394853)   File "/home/l00838859/cann/my-project/vllm-ascend/vllm_ascend/patch/platform/patch_balance_schedule.py", line 896, in _balance_run_engine_core
(EngineCore_DP6 pid=394853)     return _OriginalRunEngineCore(*args, dp_rank=dp_rank, local_dp_rank=local_dp_rank, **kwargs)
(EngineCore_DP6 pid=394853)            ^^^^^^^^^^^^^^^^^^^^^^^^^^^^^^^^^^^^^^^^^^^^^^^^^^^^^^^^^^^^^^^^^^^^^^^^^^^^^^^^^^^^^
(EngineCore_DP6 pid=394853)   File "/home/l00838859/cann/my-project/vllm/vllm/v1/engine/core.py", line 1235, in run_engine_core
(EngineCore_DP6 pid=394853)     raise e
(EngineCore_DP6 pid=394853)   File "/home/l00838859/cann/my-project/vllm/vllm/v1/engine/core.py", line 1224, in run_engine_core
(EngineCore_DP6 pid=394853)     engine_core.run_busy_loop()
(EngineCore_DP6 pid=394853)   File "/home/l00838859/cann/my-project/vllm/vllm/v1/engine/core.py", line 1943, in run_busy_loop
(EngineCore_DP6 pid=394853)     executed = self._process_engine_step()
(EngineCore_DP6 pid=394853)                ^^^^^^^^^^^^^^^^^^^^^^^^^^^
(EngineCore_DP6 pid=394853)   File "/home/l00838859/cann/my-project/vllm/vllm/v1/engine/core.py", line 1304, in _process_engine_step
(EngineCore_DP6 pid=394853)     outputs, model_executed = self.step_fn()
(EngineCore_DP6 pid=394853)                               ^^^^^^^^^^^^^^
(EngineCore_DP6 pid=394853)   File "/home/l00838859/cann/my-project/vllm/vllm/v1/engine/core.py", line 595, in step_with_batch_queue
(EngineCore_DP6 pid=394853)     model_output = future.result()
(EngineCore_DP6 pid=394853)                    ^^^^^^^^^^^^^^^
(EngineCore_DP6 pid=394853)   File "/home/l00838859/cann/my-project/vllm/vllm/v1/executor/multiproc_executor.py", line 91, in result
(EngineCore_DP6 pid=394853)     return super().result()
(EngineCore_DP6 pid=394853)            ^^^^^^^^^^^^^^^^
(EngineCore_DP6 pid=394853)   File "/usr/local/lib/python3.11/concurrent/futures/_base.py", line 449, in result
(EngineCore_DP6 pid=394853)     return self.__get_result()
(EngineCore_DP6 pid=394853)            ^^^^^^^^^^^^^^^^^^^
(EngineCore_DP6 pid=394853)   File "/usr/local/lib/python3.11/concurrent/futures/_base.py", line 401, in __get_result
(EngineCore_DP6 pid=394853)     raise self._exception
(EngineCore_DP6 pid=394853)   File "/home/l00838859/cann/my-project/vllm/vllm/v1/executor/multiproc_executor.py", line 95, in _wait_for_response
(EngineCore_DP6 pid=394853)     response = self.aggregate(self.get_response())
(EngineCore_DP6 pid=394853)                               ^^^^^^^^^^^^^^^^^^^
(EngineCore_DP6 pid=394853)   File "/home/l00838859/cann/my-project/vllm/vllm/v1/executor/multiproc_executor.py", line 394, in get_response
(EngineCore_DP6 pid=394853)     raise RuntimeError(
(EngineCore_DP6 pid=394853) RuntimeError: Worker failed with error 'synchronize:../torch_npu/csrc/core/npu/NPUEvent.cpp:212 NPU function error: aclrtSynchronizeEvent(event_), error code is 107020
(EngineCore_DP6 pid=394853) [ERROR] 2026-07-28-09:55:19 (PID:395295, Device:12, RankID:-1) ERR00100 PTA call acl api failed.
(EngineCore_DP6 pid=394853) EE9999: Inner Error!
(EngineCore_DP6 pid=394853) EE9999[PID: 395295] 2026-07-28-09:55:19.222.648 (EE9999):  The error from device(chipId:6, dieId:0), serial number is 22, event wait timeout occurred during task execution, stream_id:44, sq_id:5, task_id:4, event_id=231, timeout=234s.[FUNC:ProcessStarsWaitTimeoutErrorInfo][FILE:device_error_proc.cc][LINE:1593]
(EngineCore_DP6 pid=394853)         TraceBack (most recent call last):
(EngineCore_DP6 pid=394853)        rtEventSynchronize execution failed, reason=task timeout[FUNC:FuncErrorReason][FILE:error_message_manage.cc][LINE:65]
(EngineCore_DP6 pid=394853)        wait event to be complete failed, runtime result = 107020[FUNC:ReportCallError][FILE:log_inner.cpp][LINE:148]
(EngineCore_DP6 pid=394853) ', please check the stack trace above for the root cause
Process Process-7:
Traceback (most recent call last):
  File "/usr/local/lib/python3.11/multiprocessing/process.py", line 314, in _bootstrap
    self.run()
  File "/usr/local/lib/python3.11/multiprocessing/process.py", line 108, in run
    self._target(*self._args, **self._kwargs)
  File "/home/l00838859/cann/vllm-runner/data_parallel.py", line 238, in run_vllm_main
    outputs = llm.generate(rank_prompts, sampling_params)
              ^^^^^^^^^^^^^^^^^^^^^^^^^^^^^^^^^^^^^^^^^^^
  File "/home/l00838859/cann/my-project/vllm/vllm/entrypoints/llm.py", line 476, in generate
    return self._run_completion(
           ^^^^^^^^^^^^^^^^^^^^^
  File "/home/l00838859/cann/my-project/vllm/vllm/entrypoints/offline_utils.py", line 349, in _run_completion
    return self._run_engine(use_tqdm=use_tqdm, output_type=output_type)
           ^^^^^^^^^^^^^^^^^^^^^^^^^^^^^^^^^^^^^^^^^^^^^^^^^^^^^^^^^^^^
  File "/home/l00838859/cann/my-project/vllm/vllm/entrypoints/offline_utils.py", line 595, in _run_engine
    step_outputs = self.llm_engine.step()
                   ^^^^^^^^^^^^^^^^^^^^^^
  File "/home/l00838859/cann/my-project/vllm/vllm/v1/engine/llm_engine.py", line 304, in step
    outputs = self.engine_core.get_output()
              ^^^^^^^^^^^^^^^^^^^^^^^^^^^^^
  File "/home/l00838859/cann/my-project/vllm/vllm/v1/engine/core_client.py", line 856, in get_output
    raise self._format_exception(outputs) from None
vllm.v1.engine.exceptions.EngineDeadError: EngineCore encountered an issue. See stack trace (above) for the root cause.

Processed prompts:   0%|          | 0/1 [04:28<?, ?it/s, est. speed input: 0.00 toks/s, output: 0.00 toks/s]
failed pid=394800 code=1
failed pid=394802 code=1
/usr/local/lib/python3.11/multiprocessing/resource_tracker.py:254: UserWarning: resource_tracker: There appear to be 3 leaked shared_memory objects to clean up at shutdown
  warnings.warn('resource_tracker: There appear to be %d '
