INFO 07-28 10:24:37 [__init__.py:52] Available plugins for group vllm.platform_plugins:
INFO 07-28 10:24:37 [__init__.py:54] - ascend -> vllm_ascend:register
INFO 07-28 10:24:37 [__init__.py:57] All plugins in this group will be loaded. Set `VLLM_PLUGINS` to control which plugins to load.
INFO 07-28 10:24:37 [__init__.py:237] Platform plugin ascend is activated
INFO 07-28 10:24:37 [platform.py:61] Breakable cudagraph is force disabled on Ascend because DeepSeek V4 PIECEWISE cudagraph is not supported yet.
killed pid=413682 pattern=python
killed pid=413728 pattern=python
removed extra-info
removed kernel_meta
removed fusion_result.json
removed fx-graph
removed /root/ascend/log
removed /root/atb/log
model=/mnt/weights/DeepSeek-V3.1-Terminus-w8a8-QuaRot-lfs dp=8 tp=2 node_size=1 node_rank=0
os.environ['VLLM_USE_BREAKABLE_CUDAGRAPH']='0'
os.environ['VLLM_USE_BREAKABLE_CUDAGRAPH']='0'
os.environ['VLLM_USE_BREAKABLE_CUDAGRAPH']='0'
os.environ['VLLM_USE_BREAKABLE_CUDAGRAPH']='0'
2026-07-28 10:24:41,979 - 413783 - ServiceProfiler - INFO - VLLM_USE_V1 not set, auto-detected via vLLM 0.1.dev18654+g54503ecec.empty: default 0
os.environ['VLLM_USE_BREAKABLE_CUDAGRAPH']='0'
2026-07-28 10:24:41,985 - 413785 - ServiceProfiler - INFO - VLLM_USE_V1 not set, auto-detected via vLLM 0.1.dev18654+g54503ecec.empty: default 0
2026-07-28 10:24:42,000 - 413787 - ServiceProfiler - INFO - VLLM_USE_V1 not set, auto-detected via vLLM 0.1.dev18654+g54503ecec.empty: default 0
os.environ['VLLM_USE_BREAKABLE_CUDAGRAPH']='0'
2026-07-28 10:24:42,016 - 413789 - ServiceProfiler - INFO - VLLM_USE_V1 not set, auto-detected via vLLM 0.1.dev18654+g54503ecec.empty: default 0
os.environ['VLLM_USE_BREAKABLE_CUDAGRAPH']='0'
2026-07-28 10:24:42,035 - 413791 - ServiceProfiler - INFO - VLLM_USE_V1 not set, auto-detected via vLLM 0.1.dev18654+g54503ecec.empty: default 0
os.environ['VLLM_USE_BREAKABLE_CUDAGRAPH']='0'
2026-07-28 10:24:42,057 - 413793 - ServiceProfiler - INFO - VLLM_USE_V1 not set, auto-detected via vLLM 0.1.dev18654+g54503ecec.empty: default 0
2026-07-28 10:24:42,078 - 413795 - ServiceProfiler - INFO - VLLM_USE_V1 not set, auto-detected via vLLM 0.1.dev18654+g54503ecec.empty: default 0
2026-07-28 10:24:42,106 - 413797 - ServiceProfiler - INFO - VLLM_USE_V1 not set, auto-detected via vLLM 0.1.dev18654+g54503ecec.empty: default 0
INFO 07-28 10:24:42 [__init__.py:112] Registered model loader `<class 'vllm_ascend.model_loader.netloader.netloader.ModelNetLoaderElastic'>` with load format `netloader`
INFO 07-28 10:24:42 [__init__.py:112] Registered model loader `<class 'vllm_ascend.model_loader.netloader.netloader.ModelNetLoaderElastic'>` with load format `netloader`
INFO 07-28 10:24:42 [__init__.py:112] Registered model loader `<class 'vllm_ascend.model_loader.netloader.netloader.ModelNetLoaderElastic'>` with load format `netloader`
INFO 07-28 10:24:42 [__init__.py:112] Registered model loader `<class 'vllm_ascend.model_loader.netloader.netloader.ModelNetLoaderElastic'>` with load format `netloader`
INFO 07-28 10:24:42 [__init__.py:112] Registered model loader `<class 'vllm_ascend.model_loader.netloader.netloader.ModelNetLoaderElastic'>` with load format `netloader`
INFO 07-28 10:24:42 [__init__.py:112] Registered model loader `<class 'vllm_ascend.model_loader.netloader.netloader.ModelNetLoaderElastic'>` with load format `netloader`
INFO 07-28 10:24:42 [__init__.py:112] Registered model loader `<class 'vllm_ascend.model_loader.netloader.netloader.ModelNetLoaderElastic'>` with load format `netloader`
INFO 07-28 10:24:42 [__init__.py:112] Registered model loader `<class 'vllm_ascend.model_loader.netloader.netloader.ModelNetLoaderElastic'>` with load format `netloader`
INFO 07-28 10:24:42 [__init__.py:112] Registered model loader `<class 'vllm_ascend.model_loader.rfork.rfork_loader.RForkModelLoader'>` with load format `rfork`
INFO 07-28 10:24:42 [__init__.py:112] Registered model loader `<class 'vllm_ascend.model_loader.rfork.rfork_loader.RForkModelLoader'>` with load format `rfork`
INFO 07-28 10:24:42 [__init__.py:112] Registered model loader `<class 'vllm_ascend.model_loader.rfork.rfork_loader.RForkModelLoader'>` with load format `rfork`
INFO 07-28 10:24:42 [__init__.py:112] Registered model loader `<class 'vllm_ascend.model_loader.rfork.rfork_loader.RForkModelLoader'>` with load format `rfork`
INFO 07-28 10:24:42 [__init__.py:112] Registered model loader `<class 'vllm_ascend.model_loader.rfork.rfork_loader.RForkModelLoader'>` with load format `rfork`
INFO 07-28 10:24:42 [__init__.py:112] Registered model loader `<class 'vllm_ascend.model_loader.rfork.rfork_loader.RForkModelLoader'>` with load format `rfork`
INFO 07-28 10:24:42 [__init__.py:112] Registered model loader `<class 'vllm_ascend.model_loader.rfork.rfork_loader.RForkModelLoader'>` with load format `rfork`
INFO 07-28 10:24:42 [__init__.py:112] Registered model loader `<class 'vllm_ascend.model_loader.rfork.rfork_loader.RForkModelLoader'>` with load format `rfork`
INFO 07-28 10:24:42 [api_utils.py:273] non-default args: {'trust_remote_code': True, 'seed': 1024, 'max_model_len': 4096, 'tensor_parallel_size': 2, 'enable_expert_parallel': True, 'enable_prefix_caching': False, 'gpu_memory_utilization': 0.9, 'max_num_batched_tokens': 256, 'max_num_seqs': 16, 'quantization': 'ascend', 'speculative_config': {'method': 'mtp', 'num_speculative_tokens': 2}, 'compilation_config': {'mode': None, 'debug_dump_path': PosixPath('fx-graph'), 'cache_dir': '', 'compile_cache_save_format': 'binary', 'backend': 'vllm_ascend.compilation.compiler_interface.AscendCompiler', 'custom_ops': [], 'ir_enable_torch_wrap': None, 'splitting_ops': None, 'compile_mm_encoder': False, 'cudagraph_mm_encoder': False, 'encoder_cudagraph_token_budgets': [], 'encoder_cudagraph_max_vision_items_per_batch': 0, 'encoder_cudagraph_max_frames_per_batch': None, 'compile_sizes': None, 'compile_ranges_endpoints': None, 'inductor_compile_config': {'enable_auto_functionalized_v2': False, 'size_asserts': False, 'alignment_asserts': False, 'scalar_asserts': False, 'combo_kernels': True, 'benchmark_combo_kernel': True}, 'inductor_passes': {}, 'cudagraph_mode': <CUDAGraphMode.FULL_DECODE_ONLY: (2, 0)>, 'cudagraph_num_of_warmups': 0, 'cudagraph_capture_sizes': [3, 48], 'cudagraph_copy_inputs': False, 'cudagraph_specialize_lora': True, 'use_inductor_graph_partition': None, 'pass_config': {}, 'max_cudagraph_capture_size': None, 'dynamic_shapes_config': {'type': <DynamicShapesType.BACKED: 'backed'>, 'evaluate_guards': False, 'assume_32_bit_indexing': False}, 'local_cache_dir': None, 'fast_moe_cold_start': None, 'static_all_moe_layers': []}, 'additional_config': {'finegrained_tp_config': {'lmhead_tensor_parallel_size': 2}, 'multistream_overlap_shared_expert': True}, 'model': '/mnt/weights/DeepSeek-V3.1-Terminus-w8a8-QuaRot-lfs'}
INFO 07-28 10:24:42 [api_utils.py:273] non-default args: {'trust_remote_code': True, 'seed': 1024, 'max_model_len': 4096, 'tensor_parallel_size': 2, 'enable_expert_parallel': True, 'enable_prefix_caching': False, 'gpu_memory_utilization': 0.9, 'max_num_batched_tokens': 256, 'max_num_seqs': 16, 'quantization': 'ascend', 'speculative_config': {'method': 'mtp', 'num_speculative_tokens': 2}, 'compilation_config': {'mode': None, 'debug_dump_path': PosixPath('fx-graph'), 'cache_dir': '', 'compile_cache_save_format': 'binary', 'backend': 'vllm_ascend.compilation.compiler_interface.AscendCompiler', 'custom_ops': [], 'ir_enable_torch_wrap': None, 'splitting_ops': None, 'compile_mm_encoder': False, 'cudagraph_mm_encoder': False, 'encoder_cudagraph_token_budgets': [], 'encoder_cudagraph_max_vision_items_per_batch': 0, 'encoder_cudagraph_max_frames_per_batch': None, 'compile_sizes': None, 'compile_ranges_endpoints': None, 'inductor_compile_config': {'enable_auto_functionalized_v2': False, 'size_asserts': False, 'alignment_asserts': False, 'scalar_asserts': False, 'combo_kernels': True, 'benchmark_combo_kernel': True}, 'inductor_passes': {}, 'cudagraph_mode': <CUDAGraphMode.FULL_DECODE_ONLY: (2, 0)>, 'cudagraph_num_of_warmups': 0, 'cudagraph_capture_sizes': [3, 48], 'cudagraph_copy_inputs': False, 'cudagraph_specialize_lora': True, 'use_inductor_graph_partition': None, 'pass_config': {}, 'max_cudagraph_capture_size': None, 'dynamic_shapes_config': {'type': <DynamicShapesType.BACKED: 'backed'>, 'evaluate_guards': False, 'assume_32_bit_indexing': False}, 'local_cache_dir': None, 'fast_moe_cold_start': None, 'static_all_moe_layers': []}, 'additional_config': {'finegrained_tp_config': {'lmhead_tensor_parallel_size': 2}, 'multistream_overlap_shared_expert': True}, 'model': '/mnt/weights/DeepSeek-V3.1-Terminus-w8a8-QuaRot-lfs'}
INFO 07-28 10:24:42 [api_utils.py:273] non-default args: {'trust_remote_code': True, 'seed': 1024, 'max_model_len': 4096, 'tensor_parallel_size': 2, 'enable_expert_parallel': True, 'enable_prefix_caching': False, 'gpu_memory_utilization': 0.9, 'max_num_batched_tokens': 256, 'max_num_seqs': 16, 'quantization': 'ascend', 'speculative_config': {'method': 'mtp', 'num_speculative_tokens': 2}, 'compilation_config': {'mode': None, 'debug_dump_path': PosixPath('fx-graph'), 'cache_dir': '', 'compile_cache_save_format': 'binary', 'backend': 'vllm_ascend.compilation.compiler_interface.AscendCompiler', 'custom_ops': [], 'ir_enable_torch_wrap': None, 'splitting_ops': None, 'compile_mm_encoder': False, 'cudagraph_mm_encoder': False, 'encoder_cudagraph_token_budgets': [], 'encoder_cudagraph_max_vision_items_per_batch': 0, 'encoder_cudagraph_max_frames_per_batch': None, 'compile_sizes': None, 'compile_ranges_endpoints': None, 'inductor_compile_config': {'enable_auto_functionalized_v2': False, 'size_asserts': False, 'alignment_asserts': False, 'scalar_asserts': False, 'combo_kernels': True, 'benchmark_combo_kernel': True}, 'inductor_passes': {}, 'cudagraph_mode': <CUDAGraphMode.FULL_DECODE_ONLY: (2, 0)>, 'cudagraph_num_of_warmups': 0, 'cudagraph_capture_sizes': [3, 48], 'cudagraph_copy_inputs': False, 'cudagraph_specialize_lora': True, 'use_inductor_graph_partition': None, 'pass_config': {}, 'max_cudagraph_capture_size': None, 'dynamic_shapes_config': {'type': <DynamicShapesType.BACKED: 'backed'>, 'evaluate_guards': False, 'assume_32_bit_indexing': False}, 'local_cache_dir': None, 'fast_moe_cold_start': None, 'static_all_moe_layers': []}, 'additional_config': {'finegrained_tp_config': {'lmhead_tensor_parallel_size': 2}, 'multistream_overlap_shared_expert': True}, 'model': '/mnt/weights/DeepSeek-V3.1-Terminus-w8a8-QuaRot-lfs'}
INFO 07-28 10:24:42 [api_utils.py:273] non-default args: {'trust_remote_code': True, 'seed': 1024, 'max_model_len': 4096, 'tensor_parallel_size': 2, 'enable_expert_parallel': True, 'enable_prefix_caching': False, 'gpu_memory_utilization': 0.9, 'max_num_batched_tokens': 256, 'max_num_seqs': 16, 'quantization': 'ascend', 'speculative_config': {'method': 'mtp', 'num_speculative_tokens': 2}, 'compilation_config': {'mode': None, 'debug_dump_path': PosixPath('fx-graph'), 'cache_dir': '', 'compile_cache_save_format': 'binary', 'backend': 'vllm_ascend.compilation.compiler_interface.AscendCompiler', 'custom_ops': [], 'ir_enable_torch_wrap': None, 'splitting_ops': None, 'compile_mm_encoder': False, 'cudagraph_mm_encoder': False, 'encoder_cudagraph_token_budgets': [], 'encoder_cudagraph_max_vision_items_per_batch': 0, 'encoder_cudagraph_max_frames_per_batch': None, 'compile_sizes': None, 'compile_ranges_endpoints': None, 'inductor_compile_config': {'enable_auto_functionalized_v2': False, 'size_asserts': False, 'alignment_asserts': False, 'scalar_asserts': False, 'combo_kernels': True, 'benchmark_combo_kernel': True}, 'inductor_passes': {}, 'cudagraph_mode': <CUDAGraphMode.FULL_DECODE_ONLY: (2, 0)>, 'cudagraph_num_of_warmups': 0, 'cudagraph_capture_sizes': [3, 48], 'cudagraph_copy_inputs': False, 'cudagraph_specialize_lora': True, 'use_inductor_graph_partition': None, 'pass_config': {}, 'max_cudagraph_capture_size': None, 'dynamic_shapes_config': {'type': <DynamicShapesType.BACKED: 'backed'>, 'evaluate_guards': False, 'assume_32_bit_indexing': False}, 'local_cache_dir': None, 'fast_moe_cold_start': None, 'static_all_moe_layers': []}, 'additional_config': {'finegrained_tp_config': {'lmhead_tensor_parallel_size': 2}, 'multistream_overlap_shared_expert': True}, 'model': '/mnt/weights/DeepSeek-V3.1-Terminus-w8a8-QuaRot-lfs'}
INFO 07-28 10:24:42 [api_utils.py:273] non-default args: {'trust_remote_code': True, 'seed': 1024, 'max_model_len': 4096, 'tensor_parallel_size': 2, 'enable_expert_parallel': True, 'enable_prefix_caching': False, 'gpu_memory_utilization': 0.9, 'max_num_batched_tokens': 256, 'max_num_seqs': 16, 'quantization': 'ascend', 'speculative_config': {'method': 'mtp', 'num_speculative_tokens': 2}, 'compilation_config': {'mode': None, 'debug_dump_path': PosixPath('fx-graph'), 'cache_dir': '', 'compile_cache_save_format': 'binary', 'backend': 'vllm_ascend.compilation.compiler_interface.AscendCompiler', 'custom_ops': [], 'ir_enable_torch_wrap': None, 'splitting_ops': None, 'compile_mm_encoder': False, 'cudagraph_mm_encoder': False, 'encoder_cudagraph_token_budgets': [], 'encoder_cudagraph_max_vision_items_per_batch': 0, 'encoder_cudagraph_max_frames_per_batch': None, 'compile_sizes': None, 'compile_ranges_endpoints': None, 'inductor_compile_config': {'enable_auto_functionalized_v2': False, 'size_asserts': False, 'alignment_asserts': False, 'scalar_asserts': False, 'combo_kernels': True, 'benchmark_combo_kernel': True}, 'inductor_passes': {}, 'cudagraph_mode': <CUDAGraphMode.FULL_DECODE_ONLY: (2, 0)>, 'cudagraph_num_of_warmups': 0, 'cudagraph_capture_sizes': [3, 48], 'cudagraph_copy_inputs': False, 'cudagraph_specialize_lora': True, 'use_inductor_graph_partition': None, 'pass_config': {}, 'max_cudagraph_capture_size': None, 'dynamic_shapes_config': {'type': <DynamicShapesType.BACKED: 'backed'>, 'evaluate_guards': False, 'assume_32_bit_indexing': False}, 'local_cache_dir': None, 'fast_moe_cold_start': None, 'static_all_moe_layers': []}, 'additional_config': {'finegrained_tp_config': {'lmhead_tensor_parallel_size': 2}, 'multistream_overlap_shared_expert': True}, 'model': '/mnt/weights/DeepSeek-V3.1-Terminus-w8a8-QuaRot-lfs'}
INFO 07-28 10:24:42 [api_utils.py:273] non-default args: {'trust_remote_code': True, 'seed': 1024, 'max_model_len': 4096, 'tensor_parallel_size': 2, 'enable_expert_parallel': True, 'enable_prefix_caching': False, 'gpu_memory_utilization': 0.9, 'max_num_batched_tokens': 256, 'max_num_seqs': 16, 'quantization': 'ascend', 'speculative_config': {'method': 'mtp', 'num_speculative_tokens': 2}, 'compilation_config': {'mode': None, 'debug_dump_path': PosixPath('fx-graph'), 'cache_dir': '', 'compile_cache_save_format': 'binary', 'backend': 'vllm_ascend.compilation.compiler_interface.AscendCompiler', 'custom_ops': [], 'ir_enable_torch_wrap': None, 'splitting_ops': None, 'compile_mm_encoder': False, 'cudagraph_mm_encoder': False, 'encoder_cudagraph_token_budgets': [], 'encoder_cudagraph_max_vision_items_per_batch': 0, 'encoder_cudagraph_max_frames_per_batch': None, 'compile_sizes': None, 'compile_ranges_endpoints': None, 'inductor_compile_config': {'enable_auto_functionalized_v2': False, 'size_asserts': False, 'alignment_asserts': False, 'scalar_asserts': False, 'combo_kernels': True, 'benchmark_combo_kernel': True}, 'inductor_passes': {}, 'cudagraph_mode': <CUDAGraphMode.FULL_DECODE_ONLY: (2, 0)>, 'cudagraph_num_of_warmups': 0, 'cudagraph_capture_sizes': [3, 48], 'cudagraph_copy_inputs': False, 'cudagraph_specialize_lora': True, 'use_inductor_graph_partition': None, 'pass_config': {}, 'max_cudagraph_capture_size': None, 'dynamic_shapes_config': {'type': <DynamicShapesType.BACKED: 'backed'>, 'evaluate_guards': False, 'assume_32_bit_indexing': False}, 'local_cache_dir': None, 'fast_moe_cold_start': None, 'static_all_moe_layers': []}, 'additional_config': {'finegrained_tp_config': {'lmhead_tensor_parallel_size': 2}, 'multistream_overlap_shared_expert': True}, 'model': '/mnt/weights/DeepSeek-V3.1-Terminus-w8a8-QuaRot-lfs'}
INFO 07-28 10:24:42 [api_utils.py:273] non-default args: {'trust_remote_code': True, 'seed': 1024, 'max_model_len': 4096, 'tensor_parallel_size': 2, 'enable_expert_parallel': True, 'enable_prefix_caching': False, 'gpu_memory_utilization': 0.9, 'max_num_batched_tokens': 256, 'max_num_seqs': 16, 'quantization': 'ascend', 'speculative_config': {'method': 'mtp', 'num_speculative_tokens': 2}, 'compilation_config': {'mode': None, 'debug_dump_path': PosixPath('fx-graph'), 'cache_dir': '', 'compile_cache_save_format': 'binary', 'backend': 'vllm_ascend.compilation.compiler_interface.AscendCompiler', 'custom_ops': [], 'ir_enable_torch_wrap': None, 'splitting_ops': None, 'compile_mm_encoder': False, 'cudagraph_mm_encoder': False, 'encoder_cudagraph_token_budgets': [], 'encoder_cudagraph_max_vision_items_per_batch': 0, 'encoder_cudagraph_max_frames_per_batch': None, 'compile_sizes': None, 'compile_ranges_endpoints': None, 'inductor_compile_config': {'enable_auto_functionalized_v2': False, 'size_asserts': False, 'alignment_asserts': False, 'scalar_asserts': False, 'combo_kernels': True, 'benchmark_combo_kernel': True}, 'inductor_passes': {}, 'cudagraph_mode': <CUDAGraphMode.FULL_DECODE_ONLY: (2, 0)>, 'cudagraph_num_of_warmups': 0, 'cudagraph_capture_sizes': [3, 48], 'cudagraph_copy_inputs': False, 'cudagraph_specialize_lora': True, 'use_inductor_graph_partition': None, 'pass_config': {}, 'max_cudagraph_capture_size': None, 'dynamic_shapes_config': {'type': <DynamicShapesType.BACKED: 'backed'>, 'evaluate_guards': False, 'assume_32_bit_indexing': False}, 'local_cache_dir': None, 'fast_moe_cold_start': None, 'static_all_moe_layers': []}, 'additional_config': {'finegrained_tp_config': {'lmhead_tensor_parallel_size': 2}, 'multistream_overlap_shared_expert': True}, 'model': '/mnt/weights/DeepSeek-V3.1-Terminus-w8a8-QuaRot-lfs'}
INFO 07-28 10:24:42 [api_utils.py:273] non-default args: {'trust_remote_code': True, 'seed': 1024, 'max_model_len': 4096, 'tensor_parallel_size': 2, 'enable_expert_parallel': True, 'enable_prefix_caching': False, 'gpu_memory_utilization': 0.9, 'max_num_batched_tokens': 256, 'max_num_seqs': 16, 'quantization': 'ascend', 'speculative_config': {'method': 'mtp', 'num_speculative_tokens': 2}, 'compilation_config': {'mode': None, 'debug_dump_path': PosixPath('fx-graph'), 'cache_dir': '', 'compile_cache_save_format': 'binary', 'backend': 'vllm_ascend.compilation.compiler_interface.AscendCompiler', 'custom_ops': [], 'ir_enable_torch_wrap': None, 'splitting_ops': None, 'compile_mm_encoder': False, 'cudagraph_mm_encoder': False, 'encoder_cudagraph_token_budgets': [], 'encoder_cudagraph_max_vision_items_per_batch': 0, 'encoder_cudagraph_max_frames_per_batch': None, 'compile_sizes': None, 'compile_ranges_endpoints': None, 'inductor_compile_config': {'enable_auto_functionalized_v2': False, 'size_asserts': False, 'alignment_asserts': False, 'scalar_asserts': False, 'combo_kernels': True, 'benchmark_combo_kernel': True}, 'inductor_passes': {}, 'cudagraph_mode': <CUDAGraphMode.FULL_DECODE_ONLY: (2, 0)>, 'cudagraph_num_of_warmups': 0, 'cudagraph_capture_sizes': [3, 48], 'cudagraph_copy_inputs': False, 'cudagraph_specialize_lora': True, 'use_inductor_graph_partition': None, 'pass_config': {}, 'max_cudagraph_capture_size': None, 'dynamic_shapes_config': {'type': <DynamicShapesType.BACKED: 'backed'>, 'evaluate_guards': False, 'assume_32_bit_indexing': False}, 'local_cache_dir': None, 'fast_moe_cold_start': None, 'static_all_moe_layers': []}, 'additional_config': {'finegrained_tp_config': {'lmhead_tensor_parallel_size': 2}, 'multistream_overlap_shared_expert': True}, 'model': '/mnt/weights/DeepSeek-V3.1-Terminus-w8a8-QuaRot-lfs'}
WARNING 07-28 10:24:43 [envs.py:2082] Unknown vLLM environment variable detected: VLLM_ASCEND_ENABLE_MLAPO
WARNING 07-28 10:24:43 [envs.py:2082] Unknown vLLM environment variable detected: VLLM_ASCEND_ENABLE_MLAPO
WARNING 07-28 10:24:43 [envs.py:2082] Unknown vLLM environment variable detected: VLLM_ASCEND_ENABLE_MLAPO
WARNING 07-28 10:24:43 [envs.py:2082] Unknown vLLM environment variable detected: VLLM_ASCEND_ENABLE_MLAPO
WARNING 07-28 10:24:43 [envs.py:2082] Unknown vLLM environment variable detected: VLLM_ASCEND_ENABLE_MLAPO
WARNING 07-28 10:24:43 [envs.py:2082] Unknown vLLM environment variable detected: VLLM_ASCEND_ENABLE_MLAPO
WARNING 07-28 10:24:43 [envs.py:2082] Unknown vLLM environment variable detected: VLLM_ASCEND_ENABLE_MLAPO
WARNING 07-28 10:24:43 [envs.py:2082] Unknown vLLM environment variable detected: VLLM_ASCEND_ENABLE_MLAPO
INFO 07-28 10:24:43 [model.py:619] Resolved architecture: DeepseekV3ForCausalLM
INFO 07-28 10:24:43 [model.py:619] Resolved architecture: DeepseekV3ForCausalLM
INFO 07-28 10:24:43 [model.py:619] Resolved architecture: DeepseekV3ForCausalLM
INFO 07-28 10:24:43 [model.py:619] Resolved architecture: DeepseekV3ForCausalLM
INFO 07-28 10:24:43 [model.py:619] Resolved architecture: DeepseekV3ForCausalLM
INFO 07-28 10:24:43 [model.py:619] Resolved architecture: DeepseekV3ForCausalLM
INFO 07-28 10:24:43 [model.py:619] Resolved architecture: DeepseekV3ForCausalLM
INFO 07-28 10:24:43 [model.py:619] Resolved architecture: DeepseekV3ForCausalLM
INFO 07-28 10:24:43 [model.py:1776] Using max model len 4096
INFO 07-28 10:24:43 [model.py:1776] Using max model len 4096
INFO 07-28 10:24:43 [model.py:1776] Using max model len 4096
INFO 07-28 10:24:43 [model.py:1776] Using max model len 4096
INFO 07-28 10:24:43 [model.py:1776] Using max model len 4096
INFO 07-28 10:24:43 [model.py:1776] Using max model len 4096
INFO 07-28 10:24:43 [model.py:1776] Using max model len 4096
INFO 07-28 10:24:43 [model.py:1776] Using max model len 4096
INFO 07-28 10:24:43 [model.py:619] Resolved architecture: DeepSeekMTPModel
INFO 07-28 10:24:43 [model.py:619] Resolved architecture: DeepSeekMTPModel
INFO 07-28 10:24:43 [model.py:619] Resolved architecture: DeepSeekMTPModel
INFO 07-28 10:24:43 [model.py:619] Resolved architecture: DeepSeekMTPModel
INFO 07-28 10:24:43 [model.py:619] Resolved architecture: DeepSeekMTPModel
INFO 07-28 10:24:43 [model.py:619] Resolved architecture: DeepSeekMTPModel
INFO 07-28 10:24:43 [model.py:619] Resolved architecture: DeepSeekMTPModel
INFO 07-28 10:24:43 [model.py:1776] Using max model len 163840
INFO 07-28 10:24:43 [model.py:1776] Using max model len 163840
INFO 07-28 10:24:43 [model.py:1776] Using max model len 163840
INFO 07-28 10:24:43 [model.py:1776] Using max model len 163840
INFO 07-28 10:24:43 [model.py:1776] Using max model len 163840
INFO 07-28 10:24:43 [model.py:1776] Using max model len 163840
INFO 07-28 10:24:43 [model.py:1776] Using max model len 163840
INFO 07-28 10:24:43 [model.py:619] Resolved architecture: DeepSeekMTPModel
WARNING 07-28 10:24:43 [speculative.py:868] Enabling num_speculative_tokens > 1 will run multiple times of forward on same MTP layer,which may result in lower acceptance rate
WARNING 07-28 10:24:43 [speculative.py:868] Enabling num_speculative_tokens > 1 will run multiple times of forward on same MTP layer,which may result in lower acceptance rate
WARNING 07-28 10:24:43 [speculative.py:868] Enabling num_speculative_tokens > 1 will run multiple times of forward on same MTP layer,which may result in lower acceptance rate
WARNING 07-28 10:24:43 [speculative.py:868] Enabling num_speculative_tokens > 1 will run multiple times of forward on same MTP layer,which may result in lower acceptance rate
WARNING 07-28 10:24:43 [speculative.py:868] Enabling num_speculative_tokens > 1 will run multiple times of forward on same MTP layer,which may result in lower acceptance rate
INFO 07-28 10:24:43 [model.py:1776] Using max model len 163840
WARNING 07-28 10:24:43 [speculative.py:868] Enabling num_speculative_tokens > 1 will run multiple times of forward on same MTP layer,which may result in lower acceptance rate
WARNING 07-28 10:24:43 [speculative.py:868] Enabling num_speculative_tokens > 1 will run multiple times of forward on same MTP layer,which may result in lower acceptance rate
INFO 07-28 10:24:43 [speculative.py:1067] Overriding draft model max model len from 163840 to 4096
INFO 07-28 10:24:43 [speculative.py:1067] Overriding draft model max model len from 163840 to 4096
INFO 07-28 10:24:43 [speculative.py:1067] Overriding draft model max model len from 163840 to 4096
INFO 07-28 10:24:43 [speculative.py:1067] Overriding draft model max model len from 163840 to 4096
INFO 07-28 10:24:43 [speculative.py:1067] Overriding draft model max model len from 163840 to 4096
INFO 07-28 10:24:43 [speculative.py:1067] Overriding draft model max model len from 163840 to 4096
INFO 07-28 10:24:43 [speculative.py:1067] Overriding draft model max model len from 163840 to 4096
WARNING 07-28 10:24:43 [speculative.py:868] Enabling num_speculative_tokens > 1 will run multiple times of forward on same MTP layer,which may result in lower acceptance rate
INFO 07-28 10:24:43 [speculative.py:1067] Overriding draft model max model len from 163840 to 4096
INFO 07-28 10:24:43 [scheduler.py:252] Chunked prefill is enabled with max_num_batched_tokens=256.
INFO 07-28 10:24:43 [scheduler.py:252] Chunked prefill is enabled with max_num_batched_tokens=256.
INFO 07-28 10:24:43 [scheduler.py:252] Chunked prefill is enabled with max_num_batched_tokens=256.
INFO 07-28 10:24:43 [scheduler.py:252] Chunked prefill is enabled with max_num_batched_tokens=256.
INFO 07-28 10:24:43 [scheduler.py:252] Chunked prefill is enabled with max_num_batched_tokens=256.
INFO 07-28 10:24:43 [scheduler.py:252] Chunked prefill is enabled with max_num_batched_tokens=256.
INFO 07-28 10:24:43 [scheduler.py:252] Chunked prefill is enabled with max_num_batched_tokens=256.
INFO 07-28 10:24:43 [scheduler.py:252] Chunked prefill is enabled with max_num_batched_tokens=256.
INFO 07-28 10:24:43 [vllm.py:1090] Asynchronous scheduling is enabled.
INFO 07-28 10:24:43 [vllm.py:1100] Disabling NCCL for DP synchronization when using async scheduling.
INFO 07-28 10:24:43 [kernel.py:292] Final IR op priority after setting platform defaults: IrOpPriorityConfig(rms_norm=['native'], fused_add_rms_norm=['native'])
WARNING 07-28 10:24:43 [vllm.py:1697] max_num_scheduled_tokens is set to 256 based on the speculative decoding settings. This may lead to suboptimal performance. Consider increasing max_num_batched_tokens to accommodate the additional draft token slots, or decrease num_speculative_tokens or max_num_seqs.
WARNING 07-28 10:24:43 [platform.py:1043] GPU-specific parameter is not supported on Ascend. parameter=disable_cascade_attn, value=True, action: resetting to False.
WARNING 07-28 10:24:43 [platform.py:1101] Speculative quantization is set but Ascend automatically uses the main model's quantization method. parameter=quantization, action: resetting to None. 
INFO 07-28 10:24:43 [ascend_config.py:490] finegrained_tp_config enabled: lmhead_tensor_parallel_size=2
INFO 07-28 10:24:43 [ascend_config.py:824] Dynamic EPLB is False
INFO 07-28 10:24:43 [ascend_config.py:825] The number of redundant experts is 0
INFO 07-28 10:24:43 [ascend_config.py:289] AscendConfig.enable_mlapo falls back to environment variable VLLM_ASCEND_ENABLE_MLAPO with value True. Please use additional_config.enable_mlapo instead, because VLLM_ASCEND_ENABLE_MLAPO will be removed in the next release.
INFO 07-28 10:24:43 [vllm.py:1090] Asynchronous scheduling is enabled.
INFO 07-28 10:24:43 [vllm.py:1090] Asynchronous scheduling is enabled.
INFO 07-28 10:24:43 [vllm.py:1090] Asynchronous scheduling is enabled.
INFO 07-28 10:24:43 [vllm.py:1090] Asynchronous scheduling is enabled.
INFO 07-28 10:24:43 [vllm.py:1100] Disabling NCCL for DP synchronization when using async scheduling.
INFO 07-28 10:24:43 [vllm.py:1100] Disabling NCCL for DP synchronization when using async scheduling.
INFO 07-28 10:24:43 [vllm.py:1100] Disabling NCCL for DP synchronization when using async scheduling.
INFO 07-28 10:24:43 [vllm.py:1100] Disabling NCCL for DP synchronization when using async scheduling.
INFO 07-28 10:24:43 [kernel.py:292] Final IR op priority after setting platform defaults: IrOpPriorityConfig(rms_norm=['native'], fused_add_rms_norm=['native'])
INFO 07-28 10:24:43 [kernel.py:292] Final IR op priority after setting platform defaults: IrOpPriorityConfig(rms_norm=['native'], fused_add_rms_norm=['native'])
INFO 07-28 10:24:43 [kernel.py:292] Final IR op priority after setting platform defaults: IrOpPriorityConfig(rms_norm=['native'], fused_add_rms_norm=['native'])
INFO 07-28 10:24:43 [kernel.py:292] Final IR op priority after setting platform defaults: IrOpPriorityConfig(rms_norm=['native'], fused_add_rms_norm=['native'])
WARNING 07-28 10:24:43 [vllm.py:1697] max_num_scheduled_tokens is set to 256 based on the speculative decoding settings. This may lead to suboptimal performance. Consider increasing max_num_batched_tokens to accommodate the additional draft token slots, or decrease num_speculative_tokens or max_num_seqs.
WARNING 07-28 10:24:43 [vllm.py:1697] max_num_scheduled_tokens is set to 256 based on the speculative decoding settings. This may lead to suboptimal performance. Consider increasing max_num_batched_tokens to accommodate the additional draft token slots, or decrease num_speculative_tokens or max_num_seqs.
WARNING 07-28 10:24:43 [vllm.py:1697] max_num_scheduled_tokens is set to 256 based on the speculative decoding settings. This may lead to suboptimal performance. Consider increasing max_num_batched_tokens to accommodate the additional draft token slots, or decrease num_speculative_tokens or max_num_seqs.
WARNING 07-28 10:24:43 [vllm.py:1697] max_num_scheduled_tokens is set to 256 based on the speculative decoding settings. This may lead to suboptimal performance. Consider increasing max_num_batched_tokens to accommodate the additional draft token slots, or decrease num_speculative_tokens or max_num_seqs.
WARNING 07-28 10:24:43 [platform.py:1043] GPU-specific parameter is not supported on Ascend. parameter=disable_cascade_attn, value=True, action: resetting to False.
WARNING 07-28 10:24:43 [platform.py:1043] GPU-specific parameter is not supported on Ascend. parameter=disable_cascade_attn, value=True, action: resetting to False.
WARNING 07-28 10:24:43 [platform.py:1043] GPU-specific parameter is not supported on Ascend. parameter=disable_cascade_attn, value=True, action: resetting to False.
WARNING 07-28 10:24:43 [platform.py:1043] GPU-specific parameter is not supported on Ascend. parameter=disable_cascade_attn, value=True, action: resetting to False.
WARNING 07-28 10:24:43 [platform.py:1101] Speculative quantization is set but Ascend automatically uses the main model's quantization method. parameter=quantization, action: resetting to None. 
WARNING 07-28 10:24:43 [platform.py:1101] Speculative quantization is set but Ascend automatically uses the main model's quantization method. parameter=quantization, action: resetting to None. 
WARNING 07-28 10:24:43 [platform.py:1101] Speculative quantization is set but Ascend automatically uses the main model's quantization method. parameter=quantization, action: resetting to None. 
WARNING 07-28 10:24:43 [platform.py:1101] Speculative quantization is set but Ascend automatically uses the main model's quantization method. parameter=quantization, action: resetting to None. 
INFO 07-28 10:24:43 [ascend_config.py:490] finegrained_tp_config enabled: lmhead_tensor_parallel_size=2
INFO 07-28 10:24:43 [ascend_config.py:490] finegrained_tp_config enabled: lmhead_tensor_parallel_size=2
INFO 07-28 10:24:43 [ascend_config.py:490] finegrained_tp_config enabled: lmhead_tensor_parallel_size=2
INFO 07-28 10:24:43 [ascend_config.py:490] finegrained_tp_config enabled: lmhead_tensor_parallel_size=2
INFO 07-28 10:24:43 [ascend_config.py:824] Dynamic EPLB is False
INFO 07-28 10:24:43 [ascend_config.py:824] Dynamic EPLB is False
INFO 07-28 10:24:43 [ascend_config.py:824] Dynamic EPLB is False
INFO 07-28 10:24:43 [ascend_config.py:824] Dynamic EPLB is False
INFO 07-28 10:24:43 [ascend_config.py:825] The number of redundant experts is 0
INFO 07-28 10:24:43 [ascend_config.py:825] The number of redundant experts is 0
INFO 07-28 10:24:43 [ascend_config.py:825] The number of redundant experts is 0
INFO 07-28 10:24:43 [ascend_config.py:825] The number of redundant experts is 0
INFO 07-28 10:24:43 [ascend_config.py:289] AscendConfig.enable_mlapo falls back to environment variable VLLM_ASCEND_ENABLE_MLAPO with value True. Please use additional_config.enable_mlapo instead, because VLLM_ASCEND_ENABLE_MLAPO will be removed in the next release.
INFO 07-28 10:24:43 [ascend_config.py:289] AscendConfig.enable_mlapo falls back to environment variable VLLM_ASCEND_ENABLE_MLAPO with value True. Please use additional_config.enable_mlapo instead, because VLLM_ASCEND_ENABLE_MLAPO will be removed in the next release.
INFO 07-28 10:24:43 [ascend_config.py:289] AscendConfig.enable_mlapo falls back to environment variable VLLM_ASCEND_ENABLE_MLAPO with value True. Please use additional_config.enable_mlapo instead, because VLLM_ASCEND_ENABLE_MLAPO will be removed in the next release.
INFO 07-28 10:24:43 [ascend_config.py:289] AscendConfig.enable_mlapo falls back to environment variable VLLM_ASCEND_ENABLE_MLAPO with value True. Please use additional_config.enable_mlapo instead, because VLLM_ASCEND_ENABLE_MLAPO will be removed in the next release.
INFO 07-28 10:24:44 [vllm.py:1090] Asynchronous scheduling is enabled.
INFO 07-28 10:24:44 [vllm.py:1090] Asynchronous scheduling is enabled.
INFO 07-28 10:24:44 [vllm.py:1100] Disabling NCCL for DP synchronization when using async scheduling.
INFO 07-28 10:24:44 [vllm.py:1100] Disabling NCCL for DP synchronization when using async scheduling.
INFO 07-28 10:24:44 [kernel.py:292] Final IR op priority after setting platform defaults: IrOpPriorityConfig(rms_norm=['native'], fused_add_rms_norm=['native'])
INFO 07-28 10:24:44 [kernel.py:292] Final IR op priority after setting platform defaults: IrOpPriorityConfig(rms_norm=['native'], fused_add_rms_norm=['native'])
WARNING 07-28 10:24:44 [vllm.py:1697] max_num_scheduled_tokens is set to 256 based on the speculative decoding settings. This may lead to suboptimal performance. Consider increasing max_num_batched_tokens to accommodate the additional draft token slots, or decrease num_speculative_tokens or max_num_seqs.
WARNING 07-28 10:24:44 [vllm.py:1697] max_num_scheduled_tokens is set to 256 based on the speculative decoding settings. This may lead to suboptimal performance. Consider increasing max_num_batched_tokens to accommodate the additional draft token slots, or decrease num_speculative_tokens or max_num_seqs.
WARNING 07-28 10:24:44 [platform.py:1043] GPU-specific parameter is not supported on Ascend. parameter=disable_cascade_attn, value=True, action: resetting to False.
WARNING 07-28 10:24:44 [platform.py:1043] GPU-specific parameter is not supported on Ascend. parameter=disable_cascade_attn, value=True, action: resetting to False.
WARNING 07-28 10:24:44 [platform.py:1101] Speculative quantization is set but Ascend automatically uses the main model's quantization method. parameter=quantization, action: resetting to None. 
WARNING 07-28 10:24:44 [platform.py:1101] Speculative quantization is set but Ascend automatically uses the main model's quantization method. parameter=quantization, action: resetting to None. 
INFO 07-28 10:24:44 [ascend_config.py:490] finegrained_tp_config enabled: lmhead_tensor_parallel_size=2
INFO 07-28 10:24:44 [ascend_config.py:490] finegrained_tp_config enabled: lmhead_tensor_parallel_size=2
INFO 07-28 10:24:44 [ascend_config.py:824] Dynamic EPLB is False
INFO 07-28 10:24:44 [ascend_config.py:824] Dynamic EPLB is False
INFO 07-28 10:24:44 [ascend_config.py:825] The number of redundant experts is 0
INFO 07-28 10:24:44 [ascend_config.py:825] The number of redundant experts is 0
INFO 07-28 10:24:44 [ascend_config.py:289] AscendConfig.enable_mlapo falls back to environment variable VLLM_ASCEND_ENABLE_MLAPO with value True. Please use additional_config.enable_mlapo instead, because VLLM_ASCEND_ENABLE_MLAPO will be removed in the next release.
INFO 07-28 10:24:44 [ascend_config.py:289] AscendConfig.enable_mlapo falls back to environment variable VLLM_ASCEND_ENABLE_MLAPO with value True. Please use additional_config.enable_mlapo instead, because VLLM_ASCEND_ENABLE_MLAPO will be removed in the next release.
INFO 07-28 10:24:44 [vllm.py:1090] Asynchronous scheduling is enabled.
INFO 07-28 10:24:44 [vllm.py:1100] Disabling NCCL for DP synchronization when using async scheduling.
INFO 07-28 10:24:44 [kernel.py:292] Final IR op priority after setting platform defaults: IrOpPriorityConfig(rms_norm=['native'], fused_add_rms_norm=['native'])
WARNING 07-28 10:24:44 [vllm.py:1697] max_num_scheduled_tokens is set to 256 based on the speculative decoding settings. This may lead to suboptimal performance. Consider increasing max_num_batched_tokens to accommodate the additional draft token slots, or decrease num_speculative_tokens or max_num_seqs.
WARNING 07-28 10:24:44 [platform.py:1043] GPU-specific parameter is not supported on Ascend. parameter=disable_cascade_attn, value=True, action: resetting to False.
WARNING 07-28 10:24:44 [platform.py:1101] Speculative quantization is set but Ascend automatically uses the main model's quantization method. parameter=quantization, action: resetting to None. 
INFO 07-28 10:24:44 [ascend_config.py:490] finegrained_tp_config enabled: lmhead_tensor_parallel_size=2
INFO 07-28 10:24:44 [ascend_config.py:824] Dynamic EPLB is False
INFO 07-28 10:24:44 [ascend_config.py:825] The number of redundant experts is 0
INFO 07-28 10:24:44 [ascend_config.py:289] AscendConfig.enable_mlapo falls back to environment variable VLLM_ASCEND_ENABLE_MLAPO with value True. Please use additional_config.enable_mlapo instead, because VLLM_ASCEND_ENABLE_MLAPO will be removed in the next release.
INFO 07-28 10:24:44 [utils.py:1264] Block size is set to 128 if prefix cache or chunked prefill is enabled.
INFO 07-28 10:24:44 [platform.py:770] Set PYTORCH_NPU_ALLOC_CONF=expandable_segments:True
INFO 07-28 10:24:44 [compilation.py:312] Enabled custom fusions: norm_quant, act_quant
INFO 07-28 10:24:44 [utils.py:1264] Block size is set to 128 if prefix cache or chunked prefill is enabled.
INFO 07-28 10:24:44 [utils.py:1264] Block size is set to 128 if prefix cache or chunked prefill is enabled.
INFO 07-28 10:24:44 [utils.py:1264] Block size is set to 128 if prefix cache or chunked prefill is enabled.
INFO 07-28 10:24:44 [utils.py:1264] Block size is set to 128 if prefix cache or chunked prefill is enabled.
INFO 07-28 10:24:44 [platform.py:770] Set PYTORCH_NPU_ALLOC_CONF=expandable_segments:True
INFO 07-28 10:24:44 [platform.py:770] Set PYTORCH_NPU_ALLOC_CONF=expandable_segments:True
INFO 07-28 10:24:44 [platform.py:770] Set PYTORCH_NPU_ALLOC_CONF=expandable_segments:True
INFO 07-28 10:24:44 [platform.py:770] Set PYTORCH_NPU_ALLOC_CONF=expandable_segments:True
INFO 07-28 10:24:44 [compilation.py:312] Enabled custom fusions: norm_quant, act_quant
INFO 07-28 10:24:44 [compilation.py:312] Enabled custom fusions: norm_quant, act_quant
INFO 07-28 10:24:44 [compilation.py:312] Enabled custom fusions: norm_quant, act_quant
INFO 07-28 10:24:44 [compilation.py:312] Enabled custom fusions: norm_quant, act_quant
INFO 07-28 10:24:44 [utils.py:1264] Block size is set to 128 if prefix cache or chunked prefill is enabled.
INFO 07-28 10:24:44 [utils.py:1264] Block size is set to 128 if prefix cache or chunked prefill is enabled.
INFO 07-28 10:24:44 [platform.py:770] Set PYTORCH_NPU_ALLOC_CONF=expandable_segments:True
INFO 07-28 10:24:44 [platform.py:770] Set PYTORCH_NPU_ALLOC_CONF=expandable_segments:True
INFO 07-28 10:24:44 [compilation.py:312] Enabled custom fusions: norm_quant, act_quant
INFO 07-28 10:24:44 [compilation.py:312] Enabled custom fusions: norm_quant, act_quant
INFO 07-28 10:24:44 [utils.py:1264] Block size is set to 128 if prefix cache or chunked prefill is enabled.
INFO 07-28 10:24:44 [platform.py:770] Set PYTORCH_NPU_ALLOC_CONF=expandable_segments:True
INFO 07-28 10:24:44 [compilation.py:312] Enabled custom fusions: norm_quant, act_quant
INFO 07-28 10:24:53 [__init__.py:52] Available plugins for group vllm.platform_plugins:
INFO 07-28 10:24:53 [__init__.py:54] - ascend -> vllm_ascend:register
INFO 07-28 10:24:53 [__init__.py:57] All plugins in this group will be loaded. Set `VLLM_PLUGINS` to control which plugins to load.
INFO 07-28 10:24:53 [__init__.py:237] Platform plugin ascend is activated
INFO 07-28 10:24:53 [platform.py:61] Breakable cudagraph is force disabled on Ascend because DeepSeek V4 PIECEWISE cudagraph is not supported yet.
INFO 07-28 10:24:53 [__init__.py:52] Available plugins for group vllm.platform_plugins:
INFO 07-28 10:24:53 [__init__.py:54] - ascend -> vllm_ascend:register
INFO 07-28 10:24:53 [__init__.py:57] All plugins in this group will be loaded. Set `VLLM_PLUGINS` to control which plugins to load.
INFO 07-28 10:24:53 [__init__.py:237] Platform plugin ascend is activated
INFO 07-28 10:24:53 [platform.py:61] Breakable cudagraph is force disabled on Ascend because DeepSeek V4 PIECEWISE cudagraph is not supported yet.
INFO 07-28 10:24:53 [__init__.py:52] Available plugins for group vllm.platform_plugins:
INFO 07-28 10:24:53 [__init__.py:54] - ascend -> vllm_ascend:register
INFO 07-28 10:24:53 [__init__.py:57] All plugins in this group will be loaded. Set `VLLM_PLUGINS` to control which plugins to load.
INFO 07-28 10:24:53 [__init__.py:237] Platform plugin ascend is activated
INFO 07-28 10:24:53 [platform.py:61] Breakable cudagraph is force disabled on Ascend because DeepSeek V4 PIECEWISE cudagraph is not supported yet.
INFO 07-28 10:24:53 [__init__.py:52] Available plugins for group vllm.platform_plugins:
INFO 07-28 10:24:53 [__init__.py:54] - ascend -> vllm_ascend:register
INFO 07-28 10:24:53 [__init__.py:57] All plugins in this group will be loaded. Set `VLLM_PLUGINS` to control which plugins to load.
INFO 07-28 10:24:53 [__init__.py:237] Platform plugin ascend is activated
INFO 07-28 10:24:53 [platform.py:61] Breakable cudagraph is force disabled on Ascend because DeepSeek V4 PIECEWISE cudagraph is not supported yet.
INFO 07-28 10:24:54 [__init__.py:52] Available plugins for group vllm.platform_plugins:
INFO 07-28 10:24:54 [__init__.py:54] - ascend -> vllm_ascend:register
INFO 07-28 10:24:54 [__init__.py:57] All plugins in this group will be loaded. Set `VLLM_PLUGINS` to control which plugins to load.
INFO 07-28 10:24:54 [__init__.py:237] Platform plugin ascend is activated
INFO 07-28 10:24:54 [platform.py:61] Breakable cudagraph is force disabled on Ascend because DeepSeek V4 PIECEWISE cudagraph is not supported yet.
INFO 07-28 10:24:54 [__init__.py:52] Available plugins for group vllm.platform_plugins:
INFO 07-28 10:24:54 [__init__.py:54] - ascend -> vllm_ascend:register
INFO 07-28 10:24:54 [__init__.py:57] All plugins in this group will be loaded. Set `VLLM_PLUGINS` to control which plugins to load.
INFO 07-28 10:24:54 [__init__.py:237] Platform plugin ascend is activated
INFO 07-28 10:24:54 [platform.py:61] Breakable cudagraph is force disabled on Ascend because DeepSeek V4 PIECEWISE cudagraph is not supported yet.
INFO 07-28 10:24:54 [__init__.py:52] Available plugins for group vllm.platform_plugins:
INFO 07-28 10:24:54 [__init__.py:54] - ascend -> vllm_ascend:register
INFO 07-28 10:24:54 [__init__.py:57] All plugins in this group will be loaded. Set `VLLM_PLUGINS` to control which plugins to load.
INFO 07-28 10:24:54 [__init__.py:237] Platform plugin ascend is activated
INFO 07-28 10:24:54 [platform.py:61] Breakable cudagraph is force disabled on Ascend because DeepSeek V4 PIECEWISE cudagraph is not supported yet.
INFO 07-28 10:24:54 [__init__.py:52] Available plugins for group vllm.platform_plugins:
INFO 07-28 10:24:54 [__init__.py:54] - ascend -> vllm_ascend:register
INFO 07-28 10:24:54 [__init__.py:57] All plugins in this group will be loaded. Set `VLLM_PLUGINS` to control which plugins to load.
INFO 07-28 10:24:54 [__init__.py:237] Platform plugin ascend is activated
INFO 07-28 10:24:54 [platform.py:61] Breakable cudagraph is force disabled on Ascend because DeepSeek V4 PIECEWISE cudagraph is not supported yet.
(EngineCore_DP4 pid=413840) 2026-07-28 10:25:00,153 - 413840 - ServiceProfiler - INFO - VLLM_USE_V1 not set, auto-detected via vLLM 0.1.dev18654+g54503ecec.empty: default 0
(EngineCore_DP6 pid=413841) 2026-07-28 10:25:00,156 - 413841 - ServiceProfiler - INFO - VLLM_USE_V1 not set, auto-detected via vLLM 0.1.dev18654+g54503ecec.empty: default 0
(EngineCore_DP5 pid=413839) 2026-07-28 10:25:00,156 - 413839 - ServiceProfiler - INFO - VLLM_USE_V1 not set, auto-detected via vLLM 0.1.dev18654+g54503ecec.empty: default 0
(EngineCore_DP3 pid=413869) 2026-07-28 10:25:00,156 - 413869 - ServiceProfiler - INFO - VLLM_USE_V1 not set, auto-detected via vLLM 0.1.dev18654+g54503ecec.empty: default 0
(EngineCore_DP2 pid=413870) 2026-07-28 10:25:00,157 - 413870 - ServiceProfiler - INFO - VLLM_USE_V1 not set, auto-detected via vLLM 0.1.dev18654+g54503ecec.empty: default 0
(EngineCore_DP7 pid=413813) 2026-07-28 10:25:00,157 - 413813 - ServiceProfiler - INFO - VLLM_USE_V1 not set, auto-detected via vLLM 0.1.dev18654+g54503ecec.empty: default 0
(EngineCore_DP0 pid=413820) 2026-07-28 10:25:00,168 - 413820 - ServiceProfiler - INFO - VLLM_USE_V1 not set, auto-detected via vLLM 0.1.dev18654+g54503ecec.empty: default 0
(EngineCore_DP1 pid=413871) 2026-07-28 10:25:00,168 - 413871 - ServiceProfiler - INFO - VLLM_USE_V1 not set, auto-detected via vLLM 0.1.dev18654+g54503ecec.empty: default 0
(EngineCore_DP4 pid=413840) INFO 07-28 10:25:00 [__init__.py:112] Registered model loader `<class 'vllm_ascend.model_loader.netloader.netloader.ModelNetLoaderElastic'>` with load format `netloader`
(EngineCore_DP6 pid=413841) INFO 07-28 10:25:00 [__init__.py:112] Registered model loader `<class 'vllm_ascend.model_loader.netloader.netloader.ModelNetLoaderElastic'>` with load format `netloader`
(EngineCore_DP3 pid=413869) INFO 07-28 10:25:00 [__init__.py:112] Registered model loader `<class 'vllm_ascend.model_loader.netloader.netloader.ModelNetLoaderElastic'>` with load format `netloader`
(EngineCore_DP5 pid=413839) INFO 07-28 10:25:00 [__init__.py:112] Registered model loader `<class 'vllm_ascend.model_loader.netloader.netloader.ModelNetLoaderElastic'>` with load format `netloader`
(EngineCore_DP2 pid=413870) INFO 07-28 10:25:00 [__init__.py:112] Registered model loader `<class 'vllm_ascend.model_loader.netloader.netloader.ModelNetLoaderElastic'>` with load format `netloader`
(EngineCore_DP7 pid=413813) INFO 07-28 10:25:00 [__init__.py:112] Registered model loader `<class 'vllm_ascend.model_loader.netloader.netloader.ModelNetLoaderElastic'>` with load format `netloader`
(EngineCore_DP4 pid=413840) INFO 07-28 10:25:00 [__init__.py:112] Registered model loader `<class 'vllm_ascend.model_loader.rfork.rfork_loader.RForkModelLoader'>` with load format `rfork`
(EngineCore_DP4 pid=413840) INFO 07-28 10:25:00 [multiproc_executor.py:140] DP group leader: node_rank=0, node_rank_within_dp=0, master_addr=127.0.0.1, mq_connect_ip=90.90.97.44 (local), world_size=2, local_world_size=2
(EngineCore_DP6 pid=413841) INFO 07-28 10:25:00 [__init__.py:112] Registered model loader `<class 'vllm_ascend.model_loader.rfork.rfork_loader.RForkModelLoader'>` with load format `rfork`
(EngineCore_DP3 pid=413869) INFO 07-28 10:25:00 [__init__.py:112] Registered model loader `<class 'vllm_ascend.model_loader.rfork.rfork_loader.RForkModelLoader'>` with load format `rfork`
(EngineCore_DP5 pid=413839) INFO 07-28 10:25:00 [__init__.py:112] Registered model loader `<class 'vllm_ascend.model_loader.rfork.rfork_loader.RForkModelLoader'>` with load format `rfork`
(EngineCore_DP6 pid=413841) INFO 07-28 10:25:00 [multiproc_executor.py:140] DP group leader: node_rank=0, node_rank_within_dp=0, master_addr=127.0.0.1, mq_connect_ip=90.90.97.44 (local), world_size=2, local_world_size=2
(EngineCore_DP3 pid=413869) INFO 07-28 10:25:00 [multiproc_executor.py:140] DP group leader: node_rank=0, node_rank_within_dp=0, master_addr=127.0.0.1, mq_connect_ip=90.90.97.44 (local), world_size=2, local_world_size=2
(EngineCore_DP5 pid=413839) INFO 07-28 10:25:00 [multiproc_executor.py:140] DP group leader: node_rank=0, node_rank_within_dp=0, master_addr=127.0.0.1, mq_connect_ip=90.90.97.44 (local), world_size=2, local_world_size=2
(EngineCore_DP2 pid=413870) INFO 07-28 10:25:00 [__init__.py:112] Registered model loader `<class 'vllm_ascend.model_loader.rfork.rfork_loader.RForkModelLoader'>` with load format `rfork`
(EngineCore_DP7 pid=413813) INFO 07-28 10:25:00 [__init__.py:112] Registered model loader `<class 'vllm_ascend.model_loader.rfork.rfork_loader.RForkModelLoader'>` with load format `rfork`
(EngineCore_DP7 pid=413813) INFO 07-28 10:25:00 [multiproc_executor.py:140] DP group leader: node_rank=0, node_rank_within_dp=0, master_addr=127.0.0.1, mq_connect_ip=90.90.97.44 (local), world_size=2, local_world_size=2
(EngineCore_DP2 pid=413870) INFO 07-28 10:25:00 [multiproc_executor.py:140] DP group leader: node_rank=0, node_rank_within_dp=0, master_addr=127.0.0.1, mq_connect_ip=90.90.97.44 (local), world_size=2, local_world_size=2
(EngineCore_DP1 pid=413871) INFO 07-28 10:25:00 [__init__.py:112] Registered model loader `<class 'vllm_ascend.model_loader.netloader.netloader.ModelNetLoaderElastic'>` with load format `netloader`
(EngineCore_DP0 pid=413820) INFO 07-28 10:25:00 [__init__.py:112] Registered model loader `<class 'vllm_ascend.model_loader.netloader.netloader.ModelNetLoaderElastic'>` with load format `netloader`
(EngineCore_DP0 pid=413820) INFO 07-28 10:25:00 [__init__.py:112] Registered model loader `<class 'vllm_ascend.model_loader.rfork.rfork_loader.RForkModelLoader'>` with load format `rfork`
(EngineCore_DP0 pid=413820) INFO 07-28 10:25:00 [core.py:114] Initializing a V1 LLM engine (v0.1.dev18654+g54503ecec) with config: model='/mnt/weights/DeepSeek-V3.1-Terminus-w8a8-QuaRot-lfs', speculative_config=SpeculativeConfig(method='mtp', model='/mnt/weights/DeepSeek-V3.1-Terminus-w8a8-QuaRot-lfs', num_spec_tokens=2), tokenizer='/mnt/weights/DeepSeek-V3.1-Terminus-w8a8-QuaRot-lfs', skip_tokenizer_init=False, tokenizer_mode=auto, revision=None, tokenizer_revision=None, trust_remote_code=True, dtype=torch.bfloat16, max_seq_len=4096, download_dir=None, load_format=auto, tensor_parallel_size=2, pipeline_parallel_size=1, data_parallel_size=8, decode_context_parallel_size=1, dcp_comm_backend=ag_rs, disable_custom_all_reduce=True, quantization=ascend, quantization_config=None, enforce_eager=False, enable_return_routed_experts=False, kv_cache_dtype=auto, device_config=npu, structured_outputs_config=StructuredOutputsConfig(backend='auto', disable_any_whitespace=False, disable_additional_properties=False, reasoning_parser='', reasoning_parser_plugin='', enable_in_reasoning=False), observability_config=ObservabilityConfig(show_hidden_metrics_for_version=None, otlp_traces_endpoint=None, collect_detailed_traces=None, kv_cache_metrics=False, kv_cache_metrics_sample=0.01, cudagraph_metrics=False, enable_layerwise_nvtx_tracing=False, enable_mfu_metrics=False, enable_mm_processor_stats=False, enable_logging_iteration_details=False, jit_monitor_mode='warn', jit_monitor_verbose=False), seed=1024, served_model_name=/mnt/weights/DeepSeek-V3.1-Terminus-w8a8-QuaRot-lfs, enable_prefix_caching=False, enable_chunked_prefill=True, pooler_config=None, compilation_config={'mode': <CompilationMode.VLLM_COMPILE: 3>, 'debug_dump_path': PosixPath('/home/l00838859/cann/vllm-runner/fx-graph'), 'cache_dir': '', 'compile_cache_save_format': 'binary', 'backend': 'vllm_ascend.compilation.compiler_interface.AscendCompiler', 'custom_ops': ['all'], 'ir_enable_torch_wrap': False, 'splitting_ops': [], 'compile_mm_encoder': False, 'cudagraph_mm_encoder': False, 'encoder_cudagraph_token_budgets': [], 'encoder_cudagraph_max_vision_items_per_batch': 0, 'encoder_cudagraph_max_frames_per_batch': None, 'compile_sizes': [], 'compile_ranges_endpoints': [256], 'inductor_compile_config': {'enable_auto_functionalized_v2': False, 'size_asserts': False, 'alignment_asserts': False, 'scalar_asserts': False, 'combo_kernels': True, 'benchmark_combo_kernel': True}, 'inductor_passes': {}, 'cudagraph_mode': <CUDAGraphMode.FULL_DECODE_ONLY: (2, 0)>, 'cudagraph_num_of_warmups': 1, 'cudagraph_capture_sizes': [3, 48], 'cudagraph_copy_inputs': False, 'cudagraph_specialize_lora': True, 'use_inductor_graph_partition': False, 'pass_config': {'fuse_norm_quant': True, 'fuse_act_quant': True, 'fuse_attn_quant': False, 'enable_sp': False, 'fuse_gemm_comms': False, 'fuse_allreduce_rms': False, 'fuse_rope_kvcache_cat_mla': False, 'fuse_act_padding': False}, 'max_cudagraph_capture_size': 48, 'dynamic_shapes_config': {'type': <DynamicShapesType.BACKED: 'backed'>, 'evaluate_guards': False, 'assume_32_bit_indexing': False}, 'local_cache_dir': None, 'fast_moe_cold_start': False, 'static_all_moe_layers': []}, kernel_config=KernelConfig(ir_op_priority=IrOpPriorityConfig(rms_norm=['native'], fused_add_rms_norm=['native']), enable_flashinfer_autotune=True, enable_cutedsl_warmup=True, moe_backend='auto', linear_backend='auto')
(EngineCore_DP1 pid=413871) INFO 07-28 10:25:00 [__init__.py:112] Registered model loader `<class 'vllm_ascend.model_loader.rfork.rfork_loader.RForkModelLoader'>` with load format `rfork`
(EngineCore_DP0 pid=413820) INFO 07-28 10:25:00 [multiproc_executor.py:140] DP group leader: node_rank=0, node_rank_within_dp=0, master_addr=127.0.0.1, mq_connect_ip=90.90.97.44 (local), world_size=2, local_world_size=2
(EngineCore_DP1 pid=413871) INFO 07-28 10:25:00 [multiproc_executor.py:140] DP group leader: node_rank=0, node_rank_within_dp=0, master_addr=127.0.0.1, mq_connect_ip=90.90.97.44 (local), world_size=2, local_world_size=2
INFO 07-28 10:25:06 [__init__.py:52] Available plugins for group vllm.platform_plugins:
INFO 07-28 10:25:06 [__init__.py:54] - ascend -> vllm_ascend:register
INFO 07-28 10:25:06 [__init__.py:57] All plugins in this group will be loaded. Set `VLLM_PLUGINS` to control which plugins to load.
INFO 07-28 10:25:06 [__init__.py:237] Platform plugin ascend is activated
INFO 07-28 10:25:06 [platform.py:61] Breakable cudagraph is force disabled on Ascend because DeepSeek V4 PIECEWISE cudagraph is not supported yet.
INFO 07-28 10:25:07 [__init__.py:52] Available plugins for group vllm.platform_plugins:
INFO 07-28 10:25:07 [__init__.py:54] - ascend -> vllm_ascend:register
INFO 07-28 10:25:07 [__init__.py:57] All plugins in this group will be loaded. Set `VLLM_PLUGINS` to control which plugins to load.
INFO 07-28 10:25:07 [__init__.py:237] Platform plugin ascend is activated
INFO 07-28 10:25:07 [platform.py:61] Breakable cudagraph is force disabled on Ascend because DeepSeek V4 PIECEWISE cudagraph is not supported yet.
INFO 07-28 10:25:07 [__init__.py:52] Available plugins for group vllm.platform_plugins:
INFO 07-28 10:25:07 [__init__.py:54] - ascend -> vllm_ascend:register
INFO 07-28 10:25:07 [__init__.py:57] All plugins in this group will be loaded. Set `VLLM_PLUGINS` to control which plugins to load.
INFO 07-28 10:25:07 [__init__.py:237] Platform plugin ascend is activated
INFO 07-28 10:25:07 [platform.py:61] Breakable cudagraph is force disabled on Ascend because DeepSeek V4 PIECEWISE cudagraph is not supported yet.
INFO 07-28 10:25:08 [__init__.py:52] Available plugins for group vllm.platform_plugins:
INFO 07-28 10:25:08 [__init__.py:54] - ascend -> vllm_ascend:register
INFO 07-28 10:25:08 [__init__.py:57] All plugins in this group will be loaded. Set `VLLM_PLUGINS` to control which plugins to load.
INFO 07-28 10:25:08 [__init__.py:237] Platform plugin ascend is activated
INFO 07-28 10:25:08 [platform.py:61] Breakable cudagraph is force disabled on Ascend because DeepSeek V4 PIECEWISE cudagraph is not supported yet.
INFO 07-28 10:25:08 [__init__.py:52] Available plugins for group vllm.platform_plugins:
INFO 07-28 10:25:08 [__init__.py:54] - ascend -> vllm_ascend:register
INFO 07-28 10:25:08 [__init__.py:57] All plugins in this group will be loaded. Set `VLLM_PLUGINS` to control which plugins to load.
INFO 07-28 10:25:08 [__init__.py:237] Platform plugin ascend is activated
INFO 07-28 10:25:08 [platform.py:61] Breakable cudagraph is force disabled on Ascend because DeepSeek V4 PIECEWISE cudagraph is not supported yet.
INFO 07-28 10:25:08 [__init__.py:52] Available plugins for group vllm.platform_plugins:
INFO 07-28 10:25:08 [__init__.py:54] - ascend -> vllm_ascend:register
INFO 07-28 10:25:08 [__init__.py:57] All plugins in this group will be loaded. Set `VLLM_PLUGINS` to control which plugins to load.
INFO 07-28 10:25:08 [__init__.py:237] Platform plugin ascend is activated
INFO 07-28 10:25:08 [platform.py:61] Breakable cudagraph is force disabled on Ascend because DeepSeek V4 PIECEWISE cudagraph is not supported yet.
INFO 07-28 10:25:08 [__init__.py:52] Available plugins for group vllm.platform_plugins:
INFO 07-28 10:25:08 [__init__.py:54] - ascend -> vllm_ascend:register
INFO 07-28 10:25:08 [__init__.py:57] All plugins in this group will be loaded. Set `VLLM_PLUGINS` to control which plugins to load.
INFO 07-28 10:25:08 [__init__.py:237] Platform plugin ascend is activated
INFO 07-28 10:25:08 [platform.py:61] Breakable cudagraph is force disabled on Ascend because DeepSeek V4 PIECEWISE cudagraph is not supported yet.
INFO 07-28 10:25:08 [__init__.py:52] Available plugins for group vllm.platform_plugins:
INFO 07-28 10:25:08 [__init__.py:54] - ascend -> vllm_ascend:register
INFO 07-28 10:25:08 [__init__.py:57] All plugins in this group will be loaded. Set `VLLM_PLUGINS` to control which plugins to load.
INFO 07-28 10:25:08 [__init__.py:237] Platform plugin ascend is activated
INFO 07-28 10:25:08 [platform.py:61] Breakable cudagraph is force disabled on Ascend because DeepSeek V4 PIECEWISE cudagraph is not supported yet.
2026-07-28 10:25:12,240 - 414288 - ServiceProfiler - INFO - VLLM_USE_V1 not set, auto-detected via vLLM 0.1.dev18654+g54503ecec.empty: default 0
INFO 07-28 10:25:12 [__init__.py:112] Registered model loader `<class 'vllm_ascend.model_loader.netloader.netloader.ModelNetLoaderElastic'>` with load format `netloader`
INFO 07-28 10:25:12 [__init__.py:112] Registered model loader `<class 'vllm_ascend.model_loader.rfork.rfork_loader.RForkModelLoader'>` with load format `rfork`
2026-07-28 10:25:12,899 - 414290 - ServiceProfiler - INFO - VLLM_USE_V1 not set, auto-detected via vLLM 0.1.dev18654+g54503ecec.empty: default 0
INFO 07-28 10:25:12 [__init__.py:112] Registered model loader `<class 'vllm_ascend.model_loader.netloader.netloader.ModelNetLoaderElastic'>` with load format `netloader`
INFO 07-28 10:25:12 [__init__.py:112] Registered model loader `<class 'vllm_ascend.model_loader.rfork.rfork_loader.RForkModelLoader'>` with load format `rfork`
2026-07-28 10:25:13,490 - 414295 - ServiceProfiler - INFO - VLLM_USE_V1 not set, auto-detected via vLLM 0.1.dev18654+g54503ecec.empty: default 0
INFO 07-28 10:25:13 [__init__.py:112] Registered model loader `<class 'vllm_ascend.model_loader.netloader.netloader.ModelNetLoaderElastic'>` with load format `netloader`
INFO 07-28 10:25:13 [__init__.py:112] Registered model loader `<class 'vllm_ascend.model_loader.rfork.rfork_loader.RForkModelLoader'>` with load format `rfork`
2026-07-28 10:25:13,574 - 414293 - ServiceProfiler - INFO - VLLM_USE_V1 not set, auto-detected via vLLM 0.1.dev18654+g54503ecec.empty: default 0
INFO 07-28 10:25:13 [__init__.py:112] Registered model loader `<class 'vllm_ascend.model_loader.netloader.netloader.ModelNetLoaderElastic'>` with load format `netloader`
INFO 07-28 10:25:13 [__init__.py:112] Registered model loader `<class 'vllm_ascend.model_loader.rfork.rfork_loader.RForkModelLoader'>` with load format `rfork`
2026-07-28 10:25:14,025 - 414294 - ServiceProfiler - INFO - VLLM_USE_V1 not set, auto-detected via vLLM 0.1.dev18654+g54503ecec.empty: default 0
2026-07-28 10:25:14,044 - 414289 - ServiceProfiler - INFO - VLLM_USE_V1 not set, auto-detected via vLLM 0.1.dev18654+g54503ecec.empty: default 0
INFO 07-28 10:25:14 [__init__.py:112] Registered model loader `<class 'vllm_ascend.model_loader.netloader.netloader.ModelNetLoaderElastic'>` with load format `netloader`
INFO 07-28 10:25:14 [__init__.py:112] Registered model loader `<class 'vllm_ascend.model_loader.rfork.rfork_loader.RForkModelLoader'>` with load format `rfork`
INFO 07-28 10:25:14 [__init__.py:112] Registered model loader `<class 'vllm_ascend.model_loader.netloader.netloader.ModelNetLoaderElastic'>` with load format `netloader`
INFO 07-28 10:25:14 [__init__.py:112] Registered model loader `<class 'vllm_ascend.model_loader.rfork.rfork_loader.RForkModelLoader'>` with load format `rfork`
INFO 07-28 10:25:14 [ascend_config.py:490] finegrained_tp_config enabled: lmhead_tensor_parallel_size=2
INFO 07-28 10:25:14 [ascend_config.py:824] Dynamic EPLB is False
INFO 07-28 10:25:14 [ascend_config.py:825] The number of redundant experts is 0
INFO 07-28 10:25:14 [ascend_config.py:289] AscendConfig.enable_mlapo falls back to environment variable VLLM_ASCEND_ENABLE_MLAPO with value True. Please use additional_config.enable_mlapo instead, because VLLM_ASCEND_ENABLE_MLAPO will be removed in the next release.
2026-07-28 10:25:14,248 - 414291 - ServiceProfiler - INFO - VLLM_USE_V1 not set, auto-detected via vLLM 0.1.dev18654+g54503ecec.empty: default 0
INFO 07-28 10:25:14 [__init__.py:112] Registered model loader `<class 'vllm_ascend.model_loader.netloader.netloader.ModelNetLoaderElastic'>` with load format `netloader`
INFO 07-28 10:25:14 [__init__.py:112] Registered model loader `<class 'vllm_ascend.model_loader.rfork.rfork_loader.RForkModelLoader'>` with load format `rfork`
INFO 07-28 10:25:14 [ascend_config.py:490] finegrained_tp_config enabled: lmhead_tensor_parallel_size=2
INFO 07-28 10:25:14 [ascend_config.py:824] Dynamic EPLB is False
INFO 07-28 10:25:14 [ascend_config.py:825] The number of redundant experts is 0
INFO 07-28 10:25:14 [ascend_config.py:289] AscendConfig.enable_mlapo falls back to environment variable VLLM_ASCEND_ENABLE_MLAPO with value True. Please use additional_config.enable_mlapo instead, because VLLM_ASCEND_ENABLE_MLAPO will be removed in the next release.
2026-07-28 10:25:14,396 - 414292 - ServiceProfiler - INFO - VLLM_USE_V1 not set, auto-detected via vLLM 0.1.dev18654+g54503ecec.empty: default 0
INFO 07-28 10:25:14 [__init__.py:112] Registered model loader `<class 'vllm_ascend.model_loader.netloader.netloader.ModelNetLoaderElastic'>` with load format `netloader`
INFO 07-28 10:25:14 [__init__.py:112] Registered model loader `<class 'vllm_ascend.model_loader.rfork.rfork_loader.RForkModelLoader'>` with load format `rfork`
INFO 07-28 10:25:14 [ascend_config.py:490] finegrained_tp_config enabled: lmhead_tensor_parallel_size=2
INFO 07-28 10:25:14 [ascend_config.py:824] Dynamic EPLB is False
INFO 07-28 10:25:14 [ascend_config.py:825] The number of redundant experts is 0
INFO 07-28 10:25:14 [ascend_config.py:289] AscendConfig.enable_mlapo falls back to environment variable VLLM_ASCEND_ENABLE_MLAPO with value True. Please use additional_config.enable_mlapo instead, because VLLM_ASCEND_ENABLE_MLAPO will be removed in the next release.
INFO 07-28 10:25:15 [ascend_config.py:490] finegrained_tp_config enabled: lmhead_tensor_parallel_size=2
INFO 07-28 10:25:15 [ascend_config.py:824] Dynamic EPLB is False
INFO 07-28 10:25:15 [ascend_config.py:825] The number of redundant experts is 0
INFO 07-28 10:25:15 [ascend_config.py:289] AscendConfig.enable_mlapo falls back to environment variable VLLM_ASCEND_ENABLE_MLAPO with value True. Please use additional_config.enable_mlapo instead, because VLLM_ASCEND_ENABLE_MLAPO will be removed in the next release.
INFO 07-28 10:25:15 [ascend_config.py:490] finegrained_tp_config enabled: lmhead_tensor_parallel_size=2
INFO 07-28 10:25:15 [ascend_config.py:824] Dynamic EPLB is False
INFO 07-28 10:25:15 [ascend_config.py:825] The number of redundant experts is 0
INFO 07-28 10:25:15 [ascend_config.py:289] AscendConfig.enable_mlapo falls back to environment variable VLLM_ASCEND_ENABLE_MLAPO with value True. Please use additional_config.enable_mlapo instead, because VLLM_ASCEND_ENABLE_MLAPO will be removed in the next release.
INFO 07-28 10:25:15 [ascend_config.py:490] finegrained_tp_config enabled: lmhead_tensor_parallel_size=2
INFO 07-28 10:25:15 [ascend_config.py:824] Dynamic EPLB is False
INFO 07-28 10:25:15 [ascend_config.py:825] The number of redundant experts is 0
INFO 07-28 10:25:15 [ascend_config.py:289] AscendConfig.enable_mlapo falls back to environment variable VLLM_ASCEND_ENABLE_MLAPO with value True. Please use additional_config.enable_mlapo instead, because VLLM_ASCEND_ENABLE_MLAPO will be removed in the next release.
INFO 07-28 10:25:15 [ascend_config.py:490] finegrained_tp_config enabled: lmhead_tensor_parallel_size=2
INFO 07-28 10:25:15 [ascend_config.py:824] Dynamic EPLB is False
INFO 07-28 10:25:15 [ascend_config.py:825] The number of redundant experts is 0
INFO 07-28 10:25:15 [ascend_config.py:289] AscendConfig.enable_mlapo falls back to environment variable VLLM_ASCEND_ENABLE_MLAPO with value True. Please use additional_config.enable_mlapo instead, because VLLM_ASCEND_ENABLE_MLAPO will be removed in the next release.
INFO 07-28 10:25:15 [ascend_config.py:490] finegrained_tp_config enabled: lmhead_tensor_parallel_size=2
INFO 07-28 10:25:15 [ascend_config.py:824] Dynamic EPLB is False
INFO 07-28 10:25:15 [ascend_config.py:825] The number of redundant experts is 0
INFO 07-28 10:25:15 [ascend_config.py:289] AscendConfig.enable_mlapo falls back to environment variable VLLM_ASCEND_ENABLE_MLAPO with value True. Please use additional_config.enable_mlapo instead, because VLLM_ASCEND_ENABLE_MLAPO will be removed in the next release.
INFO 07-28 10:25:17 [__init__.py:52] Available plugins for group vllm.platform_plugins:
INFO 07-28 10:25:17 [__init__.py:54] - ascend -> vllm_ascend:register
INFO 07-28 10:25:17 [__init__.py:57] All plugins in this group will be loaded. Set `VLLM_PLUGINS` to control which plugins to load.
INFO 07-28 10:25:17 [__init__.py:237] Platform plugin ascend is activated
INFO 07-28 10:25:18 [platform.py:61] Breakable cudagraph is force disabled on Ascend because DeepSeek V4 PIECEWISE cudagraph is not supported yet.
INFO 07-28 10:25:19 [__init__.py:52] Available plugins for group vllm.platform_plugins:
INFO 07-28 10:25:19 [__init__.py:54] - ascend -> vllm_ascend:register
INFO 07-28 10:25:19 [__init__.py:57] All plugins in this group will be loaded. Set `VLLM_PLUGINS` to control which plugins to load.
INFO 07-28 10:25:19 [__init__.py:237] Platform plugin ascend is activated
INFO 07-28 10:25:19 [platform.py:61] Breakable cudagraph is force disabled on Ascend because DeepSeek V4 PIECEWISE cudagraph is not supported yet.
INFO 07-28 10:25:19 [__init__.py:52] Available plugins for group vllm.platform_plugins:
INFO 07-28 10:25:19 [__init__.py:54] - ascend -> vllm_ascend:register
INFO 07-28 10:25:19 [__init__.py:57] All plugins in this group will be loaded. Set `VLLM_PLUGINS` to control which plugins to load.
INFO 07-28 10:25:19 [__init__.py:237] Platform plugin ascend is activated
INFO 07-28 10:25:19 [platform.py:61] Breakable cudagraph is force disabled on Ascend because DeepSeek V4 PIECEWISE cudagraph is not supported yet.
INFO 07-28 10:25:20 [__init__.py:52] Available plugins for group vllm.platform_plugins:
INFO 07-28 10:25:20 [__init__.py:54] - ascend -> vllm_ascend:register
INFO 07-28 10:25:20 [__init__.py:57] All plugins in this group will be loaded. Set `VLLM_PLUGINS` to control which plugins to load.
INFO 07-28 10:25:20 [__init__.py:237] Platform plugin ascend is activated
INFO 07-28 10:25:20 [platform.py:61] Breakable cudagraph is force disabled on Ascend because DeepSeek V4 PIECEWISE cudagraph is not supported yet.
INFO 07-28 10:25:20 [__init__.py:52] Available plugins for group vllm.platform_plugins:
INFO 07-28 10:25:20 [__init__.py:54] - ascend -> vllm_ascend:register
INFO 07-28 10:25:20 [__init__.py:57] All plugins in this group will be loaded. Set `VLLM_PLUGINS` to control which plugins to load.
INFO 07-28 10:25:20 [__init__.py:237] Platform plugin ascend is activated
INFO 07-28 10:25:20 [platform.py:61] Breakable cudagraph is force disabled on Ascend because DeepSeek V4 PIECEWISE cudagraph is not supported yet.
INFO 07-28 10:25:20 [__init__.py:52] Available plugins for group vllm.platform_plugins:
INFO 07-28 10:25:20 [__init__.py:54] - ascend -> vllm_ascend:register
INFO 07-28 10:25:20 [__init__.py:57] All plugins in this group will be loaded. Set `VLLM_PLUGINS` to control which plugins to load.
INFO 07-28 10:25:20 [__init__.py:237] Platform plugin ascend is activated
INFO 07-28 10:25:20 [platform.py:61] Breakable cudagraph is force disabled on Ascend because DeepSeek V4 PIECEWISE cudagraph is not supported yet.
INFO 07-28 10:25:21 [__init__.py:52] Available plugins for group vllm.platform_plugins:
INFO 07-28 10:25:21 [__init__.py:54] - ascend -> vllm_ascend:register
INFO 07-28 10:25:21 [__init__.py:57] All plugins in this group will be loaded. Set `VLLM_PLUGINS` to control which plugins to load.
INFO 07-28 10:25:21 [__init__.py:237] Platform plugin ascend is activated
INFO 07-28 10:25:21 [platform.py:61] Breakable cudagraph is force disabled on Ascend because DeepSeek V4 PIECEWISE cudagraph is not supported yet.
INFO 07-28 10:25:21 [__init__.py:52] Available plugins for group vllm.platform_plugins:
INFO 07-28 10:25:21 [__init__.py:54] - ascend -> vllm_ascend:register
INFO 07-28 10:25:21 [__init__.py:57] All plugins in this group will be loaded. Set `VLLM_PLUGINS` to control which plugins to load.
INFO 07-28 10:25:21 [__init__.py:237] Platform plugin ascend is activated
INFO 07-28 10:25:21 [platform.py:61] Breakable cudagraph is force disabled on Ascend because DeepSeek V4 PIECEWISE cudagraph is not supported yet.
2026-07-28 10:25:23,788 - 414629 - ServiceProfiler - INFO - VLLM_USE_V1 not set, auto-detected via vLLM 0.1.dev18654+g54503ecec.empty: default 0
INFO 07-28 10:25:23 [__init__.py:112] Registered model loader `<class 'vllm_ascend.model_loader.netloader.netloader.ModelNetLoaderElastic'>` with load format `netloader`
INFO 07-28 10:25:23 [__init__.py:112] Registered model loader `<class 'vllm_ascend.model_loader.rfork.rfork_loader.RForkModelLoader'>` with load format `rfork`
2026-07-28 10:25:25,109 - 414666 - ServiceProfiler - INFO - VLLM_USE_V1 not set, auto-detected via vLLM 0.1.dev18654+g54503ecec.empty: default 0
INFO 07-28 10:25:25 [__init__.py:112] Registered model loader `<class 'vllm_ascend.model_loader.netloader.netloader.ModelNetLoaderElastic'>` with load format `netloader`
INFO 07-28 10:25:25 [__init__.py:112] Registered model loader `<class 'vllm_ascend.model_loader.rfork.rfork_loader.RForkModelLoader'>` with load format `rfork`
2026-07-28 10:25:25,222 - 414679 - ServiceProfiler - INFO - VLLM_USE_V1 not set, auto-detected via vLLM 0.1.dev18654+g54503ecec.empty: default 0
INFO 07-28 10:25:25 [__init__.py:112] Registered model loader `<class 'vllm_ascend.model_loader.netloader.netloader.ModelNetLoaderElastic'>` with load format `netloader`
INFO 07-28 10:25:25 [__init__.py:112] Registered model loader `<class 'vllm_ascend.model_loader.rfork.rfork_loader.RForkModelLoader'>` with load format `rfork`
INFO 07-28 10:25:25 [ascend_config.py:490] finegrained_tp_config enabled: lmhead_tensor_parallel_size=2
INFO 07-28 10:25:25 [ascend_config.py:824] Dynamic EPLB is False
INFO 07-28 10:25:25 [ascend_config.py:825] The number of redundant experts is 0
INFO 07-28 10:25:25 [ascend_config.py:289] AscendConfig.enable_mlapo falls back to environment variable VLLM_ASCEND_ENABLE_MLAPO with value True. Please use additional_config.enable_mlapo instead, because VLLM_ASCEND_ENABLE_MLAPO will be removed in the next release.
2026-07-28 10:25:25,697 - 414680 - ServiceProfiler - INFO - VLLM_USE_V1 not set, auto-detected via vLLM 0.1.dev18654+g54503ecec.empty: default 0
INFO 07-28 10:25:25 [__init__.py:112] Registered model loader `<class 'vllm_ascend.model_loader.netloader.netloader.ModelNetLoaderElastic'>` with load format `netloader`
INFO 07-28 10:25:25 [__init__.py:112] Registered model loader `<class 'vllm_ascend.model_loader.rfork.rfork_loader.RForkModelLoader'>` with load format `rfork`
2026-07-28 10:25:26,001 - 414704 - ServiceProfiler - INFO - VLLM_USE_V1 not set, auto-detected via vLLM 0.1.dev18654+g54503ecec.empty: default 0
INFO 07-28 10:25:26 [__init__.py:112] Registered model loader `<class 'vllm_ascend.model_loader.netloader.netloader.ModelNetLoaderElastic'>` with load format `netloader`
INFO 07-28 10:25:26 [__init__.py:112] Registered model loader `<class 'vllm_ascend.model_loader.rfork.rfork_loader.RForkModelLoader'>` with load format `rfork`
2026-07-28 10:25:26,325 - 414705 - ServiceProfiler - INFO - VLLM_USE_V1 not set, auto-detected via vLLM 0.1.dev18654+g54503ecec.empty: default 0
INFO 07-28 10:25:26 [__init__.py:112] Registered model loader `<class 'vllm_ascend.model_loader.netloader.netloader.ModelNetLoaderElastic'>` with load format `netloader`
INFO 07-28 10:25:26 [__init__.py:112] Registered model loader `<class 'vllm_ascend.model_loader.rfork.rfork_loader.RForkModelLoader'>` with load format `rfork`
INFO 07-28 10:25:26 [ascend_config.py:490] finegrained_tp_config enabled: lmhead_tensor_parallel_size=2
INFO 07-28 10:25:26 [ascend_config.py:824] Dynamic EPLB is False
INFO 07-28 10:25:26 [ascend_config.py:825] The number of redundant experts is 0
INFO 07-28 10:25:26 [ascend_config.py:289] AscendConfig.enable_mlapo falls back to environment variable VLLM_ASCEND_ENABLE_MLAPO with value True. Please use additional_config.enable_mlapo instead, because VLLM_ASCEND_ENABLE_MLAPO will be removed in the next release.
2026-07-28 10:25:26,669 - 414739 - ServiceProfiler - INFO - VLLM_USE_V1 not set, auto-detected via vLLM 0.1.dev18654+g54503ecec.empty: default 0
INFO 07-28 10:25:26 [ascend_config.py:490] finegrained_tp_config enabled: lmhead_tensor_parallel_size=2
INFO 07-28 10:25:26 [ascend_config.py:824] Dynamic EPLB is False
INFO 07-28 10:25:26 [ascend_config.py:825] The number of redundant experts is 0
INFO 07-28 10:25:26 [ascend_config.py:289] AscendConfig.enable_mlapo falls back to environment variable VLLM_ASCEND_ENABLE_MLAPO with value True. Please use additional_config.enable_mlapo instead, because VLLM_ASCEND_ENABLE_MLAPO will be removed in the next release.
INFO 07-28 10:25:26 [__init__.py:112] Registered model loader `<class 'vllm_ascend.model_loader.netloader.netloader.ModelNetLoaderElastic'>` with load format `netloader`
INFO 07-28 10:25:26 [__init__.py:112] Registered model loader `<class 'vllm_ascend.model_loader.rfork.rfork_loader.RForkModelLoader'>` with load format `rfork`
2026-07-28 10:25:26,906 - 414707 - ServiceProfiler - INFO - VLLM_USE_V1 not set, auto-detected via vLLM 0.1.dev18654+g54503ecec.empty: default 0
INFO 07-28 10:25:26 [__init__.py:112] Registered model loader `<class 'vllm_ascend.model_loader.netloader.netloader.ModelNetLoaderElastic'>` with load format `netloader`
INFO 07-28 10:25:26 [__init__.py:112] Registered model loader `<class 'vllm_ascend.model_loader.rfork.rfork_loader.RForkModelLoader'>` with load format `rfork`
INFO 07-28 10:25:27 [ascend_config.py:490] finegrained_tp_config enabled: lmhead_tensor_parallel_size=2
INFO 07-28 10:25:27 [ascend_config.py:824] Dynamic EPLB is False
INFO 07-28 10:25:27 [ascend_config.py:825] The number of redundant experts is 0
INFO 07-28 10:25:27 [ascend_config.py:289] AscendConfig.enable_mlapo falls back to environment variable VLLM_ASCEND_ENABLE_MLAPO with value True. Please use additional_config.enable_mlapo instead, because VLLM_ASCEND_ENABLE_MLAPO will be removed in the next release.
INFO 07-28 10:25:27 [ascend_config.py:490] finegrained_tp_config enabled: lmhead_tensor_parallel_size=2
INFO 07-28 10:25:27 [ascend_config.py:824] Dynamic EPLB is False
INFO 07-28 10:25:27 [ascend_config.py:825] The number of redundant experts is 0
INFO 07-28 10:25:27 [ascend_config.py:289] AscendConfig.enable_mlapo falls back to environment variable VLLM_ASCEND_ENABLE_MLAPO with value True. Please use additional_config.enable_mlapo instead, because VLLM_ASCEND_ENABLE_MLAPO will be removed in the next release.
INFO 07-28 10:25:27 [ascend_config.py:490] finegrained_tp_config enabled: lmhead_tensor_parallel_size=2
INFO 07-28 10:25:27 [ascend_config.py:824] Dynamic EPLB is False
INFO 07-28 10:25:27 [ascend_config.py:825] The number of redundant experts is 0
INFO 07-28 10:25:27 [ascend_config.py:289] AscendConfig.enable_mlapo falls back to environment variable VLLM_ASCEND_ENABLE_MLAPO with value True. Please use additional_config.enable_mlapo instead, because VLLM_ASCEND_ENABLE_MLAPO will be removed in the next release.
INFO 07-28 10:25:28 [ascend_config.py:490] finegrained_tp_config enabled: lmhead_tensor_parallel_size=2
INFO 07-28 10:25:28 [ascend_config.py:824] Dynamic EPLB is False
INFO 07-28 10:25:28 [ascend_config.py:825] The number of redundant experts is 0
INFO 07-28 10:25:28 [ascend_config.py:289] AscendConfig.enable_mlapo falls back to environment variable VLLM_ASCEND_ENABLE_MLAPO with value True. Please use additional_config.enable_mlapo instead, because VLLM_ASCEND_ENABLE_MLAPO will be removed in the next release.
INFO 07-28 10:25:28 [ascend_config.py:490] finegrained_tp_config enabled: lmhead_tensor_parallel_size=2
INFO 07-28 10:25:28 [ascend_config.py:824] Dynamic EPLB is False
INFO 07-28 10:25:28 [ascend_config.py:825] The number of redundant experts is 0
INFO 07-28 10:25:28 [ascend_config.py:289] AscendConfig.enable_mlapo falls back to environment variable VLLM_ASCEND_ENABLE_MLAPO with value True. Please use additional_config.enable_mlapo instead, because VLLM_ASCEND_ENABLE_MLAPO will be removed in the next release.
(Worker pid=414290) INFO 07-28 10:25:29 [parallel_state.py:1607] world_size=16 rank=14 local_rank=0 distributed_init_method=tcp://127.0.0.1:40288 backend=hccl
(Worker pid=414288) INFO 07-28 10:25:29 [parallel_state.py:1607] world_size=16 rank=8 local_rank=0 distributed_init_method=tcp://127.0.0.1:40288 backend=hccl
(Worker pid=414629) INFO 07-28 10:25:29 [parallel_state.py:1607] world_size=16 rank=9 local_rank=1 distributed_init_method=tcp://127.0.0.1:40288 backend=hccl
(Worker pid=414293) INFO 07-28 10:25:30 [parallel_state.py:1607] world_size=16 rank=6 local_rank=0 distributed_init_method=tcp://127.0.0.1:40288 backend=hccl
(Worker pid=414679) INFO 07-28 10:25:30 [parallel_state.py:1607] world_size=16 rank=1 local_rank=1 distributed_init_method=tcp://127.0.0.1:40288 backend=hccl
(Worker pid=414295) INFO 07-28 10:25:30 [parallel_state.py:1607] world_size=16 rank=0 local_rank=0 distributed_init_method=tcp://127.0.0.1:40288 backend=hccl
(Worker pid=414680) INFO 07-28 10:25:30 [parallel_state.py:1607] world_size=16 rank=7 local_rank=1 distributed_init_method=tcp://127.0.0.1:40288 backend=hccl
(Worker pid=414666) INFO 07-28 10:25:30 [parallel_state.py:1607] world_size=16 rank=15 local_rank=1 distributed_init_method=tcp://127.0.0.1:40288 backend=hccl
(Worker pid=414289) INFO 07-28 10:25:30 [parallel_state.py:1607] world_size=16 rank=4 local_rank=0 distributed_init_method=tcp://127.0.0.1:40288 backend=hccl
(Worker pid=414704) INFO 07-28 10:25:30 [parallel_state.py:1607] world_size=16 rank=3 local_rank=1 distributed_init_method=tcp://127.0.0.1:40288 backend=hccl
(Worker pid=414294) INFO 07-28 10:25:30 [parallel_state.py:1607] world_size=16 rank=2 local_rank=0 distributed_init_method=tcp://127.0.0.1:40288 backend=hccl
(Worker pid=414292) INFO 07-28 10:25:31 [parallel_state.py:1607] world_size=16 rank=10 local_rank=0 distributed_init_method=tcp://127.0.0.1:40288 backend=hccl
(Worker pid=414705) INFO 07-28 10:25:31 [parallel_state.py:1607] world_size=16 rank=5 local_rank=1 distributed_init_method=tcp://127.0.0.1:40288 backend=hccl
(Worker pid=414707) INFO 07-28 10:25:31 [parallel_state.py:1607] world_size=16 rank=13 local_rank=1 distributed_init_method=tcp://127.0.0.1:40288 backend=hccl
(Worker pid=414291) INFO 07-28 10:25:31 [parallel_state.py:1607] world_size=16 rank=12 local_rank=0 distributed_init_method=tcp://127.0.0.1:40288 backend=hccl
(Worker pid=414739) INFO 07-28 10:25:31 [parallel_state.py:1607] world_size=16 rank=11 local_rank=1 distributed_init_method=tcp://127.0.0.1:40288 backend=hccl
[Gloo] Rank 0 is connected to 15 peer ranks. Expected number of connected peer ranks is : 15
[Gloo] Rank 3 is connected to 15 peer ranks. Expected number of connected peer ranks is : 15
[Gloo] Rank 6 is connected to 15 peer ranks. Expected number of connected peer ranks is : 15
[Gloo] Rank 4 is connected to 15 peer ranks. Expected number of connected peer ranks is : 15
[Gloo] Rank 2 is connected to 15 peer ranks. Expected number of connected peer ranks is : 15
[Gloo] Rank 5 is connected to 15 peer ranks. Expected number of connected peer ranks is : 15
[Gloo] Rank 9 is connected to 15 peer ranks. Expected number of connected peer ranks is : 15
[Gloo] Rank 10 is connected to 15 peer ranks. Expected number of connected peer ranks is : 15
[Gloo] Rank 8 is connected to 15 peer ranks. Expected number of connected peer ranks is : 15
[Gloo] Rank 1 is connected to 15 peer ranks. Expected number of connected peer ranks is : 15
[Gloo] Rank 11 is connected to 15 peer ranks. Expected number of connected peer ranks is : 15
[Gloo] Rank 12 is connected to 15 peer ranks. Expected number of connected peer ranks is : 15
[Gloo] Rank 13 is connected to 15 peer ranks. Expected number of connected peer ranks is : 15
[Gloo] Rank 15 is connected to 15 peer ranks. Expected number of connected peer ranks is : 15
[Gloo] Rank 7 is connected to 15 peer ranks. Expected number of connected peer ranks is : 15
[Gloo] Rank 14 is connected to 15 peer ranks. Expected number of connected peer ranks is : 15
[Gloo] Rank 1 is connected to 1 peer ranks. Expected number of connected peer ranks is : 1
[Gloo] Rank 0 is connected to 1 peer ranks. Expected number of connected peer ranks is : 1
[Gloo] Rank 0 is connected to 0 peer ranks. Expected number of connected peer ranks is : 0
[Gloo] Rank 0 is connected to 0 peer ranks. Expected number of connected peer ranks is : 0
[Gloo] Rank 0 is connected to 0 peer ranks. Expected number of connected peer ranks is : 0
[Gloo] Rank 0 is connected to 0 peer ranks. Expected number of connected peer ranks is : 0
[Gloo] Rank 0 is connected to 0 peer ranks. Expected number of connected peer ranks is : 0
[Gloo] Rank 0 is connected to 0 peer ranks. Expected number of connected peer ranks is : 0
[Gloo] Rank 0 is connected to 1 peer ranks. Expected number of connected peer ranks is : 1
[Gloo] Rank 0 is connected to 1 peer ranks. Expected number of connected peer ranks is : 1
[Gloo] Rank 1 is connected to 1 peer ranks. Expected number of connected peer ranks is : 1
[Gloo] Rank 1 is connected to 1 peer ranks. Expected number of connected peer ranks is : 1
[Gloo] Rank 1 is connected to 1 peer ranks. Expected number of connected peer ranks is : 1
[Gloo] Rank 0 is connected to 1 peer ranks. Expected number of connected peer ranks is : 1
[Gloo] Rank 1 is connected to 1 peer ranks. Expected number of connected peer ranks is : 1
[Gloo] Rank 1 is connected to 1 peer ranks. Expected number of connected peer ranks is : 1
[Gloo] Rank 0 is connected to 1 peer ranks. Expected number of connected peer ranks is : 1
[Gloo] Rank 0 is connected to 1 peer ranks. Expected number of connected peer ranks is : 1
[Gloo] Rank 0 is connected to 1 peer ranks. Expected number of connected peer ranks is : 1
[Gloo] Rank 1 is connected to 1 peer ranks. Expected number of connected peer ranks is : 1
[Gloo] Rank 1 is connected to 1 peer ranks. Expected number of connected peer ranks is : 1
[Gloo] Rank 0 is connected to 1 peer ranks. Expected number of connected peer ranks is : 1
[Gloo] Rank 0 is connected to 0 peer ranks. Expected number of connected peer ranks is : 0
[Gloo] Rank 0 is connected to 0 peer ranks. Expected number of connected peer ranks is : 0
[Gloo] Rank 0 is connected to 0 peer ranks. Expected number of connected peer ranks is : 0
[Gloo] Rank 0 is connected to 0 peer ranks. Expected number of connected peer ranks is : 0
[Gloo] Rank 0 is connected to 0 peer ranks. Expected number of connected peer ranks is : 0
[Gloo] Rank 0 is connected to 0 peer ranks. Expected number of connected peer ranks is : 0
[Gloo] Rank 0 is connected to 0 peer ranks. Expected number of connected peer ranks is : 0
[Gloo] Rank 0 is connected to 0 peer ranks. Expected number of connected peer ranks is : 0
[Gloo] Rank 0 is connected to 0 peer ranks. Expected number of connected peer ranks is : 0
[Gloo] Rank 0 is connected to 0 peer ranks. Expected number of connected peer ranks is : 0
[Gloo] Rank 0 is connected to 0 peer ranks. Expected number of connected peer ranks is : 0
[Gloo] Rank 0 is connected to 0 peer ranks. Expected number of connected peer ranks is : 0
[Gloo] Rank 0 is connected to 0 peer ranks. Expected number of connected peer ranks is : 0
[Gloo] Rank 0 is connected to 0 peer ranks. Expected number of connected peer ranks is : 0
[Gloo] Rank 0 is connected to 0 peer ranks. Expected number of connected peer ranks is : 0
[Gloo] Rank 0 is connected to 0 peer ranks. Expected number of connected peer ranks is : 0
[Gloo] Rank 0 is connected to 0 peer ranks. Expected number of connected peer ranks is : 0
[Gloo] Rank 0 is connected to 0 peer ranks. Expected number of connected peer ranks is : 0
[Gloo] Rank 0 is connected to 0 peer ranks. Expected number of connected peer ranks is : 0
[Gloo] Rank 0 is connected to 0 peer ranks. Expected number of connected peer ranks is : 0
[Gloo] Rank 0 is connected to 0 peer ranks. Expected number of connected peer ranks is : 0
[Gloo] Rank 0 is connected to 0 peer ranks. Expected number of connected peer ranks is : 0
[Gloo] Rank 0 is connected to 0 peer ranks. Expected number of connected peer ranks is : 0
[Gloo] Rank 0 is connected to 0 peer ranks. Expected number of connected peer ranks is : 0
[Gloo] Rank 0 is connected to 0 peer ranks. Expected number of connected peer ranks is : 0
[Gloo] Rank 0 is connected to 0 peer ranks. Expected number of connected peer ranks is : 0
[Gloo] Rank 0 is connected to 0 peer ranks. Expected number of connected peer ranks is : 0
[Gloo] Rank 0 is connected to 0 peer ranks. Expected number of connected peer ranks is : 0
[Gloo] Rank 0 is connected to 0 peer ranks. Expected number of connected peer ranks is : 0
[Gloo] Rank 0 is connected to 0 peer ranks. Expected number of connected peer ranks is : 0
[Gloo] Rank 0 is connected to 0 peer ranks. Expected number of connected peer ranks is : 0
[Gloo] Rank 0 is connected to 0 peer ranks. Expected number of connected peer ranks is : 0
[Gloo] Rank 0 is connected to 0 peer ranks. Expected number of connected peer ranks is : 0
[Gloo] Rank 0 is connected to 0 peer ranks. Expected number of connected peer ranks is : 0
[Gloo] Rank 0 is connected to 0 peer ranks. Expected number of connected peer ranks is : 0
[Gloo] Rank 0 is connected to 0 peer ranks. Expected number of connected peer ranks is : 0
[Gloo] Rank 0 is connected to 0 peer ranks. Expected number of connected peer ranks is : 0
[Gloo] Rank 0 is connected to 0 peer ranks. Expected number of connected peer ranks is : 0
[Gloo] Rank 0 is connected to 0 peer ranks. Expected number of connected peer ranks is : 0
[Gloo] Rank 0 is connected to 0 peer ranks. Expected number of connected peer ranks is : 0
[Gloo] Rank 0 is connected to 0 peer ranks. Expected number of connected peer ranks is : 0
[Gloo] Rank 0 is connected to 0 peer ranks. Expected number of connected peer ranks is : 0
[Gloo] Rank 0 is connected to 7 peer ranks. Expected number of connected peer ranks is : 7
[Gloo] Rank 1 is connected to 7 peer ranks. Expected number of connected peer ranks is : 7
[Gloo] Rank 0 is connected to 7 peer ranks. Expected number of connected peer ranks is : 7
[Gloo] Rank 2 is connected to 7 peer ranks. Expected number of connected peer ranks is : 7
[Gloo] Rank 3 is connected to 7 peer ranks. Expected number of connected peer ranks is : 7
[Gloo] Rank 4 is connected to 7 peer ranks. Expected number of connected peer ranks is : 7
[Gloo] Rank 1 is connected to 7 peer ranks. Expected number of connected peer ranks is : 7
[Gloo] Rank 6 is connected to 7 peer ranks. Expected number of connected peer ranks is : 7
[Gloo] Rank 6 is connected to 7 peer ranks. Expected number of connected peer ranks is : 7
[Gloo] Rank 7 is connected to 7 peer ranks. Expected number of connected peer ranks is : 7
[Gloo] Rank 2 is connected to 7 peer ranks. Expected number of connected peer ranks is : 7
[Gloo] Rank 4 is connected to 7 peer ranks. Expected number of connected peer ranks is : 7
[Gloo] Rank 5 is connected to 7 peer ranks. Expected number of connected peer ranks is : 7
[Gloo] Rank 3 is connected to 7 peer ranks. Expected number of connected peer ranks is : 7
[Gloo] Rank 5 is connected to 7 peer ranks. Expected number of connected peer ranks is : 7
[Gloo] Rank 7 is connected to 7 peer ranks. Expected number of connected peer ranks is : 7
[Gloo] Rank 6 is connected to 15 peer ranks. Expected number of connected peer ranks is : 15
[Gloo] Rank 0 is connected to 15 peer ranks. Expected number of connected peer ranks is : 15
[Gloo] Rank 1 is connected to 15 peer ranks. Expected number of connected peer ranks is : 15
[Gloo] Rank 2 is connected to 15 peer ranks. Expected number of connected peer ranks is : 15
[Gloo] Rank 3 is connected to 15 peer ranks. Expected number of connected peer ranks is : 15
[Gloo] Rank 4 is connected to 15 peer ranks. Expected number of connected peer ranks is : 15
[Gloo] Rank 5 is connected to 15 peer ranks. Expected number of connected peer ranks is : 15
[Gloo] Rank 7 is connected to 15 peer ranks. Expected number of connected peer ranks is : 15
[Gloo] Rank 8 is connected to 15 peer ranks. Expected number of connected peer ranks is : 15
[Gloo] Rank 9 is connected to 15 peer ranks. Expected number of connected peer ranks is : 15
[Gloo] Rank 10 is connected to 15 peer ranks. Expected number of connected peer ranks is : 15
[Gloo] Rank 11 is connected to 15 peer ranks. Expected number of connected peer ranks is : 15
(Worker pid=414293) INFO 07-28 10:25:32 [parallel_state.py:1942] rank 6 in world size 16 is assigned as DP rank 3, PP rank 0, PCP rank 0, TP rank 0, EP rank 6, EPLB rank N/A
(Worker pid=414289) INFO 07-28 10:25:32 [parallel_state.py:1942] rank 4 in world size 16 is assigned as DP rank 2, PP rank 0, PCP rank 0, TP rank 0, EP rank 4, EPLB rank N/A
[Gloo] Rank 14 is connected to 15 peer ranks. Expected number of connected peer ranks is : 15
(Worker pid=414295) INFO 07-28 10:25:32 [parallel_state.py:1942] rank 0 in world size 16 is assigned as DP rank 0, PP rank 0, PCP rank 0, TP rank 0, EP rank 0, EPLB rank N/A
[Gloo] Rank 12 is connected to 15 peer ranks. Expected number of connected peer ranks is : 15
[Gloo] Rank 13 is connected to 15 peer ranks. Expected number of connected peer ranks is : 15
(Worker pid=414294) INFO 07-28 10:25:32 [parallel_state.py:1942] rank 2 in world size 16 is assigned as DP rank 1, PP rank 0, PCP rank 0, TP rank 0, EP rank 2, EPLB rank N/A
[Gloo] Rank 15 is connected to 15 peer ranks. Expected number of connected peer ranks is : 15
(Worker pid=414288) INFO 07-28 10:25:32 [parallel_state.py:1942] rank 8 in world size 16 is assigned as DP rank 4, PP rank 0, PCP rank 0, TP rank 0, EP rank 8, EPLB rank N/A
(Worker pid=414292) INFO 07-28 10:25:32 [parallel_state.py:1942] rank 10 in world size 16 is assigned as DP rank 5, PP rank 0, PCP rank 0, TP rank 0, EP rank 10, EPLB rank N/A
(Worker pid=414291) INFO 07-28 10:25:32 [parallel_state.py:1942] rank 12 in world size 16 is assigned as DP rank 6, PP rank 0, PCP rank 0, TP rank 0, EP rank 12, EPLB rank N/A
(Worker pid=414290) INFO 07-28 10:25:32 [parallel_state.py:1942] rank 14 in world size 16 is assigned as DP rank 7, PP rank 0, PCP rank 0, TP rank 0, EP rank 14, EPLB rank N/A
[Gloo] Rank 0 is connected to 15 peer ranks. Expected number of connected peer ranks is : 15
[Gloo] Rank 1 is connected to 15 peer ranks. Expected number of connected peer ranks is : 15
[Gloo] Rank 3 is connected to 15 peer ranks. Expected number of connected peer ranks is : 15
[Gloo] Rank 6 is connected to 15 peer ranks. Expected number of connected peer ranks is : 15
[Gloo] Rank 15 is connected to 15 peer ranks. Expected number of connected peer ranks is : 15
[Gloo] Rank 9 is connected to 15 peer ranks. Expected number of connected peer ranks is : 15
[Gloo] Rank 0 is connected to 1 peer ranks. Expected number of connected peer ranks is : 1
[Gloo] Rank 1 is connected to 1 peer ranks. Expected number of connected peer ranks is : 1
[Gloo] Rank 7 is connected to 15 peer ranks. Expected number of connected peer ranks is : 15
[Gloo] Rank 2 is connected to 15 peer ranks. Expected number of connected peer ranks is : 15
[Gloo] Rank 4 is connected to 15 peer ranks. Expected number of connected peer ranks is : 15
[Gloo] Rank 10 is connected to 15 peer ranks. Expected number of connected peer ranks is : 15
[Gloo] Rank 5 is connected to 15 peer ranks. Expected number of connected peer ranks is : 15
[Gloo] Rank 8 is connected to 15 peer ranks. Expected number of connected peer ranks is : 15
[Gloo] Rank 12 is connected to 15 peer ranks. Expected number of connected peer ranks is : 15
[Gloo] Rank 11 is connected to 15 peer ranks. Expected number of connected peer ranks is : 15
[Gloo] Rank 13 is connected to 15 peer ranks. Expected number of connected peer ranks is : 15
[Gloo] Rank 14 is connected to 15 peer ranks. Expected number of connected peer ranks is : 15
[Gloo] Rank 0 is connected to 1 peer ranks. Expected number of connected peer ranks is : 1
[Gloo] Rank 1 is connected to 1 peer ranks. Expected number of connected peer ranks is : 1
[Gloo] Rank 1 is connected to 1 peer ranks. Expected number of connected peer ranks is : 1
[Gloo] Rank 0 is connected to 1 peer ranks. Expected number of connected peer ranks is : 1
[Gloo] Rank 0 is connected to 1 peer ranks. Expected number of connected peer ranks is : 1
[Gloo] Rank 1 is connected to 1 peer ranks. Expected number of connected peer ranks is : 1
[Gloo] Rank 1 is connected to 1 peer ranks. Expected number of connected peer ranks is : 1
[Gloo] Rank 0 is connected to 1 peer ranks. Expected number of connected peer ranks is : 1
[Gloo] Rank 1 is connected to 1 peer ranks. Expected number of connected peer ranks is : 1
[Gloo] Rank 0 is connected to 1 peer ranks. Expected number of connected peer ranks is : 1
[Gloo] Rank 0 is connected to 1 peer ranks. Expected number of connected peer ranks is : 1
[Gloo] Rank 1 is connected to 1 peer ranks. Expected number of connected peer ranks is : 1
[Gloo] Rank 1 is connected to 1 peer ranks. Expected number of connected peer ranks is : 1
[Gloo] Rank 0 is connected to 1 peer ranks. Expected number of connected peer ranks is : 1
(Worker pid=414704) WARNING 07-28 10:25:32 [__init__.py:204] min_p and logit_bias parameters won't work with speculative decoding.
(Worker pid=414679) WARNING 07-28 10:25:32 [__init__.py:204] min_p and logit_bias parameters won't work with speculative decoding.
(Worker pid=414680) WARNING 07-28 10:25:32 [__init__.py:204] min_p and logit_bias parameters won't work with speculative decoding.
(Worker pid=414629) WARNING 07-28 10:25:32 [__init__.py:204] min_p and logit_bias parameters won't work with speculative decoding.
(Worker pid=414705) WARNING 07-28 10:25:32 [__init__.py:204] min_p and logit_bias parameters won't work with speculative decoding.
(Worker pid=414295) WARNING 07-28 10:25:32 [__init__.py:204] min_p and logit_bias parameters won't work with speculative decoding.
(Worker pid=414290) WARNING 07-28 10:25:32 [__init__.py:204] min_p and logit_bias parameters won't work with speculative decoding.
(Worker pid=414707) WARNING 07-28 10:25:32 [__init__.py:204] min_p and logit_bias parameters won't work with speculative decoding.
(Worker pid=414288) WARNING 07-28 10:25:32 [__init__.py:204] min_p and logit_bias parameters won't work with speculative decoding.
(Worker pid=414293) WARNING 07-28 10:25:32 [__init__.py:204] min_p and logit_bias parameters won't work with speculative decoding.
(Worker pid=414289) WARNING 07-28 10:25:32 [__init__.py:204] min_p and logit_bias parameters won't work with speculative decoding.
(Worker pid=414292) WARNING 07-28 10:25:32 [__init__.py:204] min_p and logit_bias parameters won't work with speculative decoding.
(Worker pid=414291) WARNING 07-28 10:25:32 [__init__.py:204] min_p and logit_bias parameters won't work with speculative decoding.
(Worker pid=414666) WARNING 07-28 10:25:32 [__init__.py:204] min_p and logit_bias parameters won't work with speculative decoding.
(Worker pid=414294) WARNING 07-28 10:25:32 [__init__.py:204] min_p and logit_bias parameters won't work with speculative decoding.
(Worker pid=414739) WARNING 07-28 10:25:32 [__init__.py:204] min_p and logit_bias parameters won't work with speculative decoding.
(Worker pid=414679) WARNING 07-28 10:25:32 [__init__.py:204] min_p and logit_bias parameters won't work with speculative decoding.
(Worker_DP0_TP1_EP1 pid=414679) INFO 07-28 10:25:32 [model_runner_v1.py:3820] Starting to load model /mnt/weights/DeepSeek-V3.1-Terminus-w8a8-QuaRot-lfs...
(Worker pid=414704) WARNING 07-28 10:25:32 [__init__.py:204] min_p and logit_bias parameters won't work with speculative decoding.
(Worker_DP1_TP1_EP3 pid=414704) INFO 07-28 10:25:32 [model_runner_v1.py:3820] Starting to load model /mnt/weights/DeepSeek-V3.1-Terminus-w8a8-QuaRot-lfs...
(Worker pid=414629) WARNING 07-28 10:25:32 [__init__.py:204] min_p and logit_bias parameters won't work with speculative decoding.
(Worker pid=414292) WARNING 07-28 10:25:32 [__init__.py:204] min_p and logit_bias parameters won't work with speculative decoding.
(Worker pid=414293) WARNING 07-28 10:25:32 [__init__.py:204] min_p and logit_bias parameters won't work with speculative decoding.
(Worker pid=414680) WARNING 07-28 10:25:32 [__init__.py:204] min_p and logit_bias parameters won't work with speculative decoding.
(Worker_DP4_TP1_EP9 pid=414629) INFO 07-28 10:25:32 [model_runner_v1.py:3820] Starting to load model /mnt/weights/DeepSeek-V3.1-Terminus-w8a8-QuaRot-lfs...
(Worker pid=414705) WARNING 07-28 10:25:32 [__init__.py:204] min_p and logit_bias parameters won't work with speculative decoding.
(Worker_DP5_TP0_EP10 pid=414292) INFO 07-28 10:25:32 [model_runner_v1.py:3820] Starting to load model /mnt/weights/DeepSeek-V3.1-Terminus-w8a8-QuaRot-lfs...
(Worker_DP3_TP1_EP7 pid=414680) INFO 07-28 10:25:32 [model_runner_v1.py:3820] Starting to load model /mnt/weights/DeepSeek-V3.1-Terminus-w8a8-QuaRot-lfs...
(Worker_DP3_TP0_EP6 pid=414293) INFO 07-28 10:25:32 [model_runner_v1.py:3820] Starting to load model /mnt/weights/DeepSeek-V3.1-Terminus-w8a8-QuaRot-lfs...
(Worker_DP2_TP1_EP5 pid=414705) INFO 07-28 10:25:32 [model_runner_v1.py:3820] Starting to load model /mnt/weights/DeepSeek-V3.1-Terminus-w8a8-QuaRot-lfs...
(Worker pid=414291) WARNING 07-28 10:25:32 [__init__.py:204] min_p and logit_bias parameters won't work with speculative decoding.
(Worker pid=414288) WARNING 07-28 10:25:32 [__init__.py:204] min_p and logit_bias parameters won't work with speculative decoding.
(Worker_DP6_TP0_EP12 pid=414291) INFO 07-28 10:25:32 [model_runner_v1.py:3820] Starting to load model /mnt/weights/DeepSeek-V3.1-Terminus-w8a8-QuaRot-lfs...
(Worker pid=414290) WARNING 07-28 10:25:32 [__init__.py:204] min_p and logit_bias parameters won't work with speculative decoding.
(Worker pid=414295) WARNING 07-28 10:25:32 [__init__.py:204] min_p and logit_bias parameters won't work with speculative decoding.
(Worker_DP4_TP0_EP8 pid=414288) INFO 07-28 10:25:32 [model_runner_v1.py:3820] Starting to load model /mnt/weights/DeepSeek-V3.1-Terminus-w8a8-QuaRot-lfs...
(Worker pid=414739) WARNING 07-28 10:25:32 [__init__.py:204] min_p and logit_bias parameters won't work with speculative decoding.
(Worker_DP7_TP0_EP14 pid=414290) INFO 07-28 10:25:32 [model_runner_v1.py:3820] Starting to load model /mnt/weights/DeepSeek-V3.1-Terminus-w8a8-QuaRot-lfs...
(Worker pid=414707) WARNING 07-28 10:25:32 [__init__.py:204] min_p and logit_bias parameters won't work with speculative decoding.
(Worker_DP0_TP0_EP0 pid=414295) INFO 07-28 10:25:32 [model_runner_v1.py:3820] Starting to load model /mnt/weights/DeepSeek-V3.1-Terminus-w8a8-QuaRot-lfs...
(Worker_DP5_TP1_EP11 pid=414739) INFO 07-28 10:25:32 [model_runner_v1.py:3820] Starting to load model /mnt/weights/DeepSeek-V3.1-Terminus-w8a8-QuaRot-lfs...
(Worker pid=414289) WARNING 07-28 10:25:32 [__init__.py:204] min_p and logit_bias parameters won't work with speculative decoding.
(Worker_DP6_TP1_EP13 pid=414707) INFO 07-28 10:25:32 [model_runner_v1.py:3820] Starting to load model /mnt/weights/DeepSeek-V3.1-Terminus-w8a8-QuaRot-lfs...
(Worker pid=414666) WARNING 07-28 10:25:32 [__init__.py:204] min_p and logit_bias parameters won't work with speculative decoding.
(Worker_DP2_TP0_EP4 pid=414289) INFO 07-28 10:25:32 [model_runner_v1.py:3820] Starting to load model /mnt/weights/DeepSeek-V3.1-Terminus-w8a8-QuaRot-lfs...
(Worker_DP7_TP1_EP15 pid=414666) INFO 07-28 10:25:32 [model_runner_v1.py:3820] Starting to load model /mnt/weights/DeepSeek-V3.1-Terminus-w8a8-QuaRot-lfs...
(Worker pid=414294) WARNING 07-28 10:25:32 [__init__.py:204] min_p and logit_bias parameters won't work with speculative decoding.
(Worker_DP1_TP0_EP2 pid=414294) INFO 07-28 10:25:32 [model_runner_v1.py:3820] Starting to load model /mnt/weights/DeepSeek-V3.1-Terminus-w8a8-QuaRot-lfs...
(Worker_DP1_TP0_EP2 pid=414294) INFO 07-28 10:25:32 [modelslim_config.py:478] Using the vLLM Ascend modelslim Quantization now!
(Worker_DP5_TP0_EP10 pid=414292) INFO 07-28 10:25:33 [modelslim_config.py:478] Using the vLLM Ascend modelslim Quantization now!
(Worker_DP3_TP0_EP6 pid=414293) INFO 07-28 10:25:33 [modelslim_config.py:478] Using the vLLM Ascend modelslim Quantization now!
(Worker_DP0_TP0_EP0 pid=414295) INFO 07-28 10:25:33 [modelslim_config.py:478] Using the vLLM Ascend modelslim Quantization now!
(Worker_DP6_TP0_EP12 pid=414291) INFO 07-28 10:25:33 [modelslim_config.py:478] Using the vLLM Ascend modelslim Quantization now!
(Worker_DP4_TP0_EP8 pid=414288) INFO 07-28 10:25:33 [modelslim_config.py:478] Using the vLLM Ascend modelslim Quantization now!
(Worker_DP2_TP0_EP4 pid=414289) INFO 07-28 10:25:33 [modelslim_config.py:478] Using the vLLM Ascend modelslim Quantization now!
(Worker_DP7_TP0_EP14 pid=414290) INFO 07-28 10:25:33 [modelslim_config.py:478] Using the vLLM Ascend modelslim Quantization now!
(Worker_DP1_TP0_EP2 pid=414294) INFO 07-28 10:25:33 [expert_map_manager.py:245] [EP Rank 2/16] Expert parallelism is enabled. Expert placement strategy: linear. Local/global number of experts: 16/256. Experts local to global index map: 0->32, 1->33, 2->34, 3->35, 4->36, 5->37, 6->38, 7->39, 8->40, 9->41, 10->42, 11->43, 12->44, 13->45, 14->46, 15->47.
(Worker_DP5_TP0_EP10 pid=414292) INFO 07-28 10:25:33 [expert_map_manager.py:245] [EP Rank 10/16] Expert parallelism is enabled. Expert placement strategy: linear. Local/global number of experts: 16/256. Experts local to global index map: 0->160, 1->161, 2->162, 3->163, 4->164, 5->165, 6->166, 7->167, 8->168, 9->169, 10->170, 11->171, 12->172, 13->173, 14->174, 15->175.
(Worker_DP3_TP0_EP6 pid=414293) INFO 07-28 10:25:33 [expert_map_manager.py:245] [EP Rank 6/16] Expert parallelism is enabled. Expert placement strategy: linear. Local/global number of experts: 16/256. Experts local to global index map: 0->96, 1->97, 2->98, 3->99, 4->100, 5->101, 6->102, 7->103, 8->104, 9->105, 10->106, 11->107, 12->108, 13->109, 14->110, 15->111.
(Worker_DP0_TP0_EP0 pid=414295) INFO 07-28 10:25:33 [expert_map_manager.py:245] [EP Rank 0/16] Expert parallelism is enabled. Expert placement strategy: linear. Local/global number of experts: 16/256. Experts local to global index map: 0->0, 1->1, 2->2, 3->3, 4->4, 5->5, 6->6, 7->7, 8->8, 9->9, 10->10, 11->11, 12->12, 13->13, 14->14, 15->15.
(Worker_DP6_TP0_EP12 pid=414291) INFO 07-28 10:25:33 [expert_map_manager.py:245] [EP Rank 12/16] Expert parallelism is enabled. Expert placement strategy: linear. Local/global number of experts: 16/256. Experts local to global index map: 0->192, 1->193, 2->194, 3->195, 4->196, 5->197, 6->198, 7->199, 8->200, 9->201, 10->202, 11->203, 12->204, 13->205, 14->206, 15->207.
(Worker_DP2_TP0_EP4 pid=414289) INFO 07-28 10:25:33 [expert_map_manager.py:245] [EP Rank 4/16] Expert parallelism is enabled. Expert placement strategy: linear. Local/global number of experts: 16/256. Experts local to global index map: 0->64, 1->65, 2->66, 3->67, 4->68, 5->69, 6->70, 7->71, 8->72, 9->73, 10->74, 11->75, 12->76, 13->77, 14->78, 15->79.
(Worker_DP4_TP0_EP8 pid=414288) INFO 07-28 10:25:33 [expert_map_manager.py:245] [EP Rank 8/16] Expert parallelism is enabled. Expert placement strategy: linear. Local/global number of experts: 16/256. Experts local to global index map: 0->128, 1->129, 2->130, 3->131, 4->132, 5->133, 6->134, 7->135, 8->136, 9->137, 10->138, 11->139, 12->140, 13->141, 14->142, 15->143.
(Worker_DP7_TP0_EP14 pid=414290) INFO 07-28 10:25:33 [expert_map_manager.py:245] [EP Rank 14/16] Expert parallelism is enabled. Expert placement strategy: linear. Local/global number of experts: 16/256. Experts local to global index map: 0->224, 1->225, 2->226, 3->227, 4->228, 5->229, 6->230, 7->231, 8->232, 9->233, 10->234, 11->235, 12->236, 13->237, 14->238, 15->239.
(Worker_DP5_TP0_EP10 pid=414292) INFO 07-28 10:25:42 [compilation.py:1067] Using OOT custom backend for compilation.
(Worker_DP4_TP1_EP9 pid=414629) INFO 07-28 10:25:42 [compilation.py:1067] Using OOT custom backend for compilation.
(Worker_DP6_TP1_EP13 pid=414707) INFO 07-28 10:25:42 [compilation.py:1067] Using OOT custom backend for compilation.
(Worker_DP7_TP1_EP15 pid=414666) INFO 07-28 10:25:42 [compilation.py:1067] Using OOT custom backend for compilation.
(Worker_DP1_TP0_EP2 pid=414294) INFO 07-28 10:25:42 [compilation.py:1067] Using OOT custom backend for compilation.
(Worker_DP2_TP1_EP5 pid=414705) INFO 07-28 10:25:42 [compilation.py:1067] Using OOT custom backend for compilation.
(Worker_DP5_TP0_EP10 pid=414292) INFO 07-28 10:25:42 [weight_utils.py:857] Filesystem type for checkpoints: EXT4. Checkpoint size: 646.43 GiB. Available RAM: 1880.49 GiB.
(Worker_DP5_TP0_EP10 pid=414292) INFO 07-28 10:25:42 [weight_utils.py:880] Auto-prefetch is disabled because the filesystem (EXT4) is not a recognized network FS (NFS/Lustre). If you want to force prefetching, start vLLM with --safetensors-load-strategy=prefetch.
(Worker_DP3_TP1_EP7 pid=414680) INFO 07-28 10:25:43 [compilation.py:1067] Using OOT custom backend for compilation.
(Worker_DP4_TP0_EP8 pid=414288) INFO 07-28 10:25:43 [compilation.py:1067] Using OOT custom backend for compilation.
(Worker_DP3_TP0_EP6 pid=414293) INFO 07-28 10:25:43 [compilation.py:1067] Using OOT custom backend for compilation.
(Worker_DP2_TP0_EP4 pid=414289) INFO 07-28 10:25:43 [compilation.py:1067] Using OOT custom backend for compilation.
(Worker_DP1_TP0_EP2 pid=414294) INFO 07-28 10:25:43 [weight_utils.py:857] Filesystem type for checkpoints: EXT4. Checkpoint size: 646.43 GiB. Available RAM: 1880.52 GiB.
(Worker_DP1_TP0_EP2 pid=414294) INFO 07-28 10:25:43 [weight_utils.py:880] Auto-prefetch is disabled because the filesystem (EXT4) is not a recognized network FS (NFS/Lustre). If you want to force prefetching, start vLLM with --safetensors-load-strategy=prefetch.
(Worker_DP5_TP1_EP11 pid=414739) INFO 07-28 10:25:43 [compilation.py:1067] Using OOT custom backend for compilation.
(Worker_DP7_TP0_EP14 pid=414290) INFO 07-28 10:25:43 [compilation.py:1067] Using OOT custom backend for compilation.
(Worker_DP1_TP1_EP3 pid=414704) INFO 07-28 10:25:43 [compilation.py:1067] Using OOT custom backend for compilation.
(Worker_DP0_TP1_EP1 pid=414679) INFO 07-28 10:25:43 [compilation.py:1067] Using OOT custom backend for compilation.
(Worker_DP6_TP0_EP12 pid=414291) INFO 07-28 10:25:43 [compilation.py:1067] Using OOT custom backend for compilation.
(Worker_DP4_TP0_EP8 pid=414288) INFO 07-28 10:25:43 [weight_utils.py:857] Filesystem type for checkpoints: EXT4. Checkpoint size: 646.43 GiB. Available RAM: 1880.39 GiB.
(Worker_DP4_TP0_EP8 pid=414288) INFO 07-28 10:25:43 [weight_utils.py:880] Auto-prefetch is disabled because the filesystem (EXT4) is not a recognized network FS (NFS/Lustre). If you want to force prefetching, start vLLM with --safetensors-load-strategy=prefetch.
(Worker_DP3_TP0_EP6 pid=414293) INFO 07-28 10:25:43 [weight_utils.py:857] Filesystem type for checkpoints: EXT4. Checkpoint size: 646.43 GiB. Available RAM: 1880.37 GiB.
(Worker_DP3_TP0_EP6 pid=414293) INFO 07-28 10:25:43 [weight_utils.py:880] Auto-prefetch is disabled because the filesystem (EXT4) is not a recognized network FS (NFS/Lustre). If you want to force prefetching, start vLLM with --safetensors-load-strategy=prefetch.
(Worker_DP2_TP0_EP4 pid=414289) INFO 07-28 10:25:43 [weight_utils.py:857] Filesystem type for checkpoints: EXT4. Checkpoint size: 646.43 GiB. Available RAM: 1880.37 GiB.
(Worker_DP2_TP0_EP4 pid=414289) INFO 07-28 10:25:43 [weight_utils.py:880] Auto-prefetch is disabled because the filesystem (EXT4) is not a recognized network FS (NFS/Lustre). If you want to force prefetching, start vLLM with --safetensors-load-strategy=prefetch.
(Worker_DP0_TP0_EP0 pid=414295) INFO 07-28 10:25:43 [compilation.py:1067] Using OOT custom backend for compilation.
(Worker_DP7_TP0_EP14 pid=414290) INFO 07-28 10:25:43 [weight_utils.py:857] Filesystem type for checkpoints: EXT4. Checkpoint size: 646.43 GiB. Available RAM: 1880.35 GiB.
(Worker_DP7_TP0_EP14 pid=414290) INFO 07-28 10:25:43 [weight_utils.py:880] Auto-prefetch is disabled because the filesystem (EXT4) is not a recognized network FS (NFS/Lustre). If you want to force prefetching, start vLLM with --safetensors-load-strategy=prefetch.
(Worker_DP6_TP0_EP12 pid=414291) INFO 07-28 10:25:43 [weight_utils.py:857] Filesystem type for checkpoints: EXT4. Checkpoint size: 646.43 GiB. Available RAM: 1880.31 GiB.
(Worker_DP6_TP0_EP12 pid=414291) INFO 07-28 10:25:43 [weight_utils.py:880] Auto-prefetch is disabled because the filesystem (EXT4) is not a recognized network FS (NFS/Lustre). If you want to force prefetching, start vLLM with --safetensors-load-strategy=prefetch.
(Worker_DP0_TP0_EP0 pid=414295) INFO 07-28 10:25:43 [weight_utils.py:857] Filesystem type for checkpoints: EXT4. Checkpoint size: 646.43 GiB. Available RAM: 1880.25 GiB.
(Worker_DP0_TP0_EP0 pid=414295) INFO 07-28 10:25:43 [weight_utils.py:880] Auto-prefetch is disabled because the filesystem (EXT4) is not a recognized network FS (NFS/Lustre). If you want to force prefetching, start vLLM with --safetensors-load-strategy=prefetch.
(Worker_DP0_TP0_EP0 pid=414295) 
Loading safetensors checkpoint shards:   0% Completed | 0/162 [00:00<?, ?it/s]
(Worker_DP0_TP0_EP0 pid=414295) 
Loading safetensors checkpoint shards:   1% Completed | 1/162 [00:02<07:18,  2.72s/it]
(Worker_DP0_TP0_EP0 pid=414295) 
Loading safetensors checkpoint shards:   1% Completed | 2/162 [00:03<04:30,  1.69s/it]
(Worker_DP0_TP0_EP0 pid=414295) 
Loading safetensors checkpoint shards:   2% Completed | 3/162 [00:03<02:38,  1.00it/s]
(Worker_DP0_TP0_EP0 pid=414295) 
Loading safetensors checkpoint shards:   2% Completed | 4/162 [00:05<02:52,  1.09s/it]
(Worker_DP0_TP0_EP0 pid=414295) 
Loading safetensors checkpoint shards:   3% Completed | 5/162 [00:05<02:04,  1.26it/s]
(Worker_DP0_TP0_EP0 pid=414295) 
Loading safetensors checkpoint shards:   4% Completed | 6/162 [00:05<01:34,  1.64it/s]
(Worker_DP0_TP0_EP0 pid=414295) 
Loading safetensors checkpoint shards:   4% Completed | 7/162 [00:07<02:14,  1.16it/s]
(Worker_DP0_TP0_EP0 pid=414295) 
Loading safetensors checkpoint shards:   5% Completed | 8/162 [00:07<01:49,  1.41it/s]
(Worker_DP0_TP0_EP0 pid=414295) 
Loading safetensors checkpoint shards:   6% Completed | 9/162 [00:08<01:54,  1.34it/s]
(Worker_DP0_TP0_EP0 pid=414295) 
Loading safetensors checkpoint shards:   6% Completed | 10/162 [00:09<02:07,  1.19it/s]
(Worker_DP0_TP0_EP0 pid=414295) 
Loading safetensors checkpoint shards:   7% Completed | 11/162 [00:09<01:46,  1.42it/s]
(Worker_DP0_TP0_EP0 pid=414295) 
Loading safetensors checkpoint shards:   7% Completed | 12/162 [00:11<02:45,  1.10s/it]
(Worker_DP0_TP0_EP0 pid=414295) 
Loading safetensors checkpoint shards:   8% Completed | 13/162 [00:11<02:04,  1.20it/s]
(Worker_DP0_TP0_EP0 pid=414295) 
Loading safetensors checkpoint shards:   9% Completed | 14/162 [00:12<01:49,  1.36it/s]
(Worker_DP0_TP0_EP0 pid=414295) 
Loading safetensors checkpoint shards:   9% Completed | 15/162 [00:14<02:31,  1.03s/it]
(Worker_DP0_TP0_EP0 pid=414295) 
Loading safetensors checkpoint shards:  10% Completed | 16/162 [00:14<01:54,  1.27it/s]
(Worker_DP0_TP0_EP0 pid=414295) 
Loading safetensors checkpoint shards:  10% Completed | 17/162 [00:14<01:45,  1.38it/s]
(Worker_DP0_TP0_EP0 pid=414295) 
Loading safetensors checkpoint shards:  11% Completed | 18/162 [00:16<02:34,  1.08s/it]
(Worker_DP0_TP0_EP0 pid=414295) 
Loading safetensors checkpoint shards:  12% Completed | 19/162 [00:17<01:55,  1.23it/s]
(Worker_DP0_TP0_EP0 pid=414295) 
Loading safetensors checkpoint shards:  12% Completed | 20/162 [00:18<02:44,  1.16s/it]
(Worker_DP0_TP0_EP0 pid=414295) 
Loading safetensors checkpoint shards:  13% Completed | 21/162 [00:19<02:03,  1.14it/s]
(Worker_DP0_TP0_EP0 pid=414295) 
Loading safetensors checkpoint shards:  14% Completed | 22/162 [00:19<01:39,  1.40it/s]
(Worker_DP0_TP0_EP0 pid=414295) 
Loading safetensors checkpoint shards:  14% Completed | 23/162 [00:21<02:51,  1.23s/it]
(Worker_DP0_TP0_EP0 pid=414295) 
Loading safetensors checkpoint shards:  15% Completed | 24/162 [00:22<02:08,  1.08it/s]
(Worker_DP0_TP0_EP0 pid=414295) 
Loading safetensors checkpoint shards:  15% Completed | 25/162 [00:22<01:41,  1.35it/s]
(Worker_DP0_TP0_EP0 pid=414295) 
Loading safetensors checkpoint shards:  16% Completed | 26/162 [00:24<02:27,  1.08s/it]
(Worker_DP0_TP0_EP0 pid=414295) 
Loading safetensors checkpoint shards:  17% Completed | 27/162 [00:24<01:50,  1.22it/s]
(Worker_DP0_TP0_EP0 pid=414295) 
Loading safetensors checkpoint shards:  17% Completed | 28/162 [00:26<02:29,  1.11s/it]
(Worker_DP0_TP0_EP0 pid=414295) 
Loading safetensors checkpoint shards:  18% Completed | 29/162 [00:26<01:52,  1.18it/s]
(Worker_DP0_TP0_EP0 pid=414295) 
Loading safetensors checkpoint shards:  19% Completed | 30/162 [00:26<01:26,  1.53it/s]
(Worker_DP0_TP0_EP0 pid=414295) 
Loading safetensors checkpoint shards:  19% Completed | 31/162 [00:28<02:13,  1.02s/it]
(Worker_DP0_TP0_EP0 pid=414295) 
Loading safetensors checkpoint shards:  20% Completed | 32/162 [00:28<01:41,  1.28it/s]
(Worker_DP0_TP0_EP0 pid=414295) 
Loading safetensors checkpoint shards:  20% Completed | 33/162 [00:29<01:19,  1.63it/s]
(Worker_DP0_TP0_EP0 pid=414295) 
Loading safetensors checkpoint shards:  21% Completed | 34/162 [00:30<01:55,  1.11it/s]
(Worker_DP0_TP0_EP0 pid=414295) 
Loading safetensors checkpoint shards:  22% Completed | 35/162 [00:31<01:32,  1.37it/s]
(Worker_DP0_TP0_EP0 pid=414295) 
Loading safetensors checkpoint shards:  22% Completed | 36/162 [00:32<02:11,  1.04s/it]
(Worker_DP0_TP0_EP0 pid=414295) 
Loading safetensors checkpoint shards:  23% Completed | 37/162 [00:33<01:48,  1.15it/s]
(Worker_DP0_TP0_EP0 pid=414295) 
Loading safetensors checkpoint shards:  23% Completed | 38/162 [00:33<01:24,  1.47it/s]
(Worker_DP0_TP0_EP0 pid=414295) 
Loading safetensors checkpoint shards:  24% Completed | 39/162 [00:35<02:10,  1.06s/it]
(Worker_DP0_TP0_EP0 pid=414295) 
Loading safetensors checkpoint shards:  25% Completed | 40/162 [00:35<01:37,  1.25it/s]
(Worker_DP0_TP0_EP0 pid=414295) 
Loading safetensors checkpoint shards:  25% Completed | 41/162 [00:35<01:17,  1.57it/s]
(Worker_DP0_TP0_EP0 pid=414295) 
Loading safetensors checkpoint shards:  26% Completed | 42/162 [00:37<01:49,  1.10it/s]
(Worker_DP0_TP0_EP0 pid=414295) 
Loading safetensors checkpoint shards:  27% Completed | 43/162 [00:37<01:29,  1.33it/s]
(Worker_DP0_TP0_EP0 pid=414295) 
Loading safetensors checkpoint shards:  27% Completed | 44/162 [00:39<02:00,  1.02s/it]
(Worker_DP0_TP0_EP0 pid=414295) 
Loading safetensors checkpoint shards:  28% Completed | 45/162 [00:40<02:03,  1.05s/it]
(Worker_DP0_TP0_EP0 pid=414295) 
Loading safetensors checkpoint shards:  28% Completed | 46/162 [00:40<01:31,  1.26it/s]
(Worker_DP0_TP0_EP0 pid=414295) 
Loading safetensors checkpoint shards:  29% Completed | 47/162 [00:42<02:14,  1.17s/it]
(Worker_DP0_TP0_EP0 pid=414295) 
Loading safetensors checkpoint shards:  30% Completed | 48/162 [00:43<01:41,  1.13it/s]
(Worker_DP0_TP0_EP0 pid=414295) 
Loading safetensors checkpoint shards:  30% Completed | 49/162 [00:43<01:17,  1.45it/s]
(Worker_DP0_TP0_EP0 pid=414295) 
Loading safetensors checkpoint shards:  31% Completed | 50/162 [00:45<02:05,  1.12s/it]
(Worker_DP0_TP0_EP0 pid=414295) 
Loading safetensors checkpoint shards:  31% Completed | 51/162 [00:45<01:34,  1.18it/s]
(Worker_DP0_TP0_EP0 pid=414295) 
Loading safetensors checkpoint shards:  32% Completed | 52/162 [00:46<01:31,  1.20it/s]
(Worker_DP0_TP0_EP0 pid=414295) 
Loading safetensors checkpoint shards:  33% Completed | 53/162 [00:48<02:17,  1.26s/it]
(Worker_DP0_TP0_EP0 pid=414295) 
Loading safetensors checkpoint shards:  33% Completed | 54/162 [00:48<01:41,  1.06it/s]
(Worker_DP0_TP0_EP0 pid=414295) 
Loading safetensors checkpoint shards:  34% Completed | 55/162 [00:49<01:37,  1.09it/s]
(Worker_DP0_TP0_EP0 pid=414295) 
Loading safetensors checkpoint shards:  35% Completed | 56/162 [00:49<01:14,  1.42it/s]
(Worker_DP0_TP0_EP0 pid=414295) 
Loading safetensors checkpoint shards:  35% Completed | 57/162 [00:50<00:56,  1.85it/s]
(Worker_DP0_TP0_EP0 pid=414295) 
Loading safetensors checkpoint shards:  36% Completed | 58/162 [00:51<01:24,  1.23it/s]
(Worker_DP0_TP0_EP0 pid=414295) 
Loading safetensors checkpoint shards:  36% Completed | 59/162 [00:51<01:06,  1.54it/s]
(Worker_DP0_TP0_EP0 pid=414295) 
Loading safetensors checkpoint shards:  37% Completed | 60/162 [00:52<00:58,  1.74it/s]
(Worker_DP0_TP0_EP0 pid=414295) 
Loading safetensors checkpoint shards:  38% Completed | 61/162 [00:53<01:19,  1.27it/s]
(Worker_DP0_TP0_EP0 pid=414295) 
Loading safetensors checkpoint shards:  38% Completed | 62/162 [00:53<01:07,  1.48it/s]
(Worker_DP0_TP0_EP0 pid=414295) 
Loading safetensors checkpoint shards:  39% Completed | 63/162 [00:55<01:45,  1.07s/it]
(Worker_DP0_TP0_EP0 pid=414295) 
Loading safetensors checkpoint shards:  40% Completed | 64/162 [00:56<01:19,  1.23it/s]
(Worker_DP0_TP0_EP0 pid=414295) 
Loading safetensors checkpoint shards:  40% Completed | 65/162 [00:56<00:59,  1.62it/s]
(Worker_DP0_TP0_EP0 pid=414295) 
Loading safetensors checkpoint shards:  41% Completed | 66/162 [00:58<01:35,  1.00it/s]
(Worker_DP0_TP0_EP0 pid=414295) 
Loading safetensors checkpoint shards:  41% Completed | 67/162 [00:58<01:12,  1.30it/s]
(Worker_DP0_TP0_EP0 pid=414295) 
Loading safetensors checkpoint shards:  42% Completed | 68/162 [00:58<00:54,  1.71it/s]
(Worker_DP0_TP0_EP0 pid=414295) 
Loading safetensors checkpoint shards:  43% Completed | 69/162 [01:00<01:36,  1.03s/it]
(Worker_DP0_TP0_EP0 pid=414295) 
Loading safetensors checkpoint shards:  43% Completed | 70/162 [01:00<01:12,  1.27it/s]
(Worker_DP0_TP0_EP0 pid=414295) 
Loading safetensors checkpoint shards:  44% Completed | 71/162 [01:02<01:31,  1.01s/it]
(Worker_DP0_TP0_EP0 pid=414295) 
Loading safetensors checkpoint shards:  44% Completed | 72/162 [01:02<01:08,  1.30it/s]
(Worker_DP0_TP0_EP0 pid=414295) 
Loading safetensors checkpoint shards:  45% Completed | 73/162 [01:02<00:52,  1.71it/s]
(Worker_DP0_TP0_EP0 pid=414295) 
Loading safetensors checkpoint shards:  46% Completed | 74/162 [01:04<01:17,  1.14it/s]
(Worker_DP0_TP0_EP0 pid=414295) 
Loading safetensors checkpoint shards:  46% Completed | 75/162 [01:04<00:58,  1.48it/s]
(Worker_DP0_TP0_EP0 pid=414295) 
Loading safetensors checkpoint shards:  47% Completed | 76/162 [01:04<00:47,  1.81it/s]
(Worker_DP0_TP0_EP0 pid=414295) 
Loading safetensors checkpoint shards:  48% Completed | 77/162 [01:06<01:11,  1.18it/s]
(Worker_DP0_TP0_EP0 pid=414295) 
Loading safetensors checkpoint shards:  48% Completed | 78/162 [01:06<00:59,  1.40it/s]
(Worker_DP0_TP0_EP0 pid=414295) 
Loading safetensors checkpoint shards:  49% Completed | 79/162 [01:08<01:35,  1.15s/it]
(Worker_DP0_TP0_EP0 pid=414295) 
Loading safetensors checkpoint shards:  49% Completed | 80/162 [01:09<01:20,  1.02it/s]
(Worker_DP0_TP0_EP0 pid=414295) 
Loading safetensors checkpoint shards:  50% Completed | 81/162 [01:09<00:59,  1.35it/s]
(Worker_DP0_TP0_EP0 pid=414295) 
Loading safetensors checkpoint shards:  51% Completed | 82/162 [01:11<01:27,  1.10s/it]
(Worker_DP0_TP0_EP0 pid=414295) 
Loading safetensors checkpoint shards:  51% Completed | 83/162 [01:11<01:06,  1.19it/s]
(Worker_DP0_TP0_EP0 pid=414295) 
Loading safetensors checkpoint shards:  52% Completed | 84/162 [01:12<00:50,  1.54it/s]
(Worker_DP0_TP0_EP0 pid=414295) 
Loading safetensors checkpoint shards:  52% Completed | 85/162 [01:14<01:20,  1.05s/it]
(Worker_DP0_TP0_EP0 pid=414295) 
Loading safetensors checkpoint shards:  53% Completed | 86/162 [01:14<01:00,  1.25it/s]
(Worker_DP0_TP0_EP0 pid=414295) 
Loading safetensors checkpoint shards:  54% Completed | 87/162 [01:15<01:06,  1.12it/s]
(Worker_DP0_TP0_EP0 pid=414295) 
Loading safetensors checkpoint shards:  54% Completed | 88/162 [01:16<01:13,  1.01it/s]
(Worker_DP0_TP0_EP0 pid=414295) 
Loading safetensors checkpoint shards:  55% Completed | 89/162 [01:16<00:54,  1.34it/s]
(Worker_DP0_TP0_EP0 pid=414295) 
Loading safetensors checkpoint shards:  56% Completed | 90/162 [01:18<01:23,  1.16s/it]
(Worker_DP0_TP0_EP0 pid=414295) 
Loading safetensors checkpoint shards:  56% Completed | 91/162 [01:19<01:02,  1.14it/s]
(Worker_DP0_TP0_EP0 pid=414295) 
Loading safetensors checkpoint shards:  57% Completed | 92/162 [01:19<00:46,  1.51it/s]
(Worker_DP0_TP0_EP0 pid=414295) 
Loading safetensors checkpoint shards:  57% Completed | 93/162 [01:20<01:05,  1.06it/s]
(Worker_DP0_TP0_EP0 pid=414295) 
Loading safetensors checkpoint shards:  58% Completed | 94/162 [01:21<00:49,  1.38it/s]
(Worker_DP0_TP0_EP0 pid=414295) 
Loading safetensors checkpoint shards:  59% Completed | 95/162 [01:21<00:48,  1.39it/s]
(Worker_DP0_TP0_EP0 pid=414295) 
Loading safetensors checkpoint shards:  59% Completed | 96/162 [01:23<01:03,  1.04it/s]
(Worker_DP0_TP0_EP0 pid=414295) 
Loading safetensors checkpoint shards:  60% Completed | 97/162 [01:23<00:53,  1.21it/s]
(Worker_DP0_TP0_EP0 pid=414295) 
Loading safetensors checkpoint shards:  60% Completed | 98/162 [01:26<01:23,  1.30s/it]
(Worker_DP0_TP0_EP0 pid=414295) 
Loading safetensors checkpoint shards:  61% Completed | 99/162 [01:26<01:01,  1.02it/s]
(Worker_DP0_TP0_EP0 pid=414295) 
Loading safetensors checkpoint shards:  62% Completed | 100/162 [01:26<00:45,  1.35it/s]
(Worker_DP0_TP0_EP0 pid=414295) 
Loading safetensors checkpoint shards:  62% Completed | 101/162 [01:28<01:13,  1.21s/it]
(Worker_DP0_TP0_EP0 pid=414295) 
Loading safetensors checkpoint shards:  63% Completed | 102/162 [01:29<00:54,  1.10it/s]
(Worker_DP0_TP0_EP0 pid=414295) 
Loading safetensors checkpoint shards:  64% Completed | 103/162 [01:29<00:44,  1.32it/s]
(Worker_DP0_TP0_EP0 pid=414295) 
Loading safetensors checkpoint shards:  64% Completed | 104/162 [01:31<01:04,  1.12s/it]
(Worker_DP0_TP0_EP0 pid=414295) 
Loading safetensors checkpoint shards:  65% Completed | 105/162 [01:31<00:48,  1.19it/s]
(Worker_DP0_TP0_EP0 pid=414295) 
Loading safetensors checkpoint shards:  65% Completed | 106/162 [01:33<01:00,  1.08s/it]
(Worker_DP0_TP0_EP0 pid=414295) 
Loading safetensors checkpoint shards:  66% Completed | 107/162 [01:33<00:45,  1.22it/s]
(Worker_DP0_TP0_EP0 pid=414295) 
Loading safetensors checkpoint shards:  67% Completed | 108/162 [01:33<00:33,  1.60it/s]
(Worker_DP0_TP0_EP0 pid=414295) 
Loading safetensors checkpoint shards:  67% Completed | 109/162 [01:34<00:42,  1.25it/s]
(Worker_DP0_TP0_EP0 pid=414295) 
Loading safetensors checkpoint shards:  68% Completed | 110/162 [01:35<00:32,  1.58it/s]
(Worker_DP0_TP0_EP0 pid=414295) 
Loading safetensors checkpoint shards:  69% Completed | 111/162 [01:35<00:28,  1.80it/s]
(Worker_DP0_TP0_EP0 pid=414295) 
Loading safetensors checkpoint shards:  69% Completed | 112/162 [01:36<00:41,  1.21it/s]
(Worker_DP0_TP0_EP0 pid=414295) 
Loading safetensors checkpoint shards:  70% Completed | 113/162 [01:37<00:35,  1.39it/s]
(Worker_DP0_TP0_EP0 pid=414295) 
Loading safetensors checkpoint shards:  70% Completed | 114/162 [01:39<00:52,  1.08s/it]
(Worker_DP0_TP0_EP0 pid=414295) 
Loading safetensors checkpoint shards:  71% Completed | 115/162 [01:39<00:38,  1.22it/s]
(Worker_DP0_TP0_EP0 pid=414295) 
Loading safetensors checkpoint shards:  72% Completed | 116/162 [01:39<00:28,  1.60it/s]
(Worker_DP0_TP0_EP0 pid=414295) 
Loading safetensors checkpoint shards:  72% Completed | 117/162 [01:41<00:45,  1.02s/it]
(Worker_DP0_TP0_EP0 pid=414295) 
Loading safetensors checkpoint shards:  73% Completed | 118/162 [01:41<00:34,  1.29it/s]
(Worker_DP0_TP0_EP0 pid=414295) 
Loading safetensors checkpoint shards:  73% Completed | 119/162 [01:42<00:26,  1.62it/s]
(Worker_DP0_TP0_EP0 pid=414295) 
Loading safetensors checkpoint shards:  74% Completed | 120/162 [01:43<00:38,  1.09it/s]
(Worker_DP0_TP0_EP0 pid=414295) 
Loading safetensors checkpoint shards:  75% Completed | 121/162 [01:44<00:30,  1.33it/s]
(Worker_DP0_TP0_EP0 pid=414295) 
Loading safetensors checkpoint shards:  75% Completed | 122/162 [01:46<00:45,  1.13s/it]
(Worker_DP0_TP0_EP0 pid=414295) 
Loading safetensors checkpoint shards:  76% Completed | 123/162 [01:46<00:40,  1.04s/it]
(Worker_DP0_TP0_EP0 pid=414295) 
Loading safetensors checkpoint shards:  77% Completed | 124/162 [01:47<00:29,  1.28it/s]
(Worker_DP0_TP0_EP0 pid=414295) 
Loading safetensors checkpoint shards:  77% Completed | 125/162 [01:48<00:40,  1.09s/it]
(Worker_DP0_TP0_EP0 pid=414295) 
Loading safetensors checkpoint shards:  78% Completed | 126/162 [01:49<00:30,  1.20it/s]
(Worker_DP0_TP0_EP0 pid=414295) 
Loading safetensors checkpoint shards:  78% Completed | 127/162 [01:49<00:22,  1.58it/s]
(Worker_DP0_TP0_EP0 pid=414295) 
Loading safetensors checkpoint shards:  79% Completed | 128/162 [01:51<00:32,  1.03it/s]
(Worker_DP0_TP0_EP0 pid=414295) 
Loading safetensors checkpoint shards:  80% Completed | 129/162 [01:51<00:25,  1.32it/s]
(Worker_DP0_TP0_EP0 pid=414295) 
Loading safetensors checkpoint shards:  80% Completed | 130/162 [01:52<00:29,  1.08it/s]
(Worker_DP0_TP0_EP0 pid=414295) 
Loading safetensors checkpoint shards:  81% Completed | 131/162 [01:54<00:32,  1.06s/it]
(Worker_DP0_TP0_EP0 pid=414295) 
Loading safetensors checkpoint shards:  81% Completed | 132/162 [01:54<00:23,  1.26it/s]
(Worker_DP0_TP0_EP0 pid=414295) 
Loading safetensors checkpoint shards:  82% Completed | 133/162 [01:56<00:32,  1.14s/it]
(Worker_DP0_TP0_EP0 pid=414295) 
Loading safetensors checkpoint shards:  83% Completed | 134/162 [01:56<00:24,  1.16it/s]
(Worker_DP0_TP0_EP0 pid=414295) 
Loading safetensors checkpoint shards:  83% Completed | 135/162 [01:56<00:19,  1.41it/s]
(Worker_DP0_TP0_EP0 pid=414295) 
Loading safetensors checkpoint shards:  84% Completed | 136/162 [01:58<00:28,  1.11s/it]
(Worker_DP0_TP0_EP0 pid=414295) 
Loading safetensors checkpoint shards:  85% Completed | 137/162 [01:59<00:21,  1.18it/s]
(Worker_DP0_TP0_EP0 pid=414295) 
Loading safetensors checkpoint shards:  85% Completed | 138/162 [01:59<00:18,  1.29it/s]
(Worker_DP0_TP0_EP0 pid=414295) 
Loading safetensors checkpoint shards:  86% Completed | 139/162 [02:01<00:26,  1.16s/it]
(Worker_DP0_TP0_EP0 pid=414295) 
Loading safetensors checkpoint shards:  86% Completed | 140/162 [02:01<00:19,  1.15it/s]
(Worker_DP0_TP0_EP0 pid=414295) 
Loading safetensors checkpoint shards:  87% Completed | 141/162 [02:03<00:25,  1.21s/it]
(Worker_DP0_TP0_EP0 pid=414295) 
Loading safetensors checkpoint shards:  88% Completed | 142/162 [02:04<00:18,  1.10it/s]
(Worker_DP0_TP0_EP0 pid=414295) 
Loading safetensors checkpoint shards:  88% Completed | 143/162 [02:04<00:13,  1.45it/s]
(Worker_DP0_TP0_EP0 pid=414295) 
Loading safetensors checkpoint shards:  89% Completed | 144/162 [02:06<00:18,  1.06s/it]
(Worker_DP0_TP0_EP0 pid=414295) 
Loading safetensors checkpoint shards:  90% Completed | 145/162 [02:06<00:13,  1.24it/s]
(Worker_DP0_TP0_EP0 pid=414295) 
Loading safetensors checkpoint shards:  90% Completed | 146/162 [02:06<00:10,  1.53it/s]
(Worker_DP0_TP0_EP0 pid=414295) 
Loading safetensors checkpoint shards:  91% Completed | 147/162 [02:07<00:12,  1.20it/s]
(Worker_DP0_TP0_EP0 pid=414295) 
Loading safetensors checkpoint shards:  91% Completed | 148/162 [02:08<00:10,  1.36it/s]
(Worker_DP0_TP0_EP0 pid=414295) 
Loading safetensors checkpoint shards:  92% Completed | 149/162 [02:10<00:14,  1.11s/it]
(Worker_DP0_TP0_EP0 pid=414295) 
Loading safetensors checkpoint shards:  93% Completed | 150/162 [02:10<00:10,  1.19it/s]
(Worker_DP0_TP0_EP0 pid=414295) 
Loading safetensors checkpoint shards:  93% Completed | 151/162 [02:10<00:07,  1.47it/s]
(Worker_DP0_TP0_EP0 pid=414295) 
Loading safetensors checkpoint shards:  94% Completed | 152/162 [02:13<00:11,  1.10s/it]
(Worker_DP0_TP0_EP0 pid=414295) 
Loading safetensors checkpoint shards:  94% Completed | 153/162 [02:13<00:07,  1.20it/s]
(Worker_DP0_TP0_EP0 pid=414295) 
Loading safetensors checkpoint shards:  95% Completed | 154/162 [02:13<00:05,  1.49it/s]
(Worker_DP0_TP0_EP0 pid=414295) 
Loading safetensors checkpoint shards:  96% Completed | 155/162 [02:15<00:06,  1.03it/s]
(Worker_DP0_TP0_EP0 pid=414295) 
Loading safetensors checkpoint shards:  96% Completed | 156/162 [02:15<00:04,  1.35it/s]
(Worker_DP0_TP0_EP0 pid=414295) 
Loading safetensors checkpoint shards:  97% Completed | 157/162 [02:15<00:03,  1.61it/s]
(Worker_DP0_TP0_EP0 pid=414295) 
Loading safetensors checkpoint shards:  98% Completed | 158/162 [02:17<00:03,  1.10it/s]
(Worker_DP3_TP0_EP6 pid=414293) INFO 07-28 10:28:01 [default_loader.py:430] Loading weights took 138.10 seconds
(Worker_DP7_TP0_EP14 pid=414290) INFO 07-28 10:28:01 [default_loader.py:430] Loading weights took 138.24 seconds
(Worker_DP5_TP0_EP10 pid=414292) INFO 07-28 10:28:01 [default_loader.py:430] Loading weights took 138.71 seconds
(Worker_DP1_TP0_EP2 pid=414294) INFO 07-28 10:28:01 [default_loader.py:430] Loading weights took 138.53 seconds
(Worker_DP0_TP0_EP0 pid=414295) 
Loading safetensors checkpoint shards:  98% Completed | 159/162 [02:18<00:02,  1.17it/s]
(Worker_DP6_TP0_EP12 pid=414291) INFO 07-28 10:28:01 [default_loader.py:430] Loading weights took 138.29 seconds
(Worker_DP2_TP0_EP4 pid=414289) INFO 07-28 10:28:01 [default_loader.py:430] Loading weights took 138.40 seconds
(Worker_DP0_TP0_EP0 pid=414295) 
Loading safetensors checkpoint shards: 100% Completed | 162/162 [02:18<00:00,  1.17it/s]
(Worker_DP0_TP0_EP0 pid=414295) 
(Worker_DP0_TP0_EP0 pid=414295) INFO 07-28 10:28:01 [default_loader.py:430] Loading weights took 138.11 seconds
(Worker_DP4_TP0_EP8 pid=414288) INFO 07-28 10:28:01 [default_loader.py:430] Loading weights took 138.47 seconds
INFO 07-28 10:28:10 [__init__.py:52] Available plugins for group vllm.platform_plugins:
INFO 07-28 10:28:10 [__init__.py:54] - ascend -> vllm_ascend:register
INFO 07-28 10:28:10 [__init__.py:57] All plugins in this group will be loaded. Set `VLLM_PLUGINS` to control which plugins to load.
INFO 07-28 10:28:10 [__init__.py:237] Platform plugin ascend is activated
INFO 07-28 10:28:10 [platform.py:61] Breakable cudagraph is force disabled on Ascend because DeepSeek V4 PIECEWISE cudagraph is not supported yet.
INFO 07-28 10:28:11 [__init__.py:52] Available plugins for group vllm.platform_plugins:
INFO 07-28 10:28:11 [__init__.py:54] - ascend -> vllm_ascend:register
INFO 07-28 10:28:11 [__init__.py:57] All plugins in this group will be loaded. Set `VLLM_PLUGINS` to control which plugins to load.
INFO 07-28 10:28:11 [__init__.py:237] Platform plugin ascend is activated
INFO 07-28 10:28:11 [platform.py:61] Breakable cudagraph is force disabled on Ascend because DeepSeek V4 PIECEWISE cudagraph is not supported yet.
INFO 07-28 10:28:11 [__init__.py:52] Available plugins for group vllm.platform_plugins:
INFO 07-28 10:28:11 [__init__.py:54] - ascend -> vllm_ascend:register
INFO 07-28 10:28:11 [__init__.py:57] All plugins in this group will be loaded. Set `VLLM_PLUGINS` to control which plugins to load.
INFO 07-28 10:28:11 [__init__.py:237] Platform plugin ascend is activated
INFO 07-28 10:28:11 [platform.py:61] Breakable cudagraph is force disabled on Ascend because DeepSeek V4 PIECEWISE cudagraph is not supported yet.
INFO 07-28 10:28:11 [__init__.py:52] Available plugins for group vllm.platform_plugins:
INFO 07-28 10:28:11 [__init__.py:54] - ascend -> vllm_ascend:register
INFO 07-28 10:28:11 [__init__.py:57] All plugins in this group will be loaded. Set `VLLM_PLUGINS` to control which plugins to load.
INFO 07-28 10:28:11 [__init__.py:237] Platform plugin ascend is activated
INFO 07-28 10:28:11 [platform.py:61] Breakable cudagraph is force disabled on Ascend because DeepSeek V4 PIECEWISE cudagraph is not supported yet.
INFO 07-28 10:28:11 [__init__.py:52] Available plugins for group vllm.platform_plugins:
INFO 07-28 10:28:11 [__init__.py:54] - ascend -> vllm_ascend:register
INFO 07-28 10:28:11 [__init__.py:57] All plugins in this group will be loaded. Set `VLLM_PLUGINS` to control which plugins to load.
INFO 07-28 10:28:11 [__init__.py:237] Platform plugin ascend is activated
INFO 07-28 10:28:11 [platform.py:61] Breakable cudagraph is force disabled on Ascend because DeepSeek V4 PIECEWISE cudagraph is not supported yet.
INFO 07-28 10:28:12 [__init__.py:52] Available plugins for group vllm.platform_plugins:
INFO 07-28 10:28:12 [__init__.py:54] - ascend -> vllm_ascend:register
INFO 07-28 10:28:12 [__init__.py:57] All plugins in this group will be loaded. Set `VLLM_PLUGINS` to control which plugins to load.
INFO 07-28 10:28:12 [__init__.py:237] Platform plugin ascend is activated
INFO 07-28 10:28:12 [platform.py:61] Breakable cudagraph is force disabled on Ascend because DeepSeek V4 PIECEWISE cudagraph is not supported yet.
INFO 07-28 10:28:12 [__init__.py:52] Available plugins for group vllm.platform_plugins:
INFO 07-28 10:28:12 [__init__.py:54] - ascend -> vllm_ascend:register
INFO 07-28 10:28:12 [__init__.py:57] All plugins in this group will be loaded. Set `VLLM_PLUGINS` to control which plugins to load.
INFO 07-28 10:28:12 [__init__.py:237] Platform plugin ascend is activated
INFO 07-28 10:28:12 [platform.py:61] Breakable cudagraph is force disabled on Ascend because DeepSeek V4 PIECEWISE cudagraph is not supported yet.
INFO 07-28 10:28:12 [__init__.py:52] Available plugins for group vllm.platform_plugins:
INFO 07-28 10:28:12 [__init__.py:54] - ascend -> vllm_ascend:register
INFO 07-28 10:28:12 [__init__.py:57] All plugins in this group will be loaded. Set `VLLM_PLUGINS` to control which plugins to load.
INFO 07-28 10:28:12 [__init__.py:237] Platform plugin ascend is activated
INFO 07-28 10:28:12 [platform.py:61] Breakable cudagraph is force disabled on Ascend because DeepSeek V4 PIECEWISE cudagraph is not supported yet.
INFO 07-28 10:28:12 [__init__.py:52] Available plugins for group vllm.platform_plugins:
INFO 07-28 10:28:12 [__init__.py:54] - ascend -> vllm_ascend:register
INFO 07-28 10:28:12 [__init__.py:57] All plugins in this group will be loaded. Set `VLLM_PLUGINS` to control which plugins to load.
INFO 07-28 10:28:12 [__init__.py:237] Platform plugin ascend is activated
INFO 07-28 10:28:12 [platform.py:61] Breakable cudagraph is force disabled on Ascend because DeepSeek V4 PIECEWISE cudagraph is not supported yet.
INFO 07-28 10:28:13 [__init__.py:52] Available plugins for group vllm.platform_plugins:
INFO 07-28 10:28:13 [__init__.py:54] - ascend -> vllm_ascend:register
INFO 07-28 10:28:13 [__init__.py:57] All plugins in this group will be loaded. Set `VLLM_PLUGINS` to control which plugins to load.
INFO 07-28 10:28:13 [__init__.py:237] Platform plugin ascend is activated
INFO 07-28 10:28:13 [__init__.py:52] Available plugins for group vllm.platform_plugins:
INFO 07-28 10:28:13 [platform.py:61] Breakable cudagraph is force disabled on Ascend because DeepSeek V4 PIECEWISE cudagraph is not supported yet.
INFO 07-28 10:28:13 [__init__.py:54] - ascend -> vllm_ascend:register
INFO 07-28 10:28:13 [__init__.py:57] All plugins in this group will be loaded. Set `VLLM_PLUGINS` to control which plugins to load.
INFO 07-28 10:28:13 [__init__.py:237] Platform plugin ascend is activated
INFO 07-28 10:28:13 [platform.py:61] Breakable cudagraph is force disabled on Ascend because DeepSeek V4 PIECEWISE cudagraph is not supported yet.
INFO 07-28 10:28:14 [__init__.py:52] Available plugins for group vllm.platform_plugins:
INFO 07-28 10:28:14 [__init__.py:54] - ascend -> vllm_ascend:register
INFO 07-28 10:28:14 [__init__.py:57] All plugins in this group will be loaded. Set `VLLM_PLUGINS` to control which plugins to load.
INFO 07-28 10:28:14 [__init__.py:237] Platform plugin ascend is activated
INFO 07-28 10:28:14 [platform.py:61] Breakable cudagraph is force disabled on Ascend because DeepSeek V4 PIECEWISE cudagraph is not supported yet.
INFO 07-28 10:28:14 [__init__.py:52] Available plugins for group vllm.platform_plugins:
INFO 07-28 10:28:14 [__init__.py:54] - ascend -> vllm_ascend:register
INFO 07-28 10:28:14 [__init__.py:57] All plugins in this group will be loaded. Set `VLLM_PLUGINS` to control which plugins to load.
INFO 07-28 10:28:14 [__init__.py:237] Platform plugin ascend is activated
INFO 07-28 10:28:14 [platform.py:61] Breakable cudagraph is force disabled on Ascend because DeepSeek V4 PIECEWISE cudagraph is not supported yet.
INFO 07-28 10:28:14 [__init__.py:52] Available plugins for group vllm.platform_plugins:
INFO 07-28 10:28:14 [__init__.py:54] - ascend -> vllm_ascend:register
INFO 07-28 10:28:14 [__init__.py:57] All plugins in this group will be loaded. Set `VLLM_PLUGINS` to control which plugins to load.
INFO 07-28 10:28:14 [__init__.py:237] Platform plugin ascend is activated
INFO 07-28 10:28:14 [platform.py:61] Breakable cudagraph is force disabled on Ascend because DeepSeek V4 PIECEWISE cudagraph is not supported yet.
INFO 07-28 10:28:14 [__init__.py:52] Available plugins for group vllm.platform_plugins:
INFO 07-28 10:28:14 [__init__.py:54] - ascend -> vllm_ascend:register
INFO 07-28 10:28:14 [__init__.py:57] All plugins in this group will be loaded. Set `VLLM_PLUGINS` to control which plugins to load.
INFO 07-28 10:28:14 [__init__.py:237] Platform plugin ascend is activated
INFO 07-28 10:28:14 [platform.py:61] Breakable cudagraph is force disabled on Ascend because DeepSeek V4 PIECEWISE cudagraph is not supported yet.
INFO 07-28 10:28:14 [__init__.py:52] Available plugins for group vllm.platform_plugins:
INFO 07-28 10:28:14 [__init__.py:54] - ascend -> vllm_ascend:register
INFO 07-28 10:28:14 [__init__.py:57] All plugins in this group will be loaded. Set `VLLM_PLUGINS` to control which plugins to load.
INFO 07-28 10:28:14 [__init__.py:237] Platform plugin ascend is activated
INFO 07-28 10:28:14 [platform.py:61] Breakable cudagraph is force disabled on Ascend because DeepSeek V4 PIECEWISE cudagraph is not supported yet.
(Worker_DP6_TP0_EP12 pid=414291) INFO 07-28 10:28:21 [fused_moe.py:510] [fused_moe/layer] Shared expert split computation validation passed. Integrated and split-path results are consistent.
(Worker_DP7_TP0_EP14 pid=414290) INFO 07-28 10:28:22 [fused_moe.py:510] [fused_moe/layer] Shared expert split computation validation passed. Integrated and split-path results are consistent.
(Worker_DP6_TP1_EP13 pid=414707) INFO 07-28 10:28:25 [model_runner_v1.py:3845] Loading drafter model...
(Worker_DP6_TP1_EP13 pid=414707) INFO 07-28 10:28:25 [kernel.py:292] Final IR op priority after setting platform defaults: IrOpPriorityConfig(rms_norm=['native'], fused_add_rms_norm=['native'])
(Worker_DP6_TP1_EP13 pid=414707) WARNING 07-28 10:28:25 [platform.py:1043] GPU-specific parameter is not supported on Ascend. parameter=disable_cascade_attn, value=True, action: resetting to False.
(Worker_DP6_TP1_EP13 pid=414707) INFO 07-28 10:28:25 [ascend_config.py:490] finegrained_tp_config enabled: lmhead_tensor_parallel_size=2
(Worker_DP6_TP1_EP13 pid=414707) INFO 07-28 10:28:25 [ascend_config.py:824] Dynamic EPLB is False
(Worker_DP6_TP1_EP13 pid=414707) INFO 07-28 10:28:25 [ascend_config.py:825] The number of redundant experts is 0
(Worker_DP6_TP0_EP12 pid=414291) INFO 07-28 10:28:25 [model_runner_v1.py:3845] Loading drafter model...
(Worker_DP6_TP0_EP12 pid=414291) INFO 07-28 10:28:25 [vllm.py:1090] Asynchronous scheduling is enabled.
(Worker_DP6_TP0_EP12 pid=414291) WARNING 07-28 10:28:25 [vllm.py:1114] Disabling cascade attention (not yet compatible with async speculative decoding).
(Worker_DP6_TP0_EP12 pid=414291) INFO 07-28 10:28:25 [kernel.py:292] Final IR op priority after setting platform defaults: IrOpPriorityConfig(rms_norm=['native'], fused_add_rms_norm=['native'])
(Worker_DP6_TP0_EP12 pid=414291) WARNING 07-28 10:28:25 [vllm.py:1697] max_num_scheduled_tokens is set to 256 based on the speculative decoding settings. This may lead to suboptimal performance. Consider increasing max_num_batched_tokens to accommodate the additional draft token slots, or decrease num_speculative_tokens or max_num_seqs.
(Worker_DP6_TP0_EP12 pid=414291) WARNING 07-28 10:28:25 [platform.py:1043] GPU-specific parameter is not supported on Ascend. parameter=disable_cascade_attn, value=True, action: resetting to False.
(Worker_DP6_TP0_EP12 pid=414291) INFO 07-28 10:28:25 [ascend_config.py:490] finegrained_tp_config enabled: lmhead_tensor_parallel_size=2
(Worker_DP6_TP0_EP12 pid=414291) INFO 07-28 10:28:25 [ascend_config.py:824] Dynamic EPLB is False
(Worker_DP6_TP0_EP12 pid=414291) INFO 07-28 10:28:25 [ascend_config.py:825] The number of redundant experts is 0
(Worker_DP6_TP1_EP13 pid=414707) INFO 07-28 10:28:25 [platform.py:770] Set PYTORCH_NPU_ALLOC_CONF=expandable_segments:True
(Worker_DP6_TP1_EP13 pid=414707) INFO 07-28 10:28:25 [llm_base_proposer.py:298] [spec_decode/base] Loading draft model: method=mtp, load_format=None, model=/mnt/weights/DeepSeek-V3.1-Terminus-w8a8-QuaRot-lfs
(Worker_DP6_TP0_EP12 pid=414291) INFO 07-28 10:28:25 [platform.py:770] Set PYTORCH_NPU_ALLOC_CONF=expandable_segments:True
(Worker_DP6_TP0_EP12 pid=414291) INFO 07-28 10:28:25 [llm_base_proposer.py:298] [spec_decode/base] Loading draft model: method=mtp, load_format=None, model=/mnt/weights/DeepSeek-V3.1-Terminus-w8a8-QuaRot-lfs
(Worker_DP7_TP0_EP14 pid=414290) INFO 07-28 10:28:25 [model_runner_v1.py:3845] Loading drafter model...
(Worker_DP7_TP0_EP14 pid=414290) INFO 07-28 10:28:25 [vllm.py:1090] Asynchronous scheduling is enabled.
(Worker_DP7_TP0_EP14 pid=414290) WARNING 07-28 10:28:25 [vllm.py:1114] Disabling cascade attention (not yet compatible with async speculative decoding).
(Worker_DP7_TP0_EP14 pid=414290) INFO 07-28 10:28:25 [kernel.py:292] Final IR op priority after setting platform defaults: IrOpPriorityConfig(rms_norm=['native'], fused_add_rms_norm=['native'])
(Worker_DP7_TP0_EP14 pid=414290) WARNING 07-28 10:28:25 [vllm.py:1697] max_num_scheduled_tokens is set to 256 based on the speculative decoding settings. This may lead to suboptimal performance. Consider increasing max_num_batched_tokens to accommodate the additional draft token slots, or decrease num_speculative_tokens or max_num_seqs.
(Worker_DP7_TP0_EP14 pid=414290) WARNING 07-28 10:28:25 [platform.py:1043] GPU-specific parameter is not supported on Ascend. parameter=disable_cascade_attn, value=True, action: resetting to False.
(Worker_DP7_TP0_EP14 pid=414290) INFO 07-28 10:28:25 [ascend_config.py:490] finegrained_tp_config enabled: lmhead_tensor_parallel_size=2
(Worker_DP7_TP0_EP14 pid=414290) INFO 07-28 10:28:25 [ascend_config.py:824] Dynamic EPLB is False
(Worker_DP7_TP0_EP14 pid=414290) INFO 07-28 10:28:25 [ascend_config.py:825] The number of redundant experts is 0
(Worker_DP7_TP0_EP14 pid=414290) INFO 07-28 10:28:25 [platform.py:770] Set PYTORCH_NPU_ALLOC_CONF=expandable_segments:True
(Worker_DP7_TP0_EP14 pid=414290) INFO 07-28 10:28:25 [llm_base_proposer.py:298] [spec_decode/base] Loading draft model: method=mtp, load_format=None, model=/mnt/weights/DeepSeek-V3.1-Terminus-w8a8-QuaRot-lfs
(Worker_DP6_TP1_EP13 pid=414707) INFO 07-28 10:28:25 [compilation.py:1067] Using OOT custom backend for compilation.
(Worker_DP6_TP0_EP12 pid=414291) INFO 07-28 10:28:25 [compilation.py:1067] Using OOT custom backend for compilation.
(Worker_DP6_TP0_EP12 pid=414291) INFO 07-28 10:28:25 [weight_utils.py:857] Filesystem type for checkpoints: EXT4. Checkpoint size: 646.43 GiB. Available RAM: 1827.55 GiB.
(Worker_DP7_TP0_EP14 pid=414290) INFO 07-28 10:28:25 [compilation.py:1067] Using OOT custom backend for compilation.
(Worker_DP7_TP0_EP14 pid=414290) INFO 07-28 10:28:25 [weight_utils.py:857] Filesystem type for checkpoints: EXT4. Checkpoint size: 646.43 GiB. Available RAM: 1827.34 GiB.
(Worker_DP3_TP1_EP7 pid=414680) INFO 07-28 10:28:26 [model_runner_v1.py:3845] Loading drafter model...
(Worker_DP3_TP1_EP7 pid=414680) INFO 07-28 10:28:26 [kernel.py:292] Final IR op priority after setting platform defaults: IrOpPriorityConfig(rms_norm=['native'], fused_add_rms_norm=['native'])
(Worker_DP3_TP1_EP7 pid=414680) WARNING 07-28 10:28:26 [platform.py:1043] GPU-specific parameter is not supported on Ascend. parameter=disable_cascade_attn, value=True, action: resetting to False.
(Worker_DP3_TP1_EP7 pid=414680) INFO 07-28 10:28:26 [ascend_config.py:490] finegrained_tp_config enabled: lmhead_tensor_parallel_size=2
(Worker_DP3_TP1_EP7 pid=414680) INFO 07-28 10:28:26 [ascend_config.py:824] Dynamic EPLB is False
(Worker_DP3_TP1_EP7 pid=414680) INFO 07-28 10:28:26 [ascend_config.py:825] The number of redundant experts is 0
(Worker_DP3_TP1_EP7 pid=414680) INFO 07-28 10:28:26 [platform.py:770] Set PYTORCH_NPU_ALLOC_CONF=expandable_segments:True
(Worker_DP3_TP1_EP7 pid=414680) INFO 07-28 10:28:26 [llm_base_proposer.py:298] [spec_decode/base] Loading draft model: method=mtp, load_format=None, model=/mnt/weights/DeepSeek-V3.1-Terminus-w8a8-QuaRot-lfs
(Worker_DP3_TP1_EP7 pid=414680) INFO 07-28 10:28:26 [compilation.py:1067] Using OOT custom backend for compilation.
(Worker_DP0_TP0_EP0 pid=414295) INFO 07-28 10:28:27 [fused_moe.py:510] [fused_moe/layer] Shared expert split computation validation passed. Integrated and split-path results are consistent.
(Worker_DP1_TP1_EP3 pid=414704) INFO 07-28 10:28:27 [model_runner_v1.py:3845] Loading drafter model...
(Worker_DP1_TP1_EP3 pid=414704) INFO 07-28 10:28:27 [kernel.py:292] Final IR op priority after setting platform defaults: IrOpPriorityConfig(rms_norm=['native'], fused_add_rms_norm=['native'])
(Worker_DP1_TP1_EP3 pid=414704) WARNING 07-28 10:28:27 [platform.py:1043] GPU-specific parameter is not supported on Ascend. parameter=disable_cascade_attn, value=True, action: resetting to False.
(Worker_DP1_TP1_EP3 pid=414704) INFO 07-28 10:28:27 [ascend_config.py:490] finegrained_tp_config enabled: lmhead_tensor_parallel_size=2
(Worker_DP1_TP1_EP3 pid=414704) INFO 07-28 10:28:27 [ascend_config.py:824] Dynamic EPLB is False
(Worker_DP1_TP1_EP3 pid=414704) INFO 07-28 10:28:27 [ascend_config.py:825] The number of redundant experts is 0
(Worker_DP1_TP1_EP3 pid=414704) INFO 07-28 10:28:27 [platform.py:770] Set PYTORCH_NPU_ALLOC_CONF=expandable_segments:True
(Worker_DP1_TP1_EP3 pid=414704) INFO 07-28 10:28:27 [llm_base_proposer.py:298] [spec_decode/base] Loading draft model: method=mtp, load_format=None, model=/mnt/weights/DeepSeek-V3.1-Terminus-w8a8-QuaRot-lfs
(Worker_DP1_TP1_EP3 pid=414704) INFO 07-28 10:28:27 [compilation.py:1067] Using OOT custom backend for compilation.
(Worker_DP4_TP0_EP8 pid=414288) INFO 07-28 10:28:28 [fused_moe.py:510] [fused_moe/layer] Shared expert split computation validation passed. Integrated and split-path results are consistent.
(Worker_DP2_TP0_EP4 pid=414289) INFO 07-28 10:28:28 [fused_moe.py:510] [fused_moe/layer] Shared expert split computation validation passed. Integrated and split-path results are consistent.
(Worker_DP0_TP0_EP0 pid=414295) INFO 07-28 10:28:30 [model_runner_v1.py:3845] Loading drafter model...
(Worker_DP0_TP0_EP0 pid=414295) INFO 07-28 10:28:30 [vllm.py:1090] Asynchronous scheduling is enabled.
(Worker_DP0_TP0_EP0 pid=414295) WARNING 07-28 10:28:30 [vllm.py:1114] Disabling cascade attention (not yet compatible with async speculative decoding).
(Worker_DP0_TP0_EP0 pid=414295) INFO 07-28 10:28:30 [kernel.py:292] Final IR op priority after setting platform defaults: IrOpPriorityConfig(rms_norm=['native'], fused_add_rms_norm=['native'])
(Worker_DP0_TP0_EP0 pid=414295) WARNING 07-28 10:28:30 [vllm.py:1697] max_num_scheduled_tokens is set to 256 based on the speculative decoding settings. This may lead to suboptimal performance. Consider increasing max_num_batched_tokens to accommodate the additional draft token slots, or decrease num_speculative_tokens or max_num_seqs.
(Worker_DP0_TP0_EP0 pid=414295) WARNING 07-28 10:28:30 [platform.py:1043] GPU-specific parameter is not supported on Ascend. parameter=disable_cascade_attn, value=True, action: resetting to False.
(Worker_DP0_TP0_EP0 pid=414295) INFO 07-28 10:28:30 [ascend_config.py:490] finegrained_tp_config enabled: lmhead_tensor_parallel_size=2
(Worker_DP0_TP0_EP0 pid=414295) INFO 07-28 10:28:30 [ascend_config.py:824] Dynamic EPLB is False
(Worker_DP0_TP0_EP0 pid=414295) INFO 07-28 10:28:30 [ascend_config.py:825] The number of redundant experts is 0
(Worker_DP0_TP0_EP0 pid=414295) INFO 07-28 10:28:30 [platform.py:770] Set PYTORCH_NPU_ALLOC_CONF=expandable_segments:True
(Worker_DP0_TP0_EP0 pid=414295) INFO 07-28 10:28:30 [compilation.py:312] Enabled custom fusions: norm_quant, act_quant
(Worker_DP0_TP0_EP0 pid=414295) INFO 07-28 10:28:30 [llm_base_proposer.py:298] [spec_decode/base] Loading draft model: method=mtp, load_format=None, model=/mnt/weights/DeepSeek-V3.1-Terminus-w8a8-QuaRot-lfs
(Worker_DP0_TP0_EP0 pid=414295) INFO 07-28 10:28:30 [compilation.py:1067] Using OOT custom backend for compilation.
(Worker_DP0_TP0_EP0 pid=414295) INFO 07-28 10:28:30 [weight_utils.py:857] Filesystem type for checkpoints: EXT4. Checkpoint size: 646.43 GiB. Available RAM: 1810.06 GiB.
(Worker_DP0_TP0_EP0 pid=414295) 
Loading safetensors checkpoint shards:   0% Completed | 0/162 [00:00<?, ?it/s]
(Worker_DP0_TP0_EP0 pid=414295) 
Loading safetensors checkpoint shards:   2% Completed | 4/162 [00:00<00:04, 39.20it/s]
(Worker_DP0_TP0_EP0 pid=414295) 
Loading safetensors checkpoint shards:   5% Completed | 8/162 [00:00<00:04, 35.51it/s]
(Worker_DP0_TP0_EP0 pid=414295) 
Loading safetensors checkpoint shards:   7% Completed | 12/162 [00:00<00:04, 33.79it/s]
(Worker_DP0_TP0_EP0 pid=414295) 
Loading safetensors checkpoint shards:  10% Completed | 16/162 [00:00<00:04, 32.60it/s]
(Worker_DP0_TP0_EP0 pid=414295) 
Loading safetensors checkpoint shards:  12% Completed | 20/162 [00:00<00:04, 32.74it/s]
(Worker_DP0_TP0_EP0 pid=414295) 
Loading safetensors checkpoint shards:  15% Completed | 24/162 [00:00<00:04, 32.59it/s]
(Worker_DP5_TP0_EP10 pid=414292) INFO 07-28 10:28:31 [fused_moe.py:510] [fused_moe/layer] Shared expert split computation validation passed. Integrated and split-path results are consistent.
(Worker_DP0_TP0_EP0 pid=414295) 
Loading safetensors checkpoint shards:  17% Completed | 28/162 [00:00<00:04, 32.01it/s]
(Worker_DP0_TP0_EP0 pid=414295) 
Loading safetensors checkpoint shards:  20% Completed | 32/162 [00:00<00:04, 31.86it/s]
(Worker_DP4_TP0_EP8 pid=414288) INFO 07-28 10:28:31 [model_runner_v1.py:3845] Loading drafter model...
(Worker_DP4_TP0_EP8 pid=414288) INFO 07-28 10:28:31 [vllm.py:1090] Asynchronous scheduling is enabled.
(Worker_DP4_TP0_EP8 pid=414288) WARNING 07-28 10:28:31 [vllm.py:1114] Disabling cascade attention (not yet compatible with async speculative decoding).
(Worker_DP4_TP0_EP8 pid=414288) INFO 07-28 10:28:31 [kernel.py:292] Final IR op priority after setting platform defaults: IrOpPriorityConfig(rms_norm=['native'], fused_add_rms_norm=['native'])
(Worker_DP4_TP0_EP8 pid=414288) WARNING 07-28 10:28:31 [vllm.py:1697] max_num_scheduled_tokens is set to 256 based on the speculative decoding settings. This may lead to suboptimal performance. Consider increasing max_num_batched_tokens to accommodate the additional draft token slots, or decrease num_speculative_tokens or max_num_seqs.
(Worker_DP4_TP0_EP8 pid=414288) WARNING 07-28 10:28:31 [platform.py:1043] GPU-specific parameter is not supported on Ascend. parameter=disable_cascade_attn, value=True, action: resetting to False.
(Worker_DP4_TP0_EP8 pid=414288) INFO 07-28 10:28:31 [ascend_config.py:490] finegrained_tp_config enabled: lmhead_tensor_parallel_size=2
(Worker_DP4_TP0_EP8 pid=414288) INFO 07-28 10:28:31 [ascend_config.py:824] Dynamic EPLB is False
(Worker_DP4_TP0_EP8 pid=414288) INFO 07-28 10:28:31 [ascend_config.py:825] The number of redundant experts is 0
(Worker_DP0_TP0_EP0 pid=414295) 
Loading safetensors checkpoint shards:  22% Completed | 36/162 [00:01<00:03, 32.05it/s]
(Worker_DP4_TP0_EP8 pid=414288) INFO 07-28 10:28:31 [platform.py:770] Set PYTORCH_NPU_ALLOC_CONF=expandable_segments:True
(Worker_DP4_TP0_EP8 pid=414288) INFO 07-28 10:28:31 [llm_base_proposer.py:298] [spec_decode/base] Loading draft model: method=mtp, load_format=None, model=/mnt/weights/DeepSeek-V3.1-Terminus-w8a8-QuaRot-lfs
(Worker_DP0_TP0_EP0 pid=414295) 
Loading safetensors checkpoint shards:  25% Completed | 40/162 [00:01<00:03, 32.23it/s]
(Worker_DP0_TP0_EP0 pid=414295) 
Loading safetensors checkpoint shards:  27% Completed | 44/162 [00:01<00:03, 32.12it/s]
(Worker_DP0_TP0_EP0 pid=414295) 
Loading safetensors checkpoint shards:  30% Completed | 48/162 [00:01<00:03, 31.98it/s]
(Worker_DP4_TP0_EP8 pid=414288) INFO 07-28 10:28:32 [compilation.py:1067] Using OOT custom backend for compilation.
(Worker_DP4_TP0_EP8 pid=414288) INFO 07-28 10:28:32 [weight_utils.py:857] Filesystem type for checkpoints: EXT4. Checkpoint size: 646.43 GiB. Available RAM: 1802.76 GiB.
(Worker_DP0_TP0_EP0 pid=414295) 
Loading safetensors checkpoint shards:  32% Completed | 52/162 [00:01<00:03, 30.89it/s]
(Worker_DP0_TP0_EP0 pid=414295) 
Loading safetensors checkpoint shards:  35% Completed | 56/162 [00:01<00:03, 30.61it/s]
(Worker_DP2_TP0_EP4 pid=414289) INFO 07-28 10:28:32 [model_runner_v1.py:3845] Loading drafter model...
(Worker_DP2_TP0_EP4 pid=414289) INFO 07-28 10:28:32 [vllm.py:1090] Asynchronous scheduling is enabled.
(Worker_DP2_TP0_EP4 pid=414289) WARNING 07-28 10:28:32 [vllm.py:1114] Disabling cascade attention (not yet compatible with async speculative decoding).
(Worker_DP2_TP0_EP4 pid=414289) INFO 07-28 10:28:32 [kernel.py:292] Final IR op priority after setting platform defaults: IrOpPriorityConfig(rms_norm=['native'], fused_add_rms_norm=['native'])
(Worker_DP2_TP0_EP4 pid=414289) WARNING 07-28 10:28:32 [vllm.py:1697] max_num_scheduled_tokens is set to 256 based on the speculative decoding settings. This may lead to suboptimal performance. Consider increasing max_num_batched_tokens to accommodate the additional draft token slots, or decrease num_speculative_tokens or max_num_seqs.
(Worker_DP2_TP0_EP4 pid=414289) WARNING 07-28 10:28:32 [platform.py:1043] GPU-specific parameter is not supported on Ascend. parameter=disable_cascade_attn, value=True, action: resetting to False.
(Worker_DP2_TP0_EP4 pid=414289) INFO 07-28 10:28:32 [ascend_config.py:490] finegrained_tp_config enabled: lmhead_tensor_parallel_size=2
(Worker_DP2_TP0_EP4 pid=414289) INFO 07-28 10:28:32 [ascend_config.py:824] Dynamic EPLB is False
(Worker_DP2_TP0_EP4 pid=414289) INFO 07-28 10:28:32 [ascend_config.py:825] The number of redundant experts is 0
(Worker_DP0_TP0_EP0 pid=414295) 
Loading safetensors checkpoint shards:  37% Completed | 60/162 [00:01<00:03, 29.26it/s]
(Worker_DP7_TP1_EP15 pid=414666) INFO 07-28 10:28:32 [model_runner_v1.py:3845] Loading drafter model...
(Worker_DP7_TP1_EP15 pid=414666) INFO 07-28 10:28:32 [kernel.py:292] Final IR op priority after setting platform defaults: IrOpPriorityConfig(rms_norm=['native'], fused_add_rms_norm=['native'])
(Worker_DP7_TP1_EP15 pid=414666) WARNING 07-28 10:28:32 [platform.py:1043] GPU-specific parameter is not supported on Ascend. parameter=disable_cascade_attn, value=True, action: resetting to False.
(Worker_DP7_TP1_EP15 pid=414666) INFO 07-28 10:28:32 [ascend_config.py:490] finegrained_tp_config enabled: lmhead_tensor_parallel_size=2
(Worker_DP7_TP1_EP15 pid=414666) INFO 07-28 10:28:32 [ascend_config.py:824] Dynamic EPLB is False
(Worker_DP7_TP1_EP15 pid=414666) INFO 07-28 10:28:32 [ascend_config.py:825] The number of redundant experts is 0
(Worker_DP2_TP0_EP4 pid=414289) INFO 07-28 10:28:32 [platform.py:770] Set PYTORCH_NPU_ALLOC_CONF=expandable_segments:True
(Worker_DP2_TP0_EP4 pid=414289) INFO 07-28 10:28:32 [llm_base_proposer.py:298] [spec_decode/base] Loading draft model: method=mtp, load_format=None, model=/mnt/weights/DeepSeek-V3.1-Terminus-w8a8-QuaRot-lfs
(Worker_DP7_TP1_EP15 pid=414666) INFO 07-28 10:28:32 [platform.py:770] Set PYTORCH_NPU_ALLOC_CONF=expandable_segments:True
(Worker_DP7_TP1_EP15 pid=414666) INFO 07-28 10:28:32 [llm_base_proposer.py:298] [spec_decode/base] Loading draft model: method=mtp, load_format=None, model=/mnt/weights/DeepSeek-V3.1-Terminus-w8a8-QuaRot-lfs
(Worker_DP0_TP0_EP0 pid=414295) 
Loading safetensors checkpoint shards:  40% Completed | 64/162 [00:02<00:03, 29.83it/s]
(Worker_DP0_TP0_EP0 pid=414295) 
Loading safetensors checkpoint shards:  42% Completed | 68/162 [00:02<00:03, 30.31it/s]
(Worker_DP2_TP0_EP4 pid=414289) INFO 07-28 10:28:33 [compilation.py:1067] Using OOT custom backend for compilation.
(Worker_DP2_TP0_EP4 pid=414289) INFO 07-28 10:28:33 [weight_utils.py:857] Filesystem type for checkpoints: EXT4. Checkpoint size: 646.43 GiB. Available RAM: 1799.56 GiB.
(Worker_DP0_TP0_EP0 pid=414295) 
Loading safetensors checkpoint shards:  44% Completed | 72/162 [00:02<00:02, 30.94it/s]
(Worker_DP7_TP1_EP15 pid=414666) INFO 07-28 10:28:33 [compilation.py:1067] Using OOT custom backend for compilation.
(Worker_DP0_TP0_EP0 pid=414295) 
Loading safetensors checkpoint shards:  47% Completed | 76/162 [00:02<00:02, 31.51it/s]
(Worker_DP0_TP0_EP0 pid=414295) 
Loading safetensors checkpoint shards:  49% Completed | 80/162 [00:02<00:02, 31.76it/s]
(Worker_DP0_TP0_EP0 pid=414295) 
Loading safetensors checkpoint shards:  52% Completed | 84/162 [00:02<00:02, 31.23it/s]
(Worker_DP0_TP0_EP0 pid=414295) 
Loading safetensors checkpoint shards:  54% Completed | 88/162 [00:02<00:02, 30.42it/s]
(Worker_DP0_TP0_EP0 pid=414295) 
Loading safetensors checkpoint shards:  57% Completed | 92/162 [00:02<00:02, 30.30it/s]
(Worker_DP0_TP0_EP0 pid=414295) 
Loading safetensors checkpoint shards:  59% Completed | 96/162 [00:03<00:02, 30.28it/s]
(Worker_DP0_TP0_EP0 pid=414295) 
Loading safetensors checkpoint shards:  62% Completed | 100/162 [00:03<00:02, 30.53it/s]
(Worker_DP0_TP0_EP0 pid=414295) 
Loading safetensors checkpoint shards:  64% Completed | 104/162 [00:03<00:01, 30.48it/s]
(Worker_DP0_TP0_EP0 pid=414295) 
Loading safetensors checkpoint shards:  67% Completed | 108/162 [00:03<00:01, 30.76it/s]
(Worker_DP0_TP0_EP0 pid=414295) 
Loading safetensors checkpoint shards:  69% Completed | 112/162 [00:03<00:01, 26.75it/s]
(Worker_DP0_TP0_EP0 pid=414295) 
Loading safetensors checkpoint shards:  72% Completed | 116/162 [00:03<00:01, 28.11it/s]
(Worker_DP0_TP0_EP0 pid=414295) 
Loading safetensors checkpoint shards:  74% Completed | 120/162 [00:03<00:01, 29.11it/s]
(Worker_DP0_TP0_EP0 pid=414295) 
Loading safetensors checkpoint shards:  76% Completed | 123/162 [00:03<00:01, 29.28it/s]
(Worker_DP0_TP0_EP0 pid=414295) 
Loading safetensors checkpoint shards:  78% Completed | 127/162 [00:04<00:01, 29.63it/s]
(Worker_DP0_TP0_EP0 pid=414295) 
Loading safetensors checkpoint shards:  81% Completed | 131/162 [00:04<00:01, 30.19it/s]
(Worker_DP3_TP0_EP6 pid=414293) INFO 07-28 10:28:35 [fused_moe.py:510] [fused_moe/layer] Shared expert split computation validation passed. Integrated and split-path results are consistent.
(Worker_DP0_TP0_EP0 pid=414295) 
Loading safetensors checkpoint shards:  83% Completed | 135/162 [00:04<00:00, 30.99it/s]
(Worker_DP0_TP0_EP0 pid=414295) 
Loading safetensors checkpoint shards:  86% Completed | 139/162 [00:04<00:00, 31.23it/s]
(Worker_DP0_TP0_EP0 pid=414295) 
Loading safetensors checkpoint shards:  88% Completed | 143/162 [00:04<00:00, 31.79it/s]
(Worker_DP0_TP0_EP0 pid=414295) 
Loading safetensors checkpoint shards:  91% Completed | 147/162 [00:04<00:00, 29.27it/s]
(Worker_DP0_TP0_EP0 pid=414295) 
Loading safetensors checkpoint shards:  93% Completed | 151/162 [00:04<00:00, 30.72it/s]
(Worker_DP5_TP0_EP10 pid=414292) INFO 07-28 10:28:35 [model_runner_v1.py:3845] Loading drafter model...
(Worker_DP5_TP0_EP10 pid=414292) INFO 07-28 10:28:35 [vllm.py:1090] Asynchronous scheduling is enabled.
(Worker_DP5_TP0_EP10 pid=414292) WARNING 07-28 10:28:35 [vllm.py:1114] Disabling cascade attention (not yet compatible with async speculative decoding).
(Worker_DP5_TP0_EP10 pid=414292) INFO 07-28 10:28:35 [kernel.py:292] Final IR op priority after setting platform defaults: IrOpPriorityConfig(rms_norm=['native'], fused_add_rms_norm=['native'])
(Worker_DP5_TP0_EP10 pid=414292) WARNING 07-28 10:28:35 [vllm.py:1697] max_num_scheduled_tokens is set to 256 based on the speculative decoding settings. This may lead to suboptimal performance. Consider increasing max_num_batched_tokens to accommodate the additional draft token slots, or decrease num_speculative_tokens or max_num_seqs.
(Worker_DP5_TP0_EP10 pid=414292) WARNING 07-28 10:28:35 [platform.py:1043] GPU-specific parameter is not supported on Ascend. parameter=disable_cascade_attn, value=True, action: resetting to False.
(Worker_DP5_TP0_EP10 pid=414292) INFO 07-28 10:28:35 [ascend_config.py:490] finegrained_tp_config enabled: lmhead_tensor_parallel_size=2
(Worker_DP5_TP0_EP10 pid=414292) INFO 07-28 10:28:35 [ascend_config.py:824] Dynamic EPLB is False
(Worker_DP5_TP0_EP10 pid=414292) INFO 07-28 10:28:35 [ascend_config.py:825] The number of redundant experts is 0
(Worker_DP0_TP0_EP0 pid=414295) 
Loading safetensors checkpoint shards:  96% Completed | 155/162 [00:05<00:00, 31.62it/s]
(Worker_DP5_TP0_EP10 pid=414292) INFO 07-28 10:28:35 [platform.py:770] Set PYTORCH_NPU_ALLOC_CONF=expandable_segments:True
(Worker_DP5_TP0_EP10 pid=414292) INFO 07-28 10:28:35 [llm_base_proposer.py:298] [spec_decode/base] Loading draft model: method=mtp, load_format=None, model=/mnt/weights/DeepSeek-V3.1-Terminus-w8a8-QuaRot-lfs
(Worker_DP5_TP0_EP10 pid=414292) INFO 07-28 10:28:36 [compilation.py:1067] Using OOT custom backend for compilation.
(Worker_DP5_TP0_EP10 pid=414292) INFO 07-28 10:28:36 [weight_utils.py:857] Filesystem type for checkpoints: EXT4. Checkpoint size: 646.43 GiB. Available RAM: 1791.60 GiB.
(Worker_DP0_TP0_EP0 pid=414295) 
Loading safetensors checkpoint shards:  98% Completed | 159/162 [00:05<00:00, 11.71it/s]
(Worker_DP1_TP0_EP2 pid=414294) INFO 07-28 10:28:36 [fused_moe.py:510] [fused_moe/layer] Shared expert split computation validation passed. Integrated and split-path results are consistent.
(Worker_DP5_TP1_EP11 pid=414739) INFO 07-28 10:28:37 [model_runner_v1.py:3845] Loading drafter model...
(Worker_DP5_TP1_EP11 pid=414739) INFO 07-28 10:28:37 [kernel.py:292] Final IR op priority after setting platform defaults: IrOpPriorityConfig(rms_norm=['native'], fused_add_rms_norm=['native'])
(Worker_DP5_TP1_EP11 pid=414739) WARNING 07-28 10:28:37 [platform.py:1043] GPU-specific parameter is not supported on Ascend. parameter=disable_cascade_attn, value=True, action: resetting to False.
(Worker_DP5_TP1_EP11 pid=414739) INFO 07-28 10:28:37 [ascend_config.py:490] finegrained_tp_config enabled: lmhead_tensor_parallel_size=2
(Worker_DP5_TP1_EP11 pid=414739) INFO 07-28 10:28:37 [ascend_config.py:824] Dynamic EPLB is False
(Worker_DP5_TP1_EP11 pid=414739) INFO 07-28 10:28:37 [ascend_config.py:825] The number of redundant experts is 0
(Worker_DP5_TP1_EP11 pid=414739) INFO 07-28 10:28:37 [platform.py:770] Set PYTORCH_NPU_ALLOC_CONF=expandable_segments:True
(Worker_DP5_TP1_EP11 pid=414739) INFO 07-28 10:28:37 [llm_base_proposer.py:298] [spec_decode/base] Loading draft model: method=mtp, load_format=None, model=/mnt/weights/DeepSeek-V3.1-Terminus-w8a8-QuaRot-lfs
(Worker_DP2_TP1_EP5 pid=414705) INFO 07-28 10:28:37 [model_runner_v1.py:3845] Loading drafter model...
(Worker_DP2_TP1_EP5 pid=414705) INFO 07-28 10:28:37 [kernel.py:292] Final IR op priority after setting platform defaults: IrOpPriorityConfig(rms_norm=['native'], fused_add_rms_norm=['native'])
(Worker_DP2_TP1_EP5 pid=414705) WARNING 07-28 10:28:37 [platform.py:1043] GPU-specific parameter is not supported on Ascend. parameter=disable_cascade_attn, value=True, action: resetting to False.
(Worker_DP2_TP1_EP5 pid=414705) INFO 07-28 10:28:37 [ascend_config.py:490] finegrained_tp_config enabled: lmhead_tensor_parallel_size=2
(Worker_DP2_TP1_EP5 pid=414705) INFO 07-28 10:28:37 [ascend_config.py:824] Dynamic EPLB is False
(Worker_DP2_TP1_EP5 pid=414705) INFO 07-28 10:28:37 [ascend_config.py:825] The number of redundant experts is 0
(Worker_DP2_TP1_EP5 pid=414705) INFO 07-28 10:28:37 [platform.py:770] Set PYTORCH_NPU_ALLOC_CONF=expandable_segments:True
(Worker_DP2_TP1_EP5 pid=414705) INFO 07-28 10:28:37 [llm_base_proposer.py:298] [spec_decode/base] Loading draft model: method=mtp, load_format=None, model=/mnt/weights/DeepSeek-V3.1-Terminus-w8a8-QuaRot-lfs
(Worker_DP5_TP1_EP11 pid=414739) INFO 07-28 10:28:37 [compilation.py:1067] Using OOT custom backend for compilation.
(Worker_DP2_TP1_EP5 pid=414705) INFO 07-28 10:28:38 [compilation.py:1067] Using OOT custom backend for compilation.
(Worker_DP0_TP1_EP1 pid=414679) INFO 07-28 10:28:38 [model_runner_v1.py:3845] Loading drafter model...
(Worker_DP0_TP1_EP1 pid=414679) INFO 07-28 10:28:38 [kernel.py:292] Final IR op priority after setting platform defaults: IrOpPriorityConfig(rms_norm=['native'], fused_add_rms_norm=['native'])
(Worker_DP0_TP1_EP1 pid=414679) WARNING 07-28 10:28:38 [platform.py:1043] GPU-specific parameter is not supported on Ascend. parameter=disable_cascade_attn, value=True, action: resetting to False.
(Worker_DP0_TP1_EP1 pid=414679) INFO 07-28 10:28:38 [ascend_config.py:490] finegrained_tp_config enabled: lmhead_tensor_parallel_size=2
(Worker_DP0_TP1_EP1 pid=414679) INFO 07-28 10:28:38 [ascend_config.py:824] Dynamic EPLB is False
(Worker_DP0_TP1_EP1 pid=414679) INFO 07-28 10:28:38 [ascend_config.py:825] The number of redundant experts is 0
(Worker_DP3_TP0_EP6 pid=414293) INFO 07-28 10:28:38 [model_runner_v1.py:3845] Loading drafter model...
(Worker_DP3_TP0_EP6 pid=414293) INFO 07-28 10:28:38 [vllm.py:1090] Asynchronous scheduling is enabled.
(Worker_DP3_TP0_EP6 pid=414293) WARNING 07-28 10:28:38 [vllm.py:1114] Disabling cascade attention (not yet compatible with async speculative decoding).
(Worker_DP3_TP0_EP6 pid=414293) INFO 07-28 10:28:38 [kernel.py:292] Final IR op priority after setting platform defaults: IrOpPriorityConfig(rms_norm=['native'], fused_add_rms_norm=['native'])
(Worker_DP3_TP0_EP6 pid=414293) WARNING 07-28 10:28:38 [vllm.py:1697] max_num_scheduled_tokens is set to 256 based on the speculative decoding settings. This may lead to suboptimal performance. Consider increasing max_num_batched_tokens to accommodate the additional draft token slots, or decrease num_speculative_tokens or max_num_seqs.
(Worker_DP3_TP0_EP6 pid=414293) WARNING 07-28 10:28:38 [platform.py:1043] GPU-specific parameter is not supported on Ascend. parameter=disable_cascade_attn, value=True, action: resetting to False.
(Worker_DP3_TP0_EP6 pid=414293) INFO 07-28 10:28:38 [ascend_config.py:490] finegrained_tp_config enabled: lmhead_tensor_parallel_size=2
(Worker_DP3_TP0_EP6 pid=414293) INFO 07-28 10:28:38 [ascend_config.py:824] Dynamic EPLB is False
(Worker_DP3_TP0_EP6 pid=414293) INFO 07-28 10:28:38 [ascend_config.py:825] The number of redundant experts is 0
(Worker_DP0_TP1_EP1 pid=414679) INFO 07-28 10:28:38 [platform.py:770] Set PYTORCH_NPU_ALLOC_CONF=expandable_segments:True
(Worker_DP0_TP1_EP1 pid=414679) INFO 07-28 10:28:38 [llm_base_proposer.py:298] [spec_decode/base] Loading draft model: method=mtp, load_format=None, model=/mnt/weights/DeepSeek-V3.1-Terminus-w8a8-QuaRot-lfs
(Worker_DP3_TP0_EP6 pid=414293) INFO 07-28 10:28:38 [platform.py:770] Set PYTORCH_NPU_ALLOC_CONF=expandable_segments:True
(Worker_DP3_TP0_EP6 pid=414293) INFO 07-28 10:28:38 [llm_base_proposer.py:298] [spec_decode/base] Loading draft model: method=mtp, load_format=None, model=/mnt/weights/DeepSeek-V3.1-Terminus-w8a8-QuaRot-lfs
(Worker_DP0_TP0_EP0 pid=414295) 
Loading safetensors checkpoint shards: 100% Completed | 162/162 [00:07<00:00,  4.51it/s]
(Worker_DP0_TP0_EP0 pid=414295) 
Loading safetensors checkpoint shards: 100% Completed | 162/162 [00:07<00:00, 20.80it/s]
(Worker_DP0_TP0_EP0 pid=414295) 
(Worker_DP7_TP0_EP14 pid=414290) INFO 07-28 10:28:38 [default_loader.py:430] Loading weights took 12.80 seconds
(Worker_DP7_TP0_EP14 pid=414290) INFO 07-28 10:28:38 [llm_base_proposer.py:461] [spec_decode/base] Detected MTP model. Sharing target model embedding weights with the draft model.
(Worker_DP0_TP1_EP1 pid=414679) INFO 07-28 10:28:38 [compilation.py:1067] Using OOT custom backend for compilation.
(Worker_DP1_TP1_EP3 pid=414704) INFO 07-28 10:28:38 [llm_base_proposer.py:461] [spec_decode/base] Detected MTP model. Sharing target model embedding weights with the draft model.
(Worker_DP7_TP0_EP14 pid=414290) INFO 07-28 10:28:38 [llm_base_proposer.py:522] [spec_decode/base] Wrapping draft model with ACLGraphWrapper: runtime_mode=FULL, use_eagle=True, enable_enpu=False
(Worker_DP3_TP0_EP6 pid=414293) INFO 07-28 10:28:38 [compilation.py:1067] Using OOT custom backend for compilation.
(Worker_DP3_TP0_EP6 pid=414293) INFO 07-28 10:28:38 [weight_utils.py:857] Filesystem type for checkpoints: EXT4. Checkpoint size: 646.43 GiB. Available RAM: 1790.85 GiB.
(Worker_DP1_TP1_EP3 pid=414704) INFO 07-28 10:28:38 [llm_base_proposer.py:522] [spec_decode/base] Wrapping draft model with ACLGraphWrapper: runtime_mode=FULL, use_eagle=True, enable_enpu=False
(Worker_DP4_TP1_EP9 pid=414629) INFO 07-28 10:28:38 [model_runner_v1.py:3845] Loading drafter model...
(Worker_DP4_TP1_EP9 pid=414629) INFO 07-28 10:28:38 [kernel.py:292] Final IR op priority after setting platform defaults: IrOpPriorityConfig(rms_norm=['native'], fused_add_rms_norm=['native'])
(Worker_DP4_TP1_EP9 pid=414629) WARNING 07-28 10:28:38 [platform.py:1043] GPU-specific parameter is not supported on Ascend. parameter=disable_cascade_attn, value=True, action: resetting to False.
(Worker_DP4_TP1_EP9 pid=414629) INFO 07-28 10:28:38 [ascend_config.py:490] finegrained_tp_config enabled: lmhead_tensor_parallel_size=2
(Worker_DP4_TP1_EP9 pid=414629) INFO 07-28 10:28:38 [ascend_config.py:824] Dynamic EPLB is False
(Worker_DP4_TP1_EP9 pid=414629) INFO 07-28 10:28:38 [ascend_config.py:825] The number of redundant experts is 0
(Worker_DP4_TP0_EP8 pid=414288) INFO 07-28 10:28:38 [default_loader.py:430] Loading weights took 6.66 seconds
(Worker_DP6_TP0_EP12 pid=414291) INFO 07-28 10:28:38 [default_loader.py:430] Loading weights took 13.21 seconds
(Worker_DP0_TP0_EP0 pid=414295) INFO 07-28 10:28:38 [default_loader.py:430] Loading weights took 8.22 seconds
(Worker_DP3_TP1_EP7 pid=414680) INFO 07-28 10:28:39 [llm_base_proposer.py:461] [spec_decode/base] Detected MTP model. Sharing target model embedding weights with the draft model.
(Worker_DP6_TP1_EP13 pid=414707) INFO 07-28 10:28:39 [llm_base_proposer.py:461] [spec_decode/base] Detected MTP model. Sharing target model embedding weights with the draft model.
(Worker_DP4_TP1_EP9 pid=414629) INFO 07-28 10:28:39 [platform.py:770] Set PYTORCH_NPU_ALLOC_CONF=expandable_segments:True
(Worker_DP4_TP1_EP9 pid=414629) INFO 07-28 10:28:39 [llm_base_proposer.py:298] [spec_decode/base] Loading draft model: method=mtp, load_format=None, model=/mnt/weights/DeepSeek-V3.1-Terminus-w8a8-QuaRot-lfs
(Worker_DP3_TP1_EP7 pid=414680) INFO 07-28 10:28:39 [llm_base_proposer.py:522] [spec_decode/base] Wrapping draft model with ACLGraphWrapper: runtime_mode=FULL, use_eagle=True, enable_enpu=False
(Worker_DP6_TP1_EP13 pid=414707) INFO 07-28 10:28:39 [llm_base_proposer.py:522] [spec_decode/base] Wrapping draft model with ACLGraphWrapper: runtime_mode=FULL, use_eagle=True, enable_enpu=False
(Worker_DP0_TP0_EP0 pid=414295) INFO 07-28 10:28:39 [llm_base_proposer.py:461] [spec_decode/base] Detected MTP model. Sharing target model embedding weights with the draft model.
(Worker_DP4_TP0_EP8 pid=414288) INFO 07-28 10:28:39 [llm_base_proposer.py:461] [spec_decode/base] Detected MTP model. Sharing target model embedding weights with the draft model.
(Worker_DP6_TP0_EP12 pid=414291) INFO 07-28 10:28:39 [llm_base_proposer.py:461] [spec_decode/base] Detected MTP model. Sharing target model embedding weights with the draft model.
(Worker_DP0_TP0_EP0 pid=414295) INFO 07-28 10:28:39 [llm_base_proposer.py:522] [spec_decode/base] Wrapping draft model with ACLGraphWrapper: runtime_mode=FULL, use_eagle=True, enable_enpu=False
(Worker_DP6_TP0_EP12 pid=414291) INFO 07-28 10:28:39 [llm_base_proposer.py:522] [spec_decode/base] Wrapping draft model with ACLGraphWrapper: runtime_mode=FULL, use_eagle=True, enable_enpu=False
(Worker_DP4_TP0_EP8 pid=414288) INFO 07-28 10:28:39 [llm_base_proposer.py:522] [spec_decode/base] Wrapping draft model with ACLGraphWrapper: runtime_mode=FULL, use_eagle=True, enable_enpu=False
(Worker_DP4_TP1_EP9 pid=414629) INFO 07-28 10:28:39 [compilation.py:1067] Using OOT custom backend for compilation.
(Worker_DP2_TP0_EP4 pid=414289) INFO 07-28 10:28:39 [default_loader.py:430] Loading weights took 6.32 seconds
(Worker_DP2_TP0_EP4 pid=414289) INFO 07-28 10:28:39 [llm_base_proposer.py:461] [spec_decode/base] Detected MTP model. Sharing target model embedding weights with the draft model.
(Worker_DP2_TP0_EP4 pid=414289) INFO 07-28 10:28:39 [llm_base_proposer.py:522] [spec_decode/base] Wrapping draft model with ACLGraphWrapper: runtime_mode=FULL, use_eagle=True, enable_enpu=False
(Worker_DP7_TP1_EP15 pid=414666) INFO 07-28 10:28:39 [llm_base_proposer.py:461] [spec_decode/base] Detected MTP model. Sharing target model embedding weights with the draft model.
(Worker_DP7_TP1_EP15 pid=414666) INFO 07-28 10:28:40 [llm_base_proposer.py:522] [spec_decode/base] Wrapping draft model with ACLGraphWrapper: runtime_mode=FULL, use_eagle=True, enable_enpu=False
(Worker_DP1_TP0_EP2 pid=414294) INFO 07-28 10:28:40 [model_runner_v1.py:3845] Loading drafter model...
(Worker_DP1_TP0_EP2 pid=414294) INFO 07-28 10:28:40 [vllm.py:1090] Asynchronous scheduling is enabled.
(Worker_DP1_TP0_EP2 pid=414294) WARNING 07-28 10:28:40 [vllm.py:1114] Disabling cascade attention (not yet compatible with async speculative decoding).
(Worker_DP1_TP0_EP2 pid=414294) INFO 07-28 10:28:40 [kernel.py:292] Final IR op priority after setting platform defaults: IrOpPriorityConfig(rms_norm=['native'], fused_add_rms_norm=['native'])
(Worker_DP1_TP0_EP2 pid=414294) WARNING 07-28 10:28:40 [vllm.py:1697] max_num_scheduled_tokens is set to 256 based on the speculative decoding settings. This may lead to suboptimal performance. Consider increasing max_num_batched_tokens to accommodate the additional draft token slots, or decrease num_speculative_tokens or max_num_seqs.
(Worker_DP1_TP0_EP2 pid=414294) WARNING 07-28 10:28:40 [platform.py:1043] GPU-specific parameter is not supported on Ascend. parameter=disable_cascade_attn, value=True, action: resetting to False.
(Worker_DP1_TP0_EP2 pid=414294) INFO 07-28 10:28:40 [ascend_config.py:490] finegrained_tp_config enabled: lmhead_tensor_parallel_size=2
(Worker_DP1_TP0_EP2 pid=414294) INFO 07-28 10:28:40 [ascend_config.py:824] Dynamic EPLB is False
(Worker_DP1_TP0_EP2 pid=414294) INFO 07-28 10:28:40 [ascend_config.py:825] The number of redundant experts is 0
(Worker_DP3_TP1_EP7 pid=414680) INFO 07-28 10:28:40 [model_runner_v1.py:3896] Loading model weights took 51.1023 GB
(Worker_DP3_TP1_EP7 pid=414680) INFO 07-28 10:28:40 [model_runner_v1.py:3922] Model runner load_model total time: 187.53 seconds
(Worker_DP1_TP1_EP3 pid=414704) INFO 07-28 10:28:40 [model_runner_v1.py:3896] Loading model weights took 51.1023 GB
(Worker_DP1_TP1_EP3 pid=414704) INFO 07-28 10:28:40 [model_runner_v1.py:3922] Model runner load_model total time: 187.62 seconds
(Worker_DP1_TP0_EP2 pid=414294) INFO 07-28 10:28:40 [platform.py:770] Set PYTORCH_NPU_ALLOC_CONF=expandable_segments:True
(Worker_DP1_TP0_EP2 pid=414294) INFO 07-28 10:28:40 [llm_base_proposer.py:298] [spec_decode/base] Loading draft model: method=mtp, load_format=None, model=/mnt/weights/DeepSeek-V3.1-Terminus-w8a8-QuaRot-lfs
(Worker_DP7_TP0_EP14 pid=414290) INFO 07-28 10:28:40 [model_runner_v1.py:3896] Loading model weights took 51.1023 GB
(Worker_DP7_TP0_EP14 pid=414290) INFO 07-28 10:28:40 [model_runner_v1.py:3922] Model runner load_model total time: 187.58 seconds
(Worker_DP1_TP0_EP2 pid=414294) INFO 07-28 10:28:40 [compilation.py:1067] Using OOT custom backend for compilation.
(Worker_DP1_TP0_EP2 pid=414294) INFO 07-28 10:28:40 [weight_utils.py:857] Filesystem type for checkpoints: EXT4. Checkpoint size: 646.43 GiB. Available RAM: 1791.28 GiB.
(Worker_DP6_TP0_EP12 pid=414291) INFO 07-28 10:28:40 [model_runner_v1.py:3896] Loading model weights took 51.1023 GB
(Worker_DP6_TP0_EP12 pid=414291) INFO 07-28 10:28:40 [model_runner_v1.py:3922] Model runner load_model total time: 188.00 seconds
(Worker_DP0_TP0_EP0 pid=414295) INFO 07-28 10:28:40 [model_runner_v1.py:3896] Loading model weights took 51.1023 GB
(Worker_DP0_TP0_EP0 pid=414295) INFO 07-28 10:28:40 [model_runner_v1.py:3922] Model runner load_model total time: 188.02 seconds
(Worker_DP6_TP1_EP13 pid=414707) INFO 07-28 10:28:40 [model_runner_v1.py:3896] Loading model weights took 51.1023 GB
(Worker_DP6_TP1_EP13 pid=414707) INFO 07-28 10:28:40 [model_runner_v1.py:3922] Model runner load_model total time: 188.13 seconds
(Worker_DP4_TP0_EP8 pid=414288) INFO 07-28 10:28:40 [model_runner_v1.py:3896] Loading model weights took 51.1023 GB
(Worker_DP4_TP0_EP8 pid=414288) INFO 07-28 10:28:40 [model_runner_v1.py:3922] Model runner load_model total time: 188.13 seconds
(Worker_DP2_TP0_EP4 pid=414289) INFO 07-28 10:28:41 [model_runner_v1.py:3896] Loading model weights took 51.1023 GB
(Worker_DP2_TP0_EP4 pid=414289) INFO 07-28 10:28:41 [model_runner_v1.py:3922] Model runner load_model total time: 188.52 seconds
(Worker_DP7_TP1_EP15 pid=414666) INFO 07-28 10:28:41 [model_runner_v1.py:3896] Loading model weights took 51.1023 GB
(Worker_DP7_TP1_EP15 pid=414666) INFO 07-28 10:28:41 [model_runner_v1.py:3922] Model runner load_model total time: 188.59 seconds
(Worker_DP5_TP0_EP10 pid=414292) INFO 07-28 10:28:42 [default_loader.py:430] Loading weights took 5.88 seconds
(Worker_DP5_TP0_EP10 pid=414292) INFO 07-28 10:28:42 [llm_base_proposer.py:461] [spec_decode/base] Detected MTP model. Sharing target model embedding weights with the draft model.
(Worker_DP5_TP0_EP10 pid=414292) INFO 07-28 10:28:42 [llm_base_proposer.py:522] [spec_decode/base] Wrapping draft model with ACLGraphWrapper: runtime_mode=FULL, use_eagle=True, enable_enpu=False
(Worker_DP5_TP0_EP10 pid=414292) INFO 07-28 10:28:43 [model_runner_v1.py:3896] Loading model weights took 51.1023 GB
(Worker_DP5_TP0_EP10 pid=414292) INFO 07-28 10:28:43 [model_runner_v1.py:3922] Model runner load_model total time: 190.94 seconds
(Worker_DP5_TP1_EP11 pid=414739) INFO 07-28 10:28:44 [llm_base_proposer.py:461] [spec_decode/base] Detected MTP model. Sharing target model embedding weights with the draft model.
(Worker_DP5_TP1_EP11 pid=414739) INFO 07-28 10:28:44 [llm_base_proposer.py:522] [spec_decode/base] Wrapping draft model with ACLGraphWrapper: runtime_mode=FULL, use_eagle=True, enable_enpu=False
(Worker_DP2_TP1_EP5 pid=414705) INFO 07-28 10:28:44 [llm_base_proposer.py:461] [spec_decode/base] Detected MTP model. Sharing target model embedding weights with the draft model.
(Worker_DP2_TP1_EP5 pid=414705) INFO 07-28 10:28:44 [llm_base_proposer.py:522] [spec_decode/base] Wrapping draft model with ACLGraphWrapper: runtime_mode=FULL, use_eagle=True, enable_enpu=False
(Worker_DP3_TP0_EP6 pid=414293) INFO 07-28 10:28:44 [default_loader.py:430] Loading weights took 5.89 seconds
(Worker_DP3_TP0_EP6 pid=414293) INFO 07-28 10:28:44 [llm_base_proposer.py:461] [spec_decode/base] Detected MTP model. Sharing target model embedding weights with the draft model.
(Worker_DP3_TP0_EP6 pid=414293) INFO 07-28 10:28:44 [llm_base_proposer.py:522] [spec_decode/base] Wrapping draft model with ACLGraphWrapper: runtime_mode=FULL, use_eagle=True, enable_enpu=False
(Worker_DP4_TP1_EP9 pid=414629) INFO 07-28 10:28:45 [llm_base_proposer.py:461] [spec_decode/base] Detected MTP model. Sharing target model embedding weights with the draft model.
(Worker_DP4_TP1_EP9 pid=414629) INFO 07-28 10:28:45 [llm_base_proposer.py:522] [spec_decode/base] Wrapping draft model with ACLGraphWrapper: runtime_mode=FULL, use_eagle=True, enable_enpu=False
(Worker_DP2_TP1_EP5 pid=414705) INFO 07-28 10:28:45 [model_runner_v1.py:3896] Loading model weights took 51.1023 GB
(Worker_DP2_TP1_EP5 pid=414705) INFO 07-28 10:28:45 [model_runner_v1.py:3922] Model runner load_model total time: 193.07 seconds
(Worker_DP5_TP1_EP11 pid=414739) INFO 07-28 10:28:45 [model_runner_v1.py:3896] Loading model weights took 51.1023 GB
(Worker_DP5_TP1_EP11 pid=414739) INFO 07-28 10:28:45 [model_runner_v1.py:3922] Model runner load_model total time: 193.10 seconds
(Worker_DP0_TP1_EP1 pid=414679) INFO 07-28 10:28:45 [llm_base_proposer.py:461] [spec_decode/base] Detected MTP model. Sharing target model embedding weights with the draft model.
(Worker_DP0_TP1_EP1 pid=414679) INFO 07-28 10:28:45 [llm_base_proposer.py:522] [spec_decode/base] Wrapping draft model with ACLGraphWrapper: runtime_mode=FULL, use_eagle=True, enable_enpu=False
(Worker_DP3_TP0_EP6 pid=414293) INFO 07-28 10:28:46 [model_runner_v1.py:3896] Loading model weights took 51.1023 GB
(Worker_DP3_TP0_EP6 pid=414293) INFO 07-28 10:28:46 [model_runner_v1.py:3922] Model runner load_model total time: 193.69 seconds
(Worker_DP1_TP0_EP2 pid=414294) INFO 07-28 10:28:46 [default_loader.py:430] Loading weights took 6.05 seconds
(Worker_DP1_TP0_EP2 pid=414294) INFO 07-28 10:28:46 [llm_base_proposer.py:461] [spec_decode/base] Detected MTP model. Sharing target model embedding weights with the draft model.
(Worker_DP1_TP0_EP2 pid=414294) INFO 07-28 10:28:46 [llm_base_proposer.py:522] [spec_decode/base] Wrapping draft model with ACLGraphWrapper: runtime_mode=FULL, use_eagle=True, enable_enpu=False
(Worker_DP4_TP1_EP9 pid=414629) INFO 07-28 10:28:46 [model_runner_v1.py:3896] Loading model weights took 51.1023 GB
(Worker_DP4_TP1_EP9 pid=414629) INFO 07-28 10:28:46 [model_runner_v1.py:3922] Model runner load_model total time: 194.20 seconds
(Worker_DP0_TP1_EP1 pid=414679) INFO 07-28 10:28:47 [model_runner_v1.py:3896] Loading model weights took 51.1023 GB
(Worker_DP0_TP1_EP1 pid=414679) INFO 07-28 10:28:47 [model_runner_v1.py:3922] Model runner load_model total time: 195.00 seconds
(Worker_DP1_TP0_EP2 pid=414294) INFO 07-28 10:28:47 [model_runner_v1.py:3896] Loading model weights took 51.1023 GB
(Worker_DP1_TP0_EP2 pid=414294) INFO 07-28 10:28:47 [model_runner_v1.py:3922] Model runner load_model total time: 195.10 seconds
(Worker_DP1_TP0_EP2 pid=414294) :0: UserWarning: /usr/local/lib/python3.11/site-packages/depyf/explain/enable_debugging.py:163: You are trying to debug `torch.compile`. Please make sure the code runs multiple times to cover all the possible branches.
(Worker_DP4_TP0_EP8 pid=414288) :0: UserWarning: /usr/local/lib/python3.11/site-packages/depyf/explain/enable_debugging.py:163: You are trying to debug `torch.compile`. Please make sure the code runs multiple times to cover all the possible branches.
(Worker_DP2_TP0_EP4 pid=414289) :0: UserWarning: /usr/local/lib/python3.11/site-packages/depyf/explain/enable_debugging.py:163: You are trying to debug `torch.compile`. Please make sure the code runs multiple times to cover all the possible branches.
(Worker_DP7_TP0_EP14 pid=414290) :0: UserWarning: /usr/local/lib/python3.11/site-packages/depyf/explain/enable_debugging.py:163: You are trying to debug `torch.compile`. Please make sure the code runs multiple times to cover all the possible branches.
(Worker_DP6_TP0_EP12 pid=414291) :0: UserWarning: /usr/local/lib/python3.11/site-packages/depyf/explain/enable_debugging.py:163: You are trying to debug `torch.compile`. Please make sure the code runs multiple times to cover all the possible branches.
(Worker_DP3_TP0_EP6 pid=414293) :0: UserWarning: /usr/local/lib/python3.11/site-packages/depyf/explain/enable_debugging.py:163: You are trying to debug `torch.compile`. Please make sure the code runs multiple times to cover all the possible branches.
(Worker_DP5_TP0_EP10 pid=414292) :0: UserWarning: /usr/local/lib/python3.11/site-packages/depyf/explain/enable_debugging.py:163: You are trying to debug `torch.compile`. Please make sure the code runs multiple times to cover all the possible branches.
(Worker_DP0_TP0_EP0 pid=414295) :0: UserWarning: /usr/local/lib/python3.11/site-packages/depyf/explain/enable_debugging.py:163: You are trying to debug `torch.compile`. Please make sure the code runs multiple times to cover all the possible branches.
(Worker_DP6_TP1_EP13 pid=414707) :0: UserWarning: /usr/local/lib/python3.11/site-packages/depyf/explain/enable_debugging.py:163: You are trying to debug `torch.compile`. Please make sure the code runs multiple times to cover all the possible branches.
(Worker_DP3_TP1_EP7 pid=414680) :0: UserWarning: /usr/local/lib/python3.11/site-packages/depyf/explain/enable_debugging.py:163: You are trying to debug `torch.compile`. Please make sure the code runs multiple times to cover all the possible branches.
(Worker_DP1_TP1_EP3 pid=414704) :0: UserWarning: /usr/local/lib/python3.11/site-packages/depyf/explain/enable_debugging.py:163: You are trying to debug `torch.compile`. Please make sure the code runs multiple times to cover all the possible branches.
(Worker_DP4_TP1_EP9 pid=414629) :0: UserWarning: /usr/local/lib/python3.11/site-packages/depyf/explain/enable_debugging.py:163: You are trying to debug `torch.compile`. Please make sure the code runs multiple times to cover all the possible branches.
(Worker_DP5_TP1_EP11 pid=414739) :0: UserWarning: /usr/local/lib/python3.11/site-packages/depyf/explain/enable_debugging.py:163: You are trying to debug `torch.compile`. Please make sure the code runs multiple times to cover all the possible branches.
(Worker_DP0_TP1_EP1 pid=414679) :0: UserWarning: /usr/local/lib/python3.11/site-packages/depyf/explain/enable_debugging.py:163: You are trying to debug `torch.compile`. Please make sure the code runs multiple times to cover all the possible branches.
(Worker_DP2_TP1_EP5 pid=414705) :0: UserWarning: /usr/local/lib/python3.11/site-packages/depyf/explain/enable_debugging.py:163: You are trying to debug `torch.compile`. Please make sure the code runs multiple times to cover all the possible branches.
(Worker_DP7_TP1_EP15 pid=414666) :0: UserWarning: /usr/local/lib/python3.11/site-packages/depyf/explain/enable_debugging.py:163: You are trying to debug `torch.compile`. Please make sure the code runs multiple times to cover all the possible branches.
(Worker_DP3_TP0_EP6 pid=414293) WARNING 07-28 10:28:50 [decorators.py:321] Compiling model again due to a load failure from /root/.cache/vllm/torch_compile_cache/torch_aot_compile/0b241a9fb64892b3a0535581ed2d6af3218b020cefb18a6ad28c9715235c6083/rank_0_3/model, reason: Source code has changed since the last compilation. Recompiling the model.
(Worker_DP3_TP0_EP6 pid=414293) :0: UserWarning: /usr/local/lib/python3.11/site-packages/depyf/explain/enable_debugging.py:163: You are trying to debug `torch.compile`. Please make sure the code runs multiple times to cover all the possible branches.
(Worker_DP2_TP0_EP4 pid=414289) WARNING 07-28 10:28:50 [decorators.py:321] Compiling model again due to a load failure from /root/.cache/vllm/torch_compile_cache/torch_aot_compile/e08ba68f79a09450007c3781610f45bfe43051adb82691bb7f3748cc81ec0506/rank_0_2/model, reason: Source code has changed since the last compilation. Recompiling the model.
(Worker_DP2_TP0_EP4 pid=414289) :0: UserWarning: /usr/local/lib/python3.11/site-packages/depyf/explain/enable_debugging.py:163: You are trying to debug `torch.compile`. Please make sure the code runs multiple times to cover all the possible branches.
(Worker_DP6_TP0_EP12 pid=414291) WARNING 07-28 10:28:50 [decorators.py:321] Compiling model again due to a load failure from /root/.cache/vllm/torch_compile_cache/torch_aot_compile/45c51e56ca354382af3b97e8ab2b4fdfbd63e169d808993e2c2ba204b5d0a21d/rank_0_6/model, reason: Source code has changed since the last compilation. Recompiling the model.
(Worker_DP6_TP0_EP12 pid=414291) :0: UserWarning: /usr/local/lib/python3.11/site-packages/depyf/explain/enable_debugging.py:163: You are trying to debug `torch.compile`. Please make sure the code runs multiple times to cover all the possible branches.
(Worker_DP7_TP0_EP14 pid=414290) WARNING 07-28 10:28:50 [decorators.py:321] Compiling model again due to a load failure from /root/.cache/vllm/torch_compile_cache/torch_aot_compile/958583ba7746b3e1e7fcf4a74fe0abb6511e28877401d8a27b1def91fd17516d/rank_0_7/model, reason: Source code has changed since the last compilation. Recompiling the model.
(Worker_DP7_TP0_EP14 pid=414290) :0: UserWarning: /usr/local/lib/python3.11/site-packages/depyf/explain/enable_debugging.py:163: You are trying to debug `torch.compile`. Please make sure the code runs multiple times to cover all the possible branches.
(Worker_DP1_TP0_EP2 pid=414294) WARNING 07-28 10:28:50 [decorators.py:321] Compiling model again due to a load failure from /root/.cache/vllm/torch_compile_cache/torch_aot_compile/5cca10874856c19c05dbd6af0abbab2912333ecbaf8402b1edb5fba7bc6fbc07/rank_0_1/model, reason: Source code has changed since the last compilation. Recompiling the model.
(Worker_DP1_TP0_EP2 pid=414294) :0: UserWarning: /usr/local/lib/python3.11/site-packages/depyf/explain/enable_debugging.py:163: You are trying to debug `torch.compile`. Please make sure the code runs multiple times to cover all the possible branches.
(Worker_DP0_TP0_EP0 pid=414295) WARNING 07-28 10:28:50 [decorators.py:321] Compiling model again due to a load failure from /root/.cache/vllm/torch_compile_cache/torch_aot_compile/e9375ed5f54695124483634c76db22782ed6dbfb366203c92ef9d41b90f9097d/rank_0_0/model, reason: Source code has changed since the last compilation. Recompiling the model.
(Worker_DP5_TP0_EP10 pid=414292) WARNING 07-28 10:28:50 [decorators.py:321] Compiling model again due to a load failure from /root/.cache/vllm/torch_compile_cache/torch_aot_compile/3e42ab33d723c35b52edd03cf692655ebc412c5207cf42367d1d2b9a9b6f787a/rank_0_5/model, reason: Source code has changed since the last compilation. Recompiling the model.
(Worker_DP0_TP0_EP0 pid=414295) :0: UserWarning: /usr/local/lib/python3.11/site-packages/depyf/explain/enable_debugging.py:163: You are trying to debug `torch.compile`. Please make sure the code runs multiple times to cover all the possible branches.
(Worker_DP5_TP0_EP10 pid=414292) :0: UserWarning: /usr/local/lib/python3.11/site-packages/depyf/explain/enable_debugging.py:163: You are trying to debug `torch.compile`. Please make sure the code runs multiple times to cover all the possible branches.
(Worker_DP4_TP0_EP8 pid=414288) WARNING 07-28 10:28:50 [decorators.py:321] Compiling model again due to a load failure from /root/.cache/vllm/torch_compile_cache/torch_aot_compile/805b302de83182654dbf703071fc1fa75aa539c51d2e2cd7688fc26a402f87d7/rank_0_4/model, reason: Source code has changed since the last compilation. Recompiling the model.
(Worker_DP4_TP0_EP8 pid=414288) :0: UserWarning: /usr/local/lib/python3.11/site-packages/depyf/explain/enable_debugging.py:163: You are trying to debug `torch.compile`. Please make sure the code runs multiple times to cover all the possible branches.
(Worker_DP3_TP1_EP7 pid=414680) WARNING 07-28 10:28:50 [decorators.py:321] Compiling model again due to a load failure from /root/.cache/vllm/torch_compile_cache/torch_aot_compile/0b241a9fb64892b3a0535581ed2d6af3218b020cefb18a6ad28c9715235c6083/rank_1_3/model, reason: Source code has changed since the last compilation. Recompiling the model.
(Worker_DP3_TP1_EP7 pid=414680) :0: UserWarning: /usr/local/lib/python3.11/site-packages/depyf/explain/enable_debugging.py:163: You are trying to debug `torch.compile`. Please make sure the code runs multiple times to cover all the possible branches.
(Worker_DP0_TP1_EP1 pid=414679) WARNING 07-28 10:28:50 [decorators.py:321] Compiling model again due to a load failure from /root/.cache/vllm/torch_compile_cache/torch_aot_compile/e9375ed5f54695124483634c76db22782ed6dbfb366203c92ef9d41b90f9097d/rank_1_0/model, reason: Source code has changed since the last compilation. Recompiling the model.
(Worker_DP0_TP1_EP1 pid=414679) :0: UserWarning: /usr/local/lib/python3.11/site-packages/depyf/explain/enable_debugging.py:163: You are trying to debug `torch.compile`. Please make sure the code runs multiple times to cover all the possible branches.
(Worker_DP5_TP1_EP11 pid=414739) WARNING 07-28 10:28:50 [decorators.py:321] Compiling model again due to a load failure from /root/.cache/vllm/torch_compile_cache/torch_aot_compile/3e42ab33d723c35b52edd03cf692655ebc412c5207cf42367d1d2b9a9b6f787a/rank_1_5/model, reason: Source code has changed since the last compilation. Recompiling the model.
(Worker_DP5_TP1_EP11 pid=414739) :0: UserWarning: /usr/local/lib/python3.11/site-packages/depyf/explain/enable_debugging.py:163: You are trying to debug `torch.compile`. Please make sure the code runs multiple times to cover all the possible branches.
(Worker_DP4_TP1_EP9 pid=414629) WARNING 07-28 10:28:50 [decorators.py:321] Compiling model again due to a load failure from /root/.cache/vllm/torch_compile_cache/torch_aot_compile/805b302de83182654dbf703071fc1fa75aa539c51d2e2cd7688fc26a402f87d7/rank_1_4/model, reason: Source code has changed since the last compilation. Recompiling the model.
(Worker_DP4_TP1_EP9 pid=414629) :0: UserWarning: /usr/local/lib/python3.11/site-packages/depyf/explain/enable_debugging.py:163: You are trying to debug `torch.compile`. Please make sure the code runs multiple times to cover all the possible branches.
(Worker_DP2_TP1_EP5 pid=414705) WARNING 07-28 10:28:50 [decorators.py:321] Compiling model again due to a load failure from /root/.cache/vllm/torch_compile_cache/torch_aot_compile/e08ba68f79a09450007c3781610f45bfe43051adb82691bb7f3748cc81ec0506/rank_1_2/model, reason: Source code has changed since the last compilation. Recompiling the model.
(Worker_DP2_TP1_EP5 pid=414705) :0: UserWarning: /usr/local/lib/python3.11/site-packages/depyf/explain/enable_debugging.py:163: You are trying to debug `torch.compile`. Please make sure the code runs multiple times to cover all the possible branches.
(Worker_DP7_TP1_EP15 pid=414666) WARNING 07-28 10:28:50 [decorators.py:321] Compiling model again due to a load failure from /root/.cache/vllm/torch_compile_cache/torch_aot_compile/958583ba7746b3e1e7fcf4a74fe0abb6511e28877401d8a27b1def91fd17516d/rank_1_7/model, reason: Source code has changed since the last compilation. Recompiling the model.
(Worker_DP7_TP1_EP15 pid=414666) :0: UserWarning: /usr/local/lib/python3.11/site-packages/depyf/explain/enable_debugging.py:163: You are trying to debug `torch.compile`. Please make sure the code runs multiple times to cover all the possible branches.
(Worker_DP6_TP1_EP13 pid=414707) WARNING 07-28 10:28:50 [decorators.py:321] Compiling model again due to a load failure from /root/.cache/vllm/torch_compile_cache/torch_aot_compile/45c51e56ca354382af3b97e8ab2b4fdfbd63e169d808993e2c2ba204b5d0a21d/rank_1_6/model, reason: Source code has changed since the last compilation. Recompiling the model.
(Worker_DP6_TP1_EP13 pid=414707) :0: UserWarning: /usr/local/lib/python3.11/site-packages/depyf/explain/enable_debugging.py:163: You are trying to debug `torch.compile`. Please make sure the code runs multiple times to cover all the possible branches.
(Worker_DP1_TP1_EP3 pid=414704) WARNING 07-28 10:28:50 [decorators.py:321] Compiling model again due to a load failure from /root/.cache/vllm/torch_compile_cache/torch_aot_compile/5cca10874856c19c05dbd6af0abbab2912333ecbaf8402b1edb5fba7bc6fbc07/rank_1_1/model, reason: Source code has changed since the last compilation. Recompiling the model.
(Worker_DP1_TP1_EP3 pid=414704) :0: UserWarning: /usr/local/lib/python3.11/site-packages/depyf/explain/enable_debugging.py:163: You are trying to debug `torch.compile`. Please make sure the code runs multiple times to cover all the possible branches.
(Worker_DP3_TP0_EP6 pid=414293) INFO 07-28 10:28:56 [compiler_interface.py:248] AscendCompiler hash factors: {'torch_npu_version': '2.10.0.post2', 'enable_npugraph_ex': True, 'enable_static_kernel': False}
(Worker_DP3_TP0_EP6 pid=414293) INFO 07-28 10:28:56 [backends.py:1089] Using cache directory: /root/.cache/vllm/torch_compile_cache/75146c2e1f/rank_0_3/backbone for vLLM's torch.compile
(Worker_DP3_TP0_EP6 pid=414293) INFO 07-28 10:28:56 [backends.py:1148] Dynamo bytecode transform time: 6.56 s
(Worker_DP1_TP0_EP2 pid=414294) INFO 07-28 10:28:56 [compiler_interface.py:248] AscendCompiler hash factors: {'torch_npu_version': '2.10.0.post2', 'enable_npugraph_ex': True, 'enable_static_kernel': False}
(Worker_DP1_TP0_EP2 pid=414294) INFO 07-28 10:28:56 [backends.py:1089] Using cache directory: /root/.cache/vllm/torch_compile_cache/6aa191777a/rank_0_1/backbone for vLLM's torch.compile
(Worker_DP1_TP0_EP2 pid=414294) INFO 07-28 10:28:56 [backends.py:1148] Dynamo bytecode transform time: 6.69 s
(Worker_DP0_TP0_EP0 pid=414295) INFO 07-28 10:28:57 [compiler_interface.py:248] AscendCompiler hash factors: {'torch_npu_version': '2.10.0.post2', 'enable_npugraph_ex': True, 'enable_static_kernel': False}
(Worker_DP0_TP0_EP0 pid=414295) INFO 07-28 10:28:57 [backends.py:1089] Using cache directory: /root/.cache/vllm/torch_compile_cache/451776045e/rank_0_0/backbone for vLLM's torch.compile
(Worker_DP0_TP0_EP0 pid=414295) INFO 07-28 10:28:57 [backends.py:1148] Dynamo bytecode transform time: 6.94 s
(Worker_DP5_TP1_EP11 pid=414739) INFO 07-28 10:28:57 [compiler_interface.py:248] AscendCompiler hash factors: {'torch_npu_version': '2.10.0.post2', 'enable_npugraph_ex': True, 'enable_static_kernel': False}
(Worker_DP4_TP0_EP8 pid=414288) INFO 07-28 10:28:57 [compiler_interface.py:248] AscendCompiler hash factors: {'torch_npu_version': '2.10.0.post2', 'enable_npugraph_ex': True, 'enable_static_kernel': False}
(Worker_DP4_TP0_EP8 pid=414288) INFO 07-28 10:28:57 [backends.py:1089] Using cache directory: /root/.cache/vllm/torch_compile_cache/a6026ce536/rank_0_4/backbone for vLLM's torch.compile
(Worker_DP4_TP0_EP8 pid=414288) INFO 07-28 10:28:57 [backends.py:1148] Dynamo bytecode transform time: 7.08 s
(Worker_DP0_TP1_EP1 pid=414679) INFO 07-28 10:28:57 [compiler_interface.py:248] AscendCompiler hash factors: {'torch_npu_version': '2.10.0.post2', 'enable_npugraph_ex': True, 'enable_static_kernel': False}
(Worker_DP2_TP0_EP4 pid=414289) INFO 07-28 10:28:57 [compiler_interface.py:248] AscendCompiler hash factors: {'torch_npu_version': '2.10.0.post2', 'enable_npugraph_ex': True, 'enable_static_kernel': False}
(Worker_DP2_TP0_EP4 pid=414289) INFO 07-28 10:28:57 [backends.py:1089] Using cache directory: /root/.cache/vllm/torch_compile_cache/8a0d39b85d/rank_0_2/backbone for vLLM's torch.compile
(Worker_DP2_TP0_EP4 pid=414289) INFO 07-28 10:28:57 [backends.py:1148] Dynamo bytecode transform time: 7.29 s
(Worker_DP3_TP1_EP7 pid=414680) INFO 07-28 10:28:57 [compiler_interface.py:248] AscendCompiler hash factors: {'torch_npu_version': '2.10.0.post2', 'enable_npugraph_ex': True, 'enable_static_kernel': False}
(Worker_DP1_TP1_EP3 pid=414704) INFO 07-28 10:28:57 [compiler_interface.py:248] AscendCompiler hash factors: {'torch_npu_version': '2.10.0.post2', 'enable_npugraph_ex': True, 'enable_static_kernel': False}
(Worker_DP2_TP1_EP5 pid=414705) INFO 07-28 10:28:57 [compiler_interface.py:248] AscendCompiler hash factors: {'torch_npu_version': '2.10.0.post2', 'enable_npugraph_ex': True, 'enable_static_kernel': False}
(Worker_DP6_TP0_EP12 pid=414291) INFO 07-28 10:28:57 [compiler_interface.py:248] AscendCompiler hash factors: {'torch_npu_version': '2.10.0.post2', 'enable_npugraph_ex': True, 'enable_static_kernel': False}
(Worker_DP6_TP0_EP12 pid=414291) INFO 07-28 10:28:57 [backends.py:1089] Using cache directory: /root/.cache/vllm/torch_compile_cache/a4482469cb/rank_0_6/backbone for vLLM's torch.compile
(Worker_DP6_TP0_EP12 pid=414291) INFO 07-28 10:28:57 [backends.py:1148] Dynamo bytecode transform time: 7.38 s
(Worker_DP7_TP0_EP14 pid=414290) INFO 07-28 10:28:57 [compiler_interface.py:248] AscendCompiler hash factors: {'torch_npu_version': '2.10.0.post2', 'enable_npugraph_ex': True, 'enable_static_kernel': False}
(Worker_DP7_TP0_EP14 pid=414290) INFO 07-28 10:28:57 [backends.py:1089] Using cache directory: /root/.cache/vllm/torch_compile_cache/071798333b/rank_0_7/backbone for vLLM's torch.compile
(Worker_DP7_TP0_EP14 pid=414290) INFO 07-28 10:28:57 [backends.py:1148] Dynamo bytecode transform time: 7.48 s
(Worker_DP4_TP1_EP9 pid=414629) INFO 07-28 10:28:57 [compiler_interface.py:248] AscendCompiler hash factors: {'torch_npu_version': '2.10.0.post2', 'enable_npugraph_ex': True, 'enable_static_kernel': False}
(Worker_DP7_TP1_EP15 pid=414666) INFO 07-28 10:28:57 [compiler_interface.py:248] AscendCompiler hash factors: {'torch_npu_version': '2.10.0.post2', 'enable_npugraph_ex': True, 'enable_static_kernel': False}
(Worker_DP5_TP0_EP10 pid=414292) INFO 07-28 10:28:57 [compiler_interface.py:248] AscendCompiler hash factors: {'torch_npu_version': '2.10.0.post2', 'enable_npugraph_ex': True, 'enable_static_kernel': False}
(Worker_DP5_TP0_EP10 pid=414292) INFO 07-28 10:28:57 [backends.py:1089] Using cache directory: /root/.cache/vllm/torch_compile_cache/7d84462e92/rank_0_5/backbone for vLLM's torch.compile
(Worker_DP5_TP0_EP10 pid=414292) INFO 07-28 10:28:57 [backends.py:1148] Dynamo bytecode transform time: 7.66 s
(Worker_DP6_TP1_EP13 pid=414707) INFO 07-28 10:28:57 [compiler_interface.py:248] AscendCompiler hash factors: {'torch_npu_version': '2.10.0.post2', 'enable_npugraph_ex': True, 'enable_static_kernel': False}
(Worker_DP0_TP0_EP0 pid=414295) INFO 07-28 10:28:58 [compiler_interface.py:285] enable_npugraph_ex is enabled, which will bring graph compilation optimization.
(Worker_DP3_TP0_EP6 pid=414293) INFO 07-28 10:29:08 [compiler_interface.py:199] Saved compiled graph to cache: /root/.cache/vllm/torch_compile_cache/75146c2e1f/rank_0_3/backbone/artifact_compile_range_1_256_subgraph_0
(Worker_DP3_TP0_EP6 pid=414293) INFO 07-28 10:29:08 [backends.py:378] Cache the graph of compile range (1, 256) for later use
(Worker_DP3_TP0_EP6 pid=414293) INFO 07-28 10:29:08 [backends.py:393] Compiling a graph for compile range (1, 256) takes 10.97 s
(Worker_DP1_TP0_EP2 pid=414294) INFO 07-28 10:29:10 [compiler_interface.py:199] Saved compiled graph to cache: /root/.cache/vllm/torch_compile_cache/6aa191777a/rank_0_1/backbone/artifact_compile_range_1_256_subgraph_0
(Worker_DP1_TP0_EP2 pid=414294) INFO 07-28 10:29:10 [backends.py:378] Cache the graph of compile range (1, 256) for later use
(Worker_DP1_TP0_EP2 pid=414294) INFO 07-28 10:29:10 [backends.py:393] Compiling a graph for compile range (1, 256) takes 12.04 s
(Worker_DP0_TP0_EP0 pid=414295) INFO 07-28 10:29:10 [compiler_interface.py:199] Saved compiled graph to cache: /root/.cache/vllm/torch_compile_cache/451776045e/rank_0_0/backbone/artifact_compile_range_1_256_subgraph_0
(Worker_DP0_TP0_EP0 pid=414295) INFO 07-28 10:29:10 [backends.py:378] Cache the graph of compile range (1, 256) for later use
(Worker_DP0_TP0_EP0 pid=414295) INFO 07-28 10:29:10 [backends.py:393] Compiling a graph for compile range (1, 256) takes 12.16 s
(Worker_DP0_TP1_EP1 pid=414679) INFO 07-28 10:29:10 [compiler_interface.py:199] Saved compiled graph to cache: /root/.cache/vllm/torch_compile_cache/451776045e/rank_1_0/backbone/artifact_compile_range_1_256_subgraph_0
(Worker_DP3_TP0_EP6 pid=414293) INFO 07-28 10:29:10 [decorators.py:708] saved AOT compiled function to /root/.cache/vllm/torch_compile_cache/torch_aot_compile/0b241a9fb64892b3a0535581ed2d6af3218b020cefb18a6ad28c9715235c6083/rank_0_3/model
(Worker_DP3_TP0_EP6 pid=414293) INFO 07-28 10:29:10 [monitor.py:53] torch.compile took 20.89 s in total
(Worker_DP5_TP1_EP11 pid=414739) INFO 07-28 10:29:11 [compiler_interface.py:199] Saved compiled graph to cache: /root/.cache/vllm/torch_compile_cache/7d84462e92/rank_1_5/backbone/artifact_compile_range_1_256_subgraph_0
(Worker_DP1_TP1_EP3 pid=414704) INFO 07-28 10:29:11 [compiler_interface.py:199] Saved compiled graph to cache: /root/.cache/vllm/torch_compile_cache/6aa191777a/rank_1_1/backbone/artifact_compile_range_1_256_subgraph_0
(Worker_DP4_TP0_EP8 pid=414288) INFO 07-28 10:29:11 [compiler_interface.py:199] Saved compiled graph to cache: /root/.cache/vllm/torch_compile_cache/a6026ce536/rank_0_4/backbone/artifact_compile_range_1_256_subgraph_0
(Worker_DP4_TP0_EP8 pid=414288) INFO 07-28 10:29:11 [backends.py:378] Cache the graph of compile range (1, 256) for later use
(Worker_DP4_TP0_EP8 pid=414288) INFO 07-28 10:29:11 [backends.py:393] Compiling a graph for compile range (1, 256) takes 13.02 s
(Worker_DP2_TP0_EP4 pid=414289) INFO 07-28 10:29:11 [compiler_interface.py:199] Saved compiled graph to cache: /root/.cache/vllm/torch_compile_cache/8a0d39b85d/rank_0_2/backbone/artifact_compile_range_1_256_subgraph_0
(Worker_DP2_TP0_EP4 pid=414289) INFO 07-28 10:29:11 [backends.py:378] Cache the graph of compile range (1, 256) for later use
(Worker_DP2_TP0_EP4 pid=414289) INFO 07-28 10:29:11 [backends.py:393] Compiling a graph for compile range (1, 256) takes 12.88 s
(Worker_DP6_TP0_EP12 pid=414291) INFO 07-28 10:29:11 [compiler_interface.py:199] Saved compiled graph to cache: /root/.cache/vllm/torch_compile_cache/a4482469cb/rank_0_6/backbone/artifact_compile_range_1_256_subgraph_0
(Worker_DP6_TP0_EP12 pid=414291) INFO 07-28 10:29:11 [backends.py:378] Cache the graph of compile range (1, 256) for later use
(Worker_DP6_TP0_EP12 pid=414291) INFO 07-28 10:29:11 [backends.py:393] Compiling a graph for compile range (1, 256) takes 13.13 s
(Worker_DP7_TP0_EP14 pid=414290) INFO 07-28 10:29:11 [compiler_interface.py:199] Saved compiled graph to cache: /root/.cache/vllm/torch_compile_cache/071798333b/rank_0_7/backbone/artifact_compile_range_1_256_subgraph_0
(Worker_DP7_TP0_EP14 pid=414290) INFO 07-28 10:29:11 [backends.py:378] Cache the graph of compile range (1, 256) for later use
(Worker_DP7_TP0_EP14 pid=414290) INFO 07-28 10:29:11 [backends.py:393] Compiling a graph for compile range (1, 256) takes 13.07 s
(Worker_DP2_TP1_EP5 pid=414705) INFO 07-28 10:29:12 [compiler_interface.py:199] Saved compiled graph to cache: /root/.cache/vllm/torch_compile_cache/8a0d39b85d/rank_1_2/backbone/artifact_compile_range_1_256_subgraph_0
(Worker_DP3_TP1_EP7 pid=414680) INFO 07-28 10:29:12 [compiler_interface.py:199] Saved compiled graph to cache: /root/.cache/vllm/torch_compile_cache/75146c2e1f/rank_1_3/backbone/artifact_compile_range_1_256_subgraph_0
(Worker_DP4_TP1_EP9 pid=414629) INFO 07-28 10:29:12 [compiler_interface.py:199] Saved compiled graph to cache: /root/.cache/vllm/torch_compile_cache/a6026ce536/rank_1_4/backbone/artifact_compile_range_1_256_subgraph_0
(Worker_DP1_TP0_EP2 pid=414294) INFO 07-28 10:29:12 [decorators.py:708] saved AOT compiled function to /root/.cache/vllm/torch_compile_cache/torch_aot_compile/5cca10874856c19c05dbd6af0abbab2912333ecbaf8402b1edb5fba7bc6fbc07/rank_0_1/model
(Worker_DP1_TP0_EP2 pid=414294) INFO 07-28 10:29:12 [monitor.py:53] torch.compile took 22.32 s in total
(Worker_DP0_TP0_EP0 pid=414295) INFO 07-28 10:29:12 [decorators.py:708] saved AOT compiled function to /root/.cache/vllm/torch_compile_cache/torch_aot_compile/e9375ed5f54695124483634c76db22782ed6dbfb366203c92ef9d41b90f9097d/rank_0_0/model
(Worker_DP0_TP0_EP0 pid=414295) INFO 07-28 10:29:12 [monitor.py:53] torch.compile took 22.49 s in total
(Worker_DP5_TP0_EP10 pid=414292) INFO 07-28 10:29:12 [compiler_interface.py:199] Saved compiled graph to cache: /root/.cache/vllm/torch_compile_cache/7d84462e92/rank_0_5/backbone/artifact_compile_range_1_256_subgraph_0
(Worker_DP5_TP0_EP10 pid=414292) INFO 07-28 10:29:12 [backends.py:378] Cache the graph of compile range (1, 256) for later use
(Worker_DP5_TP0_EP10 pid=414292) INFO 07-28 10:29:12 [backends.py:393] Compiling a graph for compile range (1, 256) takes 13.74 s
(Worker_DP7_TP1_EP15 pid=414666) INFO 07-28 10:29:12 [compiler_interface.py:199] Saved compiled graph to cache: /root/.cache/vllm/torch_compile_cache/071798333b/rank_1_7/backbone/artifact_compile_range_1_256_subgraph_0
(Worker_DP6_TP1_EP13 pid=414707) INFO 07-28 10:29:12 [compiler_interface.py:199] Saved compiled graph to cache: /root/.cache/vllm/torch_compile_cache/a4482469cb/rank_1_6/backbone/artifact_compile_range_1_256_subgraph_0
(Worker_DP0_TP0_EP0 pid=414295) INFO 07-28 10:29:14 [monitor.py:81] Initial profiling/warmup run took 1.69 s
(Worker_DP4_TP0_EP8 pid=414288) INFO 07-28 10:29:14 [decorators.py:708] saved AOT compiled function to /root/.cache/vllm/torch_compile_cache/torch_aot_compile/805b302de83182654dbf703071fc1fa75aa539c51d2e2cd7688fc26a402f87d7/rank_0_4/model
(Worker_DP4_TP0_EP8 pid=414288) INFO 07-28 10:29:14 [monitor.py:53] torch.compile took 24.35 s in total
(Worker_DP2_TP0_EP4 pid=414289) INFO 07-28 10:29:14 [decorators.py:708] saved AOT compiled function to /root/.cache/vllm/torch_compile_cache/torch_aot_compile/e08ba68f79a09450007c3781610f45bfe43051adb82691bb7f3748cc81ec0506/rank_0_2/model
(Worker_DP2_TP0_EP4 pid=414289) INFO 07-28 10:29:14 [monitor.py:53] torch.compile took 24.43 s in total
(Worker_DP1_TP0_EP2 pid=414294) INFO 07-28 10:29:14 [monitor.py:81] Initial profiling/warmup run took 2.15 s
(Worker_DP6_TP0_EP12 pid=414291) INFO 07-28 10:29:15 [decorators.py:708] saved AOT compiled function to /root/.cache/vllm/torch_compile_cache/torch_aot_compile/45c51e56ca354382af3b97e8ab2b4fdfbd63e169d808993e2c2ba204b5d0a21d/rank_0_6/model
(Worker_DP6_TP0_EP12 pid=414291) INFO 07-28 10:29:15 [monitor.py:53] torch.compile took 24.88 s in total
(Worker_DP7_TP0_EP14 pid=414290) INFO 07-28 10:29:15 [decorators.py:708] saved AOT compiled function to /root/.cache/vllm/torch_compile_cache/torch_aot_compile/958583ba7746b3e1e7fcf4a74fe0abb6511e28877401d8a27b1def91fd17516d/rank_0_7/model
(Worker_DP7_TP0_EP14 pid=414290) INFO 07-28 10:29:15 [monitor.py:53] torch.compile took 25.04 s in total
(Worker_DP5_TP0_EP10 pid=414292) INFO 07-28 10:29:15 [decorators.py:708] saved AOT compiled function to /root/.cache/vllm/torch_compile_cache/torch_aot_compile/3e42ab33d723c35b52edd03cf692655ebc412c5207cf42367d1d2b9a9b6f787a/rank_0_5/model
(Worker_DP5_TP0_EP10 pid=414292) INFO 07-28 10:29:15 [monitor.py:53] torch.compile took 25.84 s in total
(Worker_DP3_TP0_EP6 pid=414293) INFO 07-28 10:29:16 [monitor.py:81] Initial profiling/warmup run took 5.52 s
(Worker_DP4_TP0_EP8 pid=414288) INFO 07-28 10:29:16 [monitor.py:81] Initial profiling/warmup run took 2.18 s
(Worker_DP7_TP0_EP14 pid=414290) INFO 07-28 10:29:16 [monitor.py:81] Initial profiling/warmup run took 1.51 s
(Worker_DP2_TP0_EP4 pid=414289) INFO 07-28 10:29:16 [monitor.py:81] Initial profiling/warmup run took 2.16 s
(Worker_DP5_TP0_EP10 pid=414292) INFO 07-28 10:29:16 [monitor.py:81] Initial profiling/warmup run took 0.88 s
(Worker_DP6_TP0_EP12 pid=414291) INFO 07-28 10:29:17 [monitor.py:81] Initial profiling/warmup run took 1.98 s
(Worker_DP6_TP0_EP12 pid=414291) :0: UserWarning: /usr/local/lib/python3.11/site-packages/depyf/explain/enable_debugging.py:163: You are trying to debug `torch.compile`. Please make sure the code runs multiple times to cover all the possible branches.
(Worker_DP1_TP0_EP2 pid=414294) :0: UserWarning: /usr/local/lib/python3.11/site-packages/depyf/explain/enable_debugging.py:163: You are trying to debug `torch.compile`. Please make sure the code runs multiple times to cover all the possible branches.
(Worker_DP4_TP0_EP8 pid=414288) :0: UserWarning: /usr/local/lib/python3.11/site-packages/depyf/explain/enable_debugging.py:163: You are trying to debug `torch.compile`. Please make sure the code runs multiple times to cover all the possible branches.
(Worker_DP5_TP0_EP10 pid=414292) :0: UserWarning: /usr/local/lib/python3.11/site-packages/depyf/explain/enable_debugging.py:163: You are trying to debug `torch.compile`. Please make sure the code runs multiple times to cover all the possible branches.
(Worker_DP7_TP0_EP14 pid=414290) :0: UserWarning: /usr/local/lib/python3.11/site-packages/depyf/explain/enable_debugging.py:163: You are trying to debug `torch.compile`. Please make sure the code runs multiple times to cover all the possible branches.
(Worker_DP3_TP0_EP6 pid=414293) :0: UserWarning: /usr/local/lib/python3.11/site-packages/depyf/explain/enable_debugging.py:163: You are trying to debug `torch.compile`. Please make sure the code runs multiple times to cover all the possible branches.
(Worker_DP0_TP0_EP0 pid=414295) :0: UserWarning: /usr/local/lib/python3.11/site-packages/depyf/explain/enable_debugging.py:163: You are trying to debug `torch.compile`. Please make sure the code runs multiple times to cover all the possible branches.
(Worker_DP2_TP0_EP4 pid=414289) :0: UserWarning: /usr/local/lib/python3.11/site-packages/depyf/explain/enable_debugging.py:163: You are trying to debug `torch.compile`. Please make sure the code runs multiple times to cover all the possible branches.
(Worker_DP1_TP0_EP2 pid=414294) WARNING 07-28 10:29:17 [decorators.py:321] Compiling model again due to a load failure from /root/.cache/vllm/torch_compile_cache/torch_aot_compile/6d800bbdc23db30b8be44fd16a0d7cac2230c03f4c3012bc715378f159eb1a26/rank_0_1/model, reason: Source code has changed since the last compilation. Recompiling the model.
(Worker_DP4_TP0_EP8 pid=414288) WARNING 07-28 10:29:17 [decorators.py:321] Compiling model again due to a load failure from /root/.cache/vllm/torch_compile_cache/torch_aot_compile/47dae8d80555c713471caf5d4c99471ab7b27f518a27b39f5ef25388cca8aec3/rank_0_4/model, reason: Source code has changed since the last compilation. Recompiling the model.
(Worker_DP1_TP0_EP2 pid=414294) :0: UserWarning: /usr/local/lib/python3.11/site-packages/depyf/explain/enable_debugging.py:163: You are trying to debug `torch.compile`. Please make sure the code runs multiple times to cover all the possible branches.
(Worker_DP5_TP0_EP10 pid=414292) WARNING 07-28 10:29:17 [decorators.py:321] Compiling model again due to a load failure from /root/.cache/vllm/torch_compile_cache/torch_aot_compile/fe3d742f8973e0f38803b240a0bd29cb63b5d451bb0d00174bba0301a250b68c/rank_0_5/model, reason: Source code has changed since the last compilation. Recompiling the model.
(Worker_DP4_TP0_EP8 pid=414288) :0: UserWarning: /usr/local/lib/python3.11/site-packages/depyf/explain/enable_debugging.py:163: You are trying to debug `torch.compile`. Please make sure the code runs multiple times to cover all the possible branches.
(Worker_DP0_TP0_EP0 pid=414295) WARNING 07-28 10:29:17 [decorators.py:321] Compiling model again due to a load failure from /root/.cache/vllm/torch_compile_cache/torch_aot_compile/81184e566df09e062d2e9610e7c8fc9671c9c0fa98d2b596e20f93acbb078712/rank_0_0/model, reason: Source code has changed since the last compilation. Recompiling the model.
(Worker_DP5_TP0_EP10 pid=414292) :0: UserWarning: /usr/local/lib/python3.11/site-packages/depyf/explain/enable_debugging.py:163: You are trying to debug `torch.compile`. Please make sure the code runs multiple times to cover all the possible branches.
(Worker_DP0_TP0_EP0 pid=414295) :0: UserWarning: /usr/local/lib/python3.11/site-packages/depyf/explain/enable_debugging.py:163: You are trying to debug `torch.compile`. Please make sure the code runs multiple times to cover all the possible branches.
(Worker_DP2_TP0_EP4 pid=414289) WARNING 07-28 10:29:17 [decorators.py:321] Compiling model again due to a load failure from /root/.cache/vllm/torch_compile_cache/torch_aot_compile/d202a97807b9d28e5a015b7b96d53b6721fd9972bab939e14768ba1d6273c8c5/rank_0_2/model, reason: Source code has changed since the last compilation. Recompiling the model.
(Worker_DP2_TP0_EP4 pid=414289) :0: UserWarning: /usr/local/lib/python3.11/site-packages/depyf/explain/enable_debugging.py:163: You are trying to debug `torch.compile`. Please make sure the code runs multiple times to cover all the possible branches.
(Worker_DP7_TP0_EP14 pid=414290) WARNING 07-28 10:29:17 [decorators.py:321] Compiling model again due to a load failure from /root/.cache/vllm/torch_compile_cache/torch_aot_compile/50f6e2ece0166a2f956bb44394e9ac60f7f1b3d5feb9d6b9fa6def8e784fda8b/rank_0_7/model, reason: Source code has changed since the last compilation. Recompiling the model.
(Worker_DP6_TP0_EP12 pid=414291) WARNING 07-28 10:29:17 [decorators.py:321] Compiling model again due to a load failure from /root/.cache/vllm/torch_compile_cache/torch_aot_compile/7a3061973c39b05088e1c1a9c92d14bd7bbc34ab2bd94761831ce9f58b3d8fd8/rank_0_6/model, reason: Source code has changed since the last compilation. Recompiling the model.
(Worker_DP7_TP0_EP14 pid=414290) :0: UserWarning: /usr/local/lib/python3.11/site-packages/depyf/explain/enable_debugging.py:163: You are trying to debug `torch.compile`. Please make sure the code runs multiple times to cover all the possible branches.
(Worker_DP6_TP0_EP12 pid=414291) :0: UserWarning: /usr/local/lib/python3.11/site-packages/depyf/explain/enable_debugging.py:163: You are trying to debug `torch.compile`. Please make sure the code runs multiple times to cover all the possible branches.
(Worker_DP3_TP0_EP6 pid=414293) WARNING 07-28 10:29:17 [decorators.py:321] Compiling model again due to a load failure from /root/.cache/vllm/torch_compile_cache/torch_aot_compile/576b0c93cc7a2d7c33a7a13d28859c55255bf09e1903de50557acc4055a70044/rank_0_3/model, reason: Source code has changed since the last compilation. Recompiling the model.
(Worker_DP3_TP0_EP6 pid=414293) :0: UserWarning: /usr/local/lib/python3.11/site-packages/depyf/explain/enable_debugging.py:163: You are trying to debug `torch.compile`. Please make sure the code runs multiple times to cover all the possible branches.
(Worker_DP3_TP1_EP7 pid=414680) :0: UserWarning: /usr/local/lib/python3.11/site-packages/depyf/explain/enable_debugging.py:163: You are trying to debug `torch.compile`. Please make sure the code runs multiple times to cover all the possible branches.
(Worker_DP6_TP1_EP13 pid=414707) :0: UserWarning: /usr/local/lib/python3.11/site-packages/depyf/explain/enable_debugging.py:163: You are trying to debug `torch.compile`. Please make sure the code runs multiple times to cover all the possible branches.
(Worker_DP4_TP1_EP9 pid=414629) :0: UserWarning: /usr/local/lib/python3.11/site-packages/depyf/explain/enable_debugging.py:163: You are trying to debug `torch.compile`. Please make sure the code runs multiple times to cover all the possible branches.
(Worker_DP2_TP1_EP5 pid=414705) :0: UserWarning: /usr/local/lib/python3.11/site-packages/depyf/explain/enable_debugging.py:163: You are trying to debug `torch.compile`. Please make sure the code runs multiple times to cover all the possible branches.
(Worker_DP5_TP1_EP11 pid=414739) :0: UserWarning: /usr/local/lib/python3.11/site-packages/depyf/explain/enable_debugging.py:163: You are trying to debug `torch.compile`. Please make sure the code runs multiple times to cover all the possible branches.
(Worker_DP0_TP1_EP1 pid=414679) :0: UserWarning: /usr/local/lib/python3.11/site-packages/depyf/explain/enable_debugging.py:163: You are trying to debug `torch.compile`. Please make sure the code runs multiple times to cover all the possible branches.
(Worker_DP7_TP1_EP15 pid=414666) :0: UserWarning: /usr/local/lib/python3.11/site-packages/depyf/explain/enable_debugging.py:163: You are trying to debug `torch.compile`. Please make sure the code runs multiple times to cover all the possible branches.
(Worker_DP1_TP1_EP3 pid=414704) :0: UserWarning: /usr/local/lib/python3.11/site-packages/depyf/explain/enable_debugging.py:163: You are trying to debug `torch.compile`. Please make sure the code runs multiple times to cover all the possible branches.
(Worker_DP3_TP1_EP7 pid=414680) WARNING 07-28 10:29:17 [decorators.py:321] Compiling model again due to a load failure from /root/.cache/vllm/torch_compile_cache/torch_aot_compile/576b0c93cc7a2d7c33a7a13d28859c55255bf09e1903de50557acc4055a70044/rank_1_3/model, reason: Source code has changed since the last compilation. Recompiling the model.
(Worker_DP3_TP1_EP7 pid=414680) :0: UserWarning: /usr/local/lib/python3.11/site-packages/depyf/explain/enable_debugging.py:163: You are trying to debug `torch.compile`. Please make sure the code runs multiple times to cover all the possible branches.
(Worker_DP0_TP1_EP1 pid=414679) WARNING 07-28 10:29:17 [decorators.py:321] Compiling model again due to a load failure from /root/.cache/vllm/torch_compile_cache/torch_aot_compile/81184e566df09e062d2e9610e7c8fc9671c9c0fa98d2b596e20f93acbb078712/rank_1_0/model, reason: Source code has changed since the last compilation. Recompiling the model.
(Worker_DP0_TP1_EP1 pid=414679) :0: UserWarning: /usr/local/lib/python3.11/site-packages/depyf/explain/enable_debugging.py:163: You are trying to debug `torch.compile`. Please make sure the code runs multiple times to cover all the possible branches.
(Worker_DP4_TP1_EP9 pid=414629) WARNING 07-28 10:29:17 [decorators.py:321] Compiling model again due to a load failure from /root/.cache/vllm/torch_compile_cache/torch_aot_compile/47dae8d80555c713471caf5d4c99471ab7b27f518a27b39f5ef25388cca8aec3/rank_1_4/model, reason: Source code has changed since the last compilation. Recompiling the model.
(Worker_DP4_TP1_EP9 pid=414629) :0: UserWarning: /usr/local/lib/python3.11/site-packages/depyf/explain/enable_debugging.py:163: You are trying to debug `torch.compile`. Please make sure the code runs multiple times to cover all the possible branches.
(Worker_DP5_TP1_EP11 pid=414739) WARNING 07-28 10:29:17 [decorators.py:321] Compiling model again due to a load failure from /root/.cache/vllm/torch_compile_cache/torch_aot_compile/fe3d742f8973e0f38803b240a0bd29cb63b5d451bb0d00174bba0301a250b68c/rank_1_5/model, reason: Source code has changed since the last compilation. Recompiling the model.
(Worker_DP7_TP1_EP15 pid=414666) WARNING 07-28 10:29:17 [decorators.py:321] Compiling model again due to a load failure from /root/.cache/vllm/torch_compile_cache/torch_aot_compile/50f6e2ece0166a2f956bb44394e9ac60f7f1b3d5feb9d6b9fa6def8e784fda8b/rank_1_7/model, reason: Source code has changed since the last compilation. Recompiling the model.
(Worker_DP2_TP1_EP5 pid=414705) WARNING 07-28 10:29:17 [decorators.py:321] Compiling model again due to a load failure from /root/.cache/vllm/torch_compile_cache/torch_aot_compile/d202a97807b9d28e5a015b7b96d53b6721fd9972bab939e14768ba1d6273c8c5/rank_1_2/model, reason: Source code has changed since the last compilation. Recompiling the model.
(Worker_DP5_TP1_EP11 pid=414739) :0: UserWarning: /usr/local/lib/python3.11/site-packages/depyf/explain/enable_debugging.py:163: You are trying to debug `torch.compile`. Please make sure the code runs multiple times to cover all the possible branches.
(Worker_DP7_TP1_EP15 pid=414666) :0: UserWarning: /usr/local/lib/python3.11/site-packages/depyf/explain/enable_debugging.py:163: You are trying to debug `torch.compile`. Please make sure the code runs multiple times to cover all the possible branches.
(Worker_DP2_TP1_EP5 pid=414705) :0: UserWarning: /usr/local/lib/python3.11/site-packages/depyf/explain/enable_debugging.py:163: You are trying to debug `torch.compile`. Please make sure the code runs multiple times to cover all the possible branches.
(Worker_DP1_TP1_EP3 pid=414704) WARNING 07-28 10:29:17 [decorators.py:321] Compiling model again due to a load failure from /root/.cache/vllm/torch_compile_cache/torch_aot_compile/6d800bbdc23db30b8be44fd16a0d7cac2230c03f4c3012bc715378f159eb1a26/rank_1_1/model, reason: Source code has changed since the last compilation. Recompiling the model.
(Worker_DP1_TP1_EP3 pid=414704) :0: UserWarning: /usr/local/lib/python3.11/site-packages/depyf/explain/enable_debugging.py:163: You are trying to debug `torch.compile`. Please make sure the code runs multiple times to cover all the possible branches.
(Worker_DP6_TP1_EP13 pid=414707) WARNING 07-28 10:29:17 [decorators.py:321] Compiling model again due to a load failure from /root/.cache/vllm/torch_compile_cache/torch_aot_compile/7a3061973c39b05088e1c1a9c92d14bd7bbc34ab2bd94761831ce9f58b3d8fd8/rank_1_6/model, reason: Source code has changed since the last compilation. Recompiling the model.
(Worker_DP6_TP1_EP13 pid=414707) :0: UserWarning: /usr/local/lib/python3.11/site-packages/depyf/explain/enable_debugging.py:163: You are trying to debug `torch.compile`. Please make sure the code runs multiple times to cover all the possible branches.
(Worker_DP5_TP0_EP10 pid=414292) INFO 07-28 10:29:17 [compiler_interface.py:248] AscendCompiler hash factors: {'torch_npu_version': '2.10.0.post2', 'enable_npugraph_ex': True, 'enable_static_kernel': False}
(Worker_DP5_TP0_EP10 pid=414292) INFO 07-28 10:29:17 [backends.py:1089] Using cache directory: /root/.cache/vllm/torch_compile_cache/7d84462e92/rank_0_5/eagle_head for vLLM's torch.compile
(Worker_DP5_TP0_EP10 pid=414292) INFO 07-28 10:29:17 [backends.py:1148] Dynamo bytecode transform time: 0.30 s
(Worker_DP2_TP0_EP4 pid=414289) INFO 07-28 10:29:17 [compiler_interface.py:248] AscendCompiler hash factors: {'torch_npu_version': '2.10.0.post2', 'enable_npugraph_ex': True, 'enable_static_kernel': False}
(Worker_DP2_TP0_EP4 pid=414289) INFO 07-28 10:29:17 [backends.py:1089] Using cache directory: /root/.cache/vllm/torch_compile_cache/8a0d39b85d/rank_0_2/eagle_head for vLLM's torch.compile
(Worker_DP2_TP0_EP4 pid=414289) INFO 07-28 10:29:17 [backends.py:1148] Dynamo bytecode transform time: 0.31 s
(Worker_DP3_TP0_EP6 pid=414293) INFO 07-28 10:29:17 [compiler_interface.py:248] AscendCompiler hash factors: {'torch_npu_version': '2.10.0.post2', 'enable_npugraph_ex': True, 'enable_static_kernel': False}
(Worker_DP3_TP0_EP6 pid=414293) INFO 07-28 10:29:17 [backends.py:1089] Using cache directory: /root/.cache/vllm/torch_compile_cache/75146c2e1f/rank_0_3/eagle_head for vLLM's torch.compile
(Worker_DP3_TP0_EP6 pid=414293) INFO 07-28 10:29:17 [backends.py:1148] Dynamo bytecode transform time: 0.32 s
(Worker_DP6_TP0_EP12 pid=414291) INFO 07-28 10:29:17 [compiler_interface.py:248] AscendCompiler hash factors: {'torch_npu_version': '2.10.0.post2', 'enable_npugraph_ex': True, 'enable_static_kernel': False}
(Worker_DP6_TP0_EP12 pid=414291) INFO 07-28 10:29:17 [backends.py:1089] Using cache directory: /root/.cache/vllm/torch_compile_cache/a4482469cb/rank_0_6/eagle_head for vLLM's torch.compile
(Worker_DP6_TP0_EP12 pid=414291) INFO 07-28 10:29:17 [backends.py:1148] Dynamo bytecode transform time: 0.35 s
(Worker_DP0_TP1_EP1 pid=414679) INFO 07-28 10:29:17 [compiler_interface.py:248] AscendCompiler hash factors: {'torch_npu_version': '2.10.0.post2', 'enable_npugraph_ex': True, 'enable_static_kernel': False}
(Worker_DP4_TP0_EP8 pid=414288) INFO 07-28 10:29:18 [compiler_interface.py:248] AscendCompiler hash factors: {'torch_npu_version': '2.10.0.post2', 'enable_npugraph_ex': True, 'enable_static_kernel': False}
(Worker_DP4_TP0_EP8 pid=414288) INFO 07-28 10:29:18 [backends.py:1089] Using cache directory: /root/.cache/vllm/torch_compile_cache/a6026ce536/rank_0_4/eagle_head for vLLM's torch.compile
(Worker_DP4_TP0_EP8 pid=414288) INFO 07-28 10:29:18 [backends.py:1148] Dynamo bytecode transform time: 1.42 s
(Worker_DP1_TP0_EP2 pid=414294) INFO 07-28 10:29:18 [compiler_interface.py:248] AscendCompiler hash factors: {'torch_npu_version': '2.10.0.post2', 'enable_npugraph_ex': True, 'enable_static_kernel': False}
(Worker_DP1_TP0_EP2 pid=414294) INFO 07-28 10:29:18 [backends.py:1089] Using cache directory: /root/.cache/vllm/torch_compile_cache/6aa191777a/rank_0_1/eagle_head for vLLM's torch.compile
(Worker_DP1_TP0_EP2 pid=414294) INFO 07-28 10:29:18 [backends.py:1148] Dynamo bytecode transform time: 1.62 s
(Worker_DP0_TP0_EP0 pid=414295) INFO 07-28 10:29:18 [compiler_interface.py:248] AscendCompiler hash factors: {'torch_npu_version': '2.10.0.post2', 'enable_npugraph_ex': True, 'enable_static_kernel': False}
(Worker_DP0_TP0_EP0 pid=414295) INFO 07-28 10:29:18 [backends.py:1089] Using cache directory: /root/.cache/vllm/torch_compile_cache/451776045e/rank_0_0/eagle_head for vLLM's torch.compile
(Worker_DP0_TP0_EP0 pid=414295) INFO 07-28 10:29:18 [backends.py:1148] Dynamo bytecode transform time: 1.65 s
(Worker_DP3_TP1_EP7 pid=414680) INFO 07-28 10:29:18 [compiler_interface.py:248] AscendCompiler hash factors: {'torch_npu_version': '2.10.0.post2', 'enable_npugraph_ex': True, 'enable_static_kernel': False}
(Worker_DP7_TP0_EP14 pid=414290) INFO 07-28 10:29:18 [compiler_interface.py:248] AscendCompiler hash factors: {'torch_npu_version': '2.10.0.post2', 'enable_npugraph_ex': True, 'enable_static_kernel': False}
(Worker_DP7_TP0_EP14 pid=414290) INFO 07-28 10:29:18 [backends.py:1089] Using cache directory: /root/.cache/vllm/torch_compile_cache/071798333b/rank_0_7/eagle_head for vLLM's torch.compile
(Worker_DP7_TP0_EP14 pid=414290) INFO 07-28 10:29:18 [backends.py:1148] Dynamo bytecode transform time: 1.70 s
(Worker_DP4_TP1_EP9 pid=414629) INFO 07-28 10:29:18 [compiler_interface.py:248] AscendCompiler hash factors: {'torch_npu_version': '2.10.0.post2', 'enable_npugraph_ex': True, 'enable_static_kernel': False}
(Worker_DP1_TP1_EP3 pid=414704) INFO 07-28 10:29:18 [compiler_interface.py:248] AscendCompiler hash factors: {'torch_npu_version': '2.10.0.post2', 'enable_npugraph_ex': True, 'enable_static_kernel': False}
(Worker_DP2_TP1_EP5 pid=414705) INFO 07-28 10:29:18 [compiler_interface.py:248] AscendCompiler hash factors: {'torch_npu_version': '2.10.0.post2', 'enable_npugraph_ex': True, 'enable_static_kernel': False}
(Worker_DP5_TP1_EP11 pid=414739) INFO 07-28 10:29:19 [compiler_interface.py:248] AscendCompiler hash factors: {'torch_npu_version': '2.10.0.post2', 'enable_npugraph_ex': True, 'enable_static_kernel': False}
(Worker_DP4_TP0_EP8 pid=414288) INFO 07-28 10:29:19 [compiler_interface.py:199] Saved compiled graph to cache: /root/.cache/vllm/torch_compile_cache/a6026ce536/rank_0_4/eagle_head/artifact_compile_range_1_256_subgraph_0
(Worker_DP4_TP0_EP8 pid=414288) INFO 07-28 10:29:19 [backends.py:393] Compiling a graph for compile range (1, 256) takes 0.52 s
(Worker_DP7_TP1_EP15 pid=414666) INFO 07-28 10:29:19 [compiler_interface.py:248] AscendCompiler hash factors: {'torch_npu_version': '2.10.0.post2', 'enable_npugraph_ex': True, 'enable_static_kernel': False}
(Worker_DP6_TP1_EP13 pid=414707) INFO 07-28 10:29:19 [compiler_interface.py:248] AscendCompiler hash factors: {'torch_npu_version': '2.10.0.post2', 'enable_npugraph_ex': True, 'enable_static_kernel': False}
(Worker_DP4_TP0_EP8 pid=414288) INFO 07-28 10:29:19 [decorators.py:708] saved AOT compiled function to /root/.cache/vllm/torch_compile_cache/torch_aot_compile/47dae8d80555c713471caf5d4c99471ab7b27f518a27b39f5ef25388cca8aec3/rank_0_4/model
(Worker_DP4_TP0_EP8 pid=414288) INFO 07-28 10:29:19 [monitor.py:53] torch.compile took 2.08 s in total
(Worker_DP3_TP0_EP6 pid=414293) INFO 07-28 10:29:19 [compiler_interface.py:199] Saved compiled graph to cache: /root/.cache/vllm/torch_compile_cache/75146c2e1f/rank_0_3/eagle_head/artifact_compile_range_1_256_subgraph_0
(Worker_DP3_TP0_EP6 pid=414293) INFO 07-28 10:29:19 [backends.py:393] Compiling a graph for compile range (1, 256) takes 0.49 s
(Worker_DP2_TP0_EP4 pid=414289) INFO 07-28 10:29:19 [compiler_interface.py:199] Saved compiled graph to cache: /root/.cache/vllm/torch_compile_cache/8a0d39b85d/rank_0_2/eagle_head/artifact_compile_range_1_256_subgraph_0
(Worker_DP2_TP0_EP4 pid=414289) INFO 07-28 10:29:19 [backends.py:393] Compiling a graph for compile range (1, 256) takes 0.54 s
(Worker_DP4_TP0_EP8 pid=414288) INFO 07-28 10:29:19 [monitor.py:81] Initial profiling/warmup run took 0.09 s
(Worker_DP3_TP0_EP6 pid=414293) INFO 07-28 10:29:19 [decorators.py:708] saved AOT compiled function to /root/.cache/vllm/torch_compile_cache/torch_aot_compile/576b0c93cc7a2d7c33a7a13d28859c55255bf09e1903de50557acc4055a70044/rank_0_3/model
(Worker_DP3_TP0_EP6 pid=414293) INFO 07-28 10:29:19 [monitor.py:53] torch.compile took 2.19 s in total
(Worker_DP0_TP1_EP1 pid=414679) INFO 07-28 10:29:19 [compiler_interface.py:199] Saved compiled graph to cache: /root/.cache/vllm/torch_compile_cache/451776045e/rank_1_0/eagle_head/artifact_compile_range_1_256_subgraph_0
(Worker_DP0_TP0_EP0 pid=414295) INFO 07-28 10:29:19 [compiler_interface.py:199] Saved compiled graph to cache: /root/.cache/vllm/torch_compile_cache/451776045e/rank_0_0/eagle_head/artifact_compile_range_1_256_subgraph_0
(Worker_DP2_TP0_EP4 pid=414289) INFO 07-28 10:29:19 [decorators.py:708] saved AOT compiled function to /root/.cache/vllm/torch_compile_cache/torch_aot_compile/d202a97807b9d28e5a015b7b96d53b6721fd9972bab939e14768ba1d6273c8c5/rank_0_2/model
(Worker_DP2_TP0_EP4 pid=414289) INFO 07-28 10:29:19 [monitor.py:53] torch.compile took 2.24 s in total
(Worker_DP1_TP0_EP2 pid=414294) INFO 07-28 10:29:19 [compiler_interface.py:199] Saved compiled graph to cache: /root/.cache/vllm/torch_compile_cache/6aa191777a/rank_0_1/eagle_head/artifact_compile_range_1_256_subgraph_0
(Worker_DP0_TP0_EP0 pid=414295) INFO 07-28 10:29:19 [backends.py:393] Compiling a graph for compile range (1, 256) takes 0.54 s
(Worker_DP1_TP0_EP2 pid=414294) INFO 07-28 10:29:19 [backends.py:393] Compiling a graph for compile range (1, 256) takes 0.58 s
(Worker_DP3_TP1_EP7 pid=414680) INFO 07-28 10:29:19 [compiler_interface.py:199] Saved compiled graph to cache: /root/.cache/vllm/torch_compile_cache/75146c2e1f/rank_1_3/eagle_head/artifact_compile_range_1_256_subgraph_0
(Worker_DP7_TP0_EP14 pid=414290) INFO 07-28 10:29:19 [compiler_interface.py:199] Saved compiled graph to cache: /root/.cache/vllm/torch_compile_cache/071798333b/rank_0_7/eagle_head/artifact_compile_range_1_256_subgraph_0
(Worker_DP3_TP0_EP6 pid=414293) INFO 07-28 10:29:19 [monitor.py:81] Initial profiling/warmup run took 0.09 s
(Worker_DP7_TP0_EP14 pid=414290) INFO 07-28 10:29:19 [backends.py:393] Compiling a graph for compile range (1, 256) takes 0.53 s
(Worker_DP2_TP0_EP4 pid=414289) INFO 07-28 10:29:19 [monitor.py:81] Initial profiling/warmup run took 0.08 s
(Worker_DP0_TP0_EP0 pid=414295) INFO 07-28 10:29:19 [decorators.py:708] saved AOT compiled function to /root/.cache/vllm/torch_compile_cache/torch_aot_compile/81184e566df09e062d2e9610e7c8fc9671c9c0fa98d2b596e20f93acbb078712/rank_0_0/model
(Worker_DP0_TP0_EP0 pid=414295) INFO 07-28 10:29:19 [monitor.py:53] torch.compile took 2.35 s in total
(Worker_DP1_TP0_EP2 pid=414294) INFO 07-28 10:29:19 [decorators.py:708] saved AOT compiled function to /root/.cache/vllm/torch_compile_cache/torch_aot_compile/6d800bbdc23db30b8be44fd16a0d7cac2230c03f4c3012bc715378f159eb1a26/rank_0_1/model
(Worker_DP1_TP0_EP2 pid=414294) INFO 07-28 10:29:19 [monitor.py:53] torch.compile took 2.36 s in total
(Worker_DP7_TP0_EP14 pid=414290) INFO 07-28 10:29:19 [decorators.py:708] saved AOT compiled function to /root/.cache/vllm/torch_compile_cache/torch_aot_compile/50f6e2ece0166a2f956bb44394e9ac60f7f1b3d5feb9d6b9fa6def8e784fda8b/rank_0_7/model
(Worker_DP7_TP0_EP14 pid=414290) INFO 07-28 10:29:19 [monitor.py:53] torch.compile took 2.39 s in total
(Worker_DP1_TP1_EP3 pid=414704) INFO 07-28 10:29:19 [compiler_interface.py:199] Saved compiled graph to cache: /root/.cache/vllm/torch_compile_cache/6aa191777a/rank_1_1/eagle_head/artifact_compile_range_1_256_subgraph_0
(Worker_DP1_TP0_EP2 pid=414294) INFO 07-28 10:29:19 [monitor.py:81] Initial profiling/warmup run took 0.09 s
(Worker_DP4_TP1_EP9 pid=414629) INFO 07-28 10:29:19 [compiler_interface.py:199] Saved compiled graph to cache: /root/.cache/vllm/torch_compile_cache/a6026ce536/rank_1_4/eagle_head/artifact_compile_range_1_256_subgraph_0
(Worker_DP0_TP0_EP0 pid=414295) INFO 07-28 10:29:19 [monitor.py:81] Initial profiling/warmup run took 0.11 s
(Worker_DP7_TP0_EP14 pid=414290) INFO 07-28 10:29:19 [monitor.py:81] Initial profiling/warmup run took 0.11 s
(Worker_DP6_TP0_EP12 pid=414291) INFO 07-28 10:29:19 [compiler_interface.py:199] Saved compiled graph to cache: /root/.cache/vllm/torch_compile_cache/a4482469cb/rank_0_6/eagle_head/artifact_compile_range_1_256_subgraph_0
(Worker_DP6_TP0_EP12 pid=414291) INFO 07-28 10:29:19 [backends.py:393] Compiling a graph for compile range (1, 256) takes 0.61 s
(Worker_DP2_TP1_EP5 pid=414705) INFO 07-28 10:29:19 [compiler_interface.py:199] Saved compiled graph to cache: /root/.cache/vllm/torch_compile_cache/8a0d39b85d/rank_1_2/eagle_head/artifact_compile_range_1_256_subgraph_0
(Worker_DP5_TP1_EP11 pid=414739) INFO 07-28 10:29:19 [compiler_interface.py:199] Saved compiled graph to cache: /root/.cache/vllm/torch_compile_cache/7d84462e92/rank_1_5/eagle_head/artifact_compile_range_1_256_subgraph_0
(Worker_DP5_TP0_EP10 pid=414292) INFO 07-28 10:29:19 [compiler_interface.py:199] Saved compiled graph to cache: /root/.cache/vllm/torch_compile_cache/7d84462e92/rank_0_5/eagle_head/artifact_compile_range_1_256_subgraph_0
(Worker_DP5_TP0_EP10 pid=414292) INFO 07-28 10:29:19 [backends.py:393] Compiling a graph for compile range (1, 256) takes 0.61 s
(Worker_DP6_TP0_EP12 pid=414291) INFO 07-28 10:29:19 [decorators.py:708] saved AOT compiled function to /root/.cache/vllm/torch_compile_cache/torch_aot_compile/7a3061973c39b05088e1c1a9c92d14bd7bbc34ab2bd94761831ce9f58b3d8fd8/rank_0_6/model
(Worker_DP6_TP0_EP12 pid=414291) INFO 07-28 10:29:19 [monitor.py:53] torch.compile took 2.61 s in total
(Worker_DP7_TP1_EP15 pid=414666) INFO 07-28 10:29:19 [compiler_interface.py:199] Saved compiled graph to cache: /root/.cache/vllm/torch_compile_cache/071798333b/rank_1_7/eagle_head/artifact_compile_range_1_256_subgraph_0
(Worker_DP6_TP1_EP13 pid=414707) INFO 07-28 10:29:19 [compiler_interface.py:199] Saved compiled graph to cache: /root/.cache/vllm/torch_compile_cache/a4482469cb/rank_1_6/eagle_head/artifact_compile_range_1_256_subgraph_0
(Worker_DP5_TP0_EP10 pid=414292) INFO 07-28 10:29:19 [decorators.py:708] saved AOT compiled function to /root/.cache/vllm/torch_compile_cache/torch_aot_compile/fe3d742f8973e0f38803b240a0bd29cb63b5d451bb0d00174bba0301a250b68c/rank_0_5/model
(Worker_DP5_TP0_EP10 pid=414292) INFO 07-28 10:29:19 [monitor.py:53] torch.compile took 2.68 s in total
(Worker_DP6_TP0_EP12 pid=414291) INFO 07-28 10:29:19 [monitor.py:81] Initial profiling/warmup run took 0.10 s
(Worker_DP5_TP0_EP10 pid=414292) INFO 07-28 10:29:19 [monitor.py:81] Initial profiling/warmup run took 0.08 s
(Worker_DP0_TP0_EP0 pid=414295) INFO 07-28 10:29:22 [gpu_model_runner.py:6571] Profiling CUDA graph memory: FULL=2 (largest=48)
(Worker_DP1_TP0_EP2 pid=414294) INFO 07-28 10:29:22 [gpu_model_runner.py:6571] Profiling CUDA graph memory: FULL=2 (largest=48)
(Worker_DP0_TP1_EP1 pid=414679) INFO 07-28 10:29:22 [gpu_model_runner.py:6571] Profiling CUDA graph memory: FULL=2 (largest=48)
(Worker_DP3_TP0_EP6 pid=414293) INFO 07-28 10:29:22 [gpu_model_runner.py:6571] Profiling CUDA graph memory: FULL=2 (largest=48)
(Worker_DP4_TP0_EP8 pid=414288) INFO 07-28 10:29:22 [gpu_model_runner.py:6571] Profiling CUDA graph memory: FULL=2 (largest=48)
(Worker_DP2_TP1_EP5 pid=414705) INFO 07-28 10:29:22 [gpu_model_runner.py:6571] Profiling CUDA graph memory: FULL=2 (largest=48)
(Worker_DP2_TP0_EP4 pid=414289) INFO 07-28 10:29:22 [gpu_model_runner.py:6571] Profiling CUDA graph memory: FULL=2 (largest=48)
(Worker_DP6_TP0_EP12 pid=414291) INFO 07-28 10:29:22 [gpu_model_runner.py:6571] Profiling CUDA graph memory: FULL=2 (largest=48)
(Worker_DP7_TP1_EP15 pid=414666) INFO 07-28 10:29:22 [gpu_model_runner.py:6571] Profiling CUDA graph memory: FULL=2 (largest=48)
(Worker_DP5_TP1_EP11 pid=414739) INFO 07-28 10:29:22 [gpu_model_runner.py:6571] Profiling CUDA graph memory: FULL=2 (largest=48)
(Worker_DP7_TP0_EP14 pid=414290) INFO 07-28 10:29:22 [gpu_model_runner.py:6571] Profiling CUDA graph memory: FULL=2 (largest=48)
(Worker_DP4_TP1_EP9 pid=414629) INFO 07-28 10:29:22 [gpu_model_runner.py:6571] Profiling CUDA graph memory: FULL=2 (largest=48)
(Worker_DP5_TP0_EP10 pid=414292) INFO 07-28 10:29:22 [gpu_model_runner.py:6571] Profiling CUDA graph memory: FULL=2 (largest=48)
(Worker_DP1_TP1_EP3 pid=414704) INFO 07-28 10:29:22 [gpu_model_runner.py:6571] Profiling CUDA graph memory: FULL=2 (largest=48)
(Worker_DP6_TP1_EP13 pid=414707) INFO 07-28 10:29:22 [gpu_model_runner.py:6571] Profiling CUDA graph memory: FULL=2 (largest=48)
(Worker_DP3_TP1_EP7 pid=414680) INFO 07-28 10:29:22 [gpu_model_runner.py:6571] Profiling CUDA graph memory: FULL=2 (largest=48)
(Worker_DP4_TP0_EP8 pid=414288) INFO 07-28 10:29:23 [model_runner_v1.py:3667] [ACLGraphMemoryProfile] Capturing shape-equivalent LMHead matmul without TP collectives.
(Worker_DP3_TP0_EP6 pid=414293) INFO 07-28 10:29:23 [model_runner_v1.py:3667] [ACLGraphMemoryProfile] Capturing shape-equivalent LMHead matmul without TP collectives.
(Worker_DP2_TP0_EP4 pid=414289) INFO 07-28 10:29:23 [model_runner_v1.py:3667] [ACLGraphMemoryProfile] Capturing shape-equivalent LMHead matmul without TP collectives.
(Worker_DP5_TP0_EP10 pid=414292) INFO 07-28 10:29:23 [model_runner_v1.py:3667] [ACLGraphMemoryProfile] Capturing shape-equivalent LMHead matmul without TP collectives.
(Worker_DP1_TP0_EP2 pid=414294) INFO 07-28 10:29:23 [model_runner_v1.py:3667] [ACLGraphMemoryProfile] Capturing shape-equivalent LMHead matmul without TP collectives.
(Worker_DP6_TP0_EP12 pid=414291) INFO 07-28 10:29:23 [model_runner_v1.py:3667] [ACLGraphMemoryProfile] Capturing shape-equivalent LMHead matmul without TP collectives.
(Worker_DP0_TP0_EP0 pid=414295) INFO 07-28 10:29:23 [model_runner_v1.py:3667] [ACLGraphMemoryProfile] Capturing shape-equivalent LMHead matmul without TP collectives.
(Worker_DP7_TP0_EP14 pid=414290) INFO 07-28 10:29:23 [model_runner_v1.py:3667] [ACLGraphMemoryProfile] Capturing shape-equivalent LMHead matmul without TP collectives.
[rank14]:[W728 10:29:24.053239540 NPUGraph.cpp:223] Warning: Waiting for pending NCCL work to finish before starting graph capture. (function operator())
[rank8]:[W728 10:29:24.054684510 NPUGraph.cpp:223] Warning: Waiting for pending NCCL work to finish before starting graph capture. (function operator())
[rank6]:[W728 10:29:24.056449130 NPUGraph.cpp:223] Warning: Waiting for pending NCCL work to finish before starting graph capture. (function operator())
[rank3]:[W728 10:29:24.056642890 NPUGraph.cpp:223] Warning: Waiting for pending NCCL work to finish before starting graph capture. (function operator())
[rank10]:[W728 10:29:24.056764390 NPUGraph.cpp:223] Warning: Waiting for pending NCCL work to finish before starting graph capture. (function operator())
[rank2]:[W728 10:29:24.057224930 NPUGraph.cpp:223] Warning: Waiting for pending NCCL work to finish before starting graph capture. (function operator())
[rank15]:[W728 10:29:24.057225190 NPUGraph.cpp:223] Warning: Waiting for pending NCCL work to finish before starting graph capture. (function operator())
[rank13]:[W728 10:29:24.057320420 NPUGraph.cpp:223] Warning: Waiting for pending NCCL work to finish before starting graph capture. (function operator())
[rank7]:[W728 10:29:24.058243040 NPUGraph.cpp:223] Warning: Waiting for pending NCCL work to finish before starting graph capture. (function operator())
[rank4]:[W728 10:29:24.058629000 NPUGraph.cpp:223] Warning: Waiting for pending NCCL work to finish before starting graph capture. (function operator())
[rank9]:[W728 10:29:24.058840220 NPUGraph.cpp:223] Warning: Waiting for pending NCCL work to finish before starting graph capture. (function operator())
[rank5]:[W728 10:29:24.059249860 NPUGraph.cpp:223] Warning: Waiting for pending NCCL work to finish before starting graph capture. (function operator())
[rank12]:[W728 10:29:24.059362460 NPUGraph.cpp:223] Warning: Waiting for pending NCCL work to finish before starting graph capture. (function operator())
[rank11]:[W728 10:29:24.060502000 NPUGraph.cpp:223] Warning: Waiting for pending NCCL work to finish before starting graph capture. (function operator())
[rank1]:[W728 10:29:24.070397390 NPUGraph.cpp:223] Warning: Waiting for pending NCCL work to finish before starting graph capture. (function operator())
[rank0]:[W728 10:29:24.071184740 NPUGraph.cpp:223] Warning: Waiting for pending NCCL work to finish before starting graph capture. (function operator())
(Worker_DP7_TP0_EP14 pid=414290) INFO 07-28 10:29:29 [gpu_model_runner.py:6676] Estimated CUDA graph memory: 0.54 GiB total
(Worker_DP3_TP1_EP7 pid=414680) INFO 07-28 10:29:29 [gpu_model_runner.py:6676] Estimated CUDA graph memory: 0.54 GiB total
(Worker_DP3_TP0_EP6 pid=414293) INFO 07-28 10:29:29 [gpu_model_runner.py:6676] Estimated CUDA graph memory: 0.55 GiB total
(Worker_DP1_TP1_EP3 pid=414704) INFO 07-28 10:29:29 [gpu_model_runner.py:6676] Estimated CUDA graph memory: 0.55 GiB total
(Worker_DP1_TP0_EP2 pid=414294) INFO 07-28 10:29:29 [gpu_model_runner.py:6676] Estimated CUDA graph memory: 0.55 GiB total
(Worker_DP4_TP0_EP8 pid=414288) INFO 07-28 10:29:29 [gpu_model_runner.py:6676] Estimated CUDA graph memory: 0.55 GiB total
(Worker_DP2_TP0_EP4 pid=414289) INFO 07-28 10:29:29 [gpu_model_runner.py:6676] Estimated CUDA graph memory: 0.55 GiB total
(Worker_DP5_TP0_EP10 pid=414292) INFO 07-28 10:29:29 [gpu_model_runner.py:6676] Estimated CUDA graph memory: 0.55 GiB total
(Worker_DP0_TP0_EP0 pid=414295) INFO 07-28 10:29:29 [gpu_model_runner.py:6676] Estimated CUDA graph memory: 0.55 GiB total
(Worker_DP6_TP0_EP12 pid=414291) INFO 07-28 10:29:29 [gpu_model_runner.py:6676] Estimated CUDA graph memory: 0.55 GiB total
(Worker_DP0_TP1_EP1 pid=414679) INFO 07-28 10:29:29 [gpu_model_runner.py:6676] Estimated CUDA graph memory: 0.55 GiB total
(Worker_DP5_TP1_EP11 pid=414739) INFO 07-28 10:29:30 [gpu_model_runner.py:6676] Estimated CUDA graph memory: 0.55 GiB total
(Worker_DP7_TP1_EP15 pid=414666) INFO 07-28 10:29:30 [gpu_model_runner.py:6676] Estimated CUDA graph memory: 0.55 GiB total
(Worker_DP6_TP1_EP13 pid=414707) INFO 07-28 10:29:30 [gpu_model_runner.py:6676] Estimated CUDA graph memory: 0.55 GiB total
(Worker_DP2_TP1_EP5 pid=414705) INFO 07-28 10:29:30 [gpu_model_runner.py:6676] Estimated CUDA graph memory: 0.55 GiB total
(Worker_DP4_TP1_EP9 pid=414629) INFO 07-28 10:29:30 [gpu_model_runner.py:6676] Estimated CUDA graph memory: 0.55 GiB total
(Worker_DP3_TP1_EP7 pid=414680) INFO 07-28 10:29:31 [worker.py:623] ACL graph memory profiling is enabled (default since v0.22.1). The current --gpu-memory-utilization=0.9000 is equivalent to --gpu-memory-utilization=0.8911 without ACL graph memory profiling. To maintain the same effective KV cache size as before, increase --gpu-memory-utilization to 0.9089. To disable, set VLLM_MEMORY_PROFILER_ESTIMATE_CUDAGRAPHS=0.
(Worker_DP5_TP0_EP10 pid=414292) INFO 07-28 10:29:31 [worker.py:607] Available KV cache memory: 0.61 GiB
(Worker_DP5_TP0_EP10 pid=414292) INFO 07-28 10:29:31 [worker.py:623] ACL graph memory profiling is enabled (default since v0.22.1). The current --gpu-memory-utilization=0.9000 is equivalent to --gpu-memory-utilization=0.8911 without ACL graph memory profiling. To maintain the same effective KV cache size as before, increase --gpu-memory-utilization to 0.9089. To disable, set VLLM_MEMORY_PROFILER_ESTIMATE_CUDAGRAPHS=0.
(Worker_DP1_TP1_EP3 pid=414704) INFO 07-28 10:29:31 [worker.py:623] ACL graph memory profiling is enabled (default since v0.22.1). The current --gpu-memory-utilization=0.9000 is equivalent to --gpu-memory-utilization=0.8911 without ACL graph memory profiling. To maintain the same effective KV cache size as before, increase --gpu-memory-utilization to 0.9089. To disable, set VLLM_MEMORY_PROFILER_ESTIMATE_CUDAGRAPHS=0.
(Worker_DP1_TP0_EP2 pid=414294) INFO 07-28 10:29:31 [worker.py:607] Available KV cache memory: 0.61 GiB
(Worker_DP1_TP0_EP2 pid=414294) INFO 07-28 10:29:31 [worker.py:623] ACL graph memory profiling is enabled (default since v0.22.1). The current --gpu-memory-utilization=0.9000 is equivalent to --gpu-memory-utilization=0.8911 without ACL graph memory profiling. To maintain the same effective KV cache size as before, increase --gpu-memory-utilization to 0.9089. To disable, set VLLM_MEMORY_PROFILER_ESTIMATE_CUDAGRAPHS=0.
(EngineCore_DP1 pid=413871) INFO 07-28 10:29:31 [kv_cache_utils.py:2168] GPU KV cache size: 9,088 tokens
(EngineCore_DP1 pid=413871) INFO 07-28 10:29:31 [kv_cache_utils.py:2169] Maximum concurrency for 4,096 tokens per request: 2.22x
(Worker_DP6_TP0_EP12 pid=414291) INFO 07-28 10:29:31 [worker.py:607] Available KV cache memory: 0.61 GiB
(Worker_DP6_TP0_EP12 pid=414291) INFO 07-28 10:29:31 [worker.py:623] ACL graph memory profiling is enabled (default since v0.22.1). The current --gpu-memory-utilization=0.9000 is equivalent to --gpu-memory-utilization=0.8911 without ACL graph memory profiling. To maintain the same effective KV cache size as before, increase --gpu-memory-utilization to 0.9089. To disable, set VLLM_MEMORY_PROFILER_ESTIMATE_CUDAGRAPHS=0.
(Worker_DP4_TP0_EP8 pid=414288) INFO 07-28 10:29:31 [worker.py:607] Available KV cache memory: 0.61 GiB
(Worker_DP4_TP0_EP8 pid=414288) INFO 07-28 10:29:31 [worker.py:623] ACL graph memory profiling is enabled (default since v0.22.1). The current --gpu-memory-utilization=0.9000 is equivalent to --gpu-memory-utilization=0.8911 without ACL graph memory profiling. To maintain the same effective KV cache size as before, increase --gpu-memory-utilization to 0.9089. To disable, set VLLM_MEMORY_PROFILER_ESTIMATE_CUDAGRAPHS=0.
(Worker_DP3_TP0_EP6 pid=414293) INFO 07-28 10:29:31 [worker.py:607] Available KV cache memory: 0.61 GiB
(Worker_DP3_TP0_EP6 pid=414293) INFO 07-28 10:29:31 [worker.py:623] ACL graph memory profiling is enabled (default since v0.22.1). The current --gpu-memory-utilization=0.9000 is equivalent to --gpu-memory-utilization=0.8911 without ACL graph memory profiling. To maintain the same effective KV cache size as before, increase --gpu-memory-utilization to 0.9089. To disable, set VLLM_MEMORY_PROFILER_ESTIMATE_CUDAGRAPHS=0.
(EngineCore_DP3 pid=413869) INFO 07-28 10:29:31 [kv_cache_utils.py:2168] GPU KV cache size: 9,088 tokens
(EngineCore_DP3 pid=413869) INFO 07-28 10:29:31 [kv_cache_utils.py:2169] Maximum concurrency for 4,096 tokens per request: 2.22x
(Worker_DP0_TP1_EP1 pid=414679) INFO 07-28 10:29:31 [worker.py:623] ACL graph memory profiling is enabled (default since v0.22.1). The current --gpu-memory-utilization=0.9000 is equivalent to --gpu-memory-utilization=0.8911 without ACL graph memory profiling. To maintain the same effective KV cache size as before, increase --gpu-memory-utilization to 0.9089. To disable, set VLLM_MEMORY_PROFILER_ESTIMATE_CUDAGRAPHS=0.
(Worker_DP7_TP0_EP14 pid=414290) INFO 07-28 10:29:31 [worker.py:607] Available KV cache memory: 0.61 GiB
(Worker_DP7_TP0_EP14 pid=414290) INFO 07-28 10:29:31 [worker.py:623] ACL graph memory profiling is enabled (default since v0.22.1). The current --gpu-memory-utilization=0.9000 is equivalent to --gpu-memory-utilization=0.8911 without ACL graph memory profiling. To maintain the same effective KV cache size as before, increase --gpu-memory-utilization to 0.9089. To disable, set VLLM_MEMORY_PROFILER_ESTIMATE_CUDAGRAPHS=0.
(Worker_DP2_TP0_EP4 pid=414289) INFO 07-28 10:29:31 [worker.py:607] Available KV cache memory: 0.61 GiB
(Worker_DP2_TP0_EP4 pid=414289) INFO 07-28 10:29:31 [worker.py:623] ACL graph memory profiling is enabled (default since v0.22.1). The current --gpu-memory-utilization=0.9000 is equivalent to --gpu-memory-utilization=0.8911 without ACL graph memory profiling. To maintain the same effective KV cache size as before, increase --gpu-memory-utilization to 0.9089. To disable, set VLLM_MEMORY_PROFILER_ESTIMATE_CUDAGRAPHS=0.
(Worker_DP5_TP1_EP11 pid=414739) INFO 07-28 10:29:32 [worker.py:623] ACL graph memory profiling is enabled (default since v0.22.1). The current --gpu-memory-utilization=0.9000 is equivalent to --gpu-memory-utilization=0.8911 without ACL graph memory profiling. To maintain the same effective KV cache size as before, increase --gpu-memory-utilization to 0.9089. To disable, set VLLM_MEMORY_PROFILER_ESTIMATE_CUDAGRAPHS=0.
(EngineCore_DP5 pid=413839) INFO 07-28 10:29:32 [kv_cache_utils.py:2168] GPU KV cache size: 9,088 tokens
(EngineCore_DP5 pid=413839) INFO 07-28 10:29:32 [kv_cache_utils.py:2169] Maximum concurrency for 4,096 tokens per request: 2.22x
(Worker_DP0_TP0_EP0 pid=414295) INFO 07-28 10:29:32 [worker.py:607] Available KV cache memory: 0.61 GiB
(Worker_DP0_TP0_EP0 pid=414295) INFO 07-28 10:29:32 [worker.py:623] ACL graph memory profiling is enabled (default since v0.22.1). The current --gpu-memory-utilization=0.9000 is equivalent to --gpu-memory-utilization=0.8911 without ACL graph memory profiling. To maintain the same effective KV cache size as before, increase --gpu-memory-utilization to 0.9089. To disable, set VLLM_MEMORY_PROFILER_ESTIMATE_CUDAGRAPHS=0.
(EngineCore_DP0 pid=413820) INFO 07-28 10:29:32 [kv_cache_utils.py:2168] GPU KV cache size: 9,088 tokens
(EngineCore_DP0 pid=413820) INFO 07-28 10:29:32 [kv_cache_utils.py:2169] Maximum concurrency for 4,096 tokens per request: 2.22x
(Worker_DP7_TP1_EP15 pid=414666) INFO 07-28 10:29:32 [worker.py:623] ACL graph memory profiling is enabled (default since v0.22.1). The current --gpu-memory-utilization=0.9000 is equivalent to --gpu-memory-utilization=0.8911 without ACL graph memory profiling. To maintain the same effective KV cache size as before, increase --gpu-memory-utilization to 0.9089. To disable, set VLLM_MEMORY_PROFILER_ESTIMATE_CUDAGRAPHS=0.
(EngineCore_DP7 pid=413813) INFO 07-28 10:29:32 [kv_cache_utils.py:2168] GPU KV cache size: 9,088 tokens
(EngineCore_DP7 pid=413813) INFO 07-28 10:29:32 [kv_cache_utils.py:2169] Maximum concurrency for 4,096 tokens per request: 2.22x
(Worker_DP2_TP1_EP5 pid=414705) INFO 07-28 10:29:32 [worker.py:623] ACL graph memory profiling is enabled (default since v0.22.1). The current --gpu-memory-utilization=0.9000 is equivalent to --gpu-memory-utilization=0.8911 without ACL graph memory profiling. To maintain the same effective KV cache size as before, increase --gpu-memory-utilization to 0.9089. To disable, set VLLM_MEMORY_PROFILER_ESTIMATE_CUDAGRAPHS=0.
(EngineCore_DP2 pid=413870) INFO 07-28 10:29:32 [kv_cache_utils.py:2168] GPU KV cache size: 9,088 tokens
(EngineCore_DP2 pid=413870) INFO 07-28 10:29:32 [kv_cache_utils.py:2169] Maximum concurrency for 4,096 tokens per request: 2.22x
(Worker_DP6_TP1_EP13 pid=414707) INFO 07-28 10:29:32 [worker.py:623] ACL graph memory profiling is enabled (default since v0.22.1). The current --gpu-memory-utilization=0.9000 is equivalent to --gpu-memory-utilization=0.8911 without ACL graph memory profiling. To maintain the same effective KV cache size as before, increase --gpu-memory-utilization to 0.9089. To disable, set VLLM_MEMORY_PROFILER_ESTIMATE_CUDAGRAPHS=0.
(EngineCore_DP6 pid=413841) INFO 07-28 10:29:32 [kv_cache_utils.py:2168] GPU KV cache size: 9,088 tokens
(EngineCore_DP6 pid=413841) INFO 07-28 10:29:32 [kv_cache_utils.py:2169] Maximum concurrency for 4,096 tokens per request: 2.22x
(Worker_DP4_TP1_EP9 pid=414629) INFO 07-28 10:29:32 [worker.py:623] ACL graph memory profiling is enabled (default since v0.22.1). The current --gpu-memory-utilization=0.9000 is equivalent to --gpu-memory-utilization=0.8911 without ACL graph memory profiling. To maintain the same effective KV cache size as before, increase --gpu-memory-utilization to 0.9089. To disable, set VLLM_MEMORY_PROFILER_ESTIMATE_CUDAGRAPHS=0.
(EngineCore_DP4 pid=413840) INFO 07-28 10:29:32 [kv_cache_utils.py:2168] GPU KV cache size: 9,088 tokens
(EngineCore_DP4 pid=413840) INFO 07-28 10:29:32 [kv_cache_utils.py:2169] Maximum concurrency for 4,096 tokens per request: 2.22x
(Worker_DP0_TP0_EP0 pid=414295) 
Capturing CUDA graphs (decode, FULL):   0%|          | 0/2 [00:00<?, ?it/s]
Capturing CUDA graphs (decode, FULL):  50%|█████     | 1/2 [00:02<00:02,  2.41s/it]
Capturing CUDA graphs (decode, FULL): 100%|██████████| 2/2 [00:04<00:00,  2.17s/it]
Capturing CUDA graphs (decode, FULL): 100%|██████████| 2/2 [00:04<00:00,  2.21s/it]
(Worker_DP2_TP0_EP4 pid=414289) INFO 07-28 10:29:38 [gpu_model_runner.py:6744] Graph capturing finished in 6 secs, took 0.48 GiB
(Worker_DP2_TP0_EP4 pid=414289) INFO 07-28 10:29:38 [worker.py:776] ACL graph pool memory: 0.48 GiB (actual), 0.55 GiB (estimated), difference: 0.07 GiB (14.6%).
(Worker_DP2_TP0_EP4 pid=414289) INFO 07-28 10:29:38 [worker.py:823] Free memory on device (60.86/61.27 GiB) on startup. Desired GPU memory utilization is (0.9, 55.14 GiB). Actual usage: 51.1 GiB for weights, 0.11 GiB for peak activation, 2.78 GiB for non-torch memory, 0.48 GiB for NPU graph memory. Replace gpu_memory_utilization with `--kv-cache-memory=570296832` (0.53 GiB) to fit into requested memory, or `--kv-cache-memory=6710999552` (6.25 GiB) to fully utilize NPU free memory. Current KV cache memory: 0.61 GiB. After warmup: torch reserved memory 52.28 GiB, torch allocated memory 51.79 GiB.
(Worker_DP1_TP0_EP2 pid=414294) INFO 07-28 10:29:38 [gpu_model_runner.py:6744] Graph capturing finished in 7 secs, took 0.48 GiB
(Worker_DP1_TP0_EP2 pid=414294) INFO 07-28 10:29:38 [worker.py:776] ACL graph pool memory: 0.48 GiB (actual), 0.55 GiB (estimated), difference: 0.07 GiB (13.8%).
(Worker_DP1_TP0_EP2 pid=414294) INFO 07-28 10:29:38 [worker.py:823] Free memory on device (60.87/61.27 GiB) on startup. Desired GPU memory utilization is (0.9, 55.14 GiB). Actual usage: 51.1 GiB for weights, 0.11 GiB for peak activation, 2.78 GiB for non-torch memory, 0.48 GiB for NPU graph memory. Replace gpu_memory_utilization with `--kv-cache-memory=569985536` (0.53 GiB) to fit into requested memory, or `--kv-cache-memory=6720887296` (6.26 GiB) to fully utilize NPU free memory. Current KV cache memory: 0.61 GiB. After warmup: torch reserved memory 52.28 GiB, torch allocated memory 51.79 GiB.
(Worker_DP4_TP0_EP8 pid=414288) INFO 07-28 10:29:38 [gpu_model_runner.py:6744] Graph capturing finished in 6 secs, took 0.48 GiB
(Worker_DP4_TP0_EP8 pid=414288) INFO 07-28 10:29:38 [worker.py:776] ACL graph pool memory: 0.48 GiB (actual), 0.55 GiB (estimated), difference: 0.07 GiB (14.1%).
(Worker_DP4_TP0_EP8 pid=414288) INFO 07-28 10:29:38 [worker.py:823] Free memory on device (60.86/61.27 GiB) on startup. Desired GPU memory utilization is (0.9, 55.14 GiB). Actual usage: 51.1 GiB for weights, 0.11 GiB for peak activation, 2.78 GiB for non-torch memory, 0.48 GiB for NPU graph memory. Replace gpu_memory_utilization with `--kv-cache-memory=571976192` (0.53 GiB) to fit into requested memory, or `--kv-cache-memory=6714698240` (6.25 GiB) to fully utilize NPU free memory. Current KV cache memory: 0.61 GiB. After warmup: torch reserved memory 52.28 GiB, torch allocated memory 51.79 GiB.
(Worker_DP6_TP0_EP12 pid=414291) INFO 07-28 10:29:38 [gpu_model_runner.py:6744] Graph capturing finished in 6 secs, took 0.48 GiB
(Worker_DP6_TP0_EP12 pid=414291) INFO 07-28 10:29:38 [worker.py:776] ACL graph pool memory: 0.48 GiB (actual), 0.55 GiB (estimated), difference: 0.07 GiB (13.8%).
(Worker_DP6_TP0_EP12 pid=414291) INFO 07-28 10:29:38 [worker.py:823] Free memory on device (60.86/61.27 GiB) on startup. Desired GPU memory utilization is (0.9, 55.14 GiB). Actual usage: 51.1 GiB for weights, 0.11 GiB for peak activation, 2.78 GiB for non-torch memory, 0.48 GiB for NPU graph memory. Replace gpu_memory_utilization with `--kv-cache-memory=569330176` (0.53 GiB) to fit into requested memory, or `--kv-cache-memory=6707214848` (6.25 GiB) to fully utilize NPU free memory. Current KV cache memory: 0.61 GiB. After warmup: torch reserved memory 52.28 GiB, torch allocated memory 51.79 GiB.
(Worker_DP5_TP1_EP11 pid=414739) INFO 07-28 10:29:38 [worker.py:776] ACL graph pool memory: 0.48 GiB (actual), 0.55 GiB (estimated), difference: 0.07 GiB (13.6%).
(Worker_DP5_TP1_EP11 pid=414739) INFO 07-28 10:29:38 [worker.py:823] Free memory on device (61.12/61.28 GiB) on startup. Desired GPU memory utilization is (0.9, 55.15 GiB). Actual usage: 51.1 GiB for weights, 0.11 GiB for peak activation, 2.78 GiB for non-torch memory, 0.48 GiB for NPU graph memory. Replace gpu_memory_utilization with `--kv-cache-memory=578817331` (0.54 GiB) to fit into requested memory, or `--kv-cache-memory=6985423360` (6.51 GiB) to fully utilize NPU free memory. Current KV cache memory: 0.62 GiB. After warmup: torch reserved memory 52.28 GiB, torch allocated memory 51.79 GiB.
(Worker_DP3_TP0_EP6 pid=414293) INFO 07-28 10:29:38 [gpu_model_runner.py:6744] Graph capturing finished in 7 secs, took 0.48 GiB
(Worker_DP3_TP0_EP6 pid=414293) INFO 07-28 10:29:38 [worker.py:776] ACL graph pool memory: 0.48 GiB (actual), 0.55 GiB (estimated), difference: 0.07 GiB (14.1%).
(Worker_DP3_TP0_EP6 pid=414293) INFO 07-28 10:29:38 [worker.py:823] Free memory on device (60.86/61.27 GiB) on startup. Desired GPU memory utilization is (0.9, 55.14 GiB). Actual usage: 51.1 GiB for weights, 0.11 GiB for peak activation, 2.78 GiB for non-torch memory, 0.48 GiB for NPU graph memory. Replace gpu_memory_utilization with `--kv-cache-memory=570804736` (0.53 GiB) to fit into requested memory, or `--kv-cache-memory=6713481728` (6.25 GiB) to fully utilize NPU free memory. Current KV cache memory: 0.61 GiB. After warmup: torch reserved memory 52.28 GiB, torch allocated memory 51.79 GiB.
(Worker_DP0_TP1_EP1 pid=414679) INFO 07-28 10:29:38 [worker.py:776] ACL graph pool memory: 0.48 GiB (actual), 0.55 GiB (estimated), difference: 0.07 GiB (14.3%).
(Worker_DP0_TP1_EP1 pid=414679) INFO 07-28 10:29:38 [worker.py:823] Free memory on device (61.12/61.28 GiB) on startup. Desired GPU memory utilization is (0.9, 55.15 GiB). Actual usage: 51.1 GiB for weights, 0.11 GiB for peak activation, 2.78 GiB for non-torch memory, 0.48 GiB for NPU graph memory. Replace gpu_memory_utilization with `--kv-cache-memory=578342195` (0.54 GiB) to fit into requested memory, or `--kv-cache-memory=6992439808` (6.51 GiB) to fully utilize NPU free memory. Current KV cache memory: 0.62 GiB. After warmup: torch reserved memory 52.28 GiB, torch allocated memory 51.79 GiB.
(Worker_DP2_TP1_EP5 pid=414705) INFO 07-28 10:29:38 [worker.py:776] ACL graph pool memory: 0.48 GiB (actual), 0.55 GiB (estimated), difference: 0.07 GiB (13.8%).
(Worker_DP2_TP1_EP5 pid=414705) INFO 07-28 10:29:38 [worker.py:823] Free memory on device (61.12/61.28 GiB) on startup. Desired GPU memory utilization is (0.9, 55.15 GiB). Actual usage: 51.1 GiB for weights, 0.11 GiB for peak activation, 2.78 GiB for non-torch memory, 0.48 GiB for NPU graph memory. Replace gpu_memory_utilization with `--kv-cache-memory=577375539` (0.54 GiB) to fit into requested memory, or `--kv-cache-memory=6991649280` (6.51 GiB) to fully utilize NPU free memory. Current KV cache memory: 0.62 GiB. After warmup: torch reserved memory 52.28 GiB, torch allocated memory 51.79 GiB.
(Worker_DP4_TP1_EP9 pid=414629) INFO 07-28 10:29:38 [worker.py:776] ACL graph pool memory: 0.48 GiB (actual), 0.55 GiB (estimated), difference: 0.07 GiB (14.1%).
(Worker_DP4_TP1_EP9 pid=414629) INFO 07-28 10:29:38 [worker.py:823] Free memory on device (61.13/61.28 GiB) on startup. Desired GPU memory utilization is (0.9, 55.15 GiB). Actual usage: 51.1 GiB for weights, 0.11 GiB for peak activation, 2.77 GiB for non-torch memory, 0.48 GiB for NPU graph memory. Replace gpu_memory_utilization with `--kv-cache-memory=581418291` (0.54 GiB) to fit into requested memory, or `--kv-cache-memory=7000091136` (6.52 GiB) to fully utilize NPU free memory. Current KV cache memory: 0.62 GiB. After warmup: torch reserved memory 52.28 GiB, torch allocated memory 51.79 GiB.
(Worker_DP5_TP0_EP10 pid=414292) INFO 07-28 10:29:38 [gpu_model_runner.py:6744] Graph capturing finished in 6 secs, took 0.48 GiB
(Worker_DP5_TP0_EP10 pid=414292) INFO 07-28 10:29:38 [worker.py:776] ACL graph pool memory: 0.48 GiB (actual), 0.55 GiB (estimated), difference: 0.07 GiB (13.6%).
(Worker_DP5_TP0_EP10 pid=414292) INFO 07-28 10:29:38 [worker.py:823] Free memory on device (60.88/61.27 GiB) on startup. Desired GPU memory utilization is (0.9, 55.14 GiB). Actual usage: 51.1 GiB for weights, 0.11 GiB for peak activation, 2.78 GiB for non-torch memory, 0.48 GiB for NPU graph memory. Replace gpu_memory_utilization with `--kv-cache-memory=569301504` (0.53 GiB) to fit into requested memory, or `--kv-cache-memory=6727522816` (6.27 GiB) to fully utilize NPU free memory. Current KV cache memory: 0.61 GiB. After warmup: torch reserved memory 52.28 GiB, torch allocated memory 51.79 GiB.
(Worker_DP3_TP1_EP7 pid=414680) INFO 07-28 10:29:38 [worker.py:776] ACL graph pool memory: 0.48 GiB (actual), 0.54 GiB (estimated), difference: 0.07 GiB (13.8%).
(Worker_DP3_TP1_EP7 pid=414680) INFO 07-28 10:29:38 [worker.py:823] Free memory on device (61.12/61.28 GiB) on startup. Desired GPU memory utilization is (0.9, 55.15 GiB). Actual usage: 51.1 GiB for weights, 0.11 GiB for peak activation, 2.78 GiB for non-torch memory, 0.48 GiB for NPU graph memory. Replace gpu_memory_utilization with `--kv-cache-memory=579882291` (0.54 GiB) to fit into requested memory, or `--kv-cache-memory=6994893312` (6.51 GiB) to fully utilize NPU free memory. Current KV cache memory: 0.62 GiB. After warmup: torch reserved memory 52.28 GiB, torch allocated memory 51.79 GiB.
(Worker_DP1_TP1_EP3 pid=414704) INFO 07-28 10:29:38 [worker.py:776] ACL graph pool memory: 0.48 GiB (actual), 0.55 GiB (estimated), difference: 0.07 GiB (13.8%).
(Worker_DP1_TP1_EP3 pid=414704) INFO 07-28 10:29:38 [worker.py:823] Free memory on device (61.11/61.28 GiB) on startup. Desired GPU memory utilization is (0.9, 55.15 GiB). Actual usage: 51.1 GiB for weights, 0.11 GiB for peak activation, 2.78 GiB for non-torch memory, 0.48 GiB for NPU graph memory. Replace gpu_memory_utilization with `--kv-cache-memory=576908595` (0.54 GiB) to fit into requested memory, or `--kv-cache-memory=6976752128` (6.5 GiB) to fully utilize NPU free memory. Current KV cache memory: 0.62 GiB. After warmup: torch reserved memory 52.28 GiB, torch allocated memory 51.79 GiB.
(Worker_DP7_TP0_EP14 pid=414290) INFO 07-28 10:29:38 [gpu_model_runner.py:6744] Graph capturing finished in 6 secs, took 0.48 GiB
(Worker_DP7_TP0_EP14 pid=414290) INFO 07-28 10:29:38 [worker.py:776] ACL graph pool memory: 0.48 GiB (actual), 0.54 GiB (estimated), difference: 0.06 GiB (13.3%).
(Worker_DP7_TP0_EP14 pid=414290) INFO 07-28 10:29:38 [worker.py:823] Free memory on device (60.86/61.27 GiB) on startup. Desired GPU memory utilization is (0.9, 55.14 GiB). Actual usage: 51.1 GiB for weights, 0.11 GiB for peak activation, 2.78 GiB for non-torch memory, 0.48 GiB for NPU graph memory. Replace gpu_memory_utilization with `--kv-cache-memory=565733888` (0.53 GiB) to fit into requested memory, or `--kv-cache-memory=6709205504` (6.25 GiB) to fully utilize NPU free memory. Current KV cache memory: 0.61 GiB. After warmup: torch reserved memory 52.28 GiB, torch allocated memory 51.79 GiB.
(Worker_DP7_TP1_EP15 pid=414666) INFO 07-28 10:29:38 [worker.py:776] ACL graph pool memory: 0.48 GiB (actual), 0.55 GiB (estimated), difference: 0.07 GiB (13.8%).
(Worker_DP7_TP1_EP15 pid=414666) INFO 07-28 10:29:38 [worker.py:823] Free memory on device (61.12/61.28 GiB) on startup. Desired GPU memory utilization is (0.9, 55.15 GiB). Actual usage: 51.1 GiB for weights, 0.11 GiB for peak activation, 2.78 GiB for non-torch memory, 0.48 GiB for NPU graph memory. Replace gpu_memory_utilization with `--kv-cache-memory=577711411` (0.54 GiB) to fit into requested memory, or `--kv-cache-memory=6990105088` (6.51 GiB) to fully utilize NPU free memory. Current KV cache memory: 0.62 GiB. After warmup: torch reserved memory 52.28 GiB, torch allocated memory 51.79 GiB.
(Worker_DP0_TP0_EP0 pid=414295) INFO 07-28 10:29:38 [gpu_model_runner.py:6744] Graph capturing finished in 6 secs, took 0.47 GiB
(Worker_DP0_TP0_EP0 pid=414295) INFO 07-28 10:29:38 [worker.py:776] ACL graph pool memory: 0.47 GiB (actual), 0.55 GiB (estimated), difference: 0.07 GiB (15.3%).
(Worker_DP0_TP0_EP0 pid=414295) INFO 07-28 10:29:38 [worker.py:823] Free memory on device (60.85/61.27 GiB) on startup. Desired GPU memory utilization is (0.9, 55.14 GiB). Actual usage: 51.1 GiB for weights, 0.11 GiB for peak activation, 2.77 GiB for non-torch memory, 0.47 GiB for NPU graph memory. Replace gpu_memory_utilization with `--kv-cache-memory=578451968` (0.54 GiB) to fit into requested memory, or `--kv-cache-memory=6707698176` (6.25 GiB) to fully utilize NPU free memory. Current KV cache memory: 0.61 GiB. After warmup: torch reserved memory 52.28 GiB, torch allocated memory 51.79 GiB.
(Worker_DP6_TP1_EP13 pid=414707) INFO 07-28 10:29:38 [worker.py:776] ACL graph pool memory: 0.48 GiB (actual), 0.55 GiB (estimated), difference: 0.07 GiB (13.8%).
(Worker_DP6_TP1_EP13 pid=414707) INFO 07-28 10:29:38 [worker.py:823] Free memory on device (61.12/61.28 GiB) on startup. Desired GPU memory utilization is (0.9, 55.15 GiB). Actual usage: 51.1 GiB for weights, 0.11 GiB for peak activation, 2.78 GiB for non-torch memory, 0.48 GiB for NPU graph memory. Replace gpu_memory_utilization with `--kv-cache-memory=578223411` (0.54 GiB) to fit into requested memory, or `--kv-cache-memory=6990739968` (6.51 GiB) to fully utilize NPU free memory. Current KV cache memory: 0.62 GiB. After warmup: torch reserved memory 52.28 GiB, torch allocated memory 51.79 GiB.
(Worker_DP2_TP0_EP4 pid=414289) INFO 07-28 10:29:41 [cpu_binding.py:542] [cpu_bind_mode] mode=global_slice rank=0 visible_npus=[0, 1, 2, 3, 4, 5, 6, 7, 8, 9, 10, 11, 12, 13, 14, 15]
(Worker_DP2_TP0_EP4 pid=414289) INFO 07-28 10:29:41 [cpu_binding.py:626] The CPU allocation plan is as follows:
(Worker_DP2_TP0_EP4 pid=414289) INFO 07-28 10:29:41 [cpu_binding.py:641] NPU0: main=[2 3 4 5 6 7 8 9 10 11 12 13 14 15 16 17 18 19 20 21]  acl=[22]  release=[[23]]
(Worker_DP2_TP0_EP4 pid=414289) INFO 07-28 10:29:41 [cpu_binding.py:652] The 'migratepages' command is not available, skipping memory binding.
(Worker_DP1_TP0_EP2 pid=414294) INFO 07-28 10:29:41 [cpu_binding.py:542] [cpu_bind_mode] mode=global_slice rank=0 visible_npus=[0, 1, 2, 3, 4, 5, 6, 7, 8, 9, 10, 11, 12, 13, 14, 15]
(Worker_DP1_TP0_EP2 pid=414294) INFO 07-28 10:29:41 [cpu_binding.py:626] The CPU allocation plan is as follows:
(Worker_DP1_TP0_EP2 pid=414294) INFO 07-28 10:29:41 [cpu_binding.py:641] NPU0: main=[2 3 4 5 6 7 8 9 10 11 12 13 14 15 16 17 18 19 20 21]  acl=[22]  release=[[23]]
(Worker_DP4_TP0_EP8 pid=414288) INFO 07-28 10:29:41 [cpu_binding.py:542] [cpu_bind_mode] mode=global_slice rank=0 visible_npus=[0, 1, 2, 3, 4, 5, 6, 7, 8, 9, 10, 11, 12, 13, 14, 15]
(Worker_DP4_TP0_EP8 pid=414288) INFO 07-28 10:29:41 [cpu_binding.py:626] The CPU allocation plan is as follows:
(Worker_DP4_TP0_EP8 pid=414288) INFO 07-28 10:29:41 [cpu_binding.py:641] NPU0: main=[2 3 4 5 6 7 8 9 10 11 12 13 14 15 16 17 18 19 20 21]  acl=[22]  release=[[23]]
(Worker_DP1_TP0_EP2 pid=414294) INFO 07-28 10:29:42 [cpu_binding.py:652] The 'migratepages' command is not available, skipping memory binding.
(Worker_DP4_TP0_EP8 pid=414288) INFO 07-28 10:29:42 [cpu_binding.py:652] The 'migratepages' command is not available, skipping memory binding.
(Worker_DP6_TP0_EP12 pid=414291) INFO 07-28 10:29:42 [cpu_binding.py:542] [cpu_bind_mode] mode=global_slice rank=0 visible_npus=[0, 1, 2, 3, 4, 5, 6, 7, 8, 9, 10, 11, 12, 13, 14, 15]
(Worker_DP6_TP0_EP12 pid=414291) INFO 07-28 10:29:42 [cpu_binding.py:626] The CPU allocation plan is as follows:
(Worker_DP6_TP0_EP12 pid=414291) INFO 07-28 10:29:42 [cpu_binding.py:641] NPU0: main=[2 3 4 5 6 7 8 9 10 11 12 13 14 15 16 17 18 19 20 21]  acl=[22]  release=[[23]]
(Worker_DP6_TP0_EP12 pid=414291) INFO 07-28 10:29:42 [cpu_binding.py:652] The 'migratepages' command is not available, skipping memory binding.
(Worker_DP2_TP0_EP4 pid=414289) INFO 07-28 10:29:42 [cpu_binding.py:778] NPU0(PCI 0000:9d:00.0): sq_send_trigger_irq IRQ_ID=1136 -> CPU0, cq_update_irq IRQ_ID=1137 -> CPU1
(Worker_DP5_TP1_EP11 pid=414739) INFO 07-28 10:29:42 [cpu_binding.py:542] [cpu_bind_mode] mode=global_slice rank=1 visible_npus=[0, 1, 2, 3, 4, 5, 6, 7, 8, 9, 10, 11, 12, 13, 14, 15]
(Worker_DP5_TP1_EP11 pid=414739) INFO 07-28 10:29:42 [cpu_binding.py:626] The CPU allocation plan is as follows:
(Worker_DP5_TP1_EP11 pid=414739) INFO 07-28 10:29:42 [cpu_binding.py:641] NPU1: main=[26 27 28 29 30 31 32 33 34 35 36 37 38 39 40 41 42 43 44 45]  acl=[46]  release=[[47]]
(Worker_DP1_TP0_EP2 pid=414294) INFO 07-28 10:29:42 [cpu_binding.py:778] NPU0(PCI 0000:9d:00.0): sq_send_trigger_irq IRQ_ID=1136 -> CPU0, cq_update_irq IRQ_ID=1137 -> CPU1
(Worker_DP3_TP0_EP6 pid=414293) INFO 07-28 10:29:42 [cpu_binding.py:542] [cpu_bind_mode] mode=global_slice rank=0 visible_npus=[0, 1, 2, 3, 4, 5, 6, 7, 8, 9, 10, 11, 12, 13, 14, 15]
(Worker_DP3_TP0_EP6 pid=414293) INFO 07-28 10:29:42 [cpu_binding.py:626] The CPU allocation plan is as follows:
(Worker_DP3_TP0_EP6 pid=414293) INFO 07-28 10:29:42 [cpu_binding.py:641] NPU0: main=[2 3 4 5 6 7 8 9 10 11 12 13 14 15 16 17 18 19 20 21]  acl=[22]  release=[[23]]
(Worker_DP0_TP1_EP1 pid=414679) INFO 07-28 10:29:43 [cpu_binding.py:542] [cpu_bind_mode] mode=global_slice rank=1 visible_npus=[0, 1, 2, 3, 4, 5, 6, 7, 8, 9, 10, 11, 12, 13, 14, 15]
(Worker_DP0_TP1_EP1 pid=414679) INFO 07-28 10:29:43 [cpu_binding.py:626] The CPU allocation plan is as follows:
(Worker_DP0_TP1_EP1 pid=414679) INFO 07-28 10:29:43 [cpu_binding.py:641] NPU1: main=[26 27 28 29 30 31 32 33 34 35 36 37 38 39 40 41 42 43 44 45]  acl=[46]  release=[[47]]
(Worker_DP5_TP1_EP11 pid=414739) INFO 07-28 10:29:43 [cpu_binding.py:652] The 'migratepages' command is not available, skipping memory binding.
(Worker_DP4_TP0_EP8 pid=414288) INFO 07-28 10:29:43 [cpu_binding.py:778] NPU0(PCI 0000:9d:00.0): sq_send_trigger_irq IRQ_ID=1136 -> CPU0, cq_update_irq IRQ_ID=1137 -> CPU1
(Worker_DP3_TP0_EP6 pid=414293) INFO 07-28 10:29:43 [cpu_binding.py:652] The 'migratepages' command is not available, skipping memory binding.
(Worker_DP2_TP1_EP5 pid=414705) INFO 07-28 10:29:43 [cpu_binding.py:542] [cpu_bind_mode] mode=global_slice rank=1 visible_npus=[0, 1, 2, 3, 4, 5, 6, 7, 8, 9, 10, 11, 12, 13, 14, 15]
(Worker_DP2_TP1_EP5 pid=414705) INFO 07-28 10:29:43 [cpu_binding.py:626] The CPU allocation plan is as follows:
(Worker_DP2_TP1_EP5 pid=414705) INFO 07-28 10:29:43 [cpu_binding.py:641] NPU1: main=[26 27 28 29 30 31 32 33 34 35 36 37 38 39 40 41 42 43 44 45]  acl=[46]  release=[[47]]
(Worker_DP0_TP1_EP1 pid=414679) INFO 07-28 10:29:43 [cpu_binding.py:652] The 'migratepages' command is not available, skipping memory binding.
(Worker_DP4_TP1_EP9 pid=414629) INFO 07-28 10:29:43 [cpu_binding.py:542] [cpu_bind_mode] mode=global_slice rank=1 visible_npus=[0, 1, 2, 3, 4, 5, 6, 7, 8, 9, 10, 11, 12, 13, 14, 15]
(Worker_DP4_TP1_EP9 pid=414629) INFO 07-28 10:29:43 [cpu_binding.py:626] The CPU allocation plan is as follows:
(Worker_DP4_TP1_EP9 pid=414629) INFO 07-28 10:29:43 [cpu_binding.py:641] NPU1: main=[26 27 28 29 30 31 32 33 34 35 36 37 38 39 40 41 42 43 44 45]  acl=[46]  release=[[47]]
(Worker_DP6_TP0_EP12 pid=414291) INFO 07-28 10:29:43 [cpu_binding.py:778] NPU0(PCI 0000:9d:00.0): sq_send_trigger_irq IRQ_ID=1136 -> CPU0, cq_update_irq IRQ_ID=1137 -> CPU1
(Worker_DP5_TP0_EP10 pid=414292) INFO 07-28 10:29:43 [cpu_binding.py:542] [cpu_bind_mode] mode=global_slice rank=0 visible_npus=[0, 1, 2, 3, 4, 5, 6, 7, 8, 9, 10, 11, 12, 13, 14, 15]
(Worker_DP5_TP0_EP10 pid=414292) INFO 07-28 10:29:43 [cpu_binding.py:626] The CPU allocation plan is as follows:
(Worker_DP5_TP0_EP10 pid=414292) INFO 07-28 10:29:43 [cpu_binding.py:641] NPU0: main=[2 3 4 5 6 7 8 9 10 11 12 13 14 15 16 17 18 19 20 21]  acl=[22]  release=[[23]]
(Worker_DP2_TP1_EP5 pid=414705) INFO 07-28 10:29:43 [cpu_binding.py:652] The 'migratepages' command is not available, skipping memory binding.
(Worker_DP3_TP1_EP7 pid=414680) INFO 07-28 10:29:43 [cpu_binding.py:542] [cpu_bind_mode] mode=global_slice rank=1 visible_npus=[0, 1, 2, 3, 4, 5, 6, 7, 8, 9, 10, 11, 12, 13, 14, 15]
(Worker_DP3_TP1_EP7 pid=414680) INFO 07-28 10:29:43 [cpu_binding.py:626] The CPU allocation plan is as follows:
(Worker_DP3_TP1_EP7 pid=414680) INFO 07-28 10:29:43 [cpu_binding.py:641] NPU1: main=[26 27 28 29 30 31 32 33 34 35 36 37 38 39 40 41 42 43 44 45]  acl=[46]  release=[[47]]
(Worker_DP4_TP1_EP9 pid=414629) INFO 07-28 10:29:43 [cpu_binding.py:652] The 'migratepages' command is not available, skipping memory binding.
(Worker_DP1_TP1_EP3 pid=414704) INFO 07-28 10:29:43 [cpu_binding.py:542] [cpu_bind_mode] mode=global_slice rank=1 visible_npus=[0, 1, 2, 3, 4, 5, 6, 7, 8, 9, 10, 11, 12, 13, 14, 15]
(Worker_DP1_TP1_EP3 pid=414704) INFO 07-28 10:29:43 [cpu_binding.py:626] The CPU allocation plan is as follows:
(Worker_DP1_TP1_EP3 pid=414704) INFO 07-28 10:29:43 [cpu_binding.py:641] NPU1: main=[26 27 28 29 30 31 32 33 34 35 36 37 38 39 40 41 42 43 44 45]  acl=[46]  release=[[47]]
(Worker_DP5_TP0_EP10 pid=414292) INFO 07-28 10:29:43 [cpu_binding.py:652] The 'migratepages' command is not available, skipping memory binding.
(Worker_DP3_TP1_EP7 pid=414680) INFO 07-28 10:29:43 [cpu_binding.py:652] The 'migratepages' command is not available, skipping memory binding.
(Worker_DP5_TP1_EP11 pid=414739) INFO 07-28 10:29:43 [cpu_binding.py:778] NPU1(PCI 0000:9f:00.0): sq_send_trigger_irq IRQ_ID=1396 -> CPU24, cq_update_irq IRQ_ID=1397 -> CPU25
(Worker_DP7_TP0_EP14 pid=414290) INFO 07-28 10:29:43 [cpu_binding.py:542] [cpu_bind_mode] mode=global_slice rank=0 visible_npus=[0, 1, 2, 3, 4, 5, 6, 7, 8, 9, 10, 11, 12, 13, 14, 15]
(Worker_DP7_TP0_EP14 pid=414290) INFO 07-28 10:29:43 [cpu_binding.py:626] The CPU allocation plan is as follows:
(Worker_DP7_TP0_EP14 pid=414290) INFO 07-28 10:29:43 [cpu_binding.py:641] NPU0: main=[2 3 4 5 6 7 8 9 10 11 12 13 14 15 16 17 18 19 20 21]  acl=[22]  release=[[23]]
(Worker_DP1_TP1_EP3 pid=414704) INFO 07-28 10:29:44 [cpu_binding.py:652] The 'migratepages' command is not available, skipping memory binding.
(Worker_DP3_TP0_EP6 pid=414293) INFO 07-28 10:29:44 [cpu_binding.py:778] NPU0(PCI 0000:9d:00.0): sq_send_trigger_irq IRQ_ID=1136 -> CPU0, cq_update_irq IRQ_ID=1137 -> CPU1
(Worker_DP0_TP1_EP1 pid=414679) INFO 07-28 10:29:44 [cpu_binding.py:778] NPU1(PCI 0000:9f:00.0): sq_send_trigger_irq IRQ_ID=1396 -> CPU24, cq_update_irq IRQ_ID=1397 -> CPU25
(Worker_DP7_TP0_EP14 pid=414290) INFO 07-28 10:29:44 [cpu_binding.py:652] The 'migratepages' command is not available, skipping memory binding.
(Worker_DP7_TP1_EP15 pid=414666) INFO 07-28 10:29:44 [cpu_binding.py:542] [cpu_bind_mode] mode=global_slice rank=1 visible_npus=[0, 1, 2, 3, 4, 5, 6, 7, 8, 9, 10, 11, 12, 13, 14, 15]
(Worker_DP7_TP1_EP15 pid=414666) INFO 07-28 10:29:44 [cpu_binding.py:626] The CPU allocation plan is as follows:
(Worker_DP7_TP1_EP15 pid=414666) INFO 07-28 10:29:44 [cpu_binding.py:641] NPU1: main=[26 27 28 29 30 31 32 33 34 35 36 37 38 39 40 41 42 43 44 45]  acl=[46]  release=[[47]]
(Worker_DP2_TP1_EP5 pid=414705) INFO 07-28 10:29:44 [cpu_binding.py:778] NPU1(PCI 0000:9f:00.0): sq_send_trigger_irq IRQ_ID=1396 -> CPU24, cq_update_irq IRQ_ID=1397 -> CPU25
(EngineCore_DP2 pid=413870) INFO 07-28 10:29:44 [core.py:337] init engine (profile, create kv cache, warmup model) took 58.66 s (compilation: 28.12 s)
(Worker_DP0_TP0_EP0 pid=414295) INFO 07-28 10:29:44 [cpu_binding.py:542] [cpu_bind_mode] mode=global_slice rank=0 visible_npus=[0, 1, 2, 3, 4, 5, 6, 7, 8, 9, 10, 11, 12, 13, 14, 15]
(Worker_DP0_TP0_EP0 pid=414295) INFO 07-28 10:29:44 [cpu_binding.py:626] The CPU allocation plan is as follows:
(Worker_DP0_TP0_EP0 pid=414295) INFO 07-28 10:29:44 [cpu_binding.py:641] NPU0: main=[2 3 4 5 6 7 8 9 10 11 12 13 14 15 16 17 18 19 20 21]  acl=[22]  release=[[23]]
(Worker_DP4_TP1_EP9 pid=414629) INFO 07-28 10:29:44 [cpu_binding.py:778] NPU1(PCI 0000:9f:00.0): sq_send_trigger_irq IRQ_ID=1396 -> CPU24, cq_update_irq IRQ_ID=1397 -> CPU25
(EngineCore_DP4 pid=413840) INFO 07-28 10:29:44 [core.py:337] init engine (profile, create kv cache, warmup model) took 57.57 s (compilation: 28.11 s)
(Worker_DP5_TP0_EP10 pid=414292) INFO 07-28 10:29:44 [cpu_binding.py:778] NPU0(PCI 0000:9d:00.0): sq_send_trigger_irq IRQ_ID=1136 -> CPU0, cq_update_irq IRQ_ID=1137 -> CPU1
(Worker_DP7_TP1_EP15 pid=414666) INFO 07-28 10:29:44 [cpu_binding.py:652] The 'migratepages' command is not available, skipping memory binding.
(EngineCore_DP5 pid=413839) INFO 07-28 10:29:44 [core.py:337] init engine (profile, create kv cache, warmup model) took 58.84 s (compilation: 28.52 s)
(Worker_DP6_TP1_EP13 pid=414707) INFO 07-28 10:29:44 [cpu_binding.py:542] [cpu_bind_mode] mode=global_slice rank=1 visible_npus=[0, 1, 2, 3, 4, 5, 6, 7, 8, 9, 10, 11, 12, 13, 14, 15]
(Worker_DP6_TP1_EP13 pid=414707) INFO 07-28 10:29:44 [cpu_binding.py:626] The CPU allocation plan is as follows:
(Worker_DP6_TP1_EP13 pid=414707) INFO 07-28 10:29:44 [cpu_binding.py:641] NPU1: main=[26 27 28 29 30 31 32 33 34 35 36 37 38 39 40 41 42 43 44 45]  acl=[46]  release=[[47]]
(Worker_DP3_TP1_EP7 pid=414680) INFO 07-28 10:29:44 [cpu_binding.py:778] NPU1(PCI 0000:9f:00.0): sq_send_trigger_irq IRQ_ID=1396 -> CPU24, cq_update_irq IRQ_ID=1397 -> CPU25
(EngineCore_DP3 pid=413869) INFO 07-28 10:29:44 [core.py:337] init engine (profile, create kv cache, warmup model) took 58.27 s (compilation: 27.80 s)
(Worker_DP0_TP0_EP0 pid=414295) INFO 07-28 10:29:44 [cpu_binding.py:652] The 'migratepages' command is not available, skipping memory binding.
(Worker_DP1_TP1_EP3 pid=414704) INFO 07-28 10:29:44 [cpu_binding.py:778] NPU1(PCI 0000:9f:00.0): sq_send_trigger_irq IRQ_ID=1396 -> CPU24, cq_update_irq IRQ_ID=1397 -> CPU25
(EngineCore_DP1 pid=413871) INFO 07-28 10:29:44 [core.py:337] init engine (profile, create kv cache, warmup model) took 57.07 s (compilation: 25.94 s)
(Worker_DP6_TP1_EP13 pid=414707) INFO 07-28 10:29:44 [cpu_binding.py:652] The 'migratepages' command is not available, skipping memory binding.
(Worker_DP7_TP0_EP14 pid=414290) INFO 07-28 10:29:44 [cpu_binding.py:778] NPU0(PCI 0000:9d:00.0): sq_send_trigger_irq IRQ_ID=1136 -> CPU0, cq_update_irq IRQ_ID=1137 -> CPU1
(Worker_DP7_TP1_EP15 pid=414666) INFO 07-28 10:29:45 [cpu_binding.py:778] NPU1(PCI 0000:9f:00.0): sq_send_trigger_irq IRQ_ID=1396 -> CPU24, cq_update_irq IRQ_ID=1397 -> CPU25
(EngineCore_DP7 pid=413813) INFO 07-28 10:29:45 [core.py:337] init engine (profile, create kv cache, warmup model) took 64.06 s (compilation: 28.29 s)
(Worker_DP0_TP0_EP0 pid=414295) INFO 07-28 10:29:45 [cpu_binding.py:778] NPU0(PCI 0000:9d:00.0): sq_send_trigger_irq IRQ_ID=1136 -> CPU0, cq_update_irq IRQ_ID=1137 -> CPU1
(EngineCore_DP0 pid=413820) INFO 07-28 10:29:45 [core.py:337] init engine (profile, create kv cache, warmup model) took 57.92 s (compilation: 25.51 s)
(Worker_DP6_TP1_EP13 pid=414707) INFO 07-28 10:29:45 [cpu_binding.py:778] NPU1(PCI 0000:9f:00.0): sq_send_trigger_irq IRQ_ID=1396 -> CPU24, cq_update_irq IRQ_ID=1397 -> CPU25
(EngineCore_DP6 pid=413841) INFO 07-28 10:29:45 [core.py:337] init engine (profile, create kv cache, warmup model) took 64.83 s (compilation: 28.55 s)
(EngineCore_DP2 pid=413870) INFO 07-28 10:29:45 [vllm.py:1090] Asynchronous scheduling is enabled.
(EngineCore_DP2 pid=413870) WARNING 07-28 10:29:45 [vllm.py:1114] Disabling cascade attention (not yet compatible with async speculative decoding).
(EngineCore_DP2 pid=413870) INFO 07-28 10:29:45 [kernel.py:292] Final IR op priority after setting platform defaults: IrOpPriorityConfig(rms_norm=['native'], fused_add_rms_norm=['native'])
(EngineCore_DP2 pid=413870) WARNING 07-28 10:29:45 [vllm.py:1697] max_num_scheduled_tokens is set to 256 based on the speculative decoding settings. This may lead to suboptimal performance. Consider increasing max_num_batched_tokens to accommodate the additional draft token slots, or decrease num_speculative_tokens or max_num_seqs.
(EngineCore_DP2 pid=413870) WARNING 07-28 10:29:45 [platform.py:1043] GPU-specific parameter is not supported on Ascend. parameter=disable_cascade_attn, value=True, action: resetting to False.
(EngineCore_DP2 pid=413870) INFO 07-28 10:29:45 [ascend_config.py:490] finegrained_tp_config enabled: lmhead_tensor_parallel_size=2
(EngineCore_DP2 pid=413870) INFO 07-28 10:29:45 [ascend_config.py:824] Dynamic EPLB is False
(EngineCore_DP2 pid=413870) INFO 07-28 10:29:45 [ascend_config.py:825] The number of redundant experts is 0
(EngineCore_DP2 pid=413870) INFO 07-28 10:29:45 [ascend_config.py:289] AscendConfig.enable_mlapo falls back to environment variable VLLM_ASCEND_ENABLE_MLAPO with value True. Please use additional_config.enable_mlapo instead, because VLLM_ASCEND_ENABLE_MLAPO will be removed in the next release.
(EngineCore_DP2 pid=413870) INFO 07-28 10:29:45 [platform.py:770] Set PYTORCH_NPU_ALLOC_CONF=expandable_segments:True
(EngineCore_DP2 pid=413870) INFO 07-28 10:29:45 [compilation.py:312] Enabled custom fusions: norm_quant, act_quant
(EngineCore_DP4 pid=413840) INFO 07-28 10:29:45 [vllm.py:1090] Asynchronous scheduling is enabled.
(EngineCore_DP4 pid=413840) WARNING 07-28 10:29:45 [vllm.py:1114] Disabling cascade attention (not yet compatible with async speculative decoding).
(EngineCore_DP4 pid=413840) INFO 07-28 10:29:45 [kernel.py:292] Final IR op priority after setting platform defaults: IrOpPriorityConfig(rms_norm=['native'], fused_add_rms_norm=['native'])
(EngineCore_DP4 pid=413840) WARNING 07-28 10:29:45 [vllm.py:1697] max_num_scheduled_tokens is set to 256 based on the speculative decoding settings. This may lead to suboptimal performance. Consider increasing max_num_batched_tokens to accommodate the additional draft token slots, or decrease num_speculative_tokens or max_num_seqs.
(EngineCore_DP4 pid=413840) WARNING 07-28 10:29:45 [platform.py:1043] GPU-specific parameter is not supported on Ascend. parameter=disable_cascade_attn, value=True, action: resetting to False.
(EngineCore_DP4 pid=413840) INFO 07-28 10:29:45 [ascend_config.py:490] finegrained_tp_config enabled: lmhead_tensor_parallel_size=2
(EngineCore_DP4 pid=413840) INFO 07-28 10:29:45 [ascend_config.py:824] Dynamic EPLB is False
(EngineCore_DP4 pid=413840) INFO 07-28 10:29:45 [ascend_config.py:825] The number of redundant experts is 0
(EngineCore_DP4 pid=413840) INFO 07-28 10:29:45 [ascend_config.py:289] AscendConfig.enable_mlapo falls back to environment variable VLLM_ASCEND_ENABLE_MLAPO with value True. Please use additional_config.enable_mlapo instead, because VLLM_ASCEND_ENABLE_MLAPO will be removed in the next release.
rank=2 prompts=1

Rendering prompts:   0%|          | 0/1 [00:00<?, ?it/s]
Rendering prompts: 100%|██████████| 1/1 [00:00<00:00, 26.99it/s]

Processed prompts:   0%|          | 0/1 [00:00<?, ?it/s, est. speed input: 0.00 toks/s, output: 0.00 toks/s](EngineCore_DP4 pid=413840) INFO 07-28 10:29:45 [platform.py:770] Set PYTORCH_NPU_ALLOC_CONF=expandable_segments:True
(EngineCore_DP4 pid=413840) INFO 07-28 10:29:45 [compilation.py:312] Enabled custom fusions: norm_quant, act_quant
rank=4 prompts=1

Rendering prompts:   0%|          | 0/1 [00:00<?, ?it/s]
Rendering prompts: 100%|██████████| 1/1 [00:00<00:00, 26.15it/s]

Processed prompts:   0%|          | 0/1 [00:00<?, ?it/s, est. speed input: 0.00 toks/s, output: 0.00 toks/s](EngineCore_DP3 pid=413869) INFO 07-28 10:29:46 [vllm.py:1090] Asynchronous scheduling is enabled.
(EngineCore_DP3 pid=413869) WARNING 07-28 10:29:46 [vllm.py:1114] Disabling cascade attention (not yet compatible with async speculative decoding).
(EngineCore_DP3 pid=413869) INFO 07-28 10:29:46 [kernel.py:292] Final IR op priority after setting platform defaults: IrOpPriorityConfig(rms_norm=['native'], fused_add_rms_norm=['native'])
(EngineCore_DP3 pid=413869) WARNING 07-28 10:29:46 [vllm.py:1697] max_num_scheduled_tokens is set to 256 based on the speculative decoding settings. This may lead to suboptimal performance. Consider increasing max_num_batched_tokens to accommodate the additional draft token slots, or decrease num_speculative_tokens or max_num_seqs.
(EngineCore_DP3 pid=413869) WARNING 07-28 10:29:46 [platform.py:1043] GPU-specific parameter is not supported on Ascend. parameter=disable_cascade_attn, value=True, action: resetting to False.
(EngineCore_DP3 pid=413869) INFO 07-28 10:29:46 [ascend_config.py:490] finegrained_tp_config enabled: lmhead_tensor_parallel_size=2
(EngineCore_DP3 pid=413869) INFO 07-28 10:29:46 [ascend_config.py:824] Dynamic EPLB is False
(EngineCore_DP3 pid=413869) INFO 07-28 10:29:46 [ascend_config.py:825] The number of redundant experts is 0
(EngineCore_DP3 pid=413869) INFO 07-28 10:29:46 [ascend_config.py:289] AscendConfig.enable_mlapo falls back to environment variable VLLM_ASCEND_ENABLE_MLAPO with value True. Please use additional_config.enable_mlapo instead, because VLLM_ASCEND_ENABLE_MLAPO will be removed in the next release.
(EngineCore_DP3 pid=413869) INFO 07-28 10:29:46 [platform.py:770] Set PYTORCH_NPU_ALLOC_CONF=expandable_segments:True
(EngineCore_DP3 pid=413869) INFO 07-28 10:29:46 [compilation.py:312] Enabled custom fusions: norm_quant, act_quant
rank=3 prompts=1

Rendering prompts:   0%|          | 0/1 [00:00<?, ?it/s](EngineCore_DP5 pid=413839) INFO 07-28 10:29:46 [vllm.py:1090] Asynchronous scheduling is enabled.
(EngineCore_DP5 pid=413839) WARNING 07-28 10:29:46 [vllm.py:1114] Disabling cascade attention (not yet compatible with async speculative decoding).
(EngineCore_DP5 pid=413839) INFO 07-28 10:29:46 [kernel.py:292] Final IR op priority after setting platform defaults: IrOpPriorityConfig(rms_norm=['native'], fused_add_rms_norm=['native'])
(EngineCore_DP5 pid=413839) WARNING 07-28 10:29:46 [vllm.py:1697] max_num_scheduled_tokens is set to 256 based on the speculative decoding settings. This may lead to suboptimal performance. Consider increasing max_num_batched_tokens to accommodate the additional draft token slots, or decrease num_speculative_tokens or max_num_seqs.
(EngineCore_DP5 pid=413839) WARNING 07-28 10:29:46 [platform.py:1043] GPU-specific parameter is not supported on Ascend. parameter=disable_cascade_attn, value=True, action: resetting to False.
(EngineCore_DP5 pid=413839) INFO 07-28 10:29:46 [ascend_config.py:490] finegrained_tp_config enabled: lmhead_tensor_parallel_size=2
(EngineCore_DP5 pid=413839) INFO 07-28 10:29:46 [ascend_config.py:824] Dynamic EPLB is False
(EngineCore_DP5 pid=413839) INFO 07-28 10:29:46 [ascend_config.py:825] The number of redundant experts is 0
(EngineCore_DP5 pid=413839) INFO 07-28 10:29:46 [ascend_config.py:289] AscendConfig.enable_mlapo falls back to environment variable VLLM_ASCEND_ENABLE_MLAPO with value True. Please use additional_config.enable_mlapo instead, because VLLM_ASCEND_ENABLE_MLAPO will be removed in the next release.

Rendering prompts: 100%|██████████| 1/1 [00:00<00:00, 26.30it/s]

Processed prompts:   0%|          | 0/1 [00:00<?, ?it/s, est. speed input: 0.00 toks/s, output: 0.00 toks/s](EngineCore_DP5 pid=413839) INFO 07-28 10:29:46 [platform.py:770] Set PYTORCH_NPU_ALLOC_CONF=expandable_segments:True
(EngineCore_DP5 pid=413839) INFO 07-28 10:29:46 [compilation.py:312] Enabled custom fusions: norm_quant, act_quant
rank=5 prompts=1

Rendering prompts:   0%|          | 0/1 [00:00<?, ?it/s](EngineCore_DP1 pid=413871) INFO 07-28 10:29:46 [vllm.py:1090] Asynchronous scheduling is enabled.
(EngineCore_DP1 pid=413871) WARNING 07-28 10:29:46 [vllm.py:1114] Disabling cascade attention (not yet compatible with async speculative decoding).
(EngineCore_DP1 pid=413871) INFO 07-28 10:29:46 [kernel.py:292] Final IR op priority after setting platform defaults: IrOpPriorityConfig(rms_norm=['native'], fused_add_rms_norm=['native'])
(EngineCore_DP1 pid=413871) WARNING 07-28 10:29:46 [vllm.py:1697] max_num_scheduled_tokens is set to 256 based on the speculative decoding settings. This may lead to suboptimal performance. Consider increasing max_num_batched_tokens to accommodate the additional draft token slots, or decrease num_speculative_tokens or max_num_seqs.
(EngineCore_DP1 pid=413871) WARNING 07-28 10:29:46 [platform.py:1043] GPU-specific parameter is not supported on Ascend. parameter=disable_cascade_attn, value=True, action: resetting to False.
(EngineCore_DP1 pid=413871) INFO 07-28 10:29:46 [ascend_config.py:490] finegrained_tp_config enabled: lmhead_tensor_parallel_size=2
(EngineCore_DP1 pid=413871) INFO 07-28 10:29:46 [ascend_config.py:824] Dynamic EPLB is False
(EngineCore_DP1 pid=413871) INFO 07-28 10:29:46 [ascend_config.py:825] The number of redundant experts is 0
(EngineCore_DP1 pid=413871) INFO 07-28 10:29:46 [ascend_config.py:289] AscendConfig.enable_mlapo falls back to environment variable VLLM_ASCEND_ENABLE_MLAPO with value True. Please use additional_config.enable_mlapo instead, because VLLM_ASCEND_ENABLE_MLAPO will be removed in the next release.

Rendering prompts: 100%|██████████| 1/1 [00:00<00:00, 26.55it/s]

Processed prompts:   0%|          | 0/1 [00:00<?, ?it/s, est. speed input: 0.00 toks/s, output: 0.00 toks/s](EngineCore_DP1 pid=413871) INFO 07-28 10:29:46 [platform.py:770] Set PYTORCH_NPU_ALLOC_CONF=expandable_segments:True
(EngineCore_DP1 pid=413871) INFO 07-28 10:29:46 [compilation.py:312] Enabled custom fusions: norm_quant, act_quant
rank=1 prompts=1

Rendering prompts:   0%|          | 0/1 [00:00<?, ?it/s]
Rendering prompts: 100%|██████████| 1/1 [00:00<00:00, 26.29it/s]

Processed prompts:   0%|          | 0/1 [00:00<?, ?it/s, est. speed input: 0.00 toks/s, output: 0.00 toks/s](EngineCore_DP7 pid=413813) INFO 07-28 10:29:46 [vllm.py:1090] Asynchronous scheduling is enabled.
(EngineCore_DP7 pid=413813) WARNING 07-28 10:29:46 [vllm.py:1114] Disabling cascade attention (not yet compatible with async speculative decoding).
(EngineCore_DP7 pid=413813) INFO 07-28 10:29:46 [kernel.py:292] Final IR op priority after setting platform defaults: IrOpPriorityConfig(rms_norm=['native'], fused_add_rms_norm=['native'])
(EngineCore_DP7 pid=413813) WARNING 07-28 10:29:46 [vllm.py:1697] max_num_scheduled_tokens is set to 256 based on the speculative decoding settings. This may lead to suboptimal performance. Consider increasing max_num_batched_tokens to accommodate the additional draft token slots, or decrease num_speculative_tokens or max_num_seqs.
(EngineCore_DP7 pid=413813) WARNING 07-28 10:29:46 [platform.py:1043] GPU-specific parameter is not supported on Ascend. parameter=disable_cascade_attn, value=True, action: resetting to False.
(EngineCore_DP7 pid=413813) INFO 07-28 10:29:46 [ascend_config.py:490] finegrained_tp_config enabled: lmhead_tensor_parallel_size=2
(EngineCore_DP7 pid=413813) INFO 07-28 10:29:46 [ascend_config.py:824] Dynamic EPLB is False
(EngineCore_DP7 pid=413813) INFO 07-28 10:29:46 [ascend_config.py:825] The number of redundant experts is 0
(EngineCore_DP7 pid=413813) INFO 07-28 10:29:46 [ascend_config.py:289] AscendConfig.enable_mlapo falls back to environment variable VLLM_ASCEND_ENABLE_MLAPO with value True. Please use additional_config.enable_mlapo instead, because VLLM_ASCEND_ENABLE_MLAPO will be removed in the next release.
(EngineCore_DP7 pid=413813) INFO 07-28 10:29:46 [platform.py:770] Set PYTORCH_NPU_ALLOC_CONF=expandable_segments:True
(EngineCore_DP7 pid=413813) INFO 07-28 10:29:46 [compilation.py:312] Enabled custom fusions: norm_quant, act_quant
rank=7 prompts=1

Rendering prompts:   0%|          | 0/1 [00:00<?, ?it/s](EngineCore_DP0 pid=413820) INFO 07-28 10:29:46 [vllm.py:1090] Asynchronous scheduling is enabled.
(EngineCore_DP0 pid=413820) WARNING 07-28 10:29:46 [vllm.py:1114] Disabling cascade attention (not yet compatible with async speculative decoding).
(EngineCore_DP0 pid=413820) INFO 07-28 10:29:46 [kernel.py:292] Final IR op priority after setting platform defaults: IrOpPriorityConfig(rms_norm=['native'], fused_add_rms_norm=['native'])
(EngineCore_DP0 pid=413820) WARNING 07-28 10:29:46 [vllm.py:1697] max_num_scheduled_tokens is set to 256 based on the speculative decoding settings. This may lead to suboptimal performance. Consider increasing max_num_batched_tokens to accommodate the additional draft token slots, or decrease num_speculative_tokens or max_num_seqs.
(EngineCore_DP0 pid=413820) WARNING 07-28 10:29:46 [platform.py:1043] GPU-specific parameter is not supported on Ascend. parameter=disable_cascade_attn, value=True, action: resetting to False.
(EngineCore_DP0 pid=413820) INFO 07-28 10:29:46 [ascend_config.py:490] finegrained_tp_config enabled: lmhead_tensor_parallel_size=2
(EngineCore_DP0 pid=413820) INFO 07-28 10:29:46 [ascend_config.py:824] Dynamic EPLB is False
(EngineCore_DP0 pid=413820) INFO 07-28 10:29:46 [ascend_config.py:825] The number of redundant experts is 0
(EngineCore_DP0 pid=413820) INFO 07-28 10:29:46 [ascend_config.py:289] AscendConfig.enable_mlapo falls back to environment variable VLLM_ASCEND_ENABLE_MLAPO with value True. Please use additional_config.enable_mlapo instead, because VLLM_ASCEND_ENABLE_MLAPO will be removed in the next release.

Rendering prompts: 100%|██████████| 1/1 [00:00<00:00, 24.76it/s]

Processed prompts:   0%|          | 0/1 [00:00<?, ?it/s, est. speed input: 0.00 toks/s, output: 0.00 toks/s](EngineCore_DP0 pid=413820) INFO 07-28 10:29:46 [platform.py:770] Set PYTORCH_NPU_ALLOC_CONF=expandable_segments:True
(EngineCore_DP0 pid=413820) INFO 07-28 10:29:46 [compilation.py:312] Enabled custom fusions: norm_quant, act_quant
rank=0 prompts=1

Rendering prompts:   0%|          | 0/1 [00:00<?, ?it/s]
Rendering prompts: 100%|██████████| 1/1 [00:00<00:00, 24.34it/s]

Processed prompts:   0%|          | 0/1 [00:00<?, ?it/s, est. speed input: 0.00 toks/s, output: 0.00 toks/s](EngineCore_DP6 pid=413841) INFO 07-28 10:29:47 [vllm.py:1090] Asynchronous scheduling is enabled.
(EngineCore_DP6 pid=413841) WARNING 07-28 10:29:47 [vllm.py:1114] Disabling cascade attention (not yet compatible with async speculative decoding).
(EngineCore_DP6 pid=413841) INFO 07-28 10:29:47 [kernel.py:292] Final IR op priority after setting platform defaults: IrOpPriorityConfig(rms_norm=['native'], fused_add_rms_norm=['native'])
(EngineCore_DP6 pid=413841) WARNING 07-28 10:29:47 [vllm.py:1697] max_num_scheduled_tokens is set to 256 based on the speculative decoding settings. This may lead to suboptimal performance. Consider increasing max_num_batched_tokens to accommodate the additional draft token slots, or decrease num_speculative_tokens or max_num_seqs.
(EngineCore_DP6 pid=413841) WARNING 07-28 10:29:47 [platform.py:1043] GPU-specific parameter is not supported on Ascend. parameter=disable_cascade_attn, value=True, action: resetting to False.
(EngineCore_DP6 pid=413841) INFO 07-28 10:29:47 [ascend_config.py:490] finegrained_tp_config enabled: lmhead_tensor_parallel_size=2
(EngineCore_DP6 pid=413841) INFO 07-28 10:29:47 [ascend_config.py:824] Dynamic EPLB is False
(EngineCore_DP6 pid=413841) INFO 07-28 10:29:47 [ascend_config.py:825] The number of redundant experts is 0
(EngineCore_DP6 pid=413841) INFO 07-28 10:29:47 [ascend_config.py:289] AscendConfig.enable_mlapo falls back to environment variable VLLM_ASCEND_ENABLE_MLAPO with value True. Please use additional_config.enable_mlapo instead, because VLLM_ASCEND_ENABLE_MLAPO will be removed in the next release.
(EngineCore_DP6 pid=413841) INFO 07-28 10:29:47 [platform.py:770] Set PYTORCH_NPU_ALLOC_CONF=expandable_segments:True
(EngineCore_DP6 pid=413841) INFO 07-28 10:29:47 [compilation.py:312] Enabled custom fusions: norm_quant, act_quant
rank=6 prompts=1

Rendering prompts:   0%|          | 0/1 [00:00<?, ?it/s]
Rendering prompts: 100%|██████████| 1/1 [00:00<00:00, 28.16it/s]

Processed prompts:   0%|          | 0/1 [00:00<?, ?it/s, est. speed input: 0.00 toks/s, output: 0.00 toks/s](Worker_DP0_TP0_EP0 pid=414295) INFO 07-28 10:29:48 [acl_graph.py:268] Replaying aclgraph
(Worker_DP5_TP0_EP10 pid=414292) INFO 07-28 10:29:48 [acl_graph.py:268] Replaying aclgraph
(Worker_DP3_TP0_EP6 pid=414293) INFO 07-28 10:29:48 [acl_graph.py:268] Replaying aclgraph
(Worker_DP7_TP0_EP14 pid=414290) INFO 07-28 10:29:48 [acl_graph.py:268] Replaying aclgraph
(Worker_DP4_TP0_EP8 pid=414288) INFO 07-28 10:29:48 [acl_graph.py:268] Replaying aclgraph
(Worker_DP2_TP0_EP4 pid=414289) INFO 07-28 10:29:48 [acl_graph.py:268] Replaying aclgraph
(Worker_DP1_TP0_EP2 pid=414294) INFO 07-28 10:29:48 [acl_graph.py:268] Replaying aclgraph
(Worker_DP6_TP0_EP12 pid=414291) INFO 07-28 10:29:48 [acl_graph.py:268] Replaying aclgraph

Processed prompts: 100%|██████████| 1/1 [00:02<00:00,  2.59s/it, est. speed input: 0.77 toks/s, output: 6.18 toks/s]
Processed prompts: 100%|██████████| 1/1 [00:03<00:00,  3.27s/it, est. speed input: 0.61 toks/s, output: 4.90 toks/s]
Processed prompts: 100%|██████████| 1/1 [00:03<00:00,  3.67s/it, est. speed input: 0.54 toks/s, output: 4.36 toks/s]
Processed prompts: 100%|██████████| 1/1 [00:02<00:00,  2.59s/it, est. speed input: 0.77 toks/s, output: 6.18 toks/s]
Processed prompts: 100%|██████████| 1/1 [00:03<00:00,  3.27s/it, est. speed input: 0.61 toks/s, output: 4.90 toks/s]
Processed prompts: 100%|██████████| 1/1 [00:02<00:00,  2.48s/it, est. speed input: 0.81 toks/s, output: 6.44 toks/s]
Processed prompts: 100%|██████████| 1/1 [00:03<00:00,  3.76s/it, est. speed input: 0.53 toks/s, output: 4.25 toks/s]
Processed prompts: 100%|██████████| 1/1 [00:03<00:00,  3.67s/it, est. speed input: 0.54 toks/s, output: 4.36 toks/s]
Processed prompts: 100%|██████████| 1/1 [00:02<00:00,  2.29s/it, est. speed input: 0.87 toks/s, output: 6.98 toks/s]
Processed prompts: 100%|██████████| 1/1 [00:02<00:00,  2.48s/it, est. speed input: 0.81 toks/s, output: 6.44 toks/s]
Processed prompts: 100%|██████████| 1/1 [00:03<00:00,  3.76s/it, est. speed input: 0.53 toks/s, output: 4.25 toks/s]
Processed prompts: 100%|██████████| 1/1 [00:03<00:00,  3.15s/it, est. speed input: 0.64 toks/s, output: 5.08 toks/s]
Processed prompts: 100%|██████████| 1/1 [00:02<00:00,  2.29s/it, est. speed input: 0.87 toks/s, output: 6.98 toks/s]
Processed prompts: 100%|██████████| 1/1 [00:03<00:00,  3.37s/it, est. speed input: 0.59 toks/s, output: 4.74 toks/s]
Processed prompts: 100%|██████████| 1/1 [00:03<00:00,  3.15s/it, est. speed input: 0.64 toks/s, output: 5.08 toks/s]
Processed prompts: 100%|██████████| 1/1 [00:03<00:00,  3.37s/it, est. speed input: 0.59 toks/s, output: 4.74 toks/s]
Processed prompts: 100%|██████████| 1/1 [00:04<00:00,  4.41s/it, est. speed input: 0.87 toks/s, output: 6.98 toks/s]
Processed prompts: 100%|██████████| 1/1 [00:04<00:00,  4.60s/it, est. speed input: 0.81 toks/s, output: 6.44 toks/s]


Processed prompts: 100%|██████████| 1/1 [00:05<00:00,  5.79s/it, est. speed input: 0.54 toks/s, output: 4.36 toks/s]

Processed prompts: 100%|██████████| 1/1 [00:05<00:00,  5.27s/it, est. speed input: 0.64 toks/s, output: 5.08 toks/s]

Processed prompts: 100%|██████████| 1/1 [00:05<00:00,  5.39s/it, est. speed input: 0.61 toks/s, output: 4.90 toks/s]
Processed prompts: 100%|██████████| 1/1 [00:04<00:00,  4.71s/it, est. speed input: 0.77 toks/s, output: 6.18 toks/s]


Processed prompts: 100%|██████████| 1/1 [00:05<00:00,  5.50s/it, est. speed input: 0.59 toks/s, output: 4.74 toks/s]

Processed prompts: 100%|██████████| 1/1 [00:05<00:00,  5.88s/it, est. speed input: 0.53 toks/s, output: 4.25 toks/s]
--------------------
DP rank 4, Prompt 0: '美国总统是'
Generated text: '\n\nA. 华盛顿 B. 林肯 C. 罗斯福 D. '
--------------------
DP rank 5, Prompt 0: '美国总统是'
Generated text: '\n\nA. 华盛顿 B. 林肯 C. 罗斯福 D. '
--------------------
DP rank 2, Prompt 0: '美国总统是'
Generated text: '\n\nA. 华盛顿 B. 林肯 C. 罗斯福 D. '
--------------------
DP rank 7, Prompt 0: '美国总统是'
Generated text: '\n\nA. 华盛顿 B. 林肯 C. 罗斯福 D. '
--------------------
DP rank 0, Prompt 0: '美国总统是'
Generated text: '\n\nA. 华盛顿 B. 林肯 C. 罗斯福 D. '
--------------------
DP rank 1, Prompt 0: '美国总统是'
Generated text: '\n\nA. 华盛顿 B. 林肯 C. 罗斯福 D. '
--------------------
DP rank 3, Prompt 0: '美国总统是'
Generated text: '\n\nA. 华盛顿 B. 林肯 C. 罗斯福 D. '
--------------------
DP rank 6, Prompt 0: '美国总统是'
Generated text: '\n\nA. 华盛顿 B. 林肯 C. 罗斯福 D. '
output_tokens=16
drafts=6
draft_tokens=12
accepted_tokens=10
acceptance_length=2.67
acceptance_token_0=1.00
acceptance_token_1=0.67
(EngineCore_DP4 pid=413840) INFO 07-28 10:29:55 [core.py:1214] [shutdown] EngineCore: trigger received signal=SIGTERM
(EngineCore_DP4 pid=413840) INFO 07-28 10:29:55 [core.py:1333] [shutdown] EngineCore: start mode=abort timeout=0s
(EngineCore_DP4 pid=413840) INFO 07-28 10:29:55 [core.py:1364] [shutdown] EngineCore: request processing complete; starting resource teardown
(EngineCore_DP4 pid=413840) INFO 07-28 10:29:55 [core.py:1227] [shutdown] EngineCore: exiting busy loop
(EngineCore_DP4 pid=413840) INFO 07-28 10:29:55 [multiproc_executor.py:429] [shutdown] Executor: waiting for worker exit count=2
(Worker_DP4_TP0_EP8 pid=414288) INFO 07-28 10:29:55 [multiproc_executor.py:793] Parent process exited, terminating worker queues
output_tokens=16
drafts=6
draft_tokens=12
accepted_tokens=11
acceptance_length=2.83
acceptance_token_0=1.00
acceptance_token_1=0.83
output_tokens=16
drafts=6
draft_tokens=12
accepted_tokens=11
acceptance_length=2.83
acceptance_token_0=1.00
acceptance_token_1=0.83
(EngineCore_DP5 pid=413839) INFO 07-28 10:29:55 [core.py:1214] [shutdown] EngineCore: trigger received signal=SIGTERM
(EngineCore_DP2 pid=413870) INFO 07-28 10:29:55 [core.py:1214] [shutdown] EngineCore: trigger received signal=SIGTERM
(EngineCore_DP5 pid=413839) INFO 07-28 10:29:55 [core.py:1333] [shutdown] EngineCore: start mode=abort timeout=0s
(EngineCore_DP5 pid=413839) INFO 07-28 10:29:55 [core.py:1364] [shutdown] EngineCore: request processing complete; starting resource teardown
(EngineCore_DP5 pid=413839) INFO 07-28 10:29:55 [core.py:1227] [shutdown] EngineCore: exiting busy loop
(EngineCore_DP2 pid=413870) INFO 07-28 10:29:55 [core.py:1333] [shutdown] EngineCore: start mode=abort timeout=0s
(EngineCore_DP2 pid=413870) INFO 07-28 10:29:55 [core.py:1364] [shutdown] EngineCore: request processing complete; starting resource teardown
(EngineCore_DP5 pid=413839) INFO 07-28 10:29:55 [multiproc_executor.py:429] [shutdown] Executor: waiting for worker exit count=2
(EngineCore_DP2 pid=413870) INFO 07-28 10:29:55 [core.py:1227] [shutdown] EngineCore: exiting busy loop
(EngineCore_DP2 pid=413870) INFO 07-28 10:29:55 [multiproc_executor.py:429] [shutdown] Executor: waiting for worker exit count=2
(Worker_DP2_TP0_EP4 pid=414289) INFO 07-28 10:29:55 [multiproc_executor.py:793] Parent process exited, terminating worker queues
output_tokens=16
drafts=6
draft_tokens=12
accepted_tokens=10
acceptance_length=2.67
acceptance_token_0=1.00
acceptance_token_1=0.67
(Worker_DP5_TP0_EP10 pid=414292) INFO 07-28 10:29:55 [multiproc_executor.py:793] Parent process exited, terminating worker queues
(EngineCore_DP7 pid=413813) INFO 07-28 10:29:55 [core.py:1214] [shutdown] EngineCore: trigger received signal=SIGTERM
(EngineCore_DP7 pid=413813) INFO 07-28 10:29:55 [core.py:1333] [shutdown] EngineCore: start mode=abort timeout=0s
(EngineCore_DP7 pid=413813) INFO 07-28 10:29:55 [core.py:1364] [shutdown] EngineCore: request processing complete; starting resource teardown
(EngineCore_DP7 pid=413813) INFO 07-28 10:29:55 [core.py:1227] [shutdown] EngineCore: exiting busy loop
(EngineCore_DP7 pid=413813) INFO 07-28 10:29:55 [multiproc_executor.py:429] [shutdown] Executor: waiting for worker exit count=2
(Worker_DP7_TP0_EP14 pid=414290) INFO 07-28 10:29:55 [multiproc_executor.py:793] Parent process exited, terminating worker queues
output_tokens=16
drafts=6
draft_tokens=12
accepted_tokens=10
acceptance_length=2.67
acceptance_token_0=1.00
acceptance_token_1=0.67
(EngineCore_DP0 pid=413820) INFO 07-28 10:29:55 [core.py:1214] [shutdown] EngineCore: trigger received signal=SIGTERM
output_tokens=16
drafts=6
draft_tokens=12
accepted_tokens=11
acceptance_length=2.83
acceptance_token_0=1.00
acceptance_token_1=0.83
output_tokens=16
drafts=6
draft_tokens=12
accepted_tokens=11
acceptance_length=2.83
acceptance_token_0=1.00
acceptance_token_1=0.83
output_tokens=16
drafts=6
draft_tokens=12
accepted_tokens=11
acceptance_length=2.83
acceptance_token_0=1.00
acceptance_token_1=0.83
(EngineCore_DP0 pid=413820) INFO 07-28 10:29:55 [core.py:1333] [shutdown] EngineCore: start mode=abort timeout=0s
(EngineCore_DP3 pid=413869) INFO 07-28 10:29:55 [core.py:1214] [shutdown] EngineCore: trigger received signal=SIGTERM
(EngineCore_DP0 pid=413820) INFO 07-28 10:29:55 [core.py:1364] [shutdown] EngineCore: request processing complete; starting resource teardown
(EngineCore_DP1 pid=413871) INFO 07-28 10:29:55 [core.py:1214] [shutdown] EngineCore: trigger received signal=SIGTERM
(EngineCore_DP6 pid=413841) INFO 07-28 10:29:55 [core.py:1214] [shutdown] EngineCore: trigger received signal=SIGTERM
(EngineCore_DP0 pid=413820) INFO 07-28 10:29:55 [core.py:1227] [shutdown] EngineCore: exiting busy loop
(EngineCore_DP3 pid=413869) INFO 07-28 10:29:55 [core.py:1333] [shutdown] EngineCore: start mode=abort timeout=0s
(EngineCore_DP6 pid=413841) INFO 07-28 10:29:55 [core.py:1333] [shutdown] EngineCore: start mode=abort timeout=0s
(EngineCore_DP0 pid=413820) INFO 07-28 10:29:55 [multiproc_executor.py:429] [shutdown] Executor: waiting for worker exit count=2
(EngineCore_DP3 pid=413869) INFO 07-28 10:29:55 [core.py:1364] [shutdown] EngineCore: request processing complete; starting resource teardown
(EngineCore_DP1 pid=413871) INFO 07-28 10:29:55 [core.py:1333] [shutdown] EngineCore: start mode=abort timeout=0s
(EngineCore_DP6 pid=413841) INFO 07-28 10:29:55 [core.py:1364] [shutdown] EngineCore: request processing complete; starting resource teardown
(Worker_DP0_TP0_EP0 pid=414295) INFO 07-28 10:29:55 [multiproc_executor.py:793] Parent process exited, terminating worker queues
(EngineCore_DP3 pid=413869) INFO 07-28 10:29:55 [core.py:1227] [shutdown] EngineCore: exiting busy loop
(EngineCore_DP1 pid=413871) INFO 07-28 10:29:55 [core.py:1364] [shutdown] EngineCore: request processing complete; starting resource teardown
(EngineCore_DP6 pid=413841) INFO 07-28 10:29:55 [core.py:1227] [shutdown] EngineCore: exiting busy loop
(EngineCore_DP1 pid=413871) INFO 07-28 10:29:55 [core.py:1227] [shutdown] EngineCore: exiting busy loop
(EngineCore_DP6 pid=413841) INFO 07-28 10:29:55 [multiproc_executor.py:429] [shutdown] Executor: waiting for worker exit count=2
(EngineCore_DP3 pid=413869) INFO 07-28 10:29:55 [multiproc_executor.py:429] [shutdown] Executor: waiting for worker exit count=2
(Worker_DP3_TP0_EP6 pid=414293) INFO 07-28 10:29:55 [multiproc_executor.py:793] Parent process exited, terminating worker queues
(EngineCore_DP1 pid=413871) INFO 07-28 10:29:55 [multiproc_executor.py:429] [shutdown] Executor: waiting for worker exit count=2
(Worker_DP6_TP0_EP12 pid=414291) INFO 07-28 10:29:55 [multiproc_executor.py:793] Parent process exited, terminating worker queues
(Worker_DP1_TP0_EP2 pid=414294) INFO 07-28 10:29:55 [multiproc_executor.py:793] Parent process exited, terminating worker queues
WARNING 07-28 10:30:00 [utils.py:626] [shutdown] Process manager: force killing remaining processes count=1
(EngineCore_DP4 pid=413840) WARNING 07-28 10:30:00 [multiproc_executor.py:441] [shutdown] Executor: workers still running after grace period; sending SIGTERM count=2
WARNING 07-28 10:30:00 [utils.py:626] [shutdown] Process manager: force killing remaining processes count=1
WARNING 07-28 10:30:00 [utils.py:626] [shutdown] Process manager: force killing remaining processes count=1
WARNING 07-28 10:30:00 [utils.py:626] [shutdown] Process manager: force killing remaining processes count=1
(EngineCore_DP2 pid=413870) WARNING 07-28 10:30:00 [multiproc_executor.py:441] [shutdown] Executor: workers still running after grace period; sending SIGTERM count=2
(EngineCore_DP5 pid=413839) WARNING 07-28 10:30:00 [multiproc_executor.py:441] [shutdown] Executor: workers still running after grace period; sending SIGTERM count=2
(EngineCore_DP7 pid=413813) WARNING 07-28 10:30:00 [multiproc_executor.py:441] [shutdown] Executor: workers still running after grace period; sending SIGTERM count=2
WARNING 07-28 10:30:00 [utils.py:626] [shutdown] Process manager: force killing remaining processes count=1
WARNING 07-28 10:30:00 [utils.py:626] [shutdown] Process manager: force killing remaining processes count=1
WARNING 07-28 10:30:00 [utils.py:626] [shutdown] Process manager: force killing remaining processes count=1
WARNING 07-28 10:30:00 [utils.py:626] [shutdown] Process manager: force killing remaining processes count=1
(EngineCore_DP6 pid=413841) WARNING 07-28 10:30:00 [multiproc_executor.py:441] [shutdown] Executor: workers still running after grace period; sending SIGTERM count=2
(EngineCore_DP3 pid=413869) WARNING 07-28 10:30:00 [multiproc_executor.py:441] [shutdown] Executor: workers still running after grace period; sending SIGTERM count=2
(EngineCore_DP0 pid=413820) WARNING 07-28 10:30:00 [multiproc_executor.py:441] [shutdown] Executor: workers still running after grace period; sending SIGTERM count=2
(EngineCore_DP1 pid=413871) WARNING 07-28 10:30:00 [multiproc_executor.py:441] [shutdown] Executor: workers still running after grace period; sending SIGTERM count=2
/usr/local/lib/python3.11/multiprocessing/resource_tracker.py:254: UserWarning: resource_tracker: There appear to be 1 leaked shared_memory objects to clean up at shutdown
  warnings.warn('resource_tracker: There appear to be %d '
/usr/local/lib/python3.11/multiprocessing/resource_tracker.py:254: UserWarning: resource_tracker: There appear to be 1 leaked shared_memory objects to clean up at shutdown
  warnings.warn('resource_tracker: There appear to be %d '
/usr/local/lib/python3.11/multiprocessing/resource_tracker.py:254: UserWarning: resource_tracker: There appear to be 1 leaked shared_memory objects to clean up at shutdown
  warnings.warn('resource_tracker: There appear to be %d '
/usr/local/lib/python3.11/multiprocessing/resource_tracker.py:254: UserWarning: resource_tracker: There appear to be 1 leaked shared_memory objects to clean up at shutdown
  warnings.warn('resource_tracker: There appear to be %d '
/usr/local/lib/python3.11/multiprocessing/resource_tracker.py:254: UserWarning: resource_tracker: There appear to be 1 leaked shared_memory objects to clean up at shutdown
  warnings.warn('resource_tracker: There appear to be %d '
/usr/local/lib/python3.11/multiprocessing/resource_tracker.py:254: UserWarning: resource_tracker: There appear to be 1 leaked shared_memory objects to clean up at shutdown
  warnings.warn('resource_tracker: There appear to be %d '
/usr/local/lib/python3.11/multiprocessing/resource_tracker.py:254: UserWarning: resource_tracker: There appear to be 1 leaked shared_memory objects to clean up at shutdown
  warnings.warn('resource_tracker: There appear to be %d '
/usr/local/lib/python3.11/multiprocessing/resource_tracker.py:254: UserWarning: resource_tracker: There appear to be 1 leaked shared_memory objects to clean up at shutdown
  warnings.warn('resource_tracker: There appear to be %d '
